0,-7.812 
0,-28.516 
0,-39.932 
0,-23.771 
0,-41.625 
0,99.062 
1,-7.812 
1,-10.417 
1,-35.432 
1,-44.474 
1,-32.625 
1,107.312 
2,-7.812 
2,-31.250 
2,-37.516 
2,-34.724 
2,-32.625 
2,108.062 
3,-6.641 
3,-18.766 
3,-7.292 
3,-19.271 
3,-35.042 
3,107.312 
4,-6.641 
4,-9.766 
4,-33.016 
4,-48.062 
4,-40.583 
4,88.271 
5,-6.641 
5,-18.766 
5,-12.182 
5,-23.641 
5,-11.792 
5,126.062 
6,-7.812 
6,-14.917 
6,-12.312 
6,-4.500 
6,-24.641 
6,119.146 
7,-7.812 
7,-9.766 
7,-7.682 
7,-21.224 
7,-36.375 
7,105.979 
8,-6.641 
8,-28.516 
8,-35.432 
8,-28.141 
8,-36.474 
8,107.312 
9,-7.812 
9,-14.917 
9,-28.646 
9,-39.224 
9,-31.583 
9,88.271 
10,-7.812 
10,-10.417 
10,-25.682 
10,-19.271 
10,-16.292 
10,108.062 
11,-6.641 
11,-9.766 
11,-11.792 
11,-30.354 
11,-41.625 
11,107.312 
12,-7.812 
12,-14.917 
12,-35.432 
12,-53.474 
12,-40.974 
12,80.312 
13,-7.812 
13,-9.766 
13,-26.432 
13,-48.974 
13,-46.125 
13,107.312 
14,-7.812 
14,-9.766 
14,-21.182 
14,-23.771 
14,-20.792 
14,119.146 
15,-6.641 
15,-9.766 
15,-21.182 
15,-23.641 
15,-20.141 
15,119.146 
16,-6.641 
16,-8.854 
16,-30.542 
16,-32.771 
16,-20.792 
16,99.062 
17,-7.812 
17,-10.417 
17,-16.812 
17,-19.141 
17,-31.974 
17,108.062 
18,-6.641 
18,-18.766 
18,-26.432 
18,-38.021 
18,-35.042 
18,107.312 
19,-6.641 
19,-18.766 
19,-16.682 
19,-28.141 
19,-40.974 
19,99.062 
20,-7.812 
20,-28.516 
20,-35.042 
20,-28.271 
20,-20.792 
20,108.062 
21,-6.641 
21,-8.854 
21,-16.292 
21,-28.271 
21,-20.792 
21,99.062 
22,-7.812 
22,-14.917 
22,-26.432 
22,-32.641 
22,-30.542 
22,119.146 
23,-7.812 
23,-10.417 
23,-16.812 
23,-25.333 
23,-31.974 
23,80.312 
24,-7.812 
24,-14.917 
24,-30.932 
24,-23.641 
24,-35.042 
24,119.146 
25,-6.641 
25,-9.766 
25,-28.516 
25,-21.224 
25,-40.974 
25,108.062 
26,-7.812 
26,-28.516 
26,-26.432 
26,-47.021 
26,-39.542 
26,107.312 
27,-7.812 
27,-18.766 
27,-12.182 
27,-23.771 
27,-37.125 
27,107.312 
28,-7.812 
28,-10.417 
28,-35.432 
28,-19.271 
28,-37.125 
28,126.062 
29,-7.812 
29,-18.766 
29,-12.182 
29,-13.891 
29,-11.141 
29,128.146 
30,-7.812 
30,-10.417 
30,-25.682 
30,-25.724 
30,-22.224 
30,109.104 
31,-6.641 
31,-8.854 
31,-16.292 
31,-28.271 
31,-39.542 
31,80.312 
32,-6.641 
32,-28.516 
32,-26.432 
32,-19.141 
32,-24.641 
32,101.146 
33,-7.812 
33,-14.917 
33,-33.146 
33,-39.224 
33,-31.974 
33,107.312 
34,-7.812 
34,-28.516 
34,-35.432 
34,-23.641 
34,-25.292 
34,99.062 
35,-7.812 
35,-9.766 
35,-7.682 
35,-18.521 
35,-18.375 
35,105.979 
36,-7.812 
36,-14.266 
36,-7.292 
36,-30.354 
36,-22.875 
36,126.062 
37,-7.812 
37,-14.917 
37,-30.932 
37,-39.974 
37,-31.974 
37,107.312 
38,-7.812 
38,-18.766 
38,-7.292 
38,-9.521 
38,-20.792 
38,99.062 
39,-7.812 
39,-9.766 
39,-7.682 
39,-21.224 
39,-43.057 
39,105.979 
40,-7.812 
40,-31.250 
40,-33.146 
40,-25.724 
40,-37.125 
40,126.062 
41,-7.812 
41,-9.766 
41,-21.182 
41,-5.021 
41,-11.792 
41,126.062 
42,-7.812 
42,-14.917 
42,-16.682 
42,-5.021 
42,-18.375 
42,126.062 
43,-7.812 
43,-10.417 
43,-28.646 
43,-39.974 
43,-45.474 
43,99.062 
44,-6.641 
44,-28.516 
44,-35.432 
44,-28.141 
44,-20.141 
44,119.146 
45,-7.812 
45,-14.917 
45,-12.312 
45,-25.333 
45,-27.474 
45,108.062 
46,-7.812 
46,-10.417 
46,-26.432 
46,-19.141 
46,-34.292 
46,108.062 
47,-7.812 
47,-14.266 
47,-7.292 
47,-32.771 
47,-37.125 
47,107.312 
48,-6.641 
48,-18.766 
48,-30.932 
48,-42.521 
48,-39.542 
48,101.146 
49,-7.812 
49,-10.417 
49,-28.646 
49,-50.667 
49,-56.557 
49,105.979 
50,-7.812 
50,-10.417 
50,-7.682 
50,-21.224 
50,-54.083 
50,88.271 
51,-7.812 
51,-31.250 
51,-33.146 
51,-25.724 
51,-27.375 
51,105.979 
52,-7.812 
52,-10.417 
52,-16.812 
52,-25.333 
52,-31.974 
52,99.062 
53,-7.812 
53,-31.250 
53,-37.516 
53,-34.724 
53,-32.625 
53,108.062 
54,-7.812 
54,-14.917 
54,-12.312 
54,-28.141 
54,-30.542 
54,107.312 
55,-6.641 
55,-18.766 
55,-16.682 
55,-25.724 
55,-31.583 
55,88.271 
56,-7.812 
56,-18.766 
56,-12.182 
56,-23.641 
56,-36.474 
56,107.312 
57,-6.641 
57,-14.266 
57,-25.000 
57,-31.729 
57,-40.583 
57,88.271 
58,-6.641 
58,-9.766 
58,-34.000 
58,-43.562 
58,-40.583 
58,88.271 
59,-6.641 
59,-9.766 
59,-11.792 
59,-14.021 
59,-11.792 
59,126.062 
60,-7.812 
60,-14.917 
60,-12.312 
60,-20.833 
60,-13.224 
60,126.062 
61,-7.812 
61,-14.917 
61,-35.432 
61,-32.641 
61,-30.542 
61,80.312 
62,-6.641 
62,-9.766 
62,-16.682 
62,-25.724 
62,-45.083 
62,100.104 
63,-6.641 
63,-18.766 
63,-16.682 
63,-9.391 
63,-7.292 
63,108.062 
64,-6.641 
64,-9.766 
64,-7.682 
64,-19.141 
64,-44.042 
64,119.146 
65,-6.641 
65,-28.516 
65,-35.432 
65,-23.641 
65,-35.042 
65,107.312 
66,-6.641 
66,-18.766 
66,-7.292 
66,-9.521 
66,-18.375 
66,108.062 
67,-7.812 
67,-10.417 
67,-26.432 
67,-48.974 
67,-46.125 
67,107.312 
68,-7.812 
68,-10.417 
68,-16.812 
68,-19.141 
68,-35.042 
68,107.312 
69,-7.812 
69,-10.417 
69,-16.812 
69,-25.333 
69,-27.474 
69,107.312 
70,-6.641 
70,-8.854 
70,-11.792 
70,-14.021 
70,-22.875 
70,99.062 
71,-6.641 
71,-28.516 
71,-35.432 
71,-44.474 
71,-40.974 
71,107.312 
72,-6.641 
72,-14.266 
72,-30.932 
72,-39.974 
72,-46.125 
72,107.312 
73,-7.812 
73,-31.250 
73,-33.146 
73,-25.333 
73,-35.724 
73,109.104 
74,-6.641 
74,-8.854 
74,-16.292 
74,-28.271 
74,-20.792 
74,108.062 
75,-7.812 
75,-10.417 
75,-35.432 
75,-38.021 
75,-35.042 
75,107.312 
76,-7.812 
76,-9.766 
76,-37.516 
76,-34.724 
76,-31.974 
76,126.062 
77,-7.812 
77,-10.417 
77,-7.682 
77,-18.521 
77,-7.292 
77,126.062 
78,-7.812 
78,-14.917 
78,-16.682 
78,-23.771 
78,-37.125 
78,107.312 
79,-7.812 
79,-14.917 
79,-12.182 
79,-19.271 
79,-20.792 
79,117.062 
80,-6.641 
80,-26.562 
80,-29.500 
80,-48.062 
80,-40.583 
80,88.271 
81,-7.812 
81,-10.417 
81,-26.432 
81,-47.021 
81,-35.042 
81,107.312 
82,-7.812 
82,-9.766 
82,-26.432 
82,-39.974 
82,-55.125 
82,99.062 
83,-7.812 
83,-28.516 
83,-35.432 
83,-19.271 
83,-37.125 
83,117.062 
84,-7.812 
84,-14.917 
84,-12.312 
84,-28.141 
84,-36.474 
84,107.312 
85,-6.641 
85,-18.766 
85,-12.182 
85,-19.271 
85,-41.625 
85,108.062 
86,-6.641 
86,-14.266 
86,-12.182 
86,-4.891 
86,-24.250 
86,109.104 
87,-7.812 
87,-9.766 
87,-16.682 
87,-4.891 
87,-25.292 
87,101.146 
88,-7.812 
88,-9.766 
88,-28.516 
88,-39.354 
88,-28.125 
88,107.312 
89,-7.812 
89,-14.917 
89,-35.432 
89,-42.521 
89,-39.542 
89,101.146 
90,-7.812 
90,-14.917 
90,-26.432 
90,-44.474 
90,-46.125 
90,108.062 
91,-7.812 
91,-9.766 
91,-7.682 
91,-30.224 
91,-34.057 
91,105.979 
92,-6.641 
92,-14.266 
92,-12.182 
92,-25.724 
92,-13.224 
92,99.062 
93,-7.812 
93,-14.917 
93,-28.646 
93,-25.333 
93,-31.974 
93,107.312 
94,-7.812 
94,-31.250 
94,-37.646 
94,-39.974 
94,-46.125 
94,107.312 
95,-7.812 
95,-28.516 
95,-35.432 
95,-28.141 
95,-26.042 
95,107.312 
96,-7.812 
96,-14.917 
96,-12.312 
96,-37.141 
96,-40.974 
96,80.312 
97,-7.812 
97,-14.917 
97,-16.682 
97,-5.021 
97,-18.375 
97,126.062 
98,-7.812 
98,-9.766 
98,-7.682 
98,-13.891 
98,-16.292 
98,126.062 
99,-6.641 
99,-9.766 
99,-7.682 
99,-21.224 
99,-43.057 
99,88.271 
100,-6.641 
100,-14.266 
100,-30.932 
100,-23.641 
100,-25.292 
100,108.062 
101,-6.641 
101,-28.516 
101,-26.432 
101,-32.641 
101,-25.292 
101,99.062 
102,-7.812 
102,-14.917 
102,-30.932 
102,-39.974 
102,-46.125 
102,107.312 
103,-7.812 
103,-14.266 
103,-12.182 
103,-25.724 
103,-27.375 
103,105.979 
104,-7.812 
104,-14.917 
104,-16.682 
104,-23.641 
104,-26.042 
104,107.312 
105,-6.641 
105,-9.766 
105,-21.182 
105,-19.271 
105,-30.542 
105,128.146 
106,-6.641 
106,-18.766 
106,-25.000 
106,-43.562 
106,-40.583 
106,109.104 
107,-7.812 
107,-18.766 
107,-16.682 
107,-30.224 
107,-27.083 
107,100.104 
108,-6.641 
108,-9.766 
108,-26.432 
108,-32.641 
108,-35.042 
108,107.312 
109,-7.812 
109,-10.417 
109,-33.146 
109,-46.167 
109,-34.057 
109,88.271 
110,-7.812 
110,-10.417 
110,-7.682 
110,-21.224 
110,-40.974 
110,107.312 
111,-7.812 
111,-14.266 
111,-30.932 
111,-23.641 
111,-31.974 
111,80.312 
112,-7.812 
112,-9.766 
112,-7.682 
112,-0.391 
112,-22.224 
112,109.104 
113,-7.812 
113,-28.516 
113,-30.932 
113,-23.641 
113,-35.042 
113,107.312 
114,-7.812 
114,-10.417 
114,-28.646 
114,-48.224 
114,-28.125 
114,80.312 
115,-7.812 
115,-31.250 
115,-37.646 
115,-25.724 
115,-46.125 
115,80.312 
116,-7.812 
116,-31.250 
116,-33.146 
116,-39.224 
116,-43.057 
116,88.271 
117,-7.812 
117,-31.250 
117,-33.016 
117,-25.724 
117,-37.125 
117,126.062 
118,-7.812 
118,-10.417 
118,-7.812 
118,-19.141 
118,-44.042 
118,119.146 
119,-7.812 
119,-18.766 
119,-12.182 
119,-30.224 
119,-31.583 
119,109.104 
120,-6.641 
120,-26.562 
120,-34.000 
120,-27.229 
120,-15.250 
120,109.104 
121,-7.812 
121,-10.417 
121,-33.146 
121,-44.474 
121,-31.974 
121,108.062 
122,-6.641 
122,-9.766 
122,-21.182 
122,-30.224 
122,-32.625 
122,108.062 
123,-7.812 
123,-28.516 
123,-35.432 
123,-28.141 
123,-26.042 
123,107.312 
124,-7.812 
124,-14.917 
124,-35.432 
124,-32.641 
124,-30.542 
124,80.312 
125,-7.812 
125,-9.766 
125,-7.682 
125,-21.224 
125,-54.083 
125,100.104 
126,-6.641 
126,-28.516 
126,-35.432 
126,-19.271 
126,-16.292 
126,126.062 
127,-6.641 
127,-8.854 
127,-16.292 
127,-9.521 
127,-16.292 
127,108.062 
128,-6.641 
128,-18.766 
128,-7.292 
128,-28.271 
128,-16.292 
128,108.062 
129,-7.812 
129,-10.417 
129,-7.682 
129,-36.229 
129,-36.083 
129,88.271 
130,-6.641 
130,-14.266 
130,-30.932 
130,-23.641 
130,-11.141 
130,101.146 
131,-7.812 
131,-28.516 
131,-26.432 
131,-32.641 
131,-31.974 
131,80.312 
132,-7.812 
132,-9.766 
132,-30.932 
132,-44.474 
132,-46.125 
132,107.312 
133,-7.812 
133,-10.417 
133,-7.812 
133,-29.833 
133,-35.724 
133,108.062 
134,-6.641 
134,-9.766 
134,-28.516 
134,-57.062 
134,-36.083 
134,88.271 
135,-6.641 
135,-9.766 
135,-30.932 
135,-23.641 
135,-35.042 
135,128.146 
136,-7.812 
136,-9.766 
136,-16.292 
136,-28.271 
136,-41.625 
136,80.312 
137,-7.812 
137,-10.417 
137,-25.682 
137,-25.724 
137,-31.974 
137,126.062 
138,-7.812 
138,-28.516 
138,-30.932 
138,-23.641 
138,-25.292 
138,108.062 
139,-7.812 
139,-18.766 
139,-30.932 
139,-53.474 
139,-40.974 
139,80.312 
140,-6.641 
140,-18.766 
140,-37.516 
140,-30.224 
140,-38.557 
140,105.979 
141,-7.812 
141,-10.417 
141,-35.432 
141,-28.141 
141,-26.042 
141,107.312 
142,-7.812 
142,-28.516 
142,-26.432 
142,-47.021 
142,-35.042 
142,119.146 
143,-6.641 
143,-8.854 
143,-30.542 
143,-32.771 
143,-39.542 
143,101.146 
144,-6.641 
144,-14.266 
144,-28.516 
144,-44.474 
144,-46.125 
144,107.312 
145,-7.812 
145,-18.766 
145,-26.432 
145,-44.474 
145,-32.625 
145,126.062 
146,-7.812 
146,-18.766 
146,-26.432 
146,-28.141 
146,-7.292 
146,128.146 
147,-6.641 
147,-18.766 
147,-37.516 
147,-30.224 
147,-28.125 
147,107.312 
148,-7.812 
148,-14.917 
148,-26.432 
148,-38.021 
148,-39.542 
148,107.312 
149,-6.641 
149,-28.516 
149,-26.042 
149,-42.521 
149,-39.542 
149,128.146 
150,-7.812 
150,-14.917 
150,-12.182 
150,-25.724 
150,-46.125 
150,80.312 
151,-6.641 
151,-18.766 
151,-37.516 
151,-21.354 
151,-37.125 
151,80.312 
152,-7.812 
152,-28.516 
152,-35.432 
152,-28.141 
152,-36.474 
152,126.062 
153,-7.812 
153,-31.250 
153,-28.646 
153,-48.224 
153,-40.974 
153,80.312 
154,-6.641 
154,-8.854 
154,-16.292 
154,-28.271 
154,-37.125 
154,80.312 
155,-7.812 
155,-18.766 
155,-16.682 
155,-28.141 
155,-40.974 
155,99.062 
156,-7.812 
156,-10.417 
156,-16.812 
156,-4.891 
156,-11.141 
156,119.146 
157,-7.812 
157,-10.417 
157,-25.682 
157,-19.271 
157,-20.792 
157,108.062 
158,-7.812 
158,-10.417 
158,-33.146 
158,-39.224 
158,-31.974 
158,107.312 
159,-7.812 
159,-10.417 
159,-35.432 
159,-28.141 
159,-7.292 
159,126.062 
160,-7.812 
160,-14.917 
160,-12.182 
160,-21.224 
160,-13.224 
160,126.062 
161,-7.812 
161,-31.250 
161,-28.516 
161,-48.974 
161,-31.974 
161,108.062 
162,-7.812 
162,-18.766 
162,-16.682 
162,-18.229 
162,-36.083 
162,88.271 
163,-7.812 
163,-18.766 
163,-16.682 
163,-19.271 
163,-16.292 
163,108.062 
164,-7.812 
164,-28.516 
164,-35.432 
164,-44.474 
164,-32.625 
164,107.312 
165,-7.812 
165,-14.266 
165,-28.516 
165,-25.724 
165,-27.375 
165,105.979 
166,-7.812 
166,-14.917 
166,-28.646 
166,-25.724 
166,-37.125 
166,107.312 
167,-7.812 
167,-31.250 
167,-33.146 
167,-48.974 
167,-40.974 
167,107.312 
168,-7.812 
168,-31.250 
168,-33.146 
168,-39.224 
168,-43.057 
168,105.979 
169,-7.812 
169,-10.417 
169,-7.682 
169,-21.224 
169,-54.083 
169,88.271 
170,-6.641 
170,-18.766 
170,-16.682 
170,-19.271 
170,-20.792 
170,108.062 
171,-6.641 
171,-14.266 
171,-28.516 
171,-44.474 
171,-46.125 
171,107.312 
172,-7.812 
172,-10.417 
172,-7.812 
172,-29.833 
172,-45.474 
172,126.062 
173,-7.812 
173,-31.250 
173,-37.646 
173,-25.724 
173,-46.125 
173,99.062 
174,-7.812 
174,-14.917 
174,-33.146 
174,-25.333 
174,-27.474 
174,107.312 
175,-7.812 
175,-10.417 
175,-16.812 
175,-28.141 
175,-30.542 
175,107.312 
176,-7.812 
176,-14.917 
176,-12.312 
176,-28.141 
176,-26.042 
176,107.312 
177,-7.812 
177,-10.417 
177,-26.432 
177,-19.141 
177,-34.292 
177,101.146 
178,-7.812 
178,-14.917 
178,-16.682 
178,-34.724 
178,-31.583 
178,88.271 
179,-7.812 
179,-31.250 
179,-46.516 
179,-30.224 
179,-40.974 
179,99.062 
180,-7.812 
180,-31.250 
180,-46.516 
180,-30.224 
180,-40.974 
180,80.312 
181,-7.812 
181,-9.766 
181,-7.682 
181,-28.271 
181,-16.292 
181,126.062 
182,-6.641 
182,-18.766 
182,-26.042 
182,-38.021 
182,-35.042 
182,107.312 
183,-6.641 
183,-9.766 
183,-16.292 
183,-28.271 
183,-16.292 
183,101.146 
184,-6.641 
184,-18.766 
184,-16.682 
184,-28.141 
184,-40.974 
184,99.062 
185,-6.641 
185,-9.766 
185,-7.682 
185,-21.224 
185,-36.375 
185,99.062 
186,-6.641 
186,-18.766 
186,-26.432 
186,-28.141 
186,-7.292 
186,128.146 
187,-7.812 
187,-10.417 
187,-33.146 
187,-48.974 
187,-32.625 
187,126.062 
188,-7.812 
188,-14.917 
188,-12.312 
188,-28.141 
188,-20.141 
188,128.146 
189,-7.812 
189,-14.917 
189,-30.932 
189,-39.974 
189,-31.974 
189,108.062 
190,-6.641 
190,-9.766 
190,-30.932 
190,-23.771 
190,-39.542 
190,119.146 
191,-6.641 
191,-14.266 
191,-7.292 
191,-32.771 
191,-37.125 
191,107.312 
192,-7.812 
192,-10.417 
192,-25.682 
192,-28.141 
192,-30.542 
192,101.146 
193,-7.812 
193,-28.516 
193,-35.432 
193,-48.974 
193,-28.125 
193,117.062 
194,-6.641 
194,-28.516 
194,-39.932 
194,-42.521 
194,-39.542 
194,80.312 
195,-7.812 
195,-9.766 
195,-16.292 
195,-23.771 
195,-20.792 
195,108.062 
196,-7.812 
196,-14.917 
196,-12.312 
196,-4.500 
196,-11.141 
196,119.146 
197,-7.812 
197,-10.417 
197,-7.812 
197,-37.141 
197,-7.292 
197,126.062 
198,-7.812 
198,-10.417 
198,-25.682 
198,-19.271 
198,-26.042 
198,107.312 
199,-7.812 
199,-10.417 
199,-26.432 
199,-19.141 
199,-40.974 
199,107.312 
200,-6.641 
200,-28.516 
200,-35.432 
200,-23.641 
200,-31.974 
200,80.312 
201,-7.812 
201,-9.766 
201,-37.516 
201,-25.854 
201,-32.625 
201,107.312 
202,-6.641 
202,-28.516 
202,-35.432 
202,-23.641 
202,-25.292 
202,108.062 
203,-6.641 
203,-26.562 
203,-34.000 
203,-27.229 
203,-19.750 
203,109.104 
204,-7.812 
204,-18.766 
204,-37.516 
204,-21.354 
204,-41.625 
204,99.062 
205,-6.641 
205,-18.766 
205,-16.682 
205,-25.724 
205,-32.625 
205,107.312 
206,-7.812 
206,-14.917 
206,-33.146 
206,-39.974 
206,-31.974 
206,107.312 
207,-7.812 
207,-28.516 
207,-26.042 
207,-28.271 
207,-35.042 
207,107.312 
208,-6.641 
208,-9.766 
208,-7.682 
208,-21.224 
208,-26.724 
208,117.062 
209,-7.812 
209,-31.250 
209,-46.516 
209,-39.062 
209,-40.583 
209,88.271 
210,-7.812 
210,-10.417 
210,-35.432 
210,-28.141 
210,-26.042 
210,107.312 
211,-7.812 
211,-28.516 
211,-30.932 
211,-23.771 
211,-20.792 
211,117.062 
212,-7.812 
212,-31.250 
212,-37.516 
212,-34.724 
212,-43.057 
212,105.979 
213,-7.812 
213,-9.766 
213,-7.682 
213,-36.229 
213,-36.083 
213,88.271 
214,-7.812 
214,-14.917 
214,-33.146 
214,-41.667 
214,-34.057 
214,105.979 
215,-7.812 
215,-31.250 
215,-46.516 
215,-39.974 
215,-28.125 
215,117.062 
216,-7.812 
216,-10.417 
216,-33.146 
216,-25.333 
216,-35.724 
216,108.062 
217,-7.812 
217,-10.417 
217,-28.646 
217,-21.224 
217,-36.375 
217,108.062 
218,-7.812 
218,-14.917 
218,-33.146 
218,-39.224 
218,-28.125 
218,108.062 
219,-6.641 
219,-18.766 
219,-16.682 
219,-19.141 
219,-20.141 
219,128.146 
220,-6.641 
220,-28.516 
220,-35.042 
220,-28.271 
220,-39.542 
220,80.312 
221,-7.812 
221,-14.266 
221,-12.182 
221,-27.229 
221,-40.583 
221,100.104 
222,-6.641 
222,-8.854 
222,-35.042 
222,-28.271 
222,-37.125 
222,108.062 
223,-6.641 
223,-9.766 
223,-16.292 
223,-28.271 
223,-16.292 
223,108.062 
224,-7.812 
224,-31.250 
224,-33.146 
224,-48.974 
224,-40.974 
224,107.312 
225,-7.812 
225,-28.516 
225,-26.432 
225,-47.021 
225,-35.042 
225,119.146 
226,-6.641 
226,-14.266 
226,-7.292 
226,-14.021 
226,-11.792 
226,126.062 
227,-6.641 
227,-9.766 
227,-7.682 
227,-13.891 
227,-13.224 
227,117.062 
228,-6.641 
228,-18.766 
228,-16.682 
228,-25.724 
228,-22.224 
228,109.104 
229,-6.641 
229,-28.516 
229,-35.432 
229,-28.141 
229,-11.792 
229,117.062 
230,-7.812 
230,-18.766 
230,-25.000 
230,-48.062 
230,-40.583 
230,100.104 
231,-7.812 
231,-31.250 
231,-33.146 
231,-44.474 
231,-46.125 
231,108.062 
232,-7.812 
232,-9.766 
232,-30.932 
232,-32.641 
232,-26.042 
232,128.146 
233,-7.812 
233,-31.250 
233,-37.646 
233,-39.224 
233,-28.125 
233,108.062 
234,-7.812 
234,-10.417 
234,-33.146 
234,-48.974 
234,-32.625 
234,126.062 
235,-6.641 
235,-18.766 
235,-16.682 
235,-19.271 
235,-37.125 
235,108.062 
236,-7.812 
236,-31.250 
236,-33.016 
236,-44.474 
236,-46.125 
236,107.312 
237,-7.812 
237,-14.917 
237,-26.432 
237,-23.771 
237,-37.125 
237,107.312 
238,-7.812 
238,-14.917 
238,-16.682 
238,-30.224 
238,-31.974 
238,126.062 
239,-7.812 
239,-9.766 
239,-7.682 
239,-13.891 
239,-16.292 
239,126.062 
240,-7.812 
240,-9.766 
240,-28.516 
240,-39.354 
240,-37.125 
240,99.062 
241,-7.812 
241,-9.766 
241,-28.516 
241,-39.974 
241,-45.474 
241,99.062 
242,-6.641 
242,-9.766 
242,-7.682 
242,-28.141 
242,-35.042 
242,107.312 
243,-7.812 
243,-9.766 
243,-34.000 
243,-27.229 
243,-40.583 
243,88.271 
244,-6.641 
244,-18.766 
244,-30.932 
244,-32.641 
244,-30.542 
244,101.146 
245,-7.812 
245,-31.250 
245,-33.146 
245,-39.224 
245,-13.875 
245,105.979 
246,-6.641 
246,-28.516 
246,-39.932 
246,-32.641 
246,-40.974 
246,80.312 
247,-6.641 
247,-28.516 
247,-35.432 
247,-28.141 
247,-11.792 
247,117.062 
248,-7.812 
248,-9.766 
248,-26.432 
248,-37.271 
248,-16.292 
248,108.062 
249,-7.812 
249,-14.917 
249,-12.182 
249,-21.224 
249,-13.224 
249,126.062 
250,-6.641 
250,-18.766 
250,-37.516 
250,-39.062 
250,-40.583 
250,88.271 
251,-6.641 
251,-9.766 
251,-33.016 
251,-44.474 
251,-46.125 
251,108.062 
252,-7.812 
252,-18.766 
252,-16.682 
252,-25.724 
252,-31.583 
252,109.104 
253,-6.641 
253,-8.854 
253,-16.292 
253,-30.354 
253,-37.125 
253,107.312 
254,-7.812 
254,-31.250 
254,-28.516 
254,-21.224 
254,-40.974 
254,108.062 
255,-7.812 
255,-10.417 
255,-28.646 
255,-48.224 
255,-38.557 
255,105.979 
256,-7.812 
256,-18.766 
256,-26.432 
256,-44.474 
256,-32.625 
256,126.062 
257,-7.812 
257,-18.766 
257,-26.432 
257,-28.141 
257,-30.542 
257,107.312 
258,-7.812 
258,-14.917 
258,-12.182 
258,-27.229 
258,-40.583 
258,88.271 
259,-7.812 
259,-10.417 
259,-28.646 
259,-21.224 
259,-26.724 
259,117.062 
260,-6.641 
260,-9.766 
260,-26.432 
260,-47.021 
260,-35.042 
260,107.312 
261,-7.812 
261,-9.766 
261,-26.432 
261,-47.021 
261,-35.042 
261,119.146 
262,-7.812 
262,-18.766 
262,-16.682 
262,-19.271 
262,-37.125 
262,107.312 
263,-7.812 
263,-28.516 
263,-30.932 
263,-28.271 
263,-41.625 
263,107.312 
264,-6.641 
264,-9.766 
264,-16.682 
264,-27.229 
264,-40.583 
264,88.271 
265,-7.812 
265,-14.917 
265,-12.182 
265,-4.891 
265,-16.292 
265,117.062 
266,-7.812 
266,-31.250 
266,-33.146 
266,-25.724 
266,-13.224 
266,109.104 
267,-7.812 
267,-14.917 
267,-30.932 
267,-28.271 
267,-30.542 
267,119.146 
268,-6.641 
268,-18.766 
268,-12.182 
268,-30.224 
268,-32.625 
268,108.062 
269,-7.812 
269,-28.516 
269,-35.432 
269,-28.271 
269,-20.792 
269,99.062 
270,-7.812 
270,-31.250 
270,-28.646 
270,-21.224 
270,-54.083 
270,88.271 
271,-6.641 
271,-9.766 
271,-26.432 
271,-19.141 
271,-40.974 
271,107.312 
272,-7.812 
272,-18.766 
272,-37.516 
272,-30.224 
272,-13.875 
272,105.979 
273,-7.812 
273,-10.417 
273,-26.432 
273,-37.271 
273,-26.042 
273,119.146 
274,-7.812 
274,-10.417 
274,-35.432 
274,-28.141 
274,-20.141 
274,128.146 
275,-6.641 
275,-28.516 
275,-35.432 
275,-39.974 
275,-31.974 
275,108.062 
276,-6.641 
276,-9.766 
276,-21.182 
276,-23.771 
276,-37.125 
276,107.312 
277,-6.641 
277,-28.516 
277,-30.932 
277,-32.641 
277,-20.141 
277,119.146 
278,-6.641 
278,-28.516 
278,-35.432 
278,-28.141 
278,-30.542 
278,107.312 
279,-7.812 
279,-10.417 
279,-26.432 
279,-19.141 
279,-24.641 
279,101.146 
280,-7.812 
280,-31.250 
280,-28.516 
280,-48.974 
280,-31.974 
280,107.312 
281,-7.812 
281,-14.266 
281,-12.182 
281,-25.724 
281,-45.083 
281,88.271 
282,-7.812 
282,-14.917 
282,-12.312 
282,-23.641 
282,-31.974 
282,99.062 
283,-6.641 
283,-18.766 
283,-16.682 
283,-18.229 
283,-15.250 
283,109.104 
284,-7.812 
284,-14.266 
284,-30.932 
284,-28.271 
284,-30.542 
284,107.312 
285,-7.812 
285,-14.917 
285,-30.932 
285,-39.974 
285,-31.974 
285,108.062 
286,-7.812 
286,-14.917 
286,-12.312 
286,-25.333 
286,-31.974 
286,80.312 
287,-7.812 
287,-9.766 
287,-21.182 
287,-5.021 
287,-20.792 
287,108.062 
288,-6.641 
288,-8.854 
288,-16.292 
288,-9.521 
288,-16.292 
288,108.062 
289,-7.812 
289,-31.250 
289,-28.646 
289,-21.224 
289,-54.083 
289,88.271 
290,-7.812 
290,-14.917 
290,-26.432 
290,-23.771 
290,-37.125 
290,107.312 
291,-7.812 
291,-28.516 
291,-30.932 
291,-32.641 
291,-20.141 
291,119.146 
292,-7.812 
292,-10.417 
292,-25.682 
292,-25.724 
292,-31.583 
292,88.271 
293,-6.641 
293,-28.516 
293,-30.932 
293,-23.641 
293,-31.974 
293,107.312 
294,-7.812 
294,-10.417 
294,-33.146 
294,-25.724 
294,-13.224 
294,126.062 
295,-6.641 
295,-26.562 
295,-34.000 
295,-43.562 
295,-40.583 
295,88.271 
296,-6.641 
296,-28.516 
296,-30.932 
296,-23.641 
296,-31.974 
296,108.062 
297,-7.812 
297,-14.266 
297,-30.932 
297,-47.021 
297,-39.542 
297,80.312 
298,-7.812 
298,-31.250 
298,-33.146 
298,-25.724 
298,-27.375 
298,126.062 
299,-6.641 
299,-8.854 
299,-35.042 
299,-28.271 
299,-37.125 
299,108.062 
300,-7.812 
300,-18.766 
300,-12.182 
300,-30.224 
300,-32.625 
300,107.312 
301,-7.812 
301,-10.417 
301,-7.682 
301,-21.224 
301,-26.724 
301,117.062 
302,-7.812 
302,-14.917 
302,-12.182 
302,-25.724 
302,-13.224 
302,99.062 
303,-7.812 
303,-14.266 
303,-28.516 
303,-48.062 
303,-40.583 
303,109.104 
304,-7.812 
304,-18.766 
304,-37.516 
304,-39.974 
304,-40.974 
304,117.062 
305,-7.812 
305,-14.917 
305,-12.312 
305,-4.891 
305,-13.224 
305,117.062 
306,-7.812 
306,-10.417 
306,-26.432 
306,-39.974 
306,-55.125 
306,80.312 
307,-7.812 
307,-9.766 
307,-16.682 
307,-4.891 
307,-11.141 
307,119.146 
308,-7.812 
308,-14.917 
308,-28.646 
308,-39.224 
308,-31.974 
308,107.312 
309,-7.812 
309,-9.766 
309,-21.182 
309,-19.271 
309,-41.625 
309,107.312 
310,-7.812 
310,-9.766 
310,-16.682 
310,-27.229 
310,-19.750 
310,100.104 
311,-7.812 
311,-28.516 
311,-26.432 
311,-19.141 
311,-34.292 
311,108.062 
312,-7.812 
312,-31.250 
312,-28.646 
312,-39.974 
312,-45.474 
312,99.062 
313,-7.812 
313,-10.417 
313,-33.146 
313,-46.167 
313,-56.557 
313,88.271 
314,-7.812 
314,-31.250 
314,-33.016 
314,-44.474 
314,-31.974 
314,108.062 
315,-6.641 
315,-18.766 
315,-28.516 
315,-43.562 
315,-40.583 
315,109.104 
316,-7.812 
316,-9.766 
316,-21.182 
316,-30.224 
316,-32.625 
316,107.312 
317,-7.812 
317,-10.417 
317,-16.812 
317,-19.141 
317,-11.141 
317,128.146 
318,-6.641 
318,-9.766 
318,-26.432 
318,-32.641 
318,-35.042 
318,107.312 
319,-6.641 
319,-14.266 
319,-26.042 
319,-51.521 
319,-39.542 
319,80.312 
320,-7.812 
320,-9.766 
320,-11.792 
320,-32.771 
320,-30.542 
320,107.312 
321,-7.812 
321,-14.917 
321,-28.646 
321,-25.333 
321,-45.474 
321,107.312 
322,-6.641 
322,-9.766 
322,-7.682 
322,-36.229 
322,-36.083 
322,109.104 
323,-7.812 
323,-18.766 
323,-16.682 
323,-0.521 
323,-18.375 
323,105.979 
324,-6.641 
324,-9.766 
324,-26.432 
324,-39.974 
324,-45.474 
324,99.062 
325,-6.641 
325,-9.766 
325,-37.516 
325,-44.474 
325,-32.625 
325,126.062 
326,-7.812 
326,-10.417 
326,-35.432 
326,-28.141 
326,-36.474 
326,126.062 
327,-7.812 
327,-9.766 
327,-28.516 
327,-57.062 
327,-36.083 
327,100.104 
328,-7.812 
328,-9.766 
328,-30.932 
328,-48.974 
328,-32.625 
328,126.062 
329,-6.641 
329,-28.516 
329,-39.932 
329,-32.641 
329,-20.141 
329,101.146 
330,-7.812 
330,-10.417 
330,-35.432 
330,-38.021 
330,-35.042 
330,119.146 
331,-6.641 
331,-28.516 
331,-30.932 
331,-32.641 
331,-30.542 
331,107.312 
332,-7.812 
332,-10.417 
332,-25.682 
332,-9.391 
332,-7.292 
332,101.146 
333,-7.812 
333,-18.766 
333,-37.516 
333,-48.974 
333,-40.974 
333,80.312 
334,-7.812 
334,-31.250 
334,-33.146 
334,-48.974 
334,-32.625 
334,126.062 
335,-7.812 
335,-31.250 
335,-37.516 
335,-44.474 
335,-32.625 
335,107.312 
336,-7.812 
336,-14.917 
336,-30.932 
336,-39.974 
336,-31.974 
336,107.312 
337,-6.641 
337,-8.854 
337,-16.292 
337,-25.854 
337,-41.625 
337,108.062 
338,-6.641 
338,-28.516 
338,-35.432 
338,-19.271 
338,-20.792 
338,126.062 
339,-7.812 
339,-9.766 
339,-30.932 
339,-32.641 
339,-36.474 
339,107.312 
340,-7.812 
340,-31.250 
340,-28.516 
340,-21.224 
340,-40.974 
340,108.062 
341,-7.812 
341,-10.417 
341,-28.646 
341,-48.224 
341,-27.083 
341,88.271 
342,-6.641 
342,-9.766 
342,-16.682 
342,-21.224 
342,-27.375 
342,105.979 
343,-7.812 
343,-9.766 
343,-7.682 
343,-28.141 
343,-31.974 
343,108.062 
344,-6.641 
344,-8.854 
344,-26.042 
344,-42.521 
344,-39.542 
344,128.146 
345,-7.812 
345,-14.917 
345,-28.646 
345,-44.474 
345,-31.974 
345,107.312 
346,-7.812 
346,-10.417 
346,-7.682 
346,-18.521 
346,-18.375 
346,108.062 
347,-6.641 
347,-26.562 
347,-34.000 
347,-48.062 
347,-36.083 
347,88.271 
348,-6.641 
348,-18.766 
348,-12.182 
348,-22.729 
348,-19.750 
348,100.104 
349,-6.641 
349,-18.766 
349,-30.932 
349,-42.521 
349,-39.542 
349,80.312 
350,-6.641 
350,-18.766 
350,-25.000 
350,-48.062 
350,-36.083 
350,100.104 
351,-7.812 
351,-10.417 
351,-7.812 
351,-0.391 
351,-25.292 
351,126.062 
352,-7.812 
352,-10.417 
352,-16.812 
352,-20.833 
352,-45.474 
352,126.062 
353,-7.812 
353,-9.766 
353,-28.516 
353,-21.224 
353,-43.057 
353,88.271 
354,-7.812 
354,-18.766 
354,-16.682 
354,-19.141 
354,-26.042 
354,107.312 
355,-7.812 
355,-31.250 
355,-28.646 
355,-34.333 
355,-54.474 
355,99.062 
356,-7.812 
356,-10.417 
356,-28.646 
356,-21.224 
356,-40.974 
356,108.062 
357,-7.812 
357,-18.766 
357,-12.182 
357,-30.224 
357,-22.224 
357,109.104 
358,-7.812 
358,-18.766 
358,-30.932 
358,-53.474 
358,-32.625 
358,99.062 
359,-7.812 
359,-9.766 
359,-16.292 
359,-28.271 
359,-39.542 
359,101.146 
360,-7.812 
360,-31.250 
360,-46.516 
360,-21.354 
360,-37.125 
360,99.062 
361,-6.641 
361,-8.854 
361,-16.292 
361,-28.271 
361,-39.542 
361,101.146 
362,-7.812 
362,-9.766 
362,-28.516 
362,-34.724 
362,-46.125 
362,99.062 
363,-6.641 
363,-18.766 
363,-7.292 
363,-28.271 
363,-39.542 
363,101.146 
364,-7.812 
364,-31.250 
364,-28.646 
364,-48.224 
364,-38.557 
364,88.271 
365,-6.641 
365,-18.766 
365,-16.682 
365,-25.724 
365,-31.583 
365,109.104 
366,-7.812 
366,-10.417 
366,-25.682 
366,-25.724 
366,-31.974 
366,126.062 
367,-7.812 
367,-31.250 
367,-33.146 
367,-25.724 
367,-37.125 
367,107.312 
368,-7.812 
368,-28.516 
368,-30.932 
368,-28.271 
368,-30.542 
368,128.146 
369,-7.812 
369,-14.917 
369,-35.432 
369,-53.474 
369,-32.625 
369,80.312 
370,-7.812 
370,-9.766 
370,-16.682 
370,-4.891 
370,-24.250 
370,109.104 
371,-6.641 
371,-18.766 
371,-25.000 
371,-27.229 
371,-19.750 
371,100.104 
372,-7.812 
372,-14.917 
372,-26.432 
372,-48.974 
372,-32.625 
372,107.312 
373,-7.812 
373,-31.250 
373,-28.646 
373,-57.974 
373,-40.974 
373,107.312 
374,-7.812 
374,-9.766 
374,-21.182 
374,-23.771 
374,-20.792 
374,99.062 
375,-7.812 
375,-14.917 
375,-33.146 
375,-25.333 
375,-27.474 
375,108.062 
376,-7.812 
376,-10.417 
376,-28.646 
376,-34.333 
376,-54.474 
376,99.062 
377,-7.812 
377,-10.417 
377,-7.682 
377,-19.141 
377,-44.042 
377,107.312 
378,-7.812 
378,-10.417 
378,-7.812 
378,-37.141 
378,-36.474 
378,126.062 
379,-7.812 
379,-28.516 
379,-35.042 
379,-28.271 
379,-26.042 
379,107.312 
380,-6.641 
380,-9.766 
380,-7.682 
380,-28.271 
380,-35.042 
380,119.146 
381,-7.812 
381,-9.766 
381,-16.292 
381,-19.271 
381,-16.292 
381,126.062 
382,-7.812 
382,-31.250 
382,-37.646 
382,-25.724 
382,-31.974 
382,99.062 
383,-7.812 
383,-14.917 
383,-28.646 
383,-25.724 
383,-45.083 
383,109.104 
384,-7.812 
384,-9.766 
384,-26.432 
384,-39.974 
384,-45.474 
384,80.312 
385,-7.812 
385,-10.417 
385,-28.646 
385,-39.974 
385,-55.125 
385,80.312 
386,-6.641 
386,-18.766 
386,-12.182 
386,-34.724 
386,-38.557 
386,88.271 
387,-7.812 
387,-10.417 
387,-35.432 
387,-44.474 
387,-32.625 
387,126.062 
388,-7.812 
388,-14.917 
388,-12.312 
388,-25.333 
388,-54.474 
388,99.062 
389,-7.812 
389,-9.766 
389,-7.682 
389,-28.141 
389,-35.042 
389,107.312 
390,-6.641 
390,-18.766 
390,-12.182 
390,-22.729 
390,-36.083 
390,109.104 
391,-7.812 
391,-10.417 
391,-7.682 
391,-19.141 
391,-40.974 
391,107.312 
392,-7.812 
392,-14.917 
392,-12.182 
392,-28.271 
392,-20.792 
392,99.062 
393,-7.812 
393,-10.417 
393,-7.682 
393,-0.391 
393,-22.224 
393,126.062 
394,-6.641 
394,-18.766 
394,-7.292 
394,-25.854 
394,-41.625 
394,108.062 
395,-7.812 
395,-9.766 
395,-7.682 
395,-0.391 
395,-33.250 
395,109.104 
396,-7.812 
396,-9.766 
396,-28.516 
396,-34.724 
396,-45.083 
396,88.271 
397,-7.812 
397,-10.417 
397,-33.146 
397,-25.724 
397,-45.083 
397,88.271 
398,-7.812 
398,-28.516 
398,-26.432 
398,-48.974 
398,-46.125 
398,107.312 
399,-7.812 
399,-18.766 
399,-26.432 
399,-48.974 
399,-40.974 
399,117.062 
400,-7.812 
400,-31.250 
400,-28.516 
400,-21.224 
400,-40.974 
400,107.312 
401,-6.641 
401,-8.854 
401,-26.042 
401,-28.271 
401,-37.125 
401,117.062 
402,-6.641 
402,-18.766 
402,-12.182 
402,-30.224 
402,-22.224 
402,108.062 
403,-7.812 
403,-14.917 
403,-28.646 
403,-39.224 
403,-43.057 
403,105.979 
404,-6.641 
404,-9.766 
404,-7.682 
404,-19.141 
404,-40.974 
404,107.312 
405,-7.812 
405,-14.917 
405,-33.146 
405,-39.224 
405,-22.224 
405,100.104 
406,-6.641 
406,-8.854 
406,-16.292 
406,-23.771 
406,-30.542 
406,128.146 
407,-7.812 
407,-18.766 
407,-25.000 
407,-27.229 
407,-36.083 
407,88.271 
408,-6.641 
408,-9.766 
408,-7.682 
408,-21.224 
408,-43.057 
408,105.979 
409,-6.641 
409,-28.516 
409,-26.432 
409,-37.271 
409,-16.292 
409,108.062 
410,-6.641 
410,-28.516 
410,-35.432 
410,-47.021 
410,-39.542 
410,80.312 
411,-7.812 
411,-10.417 
411,-25.682 
411,-25.724 
411,-43.057 
411,88.271 
412,-7.812 
412,-9.766 
412,-30.932 
412,-23.641 
412,-11.141 
412,128.146 
413,-7.812 
413,-10.417 
413,-7.682 
413,-30.224 
413,-45.083 
413,88.271 
414,-7.812 
414,-14.917 
414,-12.312 
414,-23.641 
414,-27.474 
414,107.312 
415,-7.812 
415,-14.266 
415,-12.182 
415,-28.271 
415,-20.792 
415,99.062 
416,-6.641 
416,-28.516 
416,-35.432 
416,-28.141 
416,-36.474 
416,126.062 
417,-7.812 
417,-9.766 
417,-26.432 
417,-37.271 
417,-37.125 
417,80.312 
418,-7.812 
418,-14.917 
418,-33.146 
418,-25.724 
418,-13.224 
418,100.104 
419,-7.812 
419,-14.917 
419,-16.682 
419,-22.729 
419,-40.583 
419,100.104 
420,-6.641 
420,-8.854 
420,-16.292 
420,-19.271 
420,-35.042 
420,119.146 
421,-6.641 
421,-9.766 
421,-16.292 
421,-19.271 
421,-37.125 
421,126.062 
422,-6.641 
422,-9.766 
422,-16.682 
422,-25.724 
422,-13.224 
422,99.062 
423,-7.812 
423,-28.516 
423,-39.932 
423,-42.521 
423,-39.542 
423,80.312 
424,-7.812 
424,-10.417 
424,-7.682 
424,-30.224 
424,-37.125 
424,107.312 
425,-7.812 
425,-9.766 
425,-21.182 
425,-13.891 
425,-7.292 
425,108.062 
426,-6.641 
426,-9.766 
426,-30.932 
426,-32.641 
426,-11.792 
426,119.146 
427,-6.641 
427,-18.766 
427,-12.182 
427,-13.891 
427,-11.792 
427,108.062 
428,-6.641 
428,-14.266 
428,-12.182 
428,-21.224 
428,-37.125 
428,107.312 
429,-7.812 
429,-14.917 
429,-30.932 
429,-23.641 
429,-35.042 
429,119.146 
430,-7.812 
430,-28.516 
430,-30.932 
430,-44.474 
430,-31.974 
430,107.312 
431,-7.812 
431,-31.250 
431,-46.516 
431,-39.062 
431,-40.583 
431,100.104 
432,-6.641 
432,-18.766 
432,-26.042 
432,-38.021 
432,-35.042 
432,107.312 
433,-6.641 
433,-9.766 
433,-26.432 
433,-47.021 
433,-39.542 
433,119.146 
434,-7.812 
434,-10.417 
434,-7.682 
434,-19.141 
434,-34.292 
434,108.062 
435,-6.641 
435,-8.854 
435,-11.792 
435,-30.354 
435,-22.875 
435,108.062 
436,-7.812 
436,-10.417 
436,-26.432 
436,-32.641 
436,-44.042 
436,80.312 
437,-7.812 
437,-28.516 
437,-26.042 
437,-28.271 
437,-20.792 
437,117.062 
438,-7.812 
438,-14.917 
438,-12.312 
438,-4.891 
438,-16.292 
438,117.062 
439,-7.812 
439,-9.766 
439,-7.682 
439,-19.141 
439,-40.974 
439,108.062 
440,-7.812 
440,-31.250 
440,-28.646 
440,-21.224 
440,-26.724 
440,99.062 
441,-7.812 
441,-18.766 
441,-7.292 
441,-28.271 
441,-39.542 
441,80.312 
442,-6.641 
442,-8.854 
442,-26.042 
442,-47.021 
442,-39.542 
442,107.312 
443,-6.641 
443,-28.516 
443,-30.932 
443,-28.271 
443,-20.792 
443,128.146 
444,-6.641 
444,-9.766 
444,-11.792 
444,-30.354 
444,-22.875 
444,108.062 
445,-7.812 
445,-14.917 
445,-28.646 
445,-25.724 
445,-37.125 
445,126.062 
446,-6.641 
446,-8.854 
446,-30.542 
446,-32.771 
446,-20.792 
446,99.062 
447,-7.812 
447,-9.766 
447,-21.182 
447,-34.724 
447,-28.125 
447,108.062 
448,-7.812 
448,-9.766 
448,-26.432 
448,-32.641 
448,-44.042 
448,80.312 
449,-7.812 
449,-14.917 
449,-16.682 
449,-23.641 
449,-36.474 
449,126.062 
450,-7.812 
450,-31.250 
450,-37.646 
450,-39.224 
450,-38.557 
450,105.979 
451,-7.812 
451,-18.766 
451,-37.516 
451,-39.974 
451,-28.125 
451,117.062 
452,-7.812 
452,-10.417 
452,-7.682 
452,-28.271 
452,-35.042 
452,107.312 
453,-6.641 
453,-9.766 
453,-7.682 
453,-36.229 
453,-19.750 
453,109.104 
454,-7.812 
454,-31.250 
454,-28.516 
454,-21.224 
454,-36.375 
454,108.062 
455,-7.812 
455,-14.917 
455,-16.682 
455,-23.641 
455,-20.141 
455,128.146 
456,-6.641 
456,-28.516 
456,-26.042 
456,-42.521 
456,-39.542 
456,128.146 
457,-7.812 
457,-9.766 
457,-37.516 
457,-43.562 
457,-40.583 
457,109.104 
458,-6.641 
458,-28.516 
458,-30.542 
458,-32.771 
458,-20.792 
458,99.062 
459,-7.812 
459,-10.417 
459,-7.812 
459,-27.391 
459,-20.141 
459,101.146 
460,-7.812 
460,-31.250 
460,-28.516 
460,-48.974 
460,-46.125 
460,107.312 
461,-7.812 
461,-28.516 
461,-35.432 
461,-28.141 
461,-20.141 
461,128.146 
462,-6.641 
462,-8.854 
462,-35.042 
462,-28.271 
462,-37.125 
462,107.312 
463,-7.812 
463,-10.417 
463,-28.646 
463,-34.333 
463,-27.474 
463,107.312 
464,-6.641 
464,-9.766 
464,-7.682 
464,-28.271 
464,-35.042 
464,119.146 
465,-7.812 
465,-14.266 
465,-12.182 
465,-28.271 
465,-39.542 
465,101.146 
466,-7.812 
466,-14.917 
466,-33.146 
466,-39.974 
466,-31.974 
466,108.062 
467,-6.641 
467,-8.854 
467,-11.792 
467,-14.021 
467,-22.875 
467,105.979 
468,-7.812 
468,-10.417 
468,-16.812 
468,-4.500 
468,-24.641 
468,119.146 
469,-7.812 
469,-31.250 
469,-33.146 
469,-25.333 
469,-45.474 
469,126.062 
470,-7.812 
470,-10.417 
470,-26.432 
470,-48.974 
470,-31.974 
470,107.312 
471,-7.812 
471,-10.417 
471,-16.812 
471,-18.391 
471,-10.750 
471,100.104 
472,-7.812 
472,-28.516 
472,-39.932 
472,-42.521 
472,-39.542 
472,80.312 
473,-7.812 
473,-14.917 
473,-12.312 
473,-20.833 
473,-35.724 
473,109.104 
474,-7.812 
474,-31.250 
474,-33.016 
474,-30.354 
474,-32.625 
474,107.312 
475,-7.812 
475,-14.917 
475,-12.312 
475,-4.891 
475,-24.250 
475,109.104 
476,-7.812 
476,-10.417 
476,-16.812 
476,-19.141 
476,-31.974 
476,107.312 
477,-7.812 
477,-10.417 
477,-28.646 
477,-21.224 
477,-46.125 
477,117.062 
478,-6.641 
478,-9.766 
478,-26.432 
478,-19.141 
478,-44.042 
478,107.312 
479,-6.641 
479,-18.766 
479,-25.000 
479,-27.229 
479,-19.750 
479,100.104 
480,-6.641 
480,-9.766 
480,-26.432 
480,-32.641 
480,-35.042 
480,107.312 
481,-6.641 
481,-8.854 
481,-26.042 
481,-28.271 
481,-35.042 
481,107.312 
482,-7.812 
482,-9.766 
482,-30.932 
482,-44.474 
482,-46.125 
482,107.312 
483,-6.641 
483,-18.766 
483,-12.182 
483,-13.891 
483,-11.792 
483,99.062 
484,-6.641 
484,-9.766 
484,-7.682 
484,-19.141 
484,-40.974 
484,108.062 
485,-7.812 
485,-28.516 
485,-26.042 
485,-28.271 
485,-35.042 
485,107.312 
486,-7.812 
486,-14.917 
486,-12.182 
486,-23.641 
486,-35.042 
486,107.312 
487,-7.812 
487,-9.766 
487,-30.932 
487,-23.641 
487,-31.974 
487,107.312 
488,-7.812 
488,-10.417 
488,-7.812 
488,-37.141 
488,-36.474 
488,126.062 
489,-7.812 
489,-14.917 
489,-26.432 
489,-38.021 
489,-39.542 
489,107.312 
490,-7.812 
490,-10.417 
490,-28.646 
490,-50.667 
490,-34.057 
490,105.979 
491,-7.812 
491,-31.250 
491,-33.146 
491,-25.333 
491,-13.224 
491,126.062 
492,-6.641 
492,-8.854 
492,-16.292 
492,-23.771 
492,-41.625 
492,107.312 
493,-7.812 
493,-10.417 
493,-7.812 
493,-19.141 
493,-40.974 
493,107.312 
494,-7.812 
494,-10.417 
494,-35.432 
494,-19.271 
494,-37.125 
494,117.062 
495,-7.812 
495,-28.516 
495,-35.432 
495,-28.271 
495,-30.542 
495,107.312 
496,-7.812 
496,-14.266 
496,-30.932 
496,-47.021 
496,-39.542 
496,80.312 
497,-7.812 
497,-10.417 
497,-28.646 
497,-50.667 
497,-56.557 
497,105.979 
498,-7.812 
498,-10.417 
498,-35.432 
498,-19.271 
498,-37.125 
498,107.312 
499,-6.641 
499,-8.854 
499,-35.042 
499,-28.271 
499,-37.125 
499,108.062 
500,-6.641 
500,-28.516 
500,-26.042 
500,-28.271 
500,-37.125 
500,107.312 
501,-7.812 
501,-10.417 
501,-35.432 
501,-48.974 
501,-40.974 
501,117.062 
502,-7.812 
502,-10.417 
502,-28.646 
502,-48.224 
502,-28.125 
502,99.062 
503,-6.641 
503,-9.766 
503,-21.182 
503,-34.724 
503,-22.224 
503,100.104 
504,-7.812 
504,-14.917 
504,-30.932 
504,-28.271 
504,-37.125 
504,107.312 
505,-7.812 
505,-14.917 
505,-33.146 
505,-25.724 
505,-45.083 
505,100.104 
506,-7.812 
506,-14.917 
506,-12.312 
506,-28.141 
506,-40.974 
506,117.062 
507,-6.641 
507,-18.766 
507,-28.516 
507,-44.474 
507,-40.974 
507,107.312 
508,-7.812 
508,-9.766 
508,-37.516 
508,-25.854 
508,-22.875 
508,105.979 
509,-6.641 
509,-18.766 
509,-30.932 
509,-42.521 
509,-39.542 
509,80.312 
510,-7.812 
510,-14.917 
510,-33.146 
510,-25.724 
510,-13.224 
510,117.062 
511,-7.812 
511,-10.417 
511,-28.646 
511,-21.224 
511,-46.125 
511,107.312 
512,-7.812 
512,-14.266 
512,-12.182 
512,-4.891 
512,-16.292 
512,126.062 
513,-7.812 
513,-28.516 
513,-39.932 
513,-32.641 
513,-11.792 
513,101.146 
514,-7.812 
514,-31.250 
514,-37.646 
514,-25.724 
514,-46.125 
514,80.312 
515,-7.812 
515,-9.766 
515,-7.682 
515,-13.891 
515,-16.292 
515,117.062 
516,-7.812 
516,-18.766 
516,-25.000 
516,-48.062 
516,-36.083 
516,100.104 
517,-7.812 
517,-18.766 
517,-26.042 
517,-28.271 
517,-37.125 
517,108.062 
518,-7.812 
518,-10.417 
518,-26.432 
518,-47.021 
518,-35.042 
518,107.312 
519,-7.812 
519,-10.417 
519,-26.432 
519,-48.974 
519,-46.125 
519,107.312 
520,-7.812 
520,-18.766 
520,-7.292 
520,-19.271 
520,-16.292 
520,126.062 
521,-6.641 
521,-18.766 
521,-25.000 
521,-48.062 
521,-40.583 
521,88.271 
522,-6.641 
522,-9.766 
522,-34.000 
522,-27.229 
522,-40.583 
522,88.271 
523,-6.641 
523,-18.766 
523,-16.682 
523,-0.521 
523,-7.292 
523,126.062 
524,-7.812 
524,-10.417 
524,-35.432 
524,-28.141 
524,-36.474 
524,126.062 
525,-7.812 
525,-14.917 
525,-35.432 
525,-32.641 
525,-11.792 
525,101.146 
526,-6.641 
526,-18.766 
526,-12.182 
526,-23.641 
526,-26.042 
526,107.312 
527,-6.641 
527,-9.766 
527,-26.432 
527,-48.974 
527,-31.974 
527,108.062 
528,-7.812 
528,-9.766 
528,-7.682 
528,-30.224 
528,-13.224 
528,126.062 
529,-7.812 
529,-14.917 
529,-33.146 
529,-39.224 
529,-31.974 
529,107.312 
530,-7.812 
530,-28.516 
530,-26.042 
530,-32.771 
530,-30.542 
530,107.312 
531,-7.812 
531,-14.917 
531,-33.146 
531,-39.974 
531,-46.125 
531,108.062 
532,-6.641 
532,-9.766 
532,-7.682 
532,-13.891 
532,-13.224 
532,100.104 
533,-7.812 
533,-28.516 
533,-39.932 
533,-53.474 
533,-40.974 
533,99.062 
534,-7.812 
534,-14.917 
534,-16.682 
534,-34.724 
534,-13.875 
534,117.062 
535,-7.812 
535,-14.917 
535,-35.432 
535,-32.641 
535,-20.141 
535,101.146 
536,-6.641 
536,-18.766 
536,-37.516 
536,-39.062 
536,-40.583 
536,100.104 
537,-6.641 
537,-8.854 
537,-16.292 
537,-28.271 
537,-16.292 
537,108.062 
538,-6.641 
538,-8.854 
538,-35.042 
538,-38.021 
538,-35.042 
538,107.312 
539,-6.641 
539,-8.854 
539,-35.042 
539,-28.271 
539,-20.792 
539,99.062 
540,-7.812 
540,-9.766 
540,-34.000 
540,-27.229 
540,-36.083 
540,100.104 
541,-7.812 
541,-14.917 
541,-26.432 
541,-28.271 
541,-30.542 
541,128.146 
542,-7.812 
542,-28.516 
542,-35.432 
542,-19.271 
542,-35.042 
542,128.146 
543,-7.812 
543,-31.250 
543,-33.016 
543,-25.724 
543,-31.974 
543,108.062 
544,-7.812 
544,-14.917 
544,-33.146 
544,-39.974 
544,-46.125 
544,108.062 
545,-7.812 
545,-10.417 
545,-16.812 
545,-23.641 
545,-44.042 
545,101.146 
546,-6.641 
546,-18.766 
546,-16.682 
546,-18.229 
546,-36.083 
546,88.271 
547,-6.641 
547,-9.766 
547,-26.042 
547,-42.521 
547,-39.542 
547,128.146 
548,-6.641 
548,-14.266 
548,-30.932 
548,-23.641 
548,-27.474 
548,108.062 
549,-7.812 
549,-10.417 
549,-25.682 
549,-0.521 
549,-18.375 
549,99.062 
550,-6.641 
550,-18.766 
550,-16.682 
550,-25.724 
550,-32.625 
550,108.062 
551,-7.812 
551,-9.766 
551,-26.432 
551,-48.974 
551,-31.974 
551,107.312 
552,-7.812 
552,-10.417 
552,-26.432 
552,-39.974 
552,-55.125 
552,80.312 
553,-7.812 
553,-10.417 
553,-33.146 
553,-39.224 
553,-22.224 
553,109.104 
554,-7.812 
554,-31.250 
554,-37.646 
554,-39.974 
554,-31.974 
554,108.062 
555,-6.641 
555,-9.766 
555,-30.932 
555,-23.641 
555,-35.042 
555,107.312 
556,-7.812 
556,-14.917 
556,-30.932 
556,-47.021 
556,-39.542 
556,80.312 
557,-6.641 
557,-26.562 
557,-34.000 
557,-27.229 
557,-36.083 
557,88.271 
558,-7.812 
558,-31.250 
558,-33.146 
558,-25.333 
558,-31.974 
558,108.062 
559,-7.812 
559,-18.766 
559,-26.432 
559,-48.974 
559,-28.125 
559,117.062 
560,-7.812 
560,-31.250 
560,-46.516 
560,-21.354 
560,-37.125 
560,108.062 
561,-7.812 
561,-18.766 
561,-26.432 
561,-28.141 
561,-36.474 
561,107.312 
562,-6.641 
562,-14.266 
562,-25.000 
562,-31.729 
562,-19.750 
562,100.104 
563,-6.641 
563,-18.766 
563,-7.292 
563,-30.354 
563,-37.125 
563,80.312 
564,-7.812 
564,-14.917 
564,-12.312 
564,-4.500 
564,-11.141 
564,101.146 
565,-6.641 
565,-18.766 
565,-30.932 
565,-32.641 
565,-30.542 
565,101.146 
566,-7.812 
566,-28.516 
566,-35.432 
566,-19.271 
566,-37.125 
566,107.312 
567,-7.812 
567,-14.917 
567,-12.312 
567,-37.141 
567,-30.542 
567,80.312 
568,-7.812 
568,-14.917 
568,-12.312 
568,-4.500 
568,-24.641 
568,119.146 
569,-7.812 
569,-10.417 
569,-16.812 
569,-25.333 
569,-45.474 
569,107.312 
570,-7.812 
570,-14.917 
570,-30.932 
570,-23.641 
570,-44.042 
570,80.312 
571,-6.641 
571,-18.766 
571,-12.182 
571,-13.891 
571,-7.292 
571,128.146 
572,-7.812 
572,-14.917 
572,-26.432 
572,-44.474 
572,-46.125 
572,108.062 
573,-7.812 
573,-14.917 
573,-26.432 
573,-48.974 
573,-32.625 
573,107.312 
574,-6.641 
574,-28.516 
574,-39.932 
574,-23.771 
574,-41.625 
574,99.062 
575,-6.641 
575,-18.766 
575,-37.516 
575,-48.974 
575,-32.625 
575,99.062 
576,-7.812 
576,-31.250 
576,-28.516 
576,-21.224 
576,-46.125 
576,107.312 
577,-6.641 
577,-28.516 
577,-26.432 
577,-39.974 
577,-45.474 
577,99.062 
578,-7.812 
578,-9.766 
578,-29.500 
578,-31.729 
578,-36.083 
578,88.271 
579,-6.641 
579,-18.766 
579,-16.682 
579,-28.141 
579,-11.792 
579,99.062 
580,-7.812 
580,-10.417 
580,-35.432 
580,-28.141 
580,-20.141 
580,128.146 
581,-6.641 
581,-8.854 
581,-16.292 
581,-19.271 
581,-37.125 
581,107.312 
582,-7.812 
582,-10.417 
582,-35.432 
582,-19.271 
582,-37.125 
582,107.312 
583,-6.641 
583,-9.766 
583,-33.016 
583,-25.724 
583,-37.125 
583,107.312 
584,-6.641 
584,-26.562 
584,-29.500 
584,-48.062 
584,-40.583 
584,88.271 
585,-7.812 
585,-9.766 
585,-21.182 
585,-34.724 
585,-38.557 
585,88.271 
586,-7.812 
586,-14.917 
586,-30.932 
586,-47.021 
586,-39.542 
586,101.146 
587,-6.641 
587,-18.766 
587,-12.182 
587,-23.771 
587,-20.792 
587,108.062 
588,-7.812 
588,-31.250 
588,-28.646 
588,-34.333 
588,-27.474 
588,108.062 
589,-7.812 
589,-31.250 
589,-33.146 
589,-46.167 
589,-34.057 
589,105.979 
590,-7.812 
590,-10.417 
590,-35.432 
590,-19.271 
590,-37.125 
590,107.312 
591,-7.812 
591,-10.417 
591,-7.812 
591,-19.141 
591,-24.641 
591,119.146 
592,-7.812 
592,-28.516 
592,-35.432 
592,-44.474 
592,-32.625 
592,107.312 
593,-7.812 
593,-18.766 
593,-16.682 
593,-19.141 
593,-26.042 
593,119.146 
594,-7.812 
594,-18.766 
594,-26.432 
594,-28.141 
594,-36.474 
594,107.312 
595,-7.812 
595,-31.250 
595,-28.646 
595,-57.974 
595,-28.125 
595,117.062 
596,-7.812 
596,-10.417 
596,-25.682 
596,-25.724 
596,-13.875 
596,105.979 
597,-6.641 
597,-14.266 
597,-28.516 
597,-30.354 
597,-32.625 
597,126.062 
598,-7.812 
598,-28.516 
598,-26.432 
598,-39.974 
598,-55.125 
598,80.312 
599,-7.812 
599,-10.417 
599,-33.146 
599,-44.474 
599,-31.974 
599,108.062 
600,-6.641 
600,-18.766 
600,-12.182 
600,-23.771 
600,-20.792 
600,99.062 
601,-7.812 
601,-10.417 
601,-26.432 
601,-39.974 
601,-45.474 
601,99.062 
602,-7.812 
602,-14.917 
602,-12.312 
602,-23.641 
602,-31.974 
602,99.062 
603,-7.812 
603,-9.766 
603,-33.016 
603,-30.354 
603,-41.625 
603,108.062 
604,-7.812 
604,-31.250 
604,-33.146 
604,-44.474 
604,-46.125 
604,107.312 
605,-7.812 
605,-10.417 
605,-28.646 
605,-39.974 
605,-45.474 
605,99.062 
606,-7.812 
606,-14.917 
606,-28.646 
606,-25.724 
606,-13.224 
606,126.062 
607,-7.812 
607,-18.766 
607,-26.042 
607,-47.021 
607,-39.542 
607,80.312 
608,-6.641 
608,-28.516 
608,-35.432 
608,-28.141 
608,-20.141 
608,119.146 
609,-7.812 
609,-10.417 
609,-26.432 
609,-37.271 
609,-20.792 
609,99.062 
610,-7.812 
610,-14.917 
610,-12.312 
610,-37.141 
610,-40.974 
610,80.312 
611,-6.641 
611,-18.766 
611,-26.432 
611,-48.974 
611,-28.125 
611,107.312 
612,-7.812 
612,-14.917 
612,-12.312 
612,-23.641 
612,-35.042 
612,119.146 
613,-7.812 
613,-28.516 
613,-35.042 
613,-28.271 
613,-37.125 
613,108.062 
614,-7.812 
614,-14.266 
614,-30.932 
614,-47.021 
614,-39.542 
614,101.146 
615,-7.812 
615,-31.250 
615,-33.146 
615,-48.974 
615,-40.974 
615,107.312 
616,-7.812 
616,-28.516 
616,-26.042 
616,-47.021 
616,-35.042 
616,107.312 
617,-7.812 
617,-9.766 
617,-30.932 
617,-48.974 
617,-32.625 
617,107.312 
618,-7.812 
618,-14.917 
618,-16.682 
618,-22.729 
618,-36.083 
618,88.271 
619,-7.812 
619,-14.917 
619,-12.182 
619,-28.271 
619,-20.792 
619,99.062 
620,-7.812 
620,-10.417 
620,-26.432 
620,-32.641 
620,-31.974 
620,80.312 
621,-7.812 
621,-18.766 
621,-37.516 
621,-21.354 
621,-18.375 
621,99.062 
622,-7.812 
622,-9.766 
622,-7.682 
622,-13.891 
622,-25.292 
622,99.062 
623,-6.641 
623,-9.766 
623,-26.432 
623,-47.021 
623,-35.042 
623,107.312 
624,-6.641 
624,-28.516 
624,-30.932 
624,-44.474 
624,-31.974 
624,107.312 
625,-6.641 
625,-28.516 
625,-26.042 
625,-47.021 
625,-39.542 
625,119.146 
626,-7.812 
626,-14.917 
626,-30.932 
626,-23.641 
626,-11.141 
626,119.146 
627,-7.812 
627,-10.417 
627,-25.682 
627,-25.724 
627,-31.583 
627,88.271 
628,-6.641 
628,-9.766 
628,-16.682 
628,-4.891 
628,-16.292 
628,126.062 
629,-7.812 
629,-10.417 
629,-28.646 
629,-21.224 
629,-54.083 
629,88.271 
630,-7.812 
630,-18.766 
630,-7.292 
630,-28.271 
630,-20.792 
630,108.062 
631,-6.641 
631,-9.766 
631,-26.432 
631,-32.641 
631,-27.474 
631,108.062 
632,-7.812 
632,-9.766 
632,-30.932 
632,-32.641 
632,-20.141 
632,119.146 
633,-6.641 
633,-9.766 
633,-11.792 
633,-32.771 
633,-37.125 
633,108.062 
634,-7.812 
634,-31.250 
634,-28.516 
634,-39.974 
634,-55.125 
634,99.062 
635,-7.812 
635,-14.917 
635,-30.932 
635,-47.021 
635,-39.542 
635,101.146 
636,-7.812 
636,-14.266 
636,-30.932 
636,-23.641 
636,-27.474 
636,108.062 
637,-6.641 
637,-9.766 
637,-33.016 
637,-25.724 
637,-27.375 
637,105.979 
638,-7.812 
638,-31.250 
638,-37.646 
638,-41.667 
638,-56.557 
638,88.271 
639,-7.812 
639,-9.766 
639,-16.292 
639,-19.271 
639,-37.125 
639,117.062 
640,-7.812 
640,-14.917 
640,-28.646 
640,-44.474 
640,-46.125 
640,108.062 
641,-6.641 
641,-9.766 
641,-7.682 
641,-18.521 
641,-18.375 
641,108.062 
642,-7.812 
642,-14.917 
642,-33.146 
642,-25.333 
642,-13.224 
642,100.104 
643,-7.812 
643,-10.417 
643,-28.646 
643,-48.224 
643,-9.375 
643,105.979 
644,-7.812 
644,-14.917 
644,-35.432 
644,-53.474 
644,-40.974 
644,99.062 
645,-7.812 
645,-10.417 
645,-33.146 
645,-25.724 
645,-27.375 
645,126.062 
646,-7.812 
646,-31.250 
646,-33.016 
646,-48.062 
646,-40.583 
646,109.104 
647,-6.641 
647,-8.854 
647,-16.292 
647,-19.271 
647,-37.125 
647,107.312 
648,-7.812 
648,-18.766 
648,-26.042 
648,-38.021 
648,-39.542 
648,119.146 
649,-6.641 
649,-28.516 
649,-35.432 
649,-19.271 
649,-16.292 
649,126.062 
650,-6.641 
650,-26.562 
650,-34.000 
650,-27.229 
650,-15.250 
650,109.104 
651,-6.641 
651,-28.516 
651,-35.042 
651,-28.271 
651,-26.042 
651,119.146 
652,-7.812 
652,-9.766 
652,-7.682 
652,-36.229 
652,-15.250 
652,109.104 
653,-7.812 
653,-31.250 
653,-28.516 
653,-34.724 
653,-45.083 
653,100.104 
654,-6.641 
654,-9.766 
654,-7.682 
654,-28.271 
654,-37.125 
654,107.312 
655,-7.812 
655,-28.516 
655,-39.932 
655,-53.474 
655,-40.974 
655,99.062 
656,-7.812 
656,-14.917 
656,-16.682 
656,-22.729 
656,-19.750 
656,100.104 
657,-6.641 
657,-26.562 
657,-34.000 
657,-27.229 
657,-36.083 
657,88.271 
658,-7.812 
658,-31.250 
658,-33.146 
658,-25.333 
658,-31.974 
658,108.062 
659,-7.812 
659,-10.417 
659,-33.146 
659,-39.224 
659,-13.875 
659,126.062 
660,-7.812 
660,-31.250 
660,-28.646 
660,-50.667 
660,-56.557 
660,105.979 
661,-7.812 
661,-14.917 
661,-12.182 
661,-4.891 
661,-16.292 
661,119.146 
662,-7.812 
662,-31.250 
662,-33.146 
662,-25.333 
662,-45.474 
662,126.062 
663,-7.812 
663,-10.417 
663,-7.682 
663,-30.224 
663,-45.083 
663,88.271 
664,-7.812 
664,-31.250 
664,-46.516 
664,-39.062 
664,-36.083 
664,88.271 
665,-7.812 
665,-10.417 
665,-35.432 
665,-28.141 
665,-26.042 
665,119.146 
666,-6.641 
666,-9.766 
666,-26.432 
666,-37.271 
666,-37.125 
666,99.062 
667,-6.641 
667,-18.766 
667,-26.432 
667,-28.141 
667,-30.542 
667,107.312 
668,-7.812 
668,-10.417 
668,-26.432 
668,-47.021 
668,-35.042 
668,107.312 
669,-6.641 
669,-28.516 
669,-30.932 
669,-38.021 
669,-39.542 
669,107.312 
670,-7.812 
670,-18.766 
670,-26.432 
670,-48.974 
670,-28.125 
670,117.062 
671,-7.812 
671,-10.417 
671,-26.432 
671,-37.271 
671,-37.125 
671,108.062 
672,-7.812 
672,-10.417 
672,-16.812 
672,-28.141 
672,-30.542 
672,107.312 
673,-7.812 
673,-18.766 
673,-16.682 
673,-9.391 
673,-11.141 
673,128.146 
674,-7.812 
674,-10.417 
674,-7.682 
674,-13.891 
674,-25.292 
674,101.146 
675,-7.812 
675,-18.766 
675,-28.516 
675,-25.854 
675,-22.875 
675,108.062 
676,-7.812 
676,-31.250 
676,-46.516 
676,-30.224 
676,-9.375 
676,105.979 
677,-7.812 
677,-10.417 
677,-25.682 
677,-30.224 
677,-22.224 
677,99.062 
678,-7.812 
678,-31.250 
678,-33.016 
678,-30.354 
678,-32.625 
678,126.062 
679,-7.812 
679,-14.917 
679,-16.682 
679,-13.891 
679,-22.224 
679,108.062 
680,-7.812 
680,-14.917 
680,-28.646 
680,-25.333 
680,-35.724 
680,109.104 
681,-7.812 
681,-14.917 
681,-16.682 
681,-30.224 
681,-13.875 
681,126.062 
682,-6.641 
682,-8.854 
682,-35.042 
682,-38.021 
682,-39.542 
682,119.146 
683,-7.812 
683,-10.417 
683,-35.432 
683,-28.141 
683,-36.474 
683,126.062 
684,-6.641 
684,-9.766 
684,-30.932 
684,-48.974 
684,-32.625 
684,107.312 
685,-6.641 
685,-8.854 
685,-26.042 
685,-32.771 
685,-20.792 
685,108.062 
686,-6.641 
686,-9.766 
686,-7.682 
686,-19.141 
686,-44.042 
686,119.146 
687,-7.812 
687,-14.917 
687,-26.432 
687,-23.771 
687,-20.792 
687,119.146 
688,-7.812 
688,-9.766 
688,-29.500 
688,-31.729 
688,-19.750 
688,109.104 
689,-6.641 
689,-9.766 
689,-30.932 
689,-44.474 
689,-46.125 
689,107.312 
690,-7.812 
690,-14.266 
690,-12.182 
690,-19.271 
690,-20.792 
690,126.062 
691,-7.812 
691,-9.766 
691,-26.432 
691,-47.021 
691,-35.042 
691,119.146 
692,-7.812 
692,-14.917 
692,-12.182 
692,-21.224 
692,-45.083 
692,109.104 
693,-7.812 
693,-9.766 
693,-30.932 
693,-32.641 
693,-40.974 
693,117.062 
694,-7.812 
694,-14.917 
694,-30.932 
694,-23.641 
694,-11.141 
694,101.146 
695,-7.812 
695,-18.766 
695,-16.682 
695,-25.724 
695,-43.057 
695,105.979 
696,-7.812 
696,-31.250 
696,-28.516 
696,-39.974 
696,-45.474 
696,99.062 
697,-7.812 
697,-31.250 
697,-37.646 
697,-39.974 
697,-46.125 
697,107.312 
698,-6.641 
698,-9.766 
698,-28.516 
698,-39.974 
698,-55.125 
698,99.062 
699,-7.812 
699,-10.417 
699,-28.646 
699,-21.224 
699,-36.375 
699,99.062 
700,-7.812 
700,-9.766 
700,-34.000 
700,-27.229 
700,-40.583 
700,88.271 
701,-7.812 
701,-10.417 
701,-33.146 
701,-48.974 
701,-40.974 
701,126.062 
702,-7.812 
702,-28.516 
702,-35.432 
702,-44.474 
702,-40.974 
702,126.062 
703,-7.812 
703,-28.516 
703,-35.432 
703,-44.474 
703,-32.625 
703,126.062 
704,-6.641 
704,-8.854 
704,-26.042 
704,-28.271 
704,-35.042 
704,119.146 
705,-7.812 
705,-9.766 
705,-16.292 
705,-30.354 
705,-37.125 
705,107.312 
706,-7.812 
706,-31.250 
706,-33.016 
706,-25.724 
706,-27.375 
706,126.062 
707,-6.641 
707,-9.766 
707,-26.042 
707,-47.021 
707,-39.542 
707,107.312 
708,-7.812 
708,-31.250 
708,-33.146 
708,-48.974 
708,-32.625 
708,126.062 
709,-7.812 
709,-14.917 
709,-12.312 
709,-4.500 
709,-24.641 
709,119.146 
710,-7.812 
710,-9.766 
710,-33.016 
710,-25.724 
710,-37.125 
710,126.062 
711,-6.641 
711,-8.854 
711,-11.792 
711,-32.771 
711,-20.792 
711,108.062 
712,-6.641 
712,-8.854 
712,-16.292 
712,-28.271 
712,-20.792 
712,108.062 
713,-7.812 
713,-31.250 
713,-28.516 
713,-57.062 
713,-40.583 
713,88.271 
714,-7.812 
714,-9.766 
714,-11.792 
714,-14.021 
714,-18.375 
714,126.062 
715,-6.641 
715,-8.854 
715,-35.042 
715,-38.021 
715,-35.042 
715,107.312 
716,-7.812 
716,-31.250 
716,-28.516 
716,-57.062 
716,-36.083 
716,100.104 
717,-7.812 
717,-14.917 
717,-12.312 
717,-4.891 
717,-25.292 
717,99.062 
718,-6.641 
718,-14.266 
718,-12.182 
718,-4.891 
718,-13.224 
718,99.062 
719,-7.812 
719,-10.417 
719,-28.646 
719,-50.667 
719,-56.557 
719,88.271 
720,-7.812 
720,-14.917 
720,-12.312 
720,-25.333 
720,-13.224 
720,100.104 
721,-6.641 
721,-18.766 
721,-16.682 
721,-19.271 
721,-20.792 
721,119.146 
722,-7.812 
722,-14.917 
722,-12.182 
722,-25.724 
722,-27.375 
722,117.062 
723,-7.812 
723,-14.917 
723,-28.646 
723,-25.724 
723,-37.125 
723,126.062 
724,-7.812 
724,-9.766 
724,-16.682 
724,-4.891 
724,-13.224 
724,100.104 
725,-6.641 
725,-8.854 
725,-30.542 
725,-32.771 
725,-41.625 
725,80.312 
726,-7.812 
726,-14.917 
726,-33.146 
726,-25.724 
726,-27.375 
726,117.062 
727,-7.812 
727,-18.766 
727,-37.516 
727,-48.974 
727,-32.625 
727,99.062 
728,-7.812 
728,-10.417 
728,-25.682 
728,-25.724 
728,-22.224 
728,108.062 
729,-7.812 
729,-31.250 
729,-37.646 
729,-39.224 
729,-28.125 
729,108.062 
730,-6.641 
730,-28.516 
730,-26.042 
730,-32.771 
730,-41.625 
730,107.312 
731,-7.812 
731,-28.516 
731,-26.042 
731,-47.021 
731,-39.542 
731,119.146 
732,-7.812 
732,-14.917 
732,-12.312 
732,-23.641 
732,-31.974 
732,80.312 
733,-7.812 
733,-28.516 
733,-30.932 
733,-38.021 
733,-39.542 
733,128.146 
734,-7.812 
734,-14.917 
734,-12.182 
734,-4.891 
734,-16.292 
734,119.146 
735,-7.812 
735,-31.250 
735,-33.146 
735,-25.333 
735,-13.224 
735,109.104 
736,-7.812 
736,-31.250 
736,-37.516 
736,-34.724 
736,-32.625 
736,108.062 
737,-7.812 
737,-10.417 
737,-28.646 
737,-34.333 
737,-35.724 
737,108.062 
738,-7.812 
738,-10.417 
738,-35.432 
738,-19.271 
738,-16.292 
738,128.146 
739,-6.641 
739,-18.766 
739,-25.000 
739,-27.229 
739,-40.583 
739,88.271 
740,-7.812 
740,-14.917 
740,-26.432 
740,-23.641 
740,-35.042 
740,128.146 
741,-7.812 
741,-9.766 
741,-16.292 
741,-23.771 
741,-30.542 
741,128.146 
742,-6.641 
742,-28.516 
742,-35.432 
742,-19.271 
742,-35.042 
742,107.312 
743,-7.812 
743,-28.516 
743,-35.432 
743,-28.141 
743,-36.474 
743,107.312 
744,-7.812 
744,-10.417 
744,-25.682 
744,-25.724 
744,-32.625 
744,107.312 
745,-6.641 
745,-9.766 
745,-7.682 
745,-30.224 
745,-27.375 
745,108.062 
746,-6.641 
746,-18.766 
746,-16.682 
746,-25.724 
746,-31.974 
746,107.312 
747,-6.641 
747,-9.766 
747,-30.932 
747,-32.641 
747,-11.792 
747,117.062 
748,-7.812 
748,-18.766 
748,-37.516 
748,-30.224 
748,-31.974 
748,117.062 
749,-7.812 
749,-14.917 
749,-28.646 
749,-25.724 
749,-45.083 
749,88.271 
750,-6.641 
750,-18.766 
750,-12.182 
750,-19.271 
750,-41.625 
750,108.062 
751,-6.641 
751,-9.766 
751,-7.682 
751,-18.521 
751,-18.375 
751,99.062 
752,-7.812 
752,-18.766 
752,-26.432 
752,-38.021 
752,-39.542 
752,107.312 
753,-6.641 
753,-9.766 
753,-7.682 
753,-13.891 
753,-13.224 
753,99.062 
754,-7.812 
754,-14.917 
754,-26.432 
754,-38.021 
754,-39.542 
754,107.312 
755,-6.641 
755,-14.266 
755,-12.182 
755,-21.224 
755,-34.057 
755,88.271 
756,-7.812 
756,-18.766 
756,-26.042 
756,-38.021 
756,-35.042 
756,107.312 
757,-7.812 
757,-10.417 
757,-28.646 
757,-34.333 
757,-45.474 
757,107.312 
758,-7.812 
758,-10.417 
758,-26.432 
758,-32.641 
758,-27.474 
758,107.312 
759,-7.812 
759,-28.516 
759,-26.042 
759,-28.271 
759,-20.792 
759,119.146 
760,-7.812 
760,-31.250 
760,-37.516 
760,-25.854 
760,-41.625 
760,108.062 
761,-7.812 
761,-10.417 
761,-33.146 
761,-44.474 
761,-31.974 
761,108.062 
762,-6.641 
762,-18.766 
762,-25.000 
762,-27.229 
762,-36.083 
762,88.271 
763,-7.812 
763,-18.766 
763,-16.682 
763,-30.224 
763,-27.083 
763,100.104 
764,-6.641 
764,-18.766 
764,-16.682 
764,-25.724 
764,-13.875 
764,126.062 
765,-7.812 
765,-9.766 
765,-16.292 
765,-28.271 
765,-26.042 
765,119.146 
766,-6.641 
766,-14.266 
766,-30.932 
766,-28.271 
766,-37.125 
766,108.062 
767,-6.641 
767,-8.854 
767,-35.042 
767,-28.271 
767,-20.792 
767,119.146 
768,-7.812 
768,-10.417 
768,-7.812 
768,-19.141 
768,-40.974 
768,108.062 
769,-7.812 
769,-18.766 
769,-16.682 
769,-9.391 
769,-20.141 
769,101.146 
770,-7.812 
770,-31.250 
770,-37.516 
770,-43.562 
770,-40.583 
770,109.104 
771,-7.812 
771,-28.516 
771,-30.932 
771,-44.474 
771,-46.125 
771,107.312 
772,-7.812 
772,-18.766 
772,-28.516 
772,-34.724 
772,-31.974 
772,107.312 
773,-6.641 
773,-9.766 
773,-7.682 
773,-21.224 
773,-43.057 
773,88.271 
774,-7.812 
774,-10.417 
774,-7.812 
774,-19.141 
774,-44.042 
774,119.146 
775,-7.812 
775,-18.766 
775,-7.292 
775,-28.271 
775,-16.292 
775,101.146 
776,-6.641 
776,-18.766 
776,-37.516 
776,-39.974 
776,-28.125 
776,117.062 
777,-6.641 
777,-9.766 
777,-7.682 
777,-21.224 
777,-36.375 
777,105.979 
778,-7.812 
778,-14.917 
778,-16.682 
778,-23.641 
778,-26.042 
778,128.146 
779,-7.812 
779,-9.766 
779,-33.016 
779,-48.062 
779,-40.583 
779,88.271 
780,-7.812 
780,-10.417 
780,-7.812 
780,-29.833 
780,-45.474 
780,107.312 
781,-7.812 
781,-31.250 
781,-33.146 
781,-48.974 
781,-40.974 
781,126.062 
782,-7.812 
782,-9.766 
782,-7.682 
782,-0.391 
782,-20.141 
782,128.146 
783,-7.812 
783,-10.417 
783,-26.432 
783,-19.141 
783,-24.641 
783,101.146 
784,-7.812 
784,-28.516 
784,-26.042 
784,-28.271 
784,-20.792 
784,119.146 
785,-7.812 
785,-31.250 
785,-46.516 
785,-21.354 
785,-28.125 
785,107.312 
786,-6.641 
786,-14.266 
786,-30.932 
786,-39.974 
786,-31.974 
786,108.062 
787,-7.812 
787,-14.917 
787,-12.182 
787,-21.224 
787,-37.125 
787,126.062 
788,-6.641 
788,-28.516 
788,-30.932 
788,-32.641 
788,-11.792 
788,117.062 
789,-7.812 
789,-14.917 
789,-16.682 
789,-13.891 
789,-22.224 
789,100.104 
790,-7.812 
790,-9.766 
790,-26.432 
790,-37.271 
790,-37.125 
790,99.062 
791,-7.812 
791,-14.917 
791,-12.312 
791,-28.141 
791,-11.792 
791,119.146 
792,-7.812 
792,-10.417 
792,-16.812 
792,-23.641 
792,-35.042 
792,107.312 
793,-7.812 
793,-31.250 
793,-28.646 
793,-39.974 
793,-55.125 
793,99.062 
794,-6.641 
794,-28.516 
794,-35.432 
794,-38.021 
794,-35.042 
794,119.146 
795,-7.812 
795,-10.417 
795,-33.146 
795,-25.333 
795,-45.474 
795,107.312 
796,-7.812 
796,-10.417 
796,-35.432 
796,-28.141 
796,-30.542 
796,119.146 
797,-6.641 
797,-18.766 
797,-12.182 
797,-34.724 
797,-28.125 
797,107.312 
798,-7.812 
798,-10.417 
798,-25.682 
798,-9.391 
798,-22.224 
798,99.062 
799,-7.812 
799,-14.917 
799,-12.312 
799,-25.333 
799,-27.474 
799,108.062 
800,-7.812 
800,-14.917 
800,-33.146 
800,-39.974 
800,-31.974 
800,108.062 
801,-6.641 
801,-26.562 
801,-29.500 
801,-48.062 
801,-40.583 
801,109.104 
802,-7.812 
802,-14.917 
802,-12.312 
802,-28.141 
802,-40.974 
802,117.062 
803,-7.812 
803,-31.250 
803,-37.516 
803,-34.724 
803,-31.583 
803,109.104 
804,-7.812 
804,-14.266 
804,-7.292 
804,-14.021 
804,-18.375 
804,126.062 
805,-6.641 
805,-28.516 
805,-35.432 
805,-44.474 
805,-40.974 
805,126.062 
806,-7.812 
806,-18.766 
806,-26.042 
806,-28.271 
806,-20.792 
806,99.062 
807,-7.812 
807,-9.766 
807,-16.682 
807,-19.271 
807,-37.125 
807,107.312 
808,-7.812 
808,-31.250 
808,-28.646 
808,-57.974 
808,-28.125 
808,107.312 
809,-7.812 
809,-31.250 
809,-46.516 
809,-30.224 
809,-22.224 
809,99.062 
810,-7.812 
810,-28.516 
810,-26.042 
810,-42.521 
810,-39.542 
810,128.146 
811,-7.812 
811,-10.417 
811,-26.432 
811,-32.641 
811,-35.042 
811,119.146 
812,-6.641 
812,-9.766 
812,-34.000 
812,-48.062 
812,-36.083 
812,88.271 
813,-7.812 
813,-10.417 
813,-16.812 
813,-19.141 
813,-35.042 
813,107.312 
814,-7.812 
814,-14.917 
814,-33.146 
814,-25.333 
814,-13.224 
814,100.104 
815,-6.641 
815,-28.516 
815,-35.432 
815,-38.021 
815,-39.542 
815,119.146 
816,-7.812 
816,-14.917 
816,-33.146 
816,-25.333 
816,-27.474 
816,108.062 
817,-6.641 
817,-8.854 
817,-26.042 
817,-47.021 
817,-39.542 
817,107.312 
818,-6.641 
818,-18.766 
818,-16.682 
818,-19.271 
818,-39.542 
818,101.146 
819,-7.812 
819,-9.766 
819,-30.932 
819,-23.771 
819,-39.542 
819,107.312 
820,-7.812 
820,-14.917 
820,-16.682 
820,-22.729 
820,-40.583 
820,88.271 
821,-6.641 
821,-9.766 
821,-16.292 
821,-28.271 
821,-20.792 
821,99.062 
822,-7.812 
822,-18.766 
822,-7.292 
822,-28.271 
822,-37.125 
822,99.062 
823,-7.812 
823,-9.766 
823,-26.432 
823,-37.271 
823,-26.042 
823,107.312 
824,-6.641 
824,-9.766 
824,-30.932 
824,-23.771 
824,-20.792 
824,126.062 
825,-7.812 
825,-28.516 
825,-30.932 
825,-38.021 
825,-39.542 
825,128.146 
826,-6.641 
826,-28.516 
826,-26.432 
826,-48.974 
826,-46.125 
826,107.312 
827,-7.812 
827,-10.417 
827,-16.812 
827,-25.333 
827,-54.474 
827,99.062 
828,-7.812 
828,-9.766 
828,-26.432 
828,-37.271 
828,-20.792 
828,99.062 
829,-7.812 
829,-31.250 
829,-37.516 
829,-43.562 
829,-40.583 
829,109.104 
830,-6.641 
830,-18.766 
830,-30.932 
830,-32.641 
830,-40.974 
830,99.062 
831,-7.812 
831,-18.766 
831,-30.932 
831,-23.771 
831,-39.542 
831,101.146 
832,-6.641 
832,-18.766 
832,-16.682 
832,-19.271 
832,-16.292 
832,108.062 
833,-6.641 
833,-9.766 
833,-16.292 
833,-28.271 
833,-20.792 
833,108.062 
834,-6.641 
834,-8.854 
834,-30.542 
834,-51.521 
834,-39.542 
834,101.146 
835,-6.641 
835,-18.766 
835,-16.682 
835,-19.271 
835,-37.125 
835,107.312 
836,-7.812 
836,-28.516 
836,-39.932 
836,-23.771 
836,-20.792 
836,101.146 
837,-7.812 
837,-9.766 
837,-16.682 
837,-23.641 
837,-27.474 
837,107.312 
838,-7.812 
838,-18.766 
838,-7.292 
838,-28.271 
838,-37.125 
838,108.062 
839,-7.812 
839,-28.516 
839,-35.042 
839,-28.271 
839,-37.125 
839,108.062 
840,-7.812 
840,-10.417 
840,-33.146 
840,-39.224 
840,-22.224 
840,108.062 
841,-7.812 
841,-10.417 
841,-35.432 
841,-48.974 
841,-40.974 
841,107.312 
842,-6.641 
842,-18.766 
842,-26.042 
842,-28.271 
842,-26.042 
842,107.312 
843,-6.641 
843,-9.766 
843,-34.000 
843,-48.062 
843,-36.083 
843,88.271 
844,-7.812 
844,-10.417 
844,-16.812 
844,-28.141 
844,-36.474 
844,126.062 
845,-7.812 
845,-9.766 
845,-30.932 
845,-32.641 
845,-30.542 
845,119.146 
846,-7.812 
846,-14.917 
846,-16.682 
846,-23.771 
846,-37.125 
846,107.312 
847,-7.812 
847,-9.766 
847,-21.182 
847,-13.891 
847,-22.224 
847,108.062 
848,-7.812 
848,-9.766 
848,-37.516 
848,-34.724 
848,-43.057 
848,88.271 
849,-7.812 
849,-10.417 
849,-33.146 
849,-25.724 
849,-13.224 
849,109.104 
850,-7.812 
850,-10.417 
850,-26.432 
850,-39.974 
850,-45.474 
850,99.062 
851,-7.812 
851,-10.417 
851,-7.812 
851,-27.391 
851,-17.724 
851,108.062 
852,-7.812 
852,-14.917 
852,-12.312 
852,-4.891 
852,-25.292 
852,101.146 
853,-7.812 
853,-9.766 
853,-26.432 
853,-19.141 
853,-34.292 
853,101.146 
854,-7.812 
854,-9.766 
854,-29.500 
854,-31.729 
854,-40.583 
854,88.271 
855,-6.641 
855,-9.766 
855,-33.016 
855,-25.724 
855,-31.974 
855,107.312 
856,-6.641 
856,-9.766 
856,-30.932 
856,-23.641 
856,-31.974 
856,108.062 
857,-7.812 
857,-14.266 
857,-30.932 
857,-23.641 
857,-44.042 
857,80.312 
858,-7.812 
858,-31.250 
858,-37.516 
858,-34.724 
858,-43.057 
858,105.979 
859,-7.812 
859,-31.250 
859,-28.516 
859,-48.974 
859,-46.125 
859,107.312 
860,-6.641 
860,-18.766 
860,-28.516 
860,-34.724 
860,-32.625 
860,108.062 
861,-6.641 
861,-8.854 
861,-11.792 
861,-32.771 
861,-20.792 
861,108.062 
862,-7.812 
862,-10.417 
862,-7.682 
862,-36.229 
862,-36.083 
862,109.104 
863,-7.812 
863,-31.250 
863,-37.646 
863,-39.974 
863,-31.974 
863,107.312 
864,-7.812 
864,-9.766 
864,-16.292 
864,-30.354 
864,-37.125 
864,99.062 
865,-7.812 
865,-14.917 
865,-12.312 
865,-25.333 
865,-35.724 
865,108.062 
866,-6.641 
866,-9.766 
866,-16.292 
866,-25.854 
866,-22.875 
866,126.062 
867,-7.812 
867,-14.917 
867,-16.682 
867,-19.271 
867,-20.792 
867,128.146 
868,-7.812 
868,-31.250 
868,-33.146 
868,-46.167 
868,-56.557 
868,88.271 
869,-7.812 
869,-10.417 
869,-28.646 
869,-57.974 
869,-28.125 
869,107.312 
870,-7.812 
870,-9.766 
870,-7.682 
870,-30.224 
870,-31.974 
870,107.312 
871,-7.812 
871,-31.250 
871,-33.146 
871,-25.333 
871,-45.474 
871,126.062 
872,-7.812 
872,-14.917 
872,-16.682 
872,-34.724 
872,-22.224 
872,100.104 
873,-6.641 
873,-28.516 
873,-30.542 
873,-32.771 
873,-41.625 
873,80.312 
874,-7.812 
874,-10.417 
874,-35.432 
874,-48.974 
874,-28.125 
874,117.062 
875,-6.641 
875,-9.766 
875,-33.016 
875,-44.474 
875,-46.125 
875,107.312 
876,-7.812 
876,-18.766 
876,-7.292 
876,-23.771 
876,-20.792 
876,108.062 
877,-6.641 
877,-28.516 
877,-30.542 
877,-51.521 
877,-39.542 
877,101.146 
878,-6.641 
878,-8.854 
878,-35.042 
878,-28.271 
878,-20.792 
878,119.146 
879,-7.812 
879,-14.917 
879,-30.932 
879,-28.271 
879,-37.125 
879,107.312 
880,-7.812 
880,-9.766 
880,-26.432 
880,-48.974 
880,-46.125 
880,107.312 
881,-7.812 
881,-14.917 
881,-28.646 
881,-44.474 
881,-46.125 
881,108.062 
882,-7.812 
882,-31.250 
882,-33.146 
882,-48.974 
882,-40.974 
882,126.062 
883,-7.812 
883,-10.417 
883,-16.812 
883,-37.141 
883,-40.974 
883,99.062 
884,-6.641 
884,-9.766 
884,-16.292 
884,-28.271 
884,-39.542 
884,80.312 
885,-7.812 
885,-14.266 
885,-28.516 
885,-44.474 
885,-31.974 
885,107.312 
886,-6.641 
886,-9.766 
886,-7.682 
886,-28.271 
886,-20.792 
886,119.146 
887,-7.812 
887,-10.417 
887,-33.146 
887,-44.474 
887,-31.974 
887,107.312 
888,-7.812 
888,-9.766 
888,-26.432 
888,-47.021 
888,-35.042 
888,119.146 
889,-6.641 
889,-9.766 
889,-21.182 
889,-23.771 
889,-20.792 
889,119.146 
890,-6.641 
890,-8.854 
890,-30.542 
890,-51.521 
890,-39.542 
890,80.312 
891,-6.641 
891,-28.516 
891,-30.932 
891,-44.474 
891,-46.125 
891,107.312 
892,-6.641 
892,-14.266 
892,-28.516 
892,-30.354 
892,-22.875 
892,126.062 
893,-6.641 
893,-14.266 
893,-30.932 
893,-47.021 
893,-39.542 
893,101.146 
894,-7.812 
894,-18.766 
894,-7.292 
894,-25.854 
894,-22.875 
894,126.062 
895,-7.812 
895,-9.766 
895,-7.682 
895,-28.271 
895,-37.125 
895,117.062 
896,-7.812 
896,-9.766 
896,-28.516 
896,-39.974 
896,-45.474 
896,80.312 
897,-7.812 
897,-14.917 
897,-12.182 
897,-25.724 
897,-29.557 
897,105.979 
898,-7.812 
898,-14.917 
898,-12.312 
898,-23.641 
898,-25.292 
898,119.146 
899,-7.812 
899,-10.417 
899,-26.432 
899,-19.141 
899,-44.042 
899,119.146 
900,-7.812 
900,-28.516 
900,-35.432 
900,-28.141 
900,-7.292 
900,128.146 
901,-7.812 
901,-10.417 
901,-25.682 
901,-0.521 
901,-7.292 
901,128.146 
902,-7.812 
902,-10.417 
902,-35.432 
902,-28.141 
902,-36.474 
902,107.312 
903,-6.641 
903,-9.766 
903,-26.432 
903,-48.974 
903,-46.125 
903,108.062 
904,-7.812 
904,-10.417 
904,-33.146 
904,-25.333 
904,-45.474 
904,126.062 
905,-6.641 
905,-18.766 
905,-16.682 
905,-9.391 
905,-10.750 
905,100.104 
906,-7.812 
906,-10.417 
906,-7.812 
906,-29.833 
906,-13.224 
906,109.104 
907,-7.812 
907,-9.766 
907,-26.432 
907,-48.974 
907,-31.974 
907,108.062 
908,-7.812 
908,-14.917 
908,-28.646 
908,-48.974 
908,-40.974 
908,107.312 
909,-7.812 
909,-10.417 
909,-16.812 
909,-19.141 
909,-11.141 
909,128.146 
910,-6.641 
910,-9.766 
910,-26.432 
910,-32.641 
910,-35.042 
910,107.312 
911,-6.641 
911,-8.854 
911,-26.042 
911,-28.271 
911,-35.042 
911,107.312 
912,-6.641 
912,-14.266 
912,-12.182 
912,-4.891 
912,-16.292 
912,117.062 
913,-6.641 
913,-9.766 
913,-30.932 
913,-28.271 
913,-30.542 
913,107.312 
914,-7.812 
914,-9.766 
914,-21.182 
914,-22.729 
914,-40.583 
914,88.271 
915,-6.641 
915,-9.766 
915,-16.682 
915,-28.271 
915,-20.792 
915,99.062 
916,-6.641 
916,-9.766 
916,-33.016 
916,-48.062 
916,-40.583 
916,88.271 
917,-6.641 
917,-26.562 
917,-29.500 
917,-48.062 
917,-40.583 
917,109.104 
918,-6.641 
918,-9.766 
918,-16.292 
918,-9.521 
918,-18.375 
918,108.062 
919,-6.641 
919,-8.854 
919,-35.042 
919,-28.271 
919,-37.125 
919,108.062 
920,-7.812 
920,-31.250 
920,-33.146 
920,-44.474 
920,-46.125 
920,108.062 
921,-7.812 
921,-10.417 
921,-28.646 
921,-34.333 
921,-45.474 
921,117.062 
922,-7.812 
922,-28.516 
922,-30.932 
922,-23.641 
922,-11.141 
922,128.146 
923,-7.812 
923,-14.917 
923,-16.682 
923,-19.271 
923,-20.792 
923,108.062 
924,-7.812 
924,-31.250 
924,-46.516 
924,-39.062 
924,-40.583 
924,88.271 
925,-7.812 
925,-10.417 
925,-7.682 
925,-36.229 
925,-19.750 
925,100.104 
926,-6.641 
926,-9.766 
926,-7.682 
926,-28.141 
926,-31.974 
926,107.312 
927,-7.812 
927,-9.766 
927,-33.016 
927,-25.724 
927,-31.974 
927,108.062 
928,-6.641 
928,-9.766 
928,-28.516 
928,-21.224 
928,-40.974 
928,107.312 
929,-7.812 
929,-18.766 
929,-37.516 
929,-39.062 
929,-36.083 
929,88.271 
930,-7.812 
930,-18.766 
930,-25.000 
930,-43.562 
930,-40.583 
930,109.104 
931,-6.641 
931,-28.516 
931,-35.432 
931,-47.021 
931,-39.542 
931,80.312 
932,-6.641 
932,-14.266 
932,-12.182 
932,-21.224 
932,-45.083 
932,88.271 
933,-6.641 
933,-8.854 
933,-35.042 
933,-38.021 
933,-35.042 
933,119.146 
934,-7.812 
934,-28.516 
934,-35.432 
934,-23.641 
934,-31.974 
934,80.312 
935,-7.812 
935,-9.766 
935,-21.182 
935,-30.224 
935,-31.974 
935,126.062 
936,-7.812 
936,-10.417 
936,-25.682 
936,-18.229 
936,-36.083 
936,109.104 
937,-7.812 
937,-10.417 
937,-16.812 
937,-25.333 
937,-13.224 
937,100.104 
938,-6.641 
938,-9.766 
938,-34.000 
938,-27.229 
938,-36.083 
938,88.271 
939,-7.812 
939,-31.250 
939,-46.516 
939,-30.224 
939,-9.375 
939,105.979 
940,-7.812 
940,-10.417 
940,-7.812 
940,-19.141 
940,-24.641 
940,119.146 
941,-6.641 
941,-18.766 
941,-7.292 
941,-19.271 
941,-20.792 
941,126.062 
942,-7.812 
942,-18.766 
942,-26.042 
942,-28.271 
942,-37.125 
942,108.062 
943,-7.812 
943,-9.766 
943,-16.682 
943,-4.891 
943,-8.724 
943,126.062 
944,-7.812 
944,-10.417 
944,-16.812 
944,-28.141 
944,-36.474 
944,126.062 
945,-7.812 
945,-14.266 
945,-30.932 
945,-28.271 
945,-20.792 
945,119.146 
946,-7.812 
946,-14.917 
946,-28.646 
946,-25.724 
946,-27.375 
946,126.062 
947,-7.812 
947,-14.266 
947,-28.516 
947,-25.724 
947,-45.083 
947,88.271 
948,-7.812 
948,-18.766 
948,-16.682 
948,-30.224 
948,-40.974 
948,80.312 
949,-7.812 
949,-14.917 
949,-35.432 
949,-32.641 
949,-30.542 
949,80.312 
950,-7.812 
950,-10.417 
950,-33.146 
950,-46.167 
950,-56.557 
950,88.271 
951,-6.641 
951,-18.766 
951,-37.516 
951,-21.354 
951,-28.125 
951,117.062 
952,-7.812 
952,-14.917 
952,-12.182 
952,-23.641 
952,-25.292 
952,99.062 
953,-7.812 
953,-31.250 
953,-28.516 
953,-39.974 
953,-45.474 
953,80.312 
954,-7.812 
954,-9.766 
954,-16.682 
954,-9.521 
954,-18.375 
954,108.062 
955,-6.641 
955,-18.766 
955,-26.432 
955,-19.271 
955,-16.292 
955,126.062 
956,-7.812 
956,-18.766 
956,-37.516 
956,-30.224 
956,-22.224 
956,108.062 
957,-7.812 
957,-18.766 
957,-16.682 
957,-25.724 
957,-31.974 
957,107.312 
958,-6.641 
958,-9.766 
958,-16.292 
958,-23.771 
958,-41.625 
958,107.312 
959,-6.641 
959,-9.766 
959,-7.682 
959,-28.141 
959,-31.974 
959,108.062 
960,-6.641 
960,-14.266 
960,-12.182 
960,-27.229 
960,-40.583 
960,100.104 
961,-7.812 
961,-28.516 
961,-26.432 
961,-32.641 
961,-11.141 
961,119.146 
962,-7.812 
962,-9.766 
962,-26.432 
962,-32.641 
962,-31.974 
962,99.062 
963,-7.812 
963,-9.766 
963,-7.682 
963,-13.891 
963,-13.224 
963,99.062 
964,-6.641 
964,-26.562 
964,-34.000 
964,-48.062 
964,-40.583 
964,88.271 
965,-7.812 
965,-18.766 
965,-16.682 
965,-19.271 
965,-16.292 
965,108.062 
966,-7.812 
966,-18.766 
966,-16.682 
966,-0.521 
966,-18.375 
966,105.979 
967,-6.641 
967,-8.854 
967,-11.792 
967,-14.021 
967,-18.375 
967,126.062 
968,-6.641 
968,-9.766 
968,-34.000 
968,-27.229 
968,-40.583 
968,88.271 
969,-7.812 
969,-14.917 
969,-28.646 
969,-25.333 
969,-35.724 
969,108.062 
970,-7.812 
970,-14.917 
970,-28.646 
970,-48.974 
970,-40.974 
970,126.062 
971,-7.812 
971,-18.766 
971,-25.000 
971,-27.229 
971,-36.083 
971,109.104 
972,-6.641 
972,-18.766 
972,-25.000 
972,-27.229 
972,-36.083 
972,100.104 
973,-7.812 
973,-9.766 
973,-7.682 
973,-28.271 
973,-37.125 
973,107.312 
974,-7.812 
974,-31.250 
974,-33.016 
974,-25.724 
974,-31.974 
974,107.312 
975,-6.641 
975,-9.766 
975,-33.016 
975,-30.354 
975,-32.625 
975,107.312 
976,-6.641 
976,-28.516 
976,-35.432 
976,-39.974 
976,-46.125 
976,108.062 
977,-7.812 
977,-14.917 
977,-12.312 
977,-25.333 
977,-54.474 
977,99.062 
978,-6.641 
978,-9.766 
978,-26.432 
978,-39.974 
978,-55.125 
978,80.312 
979,-6.641 
979,-18.766 
979,-7.292 
979,-19.271 
979,-37.125 
979,107.312 
980,-6.641 
980,-9.766 
980,-30.932 
980,-32.641 
980,-30.542 
980,107.312 
981,-6.641 
981,-26.562 
981,-34.000 
981,-27.229 
981,-36.083 
981,88.271 
982,-6.641 
982,-14.266 
982,-30.932 
982,-23.641 
982,-11.141 
982,119.146 
983,-7.812 
983,-31.250 
983,-33.146 
983,-25.724 
983,-45.083 
983,88.271 
984,-6.641 
984,-26.562 
984,-34.000 
984,-48.062 
984,-40.583 
984,88.271 
985,-7.812 
985,-10.417 
985,-35.432 
985,-28.141 
985,-26.042 
985,119.146 
986,-7.812 
986,-18.766 
986,-7.292 
986,-25.854 
986,-41.625 
986,108.062 
987,-7.812 
987,-9.766 
987,-28.516 
987,-48.974 
987,-31.974 
987,107.312 
988,-7.812 
988,-31.250 
988,-37.646 
988,-39.974 
988,-46.125 
988,108.062 
989,-6.641 
989,-18.766 
989,-16.682 
989,-9.391 
989,-22.224 
989,100.104 
990,-7.812 
990,-31.250 
990,-33.146 
990,-25.333 
990,-45.474 
990,107.312 
991,-7.812 
991,-18.766 
991,-37.516 
991,-30.224 
991,-38.557 
991,88.271 
992,-7.812 
992,-31.250 
992,-28.646 
992,-21.224 
992,-26.724 
992,117.062 
993,-6.641 
993,-28.516 
993,-26.042 
993,-28.271 
993,-39.542 
993,107.312 
994,-6.641 
994,-18.766 
994,-25.000 
994,-27.229 
994,-40.583 
994,88.271 
995,-7.812 
995,-9.766 
995,-7.682 
995,-28.271 
995,-35.042 
995,119.146 
996,-7.812 
996,-14.917 
996,-12.182 
996,-21.224 
996,-31.974 
996,108.062 
997,-7.812 
997,-18.766 
997,-28.516 
997,-43.562 
997,-40.583 
997,109.104 
998,-7.812 
998,-10.417 
998,-7.682 
998,-36.229 
998,-36.083 
998,109.104 
999,-6.641 
999,-28.516 
999,-35.432 
999,-28.141 
999,-30.542 
999,119.146 
1000,-7.812 
1000,-10.417 
1000,-28.646 
1000,-21.224 
1000,-43.057 
1000,105.979 
1001,-7.812 
1001,-14.917 
1001,-12.182 
1001,-28.271 
1001,-20.792 
1001,99.062 
1002,-7.812 
1002,-18.766 
1002,-26.432 
1002,-19.271 
1002,-35.042 
1002,119.146 
1003,-7.812 
1003,-31.250 
1003,-33.016 
1003,-48.062 
1003,-40.583 
1003,109.104 
1004,-7.812 
1004,-14.266 
1004,-28.516 
1004,-30.354 
1004,-22.875 
1004,105.979 
1005,-6.641 
1005,-9.766 
1005,-28.516 
1005,-57.062 
1005,-40.583 
1005,88.271 
1006,-6.641 
1006,-18.766 
1006,-37.516 
1006,-39.974 
1006,-40.974 
1006,107.312 
1007,-7.812 
1007,-10.417 
1007,-25.682 
1007,-28.141 
1007,-11.792 
1007,99.062 
1008,-7.812 
1008,-14.917 
1008,-33.146 
1008,-39.974 
1008,-31.974 
1008,108.062 
1009,-7.812 
1009,-31.250 
1009,-28.646 
1009,-57.974 
1009,-28.125 
1009,107.312 
1010,-7.812 
1010,-14.917 
1010,-12.312 
1010,-23.641 
1010,-27.474 
1010,108.062 
1011,-7.812 
1011,-10.417 
1011,-7.812 
1011,-0.391 
1011,-25.292 
1011,128.146 
1012,-6.641 
1012,-8.854 
1012,-11.792 
1012,-32.771 
1012,-20.792 
1012,119.146 
1013,-6.641 
1013,-18.766 
1013,-28.516 
1013,-25.854 
1013,-22.875 
1013,108.062 
1014,-6.641 
1014,-8.854 
1014,-26.042 
1014,-28.271 
1014,-37.125 
1014,107.312 
1015,-6.641 
1015,-9.766 
1015,-33.016 
1015,-25.724 
1015,-45.083 
1015,109.104 
1016,-7.812 
1016,-10.417 
1016,-16.812 
1016,-18.391 
1016,-22.224 
1016,100.104 
1017,-7.812 
1017,-9.766 
1017,-16.292 
1017,-25.854 
1017,-41.625 
1017,108.062 
1018,-6.641 
1018,-9.766 
1018,-7.682 
1018,-18.521 
1018,-18.375 
1018,105.979 
1019,-7.812 
1019,-31.250 
1019,-33.146 
1019,-44.474 
1019,-31.974 
1019,107.312 
1020,-7.812 
1020,-9.766 
1020,-16.682 
1020,-23.641 
1020,-31.974 
1020,99.062 
1021,-6.641 
1021,-8.854 
1021,-16.292 
1021,-28.271 
1021,-16.292 
1021,108.062 
1022,-7.812 
1022,-31.250 
1022,-33.146 
1022,-25.724 
1022,-27.375 
1022,108.062 
1023,-7.812 
1023,-9.766 
1023,-26.042 
1023,-47.021 
1023,-35.042 
1023,119.146 
1024,-6.641 
1024,-26.562 
1024,-34.000 
1024,-27.229 
1024,-40.583 
1024,88.271 
1025,-7.812 
1025,-9.766 
1025,-37.516 
1025,-34.724 
1025,-22.224 
1025,109.104 
1026,-7.812 
1026,-10.417 
1026,-16.812 
1026,-4.891 
1026,-16.292 
1026,117.062 
1027,-6.641 
1027,-9.766 
1027,-16.292 
1027,-19.271 
1027,-20.792 
1027,117.062 
1028,-7.812 
1028,-9.766 
1028,-7.682 
1028,-30.224 
1028,-27.375 
1028,126.062 
1029,-7.812 
1029,-28.516 
1029,-35.432 
1029,-44.474 
1029,-40.974 
1029,107.312 
1030,-7.812 
1030,-14.917 
1030,-35.432 
1030,-42.521 
1030,-39.542 
1030,101.146 
1031,-6.641 
1031,-9.766 
1031,-30.932 
1031,-23.641 
1031,-35.042 
1031,128.146 
1032,-6.641 
1032,-8.854 
1032,-16.292 
1032,-28.271 
1032,-37.125 
1032,80.312 
1033,-6.641 
1033,-8.854 
1033,-26.042 
1033,-28.271 
1033,-35.042 
1033,119.146 
1034,-7.812 
1034,-9.766 
1034,-37.516 
1034,-44.474 
1034,-32.625 
1034,107.312 
1035,-7.812 
1035,-14.266 
1035,-25.000 
1035,-31.729 
1035,-19.750 
1035,100.104 
1036,-7.812 
1036,-31.250 
1036,-33.146 
1036,-46.167 
1036,-56.557 
1036,88.271 
1037,-6.641 
1037,-18.766 
1037,-25.000 
1037,-27.229 
1037,-40.583 
1037,100.104 
1038,-7.812 
1038,-31.250 
1038,-28.646 
1038,-50.667 
1038,-34.057 
1038,88.271 
1039,-7.812 
1039,-18.766 
1039,-7.292 
1039,-23.771 
1039,-30.542 
1039,107.312 
1040,-6.641 
1040,-18.766 
1040,-16.682 
1040,-30.224 
1040,-40.974 
1040,80.312 
1041,-6.641 
1041,-28.516 
1041,-35.432 
1041,-47.021 
1041,-39.542 
1041,101.146 
1042,-7.812 
1042,-31.250 
1042,-33.146 
1042,-39.224 
1042,-32.625 
1042,107.312 
1043,-7.812 
1043,-9.766 
1043,-26.432 
1043,-19.141 
1043,-24.641 
1043,119.146 
1044,-7.812 
1044,-10.417 
1044,-7.812 
1044,-37.141 
1044,-26.042 
1044,107.312 
1045,-7.812 
1045,-10.417 
1045,-28.646 
1045,-34.333 
1045,-27.474 
1045,107.312 
1046,-6.641 
1046,-28.516 
1046,-30.932 
1046,-32.641 
1046,-26.042 
1046,107.312 
1047,-7.812 
1047,-14.266 
1047,-12.182 
1047,-4.891 
1047,-16.292 
1047,126.062 
1048,-7.812 
1048,-28.516 
1048,-30.932 
1048,-32.641 
1048,-11.792 
1048,117.062 
1049,-6.641 
1049,-28.516 
1049,-35.432 
1049,-39.974 
1049,-31.974 
1049,107.312 
1050,-7.812 
1050,-14.917 
1050,-28.646 
1050,-46.167 
1050,-34.057 
1050,105.979 
1051,-6.641 
1051,-18.766 
1051,-25.000 
1051,-48.062 
1051,-40.583 
1051,100.104 
1052,-6.641 
1052,-18.766 
1052,-7.292 
1052,-30.354 
1052,-37.125 
1052,99.062 
1053,-7.812 
1053,-28.516 
1053,-26.432 
1053,-37.271 
1053,-37.125 
1053,80.312 
1054,-7.812 
1054,-14.917 
1054,-30.932 
1054,-23.641 
1054,-11.141 
1054,119.146 
1055,-7.812 
1055,-10.417 
1055,-26.432 
1055,-19.141 
1055,-44.042 
1055,119.146 
1056,-6.641 
1056,-9.766 
1056,-30.932 
1056,-23.771 
1056,-37.125 
1056,126.062 
1057,-7.812 
1057,-14.266 
1057,-12.182 
1057,-21.224 
1057,-13.224 
1057,109.104 
1058,-6.641 
1058,-26.562 
1058,-29.500 
1058,-48.062 
1058,-40.583 
1058,88.271 
1059,-7.812 
1059,-31.250 
1059,-33.146 
1059,-25.333 
1059,-31.974 
1059,108.062 
1060,-6.641 
1060,-8.854 
1060,-11.792 
1060,-30.354 
1060,-41.625 
1060,107.312 
1061,-7.812 
1061,-18.766 
1061,-28.516 
1061,-25.854 
1061,-32.625 
1061,126.062 
1062,-7.812 
1062,-31.250 
1062,-33.146 
1062,-46.167 
1062,-56.557 
1062,88.271 
1063,-7.812 
1063,-14.917 
1063,-12.182 
1063,-23.641 
1063,-31.974 
1063,99.062 
1064,-7.812 
1064,-28.516 
1064,-30.932 
1064,-23.641 
1064,-31.974 
1064,107.312 
1065,-7.812 
1065,-9.766 
1065,-26.042 
1065,-28.271 
1065,-35.042 
1065,119.146 
1066,-7.812 
1066,-18.766 
1066,-28.516 
1066,-34.724 
1066,-32.625 
1066,108.062 
1067,-6.641 
1067,-9.766 
1067,-30.932 
1067,-28.271 
1067,-20.792 
1067,108.062 
1068,-7.812 
1068,-10.417 
1068,-26.432 
1068,-39.974 
1068,-45.474 
1068,99.062 
1069,-7.812 
1069,-31.250 
1069,-46.516 
1069,-21.354 
1069,-41.625 
1069,80.312 
1070,-7.812 
1070,-10.417 
1070,-26.432 
1070,-47.021 
1070,-35.042 
1070,119.146 
1071,-6.641 
1071,-18.766 
1071,-16.682 
1071,-9.391 
1071,-22.224 
1071,100.104 
1072,-6.641 
1072,-18.766 
1072,-7.292 
1072,-23.771 
1072,-41.625 
1072,107.312 
1073,-6.641 
1073,-18.766 
1073,-26.042 
1073,-28.271 
1073,-20.792 
1073,119.146 
1074,-7.812 
1074,-14.917 
1074,-26.432 
1074,-23.771 
1074,-39.542 
1074,107.312 
1075,-7.812 
1075,-31.250 
1075,-33.016 
1075,-25.724 
1075,-31.974 
1075,108.062 
1076,-7.812 
1076,-10.417 
1076,-7.682 
1076,-28.271 
1076,-35.042 
1076,107.312 
1077,-7.812 
1077,-14.266 
1077,-28.516 
1077,-30.354 
1077,-32.625 
1077,107.312 
1078,-7.812 
1078,-18.766 
1078,-12.182 
1078,-5.021 
1078,-22.875 
1078,105.979 
1079,-6.641 
1079,-14.266 
1079,-30.932 
1079,-23.641 
1079,-27.474 
1079,108.062 
1080,-7.812 
1080,-28.516 
1080,-26.042 
1080,-28.271 
1080,-35.042 
1080,119.146 
1081,-6.641 
1081,-28.516 
1081,-26.432 
1081,-47.021 
1081,-35.042 
1081,107.312 
1082,-7.812 
1082,-10.417 
1082,-16.812 
1082,-28.141 
1082,-40.974 
1082,117.062 
1083,-7.812 
1083,-18.766 
1083,-26.432 
1083,-38.021 
1083,-39.542 
1083,119.146 
1084,-6.641 
1084,-9.766 
1084,-16.682 
1084,-4.891 
1084,-25.292 
1084,99.062 
1085,-7.812 
1085,-28.516 
1085,-30.932 
1085,-44.474 
1085,-46.125 
1085,108.062 
1086,-7.812 
1086,-14.917 
1086,-12.312 
1086,-4.891 
1086,-8.724 
1086,126.062 
1087,-6.641 
1087,-14.266 
1087,-7.292 
1087,-14.021 
1087,-20.792 
1087,108.062 
1088,-7.812 
1088,-31.250 
1088,-28.516 
1088,-34.724 
1088,-27.375 
1088,99.062 
1089,-6.641 
1089,-8.854 
1089,-16.292 
1089,-28.271 
1089,-20.792 
1089,99.062 
1090,-6.641 
1090,-18.766 
1090,-37.516 
1090,-30.224 
1090,-9.375 
1090,105.979 
1091,-7.812 
1091,-31.250 
1091,-37.516 
1091,-43.562 
1091,-40.583 
1091,109.104 
1092,-7.812 
1092,-31.250 
1092,-33.146 
1092,-39.224 
1092,-31.974 
1092,107.312 
1093,-7.812 
1093,-14.917 
1093,-12.182 
1093,-19.271 
1093,-20.792 
1093,126.062 
1094,-7.812 
1094,-14.917 
1094,-35.432 
1094,-32.641 
1094,-30.542 
1094,80.312 
1095,-6.641 
1095,-9.766 
1095,-7.682 
1095,-28.271 
1095,-35.042 
1095,119.146 
1096,-7.812 
1096,-10.417 
1096,-25.682 
1096,-19.271 
1096,-16.292 
1096,108.062 
1097,-7.812 
1097,-9.766 
1097,-11.792 
1097,-14.021 
1097,-20.792 
1097,119.146 
1098,-7.812 
1098,-31.250 
1098,-46.516 
1098,-21.354 
1098,-22.875 
1098,117.062 
1099,-7.812 
1099,-9.766 
1099,-7.682 
1099,-18.521 
1099,-18.375 
1099,108.062 
1100,-6.641 
1100,-9.766 
1100,-7.682 
1100,-28.271 
1100,-37.125 
1100,117.062 
1101,-7.812 
1101,-14.266 
1101,-7.292 
1101,-23.771 
1101,-39.542 
1101,119.146 
1102,-6.641 
1102,-18.766 
1102,-16.682 
1102,-0.521 
1102,-18.375 
1102,99.062 
1103,-6.641 
1103,-28.516 
1103,-30.932 
1103,-23.641 
1103,-31.974 
1103,107.312 
1104,-6.641 
1104,-9.766 
1104,-7.682 
1104,-13.891 
1104,-11.141 
1104,101.146 
1105,-6.641 
1105,-8.854 
1105,-35.042 
1105,-38.021 
1105,-35.042 
1105,107.312 
1106,-7.812 
1106,-18.766 
1106,-26.432 
1106,-28.141 
1106,-7.292 
1106,126.062 
1107,-7.812 
1107,-14.917 
1107,-16.682 
1107,-30.224 
1107,-43.057 
1107,88.271 
1108,-7.812 
1108,-10.417 
1108,-25.682 
1108,-9.391 
1108,-7.292 
1108,108.062 
1109,-7.812 
1109,-10.417 
1109,-35.432 
1109,-48.974 
1109,-28.125 
1109,117.062 
1110,-7.812 
1110,-31.250 
1110,-33.146 
1110,-46.167 
1110,-56.557 
1110,88.271 
1111,-7.812 
1111,-10.417 
1111,-26.432 
1111,-48.974 
1111,-31.974 
1111,107.312 
1112,-6.641 
1112,-26.562 
1112,-34.000 
1112,-43.562 
1112,-40.583 
1112,88.271 
1113,-7.812 
1113,-9.766 
1113,-37.516 
1113,-44.474 
1113,-32.625 
1113,126.062 
1114,-6.641 
1114,-9.766 
1114,-16.682 
1114,-25.724 
1114,-45.083 
1114,100.104 
1115,-7.812 
1115,-31.250 
1115,-33.146 
1115,-39.224 
1115,-32.625 
1115,107.312 
1116,-7.812 
1116,-10.417 
1116,-26.432 
1116,-32.641 
1116,-31.974 
1116,80.312 
1117,-7.812 
1117,-14.917 
1117,-16.682 
1117,-13.891 
1117,-11.141 
1117,128.146 
1118,-7.812 
1118,-14.917 
1118,-35.432 
1118,-23.771 
1118,-41.625 
1118,80.312 
1119,-7.812 
1119,-31.250 
1119,-28.646 
1119,-21.224 
1119,-54.083 
1119,100.104 
1120,-7.812 
1120,-14.917 
1120,-16.682 
1120,-19.271 
1120,-30.542 
1120,128.146 
1121,-7.812 
1121,-18.766 
1121,-16.682 
1121,-19.141 
1121,-26.042 
1121,119.146 
1122,-7.812 
1122,-31.250 
1122,-33.146 
1122,-39.224 
1122,-31.974 
1122,107.312 
1123,-6.641 
1123,-9.766 
1123,-34.000 
1123,-27.229 
1123,-36.083 
1123,100.104 
1124,-7.812 
1124,-28.516 
1124,-30.932 
1124,-23.771 
1124,-37.125 
1124,107.312 
1125,-7.812 
1125,-9.766 
1125,-28.516 
1125,-21.224 
1125,-26.724 
1125,99.062 
1126,-7.812 
1126,-18.766 
1126,-12.182 
1126,-30.224 
1126,-32.625 
1126,107.312 
1127,-7.812 
1127,-10.417 
1127,-7.682 
1127,-21.224 
1127,-26.724 
1127,99.062 
1128,-7.812 
1128,-14.917 
1128,-12.312 
1128,-25.333 
1128,-31.974 
1128,80.312 
1129,-7.812 
1129,-10.417 
1129,-33.146 
1129,-25.333 
1129,-35.724 
1129,108.062 
1130,-7.812 
1130,-10.417 
1130,-33.146 
1130,-39.224 
1130,-32.625 
1130,108.062 
1131,-7.812 
1131,-10.417 
1131,-7.682 
1131,-28.271 
1131,-37.125 
1131,126.062 
1132,-6.641 
1132,-9.766 
1132,-21.182 
1132,-34.724 
1132,-31.583 
1132,100.104 
1133,-6.641 
1133,-8.854 
1133,-11.792 
1133,-23.771 
1133,-39.542 
1133,119.146 
1134,-7.812 
1134,-10.417 
1134,-28.646 
1134,-48.224 
1134,-38.557 
1134,105.979 
1135,-6.641 
1135,-28.516 
1135,-30.932 
1135,-32.641 
1135,-36.474 
1135,107.312 
1136,-7.812 
1136,-18.766 
1136,-28.516 
1136,-25.854 
1136,-22.875 
1136,108.062 
1137,-6.641 
1137,-8.854 
1137,-16.292 
1137,-25.854 
1137,-41.625 
1137,108.062 
1138,-7.812 
1138,-10.417 
1138,-7.682 
1138,-21.224 
1138,-26.724 
1138,99.062 
1139,-7.812 
1139,-14.917 
1139,-12.312 
1139,-25.333 
1139,-13.224 
1139,117.062 
1140,-7.812 
1140,-10.417 
1140,-28.646 
1140,-57.974 
1140,-40.974 
1140,117.062 
1141,-7.812 
1141,-9.766 
1141,-26.432 
1141,-48.974 
1141,-46.125 
1141,108.062 
1142,-7.812 
1142,-10.417 
1142,-7.682 
1142,-30.224 
1142,-31.974 
1142,107.312 
1143,-6.641 
1143,-8.854 
1143,-16.292 
1143,-19.271 
1143,-37.125 
1143,117.062 
1144,-6.641 
1144,-9.766 
1144,-30.932 
1144,-38.021 
1144,-39.542 
1144,107.312 
1145,-6.641 
1145,-9.766 
1145,-21.182 
1145,-30.224 
1145,-13.875 
1145,126.062 
1146,-6.641 
1146,-9.766 
1146,-28.516 
1146,-21.224 
1146,-36.375 
1146,99.062 
1147,-7.812 
1147,-10.417 
1147,-7.682 
1147,-18.521 
1147,-18.375 
1147,99.062 
1148,-7.812 
1148,-10.417 
1148,-26.432 
1148,-32.641 
1148,-27.474 
1148,107.312 
1149,-7.812 
1149,-10.417 
1149,-35.432 
1149,-48.974 
1149,-40.974 
1149,107.312 
1150,-6.641 
1150,-18.766 
1150,-28.516 
1150,-34.724 
1150,-13.875 
1150,126.062 
1151,-7.812 
1151,-18.766 
1151,-30.932 
1151,-53.474 
1151,-40.974 
1151,80.312 
1152,-7.812 
1152,-14.266 
1152,-12.182 
1152,-9.521 
1152,-22.875 
1152,105.979 
1153,-7.812 
1153,-14.917 
1153,-16.682 
1153,-13.891 
1153,-17.724 
1153,109.104 
1154,-6.641 
1154,-18.766 
1154,-37.516 
1154,-30.224 
1154,-28.125 
1154,108.062 
1155,-7.812 
1155,-9.766 
1155,-26.432 
1155,-19.141 
1155,-40.974 
1155,108.062 
1156,-6.641 
1156,-28.516 
1156,-35.432 
1156,-28.141 
1156,-36.474 
1156,126.062 
1157,-6.641 
1157,-9.766 
1157,-33.016 
1157,-30.354 
1157,-32.625 
1157,107.312 
1158,-6.641 
1158,-18.766 
1158,-28.516 
1158,-25.854 
1158,-41.625 
1158,107.312 
1159,-7.812 
1159,-10.417 
1159,-35.432 
1159,-28.141 
1159,-36.474 
1159,126.062 
1160,-6.641 
1160,-9.766 
1160,-21.182 
1160,-30.224 
1160,-31.583 
1160,109.104 
1161,-7.812 
1161,-9.766 
1161,-28.516 
1161,-39.354 
1161,-37.125 
1161,107.312 
1162,-7.812 
1162,-9.766 
1162,-26.432 
1162,-32.641 
1162,-11.141 
1162,119.146 
1163,-7.812 
1163,-18.766 
1163,-16.682 
1163,-0.521 
1163,-18.375 
1163,99.062 
1164,-6.641 
1164,-8.854 
1164,-11.792 
1164,-14.021 
1164,-20.792 
1164,119.146 
1165,-7.812 
1165,-31.250 
1165,-37.646 
1165,-39.224 
1165,-22.224 
1165,99.062 
1166,-7.812 
1166,-14.917 
1166,-12.312 
1166,-19.141 
1166,-31.974 
1166,108.062 
1167,-6.641 
1167,-8.854 
1167,-35.042 
1167,-28.271 
1167,-37.125 
1167,107.312 
1168,-7.812 
1168,-10.417 
1168,-33.146 
1168,-25.724 
1168,-27.375 
1168,105.979 
1169,-7.812 
1169,-10.417 
1169,-35.432 
1169,-28.141 
1169,-26.042 
1169,119.146 
1170,-6.641 
1170,-28.516 
1170,-30.932 
1170,-23.641 
1170,-35.042 
1170,107.312 
1171,-6.641 
1171,-8.854 
1171,-16.292 
1171,-28.271 
1171,-39.542 
1171,80.312 
1172,-7.812 
1172,-10.417 
1172,-33.146 
1172,-25.333 
1172,-31.974 
1172,108.062 
1173,-6.641 
1173,-8.854 
1173,-11.792 
1173,-23.771 
1173,-37.125 
1173,107.312 
1174,-6.641 
1174,-9.766 
1174,-26.042 
1174,-32.771 
1174,-30.542 
1174,128.146 
1175,-7.812 
1175,-10.417 
1175,-16.812 
1175,-23.641 
1175,-31.974 
1175,99.062 
1176,-6.641 
1176,-9.766 
1176,-16.682 
1176,-21.224 
1176,-45.083 
1176,88.271 
1177,-7.812 
1177,-18.766 
1177,-16.682 
1177,-9.391 
1177,-10.750 
1177,109.104 
1178,-7.812 
1178,-14.266 
1178,-12.182 
1178,-25.724 
1178,-45.083 
1178,88.271 
1179,-7.812 
1179,-28.516 
1179,-35.432 
1179,-23.641 
1179,-44.042 
1179,101.146 
1180,-7.812 
1180,-9.766 
1180,-7.682 
1180,-30.224 
1180,-34.057 
1180,105.979 
1181,-7.812 
1181,-31.250 
1181,-28.516 
1181,-39.354 
1181,-28.125 
1181,117.062 
1182,-6.641 
1182,-18.766 
1182,-28.516 
1182,-25.854 
1182,-41.625 
1182,108.062 
1183,-7.812 
1183,-18.766 
1183,-16.682 
1183,-9.391 
1183,-22.224 
1183,100.104 
1184,-7.812 
1184,-31.250 
1184,-33.146 
1184,-39.224 
1184,-13.875 
1184,108.062 
1185,-7.812 
1185,-9.766 
1185,-7.682 
1185,-30.224 
1185,-31.974 
1185,107.312 
1186,-7.812 
1186,-14.917 
1186,-28.646 
1186,-25.724 
1186,-45.083 
1186,109.104 
1187,-6.641 
1187,-26.562 
1187,-29.500 
1187,-48.062 
1187,-40.583 
1187,88.271 
1188,-6.641 
1188,-18.766 
1188,-16.682 
1188,-30.224 
1188,-22.224 
1188,100.104 
1189,-7.812 
1189,-14.917 
1189,-12.182 
1189,-25.724 
1189,-29.557 
1189,105.979 
1190,-6.641 
1190,-9.766 
1190,-26.042 
1190,-28.271 
1190,-37.125 
1190,126.062 
1191,-6.641 
1191,-18.766 
1191,-16.682 
1191,-19.141 
1191,-36.474 
1191,107.312 
1192,-7.812 
1192,-10.417 
1192,-7.812 
1192,-37.141 
1192,-26.042 
1192,119.146 
1193,-7.812 
1193,-10.417 
1193,-7.682 
1193,-0.391 
1193,-33.250 
1193,109.104 
1194,-7.812 
1194,-14.917 
1194,-30.932 
1194,-28.271 
1194,-37.125 
1194,107.312 
1195,-6.641 
1195,-9.766 
1195,-7.682 
1195,-30.224 
1195,-37.125 
1195,126.062 
1196,-7.812 
1196,-14.917 
1196,-12.312 
1196,-28.141 
1196,-11.792 
1196,117.062 
1197,-7.812 
1197,-10.417 
1197,-7.682 
1197,-19.141 
1197,-40.974 
1197,107.312 
1198,-6.641 
1198,-18.766 
1198,-37.516 
1198,-30.224 
1198,-31.974 
1198,107.312 
1199,-6.641 
1199,-26.562 
1199,-34.000 
1199,-48.062 
1199,-40.583 
1199,88.271 
1200,-7.812 
1200,-10.417 
1200,-28.646 
1200,-21.224 
1200,-36.375 
1200,99.062 
1201,-7.812 
1201,-28.516 
1201,-35.042 
1201,-47.021 
1201,-39.542 
1201,101.146 
1202,-7.812 
1202,-31.250 
1202,-46.516 
1202,-30.224 
1202,-40.974 
1202,80.312 
1203,-6.641 
1203,-9.766 
1203,-16.682 
1203,-23.641 
1203,-44.042 
1203,80.312 
1204,-6.641 
1204,-26.562 
1204,-34.000 
1204,-27.229 
1204,-36.083 
1204,109.104 
1205,-7.812 
1205,-14.917 
1205,-30.932 
1205,-28.271 
1205,-20.792 
1205,119.146 
1206,-7.812 
1206,-31.250 
1206,-28.516 
1206,-34.724 
1206,-45.083 
1206,100.104 
1207,-6.641 
1207,-9.766 
1207,-16.682 
1207,-25.724 
1207,-29.557 
1207,105.979 
1208,-6.641 
1208,-9.766 
1208,-7.682 
1208,-36.229 
1208,-36.083 
1208,88.271 
1209,-7.812 
1209,-31.250 
1209,-28.516 
1209,-39.354 
1209,-28.125 
1209,117.062 
1210,-7.812 
1210,-14.917 
1210,-16.682 
1210,-13.891 
1210,-11.792 
1210,119.146 
1211,-7.812 
1211,-10.417 
1211,-28.646 
1211,-21.224 
1211,-46.125 
1211,117.062 
1212,-7.812 
1212,-18.766 
1212,-37.516 
1212,-30.224 
1212,-22.224 
1212,100.104 
1213,-6.641 
1213,-9.766 
1213,-16.682 
1213,-21.224 
1213,-37.125 
1213,107.312 
1214,-6.641 
1214,-9.766 
1214,-26.432 
1214,-32.641 
1214,-31.974 
1214,80.312 
1215,-6.641 
1215,-28.516 
1215,-39.932 
1215,-53.474 
1215,-40.974 
1215,80.312 
1216,-6.641 
1216,-9.766 
1216,-11.792 
1216,-14.021 
1216,-18.375 
1216,108.062 
1217,-6.641 
1217,-9.766 
1217,-16.682 
1217,-21.224 
1217,-31.974 
1217,107.312 
1218,-7.812 
1218,-31.250 
1218,-46.516 
1218,-30.224 
1218,-28.125 
1218,80.312 
1219,-6.641 
1219,-28.516 
1219,-35.432 
1219,-28.141 
1219,-26.042 
1219,119.146 
1220,-6.641 
1220,-18.766 
1220,-26.432 
1220,-28.141 
1220,-36.474 
1220,126.062 
1221,-7.812 
1221,-14.917 
1221,-26.432 
1221,-23.641 
1221,-31.974 
1221,108.062 
1222,-7.812 
1222,-28.516 
1222,-39.932 
1222,-53.474 
1222,-40.974 
1222,99.062 
1223,-7.812 
1223,-18.766 
1223,-26.432 
1223,-28.141 
1223,-26.042 
1223,107.312 
1224,-7.812 
1224,-31.250 
1224,-37.516 
1224,-44.474 
1224,-40.974 
1224,126.062 
1225,-6.641 
1225,-28.516 
1225,-35.432 
1225,-19.271 
1225,-35.042 
1225,107.312 
1226,-7.812 
1226,-9.766 
1226,-28.516 
1226,-34.724 
1226,-31.974 
1226,99.062 
1227,-6.641 
1227,-28.516 
1227,-35.432 
1227,-23.641 
1227,-31.974 
1227,99.062 
1228,-6.641 
1228,-28.516 
1228,-39.932 
1228,-32.641 
1228,-11.792 
1228,101.146 
1229,-6.641 
1229,-8.854 
1229,-26.042 
1229,-28.271 
1229,-35.042 
1229,107.312 
1230,-7.812 
1230,-18.766 
1230,-16.682 
1230,-19.141 
1230,-36.474 
1230,107.312 
1231,-7.812 
1231,-9.766 
1231,-16.682 
1231,-4.891 
1231,-16.292 
1231,126.062 
1232,-7.812 
1232,-10.417 
1232,-25.682 
1232,-30.224 
1232,-28.125 
1232,80.312 
1233,-6.641 
1233,-28.516 
1233,-26.432 
1233,-32.641 
1233,-11.141 
1233,101.146 
1234,-7.812 
1234,-10.417 
1234,-25.682 
1234,-0.521 
1234,-18.375 
1234,105.979 
1235,-6.641 
1235,-9.766 
1235,-37.516 
1235,-34.724 
1235,-22.224 
1235,108.062 
1236,-7.812 
1236,-10.417 
1236,-26.432 
1236,-47.021 
1236,-39.542 
1236,119.146 
1237,-7.812 
1237,-28.516 
1237,-30.932 
1237,-23.771 
1237,-39.542 
1237,119.146 
1238,-7.812 
1238,-10.417 
1238,-35.432 
1238,-28.141 
1238,-26.042 
1238,107.312 
1239,-7.812 
1239,-28.516 
1239,-30.932 
1239,-44.474 
1239,-46.125 
1239,107.312 
1240,-7.812 
1240,-10.417 
1240,-25.682 
1240,-25.724 
1240,-22.224 
1240,108.062 
1241,-7.812 
1241,-31.250 
1241,-28.516 
1241,-48.974 
1241,-46.125 
1241,107.312 
1242,-7.812 
1242,-10.417 
1242,-25.682 
1242,-19.271 
1242,-37.125 
1242,99.062 
1243,-7.812 
1243,-14.917 
1243,-16.682 
1243,-13.891 
1243,-22.224 
1243,100.104 
1244,-7.812 
1244,-10.417 
1244,-28.646 
1244,-34.333 
1244,-35.724 
1244,100.104 
1245,-7.812 
1245,-9.766 
1245,-16.682 
1245,-23.641 
1245,-35.042 
1245,119.146 
1246,-7.812 
1246,-14.917 
1246,-12.182 
1246,-9.521 
1246,-18.375 
1246,105.979 
1247,-7.812 
1247,-31.250 
1247,-33.146 
1247,-44.474 
1247,-46.125 
1247,108.062 
1248,-6.641 
1248,-18.766 
1248,-26.432 
1248,-28.141 
1248,-26.042 
1248,128.146 
1249,-7.812 
1249,-10.417 
1249,-16.812 
1249,-20.833 
1249,-35.724 
1249,108.062 
1250,-6.641 
1250,-28.516 
1250,-30.932 
1250,-38.021 
1250,-39.542 
1250,128.146 
1251,-7.812 
1251,-9.766 
1251,-34.000 
1251,-48.062 
1251,-40.583 
1251,100.104 
1252,-6.641 
1252,-8.854 
1252,-26.042 
1252,-28.271 
1252,-35.042 
1252,107.312 
1253,-6.641 
1253,-28.516 
1253,-30.932 
1253,-32.641 
1253,-26.042 
1253,128.146 
1254,-7.812 
1254,-31.250 
1254,-33.016 
1254,-25.724 
1254,-27.375 
1254,126.062 
1255,-7.812 
1255,-10.417 
1255,-25.682 
1255,-9.391 
1255,-17.724 
1255,108.062 
1256,-6.641 
1256,-26.562 
1256,-34.000 
1256,-43.562 
1256,-40.583 
1256,109.104 
1257,-7.812 
1257,-18.766 
1257,-7.292 
1257,-9.521 
1257,-18.375 
1257,105.979 
1258,-6.641 
1258,-14.266 
1258,-30.932 
1258,-23.641 
1258,-31.974 
1258,99.062 
1259,-7.812 
1259,-28.516 
1259,-30.932 
1259,-28.271 
1259,-30.542 
1259,128.146 
1260,-7.812 
1260,-9.766 
1260,-7.682 
1260,-19.141 
1260,-40.974 
1260,108.062 
1261,-7.812 
1261,-31.250 
1261,-28.646 
1261,-21.224 
1261,-43.057 
1261,105.979 
1262,-6.641 
1262,-18.766 
1262,-28.516 
1262,-25.854 
1262,-32.625 
1262,107.312 
1263,-7.812 
1263,-10.417 
1263,-33.146 
1263,-48.974 
1263,-32.625 
1263,126.062 
1264,-7.812 
1264,-9.766 
1264,-37.516 
1264,-25.854 
1264,-41.625 
1264,107.312 
1265,-7.812 
1265,-10.417 
1265,-7.812 
1265,-29.833 
1265,-13.224 
1265,126.062 
1266,-7.812 
1266,-10.417 
1266,-25.682 
1266,-28.141 
1266,-20.141 
1266,101.146 
1267,-7.812 
1267,-14.917 
1267,-12.312 
1267,-19.141 
1267,-31.974 
1267,107.312 
1268,-7.812 
1268,-10.417 
1268,-28.646 
1268,-48.224 
1268,-9.375 
1268,105.979 
1269,-6.641 
1269,-18.766 
1269,-16.682 
1269,-25.724 
1269,-31.974 
1269,126.062 
1270,-7.812 
1270,-10.417 
1270,-33.146 
1270,-44.474 
1270,-31.974 
1270,108.062 
1271,-7.812 
1271,-10.417 
1271,-35.432 
1271,-28.141 
1271,-26.042 
1271,119.146 
1272,-7.812 
1272,-10.417 
1272,-35.432 
1272,-44.474 
1272,-40.974 
1272,107.312 
1273,-6.641 
1273,-18.766 
1273,-26.042 
1273,-38.021 
1273,-39.542 
1273,107.312 
1274,-7.812 
1274,-10.417 
1274,-35.432 
1274,-48.974 
1274,-40.974 
1274,117.062 
1275,-7.812 
1275,-9.766 
1275,-37.516 
1275,-44.474 
1275,-40.974 
1275,107.312 
1276,-6.641 
1276,-18.766 
1276,-16.682 
1276,-25.724 
1276,-13.875 
1276,105.979 
1277,-7.812 
1277,-31.250 
1277,-28.646 
1277,-39.974 
1277,-55.125 
1277,80.312 
1278,-6.641 
1278,-8.854 
1278,-35.042 
1278,-38.021 
1278,-35.042 
1278,119.146 
1279,-6.641 
1279,-28.516 
1279,-26.432 
1279,-32.641 
1279,-35.042 
1279,107.312 
1280,-6.641 
1280,-9.766 
1280,-34.000 
1280,-27.229 
1280,-36.083 
1280,100.104 
1281,-6.641 
1281,-28.516 
1281,-35.432 
1281,-19.271 
1281,-37.125 
1281,107.312 
1282,-7.812 
1282,-14.917 
1282,-12.312 
1282,-28.141 
1282,-40.974 
1282,117.062 
1283,-7.812 
1283,-10.417 
1283,-35.432 
1283,-38.021 
1283,-35.042 
1283,107.312 
1284,-7.812 
1284,-14.917 
1284,-12.182 
1284,-4.891 
1284,-16.292 
1284,117.062 
1285,-6.641 
1285,-14.266 
1285,-12.182 
1285,-27.229 
1285,-19.750 
1285,100.104 
1286,-7.812 
1286,-10.417 
1286,-7.682 
1286,-19.141 
1286,-40.974 
1286,108.062 
1287,-7.812 
1287,-10.417 
1287,-25.682 
1287,-9.391 
1287,-6.250 
1287,109.104 
1288,-6.641 
1288,-28.516 
1288,-35.042 
1288,-47.021 
1288,-39.542 
1288,101.146 
1289,-7.812 
1289,-10.417 
1289,-26.432 
1289,-32.641 
1289,-11.141 
1289,119.146 
1290,-7.812 
1290,-14.917 
1290,-12.312 
1290,-23.641 
1290,-25.292 
1290,108.062 
1291,-6.641 
1291,-28.516 
1291,-26.042 
1291,-28.271 
1291,-37.125 
1291,126.062 
1292,-6.641 
1292,-28.516 
1292,-26.432 
1292,-32.641 
1292,-25.292 
1292,108.062 
1293,-6.641 
1293,-28.516 
1293,-30.542 
1293,-51.521 
1293,-39.542 
1293,80.312 
1294,-7.812 
1294,-18.766 
1294,-16.682 
1294,-25.724 
1294,-22.224 
1294,108.062 
1295,-7.812 
1295,-14.917 
1295,-28.646 
1295,-25.724 
1295,-27.375 
1295,105.979 
1296,-7.812 
1296,-10.417 
1296,-7.812 
1296,-19.141 
1296,-34.292 
1296,108.062 
1297,-6.641 
1297,-28.516 
1297,-35.042 
1297,-47.021 
1297,-39.542 
1297,80.312 
1298,-6.641 
1298,-8.854 
1298,-16.292 
1298,-19.271 
1298,-35.042 
1298,119.146 
1299,-7.812 
1299,-14.917 
1299,-26.432 
1299,-44.474 
1299,-31.974 
1299,107.312 
1300,-7.812 
1300,-10.417 
1300,-7.812 
1300,-29.833 
1300,-31.974 
1300,108.062 
1301,-6.641 
1301,-26.562 
1301,-34.000 
1301,-27.229 
1301,-36.083 
1301,88.271 
1302,-7.812 
1302,-18.766 
1302,-37.516 
1302,-30.224 
1302,-9.375 
1302,99.062 
1303,-7.812 
1303,-18.766 
1303,-26.042 
1303,-28.271 
1303,-30.542 
1303,119.146 
1304,-7.812 
1304,-10.417 
1304,-26.432 
1304,-47.021 
1304,-39.542 
1304,119.146 
1305,-6.641 
1305,-9.766 
1305,-29.500 
1305,-31.729 
1305,-36.083 
1305,88.271 
1306,-7.812 
1306,-14.917 
1306,-12.312 
1306,-23.641 
1306,-31.974 
1306,80.312 
1307,-7.812 
1307,-10.417 
1307,-35.432 
1307,-28.141 
1307,-20.141 
1307,119.146 
1308,-6.641 
1308,-18.766 
1308,-37.516 
1308,-48.974 
1308,-32.625 
1308,80.312 
1309,-7.812 
1309,-10.417 
1309,-28.646 
1309,-34.333 
1309,-27.474 
1309,107.312 
1310,-7.812 
1310,-14.917 
1310,-16.682 
1310,-23.771 
1310,-20.792 
1310,99.062 
1311,-6.641 
1311,-9.766 
1311,-26.432 
1311,-48.974 
1311,-31.974 
1311,107.312 
1312,-7.812 
1312,-14.917 
1312,-16.682 
1312,-23.641 
1312,-26.042 
1312,107.312 
1313,-6.641 
1313,-18.766 
1313,-16.682 
1313,-19.271 
1313,-20.792 
1313,99.062 
1314,-7.812 
1314,-14.917 
1314,-12.182 
1314,-27.229 
1314,-19.750 
1314,100.104 
1315,-7.812 
1315,-14.266 
1315,-7.292 
1315,-30.354 
1315,-41.625 
1315,108.062 
1316,-7.812 
1316,-18.766 
1316,-16.682 
1316,-19.141 
1316,-36.474 
1316,107.312 
1317,-6.641 
1317,-18.766 
1317,-16.682 
1317,-0.521 
1317,-7.292 
1317,126.062 
1318,-6.641 
1318,-8.854 
1318,-30.542 
1318,-51.521 
1318,-39.542 
1318,80.312 
1319,-7.812 
1319,-10.417 
1319,-26.432 
1319,-48.974 
1319,-46.125 
1319,107.312 
1320,-6.641 
1320,-28.516 
1320,-26.432 
1320,-47.021 
1320,-35.042 
1320,107.312 
1321,-6.641 
1321,-18.766 
1321,-37.516 
1321,-30.224 
1321,-28.125 
1321,107.312 
1322,-6.641 
1322,-9.766 
1322,-28.516 
1322,-39.354 
1322,-28.125 
1322,107.312 
1323,-6.641 
1323,-18.766 
1323,-7.292 
1323,-28.271 
1323,-37.125 
1323,99.062 
1324,-6.641 
1324,-8.854 
1324,-26.042 
1324,-42.521 
1324,-39.542 
1324,128.146 
1325,-7.812 
1325,-14.917 
1325,-26.432 
1325,-44.474 
1325,-46.125 
1325,108.062 
1326,-7.812 
1326,-10.417 
1326,-7.682 
1326,-18.521 
1326,-18.375 
1326,105.979 
1327,-6.641 
1327,-28.516 
1327,-26.432 
1327,-32.641 
1327,-11.141 
1327,119.146 
1328,-7.812 
1328,-10.417 
1328,-7.812 
1328,-37.141 
1328,-7.292 
1328,126.062 
1329,-7.812 
1329,-10.417 
1329,-28.646 
1329,-39.974 
1329,-55.125 
1329,99.062 
1330,-7.812 
1330,-10.417 
1330,-16.812 
1330,-25.333 
1330,-45.474 
1330,107.312 
1331,-6.641 
1331,-9.766 
1331,-11.792 
1331,-30.354 
1331,-22.875 
1331,105.979 
1332,-7.812 
1332,-10.417 
1332,-25.682 
1332,-19.271 
1332,-26.042 
1332,107.312 
1333,-7.812 
1333,-10.417 
1333,-16.812 
1333,-4.891 
1333,-13.224 
1333,117.062 
1334,-6.641 
1334,-28.516 
1334,-35.432 
1334,-23.641 
1334,-35.042 
1334,107.312 
1335,-6.641 
1335,-8.854 
1335,-26.042 
1335,-28.271 
1335,-35.042 
1335,107.312 
1336,-6.641 
1336,-9.766 
1336,-30.932 
1336,-32.641 
1336,-20.141 
1336,119.146 
1337,-6.641 
1337,-9.766 
1337,-21.182 
1337,-23.641 
1337,-20.141 
1337,119.146 
1338,-6.641 
1338,-9.766 
1338,-7.682 
1338,-13.891 
1338,-8.724 
1338,126.062 
1339,-7.812 
1339,-10.417 
1339,-35.432 
1339,-28.141 
1339,-36.474 
1339,126.062 
1340,-6.641 
1340,-18.766 
1340,-12.182 
1340,-19.271 
1340,-41.625 
1340,107.312 
1341,-7.812 
1341,-14.917 
1341,-12.182 
1341,-9.521 
1341,-11.792 
1341,119.146 
1342,-6.641 
1342,-18.766 
1342,-16.682 
1342,-0.521 
1342,-18.375 
1342,108.062 
1343,-6.641 
1343,-26.562 
1343,-34.000 
1343,-27.229 
1343,-36.083 
1343,100.104 
1344,-6.641 
1344,-28.516 
1344,-39.932 
1344,-53.474 
1344,-32.625 
1344,80.312 
1345,-6.641 
1345,-8.854 
1345,-35.042 
1345,-28.271 
1345,-20.792 
1345,119.146 
1346,-7.812 
1346,-14.266 
1346,-7.292 
1346,-23.771 
1346,-39.542 
1346,119.146 
1347,-7.812 
1347,-14.917 
1347,-12.182 
1347,-21.224 
1347,-34.057 
1347,105.979 
1348,-7.812 
1348,-14.917 
1348,-16.682 
1348,-5.021 
1348,-11.792 
1348,119.146 
1349,-6.641 
1349,-9.766 
1349,-7.682 
1349,-19.141 
1349,-34.292 
1349,101.146 
1350,-6.641 
1350,-9.766 
1350,-7.682 
1350,-13.891 
1350,-13.224 
1350,99.062 
1351,-7.812 
1351,-31.250 
1351,-46.516 
1351,-30.224 
1351,-28.125 
1351,80.312 
1352,-6.641 
1352,-14.266 
1352,-30.932 
1352,-23.641 
1352,-11.141 
1352,119.146 
1353,-7.812 
1353,-14.917 
1353,-12.312 
1353,-18.391 
1353,-11.141 
1353,128.146 
1354,-6.641 
1354,-9.766 
1354,-7.682 
1354,-18.521 
1354,-16.292 
1354,108.062 
1355,-6.641 
1355,-18.766 
1355,-37.516 
1355,-39.974 
1355,-28.125 
1355,117.062 
1356,-7.812 
1356,-14.917 
1356,-33.146 
1356,-25.724 
1356,-27.375 
1356,99.062 
1357,-7.812 
1357,-14.266 
1357,-12.182 
1357,-23.641 
1357,-35.042 
1357,119.146 
1358,-7.812 
1358,-9.766 
1358,-16.292 
1358,-19.271 
1358,-35.042 
1358,128.146 
1359,-6.641 
1359,-9.766 
1359,-21.182 
1359,-19.271 
1359,-30.542 
1359,128.146 
1360,-7.812 
1360,-9.766 
1360,-26.432 
1360,-19.141 
1360,-44.042 
1360,119.146 
1361,-7.812 
1361,-14.917 
1361,-16.682 
1361,-22.729 
1361,-40.583 
1361,88.271 
1362,-6.641 
1362,-28.516 
1362,-30.932 
1362,-48.974 
1362,-40.974 
1362,126.062 
1363,-7.812 
1363,-9.766 
1363,-28.516 
1363,-34.724 
1363,-13.224 
1363,100.104 
1364,-6.641 
1364,-28.516 
1364,-35.432 
1364,-28.141 
1364,-20.141 
1364,128.146 
1365,-7.812 
1365,-10.417 
1365,-28.646 
1365,-48.224 
1365,-22.224 
1365,108.062 
1366,-7.812 
1366,-28.516 
1366,-26.432 
1366,-47.021 
1366,-35.042 
1366,107.312 
1367,-7.812 
1367,-10.417 
1367,-25.682 
1367,-25.724 
1367,-13.875 
1367,105.979 
1368,-6.641 
1368,-9.766 
1368,-33.016 
1368,-44.474 
1368,-46.125 
1368,107.312 
1369,-7.812 
1369,-31.250 
1369,-33.016 
1369,-48.062 
1369,-40.583 
1369,109.104 
1370,-7.812 
1370,-14.917 
1370,-12.312 
1370,-25.333 
1370,-31.974 
1370,80.312 
1371,-7.812 
1371,-14.917 
1371,-28.646 
1371,-39.224 
1371,-22.224 
1371,108.062 
1372,-7.812 
1372,-14.917 
1372,-12.312 
1372,-28.141 
1372,-26.042 
1372,128.146 
1373,-6.641 
1373,-28.516 
1373,-35.042 
1373,-28.271 
1373,-26.042 
1373,119.146 
1374,-7.812 
1374,-9.766 
1374,-7.682 
1374,-28.141 
1374,-25.292 
1374,128.146 
1375,-6.641 
1375,-28.516 
1375,-39.932 
1375,-42.521 
1375,-39.542 
1375,80.312 
1376,-7.812 
1376,-9.766 
1376,-37.516 
1376,-34.724 
1376,-13.875 
1376,108.062 
1377,-7.812 
1377,-14.266 
1377,-28.516 
1377,-30.354 
1377,-41.625 
1377,108.062 
1378,-6.641 
1378,-28.516 
1378,-35.042 
1378,-28.271 
1378,-16.292 
1378,108.062 
1379,-7.812 
1379,-10.417 
1379,-28.646 
1379,-21.224 
1379,-43.057 
1379,105.979 
1380,-6.641 
1380,-18.766 
1380,-16.682 
1380,-25.724 
1380,-31.583 
1380,109.104 
1381,-6.641 
1381,-9.766 
1381,-7.682 
1381,-30.224 
1381,-34.057 
1381,105.979 
1382,-7.812 
1382,-31.250 
1382,-33.146 
1382,-25.724 
1382,-34.057 
1382,105.979 
1383,-6.641 
1383,-28.516 
1383,-35.432 
1383,-28.141 
1383,-30.542 
1383,119.146 
1384,-6.641 
1384,-26.562 
1384,-34.000 
1384,-27.229 
1384,-19.750 
1384,109.104 
1385,-7.812 
1385,-9.766 
1385,-28.516 
1385,-57.062 
1385,-40.583 
1385,100.104 
1386,-6.641 
1386,-26.562 
1386,-34.000 
1386,-27.229 
1386,-15.250 
1386,109.104 
1387,-7.812 
1387,-9.766 
1387,-16.292 
1387,-23.771 
1387,-30.542 
1387,128.146 
1388,-7.812 
1388,-10.417 
1388,-26.432 
1388,-47.021 
1388,-35.042 
1388,119.146 
1389,-7.812 
1389,-18.766 
1389,-37.516 
1389,-21.354 
1389,-37.125 
1389,80.312 
1390,-7.812 
1390,-10.417 
1390,-7.682 
1390,-21.224 
1390,-46.125 
1390,117.062 
1391,-6.641 
1391,-9.766 
1391,-28.516 
1391,-21.224 
1391,-43.057 
1391,105.979 
1392,-6.641 
1392,-18.766 
1392,-26.432 
1392,-38.021 
1392,-35.042 
1392,119.146 
1393,-7.812 
1393,-31.250 
1393,-33.016 
1393,-30.354 
1393,-22.875 
1393,108.062 
1394,-7.812 
1394,-14.917 
1394,-12.312 
1394,-4.500 
1394,-11.141 
1394,119.146 
1395,-7.812 
1395,-31.250 
1395,-46.516 
1395,-30.224 
1395,-22.224 
1395,108.062 
1396,-7.812 
1396,-9.766 
1396,-26.432 
1396,-37.271 
1396,-16.292 
1396,108.062 
1397,-6.641 
1397,-26.562 
1397,-29.500 
1397,-31.729 
1397,-19.750 
1397,100.104 
1398,-6.641 
1398,-8.854 
1398,-11.792 
1398,-14.021 
1398,-11.792 
1398,119.146 
1399,-7.812 
1399,-9.766 
1399,-16.682 
1399,-23.641 
1399,-44.042 
1399,80.312 
1400,-7.812 
1400,-31.250 
1400,-28.646 
1400,-48.224 
1400,-28.125 
1400,99.062 
1401,-6.641 
1401,-9.766 
1401,-7.682 
1401,-18.521 
1401,-16.292 
1401,128.146 
1402,-7.812 
1402,-14.917 
1402,-12.312 
1402,-28.141 
1402,-26.042 
1402,128.146 
1403,-7.812 
1403,-14.917 
1403,-33.146 
1403,-41.667 
1403,-56.557 
1403,105.979 
1404,-7.812 
1404,-31.250 
1404,-28.516 
1404,-21.224 
1404,-26.724 
1404,100.104 
1405,-7.812 
1405,-10.417 
1405,-7.682 
1405,-21.224 
1405,-43.057 
1405,105.979 
1406,-6.641 
1406,-28.516 
1406,-30.932 
1406,-23.771 
1406,-20.792 
1406,117.062 
1407,-7.812 
1407,-18.766 
1407,-26.042 
1407,-28.271 
1407,-37.125 
1407,108.062 
1408,-6.641 
1408,-18.766 
1408,-16.682 
1408,-0.521 
1408,-7.292 
1408,128.146 
1409,-7.812 
1409,-18.766 
1409,-7.292 
1409,-9.521 
1409,-18.375 
1409,126.062 
1410,-6.641 
1410,-18.766 
1410,-37.516 
1410,-30.224 
1410,-38.557 
1410,88.271 
1411,-7.812 
1411,-14.266 
1411,-28.516 
1411,-25.724 
1411,-37.125 
1411,107.312 
1412,-7.812 
1412,-18.766 
1412,-12.182 
1412,-13.891 
1412,-7.292 
1412,108.062 
1413,-6.641 
1413,-28.516 
1413,-26.042 
1413,-28.271 
1413,-37.125 
1413,107.312 
1414,-7.812 
1414,-31.250 
1414,-46.516 
1414,-30.224 
1414,-38.557 
1414,105.979 
1415,-6.641 
1415,-9.766 
1415,-16.682 
1415,-25.724 
1415,-27.375 
1415,105.979 
1416,-6.641 
1416,-28.516 
1416,-39.932 
1416,-23.771 
1416,-41.625 
1416,99.062 
1417,-6.641 
1417,-8.854 
1417,-16.292 
1417,-9.521 
1417,-7.292 
1417,126.062 
1418,-7.812 
1418,-14.917 
1418,-26.432 
1418,-38.021 
1418,-39.542 
1418,107.312 
1419,-7.812 
1419,-18.766 
1419,-26.432 
1419,-28.141 
1419,-36.474 
1419,107.312 
1420,-6.641 
1420,-14.266 
1420,-30.932 
1420,-23.641 
1420,-44.042 
1420,80.312 
1421,-7.812 
1421,-14.917 
1421,-35.432 
1421,-32.641 
1421,-11.792 
1421,99.062 
1422,-7.812 
1422,-18.766 
1422,-28.516 
1422,-44.474 
1422,-32.625 
1422,107.312 
1423,-6.641 
1423,-28.516 
1423,-26.432 
1423,-39.974 
1423,-55.125 
1423,80.312 
1424,-7.812 
1424,-10.417 
1424,-7.682 
1424,-13.891 
1424,-13.224 
1424,100.104 
1425,-6.641 
1425,-18.766 
1425,-28.516 
1425,-44.474 
1425,-32.625 
1425,107.312 
1426,-7.812 
1426,-14.917 
1426,-16.682 
1426,-30.224 
1426,-13.875 
1426,105.979 
1427,-7.812 
1427,-9.766 
1427,-7.682 
1427,-19.141 
1427,-40.974 
1427,107.312 
1428,-6.641 
1428,-9.766 
1428,-7.682 
1428,-21.224 
1428,-46.125 
1428,117.062 
1429,-6.641 
1429,-28.516 
1429,-26.432 
1429,-37.271 
1429,-16.292 
1429,108.062 
1430,-6.641 
1430,-26.562 
1430,-29.500 
1430,-31.729 
1430,-19.750 
1430,109.104 
1431,-7.812 
1431,-9.766 
1431,-7.682 
1431,-21.224 
1431,-36.375 
1431,105.979 
1432,-6.641 
1432,-28.516 
1432,-39.932 
1432,-42.521 
1432,-39.542 
1432,80.312 
1433,-6.641 
1433,-18.766 
1433,-28.516 
1433,-34.724 
1433,-13.875 
1433,126.062 
1434,-7.812 
1434,-10.417 
1434,-33.146 
1434,-25.333 
1434,-45.474 
1434,107.312 
1435,-6.641 
1435,-18.766 
1435,-12.182 
1435,-5.021 
1435,-20.792 
1435,119.146 
1436,-7.812 
1436,-18.766 
1436,-37.516 
1436,-39.062 
1436,-40.583 
1436,100.104 
1437,-6.641 
1437,-9.766 
1437,-30.932 
1437,-48.974 
1437,-32.625 
1437,126.062 
1438,-7.812 
1438,-28.516 
1438,-26.042 
1438,-32.771 
1438,-41.625 
1438,107.312 
1439,-6.641 
1439,-8.854 
1439,-16.292 
1439,-19.271 
1439,-35.042 
1439,107.312 
1440,-7.812 
1440,-18.766 
1440,-26.432 
1440,-28.141 
1440,-7.292 
1440,126.062 
1441,-7.812 
1441,-9.766 
1441,-7.682 
1441,-21.224 
1441,-36.375 
1441,105.979 
1442,-6.641 
1442,-28.516 
1442,-35.432 
1442,-23.641 
1442,-31.974 
1442,99.062 
1443,-7.812 
1443,-9.766 
1443,-28.516 
1443,-48.974 
1443,-31.974 
1443,107.312 
1444,-6.641 
1444,-18.766 
1444,-28.516 
1444,-34.724 
1444,-32.625 
1444,108.062 
1445,-7.812 
1445,-10.417 
1445,-28.646 
1445,-57.974 
1445,-40.974 
1445,117.062 
1446,-7.812 
1446,-14.917 
1446,-12.312 
1446,-28.141 
1446,-20.141 
1446,128.146 
1447,-6.641 
1447,-18.766 
1447,-26.432 
1447,-28.141 
1447,-36.474 
1447,107.312 
1448,-7.812 
1448,-10.417 
1448,-26.432 
1448,-37.271 
1448,-26.042 
1448,107.312 
1449,-6.641 
1449,-9.766 
1449,-28.516 
1449,-57.062 
1449,-40.583 
1449,88.271 
1450,-7.812 
1450,-10.417 
1450,-33.146 
1450,-25.724 
1450,-45.083 
1450,109.104 
1451,-6.641 
1451,-8.854 
1451,-26.042 
1451,-28.271 
1451,-35.042 
1451,107.312 
1452,-7.812 
1452,-10.417 
1452,-26.432 
1452,-32.641 
1452,-44.042 
1452,101.146 
1453,-7.812 
1453,-10.417 
1453,-26.432 
1453,-32.641 
1453,-35.042 
1453,119.146 
1454,-7.812 
1454,-28.516 
1454,-30.932 
1454,-48.974 
1454,-32.625 
1454,107.312 
1455,-7.812 
1455,-10.417 
1455,-26.432 
1455,-37.271 
1455,-37.125 
1455,99.062 
1456,-7.812 
1456,-10.417 
1456,-16.812 
1456,-37.141 
1456,-30.542 
1456,101.146 
1457,-6.641 
1457,-8.854 
1457,-16.292 
1457,-28.271 
1457,-39.542 
1457,80.312 
1458,-7.812 
1458,-9.766 
1458,-28.516 
1458,-34.724 
1458,-46.125 
1458,99.062 
1459,-7.812 
1459,-14.917 
1459,-33.146 
1459,-57.974 
1459,-40.974 
1459,80.312 
1460,-6.641 
1460,-9.766 
1460,-26.042 
1460,-28.271 
1460,-35.042 
1460,119.146 
1461,-7.812 
1461,-31.250 
1461,-37.516 
1461,-43.562 
1461,-40.583 
1461,88.271 
1462,-7.812 
1462,-10.417 
1462,-7.682 
1462,-13.891 
1462,-11.141 
1462,119.146 
1463,-7.812 
1463,-14.917 
1463,-12.312 
1463,-23.641 
1463,-11.141 
1463,101.146 
1464,-7.812 
1464,-14.266 
1464,-26.042 
1464,-51.521 
1464,-39.542 
1464,101.146 
1465,-7.812 
1465,-31.250 
1465,-33.146 
1465,-39.224 
1465,-31.583 
1465,109.104 
1466,-7.812 
1466,-10.417 
1466,-7.812 
1466,-0.391 
1466,-20.141 
1466,128.146 
1467,-7.812 
1467,-9.766 
1467,-7.682 
1467,-28.271 
1467,-20.792 
1467,119.146 
1468,-7.812 
1468,-31.250 
1468,-37.516 
1468,-34.724 
1468,-32.625 
1468,107.312 
1469,-7.812 
1469,-14.917 
1469,-12.312 
1469,-23.641 
1469,-11.141 
1469,119.146 
1470,-6.641 
1470,-14.266 
1470,-12.182 
1470,-27.229 
1470,-40.583 
1470,88.271 
1471,-7.812 
1471,-31.250 
1471,-46.516 
1471,-30.224 
1471,-9.375 
1471,108.062 
1472,-6.641 
1472,-8.854 
1472,-26.042 
1472,-28.271 
1472,-20.792 
1472,126.062 
1473,-7.812 
1473,-10.417 
1473,-28.646 
1473,-21.224 
1473,-26.724 
1473,100.104 
1474,-6.641 
1474,-14.266 
1474,-28.516 
1474,-25.724 
1474,-13.224 
1474,109.104 
1475,-7.812 
1475,-9.766 
1475,-7.682 
1475,-36.229 
1475,-15.250 
1475,109.104 
1476,-7.812 
1476,-14.917 
1476,-33.146 
1476,-25.333 
1476,-54.474 
1476,99.062 
1477,-6.641 
1477,-8.854 
1477,-35.042 
1477,-47.021 
1477,-39.542 
1477,101.146 
1478,-7.812 
1478,-10.417 
1478,-35.432 
1478,-44.474 
1478,-32.625 
1478,126.062 
1479,-7.812 
1479,-10.417 
1479,-26.432 
1479,-37.271 
1479,-39.542 
1479,80.312 
1480,-6.641 
1480,-9.766 
1480,-26.432 
1480,-32.641 
1480,-31.974 
1480,99.062 
1481,-7.812 
1481,-10.417 
1481,-33.146 
1481,-39.224 
1481,-31.583 
1481,88.271 
1482,-7.812 
1482,-14.917 
1482,-16.682 
1482,-34.724 
1482,-31.974 
1482,117.062 
1483,-7.812 
1483,-10.417 
1483,-33.146 
1483,-39.224 
1483,-22.224 
1483,108.062 
1484,-7.812 
1484,-10.417 
1484,-33.146 
1484,-48.974 
1484,-40.974 
1484,107.312 
1485,-7.812 
1485,-10.417 
1485,-16.812 
1485,-18.391 
1485,-7.292 
1485,108.062 
1486,-7.812 
1486,-31.250 
1486,-37.646 
1486,-41.667 
1486,-34.057 
1486,105.979 
1487,-7.812 
1487,-9.766 
1487,-26.042 
1487,-47.021 
1487,-39.542 
1487,119.146 
1488,-7.812 
1488,-18.766 
1488,-16.682 
1488,-0.521 
1488,-18.375 
1488,99.062 
1489,-7.812 
1489,-31.250 
1489,-46.516 
1489,-30.224 
1489,-22.224 
1489,100.104 
1490,-7.812 
1490,-28.516 
1490,-35.432 
1490,-28.141 
1490,-11.792 
1490,117.062 
1491,-7.812 
1491,-31.250 
1491,-37.516 
1491,-25.854 
1491,-22.875 
1491,108.062 
1492,-7.812 
1492,-14.917 
1492,-12.182 
1492,-9.521 
1492,-18.375 
1492,126.062 
1493,-6.641 
1493,-9.766 
1493,-7.682 
1493,-19.141 
1493,-40.974 
1493,107.312 
1494,-7.812 
1494,-14.917 
1494,-12.182 
1494,-4.891 
1494,-13.224 
1494,99.062 
1495,-6.641 
1495,-8.854 
1495,-35.042 
1495,-38.021 
1495,-35.042 
1495,119.146 
1496,-7.812 
1496,-31.250 
1496,-46.516 
1496,-21.354 
1496,-18.375 
1496,108.062 
1497,-7.812 
1497,-31.250 
1497,-33.146 
1497,-25.724 
1497,-31.974 
1497,108.062 
1498,-7.812 
1498,-9.766 
1498,-16.292 
1498,-9.521 
1498,-16.292 
1498,108.062 
1499,-6.641 
1499,-9.766 
1499,-16.292 
1499,-28.271 
1499,-37.125 
1499,80.312 
1500,-7.812 
1500,-14.917 
1500,-28.646 
1500,-39.224 
1500,-31.583 
1500,88.271 
1501,-7.812 
1501,-18.766 
1501,-12.182 
1501,-5.021 
1501,-11.792 
1501,119.146 
1502,-6.641 
1502,-18.766 
1502,-37.516 
1502,-21.354 
1502,-18.375 
1502,108.062 
1503,-7.812 
1503,-31.250 
1503,-33.146 
1503,-46.167 
1503,-56.557 
1503,88.271 
1504,-7.812 
1504,-10.417 
1504,-7.812 
1504,-19.141 
1504,-44.042 
1504,119.146 
1505,-6.641 
1505,-26.562 
1505,-29.500 
1505,-48.062 
1505,-40.583 
1505,109.104 
1506,-6.641 
1506,-28.516 
1506,-30.932 
1506,-32.641 
1506,-26.042 
1506,128.146 
1507,-7.812 
1507,-28.516 
1507,-26.042 
1507,-47.021 
1507,-35.042 
1507,107.312 
1508,-7.812 
1508,-31.250 
1508,-33.016 
1508,-25.724 
1508,-13.224 
1508,126.062 
1509,-6.641 
1509,-14.266 
1509,-12.182 
1509,-19.271 
1509,-20.792 
1509,117.062 
1510,-6.641 
1510,-9.766 
1510,-21.182 
1510,-5.021 
1510,-20.792 
1510,99.062 
1511,-6.641 
1511,-18.766 
1511,-26.432 
1511,-38.021 
1511,-35.042 
1511,107.312 
1512,-6.641 
1512,-9.766 
1512,-7.682 
1512,-28.271 
1512,-35.042 
1512,128.146 
1513,-6.641 
1513,-28.516 
1513,-26.432 
1513,-48.974 
1513,-46.125 
1513,108.062 
1514,-7.812 
1514,-18.766 
1514,-26.432 
1514,-48.974 
1514,-40.974 
1514,107.312 
1515,-6.641 
1515,-28.516 
1515,-35.432 
1515,-28.141 
1515,-20.141 
1515,128.146 
1516,-7.812 
1516,-28.516 
1516,-35.042 
1516,-47.021 
1516,-39.542 
1516,101.146 
1517,-6.641 
1517,-28.516 
1517,-35.432 
1517,-28.141 
1517,-20.141 
1517,119.146 
1518,-7.812 
1518,-9.766 
1518,-7.682 
1518,-18.521 
1518,-18.375 
1518,105.979 
1519,-7.812 
1519,-31.250 
1519,-37.516 
1519,-34.724 
1519,-31.583 
1519,109.104 
1520,-7.812 
1520,-31.250 
1520,-28.646 
1520,-34.333 
1520,-35.724 
1520,100.104 
1521,-7.812 
1521,-31.250 
1521,-37.516 
1521,-43.562 
1521,-40.583 
1521,109.104 
1522,-6.641 
1522,-28.516 
1522,-35.042 
1522,-28.271 
1522,-39.542 
1522,101.146 
1523,-6.641 
1523,-9.766 
1523,-28.516 
1523,-21.224 
1523,-43.057 
1523,88.271 
1524,-7.812 
1524,-9.766 
1524,-16.292 
1524,-9.521 
1524,-18.375 
1524,108.062 
1525,-7.812 
1525,-9.766 
1525,-26.432 
1525,-48.974 
1525,-31.974 
1525,108.062 
1526,-7.812 
1526,-28.516 
1526,-30.932 
1526,-23.641 
1526,-11.141 
1526,128.146 
1527,-7.812 
1527,-10.417 
1527,-16.812 
1527,-28.141 
1527,-30.542 
1527,119.146 
1528,-7.812 
1528,-18.766 
1528,-16.682 
1528,-9.391 
1528,-17.724 
1528,108.062 
1529,-7.812 
1529,-10.417 
1529,-28.646 
1529,-34.333 
1529,-45.474 
1529,107.312 
1530,-7.812 
1530,-10.417 
1530,-25.682 
1530,-30.224 
1530,-22.224 
1530,99.062 
1531,-7.812 
1531,-18.766 
1531,-12.182 
1531,-22.729 
1531,-36.083 
1531,109.104 
1532,-7.812 
1532,-31.250 
1532,-37.516 
1532,-25.854 
1532,-22.875 
1532,108.062 
1533,-7.812 
1533,-14.917 
1533,-33.146 
1533,-39.224 
1533,-38.557 
1533,105.979 
1534,-6.641 
1534,-18.766 
1534,-7.292 
1534,-28.271 
1534,-26.042 
1534,119.146 
1535,-7.812 
1535,-28.516 
1535,-30.932 
1535,-23.771 
1535,-37.125 
1535,107.312 
1536,-7.812 
1536,-31.250 
1536,-33.146 
1536,-25.333 
1536,-45.474 
1536,107.312 
1537,-6.641 
1537,-18.766 
1537,-16.682 
1537,-18.229 
1537,-19.750 
1537,109.104 
1538,-6.641 
1538,-9.766 
1538,-7.682 
1538,-13.891 
1538,-13.224 
1538,100.104 
1539,-7.812 
1539,-9.766 
1539,-16.682 
1539,-9.521 
1539,-20.792 
1539,99.062 
1540,-7.812 
1540,-14.917 
1540,-26.432 
1540,-23.641 
1540,-35.042 
1540,128.146 
1541,-6.641 
1541,-9.766 
1541,-29.500 
1541,-31.729 
1541,-40.583 
1541,100.104 
1542,-6.641 
1542,-18.766 
1542,-12.182 
1542,-34.724 
1542,-13.875 
1542,99.062 
1543,-7.812 
1543,-31.250 
1543,-33.016 
1543,-25.724 
1543,-37.125 
1543,107.312 
1544,-7.812 
1544,-14.266 
1544,-12.182 
1544,-21.224 
1544,-31.974 
1544,107.312 
1545,-7.812 
1545,-31.250 
1545,-33.146 
1545,-39.224 
1545,-31.974 
1545,107.312 
1546,-6.641 
1546,-9.766 
1546,-33.016 
1546,-30.354 
1546,-32.625 
1546,107.312 
1547,-7.812 
1547,-31.250 
1547,-33.146 
1547,-25.724 
1547,-13.224 
1547,126.062 
1548,-7.812 
1548,-9.766 
1548,-7.682 
1548,-28.271 
1548,-35.042 
1548,107.312 
1549,-7.812 
1549,-10.417 
1549,-7.682 
1549,-21.224 
1549,-40.974 
1549,107.312 
1550,-6.641 
1550,-9.766 
1550,-16.682 
1550,-4.891 
1550,-8.724 
1550,126.062 
1551,-7.812 
1551,-18.766 
1551,-30.932 
1551,-32.641 
1551,-20.141 
1551,101.146 
1552,-7.812 
1552,-31.250 
1552,-28.646 
1552,-34.333 
1552,-27.474 
1552,108.062 
1553,-7.812 
1553,-10.417 
1553,-28.646 
1553,-34.333 
1553,-35.724 
1553,99.062 
1554,-7.812 
1554,-9.766 
1554,-26.042 
1554,-32.771 
1554,-20.792 
1554,128.146 
1555,-7.812 
1555,-31.250 
1555,-33.016 
1555,-44.474 
1555,-46.125 
1555,108.062 
1556,-6.641 
1556,-26.562 
1556,-29.500 
1556,-31.729 
1556,-40.583 
1556,88.271 
1557,-7.812 
1557,-9.766 
1557,-28.516 
1557,-21.224 
1557,-40.974 
1557,108.062 
1558,-6.641 
1558,-9.766 
1558,-26.042 
1558,-28.271 
1558,-16.292 
1558,126.062 
1559,-6.641 
1559,-18.766 
1559,-16.682 
1559,-19.141 
1559,-36.474 
1559,126.062 
1560,-6.641 
1560,-18.766 
1560,-16.682 
1560,-25.724 
1560,-22.224 
1560,108.062 
1561,-7.812 
1561,-14.917 
1561,-12.312 
1561,-19.141 
1561,-31.974 
1561,107.312 
1562,-7.812 
1562,-28.516 
1562,-30.932 
1562,-44.474 
1562,-46.125 
1562,108.062 
1563,-6.641 
1563,-14.266 
1563,-12.182 
1563,-23.641 
1563,-35.042 
1563,107.312 
1564,-7.812 
1564,-10.417 
1564,-26.432 
1564,-32.641 
1564,-35.042 
1564,107.312 
1565,-7.812 
1565,-9.766 
1565,-16.292 
1565,-19.271 
1565,-35.042 
1565,128.146 
1566,-7.812 
1566,-14.917 
1566,-12.182 
1566,-25.724 
1566,-31.974 
1566,80.312 
1567,-7.812 
1567,-9.766 
1567,-16.292 
1567,-23.771 
1567,-20.792 
1567,108.062 
1568,-7.812 
1568,-14.917 
1568,-12.312 
1568,-4.500 
1568,-24.641 
1568,128.146 
1569,-7.812 
1569,-18.766 
1569,-16.682 
1569,-19.271 
1569,-39.542 
1569,101.146 
1570,-7.812 
1570,-18.766 
1570,-16.682 
1570,-19.271 
1570,-20.792 
1570,119.146 
1571,-7.812 
1571,-10.417 
1571,-25.682 
1571,-9.391 
1571,-6.250 
1571,109.104 
1572,-7.812 
1572,-18.766 
1572,-16.682 
1572,-30.224 
1572,-27.083 
1572,88.271 
1573,-6.641 
1573,-8.854 
1573,-35.042 
1573,-38.021 
1573,-39.542 
1573,107.312 
1574,-7.812 
1574,-31.250 
1574,-33.146 
1574,-39.224 
1574,-22.224 
1574,108.062 
1575,-6.641 
1575,-18.766 
1575,-16.682 
1575,-25.724 
1575,-32.625 
1575,108.062 
1576,-7.812 
1576,-31.250 
1576,-28.516 
1576,-39.974 
1576,-55.125 
1576,99.062 
1577,-7.812 
1577,-14.917 
1577,-26.432 
1577,-32.641 
1577,-36.474 
1577,126.062 
1578,-7.812 
1578,-31.250 
1578,-28.646 
1578,-57.974 
1578,-40.974 
1578,117.062 
1579,-7.812 
1579,-18.766 
1579,-26.432 
1579,-28.141 
1579,-26.042 
1579,107.312 
1580,-7.812 
1580,-9.766 
1580,-16.292 
1580,-19.271 
1580,-35.042 
1580,128.146 
1581,-7.812 
1581,-14.917 
1581,-12.312 
1581,-23.641 
1581,-35.042 
1581,107.312 
1582,-7.812 
1582,-10.417 
1582,-7.682 
1582,-21.224 
1582,-26.724 
1582,100.104 
1583,-7.812 
1583,-9.766 
1583,-34.000 
1583,-48.062 
1583,-36.083 
1583,100.104 
1584,-6.641 
1584,-18.766 
1584,-7.292 
1584,-9.521 
1584,-16.292 
1584,101.146 
1585,-6.641 
1585,-18.766 
1585,-37.516 
1585,-30.224 
1585,-28.125 
1585,108.062 
1586,-7.812 
1586,-31.250 
1586,-33.146 
1586,-25.724 
1586,-13.224 
1586,109.104 
1587,-7.812 
1587,-10.417 
1587,-35.432 
1587,-19.271 
1587,-35.042 
1587,107.312 
1588,-6.641 
1588,-18.766 
1588,-7.292 
1588,-9.521 
1588,-16.292 
1588,108.062 
1589,-6.641 
1589,-26.562 
1589,-34.000 
1589,-27.229 
1589,-36.083 
1589,88.271 
1590,-7.812 
1590,-10.417 
1590,-26.432 
1590,-48.974 
1590,-46.125 
1590,107.312 
1591,-7.812 
1591,-28.516 
1591,-30.932 
1591,-23.771 
1591,-37.125 
1591,126.062 
1592,-7.812 
1592,-10.417 
1592,-7.682 
1592,-18.521 
1592,-18.375 
1592,108.062 
1593,-6.641 
1593,-28.516 
1593,-30.932 
1593,-38.021 
1593,-39.542 
1593,107.312 
1594,-7.812 
1594,-28.516 
1594,-26.432 
1594,-47.021 
1594,-35.042 
1594,107.312 
1595,-6.641 
1595,-14.266 
1595,-30.932 
1595,-39.974 
1595,-46.125 
1595,107.312 
1596,-7.812 
1596,-9.766 
1596,-7.682 
1596,-18.521 
1596,-18.375 
1596,108.062 
1597,-7.812 
1597,-14.917 
1597,-12.312 
1597,-4.500 
1597,-33.641 
1597,101.146 
1598,-7.812 
1598,-18.766 
1598,-30.932 
1598,-32.641 
1598,-30.542 
1598,101.146 
1599,-6.641 
1599,-18.766 
1599,-16.682 
1599,-18.229 
1599,-36.083 
1599,88.271 
1600,-7.812 
1600,-10.417 
1600,-26.432 
1600,-19.141 
1600,-24.641 
1600,119.146 
1601,-6.641 
1601,-18.766 
1601,-37.516 
1601,-39.974 
1601,-40.974 
1601,107.312 
1602,-6.641 
1602,-8.854 
1602,-16.292 
1602,-28.271 
1602,-16.292 
1602,108.062 
1603,-7.812 
1603,-10.417 
1603,-7.682 
1603,-28.271 
1603,-16.292 
1603,128.146 
1604,-7.812 
1604,-10.417 
1604,-7.812 
1604,-27.391 
1604,-20.141 
1604,101.146 
1605,-6.641 
1605,-28.516 
1605,-35.432 
1605,-47.021 
1605,-39.542 
1605,80.312 
1606,-7.812 
1606,-10.417 
1606,-35.432 
1606,-28.141 
1606,-30.542 
1606,119.146 
1607,-6.641 
1607,-9.766 
1607,-16.292 
1607,-28.271 
1607,-37.125 
1607,107.312 
1608,-7.812 
1608,-14.917 
1608,-16.682 
1608,-19.271 
1608,-30.542 
1608,128.146 
1609,-7.812 
1609,-28.516 
1609,-35.432 
1609,-47.021 
1609,-39.542 
1609,101.146 
1610,-6.641 
1610,-8.854 
1610,-16.292 
1610,-19.271 
1610,-35.042 
1610,119.146 
1611,-6.641 
1611,-8.854 
1611,-26.042 
1611,-42.521 
1611,-39.542 
1611,107.312 
1612,-7.812 
1612,-14.917 
1612,-35.432 
1612,-23.771 
1612,-41.625 
1612,99.062 
1613,-7.812 
1613,-18.766 
1613,-28.516 
1613,-44.474 
1613,-32.625 
1613,107.312 
1614,-7.812 
1614,-31.250 
1614,-37.516 
1614,-34.724 
1614,-43.057 
1614,105.979 
1615,-6.641 
1615,-14.266 
1615,-7.292 
1615,-32.771 
1615,-37.125 
1615,107.312 
1616,-7.812 
1616,-18.766 
1616,-30.932 
1616,-32.641 
1616,-40.974 
1616,80.312 
1617,-7.812 
1617,-31.250 
1617,-33.146 
1617,-25.724 
1617,-45.083 
1617,109.104 
1618,-6.641 
1618,-9.766 
1618,-7.682 
1618,-21.224 
1618,-36.375 
1618,105.979 
1619,-6.641 
1619,-9.766 
1619,-7.682 
1619,-28.271 
1619,-37.125 
1619,126.062 
1620,-6.641 
1620,-26.562 
1620,-29.500 
1620,-48.062 
1620,-40.583 
1620,109.104 
1621,-7.812 
1621,-14.917 
1621,-16.682 
1621,-23.771 
1621,-37.125 
1621,108.062 
1622,-7.812 
1622,-31.250 
1622,-33.146 
1622,-39.224 
1622,-31.583 
1622,88.271 
1623,-7.812 
1623,-10.417 
1623,-25.682 
1623,-0.521 
1623,-7.292 
1623,128.146 
1624,-6.641 
1624,-18.766 
1624,-16.682 
1624,-25.724 
1624,-13.875 
1624,126.062 
1625,-6.641 
1625,-18.766 
1625,-37.516 
1625,-48.974 
1625,-40.974 
1625,80.312 
1626,-7.812 
1626,-14.917 
1626,-28.646 
1626,-48.974 
1626,-32.625 
1626,107.312 
1627,-7.812 
1627,-31.250 
1627,-28.646 
1627,-34.333 
1627,-45.474 
1627,107.312 
1628,-7.812 
1628,-10.417 
1628,-28.646 
1628,-57.974 
1628,-40.974 
1628,117.062 
1629,-7.812 
1629,-28.516 
1629,-39.932 
1629,-53.474 
1629,-32.625 
1629,80.312 
1630,-6.641 
1630,-9.766 
1630,-7.682 
1630,-13.891 
1630,-11.141 
1630,101.146 
1631,-7.812 
1631,-10.417 
1631,-7.682 
1631,-0.391 
1631,-25.292 
1631,126.062 
1632,-6.641 
1632,-28.516 
1632,-35.042 
1632,-28.271 
1632,-20.792 
1632,99.062 
1633,-7.812 
1633,-10.417 
1633,-7.682 
1633,-19.141 
1633,-24.641 
1633,119.146 
1634,-6.641 
1634,-9.766 
1634,-26.042 
1634,-28.271 
1634,-35.042 
1634,128.146 
1635,-6.641 
1635,-8.854 
1635,-26.042 
1635,-28.271 
1635,-20.792 
1635,119.146 
1636,-7.812 
1636,-10.417 
1636,-28.646 
1636,-50.667 
1636,-34.057 
1636,88.271 
1637,-7.812 
1637,-31.250 
1637,-37.646 
1637,-25.724 
1637,-46.125 
1637,99.062 
1638,-7.812 
1638,-14.917 
1638,-12.312 
1638,-20.833 
1638,-35.724 
1638,108.062 
1639,-7.812 
1639,-10.417 
1639,-25.682 
1639,-0.521 
1639,-7.292 
1639,126.062 
1640,-6.641 
1640,-18.766 
1640,-12.182 
1640,-23.641 
1640,-20.141 
1640,119.146 
1641,-7.812 
1641,-31.250 
1641,-33.016 
1641,-25.724 
1641,-34.057 
1641,105.979 
1642,-7.812 
1642,-31.250 
1642,-33.146 
1642,-39.224 
1642,-31.974 
1642,107.312 
1643,-6.641 
1643,-9.766 
1643,-26.432 
1643,-39.974 
1643,-55.125 
1643,80.312 
1644,-7.812 
1644,-18.766 
1644,-16.682 
1644,-28.141 
1644,-40.974 
1644,80.312 
1645,-6.641 
1645,-8.854 
1645,-16.292 
1645,-25.854 
1645,-22.875 
1645,105.979 
1646,-7.812 
1646,-10.417 
1646,-26.432 
1646,-32.641 
1646,-27.474 
1646,107.312 
1647,-7.812 
1647,-10.417 
1647,-16.812 
1647,-28.141 
1647,-30.542 
1647,107.312 
1648,-7.812 
1648,-10.417 
1648,-7.682 
1648,-30.224 
1648,-31.974 
1648,108.062 
1649,-7.812 
1649,-14.917 
1649,-12.182 
1649,-28.271 
1649,-39.542 
1649,101.146 
1650,-7.812 
1650,-18.766 
1650,-16.682 
1650,-28.141 
1650,-40.974 
1650,99.062 
1651,-6.641 
1651,-14.266 
1651,-25.000 
1651,-31.729 
1651,-36.083 
1651,88.271 
1652,-7.812 
1652,-28.516 
1652,-39.932 
1652,-23.771 
1652,-39.542 
1652,80.312 
1653,-6.641 
1653,-8.854 
1653,-16.292 
1653,-28.271 
1653,-37.125 
1653,107.312 
1654,-6.641 
1654,-9.766 
1654,-33.016 
1654,-30.354 
1654,-32.625 
1654,107.312 
1655,-6.641 
1655,-8.854 
1655,-35.042 
1655,-28.271 
1655,-39.542 
1655,101.146 
1656,-7.812 
1656,-14.917 
1656,-28.646 
1656,-25.333 
1656,-35.724 
1656,108.062 
1657,-7.812 
1657,-10.417 
1657,-33.146 
1657,-39.224 
1657,-43.057 
1657,88.271 
1658,-6.641 
1658,-28.516 
1658,-35.432 
1658,-28.141 
1658,-26.042 
1658,107.312 
1659,-7.812 
1659,-10.417 
1659,-35.432 
1659,-28.141 
1659,-11.792 
1659,126.062 
1660,-7.812 
1660,-14.917 
1660,-28.646 
1660,-39.224 
1660,-31.583 
1660,109.104 
1661,-6.641 
1661,-8.854 
1661,-35.042 
1661,-38.021 
1661,-35.042 
1661,119.146 
1662,-7.812 
1662,-14.917 
1662,-33.146 
1662,-25.724 
1662,-13.224 
1662,99.062 
1663,-7.812 
1663,-28.516 
1663,-26.432 
1663,-39.974 
1663,-45.474 
1663,80.312 
1664,-7.812 
1664,-18.766 
1664,-26.042 
1664,-28.271 
1664,-26.042 
1664,107.312 
1665,-7.812 
1665,-14.917 
1665,-26.432 
1665,-23.771 
1665,-20.792 
1665,126.062 
1666,-6.641 
1666,-8.854 
1666,-26.042 
1666,-32.771 
1666,-30.542 
1666,107.312 
1667,-7.812 
1667,-9.766 
1667,-30.932 
1667,-23.771 
1667,-37.125 
1667,107.312 
1668,-7.812 
1668,-9.766 
1668,-26.432 
1668,-47.021 
1668,-35.042 
1668,119.146 
1669,-7.812 
1669,-10.417 
1669,-28.646 
1669,-21.224 
1669,-36.375 
1669,108.062 
1670,-7.812 
1670,-18.766 
1670,-16.682 
1670,-19.141 
1670,-36.474 
1670,126.062 
1671,-7.812 
1671,-10.417 
1671,-16.812 
1671,-25.333 
1671,-31.974 
1671,80.312 
1672,-7.812 
1672,-9.766 
1672,-28.516 
1672,-34.724 
1672,-46.125 
1672,99.062 
1673,-7.812 
1673,-10.417 
1673,-25.682 
1673,-9.391 
1673,-11.141 
1673,128.146 
1674,-6.641 
1674,-9.766 
1674,-11.792 
1674,-30.354 
1674,-41.625 
1674,108.062 
1675,-6.641 
1675,-18.766 
1675,-7.292 
1675,-28.271 
1675,-39.542 
1675,80.312 
1676,-7.812 
1676,-9.766 
1676,-26.432 
1676,-48.974 
1676,-46.125 
1676,108.062 
1677,-6.641 
1677,-26.562 
1677,-29.500 
1677,-48.062 
1677,-40.583 
1677,109.104 
1678,-7.812 
1678,-9.766 
1678,-7.682 
1678,-36.229 
1678,-19.750 
1678,100.104 
1679,-6.641 
1679,-14.266 
1679,-7.292 
1679,-23.771 
1679,-39.542 
1679,107.312 
1680,-6.641 
1680,-28.516 
1680,-26.432 
1680,-19.141 
1680,-34.292 
1680,108.062 
1681,-7.812 
1681,-14.266 
1681,-7.292 
1681,-14.021 
1681,-11.792 
1681,119.146 
1682,-7.812 
1682,-10.417 
1682,-7.682 
1682,-36.229 
1682,-19.750 
1682,100.104 
1683,-6.641 
1683,-28.516 
1683,-26.432 
1683,-47.021 
1683,-35.042 
1683,107.312 
1684,-7.812 
1684,-14.917 
1684,-28.646 
1684,-39.224 
1684,-22.224 
1684,109.104 
1685,-6.641 
1685,-9.766 
1685,-30.932 
1685,-38.021 
1685,-39.542 
1685,107.312 
1686,-7.812 
1686,-9.766 
1686,-37.516 
1686,-25.854 
1686,-32.625 
1686,126.062 
1687,-7.812 
1687,-18.766 
1687,-12.182 
1687,-34.724 
1687,-13.875 
1687,117.062 
1688,-7.812 
1688,-18.766 
1688,-26.432 
1688,-48.974 
1688,-40.974 
1688,117.062 
1689,-7.812 
1689,-9.766 
1689,-33.016 
1689,-48.062 
1689,-40.583 
1689,88.271 
1690,-7.812 
1690,-14.917 
1690,-30.932 
1690,-23.641 
1690,-25.292 
1690,119.146 
1691,-7.812 
1691,-10.417 
1691,-7.682 
1691,-0.391 
1691,-22.224 
1691,109.104 
1692,-7.812 
1692,-18.766 
1692,-12.182 
1692,-23.641 
1692,-26.042 
1692,128.146 
1693,-7.812 
1693,-28.516 
1693,-26.432 
1693,-37.271 
1693,-26.042 
1693,107.312 
1694,-7.812 
1694,-28.516 
1694,-26.432 
1694,-19.141 
1694,-34.292 
1694,108.062 
1695,-7.812 
1695,-28.516 
1695,-39.932 
1695,-32.641 
1695,-30.542 
1695,101.146 
1696,-7.812 
1696,-9.766 
1696,-7.682 
1696,-28.271 
1696,-20.792 
1696,126.062 
1697,-7.812 
1697,-10.417 
1697,-7.812 
1697,-19.141 
1697,-34.292 
1697,108.062 
1698,-7.812 
1698,-9.766 
1698,-26.432 
1698,-19.141 
1698,-40.974 
1698,108.062 
1699,-7.812 
1699,-14.917 
1699,-35.432 
1699,-23.771 
1699,-41.625 
1699,99.062 
1700,-7.812 
1700,-10.417 
1700,-26.432 
1700,-32.641 
1700,-44.042 
1700,80.312 
1701,-7.812 
1701,-14.266 
1701,-28.516 
1701,-25.724 
1701,-37.125 
1701,126.062 
1702,-7.812 
1702,-31.250 
1702,-33.146 
1702,-39.224 
1702,-32.625 
1702,108.062 
1703,-7.812 
1703,-14.266 
1703,-28.516 
1703,-44.474 
1703,-46.125 
1703,108.062 
1704,-7.812 
1704,-14.917 
1704,-12.182 
1704,-25.724 
1704,-13.224 
1704,100.104 
1705,-6.641 
1705,-8.854 
1705,-35.042 
1705,-28.271 
1705,-30.542 
1705,107.312 
1706,-6.641 
1706,-9.766 
1706,-7.682 
1706,-18.521 
1706,-18.375 
1706,105.979 
1707,-7.812 
1707,-9.766 
1707,-26.432 
1707,-32.641 
1707,-44.042 
1707,80.312 
1708,-7.812 
1708,-10.417 
1708,-26.432 
1708,-39.974 
1708,-55.125 
1708,99.062 
1709,-7.812 
1709,-14.917 
1709,-12.312 
1709,-25.333 
1709,-54.474 
1709,80.312 
1710,-7.812 
1710,-14.917 
1710,-33.146 
1710,-39.224 
1710,-31.583 
1710,100.104 
1711,-6.641 
1711,-18.766 
1711,-16.682 
1711,-9.391 
1711,-11.141 
1711,119.146 
1712,-7.812 
1712,-10.417 
1712,-25.682 
1712,-18.229 
1712,-15.250 
1712,109.104 
1713,-7.812 
1713,-28.516 
1713,-35.042 
1713,-28.271 
1713,-30.542 
1713,107.312 
1714,-7.812 
1714,-9.766 
1714,-30.932 
1714,-28.271 
1714,-20.792 
1714,108.062 
1715,-7.812 
1715,-9.766 
1715,-21.182 
1715,-13.891 
1715,-22.224 
1715,100.104 
1716,-7.812 
1716,-14.917 
1716,-30.932 
1716,-39.974 
1716,-46.125 
1716,108.062 
1717,-7.812 
1717,-31.250 
1717,-33.146 
1717,-25.724 
1717,-45.083 
1717,109.104 
1718,-7.812 
1718,-9.766 
1718,-26.042 
1718,-28.271 
1718,-16.292 
1718,128.146 
1719,-7.812 
1719,-28.516 
1719,-26.042 
1719,-32.771 
1719,-30.542 
1719,107.312 
1720,-6.641 
1720,-14.266 
1720,-12.182 
1720,-25.724 
1720,-45.083 
1720,100.104 
1721,-7.812 
1721,-10.417 
1721,-28.646 
1721,-21.224 
1721,-40.974 
1721,108.062 
1722,-7.812 
1722,-10.417 
1722,-25.682 
1722,-30.224 
1722,-28.125 
1722,80.312 
1723,-7.812 
1723,-18.766 
1723,-7.292 
1723,-25.854 
1723,-32.625 
1723,126.062 
1724,-7.812 
1724,-14.917 
1724,-26.432 
1724,-23.771 
1724,-39.542 
1724,119.146 
1725,-7.812 
1725,-28.516 
1725,-35.432 
1725,-28.141 
1725,-36.474 
1725,107.312 
1726,-7.812 
1726,-14.917 
1726,-12.312 
1726,-23.641 
1726,-31.974 
1726,80.312 
1727,-7.812 
1727,-14.266 
1727,-7.292 
1727,-23.771 
1727,-37.125 
1727,107.312 
1728,-6.641 
1728,-8.854 
1728,-35.042 
1728,-38.021 
1728,-39.542 
1728,119.146 
1729,-6.641 
1729,-9.766 
1729,-26.042 
1729,-28.271 
1729,-35.042 
1729,128.146 
1730,-7.812 
1730,-14.266 
1730,-7.292 
1730,-23.771 
1730,-20.792 
1730,119.146 
1731,-7.812 
1731,-10.417 
1731,-35.432 
1731,-38.021 
1731,-39.542 
1731,119.146 
1732,-6.641 
1732,-9.766 
1732,-33.016 
1732,-30.354 
1732,-32.625 
1732,126.062 
1733,-6.641 
1733,-9.766 
1733,-16.682 
1733,-27.229 
1733,-40.583 
1733,100.104 
1734,-6.641 
1734,-8.854 
1734,-35.042 
1734,-28.271 
1734,-37.125 
1734,80.312 
1735,-6.641 
1735,-14.266 
1735,-28.516 
1735,-44.474 
1735,-46.125 
1735,108.062 
1736,-7.812 
1736,-14.917 
1736,-33.146 
1736,-39.224 
1736,-22.224 
1736,108.062 
1737,-7.812 
1737,-10.417 
1737,-25.682 
1737,-19.271 
1737,-16.292 
1737,101.146 
1738,-7.812 
1738,-18.766 
1738,-16.682 
1738,-9.391 
1738,-7.292 
1738,108.062 
1739,-6.641 
1739,-26.562 
1739,-34.000 
1739,-27.229 
1739,-19.750 
1739,109.104 
1740,-7.812 
1740,-14.917 
1740,-26.432 
1740,-44.474 
1740,-46.125 
1740,107.312 
1741,-6.641 
1741,-14.266 
1741,-12.182 
1741,-23.641 
1741,-27.474 
1741,107.312 
1742,-6.641 
1742,-8.854 
1742,-16.292 
1742,-28.271 
1742,-41.625 
1742,99.062 
1743,-6.641 
1743,-18.766 
1743,-26.042 
1743,-38.021 
1743,-35.042 
1743,119.146 
1744,-7.812 
1744,-18.766 
1744,-7.292 
1744,-30.354 
1744,-37.125 
1744,108.062 
1745,-6.641 
1745,-9.766 
1745,-29.500 
1745,-48.062 
1745,-40.583 
1745,109.104 
1746,-6.641 
1746,-28.516 
1746,-39.932 
1746,-53.474 
1746,-40.974 
1746,80.312 
1747,-7.812 
1747,-14.917 
1747,-26.432 
1747,-44.474 
1747,-46.125 
1747,107.312 
1748,-7.812 
1748,-18.766 
1748,-25.000 
1748,-27.229 
1748,-40.583 
1748,100.104 
1749,-7.812 
1749,-10.417 
1749,-16.812 
1749,-23.641 
1749,-11.141 
1749,119.146 
1750,-7.812 
1750,-14.917 
1750,-33.146 
1750,-25.333 
1750,-27.474 
1750,108.062 
1751,-7.812 
1751,-31.250 
1751,-37.516 
1751,-44.474 
1751,-32.625 
1751,107.312 
1752,-6.641 
1752,-9.766 
1752,-7.682 
1752,-21.224 
1752,-40.974 
1752,108.062 
1753,-6.641 
1753,-9.766 
1753,-16.292 
1753,-9.521 
1753,-18.375 
1753,105.979 
1754,-6.641 
1754,-8.854 
1754,-11.792 
1754,-32.771 
1754,-37.125 
1754,107.312 
1755,-7.812 
1755,-31.250 
1755,-33.016 
1755,-25.724 
1755,-27.375 
1755,126.062 
1756,-7.812 
1756,-10.417 
1756,-25.682 
1756,-0.521 
1756,-18.375 
1756,99.062 
1757,-7.812 
1757,-18.766 
1757,-37.516 
1757,-48.974 
1757,-40.974 
1757,99.062 
1758,-7.812 
1758,-10.417 
1758,-16.812 
1758,-28.141 
1758,-20.141 
1758,119.146 
1759,-6.641 
1759,-18.766 
1759,-12.182 
1759,-19.271 
1759,-41.625 
1759,108.062 
1760,-7.812 
1760,-28.516 
1760,-35.432 
1760,-28.141 
1760,-36.474 
1760,126.062 
1761,-6.641 
1761,-9.766 
1761,-11.792 
1761,-32.771 
1761,-37.125 
1761,107.312 
1762,-6.641 
1762,-18.766 
1762,-7.292 
1762,-9.521 
1762,-18.375 
1762,105.979 
1763,-6.641 
1763,-14.266 
1763,-12.182 
1763,-23.641 
1763,-35.042 
1763,119.146 
1764,-7.812 
1764,-14.917 
1764,-12.312 
1764,-28.141 
1764,-11.792 
1764,119.146 
1765,-7.812 
1765,-9.766 
1765,-26.042 
1765,-32.771 
1765,-20.792 
1765,108.062 
1766,-7.812 
1766,-14.917 
1766,-28.646 
1766,-25.724 
1766,-31.974 
1766,108.062 
1767,-7.812 
1767,-31.250 
1767,-37.516 
1767,-34.724 
1767,-31.974 
1767,126.062 
1768,-7.812 
1768,-14.917 
1768,-12.182 
1768,-23.641 
1768,-31.974 
1768,99.062 
1769,-6.641 
1769,-8.854 
1769,-26.042 
1769,-28.271 
1769,-20.792 
1769,119.146 
1770,-7.812 
1770,-10.417 
1770,-28.646 
1770,-21.224 
1770,-26.724 
1770,100.104 
1771,-6.641 
1771,-9.766 
1771,-21.182 
1771,-34.724 
1771,-22.224 
1771,100.104 
1772,-7.812 
1772,-9.766 
1772,-7.682 
1772,-19.141 
1772,-34.292 
1772,101.146 
1773,-6.641 
1773,-9.766 
1773,-37.516 
1773,-34.724 
1773,-32.625 
1773,107.312 
1774,-7.812 
1774,-28.516 
1774,-30.932 
1774,-23.771 
1774,-39.542 
1774,107.312 
1775,-7.812 
1775,-28.516 
1775,-30.932 
1775,-38.021 
1775,-39.542 
1775,128.146 
1776,-6.641 
1776,-18.766 
1776,-16.682 
1776,-19.271 
1776,-26.042 
1776,119.146 
1777,-7.812 
1777,-31.250 
1777,-37.646 
1777,-57.974 
1777,-32.625 
1777,80.312 
1778,-7.812 
1778,-31.250 
1778,-37.646 
1778,-25.724 
1778,-31.974 
1778,80.312 
1779,-7.812 
1779,-10.417 
1779,-7.812 
1779,-19.141 
1779,-44.042 
1779,107.312 
1780,-7.812 
1780,-31.250 
1780,-37.646 
1780,-25.724 
1780,-13.224 
1780,117.062 
1781,-7.812 
1781,-14.266 
1781,-12.182 
1781,-21.224 
1781,-37.125 
1781,126.062 
1782,-6.641 
1782,-8.854 
1782,-26.042 
1782,-42.521 
1782,-39.542 
1782,107.312 
1783,-6.641 
1783,-9.766 
1783,-7.682 
1783,-30.224 
1783,-34.057 
1783,88.271 
1784,-7.812 
1784,-10.417 
1784,-7.682 
1784,-21.224 
1784,-36.375 
1784,99.062 
1785,-7.812 
1785,-31.250 
1785,-37.516 
1785,-25.854 
1785,-41.625 
1785,107.312 
1786,-7.812 
1786,-31.250 
1786,-33.146 
1786,-25.724 
1786,-37.125 
1786,107.312 
1787,-7.812 
1787,-31.250 
1787,-37.516 
1787,-43.562 
1787,-40.583 
1787,109.104 
1788,-7.812 
1788,-28.516 
1788,-30.932 
1788,-28.271 
1788,-41.625 
1788,108.062 
1789,-7.812 
1789,-10.417 
1789,-26.432 
1789,-19.141 
1789,-40.974 
1789,107.312 
1790,-6.641 
1790,-8.854 
1790,-30.542 
1790,-32.771 
1790,-39.542 
1790,101.146 
1791,-7.812 
1791,-14.917 
1791,-33.146 
1791,-57.974 
1791,-40.974 
1791,99.062 
1792,-6.641 
1792,-9.766 
1792,-26.432 
1792,-47.021 
1792,-39.542 
1792,119.146 
1793,-6.641 
1793,-9.766 
1793,-26.432 
1793,-19.141 
1793,-44.042 
1793,107.312 
1794,-7.812 
1794,-14.917 
1794,-33.146 
1794,-39.224 
1794,-22.224 
1794,100.104 
1795,-7.812 
1795,-14.266 
1795,-30.932 
1795,-23.641 
1795,-11.141 
1795,119.146 
1796,-7.812 
1796,-14.266 
1796,-12.182 
1796,-25.724 
1796,-13.224 
1796,99.062 
1797,-7.812 
1797,-31.250 
1797,-28.516 
1797,-48.974 
1797,-31.974 
1797,108.062 
1798,-6.641 
1798,-18.766 
1798,-16.682 
1798,-9.391 
1798,-7.292 
1798,101.146 
1799,-6.641 
1799,-28.516 
1799,-26.432 
1799,-32.641 
1799,-25.292 
1799,119.146 
1800,-7.812 
1800,-14.917 
1800,-26.432 
1800,-32.641 
1800,-40.974 
1800,107.312 
1801,-7.812 
1801,-14.917 
1801,-33.146 
1801,-25.724 
1801,-31.974 
1801,99.062 
1802,-7.812 
1802,-28.516 
1802,-35.432 
1802,-38.021 
1802,-39.542 
1802,107.312 
1803,-6.641 
1803,-9.766 
1803,-26.042 
1803,-28.271 
1803,-16.292 
1803,126.062 
1804,-7.812 
1804,-9.766 
1804,-34.000 
1804,-27.229 
1804,-36.083 
1804,88.271 
1805,-7.812 
1805,-28.516 
1805,-35.432 
1805,-19.271 
1805,-20.792 
1805,126.062 
1806,-7.812 
1806,-14.917 
1806,-35.432 
1806,-23.771 
1806,-20.792 
1806,99.062 
1807,-7.812 
1807,-31.250 
1807,-37.516 
1807,-25.854 
1807,-41.625 
1807,107.312 
1808,-7.812 
1808,-14.917 
1808,-12.182 
1808,-25.724 
1808,-31.974 
1808,99.062 
1809,-7.812 
1809,-14.917 
1809,-28.646 
1809,-25.724 
1809,-45.083 
1809,109.104 
1810,-7.812 
1810,-14.917 
1810,-12.312 
1810,-18.391 
1810,-22.224 
1810,108.062 
1811,-7.812 
1811,-10.417 
1811,-28.646 
1811,-34.333 
1811,-54.474 
1811,80.312 
1812,-7.812 
1812,-10.417 
1812,-33.146 
1812,-39.224 
1812,-31.583 
1812,109.104 
1813,-7.812 
1813,-14.917 
1813,-12.182 
1813,-25.724 
1813,-31.974 
1813,80.312 
1814,-7.812 
1814,-14.917 
1814,-12.182 
1814,-19.271 
1814,-20.792 
1814,119.146 
1815,-7.812 
1815,-9.766 
1815,-26.042 
1815,-28.271 
1815,-35.042 
1815,119.146 
1816,-7.812 
1816,-9.766 
1816,-7.682 
1816,-30.224 
1816,-45.083 
1816,88.271 
1817,-6.641 
1817,-9.766 
1817,-7.682 
1817,-18.521 
1817,-16.292 
1817,108.062 
1818,-7.812 
1818,-10.417 
1818,-7.682 
1818,-30.224 
1818,-37.125 
1818,126.062 
1819,-7.812 
1819,-31.250 
1819,-37.516 
1819,-34.724 
1819,-31.974 
1819,107.312 
1820,-7.812 
1820,-10.417 
1820,-26.432 
1820,-19.141 
1820,-40.974 
1820,107.312 
1821,-6.641 
1821,-8.854 
1821,-16.292 
1821,-19.271 
1821,-37.125 
1821,107.312 
1822,-7.812 
1822,-10.417 
1822,-7.812 
1822,-19.141 
1822,-44.042 
1822,119.146 
1823,-7.812 
1823,-31.250 
1823,-37.516 
1823,-34.724 
1823,-13.875 
1823,105.979 
1824,-7.812 
1824,-10.417 
1824,-25.682 
1824,-28.141 
1824,-30.542 
1824,101.146 
1825,-7.812 
1825,-10.417 
1825,-26.432 
1825,-32.641 
1825,-11.141 
1825,101.146 
1826,-7.812 
1826,-28.516 
1826,-35.432 
1826,-48.974 
1826,-28.125 
1826,117.062 
1827,-6.641 
1827,-28.516 
1827,-26.432 
1827,-19.141 
1827,-34.292 
1827,101.146 
1828,-6.641 
1828,-26.562 
1828,-34.000 
1828,-27.229 
1828,-19.750 
1828,109.104 
1829,-7.812 
1829,-28.516 
1829,-30.932 
1829,-23.771 
1829,-39.542 
1829,107.312 
1830,-7.812 
1830,-14.917 
1830,-12.312 
1830,-25.333 
1830,-13.224 
1830,99.062 
1831,-7.812 
1831,-14.917 
1831,-12.312 
1831,-23.641 
1831,-25.292 
1831,99.062 
1832,-7.812 
1832,-31.250 
1832,-37.516 
1832,-44.474 
1832,-32.625 
1832,126.062 
1833,-7.812 
1833,-14.266 
1833,-30.932 
1833,-28.271 
1833,-30.542 
1833,119.146 
1834,-7.812 
1834,-14.266 
1834,-7.292 
1834,-23.771 
1834,-39.542 
1834,119.146 
1835,-6.641 
1835,-18.766 
1835,-26.042 
1835,-38.021 
1835,-39.542 
1835,119.146 
1836,-7.812 
1836,-10.417 
1836,-35.432 
1836,-28.141 
1836,-20.141 
1836,128.146 
1837,-7.812 
1837,-14.917 
1837,-12.312 
1837,-28.141 
1837,-30.542 
1837,107.312 
1838,-7.812 
1838,-9.766 
1838,-7.682 
1838,-28.271 
1838,-35.042 
1838,119.146 
1839,-6.641 
1839,-9.766 
1839,-7.682 
1839,-13.891 
1839,-8.724 
1839,109.104 
1840,-7.812 
1840,-10.417 
1840,-28.646 
1840,-48.224 
1840,-22.224 
1840,99.062 
1841,-7.812 
1841,-14.917 
1841,-35.432 
1841,-32.641 
1841,-30.542 
1841,101.146 
1842,-6.641 
1842,-9.766 
1842,-26.432 
1842,-37.271 
1842,-37.125 
1842,107.312 
1843,-7.812 
1843,-9.766 
1843,-7.682 
1843,-36.229 
1843,-15.250 
1843,109.104 
1844,-6.641 
1844,-9.766 
1844,-7.682 
1844,-0.391 
1844,-20.141 
1844,128.146 
1845,-7.812 
1845,-14.266 
1845,-7.292 
1845,-30.354 
1845,-32.625 
1845,126.062 
1846,-6.641 
1846,-9.766 
1846,-28.516 
1846,-34.724 
1846,-29.557 
1846,88.271 
1847,-7.812 
1847,-14.917 
1847,-33.146 
1847,-39.224 
1847,-38.557 
1847,88.271 
1848,-6.641 
1848,-9.766 
1848,-21.182 
1848,-5.021 
1848,-11.792 
1848,119.146 
1849,-6.641 
1849,-14.266 
1849,-30.932 
1849,-23.641 
1849,-31.974 
1849,80.312 
1850,-7.812 
1850,-31.250 
1850,-37.516 
1850,-34.724 
1850,-31.974 
1850,107.312 
1851,-7.812 
1851,-18.766 
1851,-7.292 
1851,-19.271 
1851,-35.042 
1851,107.312 
1852,-7.812 
1852,-28.516 
1852,-26.432 
1852,-32.641 
1852,-35.042 
1852,107.312 
1853,-6.641 
1853,-8.854 
1853,-16.292 
1853,-25.854 
1853,-32.625 
1853,107.312 
1854,-7.812 
1854,-31.250 
1854,-28.516 
1854,-39.974 
1854,-45.474 
1854,99.062 
1855,-7.812 
1855,-9.766 
1855,-26.432 
1855,-37.271 
1855,-37.125 
1855,80.312 
1856,-7.812 
1856,-31.250 
1856,-37.516 
1856,-34.724 
1856,-22.224 
1856,108.062 
1857,-7.812 
1857,-10.417 
1857,-35.432 
1857,-28.141 
1857,-30.542 
1857,107.312 
1858,-7.812 
1858,-31.250 
1858,-28.646 
1858,-21.224 
1858,-54.083 
1858,100.104 
1859,-6.641 
1859,-14.266 
1859,-26.042 
1859,-51.521 
1859,-39.542 
1859,80.312 
1860,-6.641 
1860,-28.516 
1860,-39.932 
1860,-32.641 
1860,-40.974 
1860,99.062 
1861,-6.641 
1861,-9.766 
1861,-34.000 
1861,-27.229 
1861,-19.750 
1861,100.104 
1862,-6.641 
1862,-28.516 
1862,-39.932 
1862,-32.641 
1862,-20.141 
1862,101.146 
1863,-7.812 
1863,-10.417 
1863,-33.146 
1863,-39.224 
1863,-31.583 
1863,88.271 
1864,-7.812 
1864,-9.766 
1864,-16.682 
1864,-19.271 
1864,-37.125 
1864,126.062 
1865,-6.641 
1865,-28.516 
1865,-35.432 
1865,-19.271 
1865,-20.792 
1865,117.062 
1866,-6.641 
1866,-18.766 
1866,-16.682 
1866,-19.141 
1866,-20.141 
1866,119.146 
1867,-7.812 
1867,-9.766 
1867,-21.182 
1867,-19.271 
1867,-20.792 
1867,108.062 
1868,-7.812 
1868,-9.766 
1868,-34.000 
1868,-27.229 
1868,-19.750 
1868,100.104 
1869,-7.812 
1869,-31.250 
1869,-28.516 
1869,-39.354 
1869,-37.125 
1869,80.312 
1870,-7.812 
1870,-31.250 
1870,-33.146 
1870,-25.724 
1870,-27.375 
1870,108.062 
1871,-6.641 
1871,-18.766 
1871,-26.432 
1871,-48.974 
1871,-40.974 
1871,107.312 
1872,-7.812 
1872,-10.417 
1872,-35.432 
1872,-28.141 
1872,-26.042 
1872,119.146 
1873,-7.812 
1873,-14.917 
1873,-33.146 
1873,-41.667 
1873,-34.057 
1873,88.271 
1874,-7.812 
1874,-28.516 
1874,-26.432 
1874,-47.021 
1874,-39.542 
1874,119.146 
1875,-6.641 
1875,-9.766 
1875,-34.000 
1875,-27.229 
1875,-36.083 
1875,109.104 
1876,-7.812 
1876,-28.516 
1876,-26.432 
1876,-19.141 
1876,-44.042 
1876,119.146 
1877,-7.812 
1877,-14.917 
1877,-30.932 
1877,-28.271 
1877,-30.542 
1877,107.312 
1878,-7.812 
1878,-10.417 
1878,-26.432 
1878,-19.141 
1878,-40.974 
1878,107.312 
1879,-7.812 
1879,-10.417 
1879,-25.682 
1879,-18.229 
1879,-36.083 
1879,109.104 
1880,-7.812 
1880,-31.250 
1880,-37.646 
1880,-25.724 
1880,-31.974 
1880,80.312 
1881,-6.641 
1881,-28.516 
1881,-30.932 
1881,-38.021 
1881,-39.542 
1881,128.146 
1882,-7.812 
1882,-14.917 
1882,-16.682 
1882,-23.771 
1882,-37.125 
1882,108.062 
1883,-7.812 
1883,-14.917 
1883,-12.312 
1883,-23.641 
1883,-11.141 
1883,119.146 
1884,-7.812 
1884,-14.917 
1884,-12.312 
1884,-20.833 
1884,-31.974 
1884,108.062 
1885,-7.812 
1885,-14.917 
1885,-33.146 
1885,-39.224 
1885,-13.875 
1885,105.979 
1886,-7.812 
1886,-14.917 
1886,-28.646 
1886,-44.474 
1886,-46.125 
1886,108.062 
1887,-6.641 
1887,-18.766 
1887,-16.682 
1887,-9.391 
1887,-11.792 
1887,108.062 
1888,-7.812 
1888,-14.917 
1888,-12.312 
1888,-37.141 
1888,-30.542 
1888,101.146 
1889,-7.812 
1889,-18.766 
1889,-7.292 
1889,-9.521 
1889,-16.292 
1889,108.062 
1890,-7.812 
1890,-10.417 
1890,-26.432 
1890,-37.271 
1890,-37.125 
1890,108.062 
1891,-7.812 
1891,-10.417 
1891,-25.682 
1891,-19.141 
1891,-26.042 
1891,107.312 
1892,-7.812 
1892,-31.250 
1892,-33.146 
1892,-48.974 
1892,-40.974 
1892,107.312 
1893,-7.812 
1893,-10.417 
1893,-25.682 
1893,-28.141 
1893,-40.974 
1893,99.062 
1894,-7.812 
1894,-14.917 
1894,-12.182 
1894,-9.521 
1894,-22.875 
1894,117.062 
1895,-7.812 
1895,-31.250 
1895,-33.146 
1895,-25.724 
1895,-31.974 
1895,108.062 
1896,-7.812 
1896,-14.266 
1896,-12.182 
1896,-9.521 
1896,-11.792 
1896,126.062 
1897,-7.812 
1897,-28.516 
1897,-39.932 
1897,-42.521 
1897,-39.542 
1897,101.146 
1898,-7.812 
1898,-14.917 
1898,-12.182 
1898,-19.271 
1898,-20.792 
1898,119.146 
1899,-7.812 
1899,-31.250 
1899,-46.516 
1899,-30.224 
1899,-27.083 
1899,100.104 
1900,-7.812 
1900,-14.917 
1900,-12.312 
1900,-4.891 
1900,-8.724 
1900,109.104 
1901,-7.812 
1901,-14.917 
1901,-26.432 
1901,-48.974 
1901,-40.974 
1901,126.062 
1902,-7.812 
1902,-28.516 
1902,-26.432 
1902,-37.271 
1902,-37.125 
1902,80.312 
1903,-6.641 
1903,-18.766 
1903,-26.432 
1903,-44.474 
1903,-32.625 
1903,126.062 
1904,-7.812 
1904,-28.516 
1904,-26.042 
1904,-28.271 
1904,-35.042 
1904,128.146 
1905,-6.641 
1905,-9.766 
1905,-21.182 
1905,-22.729 
1905,-36.083 
1905,88.271 
1906,-7.812 
1906,-28.516 
1906,-26.432 
1906,-19.141 
1906,-44.042 
1906,119.146 
1907,-7.812 
1907,-14.266 
1907,-12.182 
1907,-23.641 
1907,-31.974 
1907,99.062 
1908,-7.812 
1908,-28.516 
1908,-26.432 
1908,-47.021 
1908,-39.542 
1908,107.312 
1909,-7.812 
1909,-10.417 
1909,-26.432 
1909,-47.021 
1909,-39.542 
1909,107.312 
1910,-6.641 
1910,-18.766 
1910,-26.432 
1910,-19.271 
1910,-37.125 
1910,107.312 
1911,-7.812 
1911,-18.766 
1911,-7.292 
1911,-28.271 
1911,-41.625 
1911,80.312 
1912,-6.641 
1912,-14.266 
1912,-28.516 
1912,-44.474 
1912,-46.125 
1912,108.062 
1913,-7.812 
1913,-9.766 
1913,-26.432 
1913,-37.271 
1913,-20.792 
1913,99.062 
1914,-6.641 
1914,-28.516 
1914,-35.432 
1914,-28.141 
1914,-40.974 
1914,107.312 
1915,-6.641 
1915,-9.766 
1915,-34.000 
1915,-43.562 
1915,-40.583 
1915,109.104 
1916,-6.641 
1916,-28.516 
1916,-26.042 
1916,-28.271 
1916,-39.542 
1916,107.312 
1917,-7.812 
1917,-31.250 
1917,-46.516 
1917,-30.224 
1917,-9.375 
1917,99.062 
1918,-7.812 
1918,-31.250 
1918,-33.146 
1918,-25.724 
1918,-34.057 
1918,88.271 
1919,-7.812 
1919,-14.266 
1919,-28.516 
1919,-25.724 
1919,-13.224 
1919,126.062 
1920,-7.812 
1920,-9.766 
1920,-37.516 
1920,-25.854 
1920,-32.625 
1920,107.312 
1921,-7.812 
1921,-10.417 
1921,-35.432 
1921,-28.141 
1921,-7.292 
1921,126.062 
1922,-6.641 
1922,-8.854 
1922,-26.042 
1922,-28.271 
1922,-16.292 
1922,126.062 
1923,-7.812 
1923,-14.266 
1923,-12.182 
1923,-4.891 
1923,-25.292 
1923,101.146 
1924,-6.641 
1924,-9.766 
1924,-30.932 
1924,-48.974 
1924,-40.974 
1924,126.062 
1925,-7.812 
1925,-14.917 
1925,-12.312 
1925,-4.891 
1925,-13.224 
1925,117.062 
1926,-7.812 
1926,-14.266 
1926,-12.182 
1926,-28.271 
1926,-39.542 
1926,80.312 
1927,-7.812 
1927,-28.516 
1927,-26.042 
1927,-42.521 
1927,-39.542 
1927,107.312 
1928,-7.812 
1928,-14.917 
1928,-12.312 
1928,-28.141 
1928,-11.792 
1928,117.062 
1929,-7.812 
1929,-10.417 
1929,-7.682 
1929,-19.141 
1929,-24.641 
1929,101.146 
1930,-6.641 
1930,-28.516 
1930,-39.932 
1930,-32.641 
1930,-40.974 
1930,80.312 
1931,-6.641 
1931,-9.766 
1931,-26.432 
1931,-32.641 
1931,-31.974 
1931,99.062 
1932,-6.641 
1932,-28.516 
1932,-26.042 
1932,-32.771 
1932,-41.625 
1932,108.062 
1933,-7.812 
1933,-10.417 
1933,-7.682 
1933,-36.229 
1933,-15.250 
1933,109.104 
1934,-7.812 
1934,-18.766 
1934,-16.682 
1934,-30.224 
1934,-28.125 
1934,99.062 
1935,-7.812 
1935,-14.917 
1935,-12.312 
1935,-4.891 
1935,-16.292 
1935,117.062 
1936,-7.812 
1936,-9.766 
1936,-37.516 
1936,-34.724 
1936,-43.057 
1936,105.979 
1937,-7.812 
1937,-18.766 
1937,-26.432 
1937,-28.141 
1937,-40.974 
1937,107.312 
1938,-6.641 
1938,-18.766 
1938,-12.182 
1938,-34.724 
1938,-31.583 
1938,88.271 
1939,-7.812 
1939,-18.766 
1939,-16.682 
1939,-19.141 
1939,-36.474 
1939,107.312 
1940,-7.812 
1940,-14.917 
1940,-26.432 
1940,-23.771 
1940,-39.542 
1940,119.146 
1941,-7.812 
1941,-18.766 
1941,-16.682 
1941,-28.141 
1941,-11.792 
1941,99.062 
1942,-6.641 
1942,-9.766 
1942,-11.792 
1942,-32.771 
1942,-37.125 
1942,107.312 
1943,-6.641 
1943,-18.766 
1943,-16.682 
1943,-25.724 
1943,-43.057 
1943,105.979 
1944,-6.641 
1944,-18.766 
1944,-26.042 
1944,-38.021 
1944,-39.542 
1944,119.146 
1945,-7.812 
1945,-14.917 
1945,-12.312 
1945,-25.333 
1945,-13.224 
1945,99.062 
1946,-7.812 
1946,-10.417 
1946,-25.682 
1946,-19.271 
1946,-26.042 
1946,119.146 
1947,-6.641 
1947,-28.516 
1947,-26.432 
1947,-39.974 
1947,-55.125 
1947,99.062 
1948,-7.812 
1948,-9.766 
1948,-37.516 
1948,-25.854 
1948,-41.625 
1948,108.062 
1949,-7.812 
1949,-14.917 
1949,-26.432 
1949,-44.474 
1949,-46.125 
1949,107.312 
1950,-7.812 
1950,-28.516 
1950,-30.932 
1950,-23.641 
1950,-31.974 
1950,107.312 
1951,-7.812 
1951,-10.417 
1951,-33.146 
1951,-25.333 
1951,-45.474 
1951,126.062 
1952,-7.812 
1952,-9.766 
1952,-29.500 
1952,-31.729 
1952,-40.583 
1952,100.104 
1953,-6.641 
1953,-9.766 
1953,-28.516 
1953,-34.724 
1953,-31.974 
1953,99.062 
1954,-6.641 
1954,-8.854 
1954,-16.292 
1954,-9.521 
1954,-18.375 
1954,105.979 
1955,-7.812 
1955,-10.417 
1955,-7.812 
1955,-29.833 
1955,-31.974 
1955,108.062 
1956,-7.812 
1956,-10.417 
1956,-16.812 
1956,-18.391 
1956,-22.224 
1956,99.062 
1957,-7.812 
1957,-28.516 
1957,-35.042 
1957,-28.271 
1957,-37.125 
1957,108.062 
1958,-7.812 
1958,-10.417 
1958,-33.146 
1958,-25.724 
1958,-31.974 
1958,108.062 
1959,-6.641 
1959,-28.516 
1959,-35.432 
1959,-38.021 
1959,-35.042 
1959,119.146 
1960,-6.641 
1960,-9.766 
1960,-26.042 
1960,-42.521 
1960,-39.542 
1960,128.146 
1961,-7.812 
1961,-9.766 
1961,-7.682 
1961,-21.224 
1961,-36.375 
1961,99.062 
1962,-7.812 
1962,-9.766 
1962,-21.182 
1962,-34.724 
1962,-31.974 
1962,107.312 
1963,-6.641 
1963,-28.516 
1963,-35.432 
1963,-28.141 
1963,-36.474 
1963,107.312 
1964,-7.812 
1964,-10.417 
1964,-33.146 
1964,-48.974 
1964,-40.974 
1964,126.062 
1965,-7.812 
1965,-14.917 
1965,-33.146 
1965,-57.974 
1965,-40.974 
1965,80.312 
1966,-7.812 
1966,-10.417 
1966,-25.682 
1966,-25.724 
1966,-32.625 
1966,108.062 
1967,-7.812 
1967,-14.917 
1967,-12.312 
1967,-37.141 
1967,-40.974 
1967,80.312 
1968,-7.812 
1968,-18.766 
1968,-37.516 
1968,-21.354 
1968,-22.875 
1968,105.979 
1969,-7.812 
1969,-10.417 
1969,-7.812 
1969,-0.391 
1969,-20.141 
1969,128.146 
1970,-6.641 
1970,-8.854 
1970,-35.042 
1970,-38.021 
1970,-35.042 
1970,107.312 
1971,-7.812 
1971,-10.417 
1971,-7.812 
1971,-37.141 
1971,-20.141 
1971,128.146 
1972,-7.812 
1972,-31.250 
1972,-28.516 
1972,-21.224 
1972,-43.057 
1972,88.271 
1973,-6.641 
1973,-14.266 
1973,-30.932 
1973,-47.021 
1973,-39.542 
1973,80.312 
1974,-7.812 
1974,-10.417 
1974,-26.432 
1974,-37.271 
1974,-37.125 
1974,99.062 
1975,-7.812 
1975,-14.917 
1975,-16.682 
1975,-23.641 
1975,-20.141 
1975,119.146 
1976,-7.812 
1976,-31.250 
1976,-33.146 
1976,-46.167 
1976,-56.557 
1976,88.271 
1977,-6.641 
1977,-9.766 
1977,-21.182 
1977,-30.224 
1977,-13.875 
1977,108.062 
1978,-7.812 
1978,-10.417 
1978,-26.432 
1978,-32.641 
1978,-11.141 
1978,119.146 
1979,-7.812 
1979,-31.250 
1979,-33.146 
1979,-25.724 
1979,-34.057 
1979,105.979 
1980,-6.641 
1980,-8.854 
1980,-16.292 
1980,-25.854 
1980,-41.625 
1980,107.312 
1981,-7.812 
1981,-28.516 
1981,-26.042 
1981,-28.271 
1981,-37.125 
1981,117.062 
1982,-7.812 
1982,-14.917 
1982,-12.312 
1982,-4.891 
1982,-11.141 
1982,119.146 
1983,-7.812 
1983,-14.917 
1983,-26.432 
1983,-38.021 
1983,-39.542 
1983,107.312 
1984,-7.812 
1984,-10.417 
1984,-16.812 
1984,-23.641 
1984,-35.042 
1984,107.312 
1985,-7.812 
1985,-9.766 
1985,-37.516 
1985,-34.724 
1985,-43.057 
1985,88.271 
1986,-6.641 
1986,-14.266 
1986,-12.182 
1986,-4.891 
1986,-11.141 
1986,119.146 
1987,-7.812 
1987,-10.417 
1987,-35.432 
1987,-19.271 
1987,-37.125 
1987,117.062 
1988,-6.641 
1988,-18.766 
1988,-26.432 
1988,-48.974 
1988,-40.974 
1988,107.312 
1989,-7.812 
1989,-14.917 
1989,-12.312 
1989,-19.141 
1989,-31.974 
1989,107.312 
1990,-7.812 
1990,-18.766 
1990,-26.042 
1990,-28.271 
1990,-26.042 
1990,119.146 
1991,-7.812 
1991,-18.766 
1991,-12.182 
1991,-22.729 
1991,-40.583 
1991,100.104 
1992,-6.641 
1992,-9.766 
1992,-16.682 
1992,-4.891 
1992,-16.292 
1992,126.062 
1993,-7.812 
1993,-9.766 
1993,-28.516 
1993,-34.724 
1993,-31.974 
1993,80.312 
1994,-7.812 
1994,-10.417 
1994,-28.646 
1994,-39.974 
1994,-45.474 
1994,99.062 
1995,-7.812 
1995,-14.917 
1995,-35.432 
1995,-53.474 
1995,-40.974 
1995,80.312 
1996,-7.812 
1996,-10.417 
1996,-33.146 
1996,-39.224 
1996,-43.057 
1996,105.979 
1997,-7.812 
1997,-10.417 
1997,-16.812 
1997,-19.141 
1997,-31.974 
1997,107.312 
1998,-6.641 
1998,-8.854 
1998,-26.042 
1998,-47.021 
1998,-39.542 
1998,119.146 
1999,-7.812 
1999,-31.250 
1999,-28.516 
1999,-39.974 
1999,-55.125 
1999,99.062 
0,-7.812 
0,-9.766 
0,-34.000 
0,-27.229 
0,-19.750 
0,109.104 
1,-6.641 
1,-9.766 
1,-16.292 
1,-30.354 
1,-41.625 
1,99.062 
2,-6.641 
2,-28.516 
2,-39.932 
2,-53.474 
2,-32.625 
2,80.312 
3,-6.641 
3,-9.766 
3,-26.042 
3,-28.271 
3,-37.125 
3,107.312 
4,-6.641 
4,-9.766 
4,-30.932 
4,-44.474 
4,-46.125 
4,108.062 
5,-7.812 
5,-9.766 
5,-30.932 
5,-32.641 
5,-36.474 
5,126.062 
6,-7.812 
6,-10.417 
6,-25.682 
6,-18.229 
6,-36.083 
6,100.104 
7,-7.812 
7,-10.417 
7,-33.146 
7,-25.724 
7,-37.125 
7,107.312 
8,-7.812 
8,-31.250 
8,-37.646 
8,-57.974 
8,-40.974 
8,80.312 
9,-7.812 
9,-9.766 
9,-16.292 
9,-9.521 
9,-11.792 
9,126.062 
10,-7.812 
10,-31.250 
10,-33.016 
10,-44.474 
10,-31.974 
10,107.312 
11,-7.812 
11,-14.917 
11,-33.146 
11,-25.724 
11,-31.974 
11,80.312 
12,-6.641 
12,-28.516 
12,-35.042 
12,-28.271 
12,-26.042 
12,119.146 
13,-7.812 
13,-9.766 
13,-7.682 
13,-21.224 
13,-26.724 
13,117.062 
14,-7.812 
14,-14.917 
14,-30.932 
14,-47.021 
14,-39.542 
14,101.146 
15,-6.641 
15,-9.766 
15,-26.042 
15,-47.021 
15,-39.542 
15,107.312 
16,-6.641 
16,-14.266 
16,-12.182 
16,-27.229 
16,-19.750 
16,100.104 
17,-6.641 
17,-8.854 
17,-16.292 
17,-30.354 
17,-18.375 
17,108.062 
18,-6.641 
18,-14.266 
18,-26.042 
18,-32.771 
18,-20.792 
18,101.146 
19,-6.641 
19,-18.766 
19,-7.292 
19,-28.271 
19,-16.292 
19,108.062 
20,-7.812 
20,-14.917 
20,-16.682 
20,-23.641 
20,-26.042 
20,107.312 
21,-6.641 
21,-8.854 
21,-16.292 
21,-9.521 
21,-7.292 
21,126.062 
22,-7.812 
22,-10.417 
22,-7.812 
22,-29.833 
22,-45.474 
22,107.312 
23,-7.812 
23,-28.516 
23,-30.932 
23,-23.771 
23,-39.542 
23,119.146 
24,-7.812 
24,-31.250 
24,-37.516 
24,-44.474 
24,-32.625 
24,107.312 
25,-7.812 
25,-14.917 
25,-12.312 
25,-4.500 
25,-11.141 
25,119.146 
26,-7.812 
26,-28.516 
26,-30.932 
26,-32.641 
26,-40.974 
26,117.062 
27,-6.641 
27,-28.516 
27,-30.932 
27,-32.641 
27,-20.141 
27,119.146 
28,-7.812 
28,-10.417 
28,-35.432 
28,-44.474 
28,-40.974 
28,126.062 
29,-6.641 
29,-18.766 
29,-7.292 
29,-19.271 
29,-35.042 
29,119.146 
30,-7.812 
30,-9.766 
30,-30.932 
30,-23.641 
30,-25.292 
30,128.146 
31,-6.641 
31,-9.766 
31,-37.516 
31,-44.474 
31,-32.625 
31,107.312 
32,-7.812 
32,-9.766 
32,-28.516 
32,-21.224 
32,-40.974 
32,107.312 
33,-6.641 
33,-28.516 
33,-30.932 
33,-32.641 
33,-40.974 
33,107.312 
34,-6.641 
34,-9.766 
34,-29.500 
34,-48.062 
34,-40.583 
34,88.271 
35,-7.812 
35,-31.250 
35,-33.146 
35,-46.167 
35,-34.057 
35,88.271 
36,-6.641 
36,-14.266 
36,-12.182 
36,-4.891 
36,-13.224 
36,117.062 
37,-6.641 
37,-28.516 
37,-35.432 
37,-28.141 
37,-36.474 
37,126.062 
38,-7.812 
38,-10.417 
38,-35.432 
38,-44.474 
38,-32.625 
38,126.062 
39,-7.812 
39,-18.766 
39,-16.682 
39,-30.224 
39,-22.224 
39,99.062 
40,-7.812 
40,-14.917 
40,-28.646 
40,-39.224 
40,-43.057 
40,88.271 
41,-6.641 
41,-8.854 
41,-35.042 
41,-38.021 
41,-39.542 
41,107.312 
42,-7.812 
42,-28.516 
42,-30.542 
42,-32.771 
42,-39.542 
42,101.146 
43,-7.812 
43,-14.917 
43,-33.146 
43,-41.667 
43,-34.057 
43,88.271 
44,-7.812 
44,-10.417 
44,-7.812 
44,-37.141 
44,-26.042 
44,119.146 
45,-7.812 
45,-10.417 
45,-25.682 
45,-18.229 
45,-36.083 
45,109.104 
46,-6.641 
46,-8.854 
46,-26.042 
46,-47.021 
46,-39.542 
46,119.146 
47,-6.641 
47,-28.516 
47,-26.432 
47,-19.141 
47,-44.042 
47,119.146 
48,-7.812 
48,-10.417 
48,-16.812 
48,-25.333 
48,-27.474 
48,107.312 
49,-7.812 
49,-14.917 
49,-12.182 
49,-23.641 
49,-35.042 
49,107.312 
50,-7.812 
50,-9.766 
50,-37.516 
50,-43.562 
50,-40.583 
50,109.104 
51,-6.641 
51,-9.766 
51,-30.932 
51,-32.641 
51,-40.974 
51,107.312 
52,-6.641 
52,-9.766 
52,-16.682 
52,-27.229 
52,-40.583 
52,100.104 
53,-7.812 
53,-9.766 
53,-37.516 
53,-43.562 
53,-40.583 
53,88.271 
54,-7.812 
54,-10.417 
54,-16.812 
54,-37.141 
54,-20.141 
54,101.146 
55,-7.812 
55,-14.917 
55,-35.432 
55,-23.771 
55,-41.625 
55,80.312 
56,-7.812 
56,-10.417 
56,-25.682 
56,-18.229 
56,-36.083 
56,109.104 
57,-6.641 
57,-9.766 
57,-33.016 
57,-30.354 
57,-41.625 
57,108.062 
58,-6.641 
58,-28.516 
58,-35.432 
58,-19.271 
58,-35.042 
58,128.146 
59,-7.812 
59,-10.417 
59,-33.146 
59,-44.474 
59,-31.974 
59,108.062 
60,-7.812 
60,-9.766 
60,-7.682 
60,-21.224 
60,-40.974 
60,108.062 
61,-6.641 
61,-8.854 
61,-16.292 
61,-25.854 
61,-32.625 
61,107.312 
62,-7.812 
62,-14.917 
62,-30.932 
62,-28.271 
62,-37.125 
62,107.312 
63,-6.641 
63,-8.854 
63,-16.292 
63,-30.354 
63,-18.375 
63,105.979 
64,-6.641 
64,-8.854 
64,-26.042 
64,-28.271 
64,-37.125 
64,107.312 
65,-7.812 
65,-9.766 
65,-7.682 
65,-36.229 
65,-36.083 
65,88.271 
66,-7.812 
66,-14.917 
66,-12.312 
66,-4.891 
66,-11.141 
66,101.146 
67,-6.641 
67,-9.766 
67,-7.682 
67,-0.391 
67,-20.141 
67,128.146 
68,-7.812 
68,-10.417 
68,-28.646 
68,-39.974 
68,-55.125 
68,80.312 
69,-7.812 
69,-9.766 
69,-26.432 
69,-47.021 
69,-35.042 
69,107.312 
70,-6.641 
70,-28.516 
70,-26.432 
70,-39.974 
70,-55.125 
70,99.062 
71,-6.641 
71,-9.766 
71,-7.682 
71,-28.141 
71,-35.042 
71,107.312 
72,-6.641 
72,-18.766 
72,-16.682 
72,-9.391 
72,-7.292 
72,108.062 
73,-7.812 
73,-10.417 
73,-35.432 
73,-38.021 
73,-35.042 
73,119.146 
74,-7.812 
74,-18.766 
74,-16.682 
74,-19.271 
74,-16.292 
74,108.062 
75,-7.812 
75,-10.417 
75,-16.812 
75,-4.500 
75,-24.641 
75,119.146 
76,-6.641 
76,-9.766 
76,-7.682 
76,-19.141 
76,-34.292 
76,101.146 
77,-7.812 
77,-18.766 
77,-25.000 
77,-43.562 
77,-40.583 
77,109.104 
78,-6.641 
78,-9.766 
78,-26.042 
78,-28.271 
78,-39.542 
78,119.146 
79,-7.812 
79,-31.250 
79,-33.146 
79,-25.724 
79,-13.224 
79,126.062 
80,-7.812 
80,-10.417 
80,-7.812 
80,-19.141 
80,-40.974 
80,108.062 
81,-7.812 
81,-9.766 
81,-16.292 
81,-9.521 
81,-18.375 
81,126.062 
82,-7.812 
82,-18.766 
82,-25.000 
82,-48.062 
82,-36.083 
82,100.104 
83,-7.812 
83,-10.417 
83,-28.646 
83,-21.224 
83,-54.083 
83,88.271 
84,-7.812 
84,-9.766 
84,-16.292 
84,-9.521 
84,-20.792 
84,108.062 
85,-7.812 
85,-10.417 
85,-28.646 
85,-39.974 
85,-55.125 
85,99.062 
86,-7.812 
86,-14.917 
86,-35.432 
86,-23.771 
86,-41.625 
86,99.062 
87,-7.812 
87,-10.417 
87,-26.432 
87,-48.974 
87,-31.974 
87,108.062 
88,-7.812 
88,-14.917 
88,-12.312 
88,-23.641 
88,-11.141 
88,101.146 
89,-6.641 
89,-9.766 
89,-11.792 
89,-32.771 
89,-30.542 
89,119.146 
90,-6.641 
90,-28.516 
90,-35.432 
90,-19.271 
90,-35.042 
90,119.146 
91,-7.812 
91,-10.417 
91,-16.812 
91,-4.891 
91,-11.141 
91,101.146 
92,-7.812 
92,-31.250 
92,-33.146 
92,-44.474 
92,-46.125 
92,107.312 
93,-7.812 
93,-14.917 
93,-33.146 
93,-39.224 
93,-31.583 
93,88.271 
94,-7.812 
94,-31.250 
94,-33.146 
94,-46.167 
94,-56.557 
94,88.271 
95,-7.812 
95,-14.917 
95,-35.432 
95,-53.474 
95,-32.625 
95,99.062 
96,-7.812 
96,-14.917 
96,-35.432 
96,-53.474 
96,-40.974 
96,99.062 
97,-7.812 
97,-10.417 
97,-28.646 
97,-21.224 
97,-26.724 
97,117.062 
98,-6.641 
98,-9.766 
98,-11.792 
98,-32.771 
98,-37.125 
98,107.312 
99,-6.641 
99,-18.766 
99,-16.682 
99,-19.271 
99,-20.792 
99,119.146 
100,-7.812 
100,-9.766 
100,-28.516 
100,-21.224 
100,-36.375 
100,105.979 
101,-7.812 
101,-31.250 
101,-33.016 
101,-25.724 
101,-31.974 
101,108.062 
102,-6.641 
102,-18.766 
102,-16.682 
102,-28.141 
102,-30.542 
102,80.312 
103,-7.812 
103,-14.917 
103,-16.682 
103,-5.021 
103,-11.792 
103,117.062 
104,-6.641 
104,-8.854 
104,-26.042 
104,-42.521 
104,-39.542 
104,128.146 
105,-6.641 
105,-14.266 
105,-28.516 
105,-25.724 
105,-13.224 
105,109.104 
106,-7.812 
106,-18.766 
106,-16.682 
106,-25.724 
106,-31.974 
106,107.312 
107,-6.641 
107,-18.766 
107,-7.292 
107,-30.354 
107,-22.875 
107,117.062 
108,-7.812 
108,-18.766 
108,-30.932 
108,-53.474 
108,-40.974 
108,80.312 
109,-6.641 
109,-9.766 
109,-28.516 
109,-34.724 
109,-31.974 
109,80.312 
110,-7.812 
110,-31.250 
110,-28.646 
110,-21.224 
110,-26.724 
110,99.062 
111,-7.812 
111,-10.417 
111,-25.682 
111,-9.391 
111,-7.292 
111,108.062 
112,-6.641 
112,-18.766 
112,-16.682 
112,-0.521 
112,-18.375 
112,105.979 
113,-7.812 
113,-14.917 
113,-12.312 
113,-23.641 
113,-44.042 
113,101.146 
114,-7.812 
114,-9.766 
114,-37.516 
114,-34.724 
114,-13.875 
114,105.979 
115,-6.641 
115,-28.516 
115,-35.042 
115,-47.021 
115,-39.542 
115,80.312 
116,-7.812 
116,-28.516 
116,-30.932 
116,-32.641 
116,-40.974 
116,117.062 
117,-7.812 
117,-10.417 
117,-35.432 
117,-28.141 
117,-20.141 
117,119.146 
118,-6.641 
118,-18.766 
118,-16.682 
118,-30.224 
118,-40.974 
118,80.312 
119,-6.641 
119,-8.854 
119,-26.042 
119,-42.521 
119,-39.542 
119,128.146 
120,-7.812 
120,-9.766 
120,-26.432 
120,-48.974 
120,-31.974 
120,107.312 
121,-7.812 
121,-14.917 
121,-28.646 
121,-25.724 
121,-34.057 
121,88.271 
122,-7.812 
122,-18.766 
122,-37.516 
122,-21.354 
122,-22.875 
122,117.062 
123,-7.812 
123,-14.266 
123,-12.182 
123,-4.891 
123,-8.724 
123,126.062 
124,-7.812 
124,-31.250 
124,-33.146 
124,-46.167 
124,-34.057 
124,88.271 
125,-7.812 
125,-9.766 
125,-34.000 
125,-27.229 
125,-36.083 
125,109.104 
126,-7.812 
126,-9.766 
126,-7.682 
126,-28.271 
126,-16.292 
126,128.146 
127,-7.812 
127,-28.516 
127,-39.932 
127,-32.641 
127,-40.974 
127,99.062 
128,-7.812 
128,-14.917 
128,-30.932 
128,-23.641 
128,-35.042 
128,107.312 
129,-7.812 
129,-31.250 
129,-33.146 
129,-48.974 
129,-32.625 
129,107.312 
130,-7.812 
130,-31.250 
130,-33.146 
130,-25.333 
130,-45.474 
130,126.062 
131,-7.812 
131,-18.766 
131,-26.432 
131,-28.141 
131,-36.474 
131,107.312 
132,-6.641 
132,-8.854 
132,-16.292 
132,-30.354 
132,-37.125 
132,80.312 
133,-7.812 
133,-10.417 
133,-35.432 
133,-28.141 
133,-40.974 
133,107.312 
134,-6.641 
134,-18.766 
134,-12.182 
134,-23.641 
134,-20.141 
134,119.146 
135,-6.641 
135,-14.266 
135,-12.182 
135,-27.229 
135,-36.083 
135,109.104 
136,-6.641 
136,-28.516 
136,-30.932 
136,-28.271 
136,-20.792 
136,108.062 
137,-7.812 
137,-28.516 
137,-35.432 
137,-39.974 
137,-46.125 
137,107.312 
138,-7.812 
138,-10.417 
138,-7.682 
138,-28.141 
138,-11.141 
138,128.146 
139,-7.812 
139,-9.766 
139,-26.432 
139,-47.021 
139,-35.042 
139,107.312 
140,-7.812 
140,-18.766 
140,-37.516 
140,-21.354 
140,-28.125 
140,107.312 
141,-7.812 
141,-10.417 
141,-35.432 
141,-28.141 
141,-7.292 
141,126.062 
142,-6.641 
142,-18.766 
142,-28.516 
142,-34.724 
142,-31.974 
142,107.312 
143,-6.641 
143,-8.854 
143,-16.292 
143,-28.271 
143,-20.792 
143,101.146 
144,-7.812 
144,-31.250 
144,-37.516 
144,-34.724 
144,-43.057 
144,88.271 
145,-7.812 
145,-10.417 
145,-7.812 
145,-0.391 
145,-25.292 
145,126.062 
146,-6.641 
146,-18.766 
146,-12.182 
146,-22.729 
146,-36.083 
146,88.271 
147,-6.641 
147,-18.766 
147,-16.682 
147,-30.224 
147,-28.125 
147,99.062 
148,-7.812 
148,-18.766 
148,-26.432 
148,-19.271 
148,-37.125 
148,107.312 
149,-7.812 
149,-28.516 
149,-26.432 
149,-37.271 
149,-37.125 
149,80.312 
150,-7.812 
150,-9.766 
150,-34.000 
150,-27.229 
150,-36.083 
150,100.104 
151,-7.812 
151,-14.266 
151,-7.292 
151,-32.771 
151,-20.792 
151,99.062 
152,-6.641 
152,-18.766 
152,-16.682 
152,-30.224 
152,-27.083 
152,100.104 
153,-7.812 
153,-14.266 
153,-12.182 
153,-19.271 
153,-39.542 
153,107.312 
154,-6.641 
154,-26.562 
154,-34.000 
154,-48.062 
154,-36.083 
154,88.271 
155,-7.812 
155,-31.250 
155,-28.516 
155,-57.062 
155,-36.083 
155,88.271 
156,-6.641 
156,-28.516 
156,-30.542 
156,-32.771 
156,-20.792 
156,99.062 
157,-7.812 
157,-14.917 
157,-30.932 
157,-39.974 
157,-46.125 
157,108.062 
158,-7.812 
158,-9.766 
158,-33.016 
158,-25.724 
158,-37.125 
158,126.062 
159,-7.812 
159,-14.917 
159,-26.432 
159,-23.771 
159,-39.542 
159,107.312 
160,-7.812 
160,-10.417 
160,-28.646 
160,-21.224 
160,-54.083 
160,88.271 
161,-6.641 
161,-9.766 
161,-37.516 
161,-34.724 
161,-31.583 
161,109.104 
162,-7.812 
162,-31.250 
162,-37.516 
162,-34.724 
162,-31.974 
162,107.312 
163,-7.812 
163,-14.917 
163,-26.432 
163,-23.771 
163,-39.542 
163,107.312 
164,-7.812 
164,-14.917 
164,-16.682 
164,-34.724 
164,-22.224 
164,100.104 
165,-7.812 
165,-28.516 
165,-35.042 
165,-47.021 
165,-39.542 
165,80.312 
166,-7.812 
166,-10.417 
166,-25.682 
166,-9.391 
166,-7.292 
166,101.146 
167,-7.812 
167,-14.917 
167,-28.646 
167,-39.224 
167,-22.224 
167,109.104 
168,-6.641 
168,-9.766 
168,-30.932 
168,-38.021 
168,-39.542 
168,107.312 
169,-7.812 
169,-18.766 
169,-16.682 
169,-25.724 
169,-31.974 
169,126.062 
170,-7.812 
170,-9.766 
170,-26.432 
170,-32.641 
170,-31.974 
170,80.312 
171,-7.812 
171,-14.917 
171,-28.646 
171,-48.974 
171,-32.625 
171,107.312 
172,-7.812 
172,-10.417 
172,-25.682 
172,-9.391 
172,-11.141 
172,119.146 
173,-7.812 
173,-31.250 
173,-46.516 
173,-39.974 
173,-28.125 
173,107.312 
174,-7.812 
174,-9.766 
174,-26.042 
174,-42.521 
174,-39.542 
174,128.146 
175,-7.812 
175,-31.250 
175,-33.146 
175,-25.724 
175,-13.224 
175,109.104 
176,-7.812 
176,-14.917 
176,-12.312 
176,-4.500 
176,-33.641 
176,101.146 
177,-6.641 
177,-9.766 
177,-33.016 
177,-25.724 
177,-45.083 
177,109.104 
178,-7.812 
178,-18.766 
178,-16.682 
178,-18.229 
178,-36.083 
178,88.271 
179,-7.812 
179,-31.250 
179,-37.646 
179,-25.333 
179,-31.974 
179,80.312 
180,-7.812 
180,-14.917 
180,-35.432 
180,-23.771 
180,-41.625 
180,80.312 
181,-6.641 
181,-18.766 
181,-7.292 
181,-28.271 
181,-37.125 
181,107.312 
182,-7.812 
182,-31.250 
182,-33.146 
182,-44.474 
182,-31.974 
182,107.312 
183,-6.641 
183,-8.854 
183,-26.042 
183,-28.271 
183,-16.292 
183,128.146 
184,-6.641 
184,-18.766 
184,-37.516 
184,-39.974 
184,-40.974 
184,117.062 
185,-7.812 
185,-9.766 
185,-21.182 
185,-30.224 
185,-13.875 
185,126.062 
186,-7.812 
186,-14.266 
186,-30.932 
186,-28.271 
186,-20.792 
186,99.062 
187,-7.812 
187,-31.250 
187,-46.516 
187,-21.354 
187,-37.125 
187,107.312 
188,-7.812 
188,-18.766 
188,-37.516 
188,-30.224 
188,-38.557 
188,105.979 
189,-7.812 
189,-14.917 
189,-12.312 
189,-28.141 
189,-11.792 
189,126.062 
190,-7.812 
190,-9.766 
190,-21.182 
190,-5.021 
190,-20.792 
190,108.062 
191,-7.812 
191,-9.766 
191,-21.182 
191,-19.271 
191,-41.625 
191,107.312 
192,-6.641 
192,-9.766 
192,-16.292 
192,-23.771 
192,-20.792 
192,108.062 
193,-7.812 
193,-10.417 
193,-16.812 
193,-25.333 
193,-27.474 
193,107.312 
194,-7.812 
194,-31.250 
194,-28.646 
194,-48.224 
194,-22.224 
194,99.062 
195,-7.812 
195,-14.917 
195,-35.432 
195,-32.641 
195,-20.141 
195,101.146 
196,-6.641 
196,-18.766 
196,-16.682 
196,-25.724 
196,-22.224 
196,109.104 
197,-7.812 
197,-31.250 
197,-37.646 
197,-39.974 
197,-46.125 
197,107.312 
198,-7.812 
198,-14.917 
198,-33.146 
198,-57.974 
198,-32.625 
198,99.062 
199,-6.641 
199,-14.266 
199,-28.516 
199,-25.724 
199,-34.057 
199,88.271 
200,-7.812 
200,-18.766 
200,-16.682 
200,-28.141 
200,-30.542 
200,101.146 
201,-7.812 
201,-14.917 
201,-12.312 
201,-23.641 
201,-11.141 
201,101.146 
202,-7.812 
202,-9.766 
202,-26.432 
202,-48.974 
202,-31.974 
202,108.062 
203,-7.812 
203,-14.266 
203,-26.042 
203,-32.771 
203,-41.625 
203,99.062 
204,-7.812 
204,-31.250 
204,-37.646 
204,-25.333 
204,-45.474 
204,107.312 
205,-7.812 
205,-14.917 
205,-35.432 
205,-32.641 
205,-40.974 
205,99.062 
206,-7.812 
206,-9.766 
206,-7.682 
206,-28.271 
206,-16.292 
206,126.062 
207,-7.812 
207,-31.250 
207,-33.146 
207,-46.167 
207,-56.557 
207,88.271 
208,-6.641 
208,-28.516 
208,-26.042 
208,-28.271 
208,-37.125 
208,117.062 
209,-7.812 
209,-28.516 
209,-30.542 
209,-32.771 
209,-20.792 
209,101.146 
210,-7.812 
210,-14.917 
210,-28.646 
210,-25.333 
210,-45.474 
210,107.312 
211,-7.812 
211,-10.417 
211,-28.646 
211,-57.974 
211,-28.125 
211,107.312 
212,-6.641 
212,-9.766 
212,-37.516 
212,-34.724 
212,-32.625 
212,107.312 
213,-7.812 
213,-31.250 
213,-33.016 
213,-48.062 
213,-40.583 
213,88.271 
214,-7.812 
214,-14.917 
214,-12.182 
214,-21.224 
214,-45.083 
214,109.104 
215,-7.812 
215,-18.766 
215,-30.932 
215,-53.474 
215,-32.625 
215,99.062 
216,-7.812 
216,-9.766 
216,-16.292 
216,-23.771 
216,-30.542 
216,107.312 
217,-7.812 
217,-9.766 
217,-16.682 
217,-27.229 
217,-36.083 
217,88.271 
218,-7.812 
218,-14.917 
218,-12.312 
218,-23.641 
218,-31.974 
218,80.312 
219,-7.812 
219,-14.266 
219,-25.000 
219,-48.062 
219,-40.583 
219,88.271 
220,-7.812 
220,-18.766 
220,-16.682 
220,-18.229 
220,-15.250 
220,109.104 
221,-6.641 
221,-28.516 
221,-26.432 
221,-37.271 
221,-37.125 
221,107.312 
222,-7.812 
222,-31.250 
222,-28.646 
222,-48.224 
222,-27.083 
222,100.104 
223,-7.812 
223,-14.917 
223,-12.312 
223,-28.141 
223,-40.974 
223,117.062 
224,-7.812 
224,-14.917 
224,-28.646 
224,-25.724 
224,-27.375 
224,126.062 
225,-6.641 
225,-26.562 
225,-29.500 
225,-31.729 
225,-36.083 
225,88.271 
226,-6.641 
226,-28.516 
226,-35.432 
226,-48.974 
226,-40.974 
226,107.312 
227,-7.812 
227,-18.766 
227,-16.682 
227,-9.391 
227,-17.724 
227,108.062 
228,-7.812 
228,-9.766 
228,-26.042 
228,-28.271 
228,-20.792 
228,117.062 
229,-6.641 
229,-9.766 
229,-16.682 
229,-23.641 
229,-11.141 
229,119.146 
230,-7.812 
230,-9.766 
230,-29.500 
230,-31.729 
230,-40.583 
230,88.271 
231,-6.641 
231,-14.266 
231,-12.182 
231,-23.641 
231,-35.042 
231,107.312 
232,-7.812 
232,-14.917 
232,-28.646 
232,-39.224 
232,-32.625 
232,108.062 
233,-6.641 
233,-9.766 
233,-7.682 
233,-21.224 
233,-40.974 
233,108.062 
234,-6.641 
234,-8.854 
234,-16.292 
234,-30.354 
234,-37.125 
234,80.312 
235,-6.641 
235,-26.562 
235,-34.000 
235,-27.229 
235,-19.750 
235,109.104 
236,-7.812 
236,-28.516 
236,-35.432 
236,-38.021 
236,-39.542 
236,119.146 
237,-7.812 
237,-10.417 
237,-28.646 
237,-48.224 
237,-27.083 
237,100.104 
238,-7.812 
238,-10.417 
238,-25.682 
238,-25.724 
238,-31.974 
238,107.312 
239,-7.812 
239,-14.917 
239,-28.646 
239,-25.333 
239,-35.724 
239,108.062 
240,-7.812 
240,-28.516 
240,-39.932 
240,-32.641 
240,-30.542 
240,80.312 
241,-6.641 
241,-28.516 
241,-26.432 
241,-39.974 
241,-45.474 
241,99.062 
242,-6.641 
242,-28.516 
242,-26.432 
242,-48.974 
242,-46.125 
242,107.312 
243,-7.812 
243,-14.917 
243,-26.432 
243,-38.021 
243,-39.542 
243,128.146 
244,-7.812 
244,-18.766 
244,-12.182 
244,-23.641 
244,-26.042 
244,128.146 
245,-6.641 
245,-9.766 
245,-11.792 
245,-30.354 
245,-22.875 
245,108.062 
246,-7.812 
246,-9.766 
246,-11.792 
246,-32.771 
246,-30.542 
246,119.146 
247,-7.812 
247,-9.766 
247,-30.932 
247,-23.641 
247,-11.141 
247,128.146 
248,-7.812 
248,-9.766 
248,-11.792 
248,-23.771 
248,-39.542 
248,119.146 
249,-7.812 
249,-14.917 
249,-33.146 
249,-25.724 
249,-27.375 
249,117.062 
250,-7.812 
250,-18.766 
250,-26.432 
250,-44.474 
250,-40.974 
250,107.312 
251,-7.812 
251,-14.266 
251,-28.516 
251,-44.474 
251,-46.125 
251,107.312 
252,-6.641 
252,-28.516 
252,-30.542 
252,-32.771 
252,-39.542 
252,101.146 
253,-6.641 
253,-18.766 
253,-37.516 
253,-39.974 
253,-28.125 
253,117.062 
254,-7.812 
254,-14.266 
254,-25.000 
254,-31.729 
254,-19.750 
254,109.104 
255,-7.812 
255,-18.766 
255,-16.682 
255,-9.391 
255,-17.724 
255,108.062 
256,-7.812 
256,-14.917 
256,-16.682 
256,-34.724 
256,-13.875 
256,105.979 
257,-6.641 
257,-18.766 
257,-30.932 
257,-32.641 
257,-20.141 
257,101.146 
258,-7.812 
258,-14.917 
258,-33.146 
258,-39.224 
258,-38.557 
258,88.271 
259,-6.641 
259,-28.516 
259,-35.042 
259,-47.021 
259,-39.542 
259,101.146 
260,-6.641 
260,-9.766 
260,-26.042 
260,-42.521 
260,-39.542 
260,107.312 
261,-6.641 
261,-14.266 
261,-12.182 
261,-9.521 
261,-18.375 
261,105.979 
262,-7.812 
262,-18.766 
262,-16.682 
262,-19.271 
262,-37.125 
262,107.312 
263,-6.641 
263,-18.766 
263,-28.516 
263,-34.724 
263,-32.625 
263,108.062 
264,-7.812 
264,-9.766 
264,-26.432 
264,-47.021 
264,-35.042 
264,107.312 
265,-6.641 
265,-8.854 
265,-26.042 
265,-42.521 
265,-39.542 
265,128.146 
266,-6.641 
266,-9.766 
266,-21.182 
266,-13.891 
266,-10.750 
266,100.104 
267,-7.812 
267,-14.917 
267,-12.182 
267,-27.229 
267,-36.083 
267,88.271 
268,-7.812 
268,-14.917 
268,-26.432 
268,-23.641 
268,-31.974 
268,107.312 
269,-7.812 
269,-10.417 
269,-35.432 
269,-44.474 
269,-40.974 
269,107.312 
270,-7.812 
270,-9.766 
270,-26.432 
270,-39.974 
270,-55.125 
270,99.062 
271,-6.641 
271,-28.516 
271,-30.932 
271,-28.271 
271,-30.542 
271,107.312 
272,-6.641 
272,-9.766 
272,-21.182 
272,-34.724 
272,-31.974 
272,117.062 
273,-6.641 
273,-18.766 
273,-12.182 
273,-13.891 
273,-7.292 
273,128.146 
274,-7.812 
274,-28.516 
274,-26.432 
274,-37.271 
274,-20.792 
274,108.062 
275,-7.812 
275,-10.417 
275,-33.146 
275,-48.974 
275,-40.974 
275,126.062 
276,-7.812 
276,-10.417 
276,-25.682 
276,-28.141 
276,-40.974 
276,80.312 
277,-7.812 
277,-28.516 
277,-35.432 
277,-39.974 
277,-31.974 
277,108.062 
278,-6.641 
278,-9.766 
278,-21.182 
278,-13.891 
278,-22.224 
278,108.062 
279,-7.812 
279,-14.917 
279,-33.146 
279,-57.974 
279,-40.974 
279,99.062 
280,-6.641 
280,-9.766 
280,-37.516 
280,-25.854 
280,-41.625 
280,108.062 
281,-7.812 
281,-9.766 
281,-30.932 
281,-23.641 
281,-25.292 
281,108.062 
282,-7.812 
282,-31.250 
282,-46.516 
282,-21.354 
282,-28.125 
282,107.312 
283,-6.641 
283,-18.766 
283,-28.516 
283,-34.724 
283,-32.625 
283,108.062 
284,-7.812 
284,-31.250 
284,-37.646 
284,-25.724 
284,-13.224 
284,100.104 
285,-6.641 
285,-18.766 
285,-26.042 
285,-28.271 
285,-20.792 
285,119.146 
286,-6.641 
286,-9.766 
286,-11.792 
286,-32.771 
286,-37.125 
286,107.312 
287,-7.812 
287,-31.250 
287,-33.146 
287,-25.333 
287,-35.724 
287,109.104 
288,-6.641 
288,-9.766 
288,-26.432 
288,-32.641 
288,-31.974 
288,99.062 
289,-7.812 
289,-14.917 
289,-16.682 
289,-30.224 
289,-22.224 
289,108.062 
290,-7.812 
290,-10.417 
290,-7.682 
290,-13.891 
290,-25.292 
290,99.062 
291,-6.641 
291,-28.516 
291,-35.432 
291,-28.271 
291,-20.792 
291,108.062 
292,-6.641 
292,-9.766 
292,-30.932 
292,-23.641 
292,-11.141 
292,128.146 
293,-7.812 
293,-10.417 
293,-16.812 
293,-28.141 
293,-40.974 
293,117.062 
294,-6.641 
294,-18.766 
294,-30.932 
294,-53.474 
294,-40.974 
294,80.312 
295,-7.812 
295,-14.266 
295,-30.932 
295,-47.021 
295,-39.542 
295,80.312 
296,-7.812 
296,-28.516 
296,-26.042 
296,-28.271 
296,-39.542 
296,119.146 
297,-7.812 
297,-14.917 
297,-35.432 
297,-42.521 
297,-39.542 
297,101.146 
298,-7.812 
298,-14.917 
298,-26.432 
298,-23.641 
298,-35.042 
298,128.146 
299,-7.812 
299,-10.417 
299,-7.812 
299,-29.833 
299,-45.474 
299,107.312 
300,-6.641 
300,-9.766 
300,-21.182 
300,-30.224 
300,-32.625 
300,107.312 
301,-7.812 
301,-10.417 
301,-26.432 
301,-37.271 
301,-16.292 
301,101.146 
302,-7.812 
302,-9.766 
302,-16.292 
302,-9.521 
302,-11.792 
302,117.062 
303,-7.812 
303,-31.250 
303,-33.016 
303,-25.724 
303,-34.057 
303,88.271 
304,-7.812 
304,-14.917 
304,-28.646 
304,-46.167 
304,-34.057 
304,88.271 
305,-6.641 
305,-8.854 
305,-35.042 
305,-28.271 
305,-30.542 
305,119.146 
306,-6.641 
306,-9.766 
306,-37.516 
306,-25.854 
306,-32.625 
306,126.062 
307,-7.812 
307,-10.417 
307,-33.146 
307,-44.474 
307,-46.125 
307,107.312 
308,-7.812 
308,-14.917 
308,-12.182 
308,-28.271 
308,-20.792 
308,99.062 
309,-7.812 
309,-31.250 
309,-46.516 
309,-21.354 
309,-37.125 
309,107.312 
310,-7.812 
310,-10.417 
310,-7.682 
310,-36.229 
310,-36.083 
310,88.271 
311,-7.812 
311,-10.417 
311,-26.432 
311,-37.271 
311,-37.125 
311,108.062 
312,-6.641 
312,-28.516 
312,-39.932 
312,-53.474 
312,-40.974 
312,80.312 
313,-7.812 
313,-10.417 
313,-16.812 
313,-25.333 
313,-13.224 
313,100.104 
314,-7.812 
314,-14.917 
314,-35.432 
314,-32.641 
314,-40.974 
314,99.062 
315,-7.812 
315,-14.266 
315,-7.292 
315,-30.354 
315,-41.625 
315,107.312 
316,-6.641 
316,-8.854 
316,-26.042 
316,-47.021 
316,-39.542 
316,119.146 
317,-7.812 
317,-28.516 
317,-35.042 
317,-28.271 
317,-20.792 
317,119.146 
318,-7.812 
318,-10.417 
318,-28.646 
318,-39.974 
318,-55.125 
318,80.312 
319,-6.641 
319,-9.766 
319,-21.182 
319,-19.271 
319,-41.625 
319,107.312 
320,-6.641 
320,-18.766 
320,-26.042 
320,-47.021 
320,-39.542 
320,80.312 
321,-7.812 
321,-10.417 
321,-35.432 
321,-19.271 
321,-35.042 
321,119.146 
322,-6.641 
322,-18.766 
322,-7.292 
322,-28.271 
322,-41.625 
322,80.312 
323,-7.812 
323,-14.917 
323,-16.682 
323,-23.641 
323,-20.141 
323,119.146 
324,-7.812 
324,-18.766 
324,-30.932 
324,-53.474 
324,-40.974 
324,99.062 
325,-7.812 
325,-9.766 
325,-26.432 
325,-37.271 
325,-20.792 
325,99.062 
326,-6.641 
326,-18.766 
326,-30.932 
326,-23.771 
326,-20.792 
326,99.062 
327,-6.641 
327,-8.854 
327,-30.542 
327,-32.771 
327,-41.625 
327,80.312 
328,-7.812 
328,-18.766 
328,-16.682 
328,-19.141 
328,-36.474 
328,126.062 
329,-6.641 
329,-28.516 
329,-35.042 
329,-38.021 
329,-35.042 
329,119.146 
330,-6.641 
330,-9.766 
330,-21.182 
330,-23.641 
330,-40.974 
330,117.062 
331,-7.812 
331,-14.266 
331,-28.516 
331,-25.724 
331,-27.375 
331,126.062 
332,-6.641 
332,-8.854 
332,-35.042 
332,-28.271 
332,-20.792 
332,99.062 
333,-7.812 
333,-10.417 
333,-25.682 
333,-9.391 
333,-17.724 
333,109.104 
334,-6.641 
334,-26.562 
334,-34.000 
334,-27.229 
334,-19.750 
334,100.104 
335,-7.812 
335,-9.766 
335,-16.682 
335,-27.229 
335,-40.583 
335,88.271 
336,-7.812 
336,-18.766 
336,-16.682 
336,-19.271 
336,-39.542 
336,101.146 
337,-6.641 
337,-18.766 
337,-7.292 
337,-30.354 
337,-41.625 
337,99.062 
338,-7.812 
338,-28.516 
338,-35.042 
338,-28.271 
338,-20.792 
338,119.146 
339,-7.812 
339,-14.266 
339,-12.182 
339,-23.641 
339,-35.042 
339,107.312 
340,-7.812 
340,-9.766 
340,-28.516 
340,-34.724 
340,-46.125 
340,99.062 
341,-6.641 
341,-14.266 
341,-7.292 
341,-30.354 
341,-41.625 
341,108.062 
342,-7.812 
342,-10.417 
342,-7.812 
342,-19.141 
342,-40.974 
342,108.062 
343,-7.812 
343,-9.766 
343,-34.000 
343,-27.229 
343,-36.083 
343,100.104 
344,-6.641 
344,-9.766 
344,-7.682 
344,-36.229 
344,-19.750 
344,100.104 
345,-6.641 
345,-28.516 
345,-39.932 
345,-32.641 
345,-11.792 
345,101.146 
346,-7.812 
346,-14.917 
346,-28.646 
346,-25.333 
346,-31.974 
346,108.062 
347,-6.641 
347,-9.766 
347,-30.932 
347,-48.974 
347,-40.974 
347,107.312 
348,-7.812 
348,-9.766 
348,-21.182 
348,-23.771 
348,-30.542 
348,107.312 
349,-7.812 
349,-9.766 
349,-34.000 
349,-43.562 
349,-40.583 
349,88.271 
350,-7.812 
350,-18.766 
350,-30.932 
350,-32.641 
350,-30.542 
350,80.312 
351,-7.812 
351,-31.250 
351,-33.146 
351,-25.333 
351,-45.474 
351,126.062 
352,-7.812 
352,-14.917 
352,-33.146 
352,-25.333 
352,-54.474 
352,80.312 
353,-7.812 
353,-28.516 
353,-35.432 
353,-28.271 
353,-30.542 
353,107.312 
354,-7.812 
354,-31.250 
354,-28.516 
354,-48.974 
354,-46.125 
354,107.312 
355,-7.812 
355,-9.766 
355,-7.682 
355,-21.224 
355,-26.724 
355,99.062 
356,-7.812 
356,-28.516 
356,-39.932 
356,-42.521 
356,-39.542 
356,101.146 
357,-7.812 
357,-31.250 
357,-33.016 
357,-25.724 
357,-34.057 
357,105.979 
358,-6.641 
358,-18.766 
358,-12.182 
358,-30.224 
358,-43.057 
358,88.271 
359,-6.641 
359,-18.766 
359,-7.292 
359,-30.354 
359,-18.375 
359,105.979 
360,-7.812 
360,-14.917 
360,-33.146 
360,-41.667 
360,-56.557 
360,105.979 
361,-7.812 
361,-28.516 
361,-26.432 
361,-39.974 
361,-45.474 
361,80.312 
362,-7.812 
362,-9.766 
362,-16.292 
362,-9.521 
362,-18.375 
362,108.062 
363,-6.641 
363,-18.766 
363,-16.682 
363,-25.724 
363,-13.875 
363,108.062 
364,-6.641 
364,-8.854 
364,-26.042 
364,-28.271 
364,-37.125 
364,126.062 
365,-7.812 
365,-9.766 
365,-16.682 
365,-4.891 
365,-11.141 
365,119.146 
366,-6.641 
366,-9.766 
366,-37.516 
366,-34.724 
366,-31.974 
366,107.312 
367,-7.812 
367,-9.766 
367,-11.792 
367,-30.354 
367,-32.625 
367,126.062 
368,-7.812 
368,-18.766 
368,-7.292 
368,-28.271 
368,-16.292 
368,108.062 
369,-7.812 
369,-10.417 
369,-25.682 
369,-25.724 
369,-13.875 
369,108.062 
370,-7.812 
370,-9.766 
370,-16.292 
370,-19.271 
370,-35.042 
370,128.146 
371,-6.641 
371,-9.766 
371,-34.000 
371,-27.229 
371,-36.083 
371,88.271 
372,-7.812 
372,-31.250 
372,-33.146 
372,-44.474 
372,-46.125 
372,107.312 
373,-7.812 
373,-9.766 
373,-26.432 
373,-19.141 
373,-34.292 
373,101.146 
374,-7.812 
374,-14.266 
374,-28.516 
374,-44.474 
374,-46.125 
374,108.062 
375,-6.641 
375,-18.766 
375,-26.432 
375,-28.141 
375,-40.974 
375,117.062 
376,-7.812 
376,-9.766 
376,-7.682 
376,-21.224 
376,-43.057 
376,88.271 
377,-7.812 
377,-14.917 
377,-30.932 
377,-47.021 
377,-39.542 
377,80.312 
378,-7.812 
378,-28.516 
378,-26.432 
378,-48.974 
378,-31.974 
378,107.312 
379,-7.812 
379,-31.250 
379,-37.646 
379,-25.333 
379,-27.474 
379,107.312 
380,-7.812 
380,-18.766 
380,-16.682 
380,-18.229 
380,-36.083 
380,100.104 
381,-7.812 
381,-10.417 
381,-7.682 
381,-13.891 
381,-24.250 
381,100.104 
382,-6.641 
382,-9.766 
382,-11.792 
382,-14.021 
382,-20.792 
382,99.062 
383,-7.812 
383,-10.417 
383,-25.682 
383,-30.224 
383,-9.375 
383,105.979 
384,-7.812 
384,-9.766 
384,-16.292 
384,-19.271 
384,-16.292 
384,126.062 
385,-7.812 
385,-18.766 
385,-12.182 
385,-34.724 
385,-28.125 
385,107.312 
386,-6.641 
386,-28.516 
386,-35.432 
386,-19.271 
386,-16.292 
386,126.062 
387,-7.812 
387,-10.417 
387,-28.646 
387,-21.224 
387,-26.724 
387,100.104 
388,-6.641 
388,-18.766 
388,-12.182 
388,-23.771 
388,-20.792 
388,119.146 
389,-7.812 
389,-10.417 
389,-35.432 
389,-28.141 
389,-36.474 
389,126.062 
390,-7.812 
390,-10.417 
390,-35.432 
390,-28.141 
390,-36.474 
390,107.312 
391,-6.641 
391,-28.516 
391,-26.432 
391,-47.021 
391,-35.042 
391,107.312 
392,-7.812 
392,-14.917 
392,-12.182 
392,-19.271 
392,-20.792 
392,126.062 
393,-7.812 
393,-31.250 
393,-33.146 
393,-39.224 
393,-31.583 
393,88.271 
394,-7.812 
394,-31.250 
394,-37.646 
394,-25.333 
394,-13.224 
394,100.104 
395,-7.812 
395,-18.766 
395,-16.682 
395,-9.391 
395,-7.292 
395,108.062 
396,-6.641 
396,-18.766 
396,-7.292 
396,-28.271 
396,-41.625 
396,99.062 
397,-7.812 
397,-14.917 
397,-26.432 
397,-32.641 
397,-20.141 
397,119.146 
398,-6.641 
398,-18.766 
398,-12.182 
398,-19.271 
398,-20.792 
398,128.146 
399,-6.641 
399,-9.766 
399,-33.016 
399,-44.474 
399,-31.974 
399,107.312 
400,-6.641 
400,-28.516 
400,-30.932 
400,-28.271 
400,-20.792 
400,108.062 
401,-6.641 
401,-9.766 
401,-16.682 
401,-28.271 
401,-20.792 
401,99.062 
402,-7.812 
402,-31.250 
402,-33.146 
402,-25.333 
402,-45.474 
402,107.312 
403,-7.812 
403,-14.917 
403,-33.146 
403,-25.724 
403,-31.974 
403,80.312 
404,-6.641 
404,-18.766 
404,-26.432 
404,-28.141 
404,-26.042 
404,119.146 
405,-6.641 
405,-26.562 
405,-34.000 
405,-27.229 
405,-19.750 
405,100.104 
406,-7.812 
406,-10.417 
406,-25.682 
406,-19.141 
406,-26.042 
406,107.312 
407,-6.641 
407,-14.266 
407,-30.932 
407,-23.641 
407,-11.141 
407,101.146 
408,-6.641 
408,-18.766 
408,-25.000 
408,-27.229 
408,-15.250 
408,109.104 
409,-7.812 
409,-31.250 
409,-37.646 
409,-41.667 
409,-34.057 
409,88.271 
410,-7.812 
410,-28.516 
410,-26.042 
410,-28.271 
410,-37.125 
410,107.312 
411,-6.641 
411,-8.854 
411,-16.292 
411,-9.521 
411,-16.292 
411,108.062 
412,-7.812 
412,-9.766 
412,-11.792 
412,-23.771 
412,-20.792 
412,119.146 
413,-6.641 
413,-28.516 
413,-35.432 
413,-28.141 
413,-40.974 
413,107.312 
414,-6.641 
414,-14.266 
414,-28.516 
414,-25.724 
414,-37.125 
414,126.062 
415,-7.812 
415,-14.917 
415,-26.432 
415,-23.771 
415,-20.792 
415,119.146 
416,-7.812 
416,-10.417 
416,-26.432 
416,-19.141 
416,-44.042 
416,107.312 
417,-7.812 
417,-14.917 
417,-33.146 
417,-25.724 
417,-45.083 
417,88.271 
418,-6.641 
418,-14.266 
418,-26.042 
418,-32.771 
418,-20.792 
418,99.062 
419,-7.812 
419,-10.417 
419,-7.812 
419,-19.141 
419,-40.974 
419,107.312 
420,-7.812 
420,-28.516 
420,-26.432 
420,-47.021 
420,-39.542 
420,119.146 
421,-7.812 
421,-10.417 
421,-26.432 
421,-19.141 
421,-40.974 
421,107.312 
422,-6.641 
422,-8.854 
422,-16.292 
422,-19.271 
422,-35.042 
422,119.146 
423,-7.812 
423,-14.917 
423,-30.932 
423,-28.271 
423,-30.542 
423,107.312 
424,-6.641 
424,-9.766 
424,-37.516 
424,-25.854 
424,-22.875 
424,105.979 
425,-7.812 
425,-9.766 
425,-7.682 
425,-28.271 
425,-35.042 
425,119.146 
426,-6.641 
426,-9.766 
426,-21.182 
426,-30.224 
426,-31.583 
426,109.104 
427,-7.812 
427,-10.417 
427,-7.812 
427,-37.141 
427,-20.141 
427,119.146 
428,-6.641 
428,-8.854 
428,-16.292 
428,-25.854 
428,-41.625 
428,108.062 
429,-7.812 
429,-10.417 
429,-33.146 
429,-48.974 
429,-32.625 
429,126.062 
430,-7.812 
430,-18.766 
430,-16.682 
430,-30.224 
430,-38.557 
430,88.271 
431,-6.641 
431,-18.766 
431,-37.516 
431,-30.224 
431,-9.375 
431,99.062 
432,-7.812 
432,-14.917 
432,-12.312 
432,-28.141 
432,-26.042 
432,128.146 
433,-7.812 
433,-18.766 
433,-28.516 
433,-34.724 
433,-31.583 
433,109.104 
434,-6.641 
434,-14.266 
434,-30.932 
434,-28.271 
434,-30.542 
434,107.312 
435,-6.641 
435,-28.516 
435,-35.042 
435,-28.271 
435,-37.125 
435,108.062 
436,-7.812 
436,-31.250 
436,-46.516 
436,-30.224 
436,-22.224 
436,100.104 
437,-6.641 
437,-18.766 
437,-26.042 
437,-28.271 
437,-37.125 
437,107.312 
438,-7.812 
438,-10.417 
438,-7.682 
438,-21.224 
438,-54.083 
438,100.104 
439,-6.641 
439,-8.854 
439,-26.042 
439,-42.521 
439,-39.542 
439,128.146 
440,-6.641 
440,-28.516 
440,-26.432 
440,-19.141 
440,-40.974 
440,107.312 
441,-7.812 
441,-14.917 
441,-16.682 
441,-13.891 
441,-7.292 
441,108.062 
442,-7.812 
442,-18.766 
442,-25.000 
442,-27.229 
442,-19.750 
442,100.104 
443,-6.641 
443,-9.766 
443,-7.682 
443,-30.224 
443,-45.083 
443,88.271 
444,-6.641 
444,-9.766 
444,-21.182 
444,-34.724 
444,-31.583 
444,100.104 
445,-7.812 
445,-31.250 
445,-33.146 
445,-44.474 
445,-31.974 
445,107.312 
446,-6.641 
446,-9.766 
446,-37.516 
446,-34.724 
446,-13.875 
446,126.062 
447,-7.812 
447,-14.917 
447,-26.432 
447,-48.974 
447,-32.625 
447,126.062 
448,-7.812 
448,-9.766 
448,-30.932 
448,-32.641 
448,-30.542 
448,107.312 
449,-7.812 
449,-18.766 
449,-25.000 
449,-27.229 
449,-36.083 
449,109.104 
450,-7.812 
450,-10.417 
450,-25.682 
450,-19.271 
450,-26.042 
450,107.312 
451,-7.812 
451,-9.766 
451,-7.682 
451,-21.224 
451,-36.375 
451,108.062 
452,-7.812 
452,-18.766 
452,-12.182 
452,-23.641 
452,-40.974 
452,117.062 
453,-7.812 
453,-10.417 
453,-33.146 
453,-39.224 
453,-43.057 
453,105.979 
454,-7.812 
454,-10.417 
454,-16.812 
454,-23.641 
454,-25.292 
454,108.062 
455,-7.812 
455,-14.917 
455,-12.182 
455,-25.724 
455,-29.557 
455,105.979 
456,-7.812 
456,-10.417 
456,-7.682 
456,-21.224 
456,-43.057 
456,105.979 
457,-7.812 
457,-14.917 
457,-35.432 
457,-53.474 
457,-32.625 
457,80.312 
458,-7.812 
458,-10.417 
458,-25.682 
458,-19.141 
458,-7.292 
458,126.062 
459,-6.641 
459,-8.854 
459,-35.042 
459,-38.021 
459,-39.542 
459,119.146 
460,-6.641 
460,-28.516 
460,-30.932 
460,-48.974 
460,-32.625 
460,107.312 
461,-7.812 
461,-14.917 
461,-12.312 
461,-28.141 
461,-36.474 
461,107.312 
462,-7.812 
462,-9.766 
462,-7.682 
462,-21.224 
462,-40.974 
462,107.312 
463,-7.812 
463,-14.917 
463,-12.312 
463,-18.391 
463,-7.292 
463,108.062 
464,-7.812 
464,-31.250 
464,-37.516 
464,-34.724 
464,-31.974 
464,126.062 
465,-6.641 
465,-26.562 
465,-34.000 
465,-27.229 
465,-19.750 
465,100.104 
466,-7.812 
466,-28.516 
466,-30.542 
466,-51.521 
466,-39.542 
466,80.312 
467,-7.812 
467,-31.250 
467,-28.646 
467,-57.974 
467,-28.125 
467,107.312 
468,-6.641 
468,-28.516 
468,-30.932 
468,-48.974 
468,-32.625 
468,107.312 
469,-6.641 
469,-28.516 
469,-30.542 
469,-32.771 
469,-39.542 
469,101.146 
470,-7.812 
470,-31.250 
470,-37.646 
470,-39.224 
470,-22.224 
470,99.062 
471,-7.812 
471,-10.417 
471,-16.812 
471,-18.391 
471,-11.792 
471,119.146 
472,-7.812 
472,-28.516 
472,-35.432 
472,-28.141 
472,-7.292 
472,128.146 
473,-6.641 
473,-14.266 
473,-25.000 
473,-31.729 
473,-40.583 
473,100.104 
474,-7.812 
474,-14.917 
474,-33.146 
474,-39.974 
474,-31.974 
474,107.312 
475,-7.812 
475,-31.250 
475,-33.146 
475,-39.224 
475,-31.583 
475,109.104 
476,-7.812 
476,-14.917 
476,-35.432 
476,-32.641 
476,-30.542 
476,80.312 
477,-7.812 
477,-31.250 
477,-33.146 
477,-46.167 
477,-34.057 
477,105.979 
478,-6.641 
478,-28.516 
478,-35.432 
478,-28.141 
478,-36.474 
478,107.312 
479,-7.812 
479,-14.917 
479,-26.432 
479,-23.771 
479,-37.125 
479,126.062 
480,-7.812 
480,-14.917 
480,-33.146 
480,-25.333 
480,-31.974 
480,80.312 
481,-6.641 
481,-9.766 
481,-28.516 
481,-34.724 
481,-31.974 
481,80.312 
482,-7.812 
482,-31.250 
482,-28.646 
482,-34.333 
482,-35.724 
482,99.062 
483,-7.812 
483,-14.917 
483,-26.432 
483,-44.474 
483,-31.974 
483,108.062 
484,-6.641 
484,-8.854 
484,-35.042 
484,-38.021 
484,-35.042 
484,107.312 
485,-6.641 
485,-28.516 
485,-35.432 
485,-28.141 
485,-20.141 
485,119.146 
486,-7.812 
486,-31.250 
486,-33.146 
486,-25.333 
486,-13.224 
486,109.104 
487,-7.812 
487,-18.766 
487,-16.682 
487,-0.521 
487,-20.792 
487,99.062 
488,-7.812 
488,-31.250 
488,-46.516 
488,-21.354 
488,-28.125 
488,107.312 
489,-6.641 
489,-18.766 
489,-37.516 
489,-30.224 
489,-31.974 
489,117.062 
490,-7.812 
490,-18.766 
490,-26.042 
490,-38.021 
490,-39.542 
490,119.146 
491,-7.812 
491,-28.516 
491,-39.932 
491,-53.474 
491,-40.974 
491,99.062 
492,-7.812 
492,-28.516 
492,-35.432 
492,-23.641 
492,-44.042 
492,80.312 
493,-7.812 
493,-10.417 
493,-28.646 
493,-48.224 
493,-27.083 
493,100.104 
494,-7.812 
494,-31.250 
494,-33.146 
494,-48.974 
494,-40.974 
494,126.062 
495,-6.641 
495,-18.766 
495,-25.000 
495,-27.229 
495,-36.083 
495,100.104 
496,-6.641 
496,-9.766 
496,-30.932 
496,-28.271 
496,-20.792 
496,128.146 
497,-6.641 
497,-18.766 
497,-16.682 
497,-30.224 
497,-27.083 
497,88.271 
498,-6.641 
498,-26.562 
498,-34.000 
498,-43.562 
498,-40.583 
498,109.104 
499,-7.812 
499,-9.766 
499,-28.516 
499,-34.724 
499,-46.125 
499,80.312 
500,-7.812 
500,-10.417 
500,-35.432 
500,-28.141 
500,-36.474 
500,107.312 
501,-7.812 
501,-10.417 
501,-33.146 
501,-39.224 
501,-32.625 
501,107.312 
502,-7.812 
502,-18.766 
502,-12.182 
502,-30.224 
502,-31.974 
502,126.062 
503,-7.812 
503,-10.417 
503,-26.432 
503,-39.974 
503,-45.474 
503,99.062 
504,-7.812 
504,-10.417 
504,-7.812 
504,-13.500 
504,-24.641 
504,119.146 
505,-6.641 
505,-18.766 
505,-37.516 
505,-39.062 
505,-36.083 
505,88.271 
506,-6.641 
506,-18.766 
506,-26.042 
506,-28.271 
506,-20.792 
506,99.062 
507,-7.812 
507,-10.417 
507,-25.682 
507,-28.141 
507,-11.792 
507,99.062 
508,-7.812 
508,-14.917 
508,-33.146 
508,-25.724 
508,-46.125 
508,80.312 
509,-7.812 
509,-10.417 
509,-26.432 
509,-48.974 
509,-31.974 
509,107.312 
510,-6.641 
510,-28.516 
510,-35.042 
510,-28.271 
510,-16.292 
510,108.062 
511,-7.812 
511,-14.917 
511,-28.646 
511,-46.167 
511,-56.557 
511,88.271 
512,-7.812 
512,-14.917 
512,-12.182 
512,-19.271 
512,-39.542 
512,119.146 
513,-7.812 
513,-14.917 
513,-12.312 
513,-4.891 
513,-11.141 
513,101.146 
514,-6.641 
514,-28.516 
514,-39.932 
514,-32.641 
514,-20.141 
514,101.146 
515,-7.812 
515,-28.516 
515,-39.932 
515,-32.641 
515,-40.974 
515,99.062 
516,-7.812 
516,-31.250 
516,-33.146 
516,-48.974 
516,-32.625 
516,107.312 
517,-7.812 
517,-18.766 
517,-16.682 
517,-19.271 
517,-37.125 
517,99.062 
518,-7.812 
518,-9.766 
518,-7.682 
518,-28.271 
518,-20.792 
518,119.146 
519,-6.641 
519,-9.766 
519,-11.792 
519,-32.771 
519,-37.125 
519,108.062 
520,-7.812 
520,-14.266 
520,-12.182 
520,-4.891 
520,-8.724 
520,126.062 
521,-7.812 
521,-28.516 
521,-26.042 
521,-28.271 
521,-35.042 
521,119.146 
522,-7.812 
522,-10.417 
522,-16.812 
522,-19.141 
522,-35.042 
522,128.146 
523,-7.812 
523,-9.766 
523,-16.292 
523,-19.271 
523,-35.042 
523,119.146 
524,-6.641 
524,-26.562 
524,-34.000 
524,-27.229 
524,-40.583 
524,100.104 
525,-7.812 
525,-10.417 
525,-26.432 
525,-47.021 
525,-39.542 
525,119.146 
526,-6.641 
526,-9.766 
526,-30.932 
526,-48.974 
526,-32.625 
526,107.312 
527,-7.812 
527,-9.766 
527,-26.432 
527,-19.141 
527,-44.042 
527,107.312 
528,-6.641 
528,-18.766 
528,-12.182 
528,-19.271 
528,-30.542 
528,128.146 
529,-7.812 
529,-31.250 
529,-33.146 
529,-25.724 
529,-37.125 
529,107.312 
530,-7.812 
530,-14.917 
530,-30.932 
530,-39.974 
530,-31.974 
530,107.312 
531,-7.812 
531,-14.266 
531,-28.516 
531,-25.724 
531,-37.125 
531,107.312 
532,-7.812 
532,-28.516 
532,-26.432 
532,-47.021 
532,-35.042 
532,119.146 
533,-7.812 
533,-14.917 
533,-28.646 
533,-25.333 
533,-45.474 
533,126.062 
534,-7.812 
534,-14.917 
534,-33.146 
534,-25.333 
534,-31.974 
534,99.062 
535,-7.812 
535,-14.917 
535,-33.146 
535,-39.224 
535,-31.583 
535,100.104 
536,-6.641 
536,-8.854 
536,-26.042 
536,-28.271 
536,-37.125 
536,117.062 
537,-7.812 
537,-10.417 
537,-26.432 
537,-19.141 
537,-34.292 
537,108.062 
538,-6.641 
538,-26.562 
538,-34.000 
538,-27.229 
538,-36.083 
538,109.104 
539,-6.641 
539,-14.266 
539,-12.182 
539,-23.641 
539,-11.141 
539,101.146 
540,-6.641 
540,-18.766 
540,-16.682 
540,-0.521 
540,-18.375 
540,99.062 
541,-7.812 
541,-14.917 
541,-30.932 
541,-23.641 
541,-27.474 
541,108.062 
542,-7.812 
542,-9.766 
542,-7.682 
542,-36.229 
542,-15.250 
542,109.104 
543,-7.812 
543,-14.917 
543,-12.312 
543,-19.141 
543,-11.141 
543,128.146 
544,-7.812 
544,-28.516 
544,-35.432 
544,-28.141 
544,-40.974 
544,117.062 
545,-7.812 
545,-31.250 
545,-46.516 
545,-39.062 
545,-40.583 
545,88.271 
546,-6.641 
546,-28.516 
546,-35.432 
546,-39.974 
546,-46.125 
546,107.312 
547,-6.641 
547,-26.562 
547,-34.000 
547,-43.562 
547,-40.583 
547,109.104 
548,-6.641 
548,-8.854 
548,-16.292 
548,-28.271 
548,-39.542 
548,80.312 
549,-7.812 
549,-9.766 
549,-26.042 
549,-42.521 
549,-39.542 
549,107.312 
550,-7.812 
550,-18.766 
550,-16.682 
550,-18.229 
550,-36.083 
550,88.271 
551,-7.812 
551,-9.766 
551,-26.432 
551,-37.271 
551,-37.125 
551,107.312 
552,-7.812 
552,-18.766 
552,-16.682 
552,-9.391 
552,-6.250 
552,109.104 
553,-6.641 
553,-8.854 
553,-26.042 
553,-47.021 
553,-35.042 
553,119.146 
554,-7.812 
554,-14.917 
554,-12.312 
554,-4.891 
554,-24.250 
554,100.104 
555,-7.812 
555,-14.917 
555,-26.432 
555,-32.641 
555,-30.542 
555,119.146 
556,-7.812 
556,-28.516 
556,-26.432 
556,-48.974 
556,-46.125 
556,108.062 
557,-6.641 
557,-28.516 
557,-26.432 
557,-39.974 
557,-45.474 
557,99.062 
558,-7.812 
558,-14.917 
558,-26.432 
558,-32.641 
558,-11.792 
558,119.146 
559,-6.641 
559,-28.516 
559,-26.042 
559,-28.271 
559,-37.125 
559,107.312 
560,-6.641 
560,-9.766 
560,-26.042 
560,-32.771 
560,-20.792 
560,108.062 
561,-7.812 
561,-14.917 
561,-16.682 
561,-23.771 
561,-37.125 
561,107.312 
562,-7.812 
562,-10.417 
562,-33.146 
562,-25.724 
562,-34.057 
562,105.979 
563,-7.812 
563,-9.766 
563,-21.182 
563,-22.729 
563,-40.583 
563,88.271 
564,-7.812 
564,-10.417 
564,-26.432 
564,-32.641 
564,-35.042 
564,119.146 
565,-7.812 
565,-10.417 
565,-7.682 
565,-36.229 
565,-36.083 
565,88.271 
566,-6.641 
566,-14.266 
566,-30.932 
566,-23.641 
566,-44.042 
566,80.312 
567,-7.812 
567,-31.250 
567,-37.516 
567,-25.854 
567,-32.625 
567,107.312 
568,-6.641 
568,-9.766 
568,-16.682 
568,-4.891 
568,-13.224 
568,100.104 
569,-7.812 
569,-9.766 
569,-7.682 
569,-21.224 
569,-46.125 
569,117.062 
570,-7.812 
570,-10.417 
570,-7.682 
570,-28.271 
570,-37.125 
570,117.062 
571,-7.812 
571,-10.417 
571,-25.682 
571,-30.224 
571,-27.083 
571,88.271 
572,-7.812 
572,-14.266 
572,-7.292 
572,-23.771 
572,-39.542 
572,119.146 
573,-6.641 
573,-26.562 
573,-34.000 
573,-27.229 
573,-36.083 
573,88.271 
574,-7.812 
574,-18.766 
574,-25.000 
574,-48.062 
574,-36.083 
574,88.271 
575,-7.812 
575,-14.266 
575,-28.516 
575,-30.354 
575,-41.625 
575,108.062 
576,-7.812 
576,-18.766 
576,-12.182 
576,-34.724 
576,-28.125 
576,107.312 
577,-7.812 
577,-28.516 
577,-35.432 
577,-39.974 
577,-31.974 
577,108.062 
578,-7.812 
578,-10.417 
578,-25.682 
578,-25.724 
578,-43.057 
578,88.271 
579,-7.812 
579,-10.417 
579,-26.432 
579,-19.141 
579,-40.974 
579,107.312 
580,-7.812 
580,-9.766 
580,-30.932 
580,-38.021 
580,-39.542 
580,128.146 
581,-7.812 
581,-10.417 
581,-33.146 
581,-25.333 
581,-45.474 
581,126.062 
582,-7.812 
582,-18.766 
582,-26.042 
582,-28.271 
582,-30.542 
582,107.312 
583,-6.641 
583,-14.266 
583,-25.000 
583,-31.729 
583,-36.083 
583,88.271 
584,-7.812 
584,-9.766 
584,-21.182 
584,-19.271 
584,-41.625 
584,108.062 
585,-7.812 
585,-14.917 
585,-12.182 
585,-21.224 
585,-34.057 
585,88.271 
586,-7.812 
586,-18.766 
586,-25.000 
586,-43.562 
586,-40.583 
586,109.104 
587,-6.641 
587,-8.854 
587,-26.042 
587,-28.271 
587,-35.042 
587,107.312 
588,-6.641 
588,-28.516 
588,-35.432 
588,-28.141 
588,-30.542 
588,119.146 
589,-7.812 
589,-10.417 
589,-33.146 
589,-25.724 
589,-45.083 
589,88.271 
590,-7.812 
590,-10.417 
590,-7.682 
590,-28.271 
590,-20.792 
590,126.062 
591,-6.641 
591,-28.516 
591,-35.432 
591,-19.271 
591,-16.292 
591,128.146 
592,-7.812 
592,-31.250 
592,-46.516 
592,-21.354 
592,-22.875 
592,105.979 
593,-7.812 
593,-31.250 
593,-46.516 
593,-48.974 
593,-32.625 
593,80.312 
594,-6.641 
594,-18.766 
594,-30.932 
594,-32.641 
594,-11.792 
594,101.146 
595,-6.641 
595,-28.516 
595,-30.542 
595,-51.521 
595,-39.542 
595,101.146 
596,-6.641 
596,-8.854 
596,-35.042 
596,-47.021 
596,-39.542 
596,101.146 
597,-6.641 
597,-28.516 
597,-30.932 
597,-38.021 
597,-39.542 
597,107.312 
598,-7.812 
598,-14.917 
598,-16.682 
598,-23.771 
598,-37.125 
598,107.312 
599,-7.812 
599,-31.250 
599,-37.646 
599,-25.333 
599,-27.474 
599,107.312 
600,-7.812 
600,-9.766 
600,-7.682 
600,-28.271 
600,-20.792 
600,119.146 
601,-7.812 
601,-31.250 
601,-28.646 
601,-48.224 
601,-40.974 
601,99.062 
602,-7.812 
602,-14.917 
602,-33.146 
602,-25.724 
602,-27.375 
602,117.062 
603,-6.641 
603,-8.854 
603,-26.042 
603,-47.021 
603,-35.042 
603,107.312 
604,-7.812 
604,-10.417 
604,-33.146 
604,-46.167 
604,-34.057 
604,88.271 
605,-7.812 
605,-31.250 
605,-28.516 
605,-57.062 
605,-36.083 
605,100.104 
606,-6.641 
606,-9.766 
606,-26.432 
606,-32.641 
606,-31.974 
606,80.312 
607,-6.641 
607,-28.516 
607,-26.432 
607,-32.641 
607,-31.974 
607,99.062 
608,-7.812 
608,-9.766 
608,-26.432 
608,-37.271 
608,-26.042 
608,107.312 
609,-7.812 
609,-9.766 
609,-7.682 
609,-18.521 
609,-20.792 
609,101.146 
610,-7.812 
610,-18.766 
610,-16.682 
610,-19.141 
610,-36.474 
610,126.062 
611,-6.641 
611,-28.516 
611,-30.932 
611,-38.021 
611,-39.542 
611,128.146 
612,-7.812 
612,-18.766 
612,-26.432 
612,-48.974 
612,-40.974 
612,107.312 
613,-7.812 
613,-14.917 
613,-12.312 
613,-4.500 
613,-11.141 
613,119.146 
614,-7.812 
614,-14.917 
614,-12.312 
614,-28.141 
614,-40.974 
614,117.062 
615,-7.812 
615,-14.917 
615,-12.312 
615,-19.141 
615,-35.042 
615,128.146 
616,-7.812 
616,-31.250 
616,-46.516 
616,-21.354 
616,-41.625 
616,99.062 
617,-7.812 
617,-14.917 
617,-12.312 
617,-25.333 
617,-35.724 
617,99.062 
618,-7.812 
618,-31.250 
618,-37.516 
618,-34.724 
618,-31.583 
618,88.271 
619,-7.812 
619,-31.250 
619,-46.516 
619,-48.974 
619,-40.974 
619,80.312 
620,-7.812 
620,-28.516 
620,-35.432 
620,-28.271 
620,-20.792 
620,108.062 
621,-7.812 
621,-14.917 
621,-12.182 
621,-4.891 
621,-24.250 
621,100.104 
622,-7.812 
622,-9.766 
622,-7.682 
622,-21.224 
622,-36.375 
622,99.062 
623,-7.812 
623,-9.766 
623,-7.682 
623,-30.224 
623,-45.083 
623,88.271 
624,-6.641 
624,-9.766 
624,-26.042 
624,-28.271 
624,-20.792 
624,117.062 
625,-7.812 
625,-14.917 
625,-26.432 
625,-23.641 
625,-11.141 
625,128.146 
626,-7.812 
626,-14.917 
626,-12.312 
626,-25.333 
626,-13.224 
626,117.062 
627,-7.812 
627,-10.417 
627,-28.646 
627,-34.333 
627,-13.224 
627,117.062 
628,-7.812 
628,-14.917 
628,-12.312 
628,-23.641 
628,-31.974 
628,80.312 
629,-6.641 
629,-28.516 
629,-39.932 
629,-32.641 
629,-30.542 
629,101.146 
630,-7.812 
630,-18.766 
630,-28.516 
630,-25.854 
630,-32.625 
630,126.062 
631,-7.812 
631,-14.917 
631,-16.682 
631,-23.641 
631,-11.792 
631,117.062 
632,-7.812 
632,-14.917 
632,-26.432 
632,-23.771 
632,-20.792 
632,119.146 
633,-6.641 
633,-28.516 
633,-35.042 
633,-28.271 
633,-37.125 
633,107.312 
634,-7.812 
634,-10.417 
634,-7.682 
634,-0.391 
634,-25.292 
634,126.062 
635,-7.812 
635,-9.766 
635,-7.682 
635,-28.271 
635,-37.125 
635,107.312 
636,-6.641 
636,-26.562 
636,-34.000 
636,-27.229 
636,-36.083 
636,88.271 
637,-6.641 
637,-28.516 
637,-35.432 
637,-44.474 
637,-40.974 
637,126.062 
638,-6.641 
638,-28.516 
638,-30.542 
638,-32.771 
638,-39.542 
638,101.146 
639,-7.812 
639,-10.417 
639,-7.812 
639,-29.833 
639,-31.974 
639,108.062 
640,-7.812 
640,-10.417 
640,-25.682 
640,-9.391 
640,-17.724 
640,108.062 
641,-7.812 
641,-9.766 
641,-16.292 
641,-19.271 
641,-35.042 
641,128.146 
642,-7.812 
642,-14.917 
642,-28.646 
642,-25.333 
642,-31.974 
642,108.062 
643,-7.812 
643,-14.917 
643,-33.146 
643,-25.333 
643,-13.224 
643,100.104 
644,-6.641 
644,-28.516 
644,-30.932 
644,-48.974 
644,-32.625 
644,126.062 
645,-6.641 
645,-28.516 
645,-26.432 
645,-19.141 
645,-24.641 
645,119.146 
646,-7.812 
646,-9.766 
646,-26.432 
646,-19.141 
646,-44.042 
646,107.312 
647,-6.641 
647,-9.766 
647,-7.682 
647,-21.224 
647,-26.724 
647,117.062 
648,-7.812 
648,-9.766 
648,-34.000 
648,-43.562 
648,-40.583 
648,88.271 
649,-6.641 
649,-18.766 
649,-30.932 
649,-23.771 
649,-39.542 
649,101.146 
650,-6.641 
650,-9.766 
650,-21.182 
650,-13.891 
650,-11.792 
650,99.062 
651,-6.641 
651,-28.516 
651,-35.432 
651,-44.474 
651,-32.625 
651,107.312 
652,-6.641 
652,-28.516 
652,-35.432 
652,-28.271 
652,-30.542 
652,119.146 
653,-7.812 
653,-31.250 
653,-37.646 
653,-39.224 
653,-31.583 
653,100.104 
654,-7.812 
654,-28.516 
654,-30.932 
654,-32.641 
654,-11.792 
654,117.062 
655,-6.641 
655,-28.516 
655,-35.432 
655,-47.021 
655,-39.542 
655,101.146 
656,-7.812 
656,-18.766 
656,-26.042 
656,-28.271 
656,-20.792 
656,119.146 
657,-6.641 
657,-8.854 
657,-16.292 
657,-9.521 
657,-18.375 
657,108.062 
658,-7.812 
658,-14.917 
658,-28.646 
658,-46.167 
658,-34.057 
658,88.271 
659,-7.812 
659,-10.417 
659,-16.812 
659,-19.141 
659,-25.292 
659,108.062 
660,-6.641 
660,-14.266 
660,-28.516 
660,-30.354 
660,-22.875 
660,105.979 
661,-7.812 
661,-28.516 
661,-26.042 
661,-47.021 
661,-35.042 
661,107.312 
662,-7.812 
662,-14.917 
662,-12.312 
662,-4.500 
662,-11.141 
662,119.146 
663,-7.812 
663,-14.917 
663,-12.182 
663,-9.521 
663,-20.792 
663,99.062 
664,-7.812 
664,-9.766 
664,-21.182 
664,-23.641 
664,-20.141 
664,128.146 
665,-7.812 
665,-14.917 
665,-16.682 
665,-23.641 
665,-20.141 
665,119.146 
666,-7.812 
666,-9.766 
666,-7.682 
666,-30.224 
666,-27.375 
666,126.062 
667,-6.641 
667,-28.516 
667,-30.932 
667,-44.474 
667,-31.974 
667,108.062 
668,-6.641 
668,-26.562 
668,-34.000 
668,-27.229 
668,-36.083 
668,88.271 
669,-7.812 
669,-10.417 
669,-7.812 
669,-37.141 
669,-20.141 
669,128.146 
670,-6.641 
670,-18.766 
670,-12.182 
670,-22.729 
670,-19.750 
670,100.104 
671,-7.812 
671,-10.417 
671,-7.682 
671,-28.141 
671,-31.974 
671,108.062 
672,-7.812 
672,-14.917 
672,-12.312 
672,-20.833 
672,-45.474 
672,126.062 
673,-6.641 
673,-8.854 
673,-16.292 
673,-28.271 
673,-26.042 
673,119.146 
674,-7.812 
674,-31.250 
674,-33.146 
674,-25.333 
674,-13.224 
674,109.104 
675,-7.812 
675,-28.516 
675,-26.432 
675,-48.974 
675,-46.125 
675,107.312 
676,-6.641 
676,-9.766 
676,-7.682 
676,-21.224 
676,-26.724 
676,100.104 
677,-7.812 
677,-14.917 
677,-26.432 
677,-23.641 
677,-11.141 
677,128.146 
678,-7.812 
678,-28.516 
678,-35.432 
678,-28.141 
678,-40.974 
678,107.312 
679,-7.812 
679,-10.417 
679,-7.812 
679,-27.391 
679,-17.724 
679,108.062 
680,-7.812 
680,-28.516 
680,-26.042 
680,-28.271 
680,-37.125 
680,107.312 
681,-7.812 
681,-28.516 
681,-26.042 
681,-28.271 
681,-20.792 
681,126.062 
682,-7.812 
682,-9.766 
682,-7.682 
682,-19.141 
682,-40.974 
682,107.312 
683,-6.641 
683,-18.766 
683,-28.516 
683,-34.724 
683,-31.974 
683,126.062 
684,-6.641 
684,-9.766 
684,-37.516 
684,-34.724 
684,-43.057 
684,88.271 
685,-7.812 
685,-14.917 
685,-12.312 
685,-25.333 
685,-54.474 
685,80.312 
686,-7.812 
686,-10.417 
686,-35.432 
686,-44.474 
686,-32.625 
686,126.062 
687,-7.812 
687,-10.417 
687,-28.646 
687,-48.224 
687,-40.974 
687,99.062 
688,-7.812 
688,-31.250 
688,-46.516 
688,-30.224 
688,-31.974 
688,107.312 
689,-7.812 
689,-14.917 
689,-12.312 
689,-25.333 
689,-54.474 
689,99.062 
690,-7.812 
690,-9.766 
690,-34.000 
690,-27.229 
690,-40.583 
690,100.104 
691,-6.641 
691,-28.516 
691,-30.932 
691,-23.641 
691,-35.042 
691,107.312 
692,-6.641 
692,-18.766 
692,-12.182 
692,-34.724 
692,-13.875 
692,99.062 
693,-6.641 
693,-14.266 
693,-12.182 
693,-28.271 
693,-41.625 
693,99.062 
694,-7.812 
694,-28.516 
694,-35.432 
694,-48.974 
694,-28.125 
694,117.062 
695,-7.812 
695,-10.417 
695,-7.812 
695,-19.141 
695,-24.641 
695,119.146 
696,-7.812 
696,-31.250 
696,-33.146 
696,-25.333 
696,-35.724 
696,108.062 
697,-6.641 
697,-8.854 
697,-35.042 
697,-28.271 
697,-37.125 
697,107.312 
698,-7.812 
698,-28.516 
698,-30.542 
698,-32.771 
698,-39.542 
698,101.146 
699,-7.812 
699,-18.766 
699,-26.432 
699,-28.141 
699,-36.474 
699,107.312 
700,-7.812 
700,-9.766 
700,-28.516 
700,-21.224 
700,-43.057 
700,88.271 
701,-7.812 
701,-9.766 
701,-21.182 
701,-13.891 
701,-11.792 
701,108.062 
702,-7.812 
702,-10.417 
702,-28.646 
702,-48.224 
702,-38.557 
702,88.271 
703,-7.812 
703,-14.917 
703,-26.432 
703,-44.474 
703,-46.125 
703,107.312 
704,-7.812 
704,-31.250 
704,-37.516 
704,-34.724 
704,-22.224 
704,109.104 
705,-7.812 
705,-10.417 
705,-7.812 
705,-37.141 
705,-36.474 
705,126.062 
706,-6.641 
706,-9.766 
706,-7.682 
706,-18.521 
706,-18.375 
706,99.062 
707,-6.641 
707,-14.266 
707,-12.182 
707,-9.521 
707,-11.792 
707,117.062 
708,-7.812 
708,-14.266 
708,-30.932 
708,-28.271 
708,-20.792 
708,99.062 
709,-7.812 
709,-14.917 
709,-12.312 
709,-4.891 
709,-13.224 
709,100.104 
710,-7.812 
710,-28.516 
710,-35.042 
710,-28.271 
710,-39.542 
710,80.312 
711,-7.812 
711,-31.250 
711,-46.516 
711,-30.224 
711,-27.083 
711,100.104 
712,-7.812 
712,-9.766 
712,-29.500 
712,-48.062 
712,-40.583 
712,88.271 
713,-7.812 
713,-14.917 
713,-33.146 
713,-25.333 
713,-35.724 
713,108.062 
714,-7.812 
714,-18.766 
714,-26.432 
714,-19.271 
714,-20.792 
714,119.146 
715,-6.641 
715,-9.766 
715,-29.500 
715,-48.062 
715,-40.583 
715,109.104 
716,-6.641 
716,-28.516 
716,-26.042 
716,-28.271 
716,-37.125 
716,126.062 
717,-7.812 
717,-14.917 
717,-12.312 
717,-20.833 
717,-31.974 
717,108.062 
718,-7.812 
718,-14.266 
718,-30.932 
718,-28.271 
718,-20.792 
718,119.146 
719,-6.641 
719,-8.854 
719,-16.292 
719,-23.771 
719,-41.625 
719,107.312 
720,-7.812 
720,-9.766 
720,-26.042 
720,-32.771 
720,-30.542 
720,128.146 
721,-6.641 
721,-18.766 
721,-28.516 
721,-25.854 
721,-41.625 
721,108.062 
722,-7.812 
722,-9.766 
722,-16.682 
722,-28.271 
722,-20.792 
722,99.062 
723,-7.812 
723,-18.766 
723,-16.682 
723,-19.271 
723,-37.125 
723,107.312 
724,-7.812 
724,-28.516 
724,-30.932 
724,-32.641 
724,-40.974 
724,117.062 
725,-7.812 
725,-9.766 
725,-34.000 
725,-27.229 
725,-36.083 
725,88.271 
726,-7.812 
726,-10.417 
726,-7.682 
726,-19.141 
726,-24.641 
726,101.146 
727,-7.812 
727,-14.917 
727,-33.146 
727,-25.724 
727,-45.083 
727,88.271 
728,-7.812 
728,-31.250 
728,-33.146 
728,-39.224 
728,-32.625 
728,107.312 
729,-6.641 
729,-28.516 
729,-30.932 
729,-48.974 
729,-32.625 
729,107.312 
730,-6.641 
730,-9.766 
730,-21.182 
730,-23.641 
730,-11.792 
730,126.062 
731,-7.812 
731,-31.250 
731,-37.516 
731,-44.474 
731,-40.974 
731,126.062 
732,-6.641 
732,-28.516 
732,-26.432 
732,-37.271 
732,-16.292 
732,108.062 
733,-7.812 
733,-10.417 
733,-16.812 
733,-25.333 
733,-54.474 
733,80.312 
734,-7.812 
734,-18.766 
734,-28.516 
734,-25.854 
734,-32.625 
734,126.062 
735,-6.641 
735,-18.766 
735,-12.182 
735,-13.891 
735,-7.292 
735,108.062 
736,-6.641 
736,-18.766 
736,-28.516 
736,-25.854 
736,-32.625 
736,107.312 
737,-7.812 
737,-14.917 
737,-12.182 
737,-23.641 
737,-27.474 
737,107.312 
738,-7.812 
738,-10.417 
738,-7.682 
738,-13.891 
738,-24.250 
738,100.104 
739,-7.812 
739,-28.516 
739,-35.432 
739,-28.141 
739,-36.474 
739,107.312 
740,-6.641 
740,-18.766 
740,-7.292 
740,-30.354 
740,-22.875 
740,99.062 
741,-7.812 
741,-28.516 
741,-35.042 
741,-38.021 
741,-39.542 
741,119.146 
742,-6.641 
742,-9.766 
742,-7.682 
742,-21.224 
742,-46.125 
742,117.062 
743,-7.812 
743,-9.766 
743,-26.432 
743,-32.641 
743,-31.974 
743,99.062 
744,-6.641 
744,-28.516 
744,-35.042 
744,-38.021 
744,-35.042 
744,107.312 
745,-7.812 
745,-18.766 
745,-28.516 
745,-44.474 
745,-32.625 
745,126.062 
746,-7.812 
746,-10.417 
746,-7.682 
746,-28.271 
746,-35.042 
746,107.312 
747,-6.641 
747,-9.766 
747,-34.000 
747,-27.229 
747,-19.750 
747,100.104 
748,-7.812 
748,-31.250 
748,-33.016 
748,-25.724 
748,-45.083 
748,109.104 
749,-7.812 
749,-14.917 
749,-28.646 
749,-25.724 
749,-27.375 
749,126.062 
750,-6.641 
750,-9.766 
750,-21.182 
750,-34.724 
750,-31.583 
750,88.271 
751,-6.641 
751,-28.516 
751,-30.932 
751,-44.474 
751,-31.974 
751,107.312 
752,-7.812 
752,-9.766 
752,-7.682 
752,-36.229 
752,-15.250 
752,109.104 
753,-7.812 
753,-28.516 
753,-35.432 
753,-23.641 
753,-44.042 
753,101.146 
754,-7.812 
754,-14.917 
754,-28.646 
754,-39.224 
754,-22.224 
754,108.062 
755,-7.812 
755,-18.766 
755,-26.432 
755,-19.271 
755,-16.292 
755,128.146 
756,-7.812 
756,-10.417 
756,-16.812 
756,-37.141 
756,-11.792 
756,99.062 
757,-6.641 
757,-18.766 
757,-16.682 
757,-9.391 
757,-7.292 
757,128.146 
758,-6.641 
758,-18.766 
758,-30.932 
758,-32.641 
758,-30.542 
758,101.146 
759,-7.812 
759,-28.516 
759,-35.432 
759,-28.141 
759,-20.141 
759,128.146 
760,-7.812 
760,-28.516 
760,-30.932 
760,-23.771 
760,-39.542 
760,119.146 
761,-7.812 
761,-9.766 
761,-28.516 
761,-57.062 
761,-36.083 
761,100.104 
762,-6.641 
762,-18.766 
762,-37.516 
762,-48.974 
762,-40.974 
762,80.312 
763,-7.812 
763,-14.266 
763,-12.182 
763,-28.271 
763,-20.792 
763,99.062 
764,-6.641 
764,-28.516 
764,-26.432 
764,-32.641 
764,-11.141 
764,101.146 
765,-7.812 
765,-18.766 
765,-12.182 
765,-23.641 
765,-11.792 
765,117.062 
766,-7.812 
766,-28.516 
766,-35.432 
766,-28.141 
766,-26.042 
766,107.312 
767,-7.812 
767,-14.917 
767,-33.146 
767,-39.224 
767,-28.125 
767,107.312 
768,-7.812 
768,-18.766 
768,-12.182 
768,-19.271 
768,-30.542 
768,107.312 
769,-6.641 
769,-28.516 
769,-30.932 
769,-23.771 
769,-37.125 
769,107.312 
770,-7.812 
770,-10.417 
770,-28.646 
770,-48.224 
770,-40.974 
770,99.062 
771,-7.812 
771,-10.417 
771,-7.812 
771,-37.141 
771,-26.042 
771,119.146 
772,-7.812 
772,-9.766 
772,-7.682 
772,-28.271 
772,-37.125 
772,126.062 
773,-6.641 
773,-9.766 
773,-16.682 
773,-4.891 
773,-25.292 
773,99.062 
774,-7.812 
774,-14.266 
774,-12.182 
774,-21.224 
774,-13.224 
774,126.062 
775,-7.812 
775,-9.766 
775,-33.016 
775,-48.062 
775,-40.583 
775,88.271 
776,-7.812 
776,-14.917 
776,-33.146 
776,-25.724 
776,-31.974 
776,80.312 
777,-6.641 
777,-28.516 
777,-35.432 
777,-23.641 
777,-11.141 
777,119.146 
778,-6.641 
778,-9.766 
778,-16.682 
778,-21.224 
778,-34.057 
778,88.271 
779,-6.641 
779,-18.766 
779,-37.516 
779,-30.224 
779,-31.974 
779,117.062 
780,-7.812 
780,-18.766 
780,-25.000 
780,-27.229 
780,-36.083 
780,109.104 
781,-7.812 
781,-18.766 
781,-26.042 
781,-38.021 
781,-35.042 
781,107.312 
782,-7.812 
782,-31.250 
782,-33.016 
782,-25.724 
782,-45.083 
782,88.271 
783,-7.812 
783,-10.417 
783,-28.646 
783,-57.974 
783,-40.974 
783,117.062 
784,-6.641 
784,-14.266 
784,-30.932 
784,-23.641 
784,-31.974 
784,80.312 
785,-7.812 
785,-14.917 
785,-33.146 
785,-39.224 
785,-38.557 
785,88.271 
786,-7.812 
786,-10.417 
786,-26.432 
786,-47.021 
786,-39.542 
786,107.312 
787,-7.812 
787,-14.917 
787,-35.432 
787,-53.474 
787,-32.625 
787,80.312 
788,-6.641 
788,-26.562 
788,-34.000 
788,-27.229 
788,-36.083 
788,88.271 
789,-6.641 
789,-28.516 
789,-30.932 
789,-23.641 
789,-11.141 
789,128.146 
790,-6.641 
790,-8.854 
790,-16.292 
790,-19.271 
790,-20.792 
790,126.062 
791,-6.641 
791,-18.766 
791,-28.516 
791,-44.474 
791,-32.625 
791,107.312 
792,-7.812 
792,-14.917 
792,-30.932 
792,-23.641 
792,-27.474 
792,108.062 
793,-6.641 
793,-18.766 
793,-30.932 
793,-53.474 
793,-40.974 
793,99.062 
794,-7.812 
794,-31.250 
794,-33.016 
794,-44.474 
794,-31.974 
794,108.062 
795,-7.812 
795,-9.766 
795,-28.516 
795,-39.354 
795,-41.625 
795,99.062 
796,-7.812 
796,-10.417 
796,-16.812 
796,-25.333 
796,-35.724 
796,99.062 
797,-7.812 
797,-9.766 
797,-28.516 
797,-39.974 
797,-55.125 
797,80.312 
798,-6.641 
798,-28.516 
798,-26.432 
798,-32.641 
798,-31.974 
798,80.312 
799,-7.812 
799,-10.417 
799,-25.682 
799,-9.391 
799,-11.792 
799,108.062 
800,-7.812 
800,-31.250 
800,-33.016 
800,-30.354 
800,-22.875 
800,108.062 
801,-7.812 
801,-28.516 
801,-35.432 
801,-19.271 
801,-35.042 
801,107.312 
802,-7.812 
802,-31.250 
802,-28.646 
802,-21.224 
802,-54.083 
802,100.104 
803,-7.812 
803,-14.917 
803,-12.312 
803,-37.141 
803,-30.542 
803,80.312 
804,-7.812 
804,-10.417 
804,-28.646 
804,-48.224 
804,-28.125 
804,99.062 
805,-6.641 
805,-8.854 
805,-11.792 
805,-14.021 
805,-20.792 
805,99.062 
806,-6.641 
806,-8.854 
806,-16.292 
806,-28.271 
806,-16.292 
806,101.146 
807,-7.812 
807,-18.766 
807,-12.182 
807,-34.724 
807,-28.125 
807,108.062 
808,-7.812 
808,-31.250 
808,-37.516 
808,-43.562 
808,-40.583 
808,88.271 
809,-7.812 
809,-10.417 
809,-26.432 
809,-19.141 
809,-44.042 
809,107.312 
810,-7.812 
810,-31.250 
810,-46.516 
810,-39.974 
810,-40.974 
810,107.312 
811,-7.812 
811,-10.417 
811,-33.146 
811,-25.333 
811,-45.474 
811,107.312 
812,-7.812 
812,-14.917 
812,-26.432 
812,-44.474 
812,-46.125 
812,108.062 
813,-7.812 
813,-28.516 
813,-35.042 
813,-28.271 
813,-30.542 
813,119.146 
814,-6.641 
814,-18.766 
814,-26.042 
814,-47.021 
814,-39.542 
814,101.146 
815,-7.812 
815,-28.516 
815,-35.432 
815,-23.641 
815,-31.974 
815,80.312 
816,-7.812 
816,-28.516 
816,-35.042 
816,-47.021 
816,-39.542 
816,101.146 
817,-6.641 
817,-9.766 
817,-33.016 
817,-48.062 
817,-40.583 
817,88.271 
818,-7.812 
818,-10.417 
818,-7.682 
818,-13.891 
818,-13.224 
818,117.062 
819,-7.812 
819,-28.516 
819,-26.042 
819,-32.771 
819,-30.542 
819,107.312 
820,-7.812 
820,-28.516 
820,-35.042 
820,-28.271 
820,-30.542 
820,119.146 
821,-7.812 
821,-14.917 
821,-12.312 
821,-23.641 
821,-27.474 
821,107.312 
822,-7.812 
822,-31.250 
822,-46.516 
822,-30.224 
822,-22.224 
822,108.062 
823,-7.812 
823,-10.417 
823,-16.812 
823,-20.833 
823,-13.224 
823,126.062 
824,-6.641 
824,-26.562 
824,-34.000 
824,-48.062 
824,-36.083 
824,100.104 
825,-7.812 
825,-18.766 
825,-16.682 
825,-30.224 
825,-28.125 
825,99.062 
826,-6.641 
826,-9.766 
826,-21.182 
826,-30.224 
826,-22.224 
826,108.062 
827,-7.812 
827,-31.250 
827,-37.516 
827,-34.724 
827,-32.625 
827,108.062 
828,-7.812 
828,-28.516 
828,-35.432 
828,-28.141 
828,-26.042 
828,107.312 
829,-7.812 
829,-14.266 
829,-12.182 
829,-27.229 
829,-19.750 
829,109.104 
830,-6.641 
830,-18.766 
830,-26.432 
830,-28.141 
830,-40.974 
830,117.062 
831,-7.812 
831,-14.917 
831,-26.432 
831,-38.021 
831,-39.542 
831,107.312 
832,-6.641 
832,-8.854 
832,-26.042 
832,-28.271 
832,-39.542 
832,119.146 
833,-6.641 
833,-28.516 
833,-30.932 
833,-23.641 
833,-11.141 
833,128.146 
834,-6.641 
834,-9.766 
834,-11.792 
834,-32.771 
834,-20.792 
834,108.062 
835,-7.812 
835,-10.417 
835,-33.146 
835,-39.224 
835,-32.625 
835,107.312 
836,-7.812 
836,-10.417 
836,-16.812 
836,-19.141 
836,-35.042 
836,107.312 
837,-6.641 
837,-9.766 
837,-16.292 
837,-28.271 
837,-37.125 
837,108.062 
838,-7.812 
838,-14.917 
838,-26.432 
838,-38.021 
838,-39.542 
838,107.312 
839,-6.641 
839,-18.766 
839,-37.516 
839,-30.224 
839,-31.974 
839,117.062 
840,-7.812 
840,-10.417 
840,-26.432 
840,-32.641 
840,-27.474 
840,107.312 
841,-7.812 
841,-18.766 
841,-12.182 
841,-13.891 
841,-22.224 
841,99.062 
842,-7.812 
842,-10.417 
842,-26.432 
842,-39.974 
842,-45.474 
842,80.312 
843,-7.812 
843,-14.266 
843,-12.182 
843,-4.891 
843,-11.141 
843,101.146 
844,-6.641 
844,-8.854 
844,-35.042 
844,-28.271 
844,-37.125 
844,107.312 
845,-7.812 
845,-10.417 
845,-33.146 
845,-25.724 
845,-34.057 
845,88.271 
846,-6.641 
846,-14.266 
846,-30.932 
846,-47.021 
846,-39.542 
846,101.146 
847,-7.812 
847,-28.516 
847,-35.042 
847,-47.021 
847,-39.542 
847,80.312 
848,-6.641 
848,-9.766 
848,-33.016 
848,-25.724 
848,-31.974 
848,108.062 
849,-6.641 
849,-8.854 
849,-26.042 
849,-28.271 
849,-37.125 
849,126.062 
850,-7.812 
850,-28.516 
850,-26.432 
850,-32.641 
850,-25.292 
850,119.146 
851,-7.812 
851,-14.917 
851,-12.182 
851,-21.224 
851,-34.057 
851,88.271 
852,-7.812 
852,-14.917 
852,-12.182 
852,-9.521 
852,-18.375 
852,126.062 
853,-6.641 
853,-8.854 
853,-26.042 
853,-47.021 
853,-39.542 
853,107.312 
854,-7.812 
854,-31.250 
854,-46.516 
854,-30.224 
854,-22.224 
854,100.104 
855,-7.812 
855,-9.766 
855,-7.682 
855,-21.224 
855,-54.083 
855,88.271 
856,-7.812 
856,-18.766 
856,-37.516 
856,-39.974 
856,-28.125 
856,117.062 
857,-7.812 
857,-14.917 
857,-30.932 
857,-28.271 
857,-37.125 
857,107.312 
858,-7.812 
858,-14.917 
858,-35.432 
858,-42.521 
858,-39.542 
858,80.312 
859,-6.641 
859,-14.266 
859,-12.182 
859,-23.641 
859,-27.474 
859,108.062 
860,-7.812 
860,-31.250 
860,-28.516 
860,-39.354 
860,-18.375 
860,99.062 
861,-6.641 
861,-28.516 
861,-26.042 
861,-32.771 
861,-41.625 
861,108.062 
862,-7.812 
862,-31.250 
862,-33.146 
862,-39.224 
862,-31.974 
862,126.062 
863,-7.812 
863,-10.417 
863,-28.646 
863,-48.224 
863,-9.375 
863,105.979 
864,-6.641 
864,-9.766 
864,-33.016 
864,-25.724 
864,-27.375 
864,105.979 
865,-6.641 
865,-18.766 
865,-16.682 
865,-0.521 
865,-16.292 
865,108.062 
866,-7.812 
866,-18.766 
866,-30.932 
866,-53.474 
866,-32.625 
866,80.312 
867,-6.641 
867,-26.562 
867,-34.000 
867,-27.229 
867,-19.750 
867,100.104 
868,-6.641 
868,-9.766 
868,-33.016 
868,-30.354 
868,-22.875 
868,105.979 
869,-6.641 
869,-9.766 
869,-28.516 
869,-34.724 
869,-31.974 
869,80.312 
870,-7.812 
870,-28.516 
870,-30.932 
870,-23.641 
870,-31.974 
870,108.062 
871,-7.812 
871,-18.766 
871,-37.516 
871,-30.224 
871,-40.974 
871,80.312 
872,-7.812 
872,-10.417 
872,-16.812 
872,-23.641 
872,-25.292 
872,119.146 
873,-7.812 
873,-14.917 
873,-12.312 
873,-20.833 
873,-45.474 
873,126.062 
874,-6.641 
874,-8.854 
874,-16.292 
874,-28.271 
874,-20.792 
874,99.062 
875,-6.641 
875,-18.766 
875,-16.682 
875,-0.521 
875,-18.375 
875,108.062 
876,-7.812 
876,-10.417 
876,-33.146 
876,-46.167 
876,-56.557 
876,88.271 
877,-6.641 
877,-28.516 
877,-35.432 
877,-38.021 
877,-39.542 
877,119.146 
878,-7.812 
878,-14.917 
878,-28.646 
878,-25.724 
878,-45.083 
878,109.104 
879,-7.812 
879,-28.516 
879,-30.932 
879,-38.021 
879,-39.542 
879,107.312 
880,-7.812 
880,-28.516 
880,-26.432 
880,-32.641 
880,-35.042 
880,119.146 
881,-7.812 
881,-31.250 
881,-37.646 
881,-25.333 
881,-31.974 
881,99.062 
882,-6.641 
882,-18.766 
882,-28.516 
882,-34.724 
882,-32.625 
882,108.062 
883,-6.641 
883,-14.266 
883,-7.292 
883,-30.354 
883,-41.625 
883,107.312 
884,-6.641 
884,-8.854 
884,-11.792 
884,-32.771 
884,-20.792 
884,108.062 
885,-7.812 
885,-14.917 
885,-26.432 
885,-48.974 
885,-32.625 
885,107.312 
886,-6.641 
886,-8.854 
886,-30.542 
886,-32.771 
886,-39.542 
886,80.312 
887,-7.812 
887,-14.917 
887,-12.312 
887,-23.641 
887,-35.042 
887,119.146 
888,-6.641 
888,-9.766 
888,-16.292 
888,-19.271 
888,-35.042 
888,119.146 
889,-7.812 
889,-14.917 
889,-33.146 
889,-41.667 
889,-34.057 
889,88.271 
890,-7.812 
890,-31.250 
890,-37.516 
890,-34.724 
890,-22.224 
890,109.104 
891,-6.641 
891,-18.766 
891,-7.292 
891,-19.271 
891,-37.125 
891,107.312 
892,-7.812 
892,-14.917 
892,-12.312 
892,-4.891 
892,-16.292 
892,117.062 
893,-7.812 
893,-18.766 
893,-16.682 
893,-25.724 
893,-31.974 
893,107.312 
894,-7.812 
894,-14.917 
894,-26.432 
894,-48.974 
894,-32.625 
894,126.062 
895,-7.812 
895,-31.250 
895,-37.516 
895,-34.724 
895,-43.057 
895,105.979 
896,-7.812 
896,-28.516 
896,-35.432 
896,-28.141 
896,-36.474 
896,107.312 
897,-6.641 
897,-18.766 
897,-16.682 
897,-30.224 
897,-40.974 
897,80.312 
898,-6.641 
898,-14.266 
898,-30.932 
898,-23.641 
898,-27.474 
898,107.312 
899,-7.812 
899,-14.917 
899,-35.432 
899,-23.771 
899,-41.625 
899,99.062 
900,-7.812 
900,-31.250 
900,-37.646 
900,-41.667 
900,-34.057 
900,105.979 
901,-6.641 
901,-9.766 
901,-30.932 
901,-23.771 
901,-39.542 
901,119.146 
902,-6.641 
902,-28.516 
902,-26.432 
902,-48.974 
902,-46.125 
902,108.062 
903,-6.641 
903,-14.266 
903,-12.182 
903,-9.521 
903,-20.792 
903,119.146 
904,-6.641 
904,-18.766 
904,-26.432 
904,-19.271 
904,-35.042 
904,107.312 
905,-7.812 
905,-31.250 
905,-33.016 
905,-30.354 
905,-32.625 
905,107.312 
906,-6.641 
906,-26.562 
906,-34.000 
906,-27.229 
906,-36.083 
906,100.104 
907,-7.812 
907,-28.516 
907,-26.432 
907,-32.641 
907,-11.141 
907,101.146 
908,-6.641 
908,-28.516 
908,-30.932 
908,-44.474 
908,-31.974 
908,107.312 
909,-6.641 
909,-9.766 
909,-16.292 
909,-9.521 
909,-11.792 
909,126.062 
910,-6.641 
910,-18.766 
910,-26.432 
910,-28.141 
910,-20.141 
910,119.146 
911,-6.641 
911,-14.266 
911,-12.182 
911,-4.891 
911,-16.292 
911,119.146 
912,-7.812 
912,-14.917 
912,-35.432 
912,-32.641 
912,-11.792 
912,99.062 
913,-6.641 
913,-8.854 
913,-35.042 
913,-28.271 
913,-20.792 
913,119.146 
914,-6.641 
914,-18.766 
914,-7.292 
914,-9.521 
914,-11.792 
914,119.146 
915,-7.812 
915,-14.917 
915,-33.146 
915,-39.974 
915,-46.125 
915,108.062 
916,-7.812 
916,-14.917 
916,-12.182 
916,-23.641 
916,-44.042 
916,80.312 
917,-6.641 
917,-18.766 
917,-28.516 
917,-44.474 
917,-32.625 
917,107.312 
918,-7.812 
918,-14.266 
918,-12.182 
918,-19.271 
918,-39.542 
918,119.146 
919,-7.812 
919,-10.417 
919,-25.682 
919,-25.724 
919,-31.583 
919,109.104 
920,-6.641 
920,-9.766 
920,-7.682 
920,-19.141 
920,-44.042 
920,107.312 
921,-7.812 
921,-9.766 
921,-29.500 
921,-31.729 
921,-36.083 
921,88.271 
922,-6.641 
922,-14.266 
922,-26.042 
922,-32.771 
922,-39.542 
922,101.146 
923,-6.641 
923,-9.766 
923,-7.682 
923,-28.271 
923,-37.125 
923,126.062 
924,-6.641 
924,-28.516 
924,-26.432 
924,-19.141 
924,-40.974 
924,107.312 
925,-7.812 
925,-10.417 
925,-35.432 
925,-48.974 
925,-28.125 
925,117.062 
926,-7.812 
926,-10.417 
926,-7.812 
926,-19.141 
926,-34.292 
926,108.062 
927,-6.641 
927,-9.766 
927,-37.516 
927,-43.562 
927,-40.583 
927,88.271 
928,-7.812 
928,-28.516 
928,-26.432 
928,-48.974 
928,-31.974 
928,107.312 
929,-7.812 
929,-31.250 
929,-28.646 
929,-34.333 
929,-13.224 
929,117.062 
930,-7.812 
930,-10.417 
930,-26.432 
930,-37.271 
930,-37.125 
930,107.312 
931,-6.641 
931,-28.516 
931,-35.432 
931,-28.141 
931,-20.141 
931,119.146 
932,-6.641 
932,-8.854 
932,-26.042 
932,-28.271 
932,-37.125 
932,126.062 
933,-6.641 
933,-9.766 
933,-16.682 
933,-25.724 
933,-46.125 
933,99.062 
934,-7.812 
934,-9.766 
934,-21.182 
934,-13.891 
934,-11.141 
934,119.146 
935,-7.812 
935,-9.766 
935,-33.016 
935,-44.474 
935,-31.974 
935,107.312 
936,-7.812 
936,-9.766 
936,-34.000 
936,-48.062 
936,-36.083 
936,100.104 
937,-7.812 
937,-10.417 
937,-28.646 
937,-34.333 
937,-13.224 
937,99.062 
938,-6.641 
938,-9.766 
938,-26.432 
938,-37.271 
938,-39.542 
938,80.312 
939,-7.812 
939,-9.766 
939,-7.682 
939,-28.271 
939,-37.125 
939,107.312 
940,-7.812 
940,-10.417 
940,-25.682 
940,-9.391 
940,-7.292 
940,108.062 
941,-7.812 
941,-14.917 
941,-16.682 
941,-13.891 
941,-10.750 
941,100.104 
942,-6.641 
942,-8.854 
942,-16.292 
942,-19.271 
942,-35.042 
942,107.312 
943,-7.812 
943,-14.917 
943,-30.932 
943,-23.641 
943,-11.141 
943,101.146 
944,-7.812 
944,-18.766 
944,-26.432 
944,-19.271 
944,-35.042 
944,107.312 
945,-7.812 
945,-18.766 
945,-12.182 
945,-23.641 
945,-36.474 
945,107.312 
946,-6.641 
946,-9.766 
946,-26.432 
946,-47.021 
946,-35.042 
946,119.146 
947,-6.641 
947,-28.516 
947,-26.432 
947,-48.974 
947,-46.125 
947,107.312 
948,-7.812 
948,-18.766 
948,-37.516 
948,-48.974 
948,-32.625 
948,80.312 
949,-7.812 
949,-14.917 
949,-30.932 
949,-23.641 
949,-44.042 
949,101.146 
950,-7.812 
950,-9.766 
950,-26.432 
950,-32.641 
950,-11.141 
950,119.146 
951,-6.641 
951,-9.766 
951,-7.682 
951,-21.224 
951,-26.724 
951,117.062 
952,-6.641 
952,-18.766 
952,-37.516 
952,-21.354 
952,-41.625 
952,80.312 
953,-7.812 
953,-14.917 
953,-33.146 
953,-25.333 
953,-54.474 
953,99.062 
954,-6.641 
954,-28.516 
954,-26.432 
954,-39.974 
954,-55.125 
954,80.312 
955,-7.812 
955,-10.417 
955,-25.682 
955,-0.521 
955,-18.375 
955,105.979 
956,-7.812 
956,-10.417 
956,-25.682 
956,-30.224 
956,-22.224 
956,108.062 
957,-7.812 
957,-14.917 
957,-30.932 
957,-47.021 
957,-39.542 
957,101.146 
958,-7.812 
958,-14.917 
958,-33.146 
958,-57.974 
958,-32.625 
958,80.312 
959,-7.812 
959,-9.766 
959,-26.432 
959,-32.641 
959,-44.042 
959,101.146 
960,-6.641 
960,-28.516 
960,-35.432 
960,-39.974 
960,-46.125 
960,107.312 
961,-7.812 
961,-10.417 
961,-16.812 
961,-28.141 
961,-30.542 
961,119.146 
962,-6.641 
962,-18.766 
962,-7.292 
962,-9.521 
962,-16.292 
962,128.146 
963,-6.641 
963,-28.516 
963,-35.432 
963,-48.974 
963,-28.125 
963,107.312 
964,-7.812 
964,-14.917 
964,-16.682 
964,-30.224 
964,-22.224 
964,108.062 
965,-7.812 
965,-31.250 
965,-37.646 
965,-39.224 
965,-31.583 
965,100.104 
966,-6.641 
966,-28.516 
966,-26.432 
966,-48.974 
966,-31.974 
966,108.062 
967,-7.812 
967,-9.766 
967,-28.516 
967,-39.354 
967,-18.375 
967,99.062 
968,-7.812 
968,-10.417 
968,-28.646 
968,-21.224 
968,-40.974 
968,107.312 
969,-7.812 
969,-10.417 
969,-7.812 
969,-19.141 
969,-34.292 
969,108.062 
970,-7.812 
970,-10.417 
970,-25.682 
970,-28.141 
970,-11.792 
970,99.062 
971,-7.812 
971,-18.766 
971,-37.516 
971,-30.224 
971,-13.875 
971,105.979 
972,-7.812 
972,-9.766 
972,-34.000 
972,-27.229 
972,-40.583 
972,100.104 
973,-7.812 
973,-14.917 
973,-12.312 
973,-23.641 
973,-11.141 
973,119.146 
974,-7.812 
974,-18.766 
974,-16.682 
974,-9.391 
974,-22.224 
974,99.062 
975,-6.641 
975,-14.266 
975,-12.182 
975,-19.271 
975,-37.125 
975,126.062 
976,-7.812 
976,-10.417 
976,-28.646 
976,-21.224 
976,-26.724 
976,99.062 
977,-7.812 
977,-28.516 
977,-26.432 
977,-39.974 
977,-45.474 
977,99.062 
978,-7.812 
978,-9.766 
978,-26.432 
978,-19.141 
978,-44.042 
978,107.312 
979,-7.812 
979,-18.766 
979,-37.516 
979,-30.224 
979,-38.557 
979,105.979 
980,-6.641 
980,-9.766 
980,-30.932 
980,-23.641 
980,-11.141 
980,128.146 
981,-6.641 
981,-18.766 
981,-37.516 
981,-30.224 
981,-40.974 
981,80.312 
982,-7.812 
982,-14.917 
982,-35.432 
982,-32.641 
982,-20.141 
982,101.146 
983,-6.641 
983,-28.516 
983,-39.932 
983,-42.521 
983,-39.542 
983,101.146 
984,-6.641 
984,-26.562 
984,-34.000 
984,-27.229 
984,-15.250 
984,109.104 
985,-7.812 
985,-18.766 
985,-37.516 
985,-30.224 
985,-22.224 
985,99.062 
986,-6.641 
986,-9.766 
986,-16.682 
986,-28.271 
986,-39.542 
986,101.146 
987,-6.641 
987,-18.766 
987,-12.182 
987,-34.724 
987,-13.875 
987,105.979 
988,-6.641 
988,-14.266 
988,-30.932 
988,-28.271 
988,-37.125 
988,107.312 
989,-7.812 
989,-14.917 
989,-33.146 
989,-57.974 
989,-32.625 
989,99.062 
990,-7.812 
990,-14.917 
990,-26.432 
990,-38.021 
990,-39.542 
990,128.146 
991,-6.641 
991,-9.766 
991,-28.516 
991,-48.974 
991,-31.974 
991,107.312 
992,-7.812 
992,-14.917 
992,-33.146 
992,-25.724 
992,-46.125 
992,80.312 
993,-6.641 
993,-9.766 
993,-7.682 
993,-19.141 
993,-40.974 
993,108.062 
994,-7.812 
994,-10.417 
994,-7.812 
994,-19.141 
994,-44.042 
994,107.312 
995,-6.641 
995,-18.766 
995,-37.516 
995,-30.224 
995,-28.125 
995,99.062 
996,-7.812 
996,-14.917 
996,-33.146 
996,-39.224 
996,-31.974 
996,107.312 
997,-7.812 
997,-14.917 
997,-28.646 
997,-25.724 
997,-34.057 
997,88.271 
998,-7.812 
998,-10.417 
998,-16.812 
998,-25.333 
998,-13.224 
998,100.104 
999,-7.812 
999,-14.917 
999,-26.432 
999,-23.641 
999,-25.292 
999,128.146 
1000,-7.812 
1000,-18.766 
1000,-37.516 
1000,-30.224 
1000,-27.083 
1000,88.271 
1001,-7.812 
1001,-28.516 
1001,-35.432 
1001,-28.271 
1001,-37.125 
1001,107.312 
1002,-7.812 
1002,-10.417 
1002,-7.812 
1002,-29.833 
1002,-35.724 
1002,108.062 
1003,-7.812 
1003,-9.766 
1003,-16.682 
1003,-23.641 
1003,-44.042 
1003,80.312 
1004,-7.812 
1004,-9.766 
1004,-28.516 
1004,-34.724 
1004,-45.083 
1004,100.104 
1005,-7.812 
1005,-31.250 
1005,-33.016 
1005,-48.062 
1005,-40.583 
1005,88.271 
1006,-7.812 
1006,-18.766 
1006,-37.516 
1006,-30.224 
1006,-22.224 
1006,99.062 
1007,-7.812 
1007,-9.766 
1007,-26.042 
1007,-28.271 
1007,-37.125 
1007,117.062 
1008,-7.812 
1008,-10.417 
1008,-16.812 
1008,-19.141 
1008,-35.042 
1008,128.146 
1009,-7.812 
1009,-18.766 
1009,-12.182 
1009,-30.224 
1009,-43.057 
1009,105.979 
1010,-7.812 
1010,-10.417 
1010,-26.432 
1010,-39.974 
1010,-45.474 
1010,80.312 
1011,-7.812 
1011,-9.766 
1011,-21.182 
1011,-30.224 
1011,-43.057 
1011,88.271 
1012,-6.641 
1012,-28.516 
1012,-39.932 
1012,-23.771 
1012,-41.625 
1012,99.062 
1013,-7.812 
1013,-9.766 
1013,-16.682 
1013,-23.641 
1013,-35.042 
1013,119.146 
1014,-6.641 
1014,-9.766 
1014,-16.682 
1014,-9.521 
1014,-20.792 
1014,99.062 
1015,-7.812 
1015,-31.250 
1015,-28.516 
1015,-39.974 
1015,-55.125 
1015,80.312 
1016,-7.812 
1016,-10.417 
1016,-35.432 
1016,-28.141 
1016,-7.292 
1016,126.062 
1017,-7.812 
1017,-18.766 
1017,-16.682 
1017,-18.229 
1017,-36.083 
1017,88.271 
1018,-6.641 
1018,-18.766 
1018,-16.682 
1018,-19.271 
1018,-26.042 
1018,107.312 
1019,-6.641 
1019,-9.766 
1019,-7.682 
1019,-13.891 
1019,-13.224 
1019,100.104 
1020,-7.812 
1020,-31.250 
1020,-33.146 
1020,-25.333 
1020,-45.474 
1020,126.062 
1021,-6.641 
1021,-9.766 
1021,-34.000 
1021,-27.229 
1021,-15.250 
1021,109.104 
1022,-6.641 
1022,-9.766 
1022,-29.500 
1022,-31.729 
1022,-36.083 
1022,88.271 
1023,-7.812 
1023,-18.766 
1023,-16.682 
1023,-28.141 
1023,-20.141 
1023,101.146 
1024,-6.641 
1024,-9.766 
1024,-16.682 
1024,-23.641 
1024,-25.292 
1024,99.062 
1025,-7.812 
1025,-9.766 
1025,-33.016 
1025,-25.724 
1025,-27.375 
1025,126.062 
1026,-7.812 
1026,-14.266 
1026,-30.932 
1026,-28.271 
1026,-37.125 
1026,107.312 
1027,-7.812 
1027,-9.766 
1027,-7.682 
1027,-28.141 
1027,-11.141 
1027,128.146 
1028,-6.641 
1028,-9.766 
1028,-16.292 
1028,-30.354 
1028,-41.625 
1028,80.312 
1029,-7.812 
1029,-14.917 
1029,-12.182 
1029,-27.229 
1029,-19.750 
1029,109.104 
1030,-7.812 
1030,-9.766 
1030,-16.292 
1030,-28.271 
1030,-20.792 
1030,99.062 
1031,-7.812 
1031,-10.417 
1031,-16.812 
1031,-4.891 
1031,-8.724 
1031,109.104 
1032,-6.641 
1032,-9.766 
1032,-7.682 
1032,-21.224 
1032,-36.375 
1032,108.062 
1033,-6.641 
1033,-28.516 
1033,-30.542 
1033,-32.771 
1033,-20.792 
1033,99.062 
1034,-7.812 
1034,-14.266 
1034,-26.042 
1034,-32.771 
1034,-39.542 
1034,80.312 
1035,-7.812 
1035,-31.250 
1035,-33.016 
1035,-48.062 
1035,-40.583 
1035,88.271 
1036,-6.641 
1036,-9.766 
1036,-7.682 
1036,-0.391 
1036,-22.224 
1036,126.062 
1037,-6.641 
1037,-14.266 
1037,-30.932 
1037,-28.271 
1037,-20.792 
1037,108.062 
1038,-6.641 
1038,-9.766 
1038,-21.182 
1038,-5.021 
1038,-22.875 
1038,105.979 
1039,-7.812 
1039,-9.766 
1039,-21.182 
1039,-13.891 
1039,-17.724 
1039,108.062 
1040,-7.812 
1040,-18.766 
1040,-7.292 
1040,-9.521 
1040,-11.792 
1040,117.062 
1041,-7.812 
1041,-10.417 
1041,-7.812 
1041,-37.141 
1041,-36.474 
1041,126.062 
1042,-7.812 
1042,-31.250 
1042,-33.016 
1042,-25.724 
1042,-45.083 
1042,109.104 
1043,-7.812 
1043,-18.766 
1043,-37.516 
1043,-39.062 
1043,-36.083 
1043,88.271 
1044,-7.812 
1044,-10.417 
1044,-35.432 
1044,-38.021 
1044,-39.542 
1044,107.312 
1045,-7.812 
1045,-31.250 
1045,-33.016 
1045,-25.724 
1045,-45.083 
1045,109.104 
1046,-6.641 
1046,-9.766 
1046,-16.292 
1046,-30.354 
1046,-37.125 
1046,99.062 
1047,-6.641 
1047,-9.766 
1047,-28.516 
1047,-34.724 
1047,-27.375 
1047,105.979 
1048,-7.812 
1048,-28.516 
1048,-26.432 
1048,-39.974 
1048,-45.474 
1048,80.312 
1049,-7.812 
1049,-14.917 
1049,-12.182 
1049,-9.521 
1049,-11.792 
1049,119.146 
1050,-6.641 
1050,-9.766 
1050,-33.016 
1050,-30.354 
1050,-22.875 
1050,126.062 
1051,-7.812 
1051,-10.417 
1051,-26.432 
1051,-19.141 
1051,-34.292 
1051,108.062 
1052,-6.641 
1052,-9.766 
1052,-7.682 
1052,-13.891 
1052,-16.292 
1052,119.146 
1053,-7.812 
1053,-9.766 
1053,-26.432 
1053,-47.021 
1053,-35.042 
1053,119.146 
1054,-7.812 
1054,-10.417 
1054,-28.646 
1054,-21.224 
1054,-26.724 
1054,117.062 
1055,-7.812 
1055,-31.250 
1055,-28.516 
1055,-39.354 
1055,-41.625 
1055,99.062 
1056,-6.641 
1056,-26.562 
1056,-34.000 
1056,-27.229 
1056,-36.083 
1056,88.271 
1057,-6.641 
1057,-9.766 
1057,-30.932 
1057,-23.641 
1057,-31.974 
1057,107.312 
1058,-7.812 
1058,-14.266 
1058,-30.932 
1058,-23.641 
1058,-11.141 
1058,119.146 
1059,-7.812 
1059,-28.516 
1059,-26.432 
1059,-19.141 
1059,-40.974 
1059,108.062 
1060,-6.641 
1060,-28.516 
1060,-35.042 
1060,-28.271 
1060,-39.542 
1060,101.146 
1061,-6.641 
1061,-18.766 
1061,-26.432 
1061,-44.474 
1061,-32.625 
1061,126.062 
1062,-7.812 
1062,-10.417 
1062,-7.682 
1062,-28.141 
1062,-31.974 
1062,108.062 
1063,-6.641 
1063,-28.516 
1063,-35.432 
1063,-28.141 
1063,-30.542 
1063,119.146 
1064,-7.812 
1064,-10.417 
1064,-25.682 
1064,-0.521 
1064,-16.292 
1064,108.062 
1065,-7.812 
1065,-14.917 
1065,-33.146 
1065,-39.974 
1065,-31.974 
1065,107.312 
1066,-6.641 
1066,-28.516 
1066,-30.932 
1066,-38.021 
1066,-39.542 
1066,128.146 
1067,-7.812 
1067,-31.250 
1067,-37.646 
1067,-57.974 
1067,-32.625 
1067,80.312 
1068,-6.641 
1068,-9.766 
1068,-7.682 
1068,-18.521 
1068,-16.292 
1068,128.146 
1069,-6.641 
1069,-8.854 
1069,-16.292 
1069,-28.271 
1069,-16.292 
1069,101.146 
1070,-7.812 
1070,-31.250 
1070,-33.016 
1070,-25.724 
1070,-27.375 
1070,105.979 
1071,-7.812 
1071,-31.250 
1071,-33.146 
1071,-44.474 
1071,-31.974 
1071,107.312 
1072,-7.812 
1072,-10.417 
1072,-26.432 
1072,-32.641 
1072,-44.042 
1072,101.146 
1073,-7.812 
1073,-18.766 
1073,-7.292 
1073,-9.521 
1073,-7.292 
1073,128.146 
1074,-7.812 
1074,-28.516 
1074,-35.432 
1074,-19.271 
1074,-37.125 
1074,107.312 
1075,-6.641 
1075,-18.766 
1075,-26.432 
1075,-28.141 
1075,-30.542 
1075,119.146 
1076,-7.812 
1076,-14.266 
1076,-12.182 
1076,-21.224 
1076,-27.375 
1076,108.062 
1077,-7.812 
1077,-9.766 
1077,-28.516 
1077,-39.354 
1077,-37.125 
1077,108.062 
1078,-7.812 
1078,-18.766 
1078,-26.432 
1078,-38.021 
1078,-39.542 
1078,107.312 
1079,-6.641 
1079,-9.766 
1079,-16.682 
1079,-4.891 
1079,-8.724 
1079,126.062 
1080,-7.812 
1080,-14.917 
1080,-12.182 
1080,-25.724 
1080,-27.375 
1080,105.979 
1081,-7.812 
1081,-18.766 
1081,-25.000 
1081,-27.229 
1081,-19.750 
1081,109.104 
1082,-6.641 
1082,-28.516 
1082,-30.542 
1082,-32.771 
1082,-41.625 
1082,80.312 
1083,-7.812 
1083,-10.417 
1083,-7.812 
1083,-19.141 
1083,-34.292 
1083,108.062 
1084,-7.812 
1084,-9.766 
1084,-26.042 
1084,-32.771 
1084,-41.625 
1084,108.062 
1085,-6.641 
1085,-28.516 
1085,-30.932 
1085,-32.641 
1085,-40.974 
1085,117.062 
1086,-6.641 
1086,-28.516 
1086,-30.932 
1086,-32.641 
1086,-30.542 
1086,119.146 
1087,-7.812 
1087,-31.250 
1087,-28.646 
1087,-34.333 
1087,-31.974 
1087,99.062 
1088,-6.641 
1088,-9.766 
1088,-7.682 
1088,-30.224 
1088,-27.375 
1088,105.979 
1089,-7.812 
1089,-31.250 
1089,-28.516 
1089,-39.354 
1089,-41.625 
1089,99.062 
1090,-6.641 
1090,-9.766 
1090,-26.042 
1090,-42.521 
1090,-39.542 
1090,107.312 
1091,-6.641 
1091,-18.766 
1091,-25.000 
1091,-48.062 
1091,-36.083 
1091,100.104 
1092,-7.812 
1092,-14.917 
1092,-16.682 
1092,-34.724 
1092,-31.583 
1092,100.104 
1093,-7.812 
1093,-31.250 
1093,-28.646 
1093,-21.224 
1093,-36.375 
1093,99.062 
1094,-7.812 
1094,-14.917 
1094,-30.932 
1094,-23.641 
1094,-31.974 
1094,99.062 
1095,-6.641 
1095,-9.766 
1095,-37.516 
1095,-34.724 
1095,-43.057 
1095,88.271 
1096,-7.812 
1096,-9.766 
1096,-33.016 
1096,-30.354 
1096,-22.875 
1096,126.062 
1097,-6.641 
1097,-9.766 
1097,-34.000 
1097,-27.229 
1097,-36.083 
1097,88.271 
1098,-6.641 
1098,-18.766 
1098,-26.042 
1098,-28.271 
1098,-37.125 
1098,108.062 
1099,-7.812 
1099,-9.766 
1099,-16.682 
1099,-27.229 
1099,-19.750 
1099,100.104 
1100,-7.812 
1100,-31.250 
1100,-33.146 
1100,-25.724 
1100,-34.057 
1100,88.271 
1101,-7.812 
1101,-14.266 
1101,-28.516 
1101,-44.474 
1101,-31.974 
1101,108.062 
1102,-7.812 
1102,-10.417 
1102,-7.812 
1102,-19.141 
1102,-24.641 
1102,119.146 
1103,-6.641 
1103,-9.766 
1103,-26.432 
1103,-32.641 
1103,-25.292 
1103,99.062 
1104,-7.812 
1104,-31.250 
1104,-33.146 
1104,-25.333 
1104,-45.474 
1104,107.312 
1105,-6.641 
1105,-14.266 
1105,-7.292 
1105,-32.771 
1105,-20.792 
1105,119.146 
1106,-7.812 
1106,-10.417 
1106,-25.682 
1106,-9.391 
1106,-7.292 
1106,108.062 
1107,-6.641 
1107,-9.766 
1107,-26.432 
1107,-32.641 
1107,-35.042 
1107,107.312 
1108,-6.641 
1108,-28.516 
1108,-39.932 
1108,-42.521 
1108,-39.542 
1108,101.146 
1109,-7.812 
1109,-10.417 
1109,-35.432 
1109,-19.271 
1109,-35.042 
1109,128.146 
1110,-7.812 
1110,-14.266 
1110,-12.182 
1110,-23.641 
1110,-44.042 
1110,101.146 
1111,-7.812 
1111,-14.917 
1111,-16.682 
1111,-34.724 
1111,-38.557 
1111,105.979 
1112,-6.641 
1112,-18.766 
1112,-16.682 
1112,-19.141 
1112,-36.474 
1112,126.062 
1113,-6.641 
1113,-9.766 
1113,-37.516 
1113,-34.724 
1113,-32.625 
1113,108.062 
1114,-6.641 
1114,-8.854 
1114,-26.042 
1114,-42.521 
1114,-39.542 
1114,107.312 
1115,-6.641 
1115,-8.854 
1115,-30.542 
1115,-51.521 
1115,-39.542 
1115,80.312 
1116,-7.812 
1116,-31.250 
1116,-28.646 
1116,-48.224 
1116,-9.375 
1116,99.062 
1117,-7.812 
1117,-10.417 
1117,-28.646 
1117,-48.224 
1117,-40.974 
1117,80.312 
1118,-7.812 
1118,-28.516 
1118,-35.432 
1118,-44.474 
1118,-32.625 
1118,126.062 
1119,-7.812 
1119,-31.250 
1119,-37.516 
1119,-44.474 
1119,-32.625 
1119,107.312 
1120,-6.641 
1120,-9.766 
1120,-16.292 
1120,-9.521 
1120,-18.375 
1120,126.062 
1121,-7.812 
1121,-10.417 
1121,-35.432 
1121,-28.141 
1121,-20.141 
1121,119.146 
1122,-7.812 
1122,-9.766 
1122,-16.682 
1122,-23.641 
1122,-11.141 
1122,101.146 
1123,-7.812 
1123,-18.766 
1123,-12.182 
1123,-30.224 
1123,-31.974 
1123,126.062 
1124,-6.641 
1124,-28.516 
1124,-30.932 
1124,-23.641 
1124,-31.974 
1124,107.312 
1125,-7.812 
1125,-18.766 
1125,-7.292 
1125,-9.521 
1125,-20.792 
1125,119.146 
1126,-7.812 
1126,-10.417 
1126,-7.682 
1126,-36.229 
1126,-36.083 
1126,109.104 
1127,-7.812 
1127,-9.766 
1127,-26.042 
1127,-28.271 
1127,-37.125 
1127,107.312 
1128,-7.812 
1128,-9.766 
1128,-7.682 
1128,-0.391 
1128,-22.224 
1128,109.104 
1129,-6.641 
1129,-8.854 
1129,-26.042 
1129,-28.271 
1129,-37.125 
1129,117.062 
1130,-7.812 
1130,-28.516 
1130,-30.932 
1130,-32.641 
1130,-20.141 
1130,128.146 
1131,-7.812 
1131,-31.250 
1131,-28.646 
1131,-48.224 
1131,-22.224 
1131,108.062 
1132,-7.812 
1132,-31.250 
1132,-28.516 
1132,-21.224 
1132,-46.125 
1132,107.312 
1133,-7.812 
1133,-10.417 
1133,-28.646 
1133,-34.333 
1133,-13.224 
1133,99.062 
1134,-7.812 
1134,-14.917 
1134,-26.432 
1134,-38.021 
1134,-39.542 
1134,128.146 
1135,-6.641 
1135,-18.766 
1135,-7.292 
1135,-23.771 
1135,-41.625 
1135,107.312 
1136,-6.641 
1136,-26.562 
1136,-34.000 
1136,-27.229 
1136,-19.750 
1136,100.104 
1137,-6.641 
1137,-9.766 
1137,-37.516 
1137,-25.854 
1137,-41.625 
1137,107.312 
1138,-6.641 
1138,-18.766 
1138,-37.516 
1138,-39.974 
1138,-40.974 
1138,117.062 
1139,-7.812 
1139,-31.250 
1139,-33.146 
1139,-25.333 
1139,-45.474 
1139,107.312 
1140,-6.641 
1140,-9.766 
1140,-26.432 
1140,-48.974 
1140,-31.974 
1140,108.062 
1141,-6.641 
1141,-8.854 
1141,-16.292 
1141,-23.771 
1141,-41.625 
1141,107.312 
1142,-7.812 
1142,-14.917 
1142,-12.312 
1142,-23.641 
1142,-35.042 
1142,107.312 
1143,-6.641 
1143,-14.266 
1143,-26.042 
1143,-51.521 
1143,-39.542 
1143,101.146 
1144,-6.641 
1144,-18.766 
1144,-26.432 
1144,-28.141 
1144,-20.141 
1144,119.146 
1145,-7.812 
1145,-28.516 
1145,-30.932 
1145,-32.641 
1145,-20.141 
1145,119.146 
1146,-7.812 
1146,-9.766 
1146,-26.432 
1146,-37.271 
1146,-39.542 
1146,101.146 
1147,-7.812 
1147,-18.766 
1147,-16.682 
1147,-9.391 
1147,-11.792 
1147,99.062 
1148,-7.812 
1148,-18.766 
1148,-12.182 
1148,-5.021 
1148,-20.792 
1148,108.062 
1149,-7.812 
1149,-31.250 
1149,-28.646 
1149,-21.224 
1149,-46.125 
1149,117.062 
1150,-6.641 
1150,-26.562 
1150,-34.000 
1150,-27.229 
1150,-36.083 
1150,100.104 
1151,-7.812 
1151,-9.766 
1151,-30.932 
1151,-23.771 
1151,-37.125 
1151,126.062 
1152,-7.812 
1152,-10.417 
1152,-16.812 
1152,-20.833 
1152,-45.474 
1152,107.312 
1153,-7.812 
1153,-14.917 
1153,-35.432 
1153,-53.474 
1153,-32.625 
1153,99.062 
1154,-7.812 
1154,-14.917 
1154,-16.682 
1154,-30.224 
1154,-13.875 
1154,126.062 
1155,-7.812 
1155,-14.917 
1155,-12.312 
1155,-25.333 
1155,-27.474 
1155,107.312 
1156,-7.812 
1156,-14.917 
1156,-33.146 
1156,-39.974 
1156,-46.125 
1156,108.062 
1157,-7.812 
1157,-9.766 
1157,-28.516 
1157,-21.224 
1157,-40.974 
1157,107.312 
1158,-7.812 
1158,-31.250 
1158,-33.016 
1158,-25.724 
1158,-45.083 
1158,109.104 
1159,-7.812 
1159,-14.266 
1159,-7.292 
1159,-32.771 
1159,-37.125 
1159,108.062 
1160,-7.812 
1160,-9.766 
1160,-26.042 
1160,-28.271 
1160,-35.042 
1160,119.146 
1161,-6.641 
1161,-28.516 
1161,-26.042 
1161,-47.021 
1161,-35.042 
1161,107.312 
1162,-7.812 
1162,-18.766 
1162,-26.432 
1162,-28.141 
1162,-26.042 
1162,107.312 
1163,-6.641 
1163,-8.854 
1163,-26.042 
1163,-42.521 
1163,-39.542 
1163,128.146 
1164,-6.641 
1164,-9.766 
1164,-30.932 
1164,-38.021 
1164,-39.542 
1164,107.312 
1165,-6.641 
1165,-14.266 
1165,-26.042 
1165,-51.521 
1165,-39.542 
1165,80.312 
1166,-7.812 
1166,-14.917 
1166,-26.432 
1166,-32.641 
1166,-40.974 
1166,107.312 
1167,-7.812 
1167,-28.516 
1167,-30.932 
1167,-23.641 
1167,-25.292 
1167,128.146 
1168,-7.812 
1168,-9.766 
1168,-37.516 
1168,-25.854 
1168,-32.625 
1168,126.062 
1169,-6.641 
1169,-9.766 
1169,-16.292 
1169,-9.521 
1169,-22.875 
1169,117.062 
1170,-7.812 
1170,-9.766 
1170,-16.682 
1170,-25.724 
1170,-31.974 
1170,80.312 
1171,-7.812 
1171,-28.516 
1171,-35.432 
1171,-28.141 
1171,-30.542 
1171,107.312 
1172,-7.812 
1172,-14.917 
1172,-12.312 
1172,-19.141 
1172,-35.042 
1172,128.146 
1173,-6.641 
1173,-18.766 
1173,-28.516 
1173,-34.724 
1173,-13.875 
1173,105.979 
1174,-6.641 
1174,-9.766 
1174,-7.682 
1174,-18.521 
1174,-16.292 
1174,108.062 
1175,-7.812 
1175,-31.250 
1175,-37.646 
1175,-25.333 
1175,-27.474 
1175,108.062 
1176,-7.812 
1176,-18.766 
1176,-16.682 
1176,-9.391 
1176,-7.292 
1176,101.146 
1177,-6.641 
1177,-9.766 
1177,-28.516 
1177,-39.974 
1177,-45.474 
1177,99.062 
1178,-6.641 
1178,-18.766 
1178,-12.182 
1178,-30.224 
1178,-22.224 
1178,108.062 
1179,-7.812 
1179,-14.266 
1179,-12.182 
1179,-21.224 
1179,-37.125 
1179,107.312 
1180,-7.812 
1180,-31.250 
1180,-33.146 
1180,-25.724 
1180,-27.375 
1180,105.979 
1181,-7.812 
1181,-28.516 
1181,-26.042 
1181,-47.021 
1181,-39.542 
1181,119.146 
1182,-7.812 
1182,-14.917 
1182,-26.432 
1182,-44.474 
1182,-31.974 
1182,108.062 
1183,-6.641 
1183,-18.766 
1183,-28.516 
1183,-34.724 
1183,-31.974 
1183,126.062 
1184,-7.812 
1184,-18.766 
1184,-7.292 
1184,-19.271 
1184,-37.125 
1184,126.062 
1185,-7.812 
1185,-31.250 
1185,-28.516 
1185,-21.224 
1185,-43.057 
1185,105.979 
1186,-6.641 
1186,-8.854 
1186,-30.542 
1186,-32.771 
1186,-39.542 
1186,101.146 
1187,-6.641 
1187,-18.766 
1187,-12.182 
1187,-34.724 
1187,-38.557 
1187,105.979 
1188,-6.641 
1188,-9.766 
1188,-21.182 
1188,-5.021 
1188,-11.792 
1188,126.062 
1189,-6.641 
1189,-18.766 
1189,-7.292 
1189,-9.521 
1189,-20.792 
1189,99.062 
1190,-6.641 
1190,-18.766 
1190,-37.516 
1190,-39.062 
1190,-40.583 
1190,88.271 
1191,-7.812 
1191,-18.766 
1191,-7.292 
1191,-28.271 
1191,-16.292 
1191,108.062 
1192,-7.812 
1192,-14.917 
1192,-12.312 
1192,-20.833 
1192,-13.224 
1192,109.104 
1193,-7.812 
1193,-31.250 
1193,-28.516 
1193,-34.724 
1193,-31.974 
1193,99.062 
1194,-6.641 
1194,-9.766 
1194,-26.042 
1194,-28.271 
1194,-37.125 
1194,107.312 
1195,-7.812 
1195,-28.516 
1195,-35.042 
1195,-28.271 
1195,-20.792 
1195,99.062 
1196,-7.812 
1196,-18.766 
1196,-12.182 
1196,-34.724 
1196,-38.557 
1196,88.271 
1197,-7.812 
1197,-9.766 
1197,-16.682 
1197,-4.891 
1197,-8.724 
1197,126.062 
1198,-6.641 
1198,-9.766 
1198,-28.516 
1198,-21.224 
1198,-26.724 
1198,99.062 
1199,-6.641 
1199,-28.516 
1199,-35.432 
1199,-47.021 
1199,-39.542 
1199,80.312 
1200,-7.812 
1200,-10.417 
1200,-26.432 
1200,-19.141 
1200,-40.974 
1200,107.312 
1201,-7.812 
1201,-14.917 
1201,-12.312 
1201,-28.141 
1201,-11.792 
1201,126.062 
1202,-6.641 
1202,-14.266 
1202,-28.516 
1202,-25.724 
1202,-27.375 
1202,108.062 
1203,-6.641 
1203,-18.766 
1203,-16.682 
1203,-19.141 
1203,-7.292 
1203,126.062 
1204,-7.812 
1204,-14.266 
1204,-30.932 
1204,-28.271 
1204,-37.125 
1204,107.312 
1205,-7.812 
1205,-14.917 
1205,-26.432 
1205,-38.021 
1205,-39.542 
1205,128.146 
1206,-6.641 
1206,-28.516 
1206,-35.432 
1206,-28.141 
1206,-26.042 
1206,107.312 
1207,-7.812 
1207,-10.417 
1207,-33.146 
1207,-46.167 
1207,-34.057 
1207,88.271 
1208,-7.812 
1208,-18.766 
1208,-25.000 
1208,-48.062 
1208,-36.083 
1208,100.104 
1209,-7.812 
1209,-10.417 
1209,-33.146 
1209,-25.724 
1209,-27.375 
1209,108.062 
1210,-7.812 
1210,-31.250 
1210,-37.646 
1210,-57.974 
1210,-40.974 
1210,99.062 
1211,-7.812 
1211,-9.766 
1211,-21.182 
1211,-5.021 
1211,-18.375 
1211,126.062 
1212,-7.812 
1212,-14.917 
1212,-12.312 
1212,-19.141 
1212,-31.974 
1212,108.062 
1213,-7.812 
1213,-10.417 
1213,-7.812 
1213,-37.141 
1213,-26.042 
1213,119.146 
1214,-6.641 
1214,-9.766 
1214,-30.932 
1214,-44.474 
1214,-31.974 
1214,107.312 
1215,-7.812 
1215,-10.417 
1215,-26.432 
1215,-32.641 
1215,-27.474 
1215,107.312 
1216,-7.812 
1216,-14.917 
1216,-12.182 
1216,-21.224 
1216,-31.974 
1216,108.062 
1217,-7.812 
1217,-10.417 
1217,-35.432 
1217,-44.474 
1217,-40.974 
1217,107.312 
1218,-6.641 
1218,-26.562 
1218,-34.000 
1218,-48.062 
1218,-36.083 
1218,88.271 
1219,-7.812 
1219,-14.917 
1219,-30.932 
1219,-39.974 
1219,-46.125 
1219,108.062 
1220,-7.812 
1220,-14.917 
1220,-28.646 
1220,-25.333 
1220,-13.224 
1220,126.062 
1221,-6.641 
1221,-14.266 
1221,-25.000 
1221,-48.062 
1221,-40.583 
1221,109.104 
1222,-7.812 
1222,-14.917 
1222,-12.312 
1222,-25.333 
1222,-13.224 
1222,100.104 
1223,-7.812 
1223,-18.766 
1223,-26.042 
1223,-28.271 
1223,-16.292 
1223,101.146 
1224,-6.641 
1224,-9.766 
1224,-34.000 
1224,-43.562 
1224,-40.583 
1224,88.271 
1225,-7.812 
1225,-14.917 
1225,-12.312 
1225,-37.141 
1225,-30.542 
1225,80.312 
1226,-6.641 
1226,-18.766 
1226,-16.682 
1226,-19.271 
1226,-39.542 
1226,80.312 
1227,-7.812 
1227,-18.766 
1227,-26.042 
1227,-28.271 
1227,-16.292 
1227,108.062 
1228,-6.641 
1228,-14.266 
1228,-30.932 
1228,-23.641 
1228,-27.474 
1228,107.312 
1229,-6.641 
1229,-18.766 
1229,-28.516 
1229,-25.854 
1229,-41.625 
1229,107.312 
1230,-7.812 
1230,-10.417 
1230,-16.812 
1230,-37.141 
1230,-20.141 
1230,101.146 
1231,-7.812 
1231,-10.417 
1231,-35.432 
1231,-28.141 
1231,-36.474 
1231,126.062 
1232,-7.812 
1232,-10.417 
1232,-7.682 
1232,-28.271 
1232,-35.042 
1232,128.146 
1233,-7.812 
1233,-10.417 
1233,-16.812 
1233,-25.333 
1233,-13.224 
1233,99.062 
1234,-7.812 
1234,-9.766 
1234,-29.500 
1234,-31.729 
1234,-40.583 
1234,100.104 
1235,-6.641 
1235,-18.766 
1235,-37.516 
1235,-30.224 
1235,-13.875 
1235,105.979 
1236,-7.812 
1236,-9.766 
1236,-30.932 
1236,-23.641 
1236,-25.292 
1236,108.062 
1237,-7.812 
1237,-10.417 
1237,-33.146 
1237,-25.333 
1237,-45.474 
1237,126.062 
1238,-6.641 
1238,-9.766 
1238,-30.932 
1238,-44.474 
1238,-31.974 
1238,107.312 
1239,-7.812 
1239,-10.417 
1239,-16.812 
1239,-23.641 
1239,-44.042 
1239,101.146 
1240,-7.812 
1240,-10.417 
1240,-35.432 
1240,-19.271 
1240,-16.292 
1240,126.062 
1241,-7.812 
1241,-10.417 
1241,-16.812 
1241,-4.500 
1241,-6.641 
1241,128.146 
1242,-7.812 
1242,-31.250 
1242,-37.646 
1242,-39.974 
1242,-31.974 
1242,108.062 
1243,-7.812 
1243,-14.917 
1243,-12.312 
1243,-23.641 
1243,-35.042 
1243,119.146 
1244,-7.812 
1244,-28.516 
1244,-39.932 
1244,-32.641 
1244,-30.542 
1244,80.312 
1245,-7.812 
1245,-10.417 
1245,-33.146 
1245,-48.974 
1245,-32.625 
1245,107.312 
1246,-6.641 
1246,-8.854 
1246,-35.042 
1246,-28.271 
1246,-20.792 
1246,119.146 
1247,-6.641 
1247,-9.766 
1247,-7.682 
1247,-21.224 
1247,-36.375 
1247,99.062 
1248,-7.812 
1248,-10.417 
1248,-16.812 
1248,-20.833 
1248,-13.224 
1248,109.104 
1249,-7.812 
1249,-10.417 
1249,-25.682 
1249,-19.271 
1249,-37.125 
1249,107.312 
1250,-7.812 
1250,-18.766 
1250,-37.516 
1250,-39.974 
1250,-40.974 
1250,107.312 
1251,-7.812 
1251,-10.417 
1251,-16.812 
1251,-18.391 
1251,-17.724 
1251,108.062 
1252,-7.812 
1252,-28.516 
1252,-35.432 
1252,-28.271 
1252,-30.542 
1252,107.312 
1253,-6.641 
1253,-9.766 
1253,-26.042 
1253,-42.521 
1253,-39.542 
1253,107.312 
1254,-7.812 
1254,-10.417 
1254,-25.682 
1254,-18.229 
1254,-36.083 
1254,100.104 
1255,-7.812 
1255,-18.766 
1255,-26.432 
1255,-28.141 
1255,-40.974 
1255,117.062 
1256,-7.812 
1256,-31.250 
1256,-37.646 
1256,-25.333 
1256,-35.724 
1256,99.062 
1257,-7.812 
1257,-9.766 
1257,-34.000 
1257,-27.229 
1257,-36.083 
1257,100.104 
1258,-6.641 
1258,-28.516 
1258,-26.432 
1258,-48.974 
1258,-31.974 
1258,107.312 
1259,-6.641 
1259,-8.854 
1259,-16.292 
1259,-9.521 
1259,-18.375 
1259,99.062 
1260,-7.812 
1260,-10.417 
1260,-7.682 
1260,-19.141 
1260,-44.042 
1260,119.146 
1261,-6.641 
1261,-9.766 
1261,-7.682 
1261,-13.891 
1261,-13.224 
1261,99.062 
1262,-6.641 
1262,-9.766 
1262,-34.000 
1262,-27.229 
1262,-36.083 
1262,109.104 
1263,-7.812 
1263,-28.516 
1263,-35.432 
1263,-38.021 
1263,-39.542 
1263,107.312 
1264,-7.812 
1264,-10.417 
1264,-7.812 
1264,-37.141 
1264,-36.474 
1264,107.312 
1265,-7.812 
1265,-14.266 
1265,-30.932 
1265,-39.974 
1265,-31.974 
1265,107.312 
1266,-7.812 
1266,-10.417 
1266,-7.812 
1266,-19.141 
1266,-44.042 
1266,107.312 
1267,-7.812 
1267,-28.516 
1267,-39.932 
1267,-53.474 
1267,-40.974 
1267,80.312 
1268,-6.641 
1268,-14.266 
1268,-12.182 
1268,-4.891 
1268,-13.224 
1268,99.062 
1269,-7.812 
1269,-10.417 
1269,-7.812 
1269,-29.833 
1269,-31.974 
1269,108.062 
1270,-6.641 
1270,-9.766 
1270,-29.500 
1270,-48.062 
1270,-40.583 
1270,109.104 
1271,-7.812 
1271,-14.917 
1271,-12.312 
1271,-37.141 
1271,-40.974 
1271,80.312 
1272,-7.812 
1272,-10.417 
1272,-7.812 
1272,-19.141 
1272,-24.641 
1272,119.146 
1273,-7.812 
1273,-9.766 
1273,-7.682 
1273,-0.391 
1273,-33.250 
1273,109.104 
1274,-7.812 
1274,-10.417 
1274,-28.646 
1274,-21.224 
1274,-43.057 
1274,88.271 
1275,-6.641 
1275,-28.516 
1275,-30.542 
1275,-32.771 
1275,-39.542 
1275,80.312 
1276,-6.641 
1276,-28.516 
1276,-26.042 
1276,-28.271 
1276,-39.542 
1276,119.146 
1277,-7.812 
1277,-9.766 
1277,-26.432 
1277,-37.271 
1277,-39.542 
1277,80.312 
1278,-7.812 
1278,-31.250 
1278,-33.016 
1278,-44.474 
1278,-46.125 
1278,108.062 
1279,-6.641 
1279,-9.766 
1279,-29.500 
1279,-31.729 
1279,-19.750 
1279,109.104 
1280,-7.812 
1280,-31.250 
1280,-37.516 
1280,-25.854 
1280,-32.625 
1280,126.062 
1281,-6.641 
1281,-8.854 
1281,-26.042 
1281,-47.021 
1281,-39.542 
1281,119.146 
1282,-7.812 
1282,-10.417 
1282,-26.432 
1282,-39.974 
1282,-55.125 
1282,99.062 
1283,-7.812 
1283,-31.250 
1283,-37.516 
1283,-34.724 
1283,-22.224 
1283,109.104 
1284,-7.812 
1284,-14.917 
1284,-26.432 
1284,-28.271 
1284,-20.792 
1284,108.062 
1285,-7.812 
1285,-31.250 
1285,-37.516 
1285,-44.474 
1285,-40.974 
1285,126.062 
1286,-7.812 
1286,-14.917 
1286,-16.682 
1286,-5.021 
1286,-22.875 
1286,99.062 
1287,-7.812 
1287,-9.766 
1287,-34.000 
1287,-48.062 
1287,-36.083 
1287,88.271 
1288,-6.641 
1288,-28.516 
1288,-35.432 
1288,-19.271 
1288,-20.792 
1288,126.062 
1289,-7.812 
1289,-28.516 
1289,-30.932 
1289,-38.021 
1289,-39.542 
1289,107.312 
1290,-6.641 
1290,-28.516 
1290,-30.932 
1290,-32.641 
1290,-11.792 
1290,119.146 
1291,-7.812 
1291,-28.516 
1291,-30.932 
1291,-23.641 
1291,-31.974 
1291,107.312 
1292,-6.641 
1292,-18.766 
1292,-16.682 
1292,-9.391 
1292,-20.141 
1292,101.146 
1293,-6.641 
1293,-9.766 
1293,-16.682 
1293,-27.229 
1293,-40.583 
1293,100.104 
1294,-7.812 
1294,-10.417 
1294,-7.812 
1294,-19.141 
1294,-40.974 
1294,108.062 
1295,-7.812 
1295,-28.516 
1295,-35.042 
1295,-38.021 
1295,-35.042 
1295,119.146 
1296,-7.812 
1296,-10.417 
1296,-7.682 
1296,-13.891 
1296,-16.292 
1296,126.062 
1297,-7.812 
1297,-9.766 
1297,-11.792 
1297,-30.354 
1297,-41.625 
1297,107.312 
1298,-7.812 
1298,-31.250 
1298,-37.646 
1298,-39.974 
1298,-31.974 
1298,108.062 
1299,-6.641 
1299,-28.516 
1299,-26.042 
1299,-32.771 
1299,-20.792 
1299,128.146 
1300,-6.641 
1300,-28.516 
1300,-26.432 
1300,-19.141 
1300,-24.641 
1300,101.146 
1301,-6.641 
1301,-8.854 
1301,-26.042 
1301,-28.271 
1301,-37.125 
1301,117.062 
1302,-7.812 
1302,-18.766 
1302,-16.682 
1302,-0.521 
1302,-16.292 
1302,108.062 
1303,-7.812 
1303,-10.417 
1303,-16.812 
1303,-37.141 
1303,-40.974 
1303,99.062 
1304,-7.812 
1304,-10.417 
1304,-25.682 
1304,-19.271 
1304,-37.125 
1304,107.312 
1305,-7.812 
1305,-18.766 
1305,-37.516 
1305,-30.224 
1305,-22.224 
1305,100.104 
1306,-6.641 
1306,-9.766 
1306,-7.682 
1306,-36.229 
1306,-15.250 
1306,109.104 
1307,-7.812 
1307,-28.516 
1307,-35.432 
1307,-47.021 
1307,-39.542 
1307,101.146 
1308,-7.812 
1308,-31.250 
1308,-37.646 
1308,-25.333 
1308,-35.724 
1308,100.104 
1309,-7.812 
1309,-10.417 
1309,-35.432 
1309,-48.974 
1309,-28.125 
1309,107.312 
1310,-7.812 
1310,-9.766 
1310,-30.932 
1310,-38.021 
1310,-39.542 
1310,107.312 
1311,-7.812 
1311,-18.766 
1311,-12.182 
1311,-13.891 
1311,-17.724 
1311,108.062 
1312,-6.641 
1312,-9.766 
1312,-30.932 
1312,-48.974 
1312,-40.974 
1312,126.062 
1313,-7.812 
1313,-10.417 
1313,-25.682 
1313,-19.271 
1313,-37.125 
1313,107.312 
1314,-6.641 
1314,-9.766 
1314,-7.682 
1314,-0.391 
1314,-22.224 
1314,126.062 
1315,-6.641 
1315,-9.766 
1315,-34.000 
1315,-27.229 
1315,-19.750 
1315,100.104 
1316,-7.812 
1316,-10.417 
1316,-25.682 
1316,-9.391 
1316,-11.792 
1316,99.062 
1317,-7.812 
1317,-18.766 
1317,-37.516 
1317,-30.224 
1317,-28.125 
1317,99.062 
1318,-6.641 
1318,-28.516 
1318,-39.932 
1318,-32.641 
1318,-30.542 
1318,101.146 
1319,-7.812 
1319,-14.917 
1319,-26.432 
1319,-32.641 
1319,-26.042 
1319,107.312 
1320,-7.812 
1320,-28.516 
1320,-26.432 
1320,-39.974 
1320,-55.125 
1320,80.312 
1321,-7.812 
1321,-18.766 
1321,-37.516 
1321,-30.224 
1321,-38.557 
1321,105.979 
1322,-6.641 
1322,-28.516 
1322,-35.042 
1322,-38.021 
1322,-35.042 
1322,107.312 
1323,-7.812 
1323,-31.250 
1323,-33.146 
1323,-25.333 
1323,-13.224 
1323,126.062 
1324,-7.812 
1324,-28.516 
1324,-30.932 
1324,-38.021 
1324,-39.542 
1324,107.312 
1325,-7.812 
1325,-31.250 
1325,-33.016 
1325,-25.724 
1325,-27.375 
1325,126.062 
1326,-7.812 
1326,-18.766 
1326,-16.682 
1326,-18.229 
1326,-36.083 
1326,88.271 
1327,-7.812 
1327,-14.917 
1327,-26.432 
1327,-48.974 
1327,-32.625 
1327,107.312 
1328,-7.812 
1328,-14.266 
1328,-12.182 
1328,-23.641 
1328,-25.292 
1328,99.062 
1329,-7.812 
1329,-14.917 
1329,-30.932 
1329,-39.974 
1329,-46.125 
1329,108.062 
1330,-6.641 
1330,-8.854 
1330,-30.542 
1330,-32.771 
1330,-39.542 
1330,101.146 
1331,-6.641 
1331,-9.766 
1331,-7.682 
1331,-30.224 
1331,-31.974 
1331,107.312 
1332,-6.641 
1332,-9.766 
1332,-30.932 
1332,-23.641 
1332,-31.974 
1332,107.312 
1333,-7.812 
1333,-31.250 
1333,-28.646 
1333,-50.667 
1333,-34.057 
1333,105.979 
1334,-7.812 
1334,-9.766 
1334,-37.516 
1334,-25.854 
1334,-22.875 
1334,105.979 
1335,-7.812 
1335,-14.917 
1335,-33.146 
1335,-57.974 
1335,-40.974 
1335,80.312 
1336,-7.812 
1336,-18.766 
1336,-16.682 
1336,-9.391 
1336,-6.250 
1336,109.104 
1337,-6.641 
1337,-28.516 
1337,-26.042 
1337,-47.021 
1337,-35.042 
1337,107.312 
1338,-7.812 
1338,-18.766 
1338,-30.932 
1338,-32.641 
1338,-30.542 
1338,101.146 
1339,-6.641 
1339,-9.766 
1339,-26.432 
1339,-39.974 
1339,-45.474 
1339,99.062 
1340,-7.812 
1340,-10.417 
1340,-25.682 
1340,-0.521 
1340,-16.292 
1340,128.146 
1341,-7.812 
1341,-10.417 
1341,-16.812 
1341,-23.641 
1341,-27.474 
1341,108.062 
1342,-7.812 
1342,-14.917 
1342,-12.182 
1342,-4.891 
1342,-25.292 
1342,99.062 
1343,-6.641 
1343,-18.766 
1343,-25.000 
1343,-27.229 
1343,-36.083 
1343,88.271 
1344,-6.641 
1344,-28.516 
1344,-35.432 
1344,-47.021 
1344,-39.542 
1344,101.146 
1345,-7.812 
1345,-10.417 
1345,-25.682 
1345,-19.271 
1345,-16.292 
1345,108.062 
1346,-6.641 
1346,-9.766 
1346,-28.516 
1346,-39.354 
1346,-28.125 
1346,117.062 
1347,-6.641 
1347,-8.854 
1347,-35.042 
1347,-28.271 
1347,-37.125 
1347,99.062 
1348,-7.812 
1348,-18.766 
1348,-7.292 
1348,-9.521 
1348,-18.375 
1348,99.062 
1349,-6.641 
1349,-14.266 
1349,-12.182 
1349,-21.224 
1349,-31.974 
1349,107.312 
1350,-7.812 
1350,-10.417 
1350,-33.146 
1350,-48.974 
1350,-32.625 
1350,126.062 
1351,-7.812 
1351,-28.516 
1351,-35.432 
1351,-28.271 
1351,-30.542 
1351,119.146 
1352,-6.641 
1352,-28.516 
1352,-35.042 
1352,-38.021 
1352,-39.542 
1352,107.312 
1353,-7.812 
1353,-10.417 
1353,-26.432 
1353,-19.141 
1353,-40.974 
1353,108.062 
1354,-7.812 
1354,-18.766 
1354,-37.516 
1354,-48.974 
1354,-40.974 
1354,80.312 
1355,-7.812 
1355,-18.766 
1355,-7.292 
1355,-19.271 
1355,-20.792 
1355,126.062 
1356,-7.812 
1356,-31.250 
1356,-33.146 
1356,-44.474 
1356,-31.974 
1356,108.062 
1357,-7.812 
1357,-9.766 
1357,-28.516 
1357,-39.974 
1357,-55.125 
1357,80.312 
1358,-6.641 
1358,-9.766 
1358,-7.682 
1358,-28.141 
1358,-35.042 
1358,107.312 
1359,-6.641 
1359,-9.766 
1359,-11.792 
1359,-32.771 
1359,-20.792 
1359,119.146 
1360,-7.812 
1360,-9.766 
1360,-16.292 
1360,-9.521 
1360,-16.292 
1360,108.062 
1361,-7.812 
1361,-9.766 
1361,-7.682 
1361,-21.224 
1361,-54.083 
1361,88.271 
1362,-7.812 
1362,-9.766 
1362,-26.042 
1362,-47.021 
1362,-39.542 
1362,107.312 
1363,-7.812 
1363,-9.766 
1363,-26.432 
1363,-48.974 
1363,-31.974 
1363,107.312 
1364,-7.812 
1364,-31.250 
1364,-28.516 
1364,-57.062 
1364,-40.583 
1364,88.271 
1365,-7.812 
1365,-9.766 
1365,-34.000 
1365,-27.229 
1365,-36.083 
1365,109.104 
1366,-7.812 
1366,-9.766 
1366,-21.182 
1366,-13.891 
1366,-22.224 
1366,100.104 
1367,-7.812 
1367,-28.516 
1367,-30.932 
1367,-32.641 
1367,-40.974 
1367,107.312 
1368,-6.641 
1368,-9.766 
1368,-34.000 
1368,-43.562 
1368,-40.583 
1368,88.271 
1369,-7.812 
1369,-14.917 
1369,-30.932 
1369,-39.974 
1369,-31.974 
1369,108.062 
1370,-7.812 
1370,-14.917 
1370,-12.312 
1370,-25.333 
1370,-13.224 
1370,99.062 
1371,-6.641 
1371,-8.854 
1371,-16.292 
1371,-30.354 
1371,-22.875 
1371,99.062 
1372,-7.812 
1372,-14.917 
1372,-12.312 
1372,-4.500 
1372,-11.141 
1372,101.146 
1373,-7.812 
1373,-10.417 
1373,-26.432 
1373,-48.974 
1373,-46.125 
1373,107.312 
1374,-7.812 
1374,-31.250 
1374,-28.516 
1374,-39.354 
1374,-22.875 
1374,117.062 
1375,-7.812 
1375,-31.250 
1375,-33.146 
1375,-39.224 
1375,-31.974 
1375,126.062 
1376,-6.641 
1376,-18.766 
1376,-37.516 
1376,-48.974 
1376,-40.974 
1376,80.312 
1377,-7.812 
1377,-18.766 
1377,-26.042 
1377,-38.021 
1377,-39.542 
1377,107.312 
1378,-7.812 
1378,-18.766 
1378,-37.516 
1378,-30.224 
1378,-9.375 
1378,99.062 
1379,-7.812 
1379,-14.917 
1379,-33.146 
1379,-39.224 
1379,-28.125 
1379,107.312 
1380,-7.812 
1380,-28.516 
1380,-26.432 
1380,-32.641 
1380,-27.474 
1380,107.312 
1381,-6.641 
1381,-14.266 
1381,-30.932 
1381,-39.974 
1381,-46.125 
1381,107.312 
1382,-6.641 
1382,-9.766 
1382,-37.516 
1382,-43.562 
1382,-40.583 
1382,109.104 
1383,-7.812 
1383,-14.917 
1383,-12.182 
1383,-19.271 
1383,-20.792 
1383,117.062 
1384,-7.812 
1384,-18.766 
1384,-7.292 
1384,-19.271 
1384,-37.125 
1384,107.312 
1385,-6.641 
1385,-9.766 
1385,-28.516 
1385,-21.224 
1385,-36.375 
1385,99.062 
1386,-7.812 
1386,-31.250 
1386,-37.646 
1386,-39.974 
1386,-31.974 
1386,107.312 
1387,-7.812 
1387,-9.766 
1387,-7.682 
1387,-30.224 
1387,-45.083 
1387,88.271 
1388,-6.641 
1388,-26.562 
1388,-34.000 
1388,-27.229 
1388,-15.250 
1388,109.104 
1389,-7.812 
1389,-18.766 
1389,-16.682 
1389,-18.229 
1389,-36.083 
1389,88.271 
1390,-7.812 
1390,-18.766 
1390,-37.516 
1390,-30.224 
1390,-38.557 
1390,105.979 
1391,-6.641 
1391,-14.266 
1391,-12.182 
1391,-28.271 
1391,-20.792 
1391,99.062 
1392,-6.641 
1392,-18.766 
1392,-12.182 
1392,-34.724 
1392,-28.125 
1392,108.062 
1393,-7.812 
1393,-31.250 
1393,-33.146 
1393,-25.333 
1393,-31.974 
1393,108.062 
1394,-6.641 
1394,-8.854 
1394,-30.542 
1394,-32.771 
1394,-20.792 
1394,101.146 
1395,-7.812 
1395,-9.766 
1395,-21.182 
1395,-5.021 
1395,-11.792 
1395,126.062 
1396,-7.812 
1396,-10.417 
1396,-26.432 
1396,-37.271 
1396,-39.542 
1396,101.146 
1397,-6.641 
1397,-9.766 
1397,-16.682 
1397,-23.641 
1397,-35.042 
1397,107.312 
1398,-6.641 
1398,-26.562 
1398,-29.500 
1398,-31.729 
1398,-40.583 
1398,100.104 
1399,-6.641 
1399,-9.766 
1399,-28.516 
1399,-39.354 
1399,-37.125 
1399,108.062 
1400,-7.812 
1400,-31.250 
1400,-28.516 
1400,-57.062 
1400,-36.083 
1400,100.104 
1401,-6.641 
1401,-18.766 
1401,-7.292 
1401,-9.521 
1401,-20.792 
1401,99.062 
1402,-7.812 
1402,-14.917 
1402,-26.432 
1402,-23.641 
1402,-35.042 
1402,128.146 
1403,-7.812 
1403,-10.417 
1403,-35.432 
1403,-48.974 
1403,-40.974 
1403,117.062 
1404,-6.641 
1404,-9.766 
1404,-11.792 
1404,-23.771 
1404,-20.792 
1404,119.146 
1405,-7.812 
1405,-9.766 
1405,-16.292 
1405,-9.521 
1405,-16.292 
1405,108.062 
1406,-7.812 
1406,-31.250 
1406,-33.146 
1406,-25.333 
1406,-35.724 
1406,108.062 
1407,-6.641 
1407,-9.766 
1407,-28.516 
1407,-39.354 
1407,-18.375 
1407,108.062 
1408,-6.641 
1408,-28.516 
1408,-30.932 
1408,-23.771 
1408,-20.792 
1408,126.062 
1409,-6.641 
1409,-9.766 
1409,-34.000 
1409,-27.229 
1409,-19.750 
1409,100.104 
1410,-7.812 
1410,-31.250 
1410,-28.646 
1410,-48.224 
1410,-28.125 
1410,80.312 
1411,-7.812 
1411,-18.766 
1411,-7.292 
1411,-25.854 
1411,-41.625 
1411,107.312 
1412,-7.812 
1412,-14.917 
1412,-12.182 
1412,-25.724 
1412,-27.375 
1412,105.979 
1413,-7.812 
1413,-10.417 
1413,-26.432 
1413,-19.141 
1413,-40.974 
1413,108.062 
1414,-6.641 
1414,-18.766 
1414,-7.292 
1414,-28.271 
1414,-37.125 
1414,99.062 
1415,-7.812 
1415,-9.766 
1415,-7.682 
1415,-28.271 
1415,-35.042 
1415,107.312 
1416,-7.812 
1416,-28.516 
1416,-39.932 
1416,-23.771 
1416,-20.792 
1416,101.146 
1417,-7.812 
1417,-10.417 
1417,-7.682 
1417,-36.229 
1417,-36.083 
1417,109.104 
1418,-7.812 
1418,-31.250 
1418,-37.646 
1418,-25.724 
1418,-13.224 
1418,100.104 
1419,-7.812 
1419,-14.917 
1419,-16.682 
1419,-13.891 
1419,-17.724 
1419,108.062 
1420,-7.812 
1420,-28.516 
1420,-26.042 
1420,-42.521 
1420,-39.542 
1420,107.312 
1421,-7.812 
1421,-9.766 
1421,-37.516 
1421,-34.724 
1421,-22.224 
1421,109.104 
1422,-6.641 
1422,-14.266 
1422,-12.182 
1422,-25.724 
1422,-31.974 
1422,80.312 
1423,-7.812 
1423,-14.917 
1423,-28.646 
1423,-39.224 
1423,-31.974 
1423,126.062 
1424,-6.641 
1424,-18.766 
1424,-28.516 
1424,-44.474 
1424,-40.974 
1424,126.062 
1425,-7.812 
1425,-31.250 
1425,-37.646 
1425,-41.667 
1425,-56.557 
1425,105.979 
1426,-7.812 
1426,-14.266 
1426,-28.516 
1426,-30.354 
1426,-41.625 
1426,108.062 
1427,-6.641 
1427,-18.766 
1427,-37.516 
1427,-30.224 
1427,-28.125 
1427,108.062 
1428,-7.812 
1428,-14.917 
1428,-12.182 
1428,-23.641 
1428,-35.042 
1428,107.312 
1429,-7.812 
1429,-14.917 
1429,-28.646 
1429,-39.224 
1429,-31.974 
1429,126.062 
1430,-7.812 
1430,-14.917 
1430,-35.432 
1430,-42.521 
1430,-39.542 
1430,80.312 
1431,-7.812 
1431,-10.417 
1431,-26.432 
1431,-37.271 
1431,-37.125 
1431,80.312 
1432,-7.812 
1432,-9.766 
1432,-28.516 
1432,-39.354 
1432,-22.875 
1432,99.062 
1433,-7.812 
1433,-28.516 
1433,-26.432 
1433,-39.974 
1433,-55.125 
1433,80.312 
1434,-7.812 
1434,-10.417 
1434,-26.432 
1434,-37.271 
1434,-16.292 
1434,108.062 
1435,-7.812 
1435,-9.766 
1435,-16.292 
1435,-9.521 
1435,-16.292 
1435,108.062 
1436,-7.812 
1436,-18.766 
1436,-16.682 
1436,-9.391 
1436,-7.292 
1436,101.146 
1437,-7.812 
1437,-10.417 
1437,-7.812 
1437,-29.833 
1437,-31.974 
1437,107.312 
1438,-6.641 
1438,-28.516 
1438,-26.432 
1438,-19.141 
1438,-34.292 
1438,101.146 
1439,-6.641 
1439,-9.766 
1439,-7.682 
1439,-0.391 
1439,-20.141 
1439,128.146 
1440,-6.641 
1440,-18.766 
1440,-12.182 
1440,-30.224 
1440,-31.974 
1440,107.312 
1441,-7.812 
1441,-14.917 
1441,-26.432 
1441,-23.771 
1441,-20.792 
1441,126.062 
1442,-6.641 
1442,-28.516 
1442,-35.432 
1442,-48.974 
1442,-40.974 
1442,107.312 
1443,-6.641 
1443,-26.562 
1443,-34.000 
1443,-27.229 
1443,-19.750 
1443,100.104 
1444,-7.812 
1444,-14.917 
1444,-12.312 
1444,-19.141 
1444,-25.292 
1444,128.146 
1445,-7.812 
1445,-14.917 
1445,-12.312 
1445,-28.141 
1445,-40.974 
1445,107.312 
1446,-7.812 
1446,-14.917 
1446,-26.432 
1446,-23.641 
1446,-25.292 
1446,108.062 
1447,-6.641 
1447,-18.766 
1447,-7.292 
1447,-19.271 
1447,-37.125 
1447,107.312 
1448,-7.812 
1448,-14.917 
1448,-12.312 
1448,-18.391 
1448,-10.750 
1448,100.104 
1449,-6.641 
1449,-8.854 
1449,-35.042 
1449,-28.271 
1449,-37.125 
1449,107.312 
1450,-7.812 
1450,-14.917 
1450,-28.646 
1450,-25.724 
1450,-31.974 
1450,108.062 
1451,-7.812 
1451,-14.917 
1451,-26.432 
1451,-38.021 
1451,-39.542 
1451,128.146 
1452,-7.812 
1452,-31.250 
1452,-46.516 
1452,-30.224 
1452,-38.557 
1452,105.979 
1453,-7.812 
1453,-18.766 
1453,-37.516 
1453,-39.062 
1453,-36.083 
1453,100.104 
1454,-6.641 
1454,-18.766 
1454,-16.682 
1454,-0.521 
1454,-20.792 
1454,99.062 
1455,-7.812 
1455,-9.766 
1455,-16.682 
1455,-21.224 
1455,-31.974 
1455,107.312 
1456,-7.812 
1456,-31.250 
1456,-28.646 
1456,-21.224 
1456,-40.974 
1456,108.062 
1457,-7.812 
1457,-9.766 
1457,-21.182 
1457,-34.724 
1457,-31.583 
1457,100.104 
1458,-7.812 
1458,-9.766 
1458,-16.682 
1458,-28.271 
1458,-39.542 
1458,101.146 
1459,-6.641 
1459,-28.516 
1459,-30.932 
1459,-32.641 
1459,-20.141 
1459,119.146 
1460,-6.641 
1460,-9.766 
1460,-16.682 
1460,-23.641 
1460,-44.042 
1460,101.146 
1461,-7.812 
1461,-10.417 
1461,-25.682 
1461,-19.271 
1461,-37.125 
1461,108.062 
1462,-7.812 
1462,-31.250 
1462,-37.646 
1462,-25.333 
1462,-35.724 
1462,108.062 
1463,-7.812 
1463,-10.417 
1463,-7.682 
1463,-28.271 
1463,-37.125 
1463,126.062 
1464,-7.812 
1464,-31.250 
1464,-33.146 
1464,-39.224 
1464,-31.974 
1464,126.062 
1465,-6.641 
1465,-26.562 
1465,-29.500 
1465,-31.729 
1465,-19.750 
1465,100.104 
1466,-6.641 
1466,-8.854 
1466,-35.042 
1466,-28.271 
1466,-39.542 
1466,101.146 
1467,-7.812 
1467,-31.250 
1467,-33.146 
1467,-46.167 
1467,-34.057 
1467,105.979 
1468,-6.641 
1468,-9.766 
1468,-16.292 
1468,-23.771 
1468,-20.792 
1468,128.146 
1469,-7.812 
1469,-10.417 
1469,-35.432 
1469,-28.141 
1469,-26.042 
1469,107.312 
1470,-7.812 
1470,-14.917 
1470,-16.682 
1470,-23.771 
1470,-30.542 
1470,107.312 
1471,-6.641 
1471,-8.854 
1471,-16.292 
1471,-30.354 
1471,-28.125 
1471,117.062 
1472,-6.641 
1472,-18.766 
1472,-30.932 
1472,-42.521 
1472,-39.542 
1472,101.146 
1473,-7.812 
1473,-14.917 
1473,-12.182 
1473,-4.891 
1473,-16.292 
1473,126.062 
1474,-6.641 
1474,-9.766 
1474,-26.432 
1474,-19.141 
1474,-40.974 
1474,108.062 
1475,-6.641 
1475,-9.766 
1475,-26.042 
1475,-47.021 
1475,-35.042 
1475,119.146 
1476,-6.641 
1476,-9.766 
1476,-21.182 
1476,-30.224 
1476,-31.974 
1476,126.062 
1477,-7.812 
1477,-31.250 
1477,-33.146 
1477,-25.333 
1477,-13.224 
1477,109.104 
1478,-6.641 
1478,-18.766 
1478,-16.682 
1478,-28.141 
1478,-11.792 
1478,99.062 
1479,-7.812 
1479,-10.417 
1479,-26.432 
1479,-32.641 
1479,-35.042 
1479,119.146 
1480,-7.812 
1480,-18.766 
1480,-16.682 
1480,-25.724 
1480,-43.057 
1480,88.271 
1481,-6.641 
1481,-28.516 
1481,-26.432 
1481,-39.974 
1481,-45.474 
1481,80.312 
1482,-7.812 
1482,-14.917 
1482,-12.312 
1482,-37.141 
1482,-30.542 
1482,80.312 
1483,-7.812 
1483,-18.766 
1483,-16.682 
1483,-30.224 
1483,-40.974 
1483,99.062 
1484,-7.812 
1484,-14.917 
1484,-33.146 
1484,-25.333 
1484,-45.474 
1484,107.312 
1485,-7.812 
1485,-14.266 
1485,-30.932 
1485,-47.021 
1485,-39.542 
1485,101.146 
1486,-6.641 
1486,-18.766 
1486,-30.932 
1486,-32.641 
1486,-30.542 
1486,80.312 
1487,-7.812 
1487,-10.417 
1487,-35.432 
1487,-38.021 
1487,-35.042 
1487,119.146 
1488,-7.812 
1488,-28.516 
1488,-30.542 
1488,-32.771 
1488,-41.625 
1488,99.062 
1489,-7.812 
1489,-14.917 
1489,-16.682 
1489,-23.641 
1489,-40.974 
1489,107.312 
1490,-7.812 
1490,-10.417 
1490,-25.682 
1490,-25.724 
1490,-31.583 
1490,109.104 
1491,-7.812 
1491,-18.766 
1491,-12.182 
1491,-23.641 
1491,-30.542 
1491,107.312 
1492,-6.641 
1492,-18.766 
1492,-7.292 
1492,-9.521 
1492,-16.292 
1492,108.062 
1493,-7.812 
1493,-18.766 
1493,-16.682 
1493,-19.271 
1493,-37.125 
1493,108.062 
1494,-7.812 
1494,-9.766 
1494,-28.516 
1494,-48.974 
1494,-46.125 
1494,107.312 
1495,-7.812 
1495,-10.417 
1495,-16.812 
1495,-28.141 
1495,-20.141 
1495,128.146 
1496,-6.641 
1496,-14.266 
1496,-12.182 
1496,-4.891 
1496,-16.292 
1496,119.146 
1497,-6.641 
1497,-14.266 
1497,-30.932 
1497,-23.641 
1497,-27.474 
1497,108.062 
1498,-7.812 
1498,-14.917 
1498,-26.432 
1498,-28.271 
1498,-41.625 
1498,108.062 
1499,-7.812 
1499,-10.417 
1499,-28.646 
1499,-57.974 
1499,-40.974 
1499,107.312 
1500,-6.641 
1500,-9.766 
1500,-21.182 
1500,-34.724 
1500,-28.125 
1500,107.312 
1501,-7.812 
1501,-10.417 
1501,-16.812 
1501,-28.141 
1501,-40.974 
1501,107.312 
1502,-6.641 
1502,-9.766 
1502,-30.932 
1502,-23.641 
1502,-11.141 
1502,128.146 
1503,-7.812 
1503,-10.417 
1503,-35.432 
1503,-28.141 
1503,-40.974 
1503,107.312 
1504,-6.641 
1504,-9.766 
1504,-16.292 
1504,-30.354 
1504,-37.125 
1504,80.312 
1505,-7.812 
1505,-31.250 
1505,-33.146 
1505,-25.724 
1505,-31.974 
1505,107.312 
1506,-7.812 
1506,-9.766 
1506,-26.432 
1506,-19.141 
1506,-40.974 
1506,107.312 
1507,-6.641 
1507,-28.516 
1507,-26.042 
1507,-32.771 
1507,-20.792 
1507,108.062 
1508,-7.812 
1508,-14.917 
1508,-28.646 
1508,-39.224 
1508,-22.224 
1508,109.104 
1509,-6.641 
1509,-28.516 
1509,-35.432 
1509,-19.271 
1509,-16.292 
1509,128.146 
1510,-7.812 
1510,-31.250 
1510,-33.016 
1510,-48.062 
1510,-40.583 
1510,88.271 
1511,-6.641 
1511,-18.766 
1511,-16.682 
1511,-25.724 
1511,-22.224 
1511,109.104 
1512,-6.641 
1512,-14.266 
1512,-28.516 
1512,-30.354 
1512,-41.625 
1512,108.062 
1513,-7.812 
1513,-14.917 
1513,-28.646 
1513,-48.974 
1513,-40.974 
1513,107.312 
1514,-6.641 
1514,-26.562 
1514,-34.000 
1514,-43.562 
1514,-40.583 
1514,88.271 
1515,-7.812 
1515,-28.516 
1515,-26.432 
1515,-32.641 
1515,-27.474 
1515,107.312 
1516,-6.641 
1516,-8.854 
1516,-35.042 
1516,-47.021 
1516,-39.542 
1516,101.146 
1517,-6.641 
1517,-18.766 
1517,-12.182 
1517,-23.771 
1517,-30.542 
1517,107.312 
1518,-7.812 
1518,-28.516 
1518,-35.432 
1518,-48.974 
1518,-28.125 
1518,107.312 
1519,-6.641 
1519,-9.766 
1519,-30.932 
1519,-23.641 
1519,-25.292 
1519,108.062 
1520,-7.812 
1520,-31.250 
1520,-33.146 
1520,-48.974 
1520,-40.974 
1520,107.312 
1521,-7.812 
1521,-18.766 
1521,-7.292 
1521,-25.854 
1521,-22.875 
1521,108.062 
1522,-7.812 
1522,-10.417 
1522,-28.646 
1522,-48.224 
1522,-28.125 
1522,99.062 
1523,-7.812 
1523,-14.917 
1523,-35.432 
1523,-32.641 
1523,-40.974 
1523,99.062 
1524,-7.812 
1524,-31.250 
1524,-37.516 
1524,-44.474 
1524,-32.625 
1524,107.312 
1525,-6.641 
1525,-28.516 
1525,-35.432 
1525,-38.021 
1525,-39.542 
1525,107.312 
1526,-7.812 
1526,-14.917 
1526,-12.312 
1526,-20.833 
1526,-31.974 
1526,107.312 
1527,-7.812 
1527,-31.250 
1527,-28.516 
1527,-34.724 
1527,-27.375 
1527,117.062 
1528,-6.641 
1528,-9.766 
1528,-21.182 
1528,-30.224 
1528,-31.583 
1528,109.104 
1529,-7.812 
1529,-14.266 
1529,-12.182 
1529,-23.641 
1529,-11.141 
1529,119.146 
1530,-7.812 
1530,-9.766 
1530,-37.516 
1530,-34.724 
1530,-32.625 
1530,107.312 
1531,-7.812 
1531,-14.917 
1531,-12.182 
1531,-28.271 
1531,-41.625 
1531,99.062 
1532,-6.641 
1532,-18.766 
1532,-16.682 
1532,-9.391 
1532,-20.141 
1532,101.146 
1533,-7.812 
1533,-10.417 
1533,-28.646 
1533,-34.333 
1533,-35.724 
1533,99.062 
1534,-6.641 
1534,-9.766 
1534,-7.682 
1534,-13.891 
1534,-16.292 
1534,117.062 
1535,-7.812 
1535,-10.417 
1535,-35.432 
1535,-48.974 
1535,-28.125 
1535,107.312 
1536,-7.812 
1536,-18.766 
1536,-26.042 
1536,-28.271 
1536,-37.125 
1536,80.312 
1537,-6.641 
1537,-9.766 
1537,-26.432 
1537,-37.271 
1537,-26.042 
1537,107.312 
1538,-6.641 
1538,-9.766 
1538,-16.292 
1538,-28.271 
1538,-37.125 
1538,108.062 
1539,-6.641 
1539,-8.854 
1539,-16.292 
1539,-30.354 
1539,-22.875 
1539,105.979 
1540,-7.812 
1540,-9.766 
1540,-16.682 
1540,-4.891 
1540,-16.292 
1540,126.062 
1541,-7.812 
1541,-18.766 
1541,-30.932 
1541,-23.771 
1541,-39.542 
1541,80.312 
1542,-6.641 
1542,-28.516 
1542,-35.042 
1542,-28.271 
1542,-37.125 
1542,107.312 
1543,-7.812 
1543,-28.516 
1543,-26.432 
1543,-37.271 
1543,-20.792 
1543,119.146 
1544,-6.641 
1544,-18.766 
1544,-26.042 
1544,-38.021 
1544,-39.542 
1544,107.312 
1545,-7.812 
1545,-10.417 
1545,-25.682 
1545,-25.724 
1545,-31.583 
1545,88.271 
1546,-6.641 
1546,-8.854 
1546,-26.042 
1546,-28.271 
1546,-20.792 
1546,126.062 
1547,-7.812 
1547,-31.250 
1547,-37.516 
1547,-34.724 
1547,-31.583 
1547,88.271 
1548,-6.641 
1548,-8.854 
1548,-16.292 
1548,-19.271 
1548,-37.125 
1548,107.312 
1549,-7.812 
1549,-10.417 
1549,-7.682 
1549,-30.224 
1549,-31.974 
1549,107.312 
1550,-7.812 
1550,-18.766 
1550,-16.682 
1550,-30.224 
1550,-27.083 
1550,88.271 
1551,-7.812 
1551,-9.766 
1551,-30.932 
1551,-28.271 
1551,-30.542 
1551,128.146 
1552,-6.641 
1552,-9.766 
1552,-26.432 
1552,-37.271 
1552,-20.792 
1552,99.062 
1553,-7.812 
1553,-9.766 
1553,-26.432 
1553,-32.641 
1553,-35.042 
1553,119.146 
1554,-7.812 
1554,-10.417 
1554,-33.146 
1554,-48.974 
1554,-32.625 
1554,126.062 
1555,-7.812 
1555,-31.250 
1555,-46.516 
1555,-30.224 
1555,-31.583 
1555,88.271 
1556,-6.641 
1556,-18.766 
1556,-16.682 
1556,-30.224 
1556,-9.375 
1556,99.062 
1557,-6.641 
1557,-18.766 
1557,-26.042 
1557,-38.021 
1557,-39.542 
1557,119.146 
1558,-7.812 
1558,-18.766 
1558,-28.516 
1558,-43.562 
1558,-40.583 
1558,109.104 
1559,-6.641 
1559,-28.516 
1559,-39.932 
1559,-32.641 
1559,-11.792 
1559,99.062 
1560,-6.641 
1560,-14.266 
1560,-30.932 
1560,-23.641 
1560,-35.042 
1560,107.312 
1561,-7.812 
1561,-14.917 
1561,-12.182 
1561,-27.229 
1561,-40.583 
1561,88.271 
1562,-6.641 
1562,-8.854 
1562,-35.042 
1562,-38.021 
1562,-35.042 
1562,119.146 
1563,-6.641 
1563,-9.766 
1563,-16.292 
1563,-23.771 
1563,-20.792 
1563,108.062 
1564,-6.641 
1564,-28.516 
1564,-26.042 
1564,-47.021 
1564,-35.042 
1564,107.312 
1565,-6.641 
1565,-18.766 
1565,-16.682 
1565,-9.391 
1565,-11.792 
1565,119.146 
1566,-6.641 
1566,-28.516 
1566,-26.042 
1566,-28.271 
1566,-20.792 
1566,117.062 
1567,-6.641 
1567,-8.854 
1567,-11.792 
1567,-30.354 
1567,-41.625 
1567,108.062 
1568,-7.812 
1568,-14.266 
1568,-12.182 
1568,-9.521 
1568,-11.792 
1568,119.146 
1569,-6.641 
1569,-28.516 
1569,-35.432 
1569,-28.141 
1569,-30.542 
1569,107.312 
1570,-6.641 
1570,-26.562 
1570,-34.000 
1570,-27.229 
1570,-36.083 
1570,100.104 
1571,-6.641 
1571,-18.766 
1571,-28.516 
1571,-25.854 
1571,-41.625 
1571,107.312 
1572,-7.812 
1572,-9.766 
1572,-16.682 
1572,-23.641 
1572,-44.042 
1572,80.312 
1573,-7.812 
1573,-9.766 
1573,-16.682 
1573,-23.641 
1573,-31.974 
1573,80.312 
1574,-6.641 
1574,-9.766 
1574,-26.432 
1574,-19.141 
1574,-34.292 
1574,108.062 
1575,-6.641 
1575,-9.766 
1575,-30.932 
1575,-48.974 
1575,-32.625 
1575,107.312 
1576,-6.641 
1576,-18.766 
1576,-26.042 
1576,-28.271 
1576,-39.542 
1576,101.146 
1577,-6.641 
1577,-8.854 
1577,-16.292 
1577,-30.354 
1577,-28.125 
1577,107.312 
1578,-6.641 
1578,-18.766 
1578,-7.292 
1578,-19.271 
1578,-16.292 
1578,128.146 
1579,-7.812 
1579,-14.917 
1579,-12.312 
1579,-20.833 
1579,-45.474 
1579,126.062 
1580,-7.812 
1580,-14.917 
1580,-12.312 
1580,-37.141 
1580,-11.792 
1580,101.146 
1581,-7.812 
1581,-14.917 
1581,-16.682 
1581,-30.224 
1581,-32.625 
1581,107.312 
1582,-6.641 
1582,-28.516 
1582,-30.932 
1582,-23.641 
1582,-11.141 
1582,128.146 
1583,-6.641 
1583,-28.516 
1583,-30.542 
1583,-32.771 
1583,-20.792 
1583,101.146 
1584,-7.812 
1584,-31.250 
1584,-37.516 
1584,-44.474 
1584,-32.625 
1584,107.312 
1585,-6.641 
1585,-28.516 
1585,-30.932 
1585,-38.021 
1585,-39.542 
1585,107.312 
1586,-7.812 
1586,-14.917 
1586,-12.312 
1586,-25.333 
1586,-35.724 
1586,100.104 
1587,-7.812 
1587,-10.417 
1587,-33.146 
1587,-44.474 
1587,-31.974 
1587,107.312 
1588,-6.641 
1588,-18.766 
1588,-26.432 
1588,-28.141 
1588,-20.141 
1588,119.146 
1589,-7.812 
1589,-14.917 
1589,-12.312 
1589,-28.141 
1589,-11.792 
1589,119.146 
1590,-7.812 
1590,-18.766 
1590,-28.516 
1590,-43.562 
1590,-40.583 
1590,88.271 
1591,-6.641 
1591,-18.766 
1591,-30.932 
1591,-32.641 
1591,-20.141 
1591,101.146 
1592,-7.812 
1592,-14.266 
1592,-12.182 
1592,-19.271 
1592,-37.125 
1592,126.062 
1593,-6.641 
1593,-26.562 
1593,-34.000 
1593,-27.229 
1593,-19.750 
1593,109.104 
1594,-7.812 
1594,-14.917 
1594,-16.682 
1594,-23.641 
1594,-26.042 
1594,107.312 
1595,-7.812 
1595,-14.917 
1595,-28.646 
1595,-44.474 
1595,-31.974 
1595,108.062 
1596,-6.641 
1596,-28.516 
1596,-26.432 
1596,-19.141 
1596,-40.974 
1596,108.062 
1597,-6.641 
1597,-28.516 
1597,-35.432 
1597,-39.974 
1597,-46.125 
1597,108.062 
1598,-7.812 
1598,-18.766 
1598,-26.042 
1598,-28.271 
1598,-39.542 
1598,80.312 
1599,-6.641 
1599,-28.516 
1599,-26.432 
1599,-37.271 
1599,-37.125 
1599,80.312 
1600,-7.812 
1600,-10.417 
1600,-16.812 
1600,-25.333 
1600,-45.474 
1600,117.062 
1601,-7.812 
1601,-31.250 
1601,-28.646 
1601,-48.224 
1601,-40.974 
1601,80.312 
1602,-6.641 
1602,-9.766 
1602,-21.182 
1602,-22.729 
1602,-36.083 
1602,88.271 
1603,-7.812 
1603,-10.417 
1603,-7.812 
1603,-19.141 
1603,-40.974 
1603,108.062 
1604,-7.812 
1604,-28.516 
1604,-30.932 
1604,-38.021 
1604,-39.542 
1604,128.146 
1605,-7.812 
1605,-10.417 
1605,-16.812 
1605,-23.641 
1605,-27.474 
1605,107.312 
1606,-7.812 
1606,-14.917 
1606,-16.682 
1606,-34.724 
1606,-38.557 
1606,105.979 
1607,-7.812 
1607,-9.766 
1607,-29.500 
1607,-31.729 
1607,-40.583 
1607,88.271 
1608,-6.641 
1608,-9.766 
1608,-16.682 
1608,-4.891 
1608,-8.724 
1608,126.062 
1609,-6.641 
1609,-28.516 
1609,-35.042 
1609,-28.271 
1609,-37.125 
1609,80.312 
1610,-7.812 
1610,-18.766 
1610,-16.682 
1610,-9.391 
1610,-17.724 
1610,109.104 
1611,-6.641 
1611,-26.562 
1611,-29.500 
1611,-31.729 
1611,-36.083 
1611,88.271 
1612,-7.812 
1612,-14.917 
1612,-28.646 
1612,-39.224 
1612,-31.583 
1612,88.271 
1613,-7.812 
1613,-14.917 
1613,-33.146 
1613,-25.724 
1613,-29.557 
1613,88.271 
1614,-7.812 
1614,-18.766 
1614,-16.682 
1614,-9.391 
1614,-7.292 
1614,101.146 
1615,-6.641 
1615,-18.766 
1615,-7.292 
1615,-30.354 
1615,-28.125 
1615,117.062 
1616,-7.812 
1616,-14.266 
1616,-12.182 
1616,-4.891 
1616,-13.224 
1616,99.062 
1617,-7.812 
1617,-10.417 
1617,-7.682 
1617,-13.891 
1617,-25.292 
1617,99.062 
1618,-7.812 
1618,-10.417 
1618,-26.432 
1618,-32.641 
1618,-25.292 
1618,108.062 
1619,-6.641 
1619,-14.266 
1619,-28.516 
1619,-25.724 
1619,-34.057 
1619,105.979 
1620,-7.812 
1620,-14.917 
1620,-12.312 
1620,-25.333 
1620,-54.474 
1620,80.312 
1621,-6.641 
1621,-9.766 
1621,-16.682 
1621,-23.641 
1621,-27.474 
1621,108.062 
1622,-7.812 
1622,-14.917 
1622,-12.182 
1622,-4.891 
1622,-8.724 
1622,126.062 
1623,-7.812 
1623,-31.250 
1623,-28.646 
1623,-50.667 
1623,-34.057 
1623,105.979 
1624,-7.812 
1624,-31.250 
1624,-33.016 
1624,-30.354 
1624,-41.625 
1624,107.312 
1625,-7.812 
1625,-9.766 
1625,-21.182 
1625,-23.641 
1625,-26.042 
1625,128.146 
1626,-7.812 
1626,-14.917 
1626,-28.646 
1626,-46.167 
1626,-56.557 
1626,105.979 
1627,-6.641 
1627,-14.266 
1627,-12.182 
1627,-23.641 
1627,-11.141 
1627,101.146 
1628,-7.812 
1628,-9.766 
1628,-7.682 
1628,-30.224 
1628,-31.974 
1628,108.062 
1629,-7.812 
1629,-18.766 
1629,-16.682 
1629,-30.224 
1629,-38.557 
1629,88.271 
1630,-6.641 
1630,-9.766 
1630,-7.682 
1630,-19.141 
1630,-44.042 
1630,119.146 
1631,-6.641 
1631,-9.766 
1631,-16.292 
1631,-25.854 
1631,-22.875 
1631,126.062 
1632,-7.812 
1632,-14.917 
1632,-12.312 
1632,-28.141 
1632,-11.792 
1632,119.146 
1633,-7.812 
1633,-28.516 
1633,-30.932 
1633,-28.271 
1633,-20.792 
1633,108.062 
1634,-7.812 
1634,-9.766 
1634,-7.682 
1634,-21.224 
1634,-36.375 
1634,99.062 
1635,-7.812 
1635,-31.250 
1635,-33.146 
1635,-46.167 
1635,-56.557 
1635,105.979 
1636,-6.641 
1636,-28.516 
1636,-39.932 
1636,-32.641 
1636,-11.792 
1636,101.146 
1637,-7.812 
1637,-31.250 
1637,-33.016 
1637,-30.354 
1637,-41.625 
1637,107.312 
1638,-7.812 
1638,-14.917 
1638,-12.182 
1638,-21.224 
1638,-37.125 
1638,107.312 
1639,-7.812 
1639,-10.417 
1639,-7.812 
1639,-37.141 
1639,-36.474 
1639,107.312 
1640,-7.812 
1640,-31.250 
1640,-33.146 
1640,-25.333 
1640,-31.974 
1640,107.312 
1641,-7.812 
1641,-10.417 
1641,-33.146 
1641,-46.167 
1641,-34.057 
1641,88.271 
1642,-6.641 
1642,-14.266 
1642,-12.182 
1642,-4.891 
1642,-24.250 
1642,100.104 
1643,-6.641 
1643,-18.766 
1643,-30.932 
1643,-32.641 
1643,-40.974 
1643,80.312 
1644,-7.812 
1644,-9.766 
1644,-26.432 
1644,-32.641 
1644,-31.974 
1644,80.312 
1645,-6.641 
1645,-9.766 
1645,-28.516 
1645,-57.062 
1645,-36.083 
1645,88.271 
1646,-7.812 
1646,-9.766 
1646,-11.792 
1646,-30.354 
1646,-41.625 
1646,107.312 
1647,-6.641 
1647,-28.516 
1647,-35.432 
1647,-23.641 
1647,-31.974 
1647,80.312 
1648,-6.641 
1648,-14.266 
1648,-7.292 
1648,-14.021 
1648,-22.875 
1648,117.062 
1649,-7.812 
1649,-14.917 
1649,-33.146 
1649,-25.724 
1649,-13.224 
1649,100.104 
1650,-7.812 
1650,-14.917 
1650,-12.312 
1650,-23.641 
1650,-25.292 
1650,99.062 
1651,-6.641 
1651,-28.516 
1651,-30.932 
1651,-23.771 
1651,-39.542 
1651,119.146 
1652,-7.812 
1652,-10.417 
1652,-7.682 
1652,-30.224 
1652,-31.974 
1652,107.312 
1653,-7.812 
1653,-9.766 
1653,-16.292 
1653,-28.271 
1653,-39.542 
1653,80.312 
1654,-7.812 
1654,-9.766 
1654,-16.292 
1654,-19.271 
1654,-35.042 
1654,107.312 
1655,-6.641 
1655,-9.766 
1655,-21.182 
1655,-30.224 
1655,-31.583 
1655,109.104 
1656,-7.812 
1656,-31.250 
1656,-37.646 
1656,-41.667 
1656,-56.557 
1656,88.271 
1657,-7.812 
1657,-9.766 
1657,-37.516 
1657,-43.562 
1657,-40.583 
1657,109.104 
1658,-7.812 
1658,-31.250 
1658,-28.516 
1658,-39.354 
1658,-37.125 
1658,108.062 
1659,-6.641 
1659,-18.766 
1659,-12.182 
1659,-13.891 
1659,-22.224 
1659,99.062 
1660,-7.812 
1660,-28.516 
1660,-35.042 
1660,-28.271 
1660,-37.125 
1660,80.312 
1661,-6.641 
1661,-18.766 
1661,-25.000 
1661,-27.229 
1661,-40.583 
1661,88.271 
1662,-7.812 
1662,-31.250 
1662,-37.646 
1662,-39.974 
1662,-46.125 
1662,107.312 
1663,-7.812 
1663,-10.417 
1663,-7.812 
1663,-19.141 
1663,-40.974 
1663,107.312 
1664,-7.812 
1664,-31.250 
1664,-33.146 
1664,-39.224 
1664,-31.974 
1664,107.312 
1665,-6.641 
1665,-28.516 
1665,-35.042 
1665,-38.021 
1665,-35.042 
1665,107.312 
1666,-6.641 
1666,-14.266 
1666,-7.292 
1666,-14.021 
1666,-20.792 
1666,108.062 
1667,-6.641 
1667,-28.516 
1667,-39.932 
1667,-23.771 
1667,-39.542 
1667,80.312 
1668,-7.812 
1668,-9.766 
1668,-30.932 
1668,-32.641 
1668,-26.042 
1668,128.146 
1669,-7.812 
1669,-14.917 
1669,-28.646 
1669,-39.224 
1669,-31.974 
1669,107.312 
1670,-7.812 
1670,-10.417 
1670,-7.812 
1670,-37.141 
1670,-7.292 
1670,126.062 
1671,-7.812 
1671,-28.516 
1671,-35.432 
1671,-39.974 
1671,-46.125 
1671,107.312 
1672,-7.812 
1672,-14.917 
1672,-35.432 
1672,-42.521 
1672,-39.542 
1672,101.146 
1673,-7.812 
1673,-14.917 
1673,-30.932 
1673,-28.271 
1673,-37.125 
1673,108.062 
1674,-6.641 
1674,-18.766 
1674,-12.182 
1674,-13.891 
1674,-22.224 
1674,99.062 
1675,-7.812 
1675,-9.766 
1675,-7.682 
1675,-21.224 
1675,-54.083 
1675,88.271 
1676,-6.641 
1676,-9.766 
1676,-37.516 
1676,-34.724 
1676,-32.625 
1676,108.062 
1677,-6.641 
1677,-18.766 
1677,-16.682 
1677,-9.391 
1677,-17.724 
1677,108.062 
1678,-6.641 
1678,-18.766 
1678,-7.292 
1678,-9.521 
1678,-18.375 
1678,99.062 
1679,-7.812 
1679,-14.917 
1679,-12.182 
1679,-28.271 
1679,-20.792 
1679,99.062 
1680,-7.812 
1680,-14.917 
1680,-33.146 
1680,-39.224 
1680,-13.875 
1680,117.062 
1681,-7.812 
1681,-14.917 
1681,-28.646 
1681,-25.333 
1681,-45.474 
1681,126.062 
1682,-7.812 
1682,-10.417 
1682,-7.682 
1682,-30.224 
1682,-45.083 
1682,88.271 
1683,-7.812 
1683,-31.250 
1683,-37.646 
1683,-41.667 
1683,-34.057 
1683,105.979 
1684,-6.641 
1684,-28.516 
1684,-39.932 
1684,-53.474 
1684,-32.625 
1684,99.062 
1685,-7.812 
1685,-14.266 
1685,-12.182 
1685,-19.271 
1685,-20.792 
1685,119.146 
1686,-6.641 
1686,-18.766 
1686,-28.516 
1686,-34.724 
1686,-31.583 
1686,88.271 
1687,-7.812 
1687,-14.917 
1687,-30.932 
1687,-39.974 
1687,-31.974 
1687,107.312 
1688,-7.812 
1688,-31.250 
1688,-28.516 
1688,-34.724 
1688,-45.083 
1688,88.271 
1689,-7.812 
1689,-31.250 
1689,-37.516 
1689,-44.474 
1689,-40.974 
1689,126.062 
1690,-6.641 
1690,-9.766 
1690,-30.932 
1690,-32.641 
1690,-20.141 
1690,119.146 
1691,-7.812 
1691,-14.917 
1691,-26.432 
1691,-23.771 
1691,-39.542 
1691,107.312 
1692,-7.812 
1692,-31.250 
1692,-46.516 
1692,-21.354 
1692,-41.625 
1692,99.062 
1693,-7.812 
1693,-14.917 
1693,-33.146 
1693,-41.667 
1693,-34.057 
1693,88.271 
1694,-7.812 
1694,-31.250 
1694,-28.516 
1694,-34.724 
1694,-31.974 
1694,99.062 
1695,-7.812 
1695,-18.766 
1695,-37.516 
1695,-48.974 
1695,-32.625 
1695,99.062 
1696,-7.812 
1696,-10.417 
1696,-25.682 
1696,-25.724 
1696,-22.224 
1696,109.104 
1697,-6.641 
1697,-14.266 
1697,-12.182 
1697,-4.891 
1697,-8.724 
1697,126.062 
1698,-6.641 
1698,-18.766 
1698,-12.182 
1698,-30.224 
1698,-43.057 
1698,88.271 
1699,-7.812 
1699,-31.250 
1699,-33.146 
1699,-44.474 
1699,-46.125 
1699,107.312 
1700,-7.812 
1700,-10.417 
1700,-35.432 
1700,-28.141 
1700,-40.974 
1700,117.062 
1701,-7.812 
1701,-10.417 
1701,-33.146 
1701,-39.224 
1701,-43.057 
1701,88.271 
1702,-7.812 
1702,-9.766 
1702,-7.682 
1702,-0.391 
1702,-20.141 
1702,128.146 
1703,-7.812 
1703,-10.417 
1703,-33.146 
1703,-44.474 
1703,-31.974 
1703,107.312 
1704,-7.812 
1704,-18.766 
1704,-7.292 
1704,-28.271 
1704,-16.292 
1704,108.062 
1705,-7.812 
1705,-9.766 
1705,-26.042 
1705,-42.521 
1705,-39.542 
1705,107.312 
1706,-7.812 
1706,-10.417 
1706,-35.432 
1706,-19.271 
1706,-20.792 
1706,119.146 
1707,-6.641 
1707,-9.766 
1707,-16.682 
1707,-21.224 
1707,-34.057 
1707,88.271 
1708,-7.812 
1708,-10.417 
1708,-33.146 
1708,-39.224 
1708,-43.057 
1708,88.271 
1709,-7.812 
1709,-10.417 
1709,-35.432 
1709,-19.271 
1709,-37.125 
1709,107.312 
1710,-7.812 
1710,-31.250 
1710,-37.646 
1710,-57.974 
1710,-32.625 
1710,99.062 
1711,-6.641 
1711,-9.766 
1711,-30.932 
1711,-28.271 
1711,-30.542 
1711,107.312 
1712,-6.641 
1712,-28.516 
1712,-35.042 
1712,-28.271 
1712,-20.792 
1712,99.062 
1713,-6.641 
1713,-9.766 
1713,-30.932 
1713,-23.641 
1713,-31.974 
1713,108.062 
1714,-7.812 
1714,-31.250 
1714,-37.516 
1714,-25.854 
1714,-41.625 
1714,108.062 
1715,-6.641 
1715,-18.766 
1715,-37.516 
1715,-48.974 
1715,-32.625 
1715,99.062 
1716,-7.812 
1716,-14.917 
1716,-26.432 
1716,-23.641 
1716,-31.974 
1716,108.062 
1717,-7.812 
1717,-9.766 
1717,-26.042 
1717,-42.521 
1717,-39.542 
1717,128.146 
1718,-7.812 
1718,-10.417 
1718,-28.646 
1718,-34.333 
1718,-31.974 
1718,99.062 
1719,-7.812 
1719,-10.417 
1719,-7.812 
1719,-0.391 
1719,-25.292 
1719,126.062 
1720,-6.641 
1720,-18.766 
1720,-16.682 
1720,-9.391 
1720,-17.724 
1720,109.104 
1721,-7.812 
1721,-14.917 
1721,-12.312 
1721,-4.500 
1721,-6.641 
1721,128.146 
1722,-7.812 
1722,-14.917 
1722,-16.682 
1722,-34.724 
1722,-28.125 
1722,108.062 
1723,-7.812 
1723,-10.417 
1723,-33.146 
1723,-39.224 
1723,-32.625 
1723,108.062 
1724,-7.812 
1724,-31.250 
1724,-46.516 
1724,-30.224 
1724,-22.224 
1724,99.062 
1725,-6.641 
1725,-28.516 
1725,-26.432 
1725,-37.271 
1725,-26.042 
1725,119.146 
1726,-6.641 
1726,-9.766 
1726,-7.682 
1726,-30.224 
1726,-27.375 
1726,126.062 
1727,-7.812 
1727,-14.917 
1727,-12.312 
1727,-23.641 
1727,-27.474 
1727,108.062 
1728,-7.812 
1728,-14.917 
1728,-30.932 
1728,-28.271 
1728,-20.792 
1728,99.062 
1729,-7.812 
1729,-31.250 
1729,-37.646 
1729,-39.974 
1729,-31.974 
1729,107.312 
1730,-7.812 
1730,-14.917 
1730,-12.312 
1730,-28.141 
1730,-11.792 
1730,126.062 
1731,-6.641 
1731,-8.854 
1731,-26.042 
1731,-28.271 
1731,-37.125 
1731,126.062 
1732,-7.812 
1732,-9.766 
1732,-7.682 
1732,-30.224 
1732,-34.057 
1732,88.271 
1733,-7.812 
1733,-31.250 
1733,-33.146 
1733,-25.724 
1733,-34.057 
1733,105.979 
1734,-6.641 
1734,-28.516 
1734,-35.432 
1734,-39.974 
1734,-46.125 
1734,108.062 
1735,-6.641 
1735,-9.766 
1735,-7.682 
1735,-30.224 
1735,-31.974 
1735,108.062 
1736,-7.812 
1736,-14.917 
1736,-33.146 
1736,-57.974 
1736,-32.625 
1736,99.062 
1737,-6.641 
1737,-18.766 
1737,-7.292 
1737,-30.354 
1737,-28.125 
1737,107.312 
1738,-6.641 
1738,-18.766 
1738,-16.682 
1738,-0.521 
1738,-16.292 
1738,108.062 
1739,-7.812 
1739,-28.516 
1739,-26.042 
1739,-28.271 
1739,-37.125 
1739,107.312 
1740,-7.812 
1740,-28.516 
1740,-39.932 
1740,-23.771 
1740,-20.792 
1740,99.062 
1741,-6.641 
1741,-8.854 
1741,-35.042 
1741,-28.271 
1741,-16.292 
1741,108.062 
1742,-7.812 
1742,-14.917 
1742,-35.432 
1742,-23.771 
1742,-39.542 
1742,80.312 
1743,-6.641 
1743,-8.854 
1743,-35.042 
1743,-38.021 
1743,-35.042 
1743,107.312 
1744,-7.812 
1744,-31.250 
1744,-28.646 
1744,-21.224 
1744,-26.724 
1744,117.062 
1745,-7.812 
1745,-14.266 
1745,-30.932 
1745,-39.974 
1745,-31.974 
1745,108.062 
1746,-7.812 
1746,-28.516 
1746,-35.432 
1746,-28.141 
1746,-20.141 
1746,119.146 
1747,-7.812 
1747,-18.766 
1747,-30.932 
1747,-23.771 
1747,-41.625 
1747,80.312 
1748,-7.812 
1748,-31.250 
1748,-33.146 
1748,-48.974 
1748,-32.625 
1748,107.312 
1749,-6.641 
1749,-18.766 
1749,-12.182 
1749,-34.724 
1749,-22.224 
1749,108.062 
1750,-7.812 
1750,-14.917 
1750,-33.146 
1750,-25.724 
1750,-27.375 
1750,105.979 
1751,-6.641 
1751,-8.854 
1751,-26.042 
1751,-42.521 
1751,-39.542 
1751,128.146 
1752,-7.812 
1752,-14.917 
1752,-33.146 
1752,-39.224 
1752,-28.125 
1752,108.062 
1753,-6.641 
1753,-28.516 
1753,-26.042 
1753,-47.021 
1753,-39.542 
1753,119.146 
1754,-7.812 
1754,-10.417 
1754,-35.432 
1754,-28.141 
1754,-20.141 
1754,128.146 
1755,-7.812 
1755,-10.417 
1755,-28.646 
1755,-57.974 
1755,-40.974 
1755,117.062 
1756,-7.812 
1756,-18.766 
1756,-16.682 
1756,-30.224 
1756,-27.083 
1756,100.104 
1757,-6.641 
1757,-8.854 
1757,-16.292 
1757,-25.854 
1757,-22.875 
1757,105.979 
1758,-7.812 
1758,-10.417 
1758,-25.682 
1758,-25.724 
1758,-22.224 
1758,109.104 
1759,-7.812 
1759,-14.917 
1759,-12.312 
1759,-23.641 
1759,-11.141 
1759,119.146 
1760,-7.812 
1760,-18.766 
1760,-7.292 
1760,-28.271 
1760,-39.542 
1760,101.146 
1761,-6.641 
1761,-9.766 
1761,-21.182 
1761,-13.891 
1761,-10.750 
1761,100.104 
1762,-7.812 
1762,-14.917 
1762,-12.312 
1762,-23.641 
1762,-25.292 
1762,108.062 
1763,-7.812 
1763,-31.250 
1763,-28.646 
1763,-57.974 
1763,-40.974 
1763,107.312 
1764,-7.812 
1764,-10.417 
1764,-25.682 
1764,-9.391 
1764,-6.250 
1764,109.104 
1765,-6.641 
1765,-9.766 
1765,-16.682 
1765,-9.521 
1765,-22.875 
1765,105.979 
1766,-6.641 
1766,-28.516 
1766,-26.432 
1766,-48.974 
1766,-31.974 
1766,107.312 
1767,-6.641 
1767,-9.766 
1767,-16.682 
1767,-25.724 
1767,-27.375 
1767,99.062 
1768,-6.641 
1768,-9.766 
1768,-16.682 
1768,-9.521 
1768,-20.792 
1768,99.062 
1769,-7.812 
1769,-10.417 
1769,-25.682 
1769,-19.141 
1769,-26.042 
1769,107.312 
1770,-7.812 
1770,-9.766 
1770,-21.182 
1770,-34.724 
1770,-22.224 
1770,108.062 
1771,-7.812 
1771,-18.766 
1771,-37.516 
1771,-30.224 
1771,-28.125 
1771,108.062 
1772,-6.641 
1772,-9.766 
1772,-34.000 
1772,-27.229 
1772,-40.583 
1772,88.271 
1773,-7.812 
1773,-14.917 
1773,-12.182 
1773,-23.641 
1773,-11.141 
1773,119.146 
1774,-7.812 
1774,-14.266 
1774,-12.182 
1774,-25.724 
1774,-27.375 
1774,105.979 
1775,-7.812 
1775,-10.417 
1775,-35.432 
1775,-38.021 
1775,-35.042 
1775,107.312 
1776,-7.812 
1776,-10.417 
1776,-25.682 
1776,-30.224 
1776,-38.557 
1776,105.979 
1777,-6.641 
1777,-14.266 
1777,-26.042 
1777,-32.771 
1777,-41.625 
1777,80.312 
1778,-6.641 
1778,-18.766 
1778,-16.682 
1778,-19.141 
1778,-36.474 
1778,107.312 
1779,-7.812 
1779,-31.250 
1779,-28.646 
1779,-48.224 
1779,-38.557 
1779,105.979 
1780,-6.641 
1780,-8.854 
1780,-16.292 
1780,-9.521 
1780,-16.292 
1780,108.062 
1781,-6.641 
1781,-28.516 
1781,-35.042 
1781,-28.271 
1781,-16.292 
1781,101.146 
1782,-7.812 
1782,-14.917 
1782,-12.312 
1782,-20.833 
1782,-31.974 
1782,107.312 
1783,-7.812 
1783,-14.917 
1783,-12.312 
1783,-4.891 
1783,-16.292 
1783,119.146 
1784,-6.641 
1784,-9.766 
1784,-30.932 
1784,-32.641 
1784,-11.792 
1784,126.062 
1785,-6.641 
1785,-9.766 
1785,-26.432 
1785,-39.974 
1785,-55.125 
1785,80.312 
1786,-6.641 
1786,-9.766 
1786,-7.682 
1786,-28.271 
1786,-37.125 
1786,126.062 
1787,-7.812 
1787,-31.250 
1787,-28.516 
1787,-48.974 
1787,-31.974 
1787,108.062 
1788,-7.812 
1788,-18.766 
1788,-16.682 
1788,-0.521 
1788,-7.292 
1788,128.146 
1789,-7.812 
1789,-31.250 
1789,-28.516 
1789,-39.974 
1789,-55.125 
1789,99.062 
1790,-7.812 
1790,-14.917 
1790,-28.646 
1790,-48.974 
1790,-32.625 
1790,126.062 
1791,-6.641 
1791,-18.766 
1791,-28.516 
1791,-34.724 
1791,-31.974 
1791,126.062 
1792,-7.812 
1792,-18.766 
1792,-7.292 
1792,-28.271 
1792,-37.125 
1792,80.312 
1793,-7.812 
1793,-31.250 
1793,-37.516 
1793,-25.854 
1793,-32.625 
1793,107.312 
1794,-7.812 
1794,-28.516 
1794,-30.932 
1794,-28.271 
1794,-30.542 
1794,128.146 
1795,-6.641 
1795,-9.766 
1795,-37.516 
1795,-34.724 
1795,-32.625 
1795,108.062 
1796,-6.641 
1796,-9.766 
1796,-33.016 
1796,-25.724 
1796,-34.057 
1796,88.271 
1797,-7.812 
1797,-28.516 
1797,-26.432 
1797,-19.141 
1797,-40.974 
1797,107.312 
1798,-6.641 
1798,-9.766 
1798,-29.500 
1798,-31.729 
1798,-19.750 
1798,100.104 
1799,-7.812 
1799,-28.516 
1799,-26.432 
1799,-19.141 
1799,-44.042 
1799,119.146 
1800,-6.641 
1800,-28.516 
1800,-26.042 
1800,-42.521 
1800,-39.542 
1800,107.312 
1801,-6.641 
1801,-18.766 
1801,-30.932 
1801,-53.474 
1801,-40.974 
1801,80.312 
1802,-6.641 
1802,-18.766 
1802,-25.000 
1802,-27.229 
1802,-19.750 
1802,109.104 
1803,-6.641 
1803,-28.516 
1803,-39.932 
1803,-32.641 
1803,-11.792 
1803,101.146 
1804,-7.812 
1804,-10.417 
1804,-7.812 
1804,-13.500 
1804,-33.641 
1804,101.146 
1805,-7.812 
1805,-14.917 
1805,-12.182 
1805,-25.724 
1805,-31.974 
1805,80.312 
1806,-7.812 
1806,-10.417 
1806,-25.682 
1806,-30.224 
1806,-28.125 
1806,80.312 
1807,-7.812 
1807,-14.917 
1807,-33.146 
1807,-39.224 
1807,-22.224 
1807,99.062 
1808,-7.812 
1808,-10.417 
1808,-26.432 
1808,-48.974 
1808,-31.974 
1808,108.062 
1809,-7.812 
1809,-14.917 
1809,-12.312 
1809,-19.141 
1809,-35.042 
1809,128.146 
1810,-7.812 
1810,-18.766 
1810,-26.432 
1810,-38.021 
1810,-35.042 
1810,119.146 
1811,-6.641 
1811,-9.766 
1811,-26.432 
1811,-37.271 
1811,-20.792 
1811,119.146 
1812,-7.812 
1812,-14.266 
1812,-7.292 
1812,-32.771 
1812,-37.125 
1812,108.062 
1813,-7.812 
1813,-10.417 
1813,-35.432 
1813,-28.141 
1813,-11.792 
1813,119.146 
1814,-6.641 
1814,-14.266 
1814,-30.932 
1814,-28.271 
1814,-37.125 
1814,108.062 
1815,-7.812 
1815,-9.766 
1815,-16.682 
1815,-4.891 
1815,-25.292 
1815,99.062 
1816,-6.641 
1816,-9.766 
1816,-28.516 
1816,-34.724 
1816,-45.083 
1816,88.271 
1817,-7.812 
1817,-28.516 
1817,-30.932 
1817,-23.771 
1817,-20.792 
1817,117.062 
1818,-7.812 
1818,-31.250 
1818,-37.516 
1818,-34.724 
1818,-22.224 
1818,108.062 
1819,-7.812 
1819,-14.917 
1819,-12.182 
1819,-19.271 
1819,-20.792 
1819,126.062 
1820,-7.812 
1820,-14.917 
1820,-16.682 
1820,-5.021 
1820,-11.792 
1820,119.146 
1821,-7.812 
1821,-9.766 
1821,-16.682 
1821,-21.224 
1821,-34.057 
1821,105.979 
1822,-7.812 
1822,-18.766 
1822,-37.516 
1822,-21.354 
1822,-37.125 
1822,108.062 
1823,-6.641 
1823,-9.766 
1823,-28.516 
1823,-21.224 
1823,-43.057 
1823,88.271 
1824,-7.812 
1824,-10.417 
1824,-7.682 
1824,-30.224 
1824,-37.125 
1824,107.312 
1825,-7.812 
1825,-10.417 
1825,-35.432 
1825,-44.474 
1825,-32.625 
1825,107.312 
1826,-6.641 
1826,-28.516 
1826,-35.432 
1826,-23.641 
1826,-31.974 
1826,99.062 
1827,-6.641 
1827,-9.766 
1827,-37.516 
1827,-34.724 
1827,-32.625 
1827,107.312 
1828,-6.641 
1828,-9.766 
1828,-30.932 
1828,-23.641 
1828,-35.042 
1828,107.312 
1829,-7.812 
1829,-10.417 
1829,-16.812 
1829,-23.641 
1829,-35.042 
1829,119.146 
1830,-7.812 
1830,-10.417 
1830,-7.812 
1830,-27.391 
1830,-17.724 
1830,109.104 
1831,-7.812 
1831,-9.766 
1831,-16.682 
1831,-9.521 
1831,-11.792 
1831,119.146 
1832,-6.641 
1832,-8.854 
1832,-16.292 
1832,-25.854 
1832,-32.625 
1832,107.312 
1833,-6.641 
1833,-28.516 
1833,-30.932 
1833,-44.474 
1833,-46.125 
1833,108.062 
1834,-6.641 
1834,-9.766 
1834,-28.516 
1834,-21.224 
1834,-36.375 
1834,108.062 
1835,-7.812 
1835,-9.766 
1835,-26.042 
1835,-47.021 
1835,-39.542 
1835,107.312 
1836,-7.812 
1836,-10.417 
1836,-7.682 
1836,-28.141 
1836,-31.974 
1836,108.062 
1837,-7.812 
1837,-10.417 
1837,-7.812 
1837,-0.391 
1837,-33.250 
1837,109.104 
1838,-7.812 
1838,-31.250 
1838,-33.016 
1838,-30.354 
1838,-32.625 
1838,126.062 
1839,-6.641 
1839,-18.766 
1839,-26.432 
1839,-28.141 
1839,-26.042 
1839,128.146 
1840,-7.812 
1840,-10.417 
1840,-28.646 
1840,-34.333 
1840,-35.724 
1840,108.062 
1841,-7.812 
1841,-31.250 
1841,-37.646 
1841,-25.724 
1841,-29.557 
1841,105.979 
1842,-6.641 
1842,-28.516 
1842,-35.432 
1842,-23.641 
1842,-31.974 
1842,99.062 
1843,-7.812 
1843,-10.417 
1843,-33.146 
1843,-25.333 
1843,-31.974 
1843,107.312 
1844,-6.641 
1844,-9.766 
1844,-7.682 
1844,-0.391 
1844,-25.292 
1844,126.062 
1845,-6.641 
1845,-14.266 
1845,-30.932 
1845,-28.271 
1845,-37.125 
1845,107.312 
1846,-7.812 
1846,-9.766 
1846,-7.682 
1846,-28.141 
1846,-35.042 
1846,128.146 
1847,-7.812 
1847,-9.766 
1847,-33.016 
1847,-44.474 
1847,-31.974 
1847,107.312 
1848,-7.812 
1848,-10.417 
1848,-33.146 
1848,-25.724 
1848,-45.083 
1848,88.271 
1849,-7.812 
1849,-14.917 
1849,-26.432 
1849,-28.271 
1849,-20.792 
1849,108.062 
1850,-7.812 
1850,-9.766 
1850,-28.516 
1850,-39.354 
1850,-18.375 
1850,108.062 
1851,-6.641 
1851,-26.562 
1851,-34.000 
1851,-27.229 
1851,-40.583 
1851,100.104 
1852,-7.812 
1852,-9.766 
1852,-21.182 
1852,-13.891 
1852,-10.750 
1852,100.104 
1853,-6.641 
1853,-9.766 
1853,-34.000 
1853,-48.062 
1853,-40.583 
1853,100.104 
1854,-7.812 
1854,-14.917 
1854,-33.146 
1854,-25.724 
1854,-29.557 
1854,105.979 
1855,-6.641 
1855,-18.766 
1855,-26.432 
1855,-19.271 
1855,-35.042 
1855,119.146 
1856,-7.812 
1856,-9.766 
1856,-28.516 
1856,-34.724 
1856,-46.125 
1856,80.312 
1857,-7.812 
1857,-18.766 
1857,-37.516 
1857,-39.974 
1857,-28.125 
1857,107.312 
1858,-7.812 
1858,-10.417 
1858,-28.646 
1858,-21.224 
1858,-46.125 
1858,107.312 
1859,-7.812 
1859,-9.766 
1859,-7.682 
1859,-28.141 
1859,-11.141 
1859,128.146 
1860,-6.641 
1860,-18.766 
1860,-26.042 
1860,-47.021 
1860,-39.542 
1860,101.146 
1861,-7.812 
1861,-14.917 
1861,-28.646 
1861,-25.333 
1861,-45.474 
1861,107.312 
1862,-7.812 
1862,-10.417 
1862,-26.432 
1862,-32.641 
1862,-27.474 
1862,107.312 
1863,-7.812 
1863,-14.917 
1863,-26.432 
1863,-48.974 
1863,-32.625 
1863,107.312 
1864,-7.812 
1864,-10.417 
1864,-7.812 
1864,-37.141 
1864,-7.292 
1864,126.062 
1865,-7.812 
1865,-14.917 
1865,-26.432 
1865,-28.271 
1865,-30.542 
1865,128.146 
1866,-6.641 
1866,-9.766 
1866,-28.516 
1866,-57.062 
1866,-40.583 
1866,88.271 
1867,-6.641 
1867,-28.516 
1867,-35.432 
1867,-28.141 
1867,-36.474 
1867,107.312 
1868,-7.812 
1868,-31.250 
1868,-33.146 
1868,-25.724 
1868,-34.057 
1868,88.271 
1869,-6.641 
1869,-9.766 
1869,-11.792 
1869,-30.354 
1869,-22.875 
1869,105.979 
1870,-7.812 
1870,-9.766 
1870,-33.016 
1870,-44.474 
1870,-31.974 
1870,107.312 
1871,-7.812 
1871,-10.417 
1871,-25.682 
1871,-9.391 
1871,-11.792 
1871,108.062 
1872,-7.812 
1872,-9.766 
1872,-30.932 
1872,-32.641 
1872,-30.542 
1872,119.146 
1873,-7.812 
1873,-31.250 
1873,-37.516 
1873,-44.474 
1873,-40.974 
1873,126.062 
1874,-7.812 
1874,-31.250 
1874,-33.146 
1874,-39.224 
1874,-13.875 
1874,126.062 
1875,-7.812 
1875,-9.766 
1875,-7.682 
1875,-21.224 
1875,-54.083 
1875,100.104 
1876,-7.812 
1876,-14.917 
1876,-30.932 
1876,-23.641 
1876,-31.974 
1876,80.312 
1877,-7.812 
1877,-10.417 
1877,-28.646 
1877,-57.974 
1877,-28.125 
1877,107.312 
1878,-7.812 
1878,-14.266 
1878,-28.516 
1878,-25.724 
1878,-45.083 
1878,88.271 
1879,-7.812 
1879,-9.766 
1879,-26.042 
1879,-28.271 
1879,-37.125 
1879,126.062 
1880,-6.641 
1880,-18.766 
1880,-26.042 
1880,-47.021 
1880,-39.542 
1880,80.312 
1881,-7.812 
1881,-14.917 
1881,-26.432 
1881,-28.271 
1881,-41.625 
1881,108.062 
1882,-6.641 
1882,-18.766 
1882,-37.516 
1882,-48.974 
1882,-32.625 
1882,99.062 
1883,-6.641 
1883,-9.766 
1883,-26.042 
1883,-28.271 
1883,-37.125 
1883,107.312 
1884,-6.641 
1884,-14.266 
1884,-30.932 
1884,-39.974 
1884,-46.125 
1884,108.062 
1885,-7.812 
1885,-10.417 
1885,-25.682 
1885,-25.724 
1885,-31.583 
1885,88.271 
1886,-6.641 
1886,-28.516 
1886,-30.542 
1886,-32.771 
1886,-20.792 
1886,99.062 
1887,-7.812 
1887,-31.250 
1887,-37.646 
1887,-57.974 
1887,-32.625 
1887,80.312 
1888,-7.812 
1888,-9.766 
1888,-7.682 
1888,-0.391 
1888,-20.141 
1888,128.146 
1889,-7.812 
1889,-14.266 
1889,-28.516 
1889,-30.354 
1889,-32.625 
1889,107.312 
1890,-7.812 
1890,-10.417 
1890,-25.682 
1890,-19.141 
1890,-26.042 
1890,107.312 
1891,-7.812 
1891,-28.516 
1891,-35.432 
1891,-19.271 
1891,-37.125 
1891,117.062 
1892,-7.812 
1892,-9.766 
1892,-7.682 
1892,-13.891 
1892,-13.224 
1892,117.062 
1893,-7.812 
1893,-28.516 
1893,-39.932 
1893,-32.641 
1893,-40.974 
1893,99.062 
1894,-7.812 
1894,-10.417 
1894,-28.646 
1894,-39.974 
1894,-55.125 
1894,99.062 
1895,-6.641 
1895,-9.766 
1895,-33.016 
1895,-25.724 
1895,-31.974 
1895,108.062 
1896,-7.812 
1896,-14.917 
1896,-12.182 
1896,-25.724 
1896,-46.125 
1896,99.062 
1897,-6.641 
1897,-26.562 
1897,-34.000 
1897,-48.062 
1897,-40.583 
1897,88.271 
1898,-7.812 
1898,-31.250 
1898,-33.146 
1898,-44.474 
1898,-46.125 
1898,108.062 
1899,-7.812 
1899,-14.917 
1899,-12.312 
1899,-4.500 
1899,-33.641 
1899,101.146 
1900,-7.812 
1900,-9.766 
1900,-7.682 
1900,-36.229 
1900,-36.083 
1900,100.104 
1901,-7.812 
1901,-10.417 
1901,-35.432 
1901,-28.141 
1901,-30.542 
1901,107.312 
1902,-7.812 
1902,-10.417 
1902,-28.646 
1902,-48.224 
1902,-38.557 
1902,88.271 
1903,-7.812 
1903,-10.417 
1903,-26.432 
1903,-19.141 
1903,-34.292 
1903,101.146 
1904,-7.812 
1904,-10.417 
1904,-7.682 
1904,-28.141 
1904,-25.292 
1904,108.062 
1905,-6.641 
1905,-9.766 
1905,-34.000 
1905,-27.229 
1905,-36.083 
1905,109.104 
1906,-7.812 
1906,-31.250 
1906,-37.516 
1906,-25.854 
1906,-32.625 
1906,107.312 
1907,-6.641 
1907,-14.266 
1907,-12.182 
1907,-4.891 
1907,-16.292 
1907,119.146 
1908,-7.812 
1908,-9.766 
1908,-21.182 
1908,-23.771 
1908,-20.792 
1908,108.062 
1909,-6.641 
1909,-28.516 
1909,-26.042 
1909,-28.271 
1909,-37.125 
1909,117.062 
1910,-6.641 
1910,-28.516 
1910,-35.042 
1910,-28.271 
1910,-39.542 
1910,80.312 
1911,-7.812 
1911,-14.917 
1911,-12.312 
1911,-28.141 
1911,-20.141 
1911,128.146 
1912,-6.641 
1912,-26.562 
1912,-34.000 
1912,-27.229 
1912,-19.750 
1912,100.104 
1913,-7.812 
1913,-28.516 
1913,-26.042 
1913,-47.021 
1913,-35.042 
1913,107.312 
1914,-7.812 
1914,-10.417 
1914,-33.146 
1914,-25.333 
1914,-35.724 
1914,108.062 
1915,-7.812 
1915,-14.917 
1915,-28.646 
1915,-48.974 
1915,-40.974 
1915,107.312 
1916,-6.641 
1916,-18.766 
1916,-12.182 
1916,-23.641 
1916,-11.792 
1916,117.062 
1917,-6.641 
1917,-18.766 
1917,-16.682 
1917,-19.271 
1917,-37.125 
1917,108.062 
1918,-7.812 
1918,-28.516 
1918,-35.432 
1918,-28.141 
1918,-26.042 
1918,107.312 
1919,-7.812 
1919,-31.250 
1919,-28.516 
1919,-21.224 
1919,-40.974 
1919,108.062 
1920,-7.812 
1920,-31.250 
1920,-33.016 
1920,-25.724 
1920,-27.375 
1920,126.062 
1921,-6.641 
1921,-26.562 
1921,-34.000 
1921,-27.229 
1921,-36.083 
1921,88.271 
1922,-6.641 
1922,-14.266 
1922,-25.000 
1922,-31.729 
1922,-40.583 
1922,100.104 
1923,-7.812 
1923,-18.766 
1923,-16.682 
1923,-19.271 
1923,-37.125 
1923,99.062 
1924,-7.812 
1924,-31.250 
1924,-46.516 
1924,-30.224 
1924,-31.974 
1924,117.062 
1925,-7.812 
1925,-9.766 
1925,-16.682 
1925,-25.724 
1925,-13.224 
1925,117.062 
1926,-6.641 
1926,-9.766 
1926,-30.932 
1926,-32.641 
1926,-40.974 
1926,117.062 
1927,-7.812 
1927,-28.516 
1927,-26.042 
1927,-47.021 
1927,-39.542 
1927,119.146 
1928,-7.812 
1928,-31.250 
1928,-33.146 
1928,-39.224 
1928,-31.974 
1928,107.312 
1929,-6.641 
1929,-26.562 
1929,-34.000 
1929,-27.229 
1929,-19.750 
1929,109.104 
1930,-7.812 
1930,-10.417 
1930,-7.682 
1930,-28.271 
1930,-35.042 
1930,107.312 
1931,-6.641 
1931,-28.516 
1931,-30.542 
1931,-51.521 
1931,-39.542 
1931,80.312 
1932,-7.812 
1932,-10.417 
1932,-25.682 
1932,-30.224 
1932,-27.083 
1932,88.271 
1933,-6.641 
1933,-18.766 
1933,-16.682 
1933,-0.521 
1933,-16.292 
1933,108.062 
1934,-7.812 
1934,-14.917 
1934,-16.682 
1934,-22.729 
1934,-36.083 
1934,88.271 
1935,-6.641 
1935,-28.516 
1935,-35.432 
1935,-39.974 
1935,-46.125 
1935,108.062 
1936,-7.812 
1936,-31.250 
1936,-37.516 
1936,-34.724 
1936,-31.974 
1936,126.062 
1937,-7.812 
1937,-9.766 
1937,-16.292 
1937,-19.271 
1937,-16.292 
1937,126.062 
1938,-7.812 
1938,-10.417 
1938,-33.146 
1938,-48.974 
1938,-32.625 
1938,107.312 
1939,-7.812 
1939,-14.917 
1939,-12.312 
1939,-25.333 
1939,-45.474 
1939,107.312 
1940,-7.812 
1940,-10.417 
1940,-16.812 
1940,-28.141 
1940,-40.974 
1940,117.062 
1941,-7.812 
1941,-10.417 
1941,-26.432 
1941,-32.641 
1941,-35.042 
1941,107.312 
1942,-7.812 
1942,-31.250 
1942,-37.646 
1942,-57.974 
1942,-40.974 
1942,99.062 
1943,-6.641 
1943,-18.766 
1943,-25.000 
1943,-27.229 
1943,-36.083 
1943,88.271 
1944,-7.812 
1944,-14.917 
1944,-12.312 
1944,-28.141 
1944,-40.974 
1944,107.312 
1945,-7.812 
1945,-18.766 
1945,-26.042 
1945,-38.021 
1945,-39.542 
1945,107.312 
1946,-7.812 
1946,-31.250 
1946,-33.146 
1946,-25.724 
1946,-34.057 
1946,88.271 
1947,-6.641 
1947,-18.766 
1947,-16.682 
1947,-19.271 
1947,-37.125 
1947,80.312 
1948,-6.641 
1948,-28.516 
1948,-30.932 
1948,-23.771 
1948,-39.542 
1948,107.312 
1949,-7.812 
1949,-14.917 
1949,-12.182 
1949,-27.229 
1949,-36.083 
1949,88.271 
1950,-6.641 
1950,-18.766 
1950,-12.182 
1950,-23.641 
1950,-20.141 
1950,128.146 
1951,-7.812 
1951,-10.417 
1951,-28.646 
1951,-34.333 
1951,-31.974 
1951,99.062 
1952,-7.812 
1952,-14.917 
1952,-12.182 
1952,-27.229 
1952,-36.083 
1952,88.271 
1953,-6.641 
1953,-8.854 
1953,-16.292 
1953,-25.854 
1953,-22.875 
1953,108.062 
1954,-6.641 
1954,-18.766 
1954,-16.682 
1954,-9.391 
1954,-7.292 
1954,108.062 
1955,-6.641 
1955,-18.766 
1955,-25.000 
1955,-48.062 
1955,-36.083 
1955,88.271 
1956,-7.812 
1956,-31.250 
1956,-28.646 
1956,-21.224 
1956,-46.125 
1956,117.062 
1957,-7.812 
1957,-10.417 
1957,-16.812 
1957,-37.141 
1957,-40.974 
1957,99.062 
1958,-7.812 
1958,-9.766 
1958,-30.932 
1958,-44.474 
1958,-46.125 
1958,108.062 
1959,-7.812 
1959,-31.250 
1959,-33.146 
1959,-48.974 
1959,-40.974 
1959,107.312 
1960,-7.812 
1960,-10.417 
1960,-25.682 
1960,-28.141 
1960,-30.542 
1960,101.146 
1961,-7.812 
1961,-14.917 
1961,-12.312 
1961,-20.833 
1961,-45.474 
1961,107.312 
1962,-7.812 
1962,-14.917 
1962,-12.182 
1962,-21.224 
1962,-34.057 
1962,105.979 
1963,-6.641 
1963,-9.766 
1963,-33.016 
1963,-25.724 
1963,-27.375 
1963,126.062 
1964,-7.812 
1964,-9.766 
1964,-26.042 
1964,-28.271 
1964,-37.125 
1964,126.062 
1965,-6.641 
1965,-9.766 
1965,-16.682 
1965,-28.271 
1965,-41.625 
1965,80.312 
1966,-7.812 
1966,-10.417 
1966,-33.146 
1966,-39.224 
1966,-43.057 
1966,105.979 
1967,-7.812 
1967,-9.766 
1967,-16.682 
1967,-28.271 
1967,-41.625 
1967,80.312 
1968,-7.812 
1968,-10.417 
1968,-33.146 
1968,-25.333 
1968,-31.974 
1968,107.312 
1969,-6.641 
1969,-9.766 
1969,-28.516 
1969,-39.354 
1969,-37.125 
1969,80.312 
1970,-7.812 
1970,-28.516 
1970,-26.432 
1970,-32.641 
1970,-35.042 
1970,119.146 
1971,-6.641 
1971,-18.766 
1971,-26.432 
1971,-28.141 
1971,-7.292 
1971,126.062 
1972,-6.641 
1972,-8.854 
1972,-11.792 
1972,-32.771 
1972,-30.542 
1972,119.146 
1973,-6.641 
1973,-9.766 
1973,-26.432 
1973,-19.141 
1973,-44.042 
1973,107.312 
1974,-7.812 
1974,-14.917 
1974,-33.146 
1974,-25.724 
1974,-29.557 
1974,88.271 
1975,-6.641 
1975,-18.766 
1975,-12.182 
1975,-23.641 
1975,-40.974 
1975,117.062 
1976,-6.641 
1976,-28.516 
1976,-26.432 
1976,-37.271 
1976,-20.792 
1976,99.062 
1977,-7.812 
1977,-14.917 
1977,-12.182 
1977,-21.224 
1977,-31.974 
1977,108.062 
1978,-7.812 
1978,-10.417 
1978,-7.682 
1978,-0.391 
1978,-33.250 
1978,109.104 
1979,-6.641 
1979,-28.516 
1979,-35.042 
1979,-38.021 
1979,-39.542 
1979,119.146 
1980,-7.812 
1980,-31.250 
1980,-46.516 
1980,-30.224 
1980,-28.125 
1980,107.312 
1981,-7.812 
1981,-14.917 
1981,-16.682 
1981,-23.771 
1981,-30.542 
1981,119.146 
1982,-7.812 
1982,-14.917 
1982,-12.312 
1982,-23.641 
1982,-35.042 
1982,107.312 
1983,-7.812 
1983,-14.917 
1983,-33.146 
1983,-25.724 
1983,-27.375 
1983,105.979 
1984,-7.812 
1984,-9.766 
1984,-34.000 
1984,-27.229 
1984,-36.083 
1984,109.104 
1985,-7.812 
1985,-31.250 
1985,-46.516 
1985,-39.974 
1985,-28.125 
1985,107.312 
1986,-6.641 
1986,-18.766 
1986,-16.682 
1986,-25.724 
1986,-32.625 
1986,108.062 
1987,-7.812 
1987,-9.766 
1987,-28.516 
1987,-57.062 
1987,-40.583 
1987,88.271 
1988,-7.812 
1988,-18.766 
1988,-16.682 
1988,-18.229 
1988,-36.083 
1988,109.104 
1989,-7.812 
1989,-14.917 
1989,-16.682 
1989,-22.729 
1989,-40.583 
1989,100.104 
1990,-6.641 
1990,-28.516 
1990,-26.432 
1990,-32.641 
1990,-31.974 
1990,99.062 
1991,-6.641 
1991,-28.516 
1991,-26.432 
1991,-19.141 
1991,-44.042 
1991,107.312 
1992,-6.641 
1992,-9.766 
1992,-26.432 
1992,-48.974 
1992,-31.974 
1992,108.062 
1993,-7.812 
1993,-18.766 
1993,-16.682 
1993,-25.724 
1993,-13.875 
1993,105.979 
1994,-6.641 
1994,-9.766 
1994,-26.042 
1994,-32.771 
1994,-41.625 
1994,107.312 
1995,-7.812 
1995,-14.917 
1995,-35.432 
1995,-32.641 
1995,-40.974 
1995,99.062 
1996,-6.641 
1996,-9.766 
1996,-16.682 
1996,-4.891 
1996,-16.292 
1996,117.062 
1997,-6.641 
1997,-9.766 
1997,-30.932 
1997,-23.641 
1997,-35.042 
1997,128.146 
1998,-6.641 
1998,-28.516 
1998,-26.432 
1998,-32.641 
1998,-44.042 
1998,101.146 
1999,-6.641 
1999,-9.766 
1999,-16.682 
1999,-21.224 
1999,-13.224 
1999,109.104 
0,-7.812 
0,-10.417 
0,-33.146 
0,-48.974 
0,-40.974 
0,107.312 
1,-6.641 
1,-9.766 
1,-26.432 
1,-37.271 
1,-16.292 
1,108.062 
2,-6.641 
2,-8.854 
2,-16.292 
2,-30.354 
2,-37.125 
2,108.062 
3,-7.812 
3,-14.266 
3,-12.182 
3,-4.891 
3,-13.224 
3,99.062 
4,-7.812 
4,-31.250 
4,-28.516 
4,-39.354 
4,-37.125 
4,107.312 
5,-6.641 
5,-28.516 
5,-26.432 
5,-37.271 
5,-20.792 
5,99.062 
6,-6.641 
6,-8.854 
6,-30.542 
6,-51.521 
6,-39.542 
6,80.312 
7,-7.812 
7,-28.516 
7,-35.432 
7,-38.021 
7,-35.042 
7,107.312 
8,-6.641 
8,-18.766 
8,-7.292 
8,-19.271 
8,-35.042 
8,107.312 
9,-6.641 
9,-8.854 
9,-26.042 
9,-47.021 
9,-35.042 
9,119.146 
10,-7.812 
10,-10.417 
10,-33.146 
10,-25.724 
10,-45.083 
10,88.271 
11,-7.812 
11,-28.516 
11,-35.432 
11,-23.641 
11,-25.292 
11,119.146 
12,-7.812 
12,-10.417 
12,-7.812 
12,-19.141 
12,-40.974 
12,107.312 
13,-6.641 
13,-9.766 
13,-21.182 
13,-30.224 
13,-43.057 
13,88.271 
14,-7.812 
14,-9.766 
14,-7.682 
14,-28.141 
14,-35.042 
14,128.146 
15,-6.641 
15,-8.854 
15,-16.292 
15,-9.521 
15,-18.375 
15,105.979 
16,-7.812 
16,-28.516 
16,-30.932 
16,-48.974 
16,-32.625 
16,126.062 
17,-7.812 
17,-31.250 
17,-46.516 
17,-48.974 
17,-32.625 
17,99.062 
18,-7.812 
18,-31.250 
18,-33.016 
18,-44.474 
18,-46.125 
18,107.312 
19,-7.812 
19,-31.250 
19,-33.016 
19,-25.724 
19,-27.375 
19,108.062 
20,-7.812 
20,-14.917 
20,-33.146 
20,-57.974 
20,-40.974 
20,80.312 
21,-7.812 
21,-14.917 
21,-16.682 
21,-5.021 
21,-18.375 
21,108.062 
22,-7.812 
22,-18.766 
22,-26.042 
22,-28.271 
22,-20.792 
22,108.062 
23,-7.812 
23,-9.766 
23,-33.016 
23,-25.724 
23,-13.224 
23,109.104 
24,-7.812 
24,-10.417 
24,-25.682 
24,-25.724 
24,-43.057 
24,105.979 
25,-7.812 
25,-10.417 
25,-26.432 
25,-47.021 
25,-39.542 
25,107.312 
26,-7.812 
26,-18.766 
26,-16.682 
26,-28.141 
26,-30.542 
26,101.146 
27,-6.641 
27,-28.516 
27,-26.432 
27,-19.141 
27,-40.974 
27,108.062 
28,-7.812 
28,-31.250 
28,-46.516 
28,-30.224 
28,-31.583 
28,88.271 
29,-6.641 
29,-9.766 
29,-7.682 
29,-36.229 
29,-19.750 
29,109.104 
30,-7.812 
30,-14.917 
30,-33.146 
30,-25.724 
30,-27.375 
30,117.062 
31,-7.812 
31,-18.766 
31,-28.516 
31,-34.724 
31,-32.625 
31,107.312 
32,-7.812 
32,-9.766 
32,-34.000 
32,-27.229 
32,-19.750 
32,100.104 
33,-6.641 
33,-9.766 
33,-33.016 
33,-30.354 
33,-22.875 
33,126.062 
34,-7.812 
34,-18.766 
34,-37.516 
34,-21.354 
34,-37.125 
34,107.312 
35,-7.812 
35,-31.250 
35,-37.646 
35,-39.974 
35,-46.125 
35,108.062 
36,-6.641 
36,-8.854 
36,-35.042 
36,-38.021 
36,-39.542 
36,107.312 
37,-7.812 
37,-28.516 
37,-26.432 
37,-37.271 
37,-39.542 
37,101.146 
38,-7.812 
38,-9.766 
38,-7.682 
38,-19.141 
38,-40.974 
38,108.062 
39,-7.812 
39,-31.250 
39,-37.646 
39,-39.224 
39,-28.125 
39,108.062 
40,-6.641 
40,-9.766 
40,-16.292 
40,-25.854 
40,-32.625 
40,126.062 
41,-7.812 
41,-9.766 
41,-7.682 
41,-36.229 
41,-36.083 
41,100.104 
42,-7.812 
42,-14.917 
42,-33.146 
42,-25.333 
42,-31.974 
42,80.312 
43,-6.641 
43,-18.766 
43,-26.432 
43,-28.141 
43,-36.474 
43,126.062 
44,-6.641 
44,-28.516 
44,-26.432 
44,-19.141 
44,-44.042 
44,107.312 
45,-7.812 
45,-10.417 
45,-28.646 
45,-34.333 
45,-13.224 
45,100.104 
46,-6.641 
46,-18.766 
46,-30.932 
46,-53.474 
46,-40.974 
46,80.312 
47,-7.812 
47,-14.917 
47,-12.182 
47,-4.891 
47,-11.141 
47,119.146 
48,-6.641 
48,-14.266 
48,-28.516 
48,-25.724 
48,-13.224 
48,126.062 
49,-6.641 
49,-18.766 
49,-7.292 
49,-9.521 
49,-22.875 
49,99.062 
50,-6.641 
50,-8.854 
50,-26.042 
50,-28.271 
50,-37.125 
50,107.312 
51,-6.641 
51,-9.766 
51,-16.292 
51,-30.354 
51,-18.375 
51,105.979 
52,-6.641 
52,-18.766 
52,-26.432 
52,-38.021 
52,-39.542 
52,119.146 
53,-7.812 
53,-14.917 
53,-12.182 
53,-4.891 
53,-13.224 
53,100.104 
54,-7.812 
54,-14.917 
54,-12.312 
54,-23.641 
54,-11.141 
54,119.146 
55,-6.641 
55,-9.766 
55,-16.682 
55,-4.891 
55,-24.250 
55,100.104 
56,-6.641 
56,-28.516 
56,-39.932 
56,-32.641 
56,-40.974 
56,99.062 
57,-7.812 
57,-31.250 
57,-33.016 
57,-44.474 
57,-31.974 
57,107.312 
58,-7.812 
58,-14.266 
58,-12.182 
58,-23.641 
58,-44.042 
58,101.146 
59,-6.641 
59,-28.516 
59,-35.432 
59,-28.141 
59,-36.474 
59,107.312 
60,-7.812 
60,-9.766 
60,-16.292 
60,-28.271 
60,-37.125 
60,99.062 
61,-6.641 
61,-28.516 
61,-26.042 
61,-32.771 
61,-20.792 
61,108.062 
62,-6.641 
62,-26.562 
62,-29.500 
62,-48.062 
62,-40.583 
62,88.271 
63,-7.812 
63,-31.250 
63,-37.516 
63,-34.724 
63,-31.974 
63,126.062 
64,-6.641 
64,-8.854 
64,-35.042 
64,-28.271 
64,-20.792 
64,99.062 
65,-7.812 
65,-10.417 
65,-25.682 
65,-9.391 
65,-11.141 
65,128.146 
66,-7.812 
66,-14.917 
66,-16.682 
66,-22.729 
66,-19.750 
66,109.104 
67,-7.812 
67,-9.766 
67,-21.182 
67,-13.891 
67,-7.292 
67,128.146 
68,-7.812 
68,-14.917 
68,-33.146 
68,-39.224 
68,-38.557 
68,105.979 
69,-7.812 
69,-28.516 
69,-26.432 
69,-47.021 
69,-39.542 
69,119.146 
70,-6.641 
70,-9.766 
70,-7.682 
70,-21.224 
70,-54.083 
70,100.104 
71,-6.641 
71,-9.766 
71,-37.516 
71,-34.724 
71,-13.875 
71,126.062 
72,-7.812 
72,-31.250 
72,-37.646 
72,-39.224 
72,-28.125 
72,108.062 
73,-7.812 
73,-14.917 
73,-12.312 
73,-19.141 
73,-35.042 
73,107.312 
74,-7.812 
74,-10.417 
74,-26.432 
74,-32.641 
74,-44.042 
74,101.146 
75,-7.812 
75,-9.766 
75,-21.182 
75,-22.729 
75,-19.750 
75,100.104 
76,-6.641 
76,-14.266 
76,-28.516 
76,-25.724 
76,-45.083 
76,109.104 
77,-6.641 
77,-28.516 
77,-30.932 
77,-23.771 
77,-20.792 
77,117.062 
78,-7.812 
78,-14.917 
78,-12.312 
78,-23.641 
78,-11.141 
78,101.146 
79,-7.812 
79,-10.417 
79,-7.682 
79,-0.391 
79,-25.292 
79,126.062 
80,-7.812 
80,-10.417 
80,-26.432 
80,-19.141 
80,-40.974 
80,107.312 
81,-7.812 
81,-9.766 
81,-7.682 
81,-28.271 
81,-16.292 
81,126.062 
82,-7.812 
82,-18.766 
82,-16.682 
82,-19.271 
82,-37.125 
82,107.312 
83,-7.812 
83,-14.917 
83,-35.432 
83,-32.641 
83,-11.792 
83,99.062 
84,-7.812 
84,-9.766 
84,-16.292 
84,-30.354 
84,-37.125 
84,108.062 
85,-7.812 
85,-14.917 
85,-12.312 
85,-25.333 
85,-27.474 
85,107.312 
86,-7.812 
86,-9.766 
86,-16.682 
86,-21.224 
86,-13.224 
86,126.062 
87,-7.812 
87,-14.917 
87,-33.146 
87,-39.224 
87,-38.557 
87,88.271 
88,-7.812 
88,-31.250 
88,-33.146 
88,-46.167 
88,-34.057 
88,88.271 
89,-6.641 
89,-9.766 
89,-7.682 
89,-0.391 
89,-25.292 
89,128.146 
90,-6.641 
90,-9.766 
90,-26.042 
90,-32.771 
90,-20.792 
90,108.062 
91,-6.641 
91,-28.516 
91,-35.432 
91,-23.641 
91,-31.974 
91,80.312 
92,-6.641 
92,-18.766 
92,-16.682 
92,-9.391 
92,-6.250 
92,109.104 
93,-7.812 
93,-14.917 
93,-12.182 
93,-28.271 
93,-41.625 
93,99.062 
94,-6.641 
94,-28.516 
94,-39.932 
94,-32.641 
94,-40.974 
94,80.312 
95,-6.641 
95,-8.854 
95,-11.792 
95,-30.354 
95,-41.625 
95,108.062 
96,-7.812 
96,-14.266 
96,-12.182 
96,-27.229 
96,-36.083 
96,109.104 
97,-6.641 
97,-14.266 
97,-30.932 
97,-23.641 
97,-11.141 
97,101.146 
98,-6.641 
98,-18.766 
98,-26.432 
98,-48.974 
98,-28.125 
98,117.062 
99,-7.812 
99,-9.766 
99,-34.000 
99,-27.229 
99,-40.583 
99,88.271 
100,-6.641 
100,-18.766 
100,-16.682 
100,-19.271 
100,-39.542 
100,80.312 
101,-7.812 
101,-9.766 
101,-34.000 
101,-27.229 
101,-36.083 
101,88.271 
102,-6.641 
102,-28.516 
102,-35.432 
102,-19.271 
102,-35.042 
102,119.146 
103,-7.812 
103,-9.766 
103,-21.182 
103,-13.891 
103,-22.224 
103,108.062 
104,-7.812 
104,-14.917 
104,-26.432 
104,-23.641 
104,-31.974 
104,107.312 
105,-6.641 
105,-26.562 
105,-34.000 
105,-27.229 
105,-19.750 
105,109.104 
106,-7.812 
106,-10.417 
106,-25.682 
106,-9.391 
106,-10.750 
106,109.104 
107,-7.812 
107,-31.250 
107,-37.516 
107,-34.724 
107,-22.224 
107,108.062 
108,-7.812 
108,-10.417 
108,-7.682 
108,-18.521 
108,-18.375 
108,105.979 
109,-7.812 
109,-9.766 
109,-16.292 
109,-23.771 
109,-30.542 
109,128.146 
110,-7.812 
110,-10.417 
110,-26.432 
110,-32.641 
110,-11.141 
110,119.146 
111,-7.812 
111,-14.917 
111,-12.312 
111,-20.833 
111,-45.474 
111,107.312 
112,-7.812 
112,-31.250 
112,-46.516 
112,-30.224 
112,-28.125 
112,108.062 
113,-7.812 
113,-31.250 
113,-28.646 
113,-21.224 
113,-26.724 
113,100.104 
114,-7.812 
114,-10.417 
114,-28.646 
114,-21.224 
114,-40.974 
114,107.312 
115,-7.812 
115,-9.766 
115,-34.000 
115,-48.062 
115,-36.083 
115,88.271 
116,-6.641 
116,-28.516 
116,-26.432 
116,-32.641 
116,-35.042 
116,107.312 
117,-7.812 
117,-10.417 
117,-26.432 
117,-32.641 
117,-25.292 
117,119.146 
118,-6.641 
118,-14.266 
118,-28.516 
118,-25.724 
118,-34.057 
118,105.979 
119,-7.812 
119,-31.250 
119,-28.516 
119,-34.724 
119,-13.224 
119,99.062 
120,-6.641 
120,-28.516 
120,-35.432 
120,-28.141 
120,-26.042 
120,119.146 
121,-7.812 
121,-10.417 
121,-25.682 
121,-9.391 
121,-7.292 
121,108.062 
122,-6.641 
122,-9.766 
122,-16.292 
122,-9.521 
122,-20.792 
122,119.146 
123,-7.812 
123,-9.766 
123,-33.016 
123,-30.354 
123,-22.875 
123,126.062 
124,-7.812 
124,-10.417 
124,-25.682 
124,-30.224 
124,-22.224 
124,99.062 
125,-7.812 
125,-31.250 
125,-37.646 
125,-25.333 
125,-13.224 
125,100.104 
126,-7.812 
126,-10.417 
126,-25.682 
126,-30.224 
126,-27.083 
126,100.104 
127,-7.812 
127,-14.917 
127,-33.146 
127,-39.224 
127,-28.125 
127,108.062 
128,-7.812 
128,-10.417 
128,-25.682 
128,-30.224 
128,-27.083 
128,88.271 
129,-7.812 
129,-31.250 
129,-33.146 
129,-46.167 
129,-34.057 
129,105.979 
130,-7.812 
130,-28.516 
130,-26.432 
130,-19.141 
130,-24.641 
130,119.146 
131,-6.641 
131,-18.766 
131,-7.292 
131,-28.271 
131,-37.125 
131,99.062 
132,-7.812 
132,-28.516 
132,-26.432 
132,-37.271 
132,-26.042 
132,119.146 
133,-7.812 
133,-31.250 
133,-28.516 
133,-39.974 
133,-55.125 
133,80.312 
134,-6.641 
134,-18.766 
134,-16.682 
134,-0.521 
134,-16.292 
134,101.146 
135,-7.812 
135,-14.917 
135,-12.312 
135,-28.141 
135,-40.974 
135,117.062 
136,-7.812 
136,-9.766 
136,-7.682 
136,-30.224 
136,-45.083 
136,88.271 
137,-7.812 
137,-10.417 
137,-35.432 
137,-28.141 
137,-26.042 
137,107.312 
138,-7.812 
138,-28.516 
138,-35.432 
138,-28.141 
138,-26.042 
138,107.312 
139,-7.812 
139,-14.917 
139,-12.312 
139,-4.500 
139,-11.141 
139,119.146 
140,-7.812 
140,-10.417 
140,-28.646 
140,-21.224 
140,-54.083 
140,88.271 
141,-7.812 
141,-18.766 
141,-16.682 
141,-0.521 
141,-18.375 
141,105.979 
142,-7.812 
142,-14.917 
142,-12.312 
142,-4.500 
142,-33.641 
142,101.146 
143,-7.812 
143,-10.417 
143,-7.812 
143,-27.391 
143,-17.724 
143,108.062 
144,-7.812 
144,-18.766 
144,-26.432 
144,-28.141 
144,-20.141 
144,128.146 
145,-7.812 
145,-14.917 
145,-12.312 
145,-4.891 
145,-25.292 
145,101.146 
146,-7.812 
146,-14.917 
146,-35.432 
146,-53.474 
146,-32.625 
146,99.062 
147,-6.641 
147,-18.766 
147,-26.432 
147,-28.141 
147,-20.141 
147,119.146 
148,-7.812 
148,-14.917 
148,-26.432 
148,-23.641 
148,-25.292 
148,108.062 
149,-7.812 
149,-18.766 
149,-26.432 
149,-19.271 
149,-37.125 
149,107.312 
150,-7.812 
150,-14.266 
150,-28.516 
150,-48.062 
150,-40.583 
150,109.104 
151,-7.812 
151,-14.917 
151,-28.646 
151,-44.474 
151,-46.125 
151,107.312 
152,-7.812 
152,-10.417 
152,-35.432 
152,-28.141 
152,-36.474 
152,126.062 
153,-7.812 
153,-14.917 
153,-35.432 
153,-32.641 
153,-20.141 
153,101.146 
154,-7.812 
154,-10.417 
154,-25.682 
154,-28.141 
154,-20.141 
154,101.146 
155,-7.812 
155,-31.250 
155,-33.146 
155,-25.724 
155,-45.083 
155,109.104 
156,-7.812 
156,-14.917 
156,-12.312 
156,-37.141 
156,-20.141 
156,101.146 
157,-7.812 
157,-28.516 
157,-26.432 
157,-32.641 
157,-44.042 
157,101.146 
158,-7.812 
158,-18.766 
158,-7.292 
158,-9.521 
158,-18.375 
158,108.062 
159,-7.812 
159,-10.417 
159,-7.682 
159,-30.224 
159,-31.974 
159,107.312 
160,-7.812 
160,-14.917 
160,-28.646 
160,-39.224 
160,-32.625 
160,107.312 
161,-7.812 
161,-31.250 
161,-33.146 
161,-39.224 
161,-43.057 
161,88.271 
162,-7.812 
162,-31.250 
162,-33.146 
162,-25.724 
162,-13.224 
162,126.062 
163,-6.641 
163,-28.516 
163,-26.042 
163,-42.521 
163,-39.542 
163,128.146 
164,-6.641 
164,-9.766 
164,-26.432 
164,-37.271 
164,-16.292 
164,108.062 
165,-7.812 
165,-14.917 
165,-33.146 
165,-25.724 
165,-13.224 
165,117.062 
166,-7.812 
166,-18.766 
166,-7.292 
166,-28.271 
166,-41.625 
166,80.312 
167,-7.812 
167,-14.917 
167,-33.146 
167,-25.333 
167,-35.724 
167,100.104 
168,-6.641 
168,-9.766 
168,-7.682 
168,-0.391 
168,-25.292 
168,128.146 
169,-7.812 
169,-14.917 
169,-12.312 
169,-28.141 
169,-20.141 
169,119.146 
170,-7.812 
170,-9.766 
170,-7.682 
170,-21.224 
170,-43.057 
170,88.271 
171,-7.812 
171,-14.917 
171,-12.182 
171,-27.229 
171,-40.583 
171,100.104 
172,-7.812 
172,-14.917 
172,-35.432 
172,-53.474 
172,-40.974 
172,80.312 
173,-6.641 
173,-9.766 
173,-7.682 
173,-21.224 
173,-46.125 
173,117.062 
174,-7.812 
174,-10.417 
174,-25.682 
174,-25.724 
174,-22.224 
174,108.062 
175,-7.812 
175,-28.516 
175,-26.042 
175,-42.521 
175,-39.542 
175,128.146 
176,-7.812 
176,-28.516 
176,-26.432 
176,-47.021 
176,-39.542 
176,119.146 
177,-7.812 
177,-31.250 
177,-37.646 
177,-57.974 
177,-32.625 
177,80.312 
178,-7.812 
178,-14.917 
178,-33.146 
178,-39.974 
178,-46.125 
178,107.312 
179,-6.641 
179,-9.766 
179,-30.932 
179,-23.771 
179,-37.125 
179,126.062 
180,-7.812 
180,-28.516 
180,-39.932 
180,-32.641 
180,-11.792 
180,99.062 
181,-7.812 
181,-14.917 
181,-16.682 
181,-30.224 
181,-31.583 
181,88.271 
182,-7.812 
182,-10.417 
182,-16.812 
182,-18.391 
182,-22.224 
182,108.062 
183,-6.641 
183,-9.766 
183,-7.682 
183,-28.141 
183,-31.974 
183,107.312 
184,-6.641 
184,-18.766 
184,-30.932 
184,-32.641 
184,-11.792 
184,101.146 
185,-7.812 
185,-31.250 
185,-37.516 
185,-34.724 
185,-22.224 
185,108.062 
186,-6.641 
186,-9.766 
186,-16.682 
186,-23.641 
186,-27.474 
186,107.312 
187,-6.641 
187,-9.766 
187,-33.016 
187,-30.354 
187,-32.625 
187,126.062 
188,-7.812 
188,-14.917 
188,-12.312 
188,-28.141 
188,-36.474 
188,126.062 
189,-7.812 
189,-10.417 
189,-26.432 
189,-32.641 
189,-44.042 
189,101.146 
190,-6.641 
190,-18.766 
190,-37.516 
190,-30.224 
190,-22.224 
190,99.062 
191,-7.812 
191,-14.917 
191,-28.646 
191,-25.333 
191,-31.974 
191,107.312 
192,-7.812 
192,-9.766 
192,-16.292 
192,-25.854 
192,-22.875 
192,126.062 
193,-6.641 
193,-9.766 
193,-28.516 
193,-39.974 
193,-45.474 
193,80.312 
194,-6.641 
194,-14.266 
194,-26.042 
194,-32.771 
194,-39.542 
194,80.312 
195,-6.641 
195,-9.766 
195,-37.516 
195,-25.854 
195,-22.875 
195,126.062 
196,-6.641 
196,-8.854 
196,-35.042 
196,-28.271 
196,-20.792 
196,108.062 
197,-7.812 
197,-10.417 
197,-33.146 
197,-25.333 
197,-13.224 
197,126.062 
198,-7.812 
198,-9.766 
198,-7.682 
198,-21.224 
198,-40.974 
198,108.062 
199,-7.812 
199,-18.766 
199,-12.182 
199,-23.771 
199,-20.792 
199,119.146 
200,-7.812 
200,-10.417 
200,-7.682 
200,-28.271 
200,-37.125 
200,107.312 
201,-6.641 
201,-9.766 
201,-28.516 
201,-21.224 
201,-26.724 
201,100.104 
202,-6.641 
202,-18.766 
202,-16.682 
202,-18.229 
202,-15.250 
202,109.104 
203,-6.641 
203,-8.854 
203,-16.292 
203,-9.521 
203,-11.792 
203,117.062 
204,-6.641 
204,-9.766 
204,-16.682 
204,-25.724 
204,-13.224 
204,99.062 
205,-7.812 
205,-14.917 
205,-26.432 
205,-23.641 
205,-35.042 
205,128.146 
206,-7.812 
206,-14.917 
206,-12.312 
206,-25.333 
206,-31.974 
206,80.312 
207,-7.812 
207,-18.766 
207,-16.682 
207,-9.391 
207,-11.792 
207,119.146 
208,-7.812 
208,-28.516 
208,-26.042 
208,-32.771 
208,-20.792 
208,128.146 
209,-7.812 
209,-9.766 
209,-16.292 
209,-23.771 
209,-30.542 
209,107.312 
210,-7.812 
210,-18.766 
210,-7.292 
210,-23.771 
210,-41.625 
210,108.062 
211,-6.641 
211,-8.854 
211,-16.292 
211,-30.354 
211,-37.125 
211,80.312 
212,-7.812 
212,-18.766 
212,-26.042 
212,-38.021 
212,-39.542 
212,119.146 
213,-7.812 
213,-31.250 
213,-46.516 
213,-30.224 
213,-38.557 
213,88.271 
214,-7.812 
214,-9.766 
214,-16.682 
214,-28.271 
214,-39.542 
214,80.312 
215,-6.641 
215,-28.516 
215,-30.932 
215,-23.641 
215,-11.141 
215,128.146 
216,-7.812 
216,-31.250 
216,-33.016 
216,-30.354 
216,-22.875 
216,105.979 
217,-7.812 
217,-31.250 
217,-37.646 
217,-57.974 
217,-32.625 
217,99.062 
218,-6.641 
218,-18.766 
218,-30.932 
218,-32.641 
218,-40.974 
218,80.312 
219,-7.812 
219,-10.417 
219,-7.812 
219,-37.141 
219,-36.474 
219,107.312 
220,-7.812 
220,-14.266 
220,-7.292 
220,-23.771 
220,-20.792 
220,119.146 
221,-6.641 
221,-9.766 
221,-33.016 
221,-25.724 
221,-34.057 
221,105.979 
222,-7.812 
222,-28.516 
222,-26.042 
222,-28.271 
222,-37.125 
222,107.312 
223,-6.641 
223,-18.766 
223,-37.516 
223,-30.224 
223,-31.974 
223,107.312 
224,-6.641 
224,-9.766 
224,-16.292 
224,-19.271 
224,-20.792 
224,117.062 
225,-6.641 
225,-14.266 
225,-12.182 
225,-19.271 
225,-37.125 
225,107.312 
226,-6.641 
226,-18.766 
226,-16.682 
226,-19.141 
226,-7.292 
226,126.062 
227,-6.641 
227,-18.766 
227,-26.042 
227,-38.021 
227,-39.542 
227,107.312 
228,-6.641 
228,-18.766 
228,-16.682 
228,-28.141 
228,-20.141 
228,101.146 
229,-7.812 
229,-28.516 
229,-30.932 
229,-32.641 
229,-36.474 
229,107.312 
230,-6.641 
230,-28.516 
230,-35.432 
230,-28.141 
230,-36.474 
230,126.062 
231,-7.812 
231,-10.417 
231,-16.812 
231,-28.141 
231,-20.141 
231,119.146 
232,-7.812 
232,-9.766 
232,-26.042 
232,-28.271 
232,-37.125 
232,107.312 
233,-7.812 
233,-9.766 
233,-26.432 
233,-39.974 
233,-55.125 
233,80.312 
234,-7.812 
234,-14.917 
234,-12.312 
234,-19.141 
234,-31.974 
234,108.062 
235,-6.641 
235,-18.766 
235,-26.432 
235,-28.141 
235,-11.792 
235,126.062 
236,-6.641 
236,-9.766 
236,-37.516 
236,-44.474 
236,-32.625 
236,107.312 
237,-7.812 
237,-14.917 
237,-30.932 
237,-28.271 
237,-20.792 
237,99.062 
238,-6.641 
238,-9.766 
238,-16.292 
238,-19.271 
238,-37.125 
238,107.312 
239,-7.812 
239,-31.250 
239,-33.146 
239,-44.474 
239,-31.974 
239,107.312 
240,-7.812 
240,-14.917 
240,-12.312 
240,-25.333 
240,-35.724 
240,108.062 
241,-6.641 
241,-9.766 
241,-7.682 
241,-21.224 
241,-40.974 
241,107.312 
242,-6.641 
242,-26.562 
242,-34.000 
242,-27.229 
242,-36.083 
242,88.271 
243,-7.812 
243,-18.766 
243,-25.000 
243,-48.062 
243,-40.583 
243,100.104 
244,-6.641 
244,-28.516 
244,-30.932 
244,-44.474 
244,-31.974 
244,108.062 
245,-7.812 
245,-18.766 
245,-7.292 
245,-9.521 
245,-16.292 
245,128.146 
246,-6.641 
246,-18.766 
246,-12.182 
246,-19.271 
246,-30.542 
246,128.146 
247,-7.812 
247,-10.417 
247,-25.682 
247,-19.271 
247,-37.125 
247,99.062 
248,-7.812 
248,-10.417 
248,-35.432 
248,-28.141 
248,-26.042 
248,107.312 
249,-6.641 
249,-28.516 
249,-26.042 
249,-28.271 
249,-35.042 
249,107.312 
250,-7.812 
250,-18.766 
250,-7.292 
250,-9.521 
250,-18.375 
250,108.062 
251,-7.812 
251,-9.766 
251,-28.516 
251,-34.724 
251,-46.125 
251,80.312 
252,-7.812 
252,-9.766 
252,-33.016 
252,-44.474 
252,-46.125 
252,107.312 
253,-7.812 
253,-14.917 
253,-12.182 
253,-28.271 
253,-20.792 
253,101.146 
254,-7.812 
254,-10.417 
254,-33.146 
254,-25.724 
254,-34.057 
254,105.979 
255,-7.812 
255,-28.516 
255,-30.932 
255,-23.641 
255,-35.042 
255,128.146 
256,-6.641 
256,-28.516 
256,-35.432 
256,-19.271 
256,-20.792 
256,117.062 
257,-7.812 
257,-10.417 
257,-16.812 
257,-23.641 
257,-11.141 
257,119.146 
258,-6.641 
258,-14.266 
258,-25.000 
258,-48.062 
258,-40.583 
258,88.271 
259,-7.812 
259,-18.766 
259,-26.042 
259,-38.021 
259,-39.542 
259,119.146 
260,-6.641 
260,-26.562 
260,-29.500 
260,-48.062 
260,-40.583 
260,88.271 
261,-7.812 
261,-10.417 
261,-7.682 
261,-30.224 
261,-34.057 
261,88.271 
262,-6.641 
262,-18.766 
262,-7.292 
262,-28.271 
262,-16.292 
262,108.062 
263,-7.812 
263,-9.766 
263,-7.682 
263,-30.224 
263,-45.083 
263,109.104 
264,-7.812 
264,-14.266 
264,-28.516 
264,-25.724 
264,-13.224 
264,126.062 
265,-7.812 
265,-31.250 
265,-33.146 
265,-25.333 
265,-31.974 
265,108.062 
266,-7.812 
266,-28.516 
266,-39.932 
266,-23.771 
266,-41.625 
266,99.062 
267,-7.812 
267,-10.417 
267,-35.432 
267,-19.271 
267,-37.125 
267,107.312 
268,-6.641 
268,-28.516 
268,-35.432 
268,-19.271 
268,-16.292 
268,126.062 
269,-6.641 
269,-8.854 
269,-16.292 
269,-28.271 
269,-37.125 
269,99.062 
270,-7.812 
270,-9.766 
270,-21.182 
270,-34.724 
270,-31.974 
270,117.062 
271,-7.812 
271,-28.516 
271,-35.432 
271,-48.974 
271,-40.974 
271,117.062 
272,-6.641 
272,-28.516 
272,-26.042 
272,-28.271 
272,-35.042 
272,107.312 
273,-6.641 
273,-8.854 
273,-26.042 
273,-28.271 
273,-37.125 
273,126.062 
274,-6.641 
274,-18.766 
274,-16.682 
274,-9.391 
274,-11.792 
274,108.062 
275,-7.812 
275,-14.917 
275,-12.182 
275,-27.229 
275,-36.083 
275,109.104 
276,-7.812 
276,-14.917 
276,-12.312 
276,-20.833 
276,-31.974 
276,107.312 
277,-7.812 
277,-18.766 
277,-7.292 
277,-9.521 
277,-20.792 
277,99.062 
278,-6.641 
278,-9.766 
278,-34.000 
278,-27.229 
278,-36.083 
278,88.271 
279,-7.812 
279,-18.766 
279,-30.932 
279,-23.771 
279,-41.625 
279,99.062 
280,-6.641 
280,-28.516 
280,-26.042 
280,-28.271 
280,-37.125 
280,126.062 
281,-6.641 
281,-9.766 
281,-7.682 
281,-0.391 
281,-33.250 
281,109.104 
282,-7.812 
282,-28.516 
282,-26.432 
282,-37.271 
282,-39.542 
282,80.312 
283,-7.812 
283,-31.250 
283,-33.016 
283,-25.724 
283,-37.125 
283,126.062 
284,-6.641 
284,-9.766 
284,-37.516 
284,-34.724 
284,-31.974 
284,126.062 
285,-7.812 
285,-14.917 
285,-16.682 
285,-19.271 
285,-20.792 
285,108.062 
286,-6.641 
286,-26.562 
286,-34.000 
286,-48.062 
286,-40.583 
286,100.104 
287,-6.641 
287,-9.766 
287,-37.516 
287,-34.724 
287,-43.057 
287,105.979 
288,-6.641 
288,-14.266 
288,-12.182 
288,-21.224 
288,-45.083 
288,109.104 
289,-7.812 
289,-14.917 
289,-26.432 
289,-28.271 
289,-20.792 
289,108.062 
290,-6.641 
290,-18.766 
290,-7.292 
290,-9.521 
290,-18.375 
290,108.062 
291,-6.641 
291,-9.766 
291,-16.292 
291,-9.521 
291,-20.792 
291,101.146 
292,-7.812 
292,-28.516 
292,-26.432 
292,-37.271 
292,-16.292 
292,108.062 
293,-7.812 
293,-31.250 
293,-33.016 
293,-30.354 
293,-22.875 
293,105.979 
294,-7.812 
294,-10.417 
294,-28.646 
294,-21.224 
294,-46.125 
294,117.062 
295,-7.812 
295,-31.250 
295,-37.516 
295,-34.724 
295,-13.875 
295,105.979 
296,-6.641 
296,-9.766 
296,-16.682 
296,-27.229 
296,-19.750 
296,100.104 
297,-6.641 
297,-14.266 
297,-30.932 
297,-23.641 
297,-31.974 
297,80.312 
298,-7.812 
298,-10.417 
298,-28.646 
298,-34.333 
298,-13.224 
298,99.062 
299,-7.812 
299,-9.766 
299,-16.292 
299,-19.271 
299,-20.792 
299,117.062 
300,-7.812 
300,-9.766 
300,-26.042 
300,-32.771 
300,-41.625 
300,107.312 
301,-7.812 
301,-31.250 
301,-37.516 
301,-34.724 
301,-43.057 
301,105.979 
302,-7.812 
302,-9.766 
302,-21.182 
302,-5.021 
302,-11.792 
302,126.062 
303,-6.641 
303,-18.766 
303,-16.682 
303,-25.724 
303,-32.625 
303,107.312 
304,-7.812 
304,-10.417 
304,-33.146 
304,-25.724 
304,-27.375 
304,108.062 
305,-6.641 
305,-8.854 
305,-35.042 
305,-28.271 
305,-37.125 
305,99.062 
306,-7.812 
306,-10.417 
306,-26.432 
306,-19.141 
306,-44.042 
306,119.146 
307,-6.641 
307,-26.562 
307,-34.000 
307,-48.062 
307,-36.083 
307,88.271 
308,-7.812 
308,-10.417 
308,-35.432 
308,-44.474 
308,-40.974 
308,126.062 
309,-7.812 
309,-14.917 
309,-28.646 
309,-25.333 
309,-13.224 
309,109.104 
310,-6.641 
310,-18.766 
310,-26.432 
310,-19.271 
310,-16.292 
310,126.062 
311,-6.641 
311,-18.766 
311,-7.292 
311,-25.854 
311,-22.875 
311,126.062 
312,-7.812 
312,-31.250 
312,-28.646 
312,-34.333 
312,-27.474 
312,107.312 
313,-6.641 
313,-18.766 
313,-16.682 
313,-25.724 
313,-22.224 
313,108.062 
314,-7.812 
314,-31.250 
314,-37.516 
314,-25.854 
314,-41.625 
314,108.062 
315,-7.812 
315,-14.917 
315,-28.646 
315,-44.474 
315,-46.125 
315,108.062 
316,-7.812 
316,-9.766 
316,-28.516 
316,-39.974 
316,-45.474 
316,99.062 
317,-7.812 
317,-10.417 
317,-16.812 
317,-23.641 
317,-31.974 
317,99.062 
318,-7.812 
318,-9.766 
318,-16.682 
318,-23.641 
318,-31.974 
318,80.312 
319,-7.812 
319,-14.266 
319,-30.932 
319,-28.271 
319,-30.542 
319,119.146 
320,-7.812 
320,-14.917 
320,-30.932 
320,-28.271 
320,-20.792 
320,99.062 
321,-6.641 
321,-14.266 
321,-7.292 
321,-23.771 
321,-20.792 
321,117.062 
322,-7.812 
322,-31.250 
322,-46.516 
322,-30.224 
322,-22.224 
322,108.062 
323,-6.641 
323,-9.766 
323,-37.516 
323,-25.854 
323,-41.625 
323,108.062 
324,-7.812 
324,-10.417 
324,-28.646 
324,-34.333 
324,-54.474 
324,99.062 
325,-7.812 
325,-10.417 
325,-7.682 
325,-30.224 
325,-37.125 
325,126.062 
326,-7.812 
326,-10.417 
326,-7.682 
326,-19.141 
326,-34.292 
326,108.062 
327,-7.812 
327,-31.250 
327,-28.646 
327,-34.333 
327,-31.974 
327,80.312 
328,-6.641 
328,-14.266 
328,-12.182 
328,-21.224 
328,-34.057 
328,88.271 
329,-7.812 
329,-18.766 
329,-25.000 
329,-27.229 
329,-36.083 
329,88.271 
330,-7.812 
330,-14.917 
330,-12.182 
330,-21.224 
330,-34.057 
330,88.271 
331,-6.641 
331,-18.766 
331,-26.042 
331,-28.271 
331,-39.542 
331,80.312 
332,-7.812 
332,-10.417 
332,-7.812 
332,-13.500 
332,-24.641 
332,119.146 
333,-7.812 
333,-18.766 
333,-16.682 
333,-19.271 
333,-26.042 
333,107.312 
334,-7.812 
334,-9.766 
334,-28.516 
334,-34.724 
334,-13.224 
334,99.062 
335,-6.641 
335,-8.854 
335,-26.042 
335,-47.021 
335,-39.542 
335,119.146 
336,-7.812 
336,-14.917 
336,-28.646 
336,-25.333 
336,-31.974 
336,107.312 
337,-6.641 
337,-28.516 
337,-26.432 
337,-19.141 
337,-44.042 
337,107.312 
338,-7.812 
338,-14.266 
338,-12.182 
338,-21.224 
338,-27.375 
338,108.062 
339,-7.812 
339,-31.250 
339,-46.516 
339,-30.224 
339,-28.125 
339,99.062 
340,-7.812 
340,-14.266 
340,-28.516 
340,-25.724 
340,-45.083 
340,88.271 
341,-7.812 
341,-28.516 
341,-35.432 
341,-28.271 
341,-37.125 
341,107.312 
342,-7.812 
342,-31.250 
342,-33.146 
342,-48.974 
342,-40.974 
342,107.312 
343,-7.812 
343,-18.766 
343,-25.000 
343,-27.229 
343,-19.750 
343,100.104 
344,-7.812 
344,-28.516 
344,-39.932 
344,-53.474 
344,-40.974 
344,80.312 
345,-6.641 
345,-28.516 
345,-39.932 
345,-23.771 
345,-41.625 
345,80.312 
346,-7.812 
346,-31.250 
346,-33.146 
346,-46.167 
346,-56.557 
346,105.979 
347,-6.641 
347,-9.766 
347,-7.682 
347,-36.229 
347,-15.250 
347,109.104 
348,-6.641 
348,-9.766 
348,-28.516 
348,-39.354 
348,-37.125 
348,107.312 
349,-7.812 
349,-9.766 
349,-26.432 
349,-47.021 
349,-39.542 
349,119.146 
350,-6.641 
350,-8.854 
350,-16.292 
350,-9.521 
350,-20.792 
350,99.062 
351,-7.812 
351,-18.766 
351,-16.682 
351,-19.271 
351,-26.042 
351,119.146 
352,-7.812 
352,-10.417 
352,-7.812 
352,-37.141 
352,-26.042 
352,107.312 
353,-7.812 
353,-14.917 
353,-33.146 
353,-39.974 
353,-31.974 
353,108.062 
354,-7.812 
354,-10.417 
354,-7.812 
354,-29.833 
354,-45.474 
354,126.062 
355,-7.812 
355,-10.417 
355,-33.146 
355,-25.333 
355,-13.224 
355,126.062 
356,-7.812 
356,-10.417 
356,-7.812 
356,-0.391 
356,-20.141 
356,128.146 
357,-7.812 
357,-14.917 
357,-12.312 
357,-28.141 
357,-40.974 
357,107.312 
358,-7.812 
358,-14.917 
358,-12.182 
358,-21.224 
358,-37.125 
358,107.312 
359,-6.641 
359,-18.766 
359,-16.682 
359,-0.521 
359,-16.292 
359,108.062 
360,-7.812 
360,-9.766 
360,-34.000 
360,-27.229 
360,-36.083 
360,100.104 
361,-6.641 
361,-8.854 
361,-35.042 
361,-47.021 
361,-39.542 
361,80.312 
362,-7.812 
362,-18.766 
362,-16.682 
362,-25.724 
362,-31.583 
362,109.104 
363,-7.812 
363,-10.417 
363,-33.146 
363,-39.224 
363,-31.974 
363,126.062 
364,-7.812 
364,-14.917 
364,-33.146 
364,-39.974 
364,-46.125 
364,107.312 
365,-6.641 
365,-9.766 
365,-33.016 
365,-25.724 
365,-45.083 
365,109.104 
366,-7.812 
366,-18.766 
366,-16.682 
366,-25.724 
366,-43.057 
366,105.979 
367,-7.812 
367,-14.266 
367,-12.182 
367,-23.641 
367,-31.974 
367,99.062 
368,-7.812 
368,-10.417 
368,-7.682 
368,-19.141 
368,-24.641 
368,101.146 
369,-7.812 
369,-9.766 
369,-26.432 
369,-19.141 
369,-24.641 
369,101.146 
370,-7.812 
370,-31.250 
370,-33.146 
370,-25.724 
370,-34.057 
370,88.271 
371,-7.812 
371,-18.766 
371,-26.042 
371,-28.271 
371,-37.125 
371,107.312 
372,-7.812 
372,-14.917 
372,-30.932 
372,-47.021 
372,-39.542 
372,101.146 
373,-6.641 
373,-8.854 
373,-16.292 
373,-28.271 
373,-37.125 
373,108.062 
374,-7.812 
374,-10.417 
374,-7.812 
374,-29.833 
374,-13.224 
374,109.104 
375,-6.641 
375,-14.266 
375,-12.182 
375,-27.229 
375,-36.083 
375,88.271 
376,-6.641 
376,-9.766 
376,-26.432 
376,-32.641 
376,-27.474 
376,107.312 
377,-7.812 
377,-14.917 
377,-30.932 
377,-47.021 
377,-39.542 
377,101.146 
378,-7.812 
378,-28.516 
378,-26.042 
378,-28.271 
378,-35.042 
378,107.312 
379,-6.641 
379,-18.766 
379,-25.000 
379,-27.229 
379,-36.083 
379,109.104 
380,-7.812 
380,-31.250 
380,-37.516 
380,-34.724 
380,-22.224 
380,108.062 
381,-7.812 
381,-31.250 
381,-28.516 
381,-21.224 
381,-26.724 
381,100.104 
382,-7.812 
382,-10.417 
382,-26.432 
382,-32.641 
382,-27.474 
382,108.062 
383,-7.812 
383,-9.766 
383,-33.016 
383,-30.354 
383,-32.625 
383,107.312 
384,-7.812 
384,-28.516 
384,-30.542 
384,-51.521 
384,-39.542 
384,101.146 
385,-6.641 
385,-14.266 
385,-25.000 
385,-48.062 
385,-40.583 
385,109.104 
386,-7.812 
386,-14.917 
386,-26.432 
386,-23.771 
386,-37.125 
386,126.062 
387,-6.641 
387,-14.266 
387,-25.000 
387,-31.729 
387,-40.583 
387,100.104 
388,-6.641 
388,-18.766 
388,-16.682 
388,-19.271 
388,-20.792 
388,99.062 
389,-6.641 
389,-14.266 
389,-12.182 
389,-25.724 
389,-29.557 
389,105.979 
390,-7.812 
390,-28.516 
390,-39.932 
390,-32.641 
390,-20.141 
390,101.146 
391,-7.812 
391,-10.417 
391,-35.432 
391,-38.021 
391,-35.042 
391,119.146 
392,-6.641 
392,-8.854 
392,-11.792 
392,-32.771 
392,-30.542 
392,107.312 
393,-7.812 
393,-28.516 
393,-30.542 
393,-32.771 
393,-39.542 
393,80.312 
394,-7.812 
394,-9.766 
394,-21.182 
394,-34.724 
394,-13.875 
394,99.062 
395,-7.812 
395,-14.917 
395,-12.312 
395,-20.833 
395,-35.724 
395,108.062 
396,-7.812 
396,-10.417 
396,-35.432 
396,-28.141 
396,-30.542 
396,107.312 
397,-6.641 
397,-28.516 
397,-35.432 
397,-19.271 
397,-16.292 
397,126.062 
398,-7.812 
398,-14.917 
398,-35.432 
398,-32.641 
398,-40.974 
398,80.312 
399,-7.812 
399,-14.917 
399,-12.182 
399,-4.891 
399,-13.224 
399,117.062 
400,-6.641 
400,-14.266 
400,-28.516 
400,-48.062 
400,-40.583 
400,109.104 
401,-7.812 
401,-14.266 
401,-12.182 
401,-25.724 
401,-46.125 
401,99.062 
402,-7.812 
402,-14.917 
402,-30.932 
402,-47.021 
402,-39.542 
402,101.146 
403,-7.812 
403,-18.766 
403,-16.682 
403,-9.391 
403,-11.141 
403,128.146 
404,-7.812 
404,-9.766 
404,-30.932 
404,-23.771 
404,-37.125 
404,107.312 
405,-7.812 
405,-14.266 
405,-26.042 
405,-32.771 
405,-39.542 
405,101.146 
406,-7.812 
406,-31.250 
406,-33.016 
406,-25.724 
406,-45.083 
406,109.104 
407,-7.812 
407,-18.766 
407,-26.042 
407,-47.021 
407,-39.542 
407,80.312 
408,-6.641 
408,-9.766 
408,-30.932 
408,-23.641 
408,-35.042 
408,128.146 
409,-7.812 
409,-31.250 
409,-33.146 
409,-25.724 
409,-45.083 
409,109.104 
410,-6.641 
410,-14.266 
410,-12.182 
410,-9.521 
410,-18.375 
410,126.062 
411,-7.812 
411,-9.766 
411,-28.516 
411,-39.354 
411,-28.125 
411,117.062 
412,-6.641 
412,-14.266 
412,-30.932 
412,-23.641 
412,-11.141 
412,119.146 
413,-7.812 
413,-18.766 
413,-16.682 
413,-25.724 
413,-22.224 
413,108.062 
414,-7.812 
414,-10.417 
414,-25.682 
414,-0.521 
414,-16.292 
414,108.062 
415,-7.812 
415,-9.766 
415,-28.516 
415,-48.974 
415,-31.974 
415,108.062 
416,-7.812 
416,-10.417 
416,-35.432 
416,-19.271 
416,-20.792 
416,117.062 
417,-6.641 
417,-18.766 
417,-37.516 
417,-21.354 
417,-37.125 
417,99.062 
418,-7.812 
418,-10.417 
418,-7.812 
418,-19.141 
418,-40.974 
418,108.062 
419,-7.812 
419,-28.516 
419,-35.432 
419,-28.141 
419,-20.141 
419,128.146 
420,-7.812 
420,-9.766 
420,-28.516 
420,-39.354 
420,-28.125 
420,117.062 
421,-7.812 
421,-28.516 
421,-35.432 
421,-23.641 
421,-35.042 
421,107.312 
422,-7.812 
422,-28.516 
422,-35.432 
422,-44.474 
422,-32.625 
422,107.312 
423,-7.812 
423,-31.250 
423,-28.516 
423,-39.974 
423,-55.125 
423,99.062 
424,-6.641 
424,-28.516 
424,-35.432 
424,-47.021 
424,-39.542 
424,101.146 
425,-7.812 
425,-14.917 
425,-35.432 
425,-32.641 
425,-11.792 
425,101.146 
426,-6.641 
426,-18.766 
426,-7.292 
426,-9.521 
426,-18.375 
426,108.062 
427,-6.641 
427,-8.854 
427,-26.042 
427,-28.271 
427,-20.792 
427,119.146 
428,-7.812 
428,-31.250 
428,-28.646 
428,-57.974 
428,-40.974 
428,117.062 
429,-6.641 
429,-14.266 
429,-12.182 
429,-4.891 
429,-16.292 
429,119.146 
430,-7.812 
430,-10.417 
430,-28.646 
430,-57.974 
430,-40.974 
430,107.312 
431,-6.641 
431,-8.854 
431,-11.792 
431,-23.771 
431,-37.125 
431,107.312 
432,-7.812 
432,-10.417 
432,-7.812 
432,-37.141 
432,-20.141 
432,119.146 
433,-6.641 
433,-8.854 
433,-16.292 
433,-25.854 
433,-41.625 
433,108.062 
434,-7.812 
434,-18.766 
434,-16.682 
434,-25.724 
434,-22.224 
434,109.104 
435,-7.812 
435,-28.516 
435,-30.932 
435,-32.641 
435,-40.974 
435,107.312 
436,-7.812 
436,-31.250 
436,-33.016 
436,-44.474 
436,-31.974 
436,107.312 
437,-7.812 
437,-10.417 
437,-7.812 
437,-29.833 
437,-31.974 
437,108.062 
438,-7.812 
438,-28.516 
438,-30.932 
438,-23.771 
438,-39.542 
438,107.312 
439,-7.812 
439,-9.766 
439,-30.932 
439,-38.021 
439,-39.542 
439,107.312 
440,-6.641 
440,-14.266 
440,-28.516 
440,-44.474 
440,-46.125 
440,108.062 
441,-7.812 
441,-10.417 
441,-25.682 
441,-0.521 
441,-7.292 
441,126.062 
442,-7.812 
442,-10.417 
442,-28.646 
442,-34.333 
442,-27.474 
442,108.062 
443,-7.812 
443,-14.917 
443,-26.432 
443,-44.474 
443,-46.125 
443,107.312 
444,-7.812 
444,-9.766 
444,-7.682 
444,-18.521 
444,-20.792 
444,99.062 
445,-6.641 
445,-18.766 
445,-12.182 
445,-22.729 
445,-40.583 
445,100.104 
446,-7.812 
446,-31.250 
446,-33.016 
446,-30.354 
446,-32.625 
446,126.062 
447,-7.812 
447,-9.766 
447,-7.682 
447,-28.141 
447,-25.292 
447,128.146 
448,-7.812 
448,-14.917 
448,-12.182 
448,-25.724 
448,-29.557 
448,88.271 
449,-7.812 
449,-10.417 
449,-16.812 
449,-23.641 
449,-44.042 
449,101.146 
450,-7.812 
450,-10.417 
450,-26.432 
450,-19.141 
450,-24.641 
450,119.146 
451,-7.812 
451,-9.766 
451,-16.682 
451,-25.724 
451,-45.083 
451,100.104 
452,-6.641 
452,-9.766 
452,-7.682 
452,-30.224 
452,-31.974 
452,107.312 
453,-7.812 
453,-18.766 
453,-25.000 
453,-43.562 
453,-40.583 
453,109.104 
454,-7.812 
454,-10.417 
454,-16.812 
454,-23.641 
454,-27.474 
454,107.312 
455,-7.812 
455,-10.417 
455,-35.432 
455,-28.141 
455,-36.474 
455,126.062 
456,-7.812 
456,-31.250 
456,-37.516 
456,-34.724 
456,-43.057 
456,105.979 
457,-6.641 
457,-26.562 
457,-29.500 
457,-48.062 
457,-40.583 
457,109.104 
458,-6.641 
458,-8.854 
458,-11.792 
458,-23.771 
458,-37.125 
458,126.062 
459,-7.812 
459,-9.766 
459,-16.292 
459,-19.271 
459,-37.125 
459,126.062 
460,-7.812 
460,-9.766 
460,-16.292 
460,-28.271 
460,-39.542 
460,101.146 
461,-7.812 
461,-31.250 
461,-33.146 
461,-44.474 
461,-46.125 
461,107.312 
462,-7.812 
462,-9.766 
462,-21.182 
462,-22.729 
462,-19.750 
462,100.104 
463,-7.812 
463,-9.766 
463,-28.516 
463,-21.224 
463,-46.125 
463,117.062 
464,-7.812 
464,-14.917 
464,-30.932 
464,-23.641 
464,-27.474 
464,107.312 
465,-7.812 
465,-31.250 
465,-33.016 
465,-30.354 
465,-22.875 
465,105.979 
466,-7.812 
466,-28.516 
466,-39.932 
466,-53.474 
466,-40.974 
466,99.062 
467,-6.641 
467,-9.766 
467,-7.682 
467,-28.271 
467,-37.125 
467,126.062 
468,-6.641 
468,-28.516 
468,-35.432 
468,-23.641 
468,-11.141 
468,101.146 
469,-7.812 
469,-31.250 
469,-46.516 
469,-30.224 
469,-38.557 
469,105.979 
470,-7.812 
470,-31.250 
470,-33.016 
470,-44.474 
470,-46.125 
470,108.062 
471,-7.812 
471,-28.516 
471,-30.932 
471,-32.641 
471,-36.474 
471,107.312 
472,-7.812 
472,-14.917 
472,-12.312 
472,-25.333 
472,-35.724 
472,108.062 
473,-7.812 
473,-18.766 
473,-12.182 
473,-30.224 
473,-22.224 
473,108.062 
474,-7.812 
474,-10.417 
474,-25.682 
474,-25.724 
474,-43.057 
474,105.979 
475,-7.812 
475,-9.766 
475,-28.516 
475,-21.224 
475,-54.083 
475,88.271 
476,-7.812 
476,-10.417 
476,-26.432 
476,-37.271 
476,-39.542 
476,80.312 
477,-7.812 
477,-9.766 
477,-11.792 
477,-23.771 
477,-39.542 
477,119.146 
478,-7.812 
478,-10.417 
478,-7.682 
478,-36.229 
478,-19.750 
478,100.104 
479,-7.812 
479,-10.417 
479,-25.682 
479,-9.391 
479,-11.141 
479,119.146 
480,-6.641 
480,-8.854 
480,-16.292 
480,-9.521 
480,-18.375 
480,126.062 
481,-7.812 
481,-9.766 
481,-33.016 
481,-25.724 
481,-34.057 
481,105.979 
482,-6.641 
482,-28.516 
482,-39.932 
482,-32.641 
482,-40.974 
482,80.312 
483,-7.812 
483,-10.417 
483,-26.432 
483,-19.141 
483,-44.042 
483,107.312 
484,-6.641 
484,-9.766 
484,-26.432 
484,-37.271 
484,-39.542 
484,101.146 
485,-7.812 
485,-10.417 
485,-7.682 
485,-18.521 
485,-16.292 
485,128.146 
486,-7.812 
486,-14.917 
486,-28.646 
486,-39.224 
486,-22.224 
486,108.062 
487,-6.641 
487,-9.766 
487,-21.182 
487,-23.641 
487,-26.042 
487,128.146 
488,-6.641 
488,-14.266 
488,-7.292 
488,-14.021 
488,-20.792 
488,108.062 
489,-6.641 
489,-28.516 
489,-30.932 
489,-48.974 
489,-40.974 
489,126.062 
490,-6.641 
490,-26.562 
490,-29.500 
490,-31.729 
490,-19.750 
490,100.104 
491,-7.812 
491,-28.516 
491,-26.042 
491,-28.271 
491,-20.792 
491,117.062 
492,-7.812 
492,-18.766 
492,-12.182 
492,-5.021 
492,-11.792 
492,126.062 
493,-6.641 
493,-18.766 
493,-16.682 
493,-28.141 
493,-40.974 
493,99.062 
494,-7.812 
494,-10.417 
494,-33.146 
494,-25.333 
494,-13.224 
494,109.104 
495,-6.641 
495,-28.516 
495,-26.432 
495,-19.141 
495,-44.042 
495,119.146 
496,-7.812 
496,-14.917 
496,-12.182 
496,-25.724 
496,-29.557 
496,88.271 
497,-7.812 
497,-28.516 
497,-26.042 
497,-42.521 
497,-39.542 
497,107.312 
498,-6.641 
498,-28.516 
498,-35.432 
498,-28.141 
498,-26.042 
498,119.146 
499,-7.812 
499,-18.766 
499,-16.682 
499,-19.141 
499,-36.474 
499,126.062 
500,-6.641 
500,-18.766 
500,-16.682 
500,-0.521 
500,-7.292 
500,126.062 
501,-7.812 
501,-10.417 
501,-33.146 
501,-25.333 
501,-45.474 
501,107.312 
502,-6.641 
502,-28.516 
502,-26.432 
502,-47.021 
502,-35.042 
502,107.312 
503,-7.812 
503,-9.766 
503,-33.016 
503,-30.354 
503,-22.875 
503,105.979 
504,-6.641 
504,-8.854 
504,-16.292 
504,-23.771 
504,-41.625 
504,107.312 
505,-7.812 
505,-31.250 
505,-37.516 
505,-25.854 
505,-22.875 
505,126.062 
506,-7.812 
506,-9.766 
506,-21.182 
506,-30.224 
506,-31.974 
506,107.312 
507,-6.641 
507,-18.766 
507,-26.432 
507,-28.141 
507,-36.474 
507,126.062 
508,-6.641 
508,-8.854 
508,-26.042 
508,-28.271 
508,-20.792 
508,126.062 
509,-7.812 
509,-18.766 
509,-7.292 
509,-30.354 
509,-18.375 
509,108.062 
510,-7.812 
510,-9.766 
510,-26.432 
510,-32.641 
510,-25.292 
510,119.146 
511,-6.641 
511,-28.516 
511,-30.542 
511,-51.521 
511,-39.542 
511,80.312 
512,-6.641 
512,-28.516 
512,-35.432 
512,-39.974 
512,-46.125 
512,107.312 
513,-7.812 
513,-31.250 
513,-28.646 
513,-50.667 
513,-56.557 
513,88.271 
514,-6.641 
514,-9.766 
514,-34.000 
514,-27.229 
514,-40.583 
514,88.271 
515,-6.641 
515,-8.854 
515,-26.042 
515,-28.271 
515,-35.042 
515,128.146 
516,-7.812 
516,-28.516 
516,-35.432 
516,-23.641 
516,-44.042 
516,101.146 
517,-6.641 
517,-26.562 
517,-34.000 
517,-27.229 
517,-36.083 
517,88.271 
518,-6.641 
518,-28.516 
518,-35.042 
518,-28.271 
518,-26.042 
518,119.146 
519,-7.812 
519,-18.766 
519,-7.292 
519,-28.271 
519,-37.125 
519,80.312 
520,-7.812 
520,-10.417 
520,-7.812 
520,-0.391 
520,-33.250 
520,109.104 
521,-7.812 
521,-10.417 
521,-26.432 
521,-32.641 
521,-31.974 
521,99.062 
522,-7.812 
522,-14.266 
522,-12.182 
522,-21.224 
522,-34.057 
522,88.271 
523,-7.812 
523,-18.766 
523,-12.182 
523,-34.724 
523,-22.224 
523,99.062 
524,-6.641 
524,-9.766 
524,-33.016 
524,-25.724 
524,-27.375 
524,105.979 
525,-7.812 
525,-10.417 
525,-25.682 
525,-19.271 
525,-16.292 
525,101.146 
526,-7.812 
526,-14.917 
526,-12.182 
526,-25.724 
526,-29.557 
526,88.271 
527,-7.812 
527,-18.766 
527,-26.432 
527,-48.974 
527,-28.125 
527,107.312 
528,-7.812 
528,-14.917 
528,-33.146 
528,-39.224 
528,-38.557 
528,88.271 
529,-7.812 
529,-10.417 
529,-25.682 
529,-19.141 
529,-20.141 
529,128.146 
530,-7.812 
530,-14.266 
530,-7.292 
530,-23.771 
530,-20.792 
530,119.146 
531,-7.812 
531,-14.917 
531,-35.432 
531,-32.641 
531,-40.974 
531,99.062 
532,-7.812 
532,-28.516 
532,-35.432 
532,-19.271 
532,-37.125 
532,107.312 
533,-6.641 
533,-8.854 
533,-16.292 
533,-9.521 
533,-11.792 
533,126.062 
534,-7.812 
534,-14.917 
534,-12.312 
534,-25.333 
534,-45.474 
534,117.062 
535,-6.641 
535,-28.516 
535,-26.432 
535,-48.974 
535,-46.125 
535,108.062 
536,-7.812 
536,-14.917 
536,-33.146 
536,-25.333 
536,-27.474 
536,108.062 
537,-7.812 
537,-14.266 
537,-28.516 
537,-30.354 
537,-41.625 
537,108.062 
538,-7.812 
538,-14.917 
538,-30.932 
538,-23.641 
538,-27.474 
538,107.312 
539,-6.641 
539,-28.516 
539,-26.432 
539,-47.021 
539,-35.042 
539,119.146 
540,-7.812 
540,-14.917 
540,-16.682 
540,-34.724 
540,-22.224 
540,99.062 
541,-6.641 
541,-28.516 
541,-35.432 
541,-23.641 
541,-11.141 
541,119.146 
542,-6.641 
542,-18.766 
542,-30.932 
542,-42.521 
542,-39.542 
542,101.146 
543,-6.641 
543,-9.766 
543,-30.932 
543,-32.641 
543,-30.542 
543,107.312 
544,-7.812 
544,-31.250 
544,-28.646 
544,-48.224 
544,-27.083 
544,100.104 
545,-6.641 
545,-9.766 
545,-30.932 
545,-32.641 
545,-26.042 
545,107.312 
546,-6.641 
546,-18.766 
546,-16.682 
546,-9.391 
546,-7.292 
546,108.062 
547,-7.812 
547,-31.250 
547,-46.516 
547,-30.224 
547,-27.083 
547,100.104 
548,-6.641 
548,-9.766 
548,-21.182 
548,-22.729 
548,-36.083 
548,88.271 
549,-7.812 
549,-10.417 
549,-28.646 
549,-21.224 
549,-46.125 
549,107.312 
550,-7.812 
550,-31.250 
550,-28.646 
550,-48.224 
550,-9.375 
550,105.979 
551,-7.812 
551,-28.516 
551,-39.932 
551,-32.641 
551,-11.792 
551,101.146 
552,-7.812 
552,-10.417 
552,-35.432 
552,-19.271 
552,-35.042 
552,128.146 
553,-6.641 
553,-9.766 
553,-21.182 
553,-34.724 
553,-31.583 
553,88.271 
554,-7.812 
554,-10.417 
554,-33.146 
554,-39.224 
554,-31.583 
554,109.104 
555,-7.812 
555,-14.917 
555,-28.646 
555,-44.474 
555,-46.125 
555,107.312 
556,-7.812 
556,-9.766 
556,-26.432 
556,-37.271 
556,-26.042 
556,119.146 
557,-7.812 
557,-14.266 
557,-7.292 
557,-23.771 
557,-39.542 
557,107.312 
558,-6.641 
558,-9.766 
558,-7.682 
558,-30.224 
558,-45.083 
558,88.271 
559,-6.641 
559,-26.562 
559,-29.500 
559,-48.062 
559,-40.583 
559,109.104 
560,-6.641 
560,-18.766 
560,-16.682 
560,-28.141 
560,-20.141 
560,101.146 
561,-7.812 
561,-18.766 
561,-12.182 
561,-23.641 
561,-26.042 
561,107.312 
562,-7.812 
562,-9.766 
562,-16.292 
562,-9.521 
562,-16.292 
562,128.146 
563,-7.812 
563,-14.917 
563,-30.932 
563,-23.641 
563,-44.042 
563,101.146 
564,-7.812 
564,-9.766 
564,-37.516 
564,-25.854 
564,-41.625 
564,108.062 
565,-7.812 
565,-31.250 
565,-33.016 
565,-25.724 
565,-45.083 
565,88.271 
566,-6.641 
566,-28.516 
566,-26.432 
566,-19.141 
566,-34.292 
566,108.062 
567,-7.812 
567,-28.516 
567,-35.042 
567,-47.021 
567,-39.542 
567,101.146 
568,-7.812 
568,-9.766 
568,-21.182 
568,-19.271 
568,-20.792 
568,108.062 
569,-7.812 
569,-10.417 
569,-35.432 
569,-28.141 
569,-36.474 
569,107.312 
570,-6.641 
570,-18.766 
570,-26.042 
570,-47.021 
570,-39.542 
570,80.312 
571,-7.812 
571,-14.917 
571,-16.682 
571,-30.224 
571,-13.875 
571,108.062 
572,-7.812 
572,-28.516 
572,-30.932 
572,-23.771 
572,-37.125 
572,107.312 
573,-6.641 
573,-18.766 
573,-26.432 
573,-28.141 
573,-36.474 
573,107.312 
574,-6.641 
574,-14.266 
574,-30.932 
574,-23.641 
574,-31.974 
574,80.312 
575,-6.641 
575,-9.766 
575,-7.682 
575,-28.141 
575,-25.292 
575,108.062 
576,-6.641 
576,-9.766 
576,-7.682 
576,-30.224 
576,-34.057 
576,105.979 
577,-6.641 
577,-9.766 
577,-30.932 
577,-48.974 
577,-40.974 
577,107.312 
578,-7.812 
578,-31.250 
578,-28.516 
578,-39.354 
578,-18.375 
578,108.062 
579,-6.641 
579,-18.766 
579,-25.000 
579,-27.229 
579,-19.750 
579,109.104 
580,-7.812 
580,-10.417 
580,-25.682 
580,-9.391 
580,-10.750 
580,100.104 
581,-6.641 
581,-8.854 
581,-16.292 
581,-9.521 
581,-22.875 
581,105.979 
582,-7.812 
582,-10.417 
582,-26.432 
582,-37.271 
582,-20.792 
582,108.062 
583,-7.812 
583,-9.766 
583,-26.042 
583,-32.771 
583,-20.792 
583,128.146 
584,-7.812 
584,-14.917 
584,-16.682 
584,-34.724 
584,-22.224 
584,100.104 
585,-7.812 
585,-14.917 
585,-12.312 
585,-18.391 
585,-17.724 
585,109.104 
586,-7.812 
586,-10.417 
586,-33.146 
586,-25.724 
586,-34.057 
586,105.979 
587,-7.812 
587,-10.417 
587,-28.646 
587,-48.224 
587,-28.125 
587,80.312 
588,-6.641 
588,-18.766 
588,-16.682 
588,-25.724 
588,-31.974 
588,107.312 
589,-7.812 
589,-18.766 
589,-12.182 
589,-34.724 
589,-31.583 
589,100.104 
590,-7.812 
590,-14.266 
590,-12.182 
590,-21.224 
590,-45.083 
590,88.271 
591,-7.812 
591,-18.766 
591,-26.042 
591,-28.271 
591,-20.792 
591,99.062 
592,-6.641 
592,-28.516 
592,-26.432 
592,-37.271 
592,-37.125 
592,107.312 
593,-6.641 
593,-9.766 
593,-26.432 
593,-19.141 
593,-40.974 
593,108.062 
594,-7.812 
594,-28.516 
594,-39.932 
594,-53.474 
594,-40.974 
594,80.312 
595,-6.641 
595,-18.766 
595,-7.292 
595,-9.521 
595,-18.375 
595,108.062 
596,-7.812 
596,-10.417 
596,-35.432 
596,-19.271 
596,-16.292 
596,128.146 
597,-7.812 
597,-9.766 
597,-16.682 
597,-28.271 
597,-39.542 
597,80.312 
598,-7.812 
598,-14.917 
598,-12.182 
598,-21.224 
598,-37.125 
598,126.062 
599,-7.812 
599,-14.917 
599,-12.312 
599,-4.891 
599,-13.224 
599,99.062 
600,-7.812 
600,-28.516 
600,-39.932 
600,-32.641 
600,-20.141 
600,101.146 
601,-6.641 
601,-14.266 
601,-12.182 
601,-23.641 
601,-35.042 
601,119.146 
602,-7.812 
602,-14.266 
602,-12.182 
602,-9.521 
602,-22.875 
602,99.062 
603,-7.812 
603,-14.917 
603,-33.146 
603,-39.974 
603,-31.974 
603,108.062 
604,-7.812 
604,-10.417 
604,-35.432 
604,-19.271 
604,-37.125 
604,126.062 
605,-7.812 
605,-18.766 
605,-12.182 
605,-34.724 
605,-22.224 
605,100.104 
606,-7.812 
606,-10.417 
606,-33.146 
606,-46.167 
606,-56.557 
606,105.979 
607,-7.812 
607,-18.766 
607,-26.042 
607,-28.271 
607,-30.542 
607,107.312 
608,-7.812 
608,-18.766 
608,-30.932 
608,-23.771 
608,-20.792 
608,99.062 
609,-7.812 
609,-9.766 
609,-26.432 
609,-32.641 
609,-27.474 
609,108.062 
610,-7.812 
610,-14.917 
610,-12.312 
610,-20.833 
610,-45.474 
610,107.312 
611,-7.812 
611,-18.766 
611,-28.516 
611,-34.724 
611,-32.625 
611,107.312 
612,-7.812 
612,-18.766 
612,-30.932 
612,-53.474 
612,-32.625 
612,99.062 
613,-7.812 
613,-9.766 
613,-16.682 
613,-25.724 
613,-29.557 
613,88.271 
614,-6.641 
614,-9.766 
614,-26.042 
614,-32.771 
614,-41.625 
614,107.312 
615,-7.812 
615,-31.250 
615,-33.146 
615,-44.474 
615,-31.974 
615,107.312 
616,-7.812 
616,-14.917 
616,-12.312 
616,-28.141 
616,-11.792 
616,119.146 
617,-7.812 
617,-31.250 
617,-37.516 
617,-34.724 
617,-32.625 
617,108.062 
618,-6.641 
618,-9.766 
618,-7.682 
618,-36.229 
618,-19.750 
618,100.104 
619,-7.812 
619,-18.766 
619,-30.932 
619,-53.474 
619,-32.625 
619,99.062 
620,-7.812 
620,-10.417 
620,-25.682 
620,-30.224 
620,-38.557 
620,88.271 
621,-7.812 
621,-28.516 
621,-39.932 
621,-32.641 
621,-30.542 
621,80.312 
622,-7.812 
622,-18.766 
622,-7.292 
622,-28.271 
622,-39.542 
622,80.312 
623,-7.812 
623,-28.516 
623,-39.932 
623,-32.641 
623,-20.141 
623,101.146 
624,-7.812 
624,-31.250 
624,-33.016 
624,-30.354 
624,-41.625 
624,107.312 
625,-7.812 
625,-31.250 
625,-37.646 
625,-25.333 
625,-27.474 
625,107.312 
626,-7.812 
626,-14.917 
626,-33.146 
626,-25.724 
626,-45.083 
626,100.104 
627,-7.812 
627,-10.417 
627,-7.682 
627,-19.141 
627,-40.974 
627,108.062 
628,-6.641 
628,-8.854 
628,-30.542 
628,-32.771 
628,-41.625 
628,99.062 
629,-7.812 
629,-18.766 
629,-16.682 
629,-25.724 
629,-32.625 
629,108.062 
630,-7.812 
630,-31.250 
630,-28.516 
630,-39.354 
630,-41.625 
630,80.312 
631,-7.812 
631,-14.917 
631,-26.432 
631,-44.474 
631,-31.974 
631,108.062 
632,-6.641 
632,-14.266 
632,-7.292 
632,-14.021 
632,-11.792 
632,117.062 
633,-7.812 
633,-14.917 
633,-28.646 
633,-39.224 
633,-31.974 
633,126.062 
634,-7.812 
634,-14.917 
634,-28.646 
634,-39.224 
634,-31.583 
634,109.104 
635,-7.812 
635,-9.766 
635,-30.932 
635,-23.641 
635,-35.042 
635,107.312 
636,-6.641 
636,-9.766 
636,-7.682 
636,-21.224 
636,-36.375 
636,105.979 
637,-7.812 
637,-10.417 
637,-7.812 
637,-19.141 
637,-34.292 
637,108.062 
638,-7.812 
638,-10.417 
638,-25.682 
638,-30.224 
638,-38.557 
638,88.271 
639,-6.641 
639,-18.766 
639,-7.292 
639,-23.771 
639,-30.542 
639,128.146 
640,-6.641 
640,-9.766 
640,-7.682 
640,-28.271 
640,-20.792 
640,117.062 
641,-6.641 
641,-18.766 
641,-16.682 
641,-25.724 
641,-32.625 
641,108.062 
642,-7.812 
642,-14.917 
642,-12.312 
642,-4.891 
642,-24.250 
642,100.104 
643,-7.812 
643,-18.766 
643,-26.042 
643,-28.271 
643,-37.125 
643,80.312 
644,-6.641 
644,-18.766 
644,-37.516 
644,-21.354 
644,-22.875 
644,105.979 
645,-6.641 
645,-8.854 
645,-30.542 
645,-32.771 
645,-41.625 
645,99.062 
646,-7.812 
646,-14.917 
646,-35.432 
646,-42.521 
646,-39.542 
646,80.312 
647,-7.812 
647,-14.917 
647,-33.146 
647,-39.974 
647,-31.974 
647,107.312 
648,-7.812 
648,-10.417 
648,-33.146 
648,-46.167 
648,-34.057 
648,88.271 
649,-6.641 
649,-8.854 
649,-16.292 
649,-19.271 
649,-20.792 
649,119.146 
650,-7.812 
650,-31.250 
650,-28.646 
650,-21.224 
650,-54.083 
650,100.104 
651,-7.812 
651,-10.417 
651,-28.646 
651,-34.333 
651,-35.724 
651,108.062 
652,-7.812 
652,-9.766 
652,-16.682 
652,-4.891 
652,-11.141 
652,101.146 
653,-7.812 
653,-9.766 
653,-21.182 
653,-13.891 
653,-11.141 
653,128.146 
654,-7.812 
654,-14.917 
654,-12.312 
654,-28.141 
654,-40.974 
654,117.062 
655,-6.641 
655,-9.766 
655,-21.182 
655,-23.641 
655,-20.141 
655,119.146 
656,-7.812 
656,-9.766 
656,-16.292 
656,-28.271 
656,-37.125 
656,107.312 
657,-7.812 
657,-14.917 
657,-16.682 
657,-34.724 
657,-31.974 
657,117.062 
658,-7.812 
658,-9.766 
658,-7.682 
658,-28.271 
658,-16.292 
658,128.146 
659,-7.812 
659,-14.917 
659,-12.312 
659,-23.641 
659,-31.974 
659,80.312 
660,-6.641 
660,-14.266 
660,-28.516 
660,-48.062 
660,-40.583 
660,109.104 
661,-7.812 
661,-10.417 
661,-28.646 
661,-50.667 
661,-34.057 
661,88.271 
662,-7.812 
662,-18.766 
662,-37.516 
662,-21.354 
662,-28.125 
662,117.062 
663,-7.812 
663,-10.417 
663,-35.432 
663,-28.141 
663,-36.474 
663,107.312 
664,-6.641 
664,-28.516 
664,-26.432 
664,-37.271 
664,-39.542 
664,80.312 
665,-7.812 
665,-10.417 
665,-25.682 
665,-25.724 
665,-32.625 
665,107.312 
666,-6.641 
666,-9.766 
666,-34.000 
666,-43.562 
666,-40.583 
666,109.104 
667,-7.812 
667,-10.417 
667,-7.812 
667,-29.833 
667,-31.974 
667,107.312 
668,-7.812 
668,-10.417 
668,-33.146 
668,-39.224 
668,-22.224 
668,109.104 
669,-7.812 
669,-18.766 
669,-37.516 
669,-30.224 
669,-40.974 
669,99.062 
670,-7.812 
670,-28.516 
670,-35.432 
670,-28.141 
670,-36.474 
670,107.312 
671,-7.812 
671,-14.917 
671,-12.182 
671,-4.891 
671,-13.224 
671,100.104 
672,-7.812 
672,-9.766 
672,-26.042 
672,-42.521 
672,-39.542 
672,107.312 
673,-7.812 
673,-10.417 
673,-35.432 
673,-28.141 
673,-36.474 
673,107.312 
674,-7.812 
674,-28.516 
674,-35.432 
674,-28.141 
674,-40.974 
674,107.312 
675,-7.812 
675,-18.766 
675,-37.516 
675,-30.224 
675,-28.125 
675,80.312 
676,-6.641 
676,-26.562 
676,-34.000 
676,-27.229 
676,-19.750 
676,109.104 
677,-7.812 
677,-18.766 
677,-7.292 
677,-30.354 
677,-37.125 
677,99.062 
678,-7.812 
678,-14.917 
678,-26.432 
678,-38.021 
678,-39.542 
678,107.312 
679,-6.641 
679,-8.854 
679,-30.542 
679,-51.521 
679,-39.542 
679,80.312 
680,-6.641 
680,-18.766 
680,-30.932 
680,-32.641 
680,-11.792 
680,101.146 
681,-7.812 
681,-9.766 
681,-16.682 
681,-21.224 
681,-45.083 
681,109.104 
682,-6.641 
682,-9.766 
682,-26.432 
682,-32.641 
682,-35.042 
682,119.146 
683,-6.641 
683,-18.766 
683,-37.516 
683,-21.354 
683,-41.625 
683,99.062 
684,-7.812 
684,-18.766 
684,-26.042 
684,-28.271 
684,-20.792 
684,99.062 
685,-6.641 
685,-9.766 
685,-7.682 
685,-30.224 
685,-27.375 
685,105.979 
686,-7.812 
686,-18.766 
686,-30.932 
686,-23.771 
686,-41.625 
686,80.312 
687,-7.812 
687,-18.766 
687,-16.682 
687,-25.724 
687,-43.057 
687,88.271 
688,-6.641 
688,-18.766 
688,-16.682 
688,-25.724 
688,-31.974 
688,107.312 
689,-6.641 
689,-28.516 
689,-35.432 
689,-28.271 
689,-20.792 
689,99.062 
690,-6.641 
690,-9.766 
690,-7.682 
690,-18.521 
690,-18.375 
690,105.979 
691,-7.812 
691,-14.917 
691,-30.932 
691,-28.271 
691,-37.125 
691,107.312 
692,-6.641 
692,-9.766 
692,-16.292 
692,-28.271 
692,-39.542 
692,101.146 
693,-6.641 
693,-9.766 
693,-16.682 
693,-23.641 
693,-25.292 
693,119.146 
694,-7.812 
694,-18.766 
694,-37.516 
694,-39.062 
694,-36.083 
694,88.271 
695,-7.812 
695,-14.917 
695,-28.646 
695,-39.224 
695,-22.224 
695,109.104 
696,-7.812 
696,-9.766 
696,-34.000 
696,-48.062 
696,-40.583 
696,100.104 
697,-7.812 
697,-10.417 
697,-7.812 
697,-13.500 
697,-6.641 
697,128.146 
698,-6.641 
698,-26.562 
698,-34.000 
698,-27.229 
698,-36.083 
698,109.104 
699,-7.812 
699,-14.917 
699,-16.682 
699,-30.224 
699,-13.875 
699,126.062 
700,-7.812 
700,-14.266 
700,-30.932 
700,-23.641 
700,-31.974 
700,99.062 
701,-7.812 
701,-18.766 
701,-37.516 
701,-30.224 
701,-31.583 
701,88.271 
702,-6.641 
702,-9.766 
702,-30.932 
702,-38.021 
702,-39.542 
702,107.312 
703,-7.812 
703,-10.417 
703,-28.646 
703,-57.974 
703,-40.974 
703,117.062 
704,-7.812 
704,-14.917 
704,-12.312 
704,-37.141 
704,-40.974 
704,80.312 
705,-7.812 
705,-28.516 
705,-35.042 
705,-28.271 
705,-26.042 
705,119.146 
706,-7.812 
706,-10.417 
706,-35.432 
706,-28.141 
706,-7.292 
706,126.062 
707,-6.641 
707,-28.516 
707,-26.042 
707,-47.021 
707,-35.042 
707,107.312 
708,-6.641 
708,-28.516 
708,-26.432 
708,-37.271 
708,-26.042 
708,107.312 
709,-6.641 
709,-9.766 
709,-16.292 
709,-23.771 
709,-41.625 
709,107.312 
710,-6.641 
710,-18.766 
710,-26.432 
710,-48.974 
710,-28.125 
710,117.062 
711,-7.812 
711,-14.917 
711,-33.146 
711,-57.974 
711,-32.625 
711,80.312 
712,-7.812 
712,-31.250 
712,-37.516 
712,-44.474 
712,-40.974 
712,107.312 
713,-6.641 
713,-8.854 
713,-35.042 
713,-28.271 
713,-37.125 
713,80.312 
714,-6.641 
714,-9.766 
714,-11.792 
714,-14.021 
714,-22.875 
714,105.979 
715,-6.641 
715,-8.854 
715,-16.292 
715,-28.271 
715,-20.792 
715,108.062 
716,-7.812 
716,-14.917 
716,-12.312 
716,-23.641 
716,-11.141 
716,119.146 
717,-7.812 
717,-28.516 
717,-35.432 
717,-23.641 
717,-35.042 
717,119.146 
718,-6.641 
718,-28.516 
718,-26.432 
718,-47.021 
718,-39.542 
718,119.146 
719,-7.812 
719,-10.417 
719,-33.146 
719,-25.724 
719,-37.125 
719,107.312 
720,-6.641 
720,-9.766 
720,-29.500 
720,-31.729 
720,-36.083 
720,109.104 
721,-7.812 
721,-31.250 
721,-33.146 
721,-25.333 
721,-13.224 
721,126.062 
722,-7.812 
722,-14.917 
722,-12.182 
722,-27.229 
722,-36.083 
722,109.104 
723,-6.641 
723,-9.766 
723,-28.516 
723,-39.354 
723,-28.125 
723,107.312 
724,-6.641 
724,-8.854 
724,-16.292 
724,-30.354 
724,-28.125 
724,107.312 
725,-7.812 
725,-28.516 
725,-35.432 
725,-28.141 
725,-26.042 
725,119.146 
726,-7.812 
726,-9.766 
726,-34.000 
726,-27.229 
726,-36.083 
726,88.271 
727,-6.641 
727,-14.266 
727,-12.182 
727,-21.224 
727,-34.057 
727,88.271 
728,-7.812 
728,-14.266 
728,-12.182 
728,-4.891 
728,-25.292 
728,99.062 
729,-7.812 
729,-31.250 
729,-28.516 
729,-39.354 
729,-22.875 
729,99.062 
730,-7.812 
730,-31.250 
730,-33.146 
730,-44.474 
730,-46.125 
730,108.062 
731,-6.641 
731,-8.854 
731,-26.042 
731,-42.521 
731,-39.542 
731,107.312 
732,-6.641 
732,-28.516 
732,-26.042 
732,-28.271 
732,-37.125 
732,107.312 
733,-7.812 
733,-31.250 
733,-33.016 
733,-25.724 
733,-27.375 
733,108.062 
734,-7.812 
734,-10.417 
734,-35.432 
734,-28.141 
734,-40.974 
734,107.312 
735,-7.812 
735,-9.766 
735,-26.042 
735,-47.021 
735,-35.042 
735,107.312 
736,-6.641 
736,-8.854 
736,-16.292 
736,-28.271 
736,-37.125 
736,99.062 
737,-7.812 
737,-28.516 
737,-26.042 
737,-28.271 
737,-35.042 
737,107.312 
738,-6.641 
738,-18.766 
738,-30.932 
738,-53.474 
738,-40.974 
738,99.062 
739,-7.812 
739,-14.917 
739,-30.932 
739,-39.974 
739,-46.125 
739,108.062 
740,-7.812 
740,-10.417 
740,-25.682 
740,-18.229 
740,-15.250 
740,109.104 
741,-6.641 
741,-18.766 
741,-12.182 
741,-13.891 
741,-7.292 
741,108.062 
742,-7.812 
742,-28.516 
742,-35.432 
742,-39.974 
742,-46.125 
742,108.062 
743,-7.812 
743,-18.766 
743,-26.432 
743,-28.141 
743,-30.542 
743,119.146 
744,-7.812 
744,-18.766 
744,-7.292 
744,-9.521 
744,-7.292 
744,126.062 
745,-7.812 
745,-9.766 
745,-30.932 
745,-38.021 
745,-39.542 
745,128.146 
746,-6.641 
746,-18.766 
746,-12.182 
746,-13.891 
746,-22.224 
746,100.104 
747,-6.641 
747,-9.766 
747,-7.682 
747,-0.391 
747,-20.141 
747,128.146 
748,-6.641 
748,-9.766 
748,-30.932 
748,-44.474 
748,-46.125 
748,107.312 
749,-6.641 
749,-18.766 
749,-16.682 
749,-30.224 
749,-40.974 
749,80.312 
750,-6.641 
750,-28.516 
750,-30.932 
750,-32.641 
750,-30.542 
750,119.146 
751,-6.641 
751,-9.766 
751,-7.682 
751,-18.521 
751,-18.375 
751,105.979 
752,-7.812 
752,-14.917 
752,-33.146 
752,-39.224 
752,-28.125 
752,108.062 
753,-7.812 
753,-14.917 
753,-12.312 
753,-4.891 
753,-11.141 
753,119.146 
754,-6.641 
754,-8.854 
754,-30.542 
754,-32.771 
754,-41.625 
754,80.312 
755,-6.641 
755,-9.766 
755,-16.292 
755,-28.271 
755,-20.792 
755,99.062 
756,-6.641 
756,-18.766 
756,-30.932 
756,-53.474 
756,-40.974 
756,80.312 
757,-7.812 
757,-31.250 
757,-28.646 
757,-39.974 
757,-55.125 
757,80.312 
758,-7.812 
758,-28.516 
758,-39.932 
758,-53.474 
758,-40.974 
758,80.312 
759,-7.812 
759,-9.766 
759,-7.682 
759,-0.391 
759,-20.141 
759,128.146 
760,-6.641 
760,-18.766 
760,-26.432 
760,-44.474 
760,-40.974 
760,107.312 
761,-6.641 
761,-18.766 
761,-12.182 
761,-23.771 
761,-20.792 
761,99.062 
762,-6.641 
762,-28.516 
762,-35.432 
762,-19.271 
762,-20.792 
762,119.146 
763,-6.641 
763,-14.266 
763,-30.932 
763,-23.641 
763,-35.042 
763,107.312 
764,-7.812 
764,-10.417 
764,-35.432 
764,-19.271 
764,-37.125 
764,107.312 
765,-7.812 
765,-10.417 
765,-33.146 
765,-25.724 
765,-13.224 
765,109.104 
766,-7.812 
766,-14.266 
766,-12.182 
766,-4.891 
766,-11.141 
766,101.146 
767,-7.812 
767,-14.917 
767,-26.432 
767,-28.271 
767,-20.792 
767,108.062 
768,-7.812 
768,-31.250 
768,-33.016 
768,-48.062 
768,-40.583 
768,109.104 
769,-7.812 
769,-10.417 
769,-26.432 
769,-39.974 
769,-45.474 
769,99.062 
770,-7.812 
770,-31.250 
770,-37.516 
770,-44.474 
770,-32.625 
770,126.062 
771,-7.812 
771,-14.917 
771,-16.682 
771,-34.724 
771,-28.125 
771,107.312 
772,-7.812 
772,-14.917 
772,-28.646 
772,-25.333 
772,-45.474 
772,107.312 
773,-6.641 
773,-9.766 
773,-33.016 
773,-25.724 
773,-27.375 
773,105.979 
774,-6.641 
774,-9.766 
774,-16.682 
774,-25.724 
774,-46.125 
774,99.062 
775,-7.812 
775,-14.917 
775,-33.146 
775,-41.667 
775,-56.557 
775,105.979 
776,-6.641 
776,-18.766 
776,-16.682 
776,-0.521 
776,-16.292 
776,108.062 
777,-7.812 
777,-28.516 
777,-26.432 
777,-32.641 
777,-44.042 
777,101.146 
778,-7.812 
778,-18.766 
778,-12.182 
778,-13.891 
778,-11.141 
778,128.146 
779,-7.812 
779,-18.766 
779,-16.682 
779,-30.224 
779,-9.375 
779,99.062 
780,-6.641 
780,-8.854 
780,-16.292 
780,-9.521 
780,-18.375 
780,108.062 
781,-7.812 
781,-9.766 
781,-7.682 
781,-28.271 
781,-20.792 
781,119.146 
782,-7.812 
782,-31.250 
782,-33.146 
782,-25.333 
782,-31.974 
782,108.062 
783,-6.641 
783,-9.766 
783,-16.682 
783,-27.229 
783,-40.583 
783,100.104 
784,-7.812 
784,-10.417 
784,-35.432 
784,-28.141 
784,-26.042 
784,119.146 
785,-7.812 
785,-28.516 
785,-35.432 
785,-38.021 
785,-35.042 
785,119.146 
786,-7.812 
786,-9.766 
786,-7.682 
786,-28.141 
786,-25.292 
786,128.146 
787,-6.641 
787,-9.766 
787,-7.682 
787,-21.224 
787,-46.125 
787,107.312 
788,-6.641 
788,-28.516 
788,-30.932 
788,-23.771 
788,-39.542 
788,119.146 
789,-6.641 
789,-28.516 
789,-30.932 
789,-44.474 
789,-31.974 
789,108.062 
790,-6.641 
790,-28.516 
790,-30.932 
790,-32.641 
790,-20.141 
790,119.146 
791,-7.812 
791,-14.917 
791,-12.312 
791,-25.333 
791,-27.474 
791,107.312 
792,-7.812 
792,-31.250 
792,-33.016 
792,-44.474 
792,-46.125 
792,108.062 
793,-6.641 
793,-18.766 
793,-12.182 
793,-22.729 
793,-19.750 
793,100.104 
794,-7.812 
794,-18.766 
794,-26.042 
794,-28.271 
794,-30.542 
794,119.146 
795,-7.812 
795,-14.266 
795,-28.516 
795,-44.474 
795,-31.974 
795,108.062 
796,-7.812 
796,-14.917 
796,-28.646 
796,-44.474 
796,-46.125 
796,107.312 
797,-6.641 
797,-9.766 
797,-26.042 
797,-28.271 
797,-35.042 
797,107.312 
798,-6.641 
798,-14.266 
798,-12.182 
798,-25.724 
798,-31.974 
798,99.062 
799,-7.812 
799,-14.266 
799,-28.516 
799,-30.354 
799,-41.625 
799,108.062 
800,-7.812 
800,-14.917 
800,-26.432 
800,-23.771 
800,-20.792 
800,119.146 
801,-7.812 
801,-9.766 
801,-7.682 
801,-28.271 
801,-16.292 
801,128.146 
802,-7.812 
802,-9.766 
802,-7.682 
802,-28.271 
802,-16.292 
802,126.062 
803,-7.812 
803,-28.516 
803,-39.932 
803,-32.641 
803,-40.974 
803,80.312 
804,-7.812 
804,-10.417 
804,-16.812 
804,-28.141 
804,-20.141 
804,119.146 
805,-7.812 
805,-14.266 
805,-28.516 
805,-44.474 
805,-31.974 
805,108.062 
806,-7.812 
806,-10.417 
806,-25.682 
806,-28.141 
806,-11.792 
806,99.062 
807,-6.641 
807,-28.516 
807,-26.042 
807,-28.271 
807,-35.042 
807,107.312 
808,-7.812 
808,-9.766 
808,-21.182 
808,-34.724 
808,-22.224 
808,99.062 
809,-7.812 
809,-10.417 
809,-35.432 
809,-48.974 
809,-28.125 
809,117.062 
810,-6.641 
810,-14.266 
810,-28.516 
810,-44.474 
810,-46.125 
810,107.312 
811,-7.812 
811,-18.766 
811,-16.682 
811,-0.521 
811,-18.375 
811,99.062 
812,-7.812 
812,-31.250 
812,-33.146 
812,-25.724 
812,-45.083 
812,88.271 
813,-7.812 
813,-14.266 
813,-12.182 
813,-9.521 
813,-20.792 
813,108.062 
814,-6.641 
814,-9.766 
814,-7.682 
814,-21.224 
814,-54.083 
814,88.271 
815,-6.641 
815,-8.854 
815,-16.292 
815,-30.354 
815,-28.125 
815,117.062 
816,-6.641 
816,-9.766 
816,-26.042 
816,-42.521 
816,-39.542 
816,107.312 
817,-7.812 
817,-14.917 
817,-12.182 
817,-9.521 
817,-11.792 
817,117.062 
818,-7.812 
818,-18.766 
818,-37.516 
818,-21.354 
818,-28.125 
818,117.062 
819,-7.812 
819,-18.766 
819,-7.292 
819,-30.354 
819,-28.125 
819,117.062 
820,-7.812 
820,-9.766 
820,-37.516 
820,-34.724 
820,-31.974 
820,126.062 
821,-7.812 
821,-31.250 
821,-37.646 
821,-57.974 
821,-32.625 
821,80.312 
822,-6.641 
822,-28.516 
822,-39.932 
822,-32.641 
822,-40.974 
822,99.062 
823,-6.641 
823,-18.766 
823,-12.182 
823,-23.641 
823,-20.141 
823,119.146 
824,-7.812 
824,-10.417 
824,-25.682 
824,-25.724 
824,-13.875 
824,108.062 
825,-7.812 
825,-14.266 
825,-12.182 
825,-4.891 
825,-16.292 
825,119.146 
826,-7.812 
826,-14.917 
826,-26.432 
826,-32.641 
826,-30.542 
826,119.146 
827,-7.812 
827,-9.766 
827,-30.932 
827,-48.974 
827,-32.625 
827,126.062 
828,-7.812 
828,-9.766 
828,-21.182 
828,-5.021 
828,-22.875 
828,105.979 
829,-6.641 
829,-9.766 
829,-28.516 
829,-21.224 
829,-26.724 
829,117.062 
830,-7.812 
830,-10.417 
830,-33.146 
830,-48.974 
830,-40.974 
830,126.062 
831,-7.812 
831,-14.917 
831,-28.646 
831,-46.167 
831,-56.557 
831,105.979 
832,-7.812 
832,-10.417 
832,-26.432 
832,-37.271 
832,-37.125 
832,108.062 
833,-6.641 
833,-18.766 
833,-26.432 
833,-44.474 
833,-32.625 
833,126.062 
834,-6.641 
834,-28.516 
834,-35.432 
834,-28.141 
834,-20.141 
834,128.146 
835,-6.641 
835,-8.854 
835,-16.292 
835,-9.521 
835,-11.792 
835,119.146 
836,-6.641 
836,-9.766 
836,-26.042 
836,-28.271 
836,-20.792 
836,119.146 
837,-6.641 
837,-8.854 
837,-30.542 
837,-51.521 
837,-39.542 
837,80.312 
838,-6.641 
838,-8.854 
838,-11.792 
838,-30.354 
838,-41.625 
838,107.312 
839,-6.641 
839,-9.766 
839,-26.432 
839,-37.271 
839,-20.792 
839,99.062 
840,-6.641 
840,-8.854 
840,-26.042 
840,-42.521 
840,-39.542 
840,107.312 
841,-7.812 
841,-10.417 
841,-7.682 
841,-36.229 
841,-36.083 
841,88.271 
842,-7.812 
842,-18.766 
842,-30.932 
842,-53.474 
842,-40.974 
842,80.312 
843,-6.641 
843,-28.516 
843,-26.042 
843,-28.271 
843,-39.542 
843,119.146 
844,-6.641 
844,-9.766 
844,-16.682 
844,-21.224 
844,-31.974 
844,108.062 
845,-6.641 
845,-18.766 
845,-28.516 
845,-34.724 
845,-31.583 
845,109.104 
846,-7.812 
846,-18.766 
846,-30.932 
846,-23.771 
846,-20.792 
846,99.062 
847,-7.812 
847,-18.766 
847,-37.516 
847,-30.224 
847,-38.557 
847,88.271 
848,-7.812 
848,-9.766 
848,-28.516 
848,-48.974 
848,-46.125 
848,108.062 
849,-6.641 
849,-18.766 
849,-16.682 
849,-25.724 
849,-43.057 
849,88.271 
850,-7.812 
850,-14.917 
850,-16.682 
850,-34.724 
850,-38.557 
850,105.979 
851,-6.641 
851,-28.516 
851,-35.432 
851,-19.271 
851,-16.292 
851,126.062 
852,-7.812 
852,-10.417 
852,-25.682 
852,-9.391 
852,-17.724 
852,109.104 
853,-7.812 
853,-10.417 
853,-7.682 
853,-28.271 
853,-16.292 
853,128.146 
854,-6.641 
854,-9.766 
854,-28.516 
854,-34.724 
854,-45.083 
854,100.104 
855,-7.812 
855,-9.766 
855,-16.292 
855,-23.771 
855,-20.792 
855,108.062 
856,-7.812 
856,-9.766 
856,-11.792 
856,-23.771 
856,-20.792 
856,119.146 
857,-6.641 
857,-18.766 
857,-26.042 
857,-38.021 
857,-39.542 
857,107.312 
858,-7.812 
858,-10.417 
858,-28.646 
858,-21.224 
858,-43.057 
858,105.979 
859,-7.812 
859,-14.917 
859,-26.432 
859,-38.021 
859,-39.542 
859,128.146 
860,-7.812 
860,-14.917 
860,-12.182 
860,-25.724 
860,-27.375 
860,99.062 
861,-7.812 
861,-10.417 
861,-7.682 
861,-28.271 
861,-35.042 
861,107.312 
862,-7.812 
862,-10.417 
862,-7.812 
862,-37.141 
862,-26.042 
862,107.312 
863,-7.812 
863,-14.917 
863,-33.146 
863,-25.333 
863,-35.724 
863,100.104 
864,-6.641 
864,-18.766 
864,-16.682 
864,-19.271 
864,-37.125 
864,107.312 
865,-7.812 
865,-10.417 
865,-28.646 
865,-34.333 
865,-13.224 
865,117.062 
866,-7.812 
866,-31.250 
866,-28.646 
866,-34.333 
866,-35.724 
866,108.062 
867,-6.641 
867,-9.766 
867,-26.042 
867,-47.021 
867,-35.042 
867,119.146 
868,-7.812 
868,-9.766 
868,-7.682 
868,-28.271 
868,-37.125 
868,107.312 
869,-6.641 
869,-28.516 
869,-35.432 
869,-23.641 
869,-35.042 
869,119.146 
870,-6.641 
870,-18.766 
870,-12.182 
870,-22.729 
870,-36.083 
870,109.104 
871,-7.812 
871,-9.766 
871,-26.042 
871,-28.271 
871,-20.792 
871,126.062 
872,-7.812 
872,-9.766 
872,-7.682 
872,-30.224 
872,-34.057 
872,105.979 
873,-7.812 
873,-9.766 
873,-30.932 
873,-44.474 
873,-31.974 
873,107.312 
874,-7.812 
874,-9.766 
874,-16.682 
874,-23.641 
874,-35.042 
874,119.146 
875,-7.812 
875,-9.766 
875,-26.432 
875,-32.641 
875,-11.141 
875,101.146 
876,-6.641 
876,-28.516 
876,-35.432 
876,-28.141 
876,-26.042 
876,107.312 
877,-6.641 
877,-9.766 
877,-34.000 
877,-27.229 
877,-36.083 
877,88.271 
878,-7.812 
878,-10.417 
878,-35.432 
878,-19.271 
878,-37.125 
878,117.062 
879,-7.812 
879,-31.250 
879,-33.146 
879,-46.167 
879,-34.057 
879,105.979 
880,-7.812 
880,-10.417 
880,-35.432 
880,-28.141 
880,-20.141 
880,119.146 
881,-7.812 
881,-31.250 
881,-37.646 
881,-41.667 
881,-34.057 
881,105.979 
882,-7.812 
882,-10.417 
882,-26.432 
882,-19.141 
882,-44.042 
882,119.146 
883,-7.812 
883,-28.516 
883,-35.042 
883,-28.271 
883,-30.542 
883,119.146 
884,-6.641 
884,-14.266 
884,-7.292 
884,-30.354 
884,-22.875 
884,126.062 
885,-7.812 
885,-10.417 
885,-26.432 
885,-47.021 
885,-39.542 
885,107.312 
886,-7.812 
886,-18.766 
886,-37.516 
886,-30.224 
886,-13.875 
886,105.979 
887,-7.812 
887,-31.250 
887,-37.516 
887,-43.562 
887,-40.583 
887,88.271 
888,-7.812 
888,-18.766 
888,-26.432 
888,-48.974 
888,-40.974 
888,117.062 
889,-7.812 
889,-10.417 
889,-26.432 
889,-48.974 
889,-31.974 
889,108.062 
890,-6.641 
890,-9.766 
890,-7.682 
890,-36.229 
890,-36.083 
890,88.271 
891,-7.812 
891,-9.766 
891,-26.432 
891,-48.974 
891,-46.125 
891,108.062 
892,-7.812 
892,-14.917 
892,-16.682 
892,-13.891 
892,-22.224 
892,99.062 
893,-6.641 
893,-26.562 
893,-34.000 
893,-27.229 
893,-36.083 
893,109.104 
894,-7.812 
894,-9.766 
894,-26.042 
894,-32.771 
894,-41.625 
894,108.062 
895,-7.812 
895,-14.917 
895,-28.646 
895,-25.724 
895,-31.974 
895,108.062 
896,-7.812 
896,-9.766 
896,-26.042 
896,-42.521 
896,-39.542 
896,128.146 
897,-7.812 
897,-31.250 
897,-46.516 
897,-39.974 
897,-28.125 
897,117.062 
898,-7.812 
898,-14.917 
898,-12.312 
898,-18.391 
898,-11.792 
898,108.062 
899,-7.812 
899,-10.417 
899,-26.432 
899,-39.974 
899,-55.125 
899,80.312 
900,-7.812 
900,-18.766 
900,-7.292 
900,-9.521 
900,-16.292 
900,108.062 
901,-6.641 
901,-18.766 
901,-28.516 
901,-34.724 
901,-43.057 
901,105.979 
902,-7.812 
902,-10.417 
902,-33.146 
902,-39.224 
902,-31.583 
902,88.271 
903,-7.812 
903,-9.766 
903,-21.182 
903,-34.724 
903,-31.583 
903,88.271 
904,-6.641 
904,-8.854 
904,-16.292 
904,-9.521 
904,-7.292 
904,126.062 
905,-7.812 
905,-14.917 
905,-33.146 
905,-25.333 
905,-45.474 
905,107.312 
906,-7.812 
906,-9.766 
906,-21.182 
906,-30.224 
906,-32.625 
906,108.062 
907,-6.641 
907,-28.516 
907,-35.042 
907,-38.021 
907,-39.542 
907,119.146 
908,-7.812 
908,-14.917 
908,-28.646 
908,-39.224 
908,-22.224 
908,109.104 
909,-7.812 
909,-9.766 
909,-21.182 
909,-13.891 
909,-22.224 
909,100.104 
910,-6.641 
910,-9.766 
910,-16.682 
910,-21.224 
910,-13.224 
910,109.104 
911,-6.641 
911,-9.766 
911,-30.932 
911,-32.641 
911,-26.042 
911,128.146 
912,-7.812 
912,-10.417 
912,-7.812 
912,-13.500 
912,-6.641 
912,128.146 
913,-7.812 
913,-28.516 
913,-30.542 
913,-51.521 
913,-39.542 
913,80.312 
914,-7.812 
914,-31.250 
914,-46.516 
914,-30.224 
914,-31.583 
914,88.271 
915,-6.641 
915,-9.766 
915,-7.682 
915,-21.224 
915,-36.375 
915,108.062 
916,-7.812 
916,-10.417 
916,-7.812 
916,-19.141 
916,-34.292 
916,101.146 
917,-7.812 
917,-18.766 
917,-26.432 
917,-28.141 
917,-26.042 
917,107.312 
918,-7.812 
918,-9.766 
918,-37.516 
918,-44.474 
918,-32.625 
918,107.312 
919,-7.812 
919,-9.766 
919,-28.516 
919,-34.724 
919,-13.224 
919,99.062 
920,-7.812 
920,-18.766 
920,-7.292 
920,-19.271 
920,-20.792 
920,126.062 
921,-7.812 
921,-18.766 
921,-28.516 
921,-34.724 
921,-31.974 
921,107.312 
922,-6.641 
922,-8.854 
922,-11.792 
922,-23.771 
922,-20.792 
922,126.062 
923,-7.812 
923,-14.917 
923,-30.932 
923,-39.974 
923,-31.974 
923,107.312 
924,-7.812 
924,-9.766 
924,-26.432 
924,-32.641 
924,-31.974 
924,80.312 
925,-7.812 
925,-18.766 
925,-12.182 
925,-23.641 
925,-30.542 
925,107.312 
926,-7.812 
926,-9.766 
926,-16.292 
926,-9.521 
926,-16.292 
926,108.062 
927,-7.812 
927,-9.766 
927,-26.432 
927,-19.141 
927,-40.974 
927,107.312 
928,-7.812 
928,-9.766 
928,-7.682 
928,-21.224 
928,-40.974 
928,108.062 
929,-6.641 
929,-26.562 
929,-34.000 
929,-48.062 
929,-40.583 
929,100.104 
930,-7.812 
930,-28.516 
930,-26.042 
930,-28.271 
930,-39.542 
930,119.146 
931,-7.812 
931,-10.417 
931,-26.432 
931,-48.974 
931,-31.974 
931,108.062 
932,-7.812 
932,-9.766 
932,-28.516 
932,-21.224 
932,-46.125 
932,117.062 
933,-6.641 
933,-9.766 
933,-30.932 
933,-23.771 
933,-39.542 
933,107.312 
934,-7.812 
934,-14.917 
934,-28.646 
934,-44.474 
934,-46.125 
934,107.312 
935,-7.812 
935,-18.766 
935,-26.042 
935,-28.271 
935,-20.792 
935,119.146 
936,-7.812 
936,-31.250 
936,-28.516 
936,-21.224 
936,-43.057 
936,105.979 
937,-7.812 
937,-10.417 
937,-25.682 
937,-25.724 
937,-22.224 
937,109.104 
938,-6.641 
938,-28.516 
938,-35.432 
938,-23.641 
938,-11.141 
938,119.146 
939,-7.812 
939,-18.766 
939,-28.516 
939,-34.724 
939,-13.875 
939,126.062 
940,-7.812 
940,-14.917 
940,-12.312 
940,-25.333 
940,-13.224 
940,117.062 
941,-6.641 
941,-18.766 
941,-16.682 
941,-30.224 
941,-9.375 
941,105.979 
942,-7.812 
942,-28.516 
942,-26.432 
942,-19.141 
942,-40.974 
942,107.312 
943,-7.812 
943,-14.917 
943,-35.432 
943,-32.641 
943,-30.542 
943,80.312 
944,-6.641 
944,-14.266 
944,-7.292 
944,-30.354 
944,-32.625 
944,107.312 
945,-7.812 
945,-14.917 
945,-28.646 
945,-25.724 
945,-27.375 
945,126.062 
946,-7.812 
946,-28.516 
946,-26.432 
946,-19.141 
946,-44.042 
946,107.312 
947,-7.812 
947,-14.917 
947,-35.432 
947,-23.771 
947,-20.792 
947,99.062 
948,-7.812 
948,-31.250 
948,-33.016 
948,-44.474 
948,-31.974 
948,108.062 
949,-7.812 
949,-10.417 
949,-7.812 
949,-37.141 
949,-36.474 
949,126.062 
950,-6.641 
950,-8.854 
950,-11.792 
950,-32.771 
950,-37.125 
950,108.062 
951,-7.812 
951,-14.266 
951,-28.516 
951,-25.724 
951,-45.083 
951,88.271 
952,-6.641 
952,-14.266 
952,-25.000 
952,-48.062 
952,-40.583 
952,88.271 
953,-7.812 
953,-31.250 
953,-37.516 
953,-44.474 
953,-32.625 
953,107.312 
954,-7.812 
954,-14.917 
954,-35.432 
954,-53.474 
954,-40.974 
954,99.062 
955,-7.812 
955,-14.917 
955,-12.312 
955,-19.141 
955,-11.141 
955,128.146 
956,-7.812 
956,-9.766 
956,-33.016 
956,-25.724 
956,-34.057 
956,88.271 
957,-7.812 
957,-28.516 
957,-30.932 
957,-48.974 
957,-32.625 
957,107.312 
958,-7.812 
958,-31.250 
958,-37.646 
958,-25.724 
958,-31.974 
958,80.312 
959,-6.641 
959,-14.266 
959,-7.292 
959,-14.021 
959,-11.792 
959,117.062 
960,-7.812 
960,-31.250 
960,-37.516 
960,-44.474 
960,-40.974 
960,107.312 
961,-7.812 
961,-31.250 
961,-46.516 
961,-30.224 
961,-28.125 
961,108.062 
962,-7.812 
962,-14.917 
962,-12.182 
962,-23.641 
962,-44.042 
962,101.146 
963,-7.812 
963,-14.266 
963,-30.932 
963,-23.641 
963,-25.292 
963,108.062 
964,-7.812 
964,-18.766 
964,-12.182 
964,-30.224 
964,-32.625 
964,107.312 
965,-6.641 
965,-9.766 
965,-16.682 
965,-25.724 
965,-13.224 
965,100.104 
966,-7.812 
966,-31.250 
966,-37.646 
966,-25.724 
966,-13.224 
966,100.104 
967,-6.641 
967,-18.766 
967,-7.292 
967,-23.771 
967,-20.792 
967,108.062 
968,-7.812 
968,-9.766 
968,-26.432 
968,-19.141 
968,-24.641 
968,101.146 
969,-7.812 
969,-14.266 
969,-25.000 
969,-31.729 
969,-19.750 
969,100.104 
970,-7.812 
970,-31.250 
970,-28.646 
970,-39.974 
970,-45.474 
970,99.062 
971,-6.641 
971,-9.766 
971,-16.682 
971,-28.271 
971,-20.792 
971,99.062 
972,-7.812 
972,-14.917 
972,-12.182 
972,-23.641 
972,-31.974 
972,80.312 
973,-7.812 
973,-10.417 
973,-26.432 
973,-32.641 
973,-35.042 
973,107.312 
974,-7.812 
974,-28.516 
974,-39.932 
974,-32.641 
974,-30.542 
974,101.146 
975,-7.812 
975,-14.917 
975,-28.646 
975,-25.724 
975,-31.974 
975,107.312 
976,-6.641 
976,-9.766 
976,-26.432 
976,-19.141 
976,-44.042 
976,107.312 
977,-7.812 
977,-14.917 
977,-33.146 
977,-25.333 
977,-31.974 
977,80.312 
978,-7.812 
978,-10.417 
978,-7.682 
978,-19.141 
978,-40.974 
978,107.312 
979,-7.812 
979,-31.250 
979,-28.646 
979,-34.333 
979,-27.474 
979,108.062 
980,-6.641 
980,-8.854 
980,-16.292 
980,-28.271 
980,-20.792 
980,101.146 
981,-7.812 
981,-10.417 
981,-7.812 
981,-29.833 
981,-45.474 
981,107.312 
982,-7.812 
982,-9.766 
982,-16.292 
982,-30.354 
982,-22.875 
982,117.062 
983,-6.641 
983,-9.766 
983,-21.182 
983,-22.729 
983,-19.750 
983,100.104 
984,-7.812 
984,-14.917 
984,-12.312 
984,-28.141 
984,-20.141 
984,128.146 
985,-7.812 
985,-10.417 
985,-7.812 
985,-37.141 
985,-7.292 
985,128.146 
986,-6.641 
986,-18.766 
986,-7.292 
986,-9.521 
986,-18.375 
986,108.062 
987,-7.812 
987,-10.417 
987,-16.812 
987,-23.641 
987,-25.292 
987,99.062 
988,-7.812 
988,-18.766 
988,-16.682 
988,-19.271 
988,-39.542 
988,101.146 
989,-7.812 
989,-28.516 
989,-35.042 
989,-38.021 
989,-35.042 
989,107.312 
990,-6.641 
990,-28.516 
990,-26.042 
990,-28.271 
990,-35.042 
990,107.312 
991,-6.641 
991,-28.516 
991,-35.432 
991,-48.974 
991,-28.125 
991,117.062 
992,-7.812 
992,-18.766 
992,-16.682 
992,-30.224 
992,-22.224 
992,99.062 
993,-7.812 
993,-14.917 
993,-33.146 
993,-25.333 
993,-54.474 
993,80.312 
994,-7.812 
994,-14.917 
994,-33.146 
994,-25.724 
994,-45.083 
994,100.104 
995,-6.641 
995,-26.562 
995,-34.000 
995,-48.062 
995,-40.583 
995,100.104 
996,-7.812 
996,-9.766 
996,-7.682 
996,-13.891 
996,-16.292 
996,119.146 
997,-6.641 
997,-28.516 
997,-26.432 
997,-37.271 
997,-26.042 
997,119.146 
998,-7.812 
998,-18.766 
998,-12.182 
998,-13.891 
998,-22.224 
998,108.062 
999,-6.641 
999,-9.766 
999,-30.932 
999,-32.641 
999,-40.974 
999,117.062 
1000,-6.641 
1000,-8.854 
1000,-26.042 
1000,-28.271 
1000,-37.125 
1000,126.062 
1001,-6.641 
1001,-9.766 
1001,-28.516 
1001,-39.354 
1001,-28.125 
1001,107.312 
1002,-6.641 
1002,-9.766 
1002,-28.516 
1002,-39.354 
1002,-41.625 
1002,99.062 
1003,-7.812 
1003,-28.516 
1003,-30.932 
1003,-23.641 
1003,-31.974 
1003,108.062 
1004,-6.641 
1004,-9.766 
1004,-7.682 
1004,-28.141 
1004,-35.042 
1004,107.312 
1005,-7.812 
1005,-28.516 
1005,-26.042 
1005,-32.771 
1005,-41.625 
1005,108.062 
1006,-7.812 
1006,-14.917 
1006,-26.432 
1006,-23.641 
1006,-35.042 
1006,107.312 
1007,-7.812 
1007,-14.266 
1007,-7.292 
1007,-32.771 
1007,-37.125 
1007,108.062 
1008,-6.641 
1008,-18.766 
1008,-26.432 
1008,-38.021 
1008,-35.042 
1008,119.146 
1009,-7.812 
1009,-31.250 
1009,-28.646 
1009,-50.667 
1009,-34.057 
1009,88.271 
1010,-7.812 
1010,-10.417 
1010,-16.812 
1010,-25.333 
1010,-45.474 
1010,107.312 
1011,-7.812 
1011,-31.250 
1011,-37.516 
1011,-34.724 
1011,-32.625 
1011,107.312 
1012,-7.812 
1012,-14.917 
1012,-12.312 
1012,-19.141 
1012,-35.042 
1012,107.312 
1013,-6.641 
1013,-28.516 
1013,-35.432 
1013,-28.141 
1013,-11.792 
1013,119.146 
1014,-7.812 
1014,-10.417 
1014,-28.646 
1014,-34.333 
1014,-31.974 
1014,99.062 
1015,-6.641 
1015,-9.766 
1015,-16.682 
1015,-27.229 
1015,-40.583 
1015,100.104 
1016,-7.812 
1016,-14.266 
1016,-7.292 
1016,-30.354 
1016,-22.875 
1016,105.979 
1017,-6.641 
1017,-9.766 
1017,-37.516 
1017,-43.562 
1017,-40.583 
1017,109.104 
1018,-7.812 
1018,-18.766 
1018,-16.682 
1018,-18.229 
1018,-36.083 
1018,109.104 
1019,-7.812 
1019,-9.766 
1019,-30.932 
1019,-32.641 
1019,-11.792 
1019,119.146 
1020,-6.641 
1020,-9.766 
1020,-21.182 
1020,-13.891 
1020,-11.792 
1020,119.146 
1021,-6.641 
1021,-9.766 
1021,-26.432 
1021,-37.271 
1021,-37.125 
1021,107.312 
1022,-7.812 
1022,-28.516 
1022,-35.432 
1022,-28.141 
1022,-26.042 
1022,119.146 
1023,-7.812 
1023,-14.266 
1023,-12.182 
1023,-23.641 
1023,-25.292 
1023,108.062 
1024,-7.812 
1024,-18.766 
1024,-37.516 
1024,-48.974 
1024,-32.625 
1024,80.312 
1025,-7.812 
1025,-28.516 
1025,-35.042 
1025,-28.271 
1025,-16.292 
1025,108.062 
1026,-7.812 
1026,-31.250 
1026,-28.516 
1026,-34.724 
1026,-13.224 
1026,100.104 
1027,-6.641 
1027,-18.766 
1027,-37.516 
1027,-30.224 
1027,-40.974 
1027,99.062 
1028,-6.641 
1028,-18.766 
1028,-7.292 
1028,-30.354 
1028,-41.625 
1028,99.062 
1029,-7.812 
1029,-9.766 
1029,-33.016 
1029,-44.474 
1029,-31.974 
1029,107.312 
1030,-7.812 
1030,-10.417 
1030,-33.146 
1030,-25.333 
1030,-35.724 
1030,109.104 
1031,-7.812 
1031,-28.516 
1031,-35.042 
1031,-28.271 
1031,-39.542 
1031,80.312 
1032,-6.641 
1032,-28.516 
1032,-35.432 
1032,-28.141 
1032,-26.042 
1032,107.312 
1033,-7.812 
1033,-10.417 
1033,-7.812 
1033,-13.500 
1033,-33.641 
1033,101.146 
1034,-7.812 
1034,-28.516 
1034,-35.432 
1034,-28.271 
1034,-37.125 
1034,107.312 
1035,-6.641 
1035,-28.516 
1035,-35.042 
1035,-28.271 
1035,-37.125 
1035,80.312 
1036,-6.641 
1036,-18.766 
1036,-30.932 
1036,-42.521 
1036,-39.542 
1036,80.312 
1037,-7.812 
1037,-18.766 
1037,-16.682 
1037,-25.724 
1037,-22.224 
1037,108.062 
1038,-7.812 
1038,-14.917 
1038,-16.682 
1038,-23.771 
1038,-20.792 
1038,108.062 
1039,-7.812 
1039,-31.250 
1039,-46.516 
1039,-39.974 
1039,-28.125 
1039,107.312 
1040,-6.641 
1040,-8.854 
1040,-16.292 
1040,-23.771 
1040,-41.625 
1040,108.062 
1041,-7.812 
1041,-14.917 
1041,-12.312 
1041,-23.641 
1041,-11.141 
1041,119.146 
1042,-6.641 
1042,-18.766 
1042,-30.932 
1042,-32.641 
1042,-11.792 
1042,101.146 
1043,-7.812 
1043,-18.766 
1043,-28.516 
1043,-34.724 
1043,-43.057 
1043,105.979 
1044,-7.812 
1044,-9.766 
1044,-26.042 
1044,-32.771 
1044,-41.625 
1044,107.312 
1045,-7.812 
1045,-28.516 
1045,-26.432 
1045,-32.641 
1045,-35.042 
1045,107.312 
1046,-7.812 
1046,-9.766 
1046,-7.682 
1046,-19.141 
1046,-40.974 
1046,107.312 
1047,-7.812 
1047,-18.766 
1047,-37.516 
1047,-30.224 
1047,-28.125 
1047,80.312 
1048,-7.812 
1048,-10.417 
1048,-16.812 
1048,-25.333 
1048,-54.474 
1048,80.312 
1049,-7.812 
1049,-9.766 
1049,-28.516 
1049,-34.724 
1049,-46.125 
1049,80.312 
1050,-6.641 
1050,-26.562 
1050,-34.000 
1050,-27.229 
1050,-19.750 
1050,100.104 
1051,-7.812 
1051,-31.250 
1051,-37.516 
1051,-34.724 
1051,-31.974 
1051,126.062 
1052,-6.641 
1052,-18.766 
1052,-26.432 
1052,-28.141 
1052,-36.474 
1052,126.062 
1053,-7.812 
1053,-9.766 
1053,-26.042 
1053,-47.021 
1053,-39.542 
1053,107.312 
1054,-7.812 
1054,-10.417 
1054,-35.432 
1054,-28.141 
1054,-26.042 
1054,107.312 
1055,-6.641 
1055,-8.854 
1055,-16.292 
1055,-9.521 
1055,-16.292 
1055,108.062 
1056,-7.812 
1056,-9.766 
1056,-26.432 
1056,-19.141 
1056,-40.974 
1056,108.062 
1057,-6.641 
1057,-18.766 
1057,-7.292 
1057,-28.271 
1057,-39.542 
1057,80.312 
1058,-7.812 
1058,-14.917 
1058,-12.182 
1058,-27.229 
1058,-36.083 
1058,88.271 
1059,-6.641 
1059,-8.854 
1059,-16.292 
1059,-28.271 
1059,-39.542 
1059,101.146 
1060,-6.641 
1060,-9.766 
1060,-21.182 
1060,-19.271 
1060,-20.792 
1060,108.062 
1061,-6.641 
1061,-9.766 
1061,-26.042 
1061,-42.521 
1061,-39.542 
1061,128.146 
1062,-7.812 
1062,-14.917 
1062,-26.432 
1062,-38.021 
1062,-39.542 
1062,107.312 
1063,-7.812 
1063,-14.917 
1063,-12.312 
1063,-28.141 
1063,-20.141 
1063,119.146 
1064,-6.641 
1064,-9.766 
1064,-37.516 
1064,-43.562 
1064,-40.583 
1064,88.271 
1065,-7.812 
1065,-18.766 
1065,-26.432 
1065,-28.141 
1065,-26.042 
1065,107.312 
1066,-7.812 
1066,-14.266 
1066,-30.932 
1066,-23.641 
1066,-11.141 
1066,101.146 
1067,-7.812 
1067,-31.250 
1067,-28.646 
1067,-57.974 
1067,-40.974 
1067,107.312 
1068,-6.641 
1068,-18.766 
1068,-16.682 
1068,-9.391 
1068,-17.724 
1068,108.062 
1069,-7.812 
1069,-14.917 
1069,-28.646 
1069,-39.224 
1069,-13.875 
1069,105.979 
1070,-7.812 
1070,-28.516 
1070,-26.042 
1070,-42.521 
1070,-39.542 
1070,107.312 
1071,-6.641 
1071,-18.766 
1071,-16.682 
1071,-19.141 
1071,-20.141 
1071,128.146 
1072,-6.641 
1072,-8.854 
1072,-16.292 
1072,-19.271 
1072,-20.792 
1072,117.062 
1073,-6.641 
1073,-28.516 
1073,-30.932 
1073,-48.974 
1073,-40.974 
1073,126.062 
1074,-6.641 
1074,-9.766 
1074,-16.292 
1074,-9.521 
1074,-18.375 
1074,105.979 
1075,-6.641 
1075,-8.854 
1075,-26.042 
1075,-28.271 
1075,-35.042 
1075,128.146 
1076,-7.812 
1076,-14.917 
1076,-33.146 
1076,-25.333 
1076,-54.474 
1076,80.312 
1077,-6.641 
1077,-9.766 
1077,-34.000 
1077,-27.229 
1077,-19.750 
1077,109.104 
1078,-7.812 
1078,-18.766 
1078,-12.182 
1078,-30.224 
1078,-22.224 
1078,109.104 
1079,-6.641 
1079,-14.266 
1079,-30.932 
1079,-28.271 
1079,-30.542 
1079,107.312 
1080,-7.812 
1080,-10.417 
1080,-25.682 
1080,-19.141 
1080,-20.141 
1080,119.146 
1081,-6.641 
1081,-18.766 
1081,-12.182 
1081,-30.224 
1081,-22.224 
1081,108.062 
1082,-6.641 
1082,-28.516 
1082,-39.932 
1082,-53.474 
1082,-40.974 
1082,80.312 
1083,-7.812 
1083,-18.766 
1083,-16.682 
1083,-25.724 
1083,-32.625 
1083,107.312 
1084,-7.812 
1084,-18.766 
1084,-16.682 
1084,-0.521 
1084,-20.792 
1084,99.062 
1085,-7.812 
1085,-14.917 
1085,-12.312 
1085,-25.333 
1085,-45.474 
1085,107.312 
1086,-6.641 
1086,-18.766 
1086,-7.292 
1086,-28.271 
1086,-37.125 
1086,107.312 
1087,-7.812 
1087,-10.417 
1087,-16.812 
1087,-20.833 
1087,-31.974 
1087,108.062 
1088,-6.641 
1088,-28.516 
1088,-26.042 
1088,-32.771 
1088,-30.542 
1088,107.312 
1089,-6.641 
1089,-18.766 
1089,-26.432 
1089,-44.474 
1089,-40.974 
1089,126.062 
1090,-7.812 
1090,-31.250 
1090,-33.146 
1090,-25.724 
1090,-13.224 
1090,109.104 
1091,-7.812 
1091,-10.417 
1091,-16.812 
1091,-25.333 
1091,-45.474 
1091,107.312 
1092,-7.812 
1092,-10.417 
1092,-7.682 
1092,-18.521 
1092,-20.792 
1092,99.062 
1093,-7.812 
1093,-18.766 
1093,-12.182 
1093,-22.729 
1093,-36.083 
1093,88.271 
1094,-7.812 
1094,-10.417 
1094,-25.682 
1094,-30.224 
1094,-27.083 
1094,100.104 
1095,-6.641 
1095,-14.266 
1095,-28.516 
1095,-44.474 
1095,-46.125 
1095,108.062 
1096,-6.641 
1096,-9.766 
1096,-21.182 
1096,-30.224 
1096,-32.625 
1096,107.312 
1097,-7.812 
1097,-31.250 
1097,-33.146 
1097,-25.724 
1097,-31.974 
1097,107.312 
1098,-6.641 
1098,-18.766 
1098,-37.516 
1098,-21.354 
1098,-37.125 
1098,108.062 
1099,-7.812 
1099,-10.417 
1099,-33.146 
1099,-39.224 
1099,-31.583 
1099,109.104 
1100,-7.812 
1100,-31.250 
1100,-33.146 
1100,-46.167 
1100,-34.057 
1100,88.271 
1101,-7.812 
1101,-31.250 
1101,-28.646 
1101,-39.974 
1101,-45.474 
1101,99.062 
1102,-7.812 
1102,-10.417 
1102,-25.682 
1102,-9.391 
1102,-11.792 
1102,108.062 
1103,-7.812 
1103,-14.917 
1103,-12.312 
1103,-4.891 
1103,-24.250 
1103,109.104 
1104,-6.641 
1104,-8.854 
1104,-26.042 
1104,-28.271 
1104,-37.125 
1104,126.062 
1105,-7.812 
1105,-9.766 
1105,-30.932 
1105,-48.974 
1105,-32.625 
1105,107.312 
1106,-7.812 
1106,-14.917 
1106,-30.932 
1106,-39.974 
1106,-31.974 
1106,107.312 
1107,-6.641 
1107,-9.766 
1107,-26.042 
1107,-47.021 
1107,-35.042 
1107,107.312 
1108,-7.812 
1108,-28.516 
1108,-30.932 
1108,-44.474 
1108,-31.974 
1108,108.062 
1109,-7.812 
1109,-18.766 
1109,-25.000 
1109,-27.229 
1109,-15.250 
1109,109.104 
1110,-7.812 
1110,-28.516 
1110,-26.432 
1110,-19.141 
1110,-40.974 
1110,108.062 
1111,-7.812 
1111,-14.917 
1111,-16.682 
1111,-30.224 
1111,-31.583 
1111,88.271 
1112,-6.641 
1112,-9.766 
1112,-16.292 
1112,-30.354 
1112,-37.125 
1112,99.062 
1113,-7.812 
1113,-10.417 
1113,-35.432 
1113,-48.974 
1113,-40.974 
1113,107.312 
1114,-7.812 
1114,-14.266 
1114,-12.182 
1114,-4.891 
1114,-8.724 
1114,126.062 
1115,-6.641 
1115,-18.766 
1115,-7.292 
1115,-30.354 
1115,-37.125 
1115,80.312 
1116,-7.812 
1116,-31.250 
1116,-46.516 
1116,-30.224 
1116,-22.224 
1116,99.062 
1117,-7.812 
1117,-28.516 
1117,-30.932 
1117,-44.474 
1117,-46.125 
1117,107.312 
1118,-7.812 
1118,-9.766 
1118,-34.000 
1118,-43.562 
1118,-40.583 
1118,88.271 
1119,-7.812 
1119,-14.917 
1119,-30.932 
1119,-23.641 
1119,-11.141 
1119,119.146 
1120,-6.641 
1120,-18.766 
1120,-26.432 
1120,-28.141 
1120,-36.474 
1120,126.062 
1121,-6.641 
1121,-8.854 
1121,-16.292 
1121,-30.354 
1121,-18.375 
1121,99.062 
1122,-6.641 
1122,-9.766 
1122,-16.292 
1122,-23.771 
1122,-30.542 
1122,107.312 
1123,-6.641 
1123,-9.766 
1123,-16.682 
1123,-23.641 
1123,-44.042 
1123,101.146 
1124,-7.812 
1124,-14.917 
1124,-28.646 
1124,-25.333 
1124,-45.474 
1124,107.312 
1125,-7.812 
1125,-14.917 
1125,-28.646 
1125,-25.333 
1125,-31.974 
1125,107.312 
1126,-7.812 
1126,-14.917 
1126,-30.932 
1126,-28.271 
1126,-20.792 
1126,119.146 
1127,-7.812 
1127,-14.917 
1127,-33.146 
1127,-25.333 
1127,-45.474 
1127,107.312 
1128,-7.812 
1128,-10.417 
1128,-28.646 
1128,-39.974 
1128,-55.125 
1128,99.062 
1129,-7.812 
1129,-10.417 
1129,-7.682 
1129,-18.521 
1129,-18.375 
1129,105.979 
1130,-7.812 
1130,-14.917 
1130,-16.682 
1130,-34.724 
1130,-31.583 
1130,88.271 
1131,-7.812 
1131,-31.250 
1131,-33.146 
1131,-39.224 
1131,-22.224 
1131,108.062 
1132,-6.641 
1132,-9.766 
1132,-16.682 
1132,-23.641 
1132,-44.042 
1132,80.312 
1133,-6.641 
1133,-9.766 
1133,-7.682 
1133,-30.224 
1133,-27.375 
1133,105.979 
1134,-6.641 
1134,-9.766 
1134,-33.016 
1134,-25.724 
1134,-13.224 
1134,126.062 
1135,-6.641 
1135,-28.516 
1135,-26.042 
1135,-42.521 
1135,-39.542 
1135,107.312 
1136,-6.641 
1136,-18.766 
1136,-16.682 
1136,-18.229 
1136,-15.250 
1136,109.104 
1137,-6.641 
1137,-9.766 
1137,-37.516 
1137,-34.724 
1137,-22.224 
1137,108.062 
1138,-6.641 
1138,-28.516 
1138,-35.432 
1138,-19.271 
1138,-37.125 
1138,126.062 
1139,-6.641 
1139,-26.562 
1139,-34.000 
1139,-43.562 
1139,-40.583 
1139,109.104 
1140,-7.812 
1140,-10.417 
1140,-35.432 
1140,-28.141 
1140,-40.974 
1140,107.312 
1141,-6.641 
1141,-9.766 
1141,-30.932 
1141,-23.771 
1141,-37.125 
1141,107.312 
1142,-6.641 
1142,-9.766 
1142,-33.016 
1142,-44.474 
1142,-46.125 
1142,108.062 
1143,-7.812 
1143,-14.917 
1143,-30.932 
1143,-28.271 
1143,-30.542 
1143,119.146 
1144,-7.812 
1144,-31.250 
1144,-37.516 
1144,-34.724 
1144,-32.625 
1144,108.062 
1145,-7.812 
1145,-31.250 
1145,-37.516 
1145,-25.854 
1145,-41.625 
1145,108.062 
1146,-7.812 
1146,-14.917 
1146,-33.146 
1146,-25.724 
1146,-31.974 
1146,80.312 
1147,-6.641 
1147,-28.516 
1147,-26.042 
1147,-28.271 
1147,-39.542 
1147,107.312 
1148,-6.641 
1148,-9.766 
1148,-37.516 
1148,-34.724 
1148,-13.875 
1148,105.979 
1149,-7.812 
1149,-28.516 
1149,-39.932 
1149,-32.641 
1149,-40.974 
1149,80.312 
1150,-7.812 
1150,-14.917 
1150,-26.432 
1150,-48.974 
1150,-32.625 
1150,126.062 
1151,-6.641 
1151,-8.854 
1151,-26.042 
1151,-32.771 
1151,-41.625 
1151,108.062 
1152,-7.812 
1152,-18.766 
1152,-26.432 
1152,-28.141 
1152,-20.141 
1152,119.146 
1153,-7.812 
1153,-31.250 
1153,-28.646 
1153,-57.974 
1153,-28.125 
1153,117.062 
1154,-7.812 
1154,-31.250 
1154,-37.516 
1154,-34.724 
1154,-13.875 
1154,105.979 
1155,-6.641 
1155,-14.266 
1155,-25.000 
1155,-31.729 
1155,-19.750 
1155,100.104 
1156,-7.812 
1156,-18.766 
1156,-30.932 
1156,-23.771 
1156,-41.625 
1156,80.312 
1157,-7.812 
1157,-31.250 
1157,-33.146 
1157,-25.724 
1157,-34.057 
1157,105.979 
1158,-6.641 
1158,-18.766 
1158,-37.516 
1158,-48.974 
1158,-32.625 
1158,99.062 
1159,-6.641 
1159,-28.516 
1159,-30.932 
1159,-23.641 
1159,-35.042 
1159,107.312 
1160,-7.812 
1160,-14.917 
1160,-30.932 
1160,-39.974 
1160,-31.974 
1160,107.312 
1161,-7.812 
1161,-10.417 
1161,-33.146 
1161,-25.333 
1161,-35.724 
1161,108.062 
1162,-7.812 
1162,-9.766 
1162,-26.042 
1162,-28.271 
1162,-35.042 
1162,107.312 
1163,-6.641 
1163,-18.766 
1163,-30.932 
1163,-42.521 
1163,-39.542 
1163,80.312 
1164,-6.641 
1164,-8.854 
1164,-26.042 
1164,-28.271 
1164,-35.042 
1164,107.312 
1165,-6.641 
1165,-9.766 
1165,-16.292 
1165,-28.271 
1165,-20.792 
1165,99.062 
1166,-6.641 
1166,-9.766 
1166,-28.516 
1166,-39.354 
1166,-22.875 
1166,117.062 
1167,-7.812 
1167,-9.766 
1167,-26.432 
1167,-19.141 
1167,-40.974 
1167,107.312 
1168,-7.812 
1168,-10.417 
1168,-26.432 
1168,-39.974 
1168,-45.474 
1168,80.312 
1169,-7.812 
1169,-31.250 
1169,-37.516 
1169,-34.724 
1169,-32.625 
1169,108.062 
1170,-7.812 
1170,-14.917 
1170,-12.182 
1170,-21.224 
1170,-31.974 
1170,107.312 
1171,-6.641 
1171,-8.854 
1171,-16.292 
1171,-9.521 
1171,-7.292 
1171,128.146 
1172,-6.641 
1172,-18.766 
1172,-37.516 
1172,-30.224 
1172,-38.557 
1172,105.979 
1173,-7.812 
1173,-10.417 
1173,-16.812 
1173,-19.141 
1173,-35.042 
1173,107.312 
1174,-7.812 
1174,-10.417 
1174,-7.682 
1174,-28.271 
1174,-16.292 
1174,126.062 
1175,-6.641 
1175,-28.516 
1175,-30.932 
1175,-32.641 
1175,-40.974 
1175,107.312 
1176,-7.812 
1176,-31.250 
1176,-33.146 
1176,-48.974 
1176,-40.974 
1176,126.062 
1177,-7.812 
1177,-31.250 
1177,-37.516 
1177,-34.724 
1177,-31.583 
1177,109.104 
1178,-7.812 
1178,-28.516 
1178,-26.042 
1178,-28.271 
1178,-16.292 
1178,126.062 
1179,-7.812 
1179,-9.766 
1179,-16.292 
1179,-30.354 
1179,-22.875 
1179,105.979 
1180,-7.812 
1180,-31.250 
1180,-37.646 
1180,-25.724 
1180,-13.224 
1180,117.062 
1181,-7.812 
1181,-31.250 
1181,-33.146 
1181,-25.333 
1181,-31.974 
1181,108.062 
1182,-7.812 
1182,-14.917 
1182,-28.646 
1182,-25.724 
1182,-13.224 
1182,126.062 
1183,-6.641 
1183,-8.854 
1183,-16.292 
1183,-9.521 
1183,-18.375 
1183,126.062 
1184,-6.641 
1184,-28.516 
1184,-30.932 
1184,-23.771 
1184,-39.542 
1184,119.146 
1185,-7.812 
1185,-10.417 
1185,-28.646 
1185,-50.667 
1185,-56.557 
1185,88.271 
1186,-7.812 
1186,-10.417 
1186,-7.682 
1186,-28.271 
1186,-35.042 
1186,128.146 
1187,-7.812 
1187,-14.917 
1187,-12.182 
1187,-21.224 
1187,-31.974 
1187,107.312 
1188,-6.641 
1188,-28.516 
1188,-39.932 
1188,-53.474 
1188,-40.974 
1188,80.312 
1189,-6.641 
1189,-28.516 
1189,-35.432 
1189,-19.271 
1189,-16.292 
1189,126.062 
1190,-7.812 
1190,-18.766 
1190,-25.000 
1190,-43.562 
1190,-40.583 
1190,88.271 
1191,-6.641 
1191,-9.766 
1191,-29.500 
1191,-31.729 
1191,-36.083 
1191,109.104 
1192,-7.812 
1192,-10.417 
1192,-25.682 
1192,-25.724 
1192,-31.974 
1192,126.062 
1193,-6.641 
1193,-18.766 
1193,-12.182 
1193,-23.771 
1193,-37.125 
1193,108.062 
1194,-7.812 
1194,-10.417 
1194,-16.812 
1194,-23.641 
1194,-35.042 
1194,107.312 
1195,-6.641 
1195,-26.562 
1195,-34.000 
1195,-43.562 
1195,-40.583 
1195,88.271 
1196,-7.812 
1196,-14.917 
1196,-30.932 
1196,-23.641 
1196,-25.292 
1196,99.062 
1197,-7.812 
1197,-18.766 
1197,-26.432 
1197,-28.141 
1197,-20.141 
1197,128.146 
1198,-7.812 
1198,-9.766 
1198,-26.432 
1198,-39.974 
1198,-55.125 
1198,80.312 
1199,-7.812 
1199,-18.766 
1199,-28.516 
1199,-34.724 
1199,-43.057 
1199,105.979 
1200,-7.812 
1200,-31.250 
1200,-28.646 
1200,-21.224 
1200,-54.083 
1200,100.104 
1201,-7.812 
1201,-10.417 
1201,-28.646 
1201,-34.333 
1201,-35.724 
1201,100.104 
1202,-7.812 
1202,-14.917 
1202,-12.312 
1202,-18.391 
1202,-11.792 
1202,119.146 
1203,-7.812 
1203,-18.766 
1203,-30.932 
1203,-32.641 
1203,-30.542 
1203,80.312 
1204,-7.812 
1204,-28.516 
1204,-35.432 
1204,-38.021 
1204,-39.542 
1204,107.312 
1205,-6.641 
1205,-9.766 
1205,-28.516 
1205,-34.724 
1205,-46.125 
1205,99.062 
1206,-6.641 
1206,-9.766 
1206,-28.516 
1206,-57.062 
1206,-36.083 
1206,88.271 
1207,-7.812 
1207,-14.917 
1207,-28.646 
1207,-39.224 
1207,-13.875 
1207,126.062 
1208,-7.812 
1208,-10.417 
1208,-28.646 
1208,-57.974 
1208,-28.125 
1208,107.312 
1209,-7.812 
1209,-10.417 
1209,-16.812 
1209,-28.141 
1209,-36.474 
1209,107.312 
1210,-7.812 
1210,-9.766 
1210,-28.516 
1210,-39.354 
1210,-22.875 
1210,117.062 
1211,-7.812 
1211,-28.516 
1211,-39.932 
1211,-23.771 
1211,-41.625 
1211,99.062 
1212,-6.641 
1212,-28.516 
1212,-39.932 
1212,-53.474 
1212,-32.625 
1212,80.312 
1213,-7.812 
1213,-9.766 
1213,-7.682 
1213,-28.271 
1213,-35.042 
1213,119.146 
1214,-7.812 
1214,-10.417 
1214,-16.812 
1214,-28.141 
1214,-11.792 
1214,119.146 
1215,-7.812 
1215,-28.516 
1215,-35.432 
1215,-47.021 
1215,-39.542 
1215,80.312 
1216,-7.812 
1216,-10.417 
1216,-7.812 
1216,-29.833 
1216,-13.224 
1216,126.062 
1217,-7.812 
1217,-18.766 
1217,-16.682 
1217,-25.724 
1217,-43.057 
1217,88.271 
1218,-7.812 
1218,-14.266 
1218,-12.182 
1218,-21.224 
1218,-31.974 
1218,107.312 
1219,-7.812 
1219,-10.417 
1219,-26.432 
1219,-48.974 
1219,-31.974 
1219,107.312 
1220,-6.641 
1220,-8.854 
1220,-16.292 
1220,-30.354 
1220,-37.125 
1220,107.312 
1221,-6.641 
1221,-28.516 
1221,-35.432 
1221,-38.021 
1221,-35.042 
1221,107.312 
1222,-7.812 
1222,-10.417 
1222,-25.682 
1222,-30.224 
1222,-22.224 
1222,100.104 
1223,-6.641 
1223,-9.766 
1223,-30.932 
1223,-32.641 
1223,-36.474 
1223,107.312 
1224,-6.641 
1224,-28.516 
1224,-26.042 
1224,-47.021 
1224,-35.042 
1224,107.312 
1225,-7.812 
1225,-10.417 
1225,-7.682 
1225,-36.229 
1225,-15.250 
1225,109.104 
1226,-6.641 
1226,-9.766 
1226,-30.932 
1226,-32.641 
1226,-26.042 
1226,128.146 
1227,-7.812 
1227,-31.250 
1227,-46.516 
1227,-39.062 
1227,-36.083 
1227,88.271 
1228,-6.641 
1228,-9.766 
1228,-29.500 
1228,-48.062 
1228,-40.583 
1228,109.104 
1229,-6.641 
1229,-18.766 
1229,-16.682 
1229,-30.224 
1229,-38.557 
1229,105.979 
1230,-7.812 
1230,-9.766 
1230,-7.682 
1230,-21.224 
1230,-43.057 
1230,105.979 
1231,-6.641 
1231,-18.766 
1231,-37.516 
1231,-39.974 
1231,-28.125 
1231,107.312 
1232,-7.812 
1232,-9.766 
1232,-33.016 
1232,-44.474 
1232,-31.974 
1232,108.062 
1233,-7.812 
1233,-10.417 
1233,-7.682 
1233,-19.141 
1233,-40.974 
1233,107.312 
1234,-7.812 
1234,-28.516 
1234,-39.932 
1234,-32.641 
1234,-30.542 
1234,80.312 
1235,-6.641 
1235,-9.766 
1235,-37.516 
1235,-34.724 
1235,-31.974 
1235,126.062 
1236,-7.812 
1236,-28.516 
1236,-35.432 
1236,-19.271 
1236,-37.125 
1236,107.312 
1237,-7.812 
1237,-14.266 
1237,-12.182 
1237,-25.724 
1237,-27.375 
1237,105.979 
1238,-6.641 
1238,-18.766 
1238,-12.182 
1238,-23.771 
1238,-30.542 
1238,107.312 
1239,-7.812 
1239,-10.417 
1239,-25.682 
1239,-28.141 
1239,-20.141 
1239,101.146 
1240,-6.641 
1240,-14.266 
1240,-30.932 
1240,-23.641 
1240,-35.042 
1240,119.146 
1241,-6.641 
1241,-14.266 
1241,-30.932 
1241,-23.641 
1241,-27.474 
1241,108.062 
1242,-6.641 
1242,-26.562 
1242,-34.000 
1242,-27.229 
1242,-36.083 
1242,100.104 
1243,-7.812 
1243,-31.250 
1243,-46.516 
1243,-48.974 
1243,-40.974 
1243,80.312 
1244,-6.641 
1244,-18.766 
1244,-16.682 
1244,-19.141 
1244,-20.141 
1244,119.146 
1245,-6.641 
1245,-26.562 
1245,-34.000 
1245,-27.229 
1245,-19.750 
1245,109.104 
1246,-6.641 
1246,-9.766 
1246,-16.292 
1246,-30.354 
1246,-28.125 
1246,117.062 
1247,-7.812 
1247,-9.766 
1247,-37.516 
1247,-44.474 
1247,-40.974 
1247,107.312 
1248,-6.641 
1248,-28.516 
1248,-26.432 
1248,-19.141 
1248,-40.974 
1248,108.062 
1249,-7.812 
1249,-9.766 
1249,-26.042 
1249,-28.271 
1249,-16.292 
1249,126.062 
1250,-7.812 
1250,-31.250 
1250,-37.646 
1250,-39.224 
1250,-38.557 
1250,105.979 
1251,-7.812 
1251,-10.417 
1251,-35.432 
1251,-44.474 
1251,-40.974 
1251,126.062 
1252,-7.812 
1252,-31.250 
1252,-46.516 
1252,-21.354 
1252,-41.625 
1252,80.312 
1253,-7.812 
1253,-28.516 
1253,-35.432 
1253,-28.141 
1253,-40.974 
1253,117.062 
1254,-7.812 
1254,-14.917 
1254,-26.432 
1254,-23.641 
1254,-25.292 
1254,128.146 
1255,-6.641 
1255,-9.766 
1255,-30.932 
1255,-23.771 
1255,-20.792 
1255,117.062 
1256,-6.641 
1256,-18.766 
1256,-30.932 
1256,-32.641 
1256,-40.974 
1256,99.062 
1257,-6.641 
1257,-9.766 
1257,-7.682 
1257,-30.224 
1257,-37.125 
1257,107.312 
1258,-7.812 
1258,-14.917 
1258,-33.146 
1258,-25.724 
1258,-29.557 
1258,88.271 
1259,-7.812 
1259,-9.766 
1259,-30.932 
1259,-23.771 
1259,-37.125 
1259,126.062 
1260,-7.812 
1260,-14.917 
1260,-26.432 
1260,-28.271 
1260,-41.625 
1260,108.062 
1261,-7.812 
1261,-10.417 
1261,-26.432 
1261,-48.974 
1261,-31.974 
1261,108.062 
1262,-6.641 
1262,-28.516 
1262,-39.932 
1262,-53.474 
1262,-32.625 
1262,80.312 
1263,-7.812 
1263,-9.766 
1263,-16.682 
1263,-4.891 
1263,-11.141 
1263,119.146 
1264,-6.641 
1264,-14.266 
1264,-30.932 
1264,-23.641 
1264,-31.974 
1264,80.312 
1265,-7.812 
1265,-9.766 
1265,-28.516 
1265,-21.224 
1265,-46.125 
1265,117.062 
1266,-7.812 
1266,-14.917 
1266,-33.146 
1266,-39.974 
1266,-31.974 
1266,107.312 
1267,-6.641 
1267,-14.266 
1267,-12.182 
1267,-21.224 
1267,-37.125 
1267,126.062 
1268,-7.812 
1268,-10.417 
1268,-16.812 
1268,-4.891 
1268,-8.724 
1268,126.062 
1269,-7.812 
1269,-31.250 
1269,-46.516 
1269,-48.974 
1269,-40.974 
1269,99.062 
1270,-7.812 
1270,-9.766 
1270,-37.516 
1270,-25.854 
1270,-41.625 
1270,108.062 
1271,-6.641 
1271,-18.766 
1271,-7.292 
1271,-30.354 
1271,-28.125 
1271,117.062 
1272,-7.812 
1272,-31.250 
1272,-28.516 
1272,-39.354 
1272,-37.125 
1272,107.312 
1273,-7.812 
1273,-10.417 
1273,-7.682 
1273,-36.229 
1273,-36.083 
1273,88.271 
1274,-7.812 
1274,-14.266 
1274,-30.932 
1274,-47.021 
1274,-39.542 
1274,80.312 
1275,-6.641 
1275,-9.766 
1275,-21.182 
1275,-13.891 
1275,-11.792 
1275,119.146 
1276,-7.812 
1276,-10.417 
1276,-7.812 
1276,-29.833 
1276,-45.474 
1276,107.312 
1277,-6.641 
1277,-9.766 
1277,-26.432 
1277,-19.141 
1277,-40.974 
1277,107.312 
1278,-7.812 
1278,-31.250 
1278,-33.146 
1278,-39.224 
1278,-32.625 
1278,108.062 
1279,-7.812 
1279,-10.417 
1279,-33.146 
1279,-39.224 
1279,-31.974 
1279,107.312 
1280,-7.812 
1280,-18.766 
1280,-26.432 
1280,-48.974 
1280,-40.974 
1280,117.062 
1281,-7.812 
1281,-18.766 
1281,-37.516 
1281,-39.974 
1281,-40.974 
1281,107.312 
1282,-7.812 
1282,-31.250 
1282,-28.516 
1282,-39.354 
1282,-18.375 
1282,108.062 
1283,-6.641 
1283,-9.766 
1283,-7.682 
1283,-21.224 
1283,-54.083 
1283,100.104 
1284,-7.812 
1284,-14.917 
1284,-33.146 
1284,-39.224 
1284,-38.557 
1284,105.979 
1285,-7.812 
1285,-18.766 
1285,-25.000 
1285,-27.229 
1285,-36.083 
1285,88.271 
1286,-7.812 
1286,-18.766 
1286,-26.432 
1286,-19.271 
1286,-35.042 
1286,107.312 
1287,-7.812 
1287,-31.250 
1287,-33.016 
1287,-25.724 
1287,-13.224 
1287,126.062 
1288,-6.641 
1288,-9.766 
1288,-16.682 
1288,-19.271 
1288,-20.792 
1288,119.146 
1289,-7.812 
1289,-31.250 
1289,-37.516 
1289,-44.474 
1289,-40.974 
1289,107.312 
1290,-6.641 
1290,-9.766 
1290,-7.682 
1290,-30.224 
1290,-37.125 
1290,107.312 
1291,-7.812 
1291,-10.417 
1291,-16.812 
1291,-4.891 
1291,-24.250 
1291,100.104 
1292,-7.812 
1292,-31.250 
1292,-33.146 
1292,-25.333 
1292,-31.974 
1292,108.062 
1293,-7.812 
1293,-10.417 
1293,-28.646 
1293,-48.224 
1293,-38.557 
1293,105.979 
1294,-6.641 
1294,-18.766 
1294,-12.182 
1294,-30.224 
1294,-43.057 
1294,88.271 
1295,-7.812 
1295,-31.250 
1295,-37.646 
1295,-57.974 
1295,-40.974 
1295,80.312 
1296,-7.812 
1296,-31.250 
1296,-28.646 
1296,-21.224 
1296,-43.057 
1296,88.271 
1297,-7.812 
1297,-31.250 
1297,-33.146 
1297,-48.974 
1297,-32.625 
1297,107.312 
1298,-7.812 
1298,-14.917 
1298,-28.646 
1298,-25.724 
1298,-31.974 
1298,107.312 
1299,-6.641 
1299,-28.516 
1299,-26.432 
1299,-37.271 
1299,-37.125 
1299,108.062 
1300,-7.812 
1300,-14.917 
1300,-35.432 
1300,-53.474 
1300,-32.625 
1300,99.062 
1301,-7.812 
1301,-9.766 
1301,-28.516 
1301,-21.224 
1301,-43.057 
1301,88.271 
1302,-6.641 
1302,-9.766 
1302,-33.016 
1302,-44.474 
1302,-46.125 
1302,108.062 
1303,-7.812 
1303,-10.417 
1303,-7.812 
1303,-19.141 
1303,-24.641 
1303,119.146 
1304,-7.812 
1304,-14.917 
1304,-30.932 
1304,-39.974 
1304,-46.125 
1304,108.062 
1305,-7.812 
1305,-31.250 
1305,-33.146 
1305,-25.333 
1305,-35.724 
1305,108.062 
1306,-6.641 
1306,-28.516 
1306,-35.432 
1306,-19.271 
1306,-16.292 
1306,128.146 
1307,-6.641 
1307,-18.766 
1307,-25.000 
1307,-27.229 
1307,-36.083 
1307,88.271 
1308,-6.641 
1308,-18.766 
1308,-7.292 
1308,-9.521 
1308,-20.792 
1308,108.062 
1309,-6.641 
1309,-18.766 
1309,-16.682 
1309,-9.391 
1309,-22.224 
1309,108.062 
1310,-7.812 
1310,-18.766 
1310,-28.516 
1310,-25.854 
1310,-22.875 
1310,105.979 
1311,-7.812 
1311,-14.917 
1311,-28.646 
1311,-25.724 
1311,-34.057 
1311,88.271 
1312,-7.812 
1312,-9.766 
1312,-16.292 
1312,-30.354 
1312,-37.125 
1312,99.062 
1313,-7.812 
1313,-9.766 
1313,-7.682 
1313,-30.224 
1313,-45.083 
1313,109.104 
1314,-7.812 
1314,-14.917 
1314,-33.146 
1314,-57.974 
1314,-40.974 
1314,80.312 
1315,-7.812 
1315,-14.917 
1315,-33.146 
1315,-39.974 
1315,-46.125 
1315,107.312 
1316,-7.812 
1316,-18.766 
1316,-30.932 
1316,-53.474 
1316,-40.974 
1316,99.062 
1317,-7.812 
1317,-18.766 
1317,-16.682 
1317,-19.141 
1317,-26.042 
1317,119.146 
1318,-6.641 
1318,-9.766 
1318,-28.516 
1318,-39.354 
1318,-37.125 
1318,80.312 
1319,-7.812 
1319,-14.917 
1319,-26.432 
1319,-48.974 
1319,-40.974 
1319,107.312 
1320,-6.641 
1320,-14.266 
1320,-30.932 
1320,-28.271 
1320,-30.542 
1320,107.312 
1321,-6.641 
1321,-18.766 
1321,-12.182 
1321,-22.729 
1321,-36.083 
1321,88.271 
1322,-7.812 
1322,-14.917 
1322,-12.182 
1322,-19.271 
1322,-20.792 
1322,119.146 
1323,-7.812 
1323,-14.917 
1323,-12.312 
1323,-23.641 
1323,-27.474 
1323,107.312 
1324,-7.812 
1324,-14.917 
1324,-12.312 
1324,-20.833 
1324,-45.474 
1324,107.312 
1325,-6.641 
1325,-8.854 
1325,-11.792 
1325,-23.771 
1325,-20.792 
1325,117.062 
1326,-7.812 
1326,-18.766 
1326,-26.042 
1326,-28.271 
1326,-26.042 
1326,107.312 
1327,-6.641 
1327,-9.766 
1327,-16.682 
1327,-21.224 
1327,-13.224 
1327,126.062 
1328,-7.812 
1328,-14.917 
1328,-16.682 
1328,-30.224 
1328,-43.057 
1328,88.271 
1329,-6.641 
1329,-28.516 
1329,-35.042 
1329,-28.271 
1329,-16.292 
1329,101.146 
1330,-7.812 
1330,-9.766 
1330,-16.292 
1330,-9.521 
1330,-7.292 
1330,126.062 
1331,-7.812 
1331,-9.766 
1331,-26.432 
1331,-39.974 
1331,-45.474 
1331,99.062 
1332,-7.812 
1332,-31.250 
1332,-37.646 
1332,-25.724 
1332,-45.083 
1332,100.104 
1333,-7.812 
1333,-18.766 
1333,-7.292 
1333,-9.521 
1333,-11.792 
1333,117.062 
1334,-7.812 
1334,-14.917 
1334,-12.312 
1334,-28.141 
1334,-36.474 
1334,126.062 
1335,-7.812 
1335,-14.917 
1335,-12.312 
1335,-19.141 
1335,-35.042 
1335,107.312 
1336,-6.641 
1336,-9.766 
1336,-7.682 
1336,-21.224 
1336,-36.375 
1336,108.062 
1337,-7.812 
1337,-14.917 
1337,-12.312 
1337,-23.641 
1337,-35.042 
1337,119.146 
1338,-6.641 
1338,-9.766 
1338,-26.432 
1338,-48.974 
1338,-46.125 
1338,108.062 
1339,-6.641 
1339,-9.766 
1339,-11.792 
1339,-14.021 
1339,-18.375 
1339,126.062 
1340,-7.812 
1340,-9.766 
1340,-21.182 
1340,-23.641 
1340,-26.042 
1340,128.146 
1341,-7.812 
1341,-14.917 
1341,-12.312 
1341,-20.833 
1341,-45.474 
1341,126.062 
1342,-7.812 
1342,-14.917 
1342,-12.312 
1342,-37.141 
1342,-11.792 
1342,99.062 
1343,-6.641 
1343,-9.766 
1343,-30.932 
1343,-48.974 
1343,-40.974 
1343,126.062 
1344,-6.641 
1344,-14.266 
1344,-28.516 
1344,-25.724 
1344,-31.974 
1344,108.062 
1345,-6.641 
1345,-8.854 
1345,-16.292 
1345,-30.354 
1345,-41.625 
1345,80.312 
1346,-7.812 
1346,-28.516 
1346,-30.932 
1346,-38.021 
1346,-39.542 
1346,128.146 
1347,-6.641 
1347,-26.562 
1347,-34.000 
1347,-48.062 
1347,-40.583 
1347,100.104 
1348,-7.812 
1348,-18.766 
1348,-26.042 
1348,-38.021 
1348,-35.042 
1348,107.312 
1349,-6.641 
1349,-9.766 
1349,-26.432 
1349,-47.021 
1349,-35.042 
1349,119.146 
1350,-6.641 
1350,-28.516 
1350,-39.932 
1350,-42.521 
1350,-39.542 
1350,80.312 
1351,-6.641 
1351,-9.766 
1351,-34.000 
1351,-48.062 
1351,-40.583 
1351,88.271 
1352,-6.641 
1352,-28.516 
1352,-35.432 
1352,-19.271 
1352,-35.042 
1352,128.146 
1353,-7.812 
1353,-10.417 
1353,-7.682 
1353,-36.229 
1353,-19.750 
1353,100.104 
1354,-7.812 
1354,-28.516 
1354,-39.932 
1354,-32.641 
1354,-40.974 
1354,99.062 
1355,-7.812 
1355,-14.266 
1355,-12.182 
1355,-28.271 
1355,-41.625 
1355,99.062 
1356,-7.812 
1356,-14.917 
1356,-26.432 
1356,-38.021 
1356,-39.542 
1356,107.312 
1357,-7.812 
1357,-9.766 
1357,-16.292 
1357,-23.771 
1357,-30.542 
1357,107.312 
1358,-7.812 
1358,-18.766 
1358,-16.682 
1358,-19.141 
1358,-36.474 
1358,126.062 
1359,-6.641 
1359,-18.766 
1359,-16.682 
1359,-25.724 
1359,-31.974 
1359,107.312 
1360,-7.812 
1360,-18.766 
1360,-28.516 
1360,-25.854 
1360,-41.625 
1360,108.062 
1361,-6.641 
1361,-8.854 
1361,-26.042 
1361,-28.271 
1361,-35.042 
1361,107.312 
1362,-7.812 
1362,-14.266 
1362,-28.516 
1362,-30.354 
1362,-32.625 
1362,126.062 
1363,-7.812 
1363,-9.766 
1363,-16.682 
1363,-28.271 
1363,-39.542 
1363,101.146 
1364,-7.812 
1364,-18.766 
1364,-26.042 
1364,-28.271 
1364,-39.542 
1364,101.146 
1365,-6.641 
1365,-18.766 
1365,-12.182 
1365,-30.224 
1365,-32.625 
1365,108.062 
1366,-6.641 
1366,-14.266 
1366,-12.182 
1366,-25.724 
1366,-29.557 
1366,105.979 
1367,-6.641 
1367,-8.854 
1367,-16.292 
1367,-23.771 
1367,-20.792 
1367,108.062 
1368,-7.812 
1368,-31.250 
1368,-46.516 
1368,-30.224 
1368,-38.557 
1368,88.271 
1369,-6.641 
1369,-18.766 
1369,-16.682 
1369,-9.391 
1369,-17.724 
1369,108.062 
1370,-7.812 
1370,-18.766 
1370,-26.042 
1370,-28.271 
1370,-16.292 
1370,101.146 
1371,-7.812 
1371,-9.766 
1371,-11.792 
1371,-32.771 
1371,-37.125 
1371,107.312 
1372,-7.812 
1372,-18.766 
1372,-26.042 
1372,-28.271 
1372,-26.042 
1372,107.312 
1373,-7.812 
1373,-14.917 
1373,-16.682 
1373,-5.021 
1373,-22.875 
1373,117.062 
1374,-7.812 
1374,-10.417 
1374,-35.432 
1374,-19.271 
1374,-35.042 
1374,107.312 
1375,-7.812 
1375,-9.766 
1375,-7.682 
1375,-28.271 
1375,-35.042 
1375,107.312 
1376,-6.641 
1376,-9.766 
1376,-26.042 
1376,-42.521 
1376,-39.542 
1376,107.312 
1377,-7.812 
1377,-10.417 
1377,-16.812 
1377,-28.141 
1377,-40.974 
1377,117.062 
1378,-7.812 
1378,-14.917 
1378,-30.932 
1378,-23.641 
1378,-31.974 
1378,99.062 
1379,-7.812 
1379,-28.516 
1379,-30.932 
1379,-32.641 
1379,-30.542 
1379,107.312 
1380,-7.812 
1380,-10.417 
1380,-33.146 
1380,-25.333 
1380,-31.974 
1380,107.312 
1381,-6.641 
1381,-14.266 
1381,-12.182 
1381,-25.724 
1381,-45.083 
1381,88.271 
1382,-7.812 
1382,-31.250 
1382,-33.146 
1382,-44.474 
1382,-46.125 
1382,107.312 
1383,-6.641 
1383,-18.766 
1383,-16.682 
1383,-25.724 
1383,-43.057 
1383,105.979 
1384,-6.641 
1384,-9.766 
1384,-7.682 
1384,-28.271 
1384,-37.125 
1384,126.062 
1385,-6.641 
1385,-9.766 
1385,-7.682 
1385,-36.229 
1385,-36.083 
1385,88.271 
1386,-6.641 
1386,-28.516 
1386,-30.932 
1386,-48.974 
1386,-32.625 
1386,107.312 
1387,-7.812 
1387,-14.917 
1387,-28.646 
1387,-48.974 
1387,-32.625 
1387,107.312 
1388,-7.812 
1388,-9.766 
1388,-16.292 
1388,-25.854 
1388,-22.875 
1388,105.979 
1389,-7.812 
1389,-9.766 
1389,-16.682 
1389,-23.641 
1389,-25.292 
1389,99.062 
1390,-6.641 
1390,-9.766 
1390,-7.682 
1390,-36.229 
1390,-19.750 
1390,100.104 
1391,-6.641 
1391,-18.766 
1391,-16.682 
1391,-19.271 
1391,-37.125 
1391,80.312 
1392,-7.812 
1392,-28.516 
1392,-26.042 
1392,-47.021 
1392,-39.542 
1392,119.146 
1393,-6.641 
1393,-18.766 
1393,-12.182 
1393,-23.641 
1393,-11.792 
1393,126.062 
1394,-7.812 
1394,-10.417 
1394,-25.682 
1394,-9.391 
1394,-11.792 
1394,99.062 
1395,-6.641 
1395,-28.516 
1395,-30.542 
1395,-32.771 
1395,-20.792 
1395,99.062 
1396,-7.812 
1396,-10.417 
1396,-33.146 
1396,-39.224 
1396,-13.875 
1396,108.062 
1397,-6.641 
1397,-14.266 
1397,-7.292 
1397,-14.021 
1397,-11.792 
1397,117.062 
1398,-7.812 
1398,-9.766 
1398,-29.500 
1398,-48.062 
1398,-40.583 
1398,88.271 
1399,-6.641 
1399,-9.766 
1399,-26.432 
1399,-39.974 
1399,-45.474 
1399,80.312 
1400,-6.641 
1400,-14.266 
1400,-28.516 
1400,-30.354 
1400,-22.875 
1400,108.062 
1401,-7.812 
1401,-14.917 
1401,-30.932 
1401,-23.641 
1401,-27.474 
1401,108.062 
1402,-6.641 
1402,-9.766 
1402,-16.682 
1402,-25.724 
1402,-13.224 
1402,99.062 
1403,-7.812 
1403,-14.917 
1403,-28.646 
1403,-39.224 
1403,-32.625 
1403,108.062 
1404,-7.812 
1404,-10.417 
1404,-26.432 
1404,-37.271 
1404,-37.125 
1404,99.062 
1405,-6.641 
1405,-9.766 
1405,-16.682 
1405,-9.521 
1405,-11.792 
1405,117.062 
1406,-7.812 
1406,-9.766 
1406,-7.682 
1406,-0.391 
1406,-25.292 
1406,126.062 
1407,-7.812 
1407,-9.766 
1407,-7.682 
1407,-36.229 
1407,-36.083 
1407,109.104 
1408,-6.641 
1408,-8.854 
1408,-16.292 
1408,-19.271 
1408,-37.125 
1408,107.312 
1409,-7.812 
1409,-14.266 
1409,-12.182 
1409,-23.641 
1409,-11.141 
1409,101.146 
1410,-7.812 
1410,-10.417 
1410,-16.812 
1410,-18.391 
1410,-11.792 
1410,99.062 
1411,-7.812 
1411,-10.417 
1411,-25.682 
1411,-0.521 
1411,-18.375 
1411,108.062 
1412,-6.641 
1412,-9.766 
1412,-33.016 
1412,-30.354 
1412,-41.625 
1412,107.312 
1413,-6.641 
1413,-28.516 
1413,-30.932 
1413,-28.271 
1413,-30.542 
1413,128.146 
1414,-6.641 
1414,-26.562 
1414,-29.500 
1414,-31.729 
1414,-19.750 
1414,100.104 
1415,-7.812 
1415,-28.516 
1415,-30.932 
1415,-23.641 
1415,-11.141 
1415,128.146 
1416,-6.641 
1416,-9.766 
1416,-7.682 
1416,-21.224 
1416,-36.375 
1416,99.062 
1417,-7.812 
1417,-14.266 
1417,-12.182 
1417,-25.724 
1417,-31.974 
1417,99.062 
1418,-7.812 
1418,-28.516 
1418,-35.432 
1418,-44.474 
1418,-32.625 
1418,107.312 
1419,-6.641 
1419,-14.266 
1419,-7.292 
1419,-32.771 
1419,-20.792 
1419,99.062 
1420,-7.812 
1420,-10.417 
1420,-26.432 
1420,-32.641 
1420,-27.474 
1420,107.312 
1421,-7.812 
1421,-18.766 
1421,-25.000 
1421,-27.229 
1421,-40.583 
1421,100.104 
1422,-6.641 
1422,-9.766 
1422,-33.016 
1422,-48.062 
1422,-40.583 
1422,109.104 
1423,-6.641 
1423,-9.766 
1423,-30.932 
1423,-32.641 
1423,-30.542 
1423,119.146 
1424,-7.812 
1424,-28.516 
1424,-26.042 
1424,-42.521 
1424,-39.542 
1424,128.146 
1425,-7.812 
1425,-28.516 
1425,-30.932 
1425,-44.474 
1425,-46.125 
1425,108.062 
1426,-7.812 
1426,-10.417 
1426,-7.682 
1426,-21.224 
1426,-36.375 
1426,108.062 
1427,-7.812 
1427,-14.917 
1427,-12.182 
1427,-23.641 
1427,-25.292 
1427,119.146 
1428,-7.812 
1428,-10.417 
1428,-35.432 
1428,-19.271 
1428,-20.792 
1428,119.146 
1429,-6.641 
1429,-28.516 
1429,-35.432 
1429,-19.271 
1429,-20.792 
1429,119.146 
1430,-7.812 
1430,-14.917 
1430,-12.312 
1430,-4.500 
1430,-24.641 
1430,119.146 
1431,-7.812 
1431,-10.417 
1431,-16.812 
1431,-37.141 
1431,-30.542 
1431,80.312 
1432,-7.812 
1432,-10.417 
1432,-35.432 
1432,-28.141 
1432,-40.974 
1432,107.312 
1433,-7.812 
1433,-10.417 
1433,-35.432 
1433,-28.141 
1433,-40.974 
1433,117.062 
1434,-7.812 
1434,-10.417 
1434,-33.146 
1434,-44.474 
1434,-31.974 
1434,107.312 
1435,-7.812 
1435,-18.766 
1435,-25.000 
1435,-48.062 
1435,-36.083 
1435,100.104 
1436,-6.641 
1436,-9.766 
1436,-26.042 
1436,-28.271 
1436,-37.125 
1436,126.062 
1437,-6.641 
1437,-9.766 
1437,-30.932 
1437,-38.021 
1437,-39.542 
1437,107.312 
1438,-7.812 
1438,-28.516 
1438,-26.042 
1438,-42.521 
1438,-39.542 
1438,107.312 
1439,-6.641 
1439,-18.766 
1439,-26.042 
1439,-47.021 
1439,-39.542 
1439,101.146 
1440,-7.812 
1440,-14.917 
1440,-28.646 
1440,-44.474 
1440,-46.125 
1440,108.062 
1441,-7.812 
1441,-10.417 
1441,-16.812 
1441,-23.641 
1441,-31.974 
1441,80.312 
1442,-7.812 
1442,-31.250 
1442,-33.016 
1442,-44.474 
1442,-46.125 
1442,108.062 
1443,-6.641 
1443,-9.766 
1443,-26.432 
1443,-19.141 
1443,-40.974 
1443,107.312 
1444,-6.641 
1444,-8.854 
1444,-11.792 
1444,-14.021 
1444,-22.875 
1444,99.062 
1445,-7.812 
1445,-9.766 
1445,-37.516 
1445,-34.724 
1445,-13.875 
1445,108.062 
1446,-7.812 
1446,-14.917 
1446,-12.182 
1446,-21.224 
1446,-13.224 
1446,109.104 
1447,-7.812 
1447,-31.250 
1447,-37.646 
1447,-25.724 
1447,-27.375 
1447,117.062 
1448,-6.641 
1448,-28.516 
1448,-35.432 
1448,-28.141 
1448,-7.292 
1448,128.146 
1449,-7.812 
1449,-9.766 
1449,-26.432 
1449,-48.974 
1449,-46.125 
1449,108.062 
1450,-7.812 
1450,-10.417 
1450,-7.682 
1450,-0.391 
1450,-22.224 
1450,109.104 
1451,-7.812 
1451,-10.417 
1451,-33.146 
1451,-25.724 
1451,-34.057 
1451,88.271 
1452,-7.812 
1452,-10.417 
1452,-35.432 
1452,-28.141 
1452,-20.141 
1452,128.146 
1453,-6.641 
1453,-18.766 
1453,-7.292 
1453,-9.521 
1453,-20.792 
1453,99.062 
1454,-6.641 
1454,-9.766 
1454,-30.932 
1454,-44.474 
1454,-46.125 
1454,108.062 
1455,-7.812 
1455,-10.417 
1455,-7.812 
1455,-0.391 
1455,-20.141 
1455,128.146 
1456,-7.812 
1456,-10.417 
1456,-7.682 
1456,-30.224 
1456,-37.125 
1456,126.062 
1457,-7.812 
1457,-9.766 
1457,-16.292 
1457,-30.354 
1457,-28.125 
1457,117.062 
1458,-6.641 
1458,-8.854 
1458,-16.292 
1458,-19.271 
1458,-35.042 
1458,107.312 
1459,-6.641 
1459,-18.766 
1459,-16.682 
1459,-28.141 
1459,-30.542 
1459,101.146 
1460,-6.641 
1460,-14.266 
1460,-12.182 
1460,-23.641 
1460,-31.974 
1460,99.062 
1461,-7.812 
1461,-18.766 
1461,-7.292 
1461,-28.271 
1461,-37.125 
1461,80.312 
1462,-7.812 
1462,-14.917 
1462,-16.682 
1462,-19.271 
1462,-20.792 
1462,108.062 
1463,-7.812 
1463,-28.516 
1463,-39.932 
1463,-32.641 
1463,-11.792 
1463,101.146 
1464,-7.812 
1464,-10.417 
1464,-7.682 
1464,-28.271 
1464,-35.042 
1464,107.312 
1465,-7.812 
1465,-31.250 
1465,-28.516 
1465,-57.062 
1465,-40.583 
1465,100.104 
1466,-7.812 
1466,-28.516 
1466,-39.932 
1466,-32.641 
1466,-40.974 
1466,99.062 
1467,-7.812 
1467,-18.766 
1467,-28.516 
1467,-25.854 
1467,-41.625 
1467,107.312 
1468,-6.641 
1468,-28.516 
1468,-30.932 
1468,-23.641 
1468,-25.292 
1468,108.062 
1469,-6.641 
1469,-14.266 
1469,-25.000 
1469,-31.729 
1469,-36.083 
1469,88.271 
1470,-7.812 
1470,-28.516 
1470,-30.932 
1470,-23.641 
1470,-31.974 
1470,107.312 
1471,-6.641 
1471,-18.766 
1471,-26.432 
1471,-28.141 
1471,-26.042 
1471,119.146 
1472,-7.812 
1472,-10.417 
1472,-7.682 
1472,-36.229 
1472,-36.083 
1472,109.104 
1473,-6.641 
1473,-28.516 
1473,-26.432 
1473,-37.271 
1473,-39.542 
1473,80.312 
1474,-7.812 
1474,-18.766 
1474,-16.682 
1474,-28.141 
1474,-40.974 
1474,80.312 
1475,-6.641 
1475,-8.854 
1475,-11.792 
1475,-23.771 
1475,-39.542 
1475,119.146 
1476,-6.641 
1476,-8.854 
1476,-16.292 
1476,-30.354 
1476,-22.875 
1476,117.062 
1477,-7.812 
1477,-14.266 
1477,-30.932 
1477,-39.974 
1477,-31.974 
1477,108.062 
1478,-6.641 
1478,-9.766 
1478,-16.682 
1478,-28.271 
1478,-20.792 
1478,99.062 
1479,-7.812 
1479,-14.917 
1479,-33.146 
1479,-25.724 
1479,-45.083 
1479,88.271 
1480,-6.641 
1480,-9.766 
1480,-16.682 
1480,-25.724 
1480,-27.375 
1480,105.979 
1481,-6.641 
1481,-26.562 
1481,-34.000 
1481,-27.229 
1481,-36.083 
1481,100.104 
1482,-6.641 
1482,-18.766 
1482,-30.932 
1482,-53.474 
1482,-40.974 
1482,80.312 
1483,-6.641 
1483,-8.854 
1483,-11.792 
1483,-23.771 
1483,-39.542 
1483,107.312 
1484,-6.641 
1484,-9.766 
1484,-16.292 
1484,-23.771 
1484,-41.625 
1484,108.062 
1485,-6.641 
1485,-8.854 
1485,-16.292 
1485,-25.854 
1485,-32.625 
1485,107.312 
1486,-7.812 
1486,-14.917 
1486,-12.312 
1486,-19.141 
1486,-35.042 
1486,107.312 
1487,-7.812 
1487,-9.766 
1487,-26.042 
1487,-28.271 
1487,-37.125 
1487,107.312 
1488,-6.641 
1488,-14.266 
1488,-12.182 
1488,-9.521 
1488,-20.792 
1488,119.146 
1489,-7.812 
1489,-14.917 
1489,-33.146 
1489,-25.724 
1489,-46.125 
1489,80.312 
1490,-7.812 
1490,-10.417 
1490,-26.432 
1490,-32.641 
1490,-31.974 
1490,99.062 
1491,-6.641 
1491,-8.854 
1491,-16.292 
1491,-28.271 
1491,-39.542 
1491,101.146 
1492,-6.641 
1492,-14.266 
1492,-30.932 
1492,-23.641 
1492,-31.974 
1492,80.312 
1493,-6.641 
1493,-28.516 
1493,-26.432 
1493,-37.271 
1493,-39.542 
1493,80.312 
1494,-7.812 
1494,-31.250 
1494,-28.516 
1494,-39.354 
1494,-37.125 
1494,108.062 
1495,-7.812 
1495,-18.766 
1495,-26.042 
1495,-28.271 
1495,-39.542 
1495,80.312 
1496,-7.812 
1496,-14.917 
1496,-35.432 
1496,-32.641 
1496,-30.542 
1496,101.146 
1497,-6.641 
1497,-8.854 
1497,-26.042 
1497,-28.271 
1497,-37.125 
1497,126.062 
1498,-6.641 
1498,-8.854 
1498,-26.042 
1498,-28.271 
1498,-37.125 
1498,126.062 
1499,-6.641 
1499,-28.516 
1499,-30.932 
1499,-23.771 
1499,-39.542 
1499,107.312 
1500,-7.812 
1500,-9.766 
1500,-16.292 
1500,-28.271 
1500,-26.042 
1500,119.146 
1501,-7.812 
1501,-28.516 
1501,-26.042 
1501,-28.271 
1501,-37.125 
1501,126.062 
1502,-6.641 
1502,-26.562 
1502,-34.000 
1502,-27.229 
1502,-36.083 
1502,88.271 
1503,-7.812 
1503,-14.917 
1503,-12.312 
1503,-25.333 
1503,-45.474 
1503,117.062 
1504,-7.812 
1504,-9.766 
1504,-7.682 
1504,-21.224 
1504,-46.125 
1504,117.062 
1505,-7.812 
1505,-9.766 
1505,-28.516 
1505,-39.354 
1505,-37.125 
1505,99.062 
1506,-7.812 
1506,-14.917 
1506,-33.146 
1506,-39.224 
1506,-38.557 
1506,105.979 
1507,-7.812 
1507,-31.250 
1507,-33.146 
1507,-39.224 
1507,-22.224 
1507,108.062 
1508,-7.812 
1508,-28.516 
1508,-35.432 
1508,-23.641 
1508,-11.141 
1508,119.146 
1509,-7.812 
1509,-31.250 
1509,-33.146 
1509,-44.474 
1509,-46.125 
1509,108.062 
1510,-6.641 
1510,-18.766 
1510,-25.000 
1510,-27.229 
1510,-40.583 
1510,88.271 
1511,-7.812 
1511,-9.766 
1511,-16.292 
1511,-28.271 
1511,-26.042 
1511,107.312 
1512,-7.812 
1512,-10.417 
1512,-28.646 
1512,-50.667 
1512,-34.057 
1512,105.979 
1513,-7.812 
1513,-10.417 
1513,-25.682 
1513,-0.521 
1513,-18.375 
1513,108.062 
1514,-6.641 
1514,-18.766 
1514,-26.432 
1514,-38.021 
1514,-35.042 
1514,119.146 
1515,-7.812 
1515,-9.766 
1515,-7.682 
1515,-13.891 
1515,-8.724 
1515,126.062 
1516,-6.641 
1516,-9.766 
1516,-7.682 
1516,-28.271 
1516,-37.125 
1516,126.062 
1517,-7.812 
1517,-14.266 
1517,-12.182 
1517,-21.224 
1517,-34.057 
1517,105.979 
1518,-7.812 
1518,-10.417 
1518,-7.682 
1518,-21.224 
1518,-36.375 
1518,108.062 
1519,-6.641 
1519,-8.854 
1519,-11.792 
1519,-30.354 
1519,-41.625 
1519,107.312 
1520,-7.812 
1520,-31.250 
1520,-33.146 
1520,-44.474 
1520,-46.125 
1520,108.062 
1521,-6.641 
1521,-14.266 
1521,-12.182 
1521,-19.271 
1521,-37.125 
1521,107.312 
1522,-6.641 
1522,-9.766 
1522,-7.682 
1522,-28.141 
1522,-11.141 
1522,128.146 
1523,-7.812 
1523,-10.417 
1523,-28.646 
1523,-21.224 
1523,-40.974 
1523,107.312 
1524,-7.812 
1524,-31.250 
1524,-46.516 
1524,-30.224 
1524,-9.375 
1524,105.979 
1525,-6.641 
1525,-8.854 
1525,-30.542 
1525,-51.521 
1525,-39.542 
1525,80.312 
1526,-7.812 
1526,-28.516 
1526,-35.042 
1526,-28.271 
1526,-37.125 
1526,107.312 
1527,-6.641 
1527,-14.266 
1527,-28.516 
1527,-44.474 
1527,-46.125 
1527,107.312 
1528,-7.812 
1528,-14.917 
1528,-12.182 
1528,-9.521 
1528,-11.792 
1528,119.146 
1529,-7.812 
1529,-14.917 
1529,-12.312 
1529,-20.833 
1529,-13.224 
1529,126.062 
1530,-7.812 
1530,-9.766 
1530,-26.432 
1530,-32.641 
1530,-27.474 
1530,108.062 
1531,-6.641 
1531,-14.266 
1531,-7.292 
1531,-23.771 
1531,-37.125 
1531,107.312 
1532,-6.641 
1532,-14.266 
1532,-30.932 
1532,-23.641 
1532,-44.042 
1532,101.146 
1533,-7.812 
1533,-14.917 
1533,-28.646 
1533,-44.474 
1533,-46.125 
1533,107.312 
1534,-7.812 
1534,-18.766 
1534,-37.516 
1534,-21.354 
1534,-18.375 
1534,99.062 
1535,-6.641 
1535,-9.766 
1535,-30.932 
1535,-44.474 
1535,-31.974 
1535,108.062 
1536,-6.641 
1536,-18.766 
1536,-26.432 
1536,-19.271 
1536,-16.292 
1536,128.146 
1537,-6.641 
1537,-9.766 
1537,-29.500 
1537,-31.729 
1537,-36.083 
1537,109.104 
1538,-7.812 
1538,-14.917 
1538,-33.146 
1538,-25.333 
1538,-54.474 
1538,99.062 
1539,-6.641 
1539,-28.516 
1539,-39.932 
1539,-23.771 
1539,-39.542 
1539,101.146 
1540,-6.641 
1540,-28.516 
1540,-35.432 
1540,-28.141 
1540,-36.474 
1540,126.062 
1541,-7.812 
1541,-14.917 
1541,-33.146 
1541,-25.724 
1541,-27.375 
1541,117.062 
1542,-7.812 
1542,-31.250 
1542,-28.516 
1542,-39.354 
1542,-22.875 
1542,117.062 
1543,-7.812 
1543,-9.766 
1543,-7.682 
1543,-18.521 
1543,-18.375 
1543,126.062 
1544,-7.812 
1544,-14.917 
1544,-12.312 
1544,-23.641 
1544,-35.042 
1544,107.312 
1545,-7.812 
1545,-18.766 
1545,-16.682 
1545,-25.724 
1545,-32.625 
1545,108.062 
1546,-7.812 
1546,-10.417 
1546,-28.646 
1546,-21.224 
1546,-54.083 
1546,88.271 
1547,-7.812 
1547,-10.417 
1547,-28.646 
1547,-48.224 
1547,-22.224 
1547,100.104 
1548,-6.641 
1548,-9.766 
1548,-37.516 
1548,-34.724 
1548,-13.875 
1548,108.062 
1549,-6.641 
1549,-9.766 
1549,-16.682 
1549,-23.641 
1549,-31.974 
1549,80.312 
1550,-7.812 
1550,-14.917 
1550,-12.312 
1550,-25.333 
1550,-45.474 
1550,107.312 
1551,-7.812 
1551,-14.917 
1551,-28.646 
1551,-48.974 
1551,-32.625 
1551,107.312 
1552,-7.812 
1552,-10.417 
1552,-7.812 
1552,-13.500 
1552,-24.641 
1552,119.146 
1553,-6.641 
1553,-9.766 
1553,-30.932 
1553,-32.641 
1553,-30.542 
1553,119.146 
1554,-7.812 
1554,-31.250 
1554,-28.516 
1554,-39.354 
1554,-37.125 
1554,107.312 
1555,-6.641 
1555,-14.266 
1555,-28.516 
1555,-25.724 
1555,-34.057 
1555,105.979 
1556,-7.812 
1556,-31.250 
1556,-37.646 
1556,-25.724 
1556,-46.125 
1556,80.312 
1557,-7.812 
1557,-28.516 
1557,-26.042 
1557,-47.021 
1557,-35.042 
1557,119.146 
1558,-6.641 
1558,-18.766 
1558,-25.000 
1558,-43.562 
1558,-40.583 
1558,109.104 
1559,-7.812 
1559,-14.917 
1559,-30.932 
1559,-23.641 
1559,-31.974 
1559,99.062 
1560,-6.641 
1560,-18.766 
1560,-26.432 
1560,-28.141 
1560,-20.141 
1560,119.146 
1561,-7.812 
1561,-31.250 
1561,-33.146 
1561,-48.974 
1561,-32.625 
1561,107.312 
1562,-6.641 
1562,-8.854 
1562,-11.792 
1562,-30.354 
1562,-41.625 
1562,108.062 
1563,-7.812 
1563,-14.266 
1563,-30.932 
1563,-23.641 
1563,-31.974 
1563,99.062 
1564,-6.641 
1564,-26.562 
1564,-29.500 
1564,-31.729 
1564,-36.083 
1564,109.104 
1565,-7.812 
1565,-14.917 
1565,-33.146 
1565,-57.974 
1565,-40.974 
1565,80.312 
1566,-6.641 
1566,-8.854 
1566,-30.542 
1566,-32.771 
1566,-20.792 
1566,101.146 
1567,-7.812 
1567,-28.516 
1567,-35.432 
1567,-23.641 
1567,-27.474 
1567,107.312 
1568,-7.812 
1568,-14.917 
1568,-35.432 
1568,-32.641 
1568,-40.974 
1568,80.312 
1569,-6.641 
1569,-8.854 
1569,-16.292 
1569,-9.521 
1569,-18.375 
1569,108.062 
1570,-7.812 
1570,-31.250 
1570,-28.516 
1570,-39.354 
1570,-18.375 
1570,105.979 
1571,-6.641 
1571,-14.266 
1571,-28.516 
1571,-44.474 
1571,-46.125 
1571,107.312 
1572,-7.812 
1572,-10.417 
1572,-7.682 
1572,-0.391 
1572,-22.224 
1572,126.062 
1573,-6.641 
1573,-28.516 
1573,-26.042 
1573,-28.271 
1573,-37.125 
1573,107.312 
1574,-6.641 
1574,-28.516 
1574,-35.042 
1574,-28.271 
1574,-20.792 
1574,108.062 
1575,-7.812 
1575,-14.917 
1575,-28.646 
1575,-39.224 
1575,-31.583 
1575,109.104 
1576,-7.812 
1576,-14.917 
1576,-12.312 
1576,-18.391 
1576,-11.792 
1576,99.062 
1577,-7.812 
1577,-31.250 
1577,-37.646 
1577,-25.724 
1577,-27.375 
1577,99.062 
1578,-6.641 
1578,-9.766 
1578,-21.182 
1578,-34.724 
1578,-31.583 
1578,100.104 
1579,-7.812 
1579,-28.516 
1579,-35.432 
1579,-19.271 
1579,-37.125 
1579,107.312 
1580,-7.812 
1580,-18.766 
1580,-30.932 
1580,-32.641 
1580,-11.792 
1580,101.146 
1581,-7.812 
1581,-14.266 
1581,-12.182 
1581,-21.224 
1581,-45.083 
1581,109.104 
1582,-7.812 
1582,-10.417 
1582,-7.812 
1582,-29.833 
1582,-31.974 
1582,108.062 
1583,-7.812 
1583,-18.766 
1583,-25.000 
1583,-27.229 
1583,-40.583 
1583,100.104 
1584,-6.641 
1584,-8.854 
1584,-11.792 
1584,-32.771 
1584,-37.125 
1584,107.312 
1585,-7.812 
1585,-10.417 
1585,-26.432 
1585,-19.141 
1585,-44.042 
1585,119.146 
1586,-7.812 
1586,-31.250 
1586,-37.646 
1586,-39.224 
1586,-31.974 
1586,107.312 
1587,-7.812 
1587,-18.766 
1587,-28.516 
1587,-34.724 
1587,-43.057 
1587,105.979 
1588,-6.641 
1588,-9.766 
1588,-37.516 
1588,-34.724 
1588,-43.057 
1588,88.271 
1589,-6.641 
1589,-28.516 
1589,-35.432 
1589,-28.141 
1589,-20.141 
1589,128.146 
1590,-7.812 
1590,-10.417 
1590,-26.432 
1590,-48.974 
1590,-46.125 
1590,108.062 
1591,-7.812 
1591,-10.417 
1591,-28.646 
1591,-21.224 
1591,-43.057 
1591,88.271 
1592,-7.812 
1592,-10.417 
1592,-26.432 
1592,-47.021 
1592,-35.042 
1592,119.146 
1593,-6.641 
1593,-28.516 
1593,-26.042 
1593,-47.021 
1593,-35.042 
1593,107.312 
1594,-7.812 
1594,-10.417 
1594,-28.646 
1594,-21.224 
1594,-26.724 
1594,99.062 
1595,-6.641 
1595,-8.854 
1595,-16.292 
1595,-28.271 
1595,-39.542 
1595,80.312 
1596,-7.812 
1596,-14.917 
1596,-33.146 
1596,-41.667 
1596,-56.557 
1596,105.979 
1597,-7.812 
1597,-14.917 
1597,-30.932 
1597,-39.974 
1597,-31.974 
1597,107.312 
1598,-7.812 
1598,-14.917 
1598,-12.312 
1598,-19.141 
1598,-31.974 
1598,107.312 
1599,-7.812 
1599,-10.417 
1599,-16.812 
1599,-23.641 
1599,-31.974 
1599,80.312 
1600,-7.812 
1600,-14.917 
1600,-12.182 
1600,-23.641 
1600,-44.042 
1600,101.146 
1601,-7.812 
1601,-14.917 
1601,-28.646 
1601,-25.333 
1601,-35.724 
1601,108.062 
1602,-7.812 
1602,-31.250 
1602,-37.516 
1602,-44.474 
1602,-32.625 
1602,126.062 
1603,-7.812 
1603,-28.516 
1603,-35.042 
1603,-47.021 
1603,-39.542 
1603,101.146 
1604,-6.641 
1604,-28.516 
1604,-35.432 
1604,-44.474 
1604,-32.625 
1604,126.062 
1605,-6.641 
1605,-18.766 
1605,-30.932 
1605,-23.771 
1605,-20.792 
1605,101.146 
1606,-7.812 
1606,-31.250 
1606,-33.146 
1606,-25.333 
1606,-45.474 
1606,107.312 
1607,-7.812 
1607,-28.516 
1607,-39.932 
1607,-42.521 
1607,-39.542 
1607,80.312 
1608,-6.641 
1608,-8.854 
1608,-16.292 
1608,-19.271 
1608,-37.125 
1608,107.312 
1609,-7.812 
1609,-18.766 
1609,-16.682 
1609,-0.521 
1609,-18.375 
1609,108.062 
1610,-6.641 
1610,-18.766 
1610,-26.432 
1610,-19.271 
1610,-35.042 
1610,128.146 
1611,-7.812 
1611,-10.417 
1611,-26.432 
1611,-39.974 
1611,-45.474 
1611,99.062 
1612,-6.641 
1612,-9.766 
1612,-16.292 
1612,-28.271 
1612,-41.625 
1612,80.312 
1613,-7.812 
1613,-14.917 
1613,-28.646 
1613,-25.333 
1613,-31.974 
1613,108.062 
1614,-7.812 
1614,-14.917 
1614,-16.682 
1614,-23.641 
1614,-30.542 
1614,119.146 
1615,-6.641 
1615,-18.766 
1615,-30.932 
1615,-32.641 
1615,-11.792 
1615,101.146 
1616,-7.812 
1616,-9.766 
1616,-7.682 
1616,-30.224 
1616,-34.057 
1616,105.979 
1617,-6.641 
1617,-26.562 
1617,-34.000 
1617,-27.229 
1617,-36.083 
1617,109.104 
1618,-6.641 
1618,-8.854 
1618,-16.292 
1618,-19.271 
1618,-35.042 
1618,119.146 
1619,-6.641 
1619,-8.854 
1619,-26.042 
1619,-28.271 
1619,-39.542 
1619,119.146 
1620,-6.641 
1620,-9.766 
1620,-34.000 
1620,-27.229 
1620,-36.083 
1620,88.271 
1621,-7.812 
1621,-10.417 
1621,-16.812 
1621,-25.333 
1621,-13.224 
1621,117.062 
1622,-6.641 
1622,-28.516 
1622,-35.432 
1622,-28.141 
1622,-26.042 
1622,119.146 
1623,-6.641 
1623,-28.516 
1623,-30.932 
1623,-44.474 
1623,-46.125 
1623,108.062 
1624,-7.812 
1624,-14.917 
1624,-26.432 
1624,-23.641 
1624,-31.974 
1624,107.312 
1625,-6.641 
1625,-14.266 
1625,-28.516 
1625,-30.354 
1625,-22.875 
1625,105.979 
1626,-7.812 
1626,-14.917 
1626,-16.682 
1626,-13.891 
1626,-7.292 
1626,108.062 
1627,-7.812 
1627,-14.917 
1627,-16.682 
1627,-23.641 
1627,-36.474 
1627,107.312 
1628,-7.812 
1628,-14.917 
1628,-28.646 
1628,-46.167 
1628,-34.057 
1628,88.271 
1629,-7.812 
1629,-31.250 
1629,-37.516 
1629,-34.724 
1629,-43.057 
1629,88.271 
1630,-7.812 
1630,-10.417 
1630,-33.146 
1630,-25.724 
1630,-37.125 
1630,126.062 
1631,-6.641 
1631,-28.516 
1631,-26.432 
1631,-37.271 
1631,-26.042 
1631,107.312 
1632,-7.812 
1632,-18.766 
1632,-7.292 
1632,-19.271 
1632,-37.125 
1632,126.062 
1633,-7.812 
1633,-10.417 
1633,-35.432 
1633,-44.474 
1633,-32.625 
1633,107.312 
1634,-6.641 
1634,-18.766 
1634,-16.682 
1634,-30.224 
1634,-9.375 
1634,105.979 
1635,-7.812 
1635,-28.516 
1635,-39.932 
1635,-42.521 
1635,-39.542 
1635,101.146 
1636,-6.641 
1636,-9.766 
1636,-11.792 
1636,-14.021 
1636,-22.875 
1636,105.979 
1637,-7.812 
1637,-31.250 
1637,-37.646 
1637,-25.333 
1637,-54.474 
1637,80.312 
1638,-6.641 
1638,-9.766 
1638,-26.042 
1638,-28.271 
1638,-37.125 
1638,107.312 
1639,-6.641 
1639,-8.854 
1639,-16.292 
1639,-9.521 
1639,-20.792 
1639,101.146 
1640,-7.812 
1640,-9.766 
1640,-16.292 
1640,-9.521 
1640,-22.875 
1640,105.979 
1641,-7.812 
1641,-9.766 
1641,-7.682 
1641,-30.224 
1641,-13.224 
1641,109.104 
1642,-6.641 
1642,-9.766 
1642,-26.042 
1642,-47.021 
1642,-39.542 
1642,119.146 
1643,-7.812 
1643,-10.417 
1643,-7.682 
1643,-0.391 
1643,-25.292 
1643,128.146 
1644,-7.812 
1644,-31.250 
1644,-28.646 
1644,-48.224 
1644,-38.557 
1644,105.979 
1645,-6.641 
1645,-9.766 
1645,-28.516 
1645,-34.724 
1645,-29.557 
1645,105.979 
1646,-7.812 
1646,-31.250 
1646,-37.646 
1646,-25.333 
1646,-54.474 
1646,99.062 
1647,-7.812 
1647,-10.417 
1647,-28.646 
1647,-21.224 
1647,-40.974 
1647,108.062 
1648,-7.812 
1648,-18.766 
1648,-37.516 
1648,-30.224 
1648,-28.125 
1648,108.062 
1649,-7.812 
1649,-14.917 
1649,-12.312 
1649,-28.141 
1649,-26.042 
1649,128.146 
1650,-7.812 
1650,-14.917 
1650,-16.682 
1650,-22.729 
1650,-19.750 
1650,100.104 
1651,-7.812 
1651,-9.766 
1651,-16.682 
1651,-27.229 
1651,-19.750 
1651,100.104 
1652,-7.812 
1652,-31.250 
1652,-33.016 
1652,-25.724 
1652,-45.083 
1652,88.271 
1653,-7.812 
1653,-9.766 
1653,-16.682 
1653,-25.724 
1653,-27.375 
1653,99.062 
1654,-7.812 
1654,-18.766 
1654,-26.042 
1654,-28.271 
1654,-39.542 
1654,80.312 
1655,-7.812 
1655,-10.417 
1655,-7.812 
1655,-29.833 
1655,-13.224 
1655,126.062 
1656,-7.812 
1656,-18.766 
1656,-26.432 
1656,-28.141 
1656,-20.141 
1656,119.146 
1657,-6.641 
1657,-28.516 
1657,-35.432 
1657,-23.641 
1657,-44.042 
1657,101.146 
1658,-6.641 
1658,-9.766 
1658,-16.292 
1658,-25.854 
1658,-32.625 
1658,126.062 
1659,-7.812 
1659,-14.917 
1659,-12.312 
1659,-23.641 
1659,-44.042 
1659,101.146 
1660,-6.641 
1660,-8.854 
1660,-11.792 
1660,-32.771 
1660,-20.792 
1660,99.062 
1661,-7.812 
1661,-9.766 
1661,-7.682 
1661,-28.141 
1661,-35.042 
1661,128.146 
1662,-7.812 
1662,-14.917 
1662,-12.182 
1662,-25.724 
1662,-13.224 
1662,100.104 
1663,-6.641 
1663,-9.766 
1663,-26.432 
1663,-19.141 
1663,-40.974 
1663,108.062 
1664,-7.812 
1664,-9.766 
1664,-30.932 
1664,-28.271 
1664,-41.625 
1664,107.312 
1665,-7.812 
1665,-18.766 
1665,-26.432 
1665,-28.141 
1665,-36.474 
1665,126.062 
1666,-6.641 
1666,-28.516 
1666,-26.432 
1666,-48.974 
1666,-31.974 
1666,107.312 
1667,-7.812 
1667,-10.417 
1667,-33.146 
1667,-25.724 
1667,-45.083 
1667,88.271 
1668,-7.812 
1668,-10.417 
1668,-33.146 
1668,-44.474 
1668,-31.974 
1668,107.312 
1669,-7.812 
1669,-31.250 
1669,-46.516 
1669,-21.354 
1669,-28.125 
1669,117.062 
1670,-7.812 
1670,-31.250 
1670,-46.516 
1670,-48.974 
1670,-40.974 
1670,80.312 
1671,-6.641 
1671,-26.562 
1671,-29.500 
1671,-48.062 
1671,-40.583 
1671,109.104 
1672,-7.812 
1672,-10.417 
1672,-7.682 
1672,-21.224 
1672,-26.724 
1672,117.062 
1673,-7.812 
1673,-18.766 
1673,-16.682 
1673,-0.521 
1673,-18.375 
1673,99.062 
1674,-6.641 
1674,-14.266 
1674,-25.000 
1674,-31.729 
1674,-40.583 
1674,100.104 
1675,-7.812 
1675,-10.417 
1675,-25.682 
1675,-25.724 
1675,-13.875 
1675,108.062 
1676,-7.812 
1676,-10.417 
1676,-33.146 
1676,-46.167 
1676,-34.057 
1676,105.979 
1677,-6.641 
1677,-8.854 
1677,-16.292 
1677,-19.271 
1677,-35.042 
1677,119.146 
1678,-6.641 
1678,-9.766 
1678,-16.292 
1678,-19.271 
1678,-37.125 
1678,107.312 
1679,-7.812 
1679,-9.766 
1679,-26.432 
1679,-32.641 
1679,-25.292 
1679,108.062 
1680,-7.812 
1680,-14.917 
1680,-28.646 
1680,-48.974 
1680,-40.974 
1680,126.062 
1681,-7.812 
1681,-31.250 
1681,-46.516 
1681,-39.062 
1681,-36.083 
1681,88.271 
1682,-7.812 
1682,-14.917 
1682,-16.682 
1682,-19.271 
1682,-20.792 
1682,128.146 
1683,-6.641 
1683,-9.766 
1683,-30.932 
1683,-23.641 
1683,-35.042 
1683,107.312 
1684,-6.641 
1684,-28.516 
1684,-39.932 
1684,-42.521 
1684,-39.542 
1684,80.312 
1685,-7.812 
1685,-9.766 
1685,-30.932 
1685,-44.474 
1685,-31.974 
1685,107.312 
1686,-7.812 
1686,-9.766 
1686,-7.682 
1686,-30.224 
1686,-45.083 
1686,109.104 
1687,-6.641 
1687,-28.516 
1687,-35.042 
1687,-28.271 
1687,-20.792 
1687,99.062 
1688,-6.641 
1688,-8.854 
1688,-11.792 
1688,-14.021 
1688,-18.375 
1688,108.062 
1689,-7.812 
1689,-18.766 
1689,-16.682 
1689,-30.224 
1689,-22.224 
1689,100.104 
1690,-7.812 
1690,-10.417 
1690,-28.646 
1690,-39.974 
1690,-45.474 
1690,99.062 
1691,-7.812 
1691,-28.516 
1691,-26.432 
1691,-37.271 
1691,-37.125 
1691,80.312 
1692,-7.812 
1692,-9.766 
1692,-7.682 
1692,-0.391 
1692,-25.292 
1692,126.062 
1693,-7.812 
1693,-31.250 
1693,-33.016 
1693,-25.724 
1693,-37.125 
1693,126.062 
1694,-7.812 
1694,-9.766 
1694,-26.432 
1694,-37.271 
1694,-26.042 
1694,107.312 
1695,-7.812 
1695,-18.766 
1695,-16.682 
1695,-9.391 
1695,-22.224 
1695,100.104 
1696,-6.641 
1696,-9.766 
1696,-21.182 
1696,-13.891 
1696,-11.141 
1696,119.146 
1697,-7.812 
1697,-14.266 
1697,-30.932 
1697,-28.271 
1697,-20.792 
1697,108.062 
1698,-6.641 
1698,-8.854 
1698,-26.042 
1698,-28.271 
1698,-16.292 
1698,126.062 
1699,-7.812 
1699,-18.766 
1699,-28.516 
1699,-34.724 
1699,-32.625 
1699,108.062 
1700,-7.812 
1700,-18.766 
1700,-37.516 
1700,-30.224 
1700,-13.875 
1700,99.062 
1701,-7.812 
1701,-14.917 
1701,-33.146 
1701,-25.724 
1701,-45.083 
1701,88.271 
1702,-6.641 
1702,-9.766 
1702,-37.516 
1702,-34.724 
1702,-13.875 
1702,105.979 
1703,-7.812 
1703,-10.417 
1703,-16.812 
1703,-23.641 
1703,-31.974 
1703,80.312 
1704,-7.812 
1704,-14.917 
1704,-33.146 
1704,-25.333 
1704,-54.474 
1704,80.312 
1705,-6.641 
1705,-9.766 
1705,-26.042 
1705,-42.521 
1705,-39.542 
1705,107.312 
1706,-7.812 
1706,-28.516 
1706,-30.932 
1706,-28.271 
1706,-30.542 
1706,107.312 
1707,-7.812 
1707,-10.417 
1707,-25.682 
1707,-19.271 
1707,-37.125 
1707,108.062 
1708,-7.812 
1708,-14.917 
1708,-28.646 
1708,-48.974 
1708,-32.625 
1708,107.312 
1709,-7.812 
1709,-28.516 
1709,-35.042 
1709,-47.021 
1709,-39.542 
1709,80.312 
1710,-6.641 
1710,-9.766 
1710,-11.792 
1710,-23.771 
1710,-20.792 
1710,117.062 
1711,-7.812 
1711,-14.917 
1711,-16.682 
1711,-13.891 
1711,-7.292 
1711,108.062 
1712,-7.812 
1712,-28.516 
1712,-30.932 
1712,-28.271 
1712,-41.625 
1712,107.312 
1713,-6.641 
1713,-14.266 
1713,-26.042 
1713,-32.771 
1713,-41.625 
1713,80.312 
1714,-7.812 
1714,-10.417 
1714,-26.432 
1714,-19.141 
1714,-40.974 
1714,108.062 
1715,-7.812 
1715,-14.917 
1715,-30.932 
1715,-28.271 
1715,-30.542 
1715,119.146 
1716,-7.812 
1716,-28.516 
1716,-30.932 
1716,-23.771 
1716,-37.125 
1716,107.312 
1717,-6.641 
1717,-9.766 
1717,-34.000 
1717,-43.562 
1717,-40.583 
1717,109.104 
1718,-7.812 
1718,-14.917 
1718,-12.182 
1718,-23.641 
1718,-25.292 
1718,99.062 
1719,-7.812 
1719,-14.917 
1719,-26.432 
1719,-38.021 
1719,-39.542 
1719,107.312 
1720,-6.641 
1720,-9.766 
1720,-16.682 
1720,-27.229 
1720,-19.750 
1720,100.104 
1721,-7.812 
1721,-10.417 
1721,-33.146 
1721,-25.333 
1721,-45.474 
1721,126.062 
1722,-7.812 
1722,-9.766 
1722,-30.932 
1722,-23.641 
1722,-35.042 
1722,128.146 
1723,-7.812 
1723,-9.766 
1723,-16.682 
1723,-21.224 
1723,-13.224 
1723,126.062 
1724,-7.812 
1724,-18.766 
1724,-16.682 
1724,-25.724 
1724,-32.625 
1724,108.062 
1725,-7.812 
1725,-14.917 
1725,-12.182 
1725,-23.641 
1725,-25.292 
1725,108.062 
1726,-7.812 
1726,-28.516 
1726,-35.432 
1726,-28.141 
1726,-36.474 
1726,126.062 
1727,-7.812 
1727,-31.250 
1727,-33.146 
1727,-46.167 
1727,-34.057 
1727,88.271 
1728,-6.641 
1728,-9.766 
1728,-33.016 
1728,-25.724 
1728,-13.224 
1728,109.104 
1729,-7.812 
1729,-10.417 
1729,-7.812 
1729,-37.141 
1729,-26.042 
1729,119.146 
1730,-7.812 
1730,-9.766 
1730,-26.432 
1730,-32.641 
1730,-27.474 
1730,107.312 
1731,-6.641 
1731,-28.516 
1731,-39.932 
1731,-32.641 
1731,-40.974 
1731,80.312 
1732,-7.812 
1732,-14.917 
1732,-12.312 
1732,-25.333 
1732,-54.474 
1732,99.062 
1733,-6.641 
1733,-18.766 
1733,-26.432 
1733,-28.141 
1733,-36.474 
1733,126.062 
1734,-6.641 
1734,-28.516 
1734,-35.432 
1734,-19.271 
1734,-35.042 
1734,119.146 
1735,-7.812 
1735,-18.766 
1735,-25.000 
1735,-27.229 
1735,-36.083 
1735,100.104 
1736,-7.812 
1736,-9.766 
1736,-30.932 
1736,-38.021 
1736,-39.542 
1736,107.312 
1737,-7.812 
1737,-14.917 
1737,-16.682 
1737,-13.891 
1737,-11.792 
1737,99.062 
1738,-7.812 
1738,-28.516 
1738,-30.542 
1738,-51.521 
1738,-39.542 
1738,80.312 
1739,-6.641 
1739,-18.766 
1739,-30.932 
1739,-42.521 
1739,-39.542 
1739,80.312 
1740,-7.812 
1740,-14.917 
1740,-12.312 
1740,-19.141 
1740,-25.292 
1740,108.062 
1741,-7.812 
1741,-14.917 
1741,-12.312 
1741,-25.333 
1741,-54.474 
1741,80.312 
1742,-7.812 
1742,-14.917 
1742,-26.432 
1742,-44.474 
1742,-46.125 
1742,107.312 
1743,-7.812 
1743,-18.766 
1743,-37.516 
1743,-30.224 
1743,-31.583 
1743,100.104 
1744,-7.812 
1744,-14.917 
1744,-16.682 
1744,-5.021 
1744,-22.875 
1744,99.062 
1745,-6.641 
1745,-28.516 
1745,-26.042 
1745,-28.271 
1745,-20.792 
1745,126.062 
1746,-7.812 
1746,-10.417 
1746,-16.812 
1746,-4.500 
1746,-11.141 
1746,119.146 
1747,-7.812 
1747,-10.417 
1747,-25.682 
1747,-9.391 
1747,-10.750 
1747,100.104 
1748,-7.812 
1748,-14.266 
1748,-12.182 
1748,-21.224 
1748,-13.224 
1748,126.062 
1749,-7.812 
1749,-18.766 
1749,-12.182 
1749,-13.891 
1749,-22.224 
1749,108.062 
1750,-7.812 
1750,-28.516 
1750,-35.432 
1750,-23.641 
1750,-44.042 
1750,80.312 
1751,-7.812 
1751,-18.766 
1751,-16.682 
1751,-19.141 
1751,-36.474 
1751,107.312 
1752,-7.812 
1752,-10.417 
1752,-25.682 
1752,-28.141 
1752,-40.974 
1752,80.312 
1753,-7.812 
1753,-10.417 
1753,-7.812 
1753,-37.141 
1753,-36.474 
1753,107.312 
1754,-6.641 
1754,-8.854 
1754,-35.042 
1754,-38.021 
1754,-35.042 
1754,119.146 
1755,-7.812 
1755,-14.917 
1755,-26.432 
1755,-23.771 
1755,-37.125 
1755,126.062 
1756,-7.812 
1756,-18.766 
1756,-7.292 
1756,-23.771 
1756,-20.792 
1756,108.062 
1757,-6.641 
1757,-9.766 
1757,-37.516 
1757,-44.474 
1757,-32.625 
1757,126.062 
1758,-7.812 
1758,-10.417 
1758,-26.432 
1758,-37.271 
1758,-26.042 
1758,119.146 
1759,-7.812 
1759,-31.250 
1759,-28.646 
1759,-21.224 
1759,-43.057 
1759,105.979 
1760,-6.641 
1760,-8.854 
1760,-11.792 
1760,-32.771 
1760,-30.542 
1760,119.146 
1761,-6.641 
1761,-9.766 
1761,-37.516 
1761,-34.724 
1761,-43.057 
1761,105.979 
1762,-7.812 
1762,-31.250 
1762,-46.516 
1762,-30.224 
1762,-28.125 
1762,99.062 
1763,-7.812 
1763,-28.516 
1763,-30.932 
1763,-32.641 
1763,-20.141 
1763,119.146 
1764,-6.641 
1764,-9.766 
1764,-28.516 
1764,-21.224 
1764,-54.083 
1764,88.271 
1765,-7.812 
1765,-9.766 
1765,-30.932 
1765,-23.641 
1765,-31.974 
1765,108.062 
1766,-6.641 
1766,-18.766 
1766,-7.292 
1766,-9.521 
1766,-20.792 
1766,99.062 
1767,-7.812 
1767,-18.766 
1767,-16.682 
1767,-19.141 
1767,-20.141 
1767,128.146 
1768,-7.812 
1768,-28.516 
1768,-26.042 
1768,-32.771 
1768,-41.625 
1768,108.062 
1769,-7.812 
1769,-31.250 
1769,-28.516 
1769,-39.974 
1769,-45.474 
1769,80.312 
1770,-7.812 
1770,-10.417 
1770,-25.682 
1770,-0.521 
1770,-16.292 
1770,101.146 
1771,-7.812 
1771,-14.917 
1771,-12.312 
1771,-4.500 
1771,-11.141 
1771,119.146 
1772,-6.641 
1772,-18.766 
1772,-28.516 
1772,-44.474 
1772,-32.625 
1772,107.312 
1773,-6.641 
1773,-9.766 
1773,-21.182 
1773,-22.729 
1773,-40.583 
1773,88.271 
1774,-6.641 
1774,-18.766 
1774,-16.682 
1774,-25.724 
1774,-31.974 
1774,126.062 
1775,-7.812 
1775,-9.766 
1775,-37.516 
1775,-34.724 
1775,-43.057 
1775,88.271 
1776,-6.641 
1776,-9.766 
1776,-26.432 
1776,-48.974 
1776,-46.125 
1776,108.062 
1777,-7.812 
1777,-9.766 
1777,-28.516 
1777,-39.974 
1777,-55.125 
1777,99.062 
1778,-7.812 
1778,-14.917 
1778,-30.932 
1778,-23.641 
1778,-31.974 
1778,99.062 
1779,-6.641 
1779,-9.766 
1779,-16.292 
1779,-9.521 
1779,-18.375 
1779,126.062 
1780,-7.812 
1780,-10.417 
1780,-26.432 
1780,-37.271 
1780,-37.125 
1780,108.062 
1781,-7.812 
1781,-9.766 
1781,-28.516 
1781,-48.974 
1781,-31.974 
1781,107.312 
1782,-7.812 
1782,-9.766 
1782,-7.682 
1782,-28.271 
1782,-16.292 
1782,126.062 
1783,-6.641 
1783,-9.766 
1783,-7.682 
1783,-0.391 
1783,-25.292 
1783,126.062 
1784,-7.812 
1784,-9.766 
1784,-16.292 
1784,-9.521 
1784,-18.375 
1784,108.062 
1785,-7.812 
1785,-10.417 
1785,-26.432 
1785,-19.141 
1785,-34.292 
1785,108.062 
1786,-6.641 
1786,-18.766 
1786,-37.516 
1786,-39.974 
1786,-40.974 
1786,117.062 
1787,-7.812 
1787,-9.766 
1787,-28.516 
1787,-39.354 
1787,-37.125 
1787,80.312 
1788,-7.812 
1788,-14.917 
1788,-16.682 
1788,-19.271 
1788,-41.625 
1788,108.062 
1789,-6.641 
1789,-18.766 
1789,-12.182 
1789,-30.224 
1789,-13.875 
1789,126.062 
1790,-6.641 
1790,-18.766 
1790,-7.292 
1790,-9.521 
1790,-20.792 
1790,119.146 
1791,-6.641 
1791,-18.766 
1791,-37.516 
1791,-39.062 
1791,-36.083 
1791,100.104 
1792,-6.641 
1792,-9.766 
1792,-16.682 
1792,-4.891 
1792,-13.224 
1792,100.104 
1793,-7.812 
1793,-9.766 
1793,-28.516 
1793,-39.974 
1793,-45.474 
1793,80.312 
1794,-7.812 
1794,-14.266 
1794,-12.182 
1794,-21.224 
1794,-27.375 
1794,126.062 
1795,-6.641 
1795,-18.766 
1795,-26.042 
1795,-38.021 
1795,-39.542 
1795,107.312 
1796,-7.812 
1796,-18.766 
1796,-7.292 
1796,-9.521 
1796,-18.375 
1796,105.979 
1797,-7.812 
1797,-10.417 
1797,-35.432 
1797,-28.141 
1797,-36.474 
1797,107.312 
1798,-6.641 
1798,-18.766 
1798,-16.682 
1798,-9.391 
1798,-22.224 
1798,108.062 
1799,-7.812 
1799,-31.250 
1799,-37.516 
1799,-43.562 
1799,-40.583 
1799,88.271 
1800,-6.641 
1800,-18.766 
1800,-16.682 
1800,-19.271 
1800,-16.292 
1800,108.062 
1801,-7.812 
1801,-18.766 
1801,-7.292 
1801,-19.271 
1801,-16.292 
1801,126.062 
1802,-7.812 
1802,-14.917 
1802,-30.932 
1802,-47.021 
1802,-39.542 
1802,101.146 
1803,-6.641 
1803,-18.766 
1803,-16.682 
1803,-25.724 
1803,-31.974 
1803,126.062 
1804,-7.812 
1804,-14.917 
1804,-12.312 
1804,-4.500 
1804,-24.641 
1804,128.146 
1805,-7.812 
1805,-14.266 
1805,-30.932 
1805,-23.641 
1805,-25.292 
1805,108.062 
1806,-6.641 
1806,-28.516 
1806,-30.932 
1806,-28.271 
1806,-30.542 
1806,107.312 
1807,-6.641 
1807,-9.766 
1807,-30.932 
1807,-23.641 
1807,-35.042 
1807,128.146 
1808,-7.812 
1808,-9.766 
1808,-26.042 
1808,-32.771 
1808,-20.792 
1808,128.146 
1809,-7.812 
1809,-14.917 
1809,-16.682 
1809,-22.729 
1809,-36.083 
1809,109.104 
1810,-7.812 
1810,-10.417 
1810,-7.812 
1810,-27.391 
1810,-17.724 
1810,108.062 
1811,-6.641 
1811,-28.516 
1811,-26.042 
1811,-28.271 
1811,-39.542 
1811,119.146 
1812,-7.812 
1812,-10.417 
1812,-7.812 
1812,-37.141 
1812,-26.042 
1812,119.146 
1813,-7.812 
1813,-31.250 
1813,-37.516 
1813,-25.854 
1813,-32.625 
1813,126.062 
1814,-6.641 
1814,-9.766 
1814,-37.516 
1814,-44.474 
1814,-40.974 
1814,107.312 
1815,-6.641 
1815,-18.766 
1815,-7.292 
1815,-30.354 
1815,-18.375 
1815,99.062 
1816,-7.812 
1816,-18.766 
1816,-28.516 
1816,-43.562 
1816,-40.583 
1816,88.271 
1817,-7.812 
1817,-14.917 
1817,-30.932 
1817,-39.974 
1817,-46.125 
1817,108.062 
1818,-7.812 
1818,-14.917 
1818,-12.312 
1818,-25.333 
1818,-45.474 
1818,117.062 
1819,-7.812 
1819,-14.917 
1819,-33.146 
1819,-41.667 
1819,-56.557 
1819,88.271 
1820,-7.812 
1820,-18.766 
1820,-16.682 
1820,-25.724 
1820,-43.057 
1820,105.979 
1821,-7.812 
1821,-14.917 
1821,-16.682 
1821,-23.641 
1821,-36.474 
1821,107.312 
1822,-6.641 
1822,-14.266 
1822,-25.000 
1822,-31.729 
1822,-40.583 
1822,100.104 
1823,-7.812 
1823,-14.917 
1823,-12.312 
1823,-28.141 
1823,-11.792 
1823,126.062 
1824,-6.641 
1824,-9.766 
1824,-16.682 
1824,-27.229 
1824,-19.750 
1824,100.104 
1825,-6.641 
1825,-8.854 
1825,-26.042 
1825,-32.771 
1825,-30.542 
1825,128.146 
1826,-7.812 
1826,-28.516 
1826,-39.932 
1826,-23.771 
1826,-39.542 
1826,80.312 
1827,-7.812 
1827,-10.417 
1827,-28.646 
1827,-21.224 
1827,-43.057 
1827,88.271 
1828,-6.641 
1828,-18.766 
1828,-7.292 
1828,-19.271 
1828,-20.792 
1828,117.062 
1829,-7.812 
1829,-10.417 
1829,-16.812 
1829,-4.891 
1829,-8.724 
1829,126.062 
1830,-6.641 
1830,-28.516 
1830,-30.932 
1830,-32.641 
1830,-11.792 
1830,117.062 
1831,-6.641 
1831,-14.266 
1831,-12.182 
1831,-9.521 
1831,-22.875 
1831,105.979 
1832,-7.812 
1832,-10.417 
1832,-25.682 
1832,-0.521 
1832,-18.375 
1832,105.979 
1833,-7.812 
1833,-14.917 
1833,-28.646 
1833,-25.724 
1833,-34.057 
1833,88.271 
1834,-7.812 
1834,-28.516 
1834,-39.932 
1834,-23.771 
1834,-41.625 
1834,99.062 
1835,-7.812 
1835,-14.917 
1835,-16.682 
1835,-23.641 
1835,-30.542 
1835,119.146 
1836,-7.812 
1836,-18.766 
1836,-16.682 
1836,-30.224 
1836,-9.375 
1836,108.062 
1837,-6.641 
1837,-9.766 
1837,-26.042 
1837,-28.271 
1837,-39.542 
1837,119.146 
1838,-7.812 
1838,-10.417 
1838,-26.432 
1838,-47.021 
1838,-39.542 
1838,119.146 
1839,-7.812 
1839,-31.250 
1839,-28.516 
1839,-39.974 
1839,-55.125 
1839,99.062 
1840,-6.641 
1840,-18.766 
1840,-12.182 
1840,-34.724 
1840,-22.224 
1840,100.104 
1841,-6.641 
1841,-9.766 
1841,-21.182 
1841,-34.724 
1841,-31.583 
1841,88.271 
1842,-6.641 
1842,-8.854 
1842,-26.042 
1842,-28.271 
1842,-16.292 
1842,126.062 
1843,-6.641 
1843,-28.516 
1843,-30.542 
1843,-32.771 
1843,-41.625 
1843,99.062 
1844,-6.641 
1844,-9.766 
1844,-16.292 
1844,-28.271 
1844,-37.125 
1844,80.312 
1845,-7.812 
1845,-31.250 
1845,-28.646 
1845,-34.333 
1845,-13.224 
1845,117.062 
1846,-7.812 
1846,-10.417 
1846,-26.432 
1846,-48.974 
1846,-31.974 
1846,107.312 
1847,-7.812 
1847,-14.917 
1847,-12.312 
1847,-4.500 
1847,-11.141 
1847,119.146 
1848,-6.641 
1848,-9.766 
1848,-26.042 
1848,-28.271 
1848,-16.292 
1848,126.062 
1849,-6.641 
1849,-8.854 
1849,-26.042 
1849,-28.271 
1849,-35.042 
1849,107.312 
1850,-6.641 
1850,-9.766 
1850,-16.292 
1850,-23.771 
1850,-41.625 
1850,107.312 
1851,-7.812 
1851,-10.417 
1851,-26.432 
1851,-32.641 
1851,-25.292 
1851,108.062 
1852,-6.641 
1852,-8.854 
1852,-30.542 
1852,-32.771 
1852,-39.542 
1852,101.146 
1853,-6.641 
1853,-9.766 
1853,-26.042 
1853,-47.021 
1853,-39.542 
1853,107.312 
1854,-7.812 
1854,-18.766 
1854,-37.516 
1854,-39.974 
1854,-28.125 
1854,107.312 
1855,-7.812 
1855,-31.250 
1855,-28.516 
1855,-34.724 
1855,-13.224 
1855,117.062 
1856,-6.641 
1856,-28.516 
1856,-26.042 
1856,-28.271 
1856,-20.792 
1856,119.146 
1857,-7.812 
1857,-14.917 
1857,-12.312 
1857,-18.391 
1857,-11.792 
1857,119.146 
1858,-7.812 
1858,-10.417 
1858,-25.682 
1858,-19.141 
1858,-20.141 
1858,119.146 
1859,-7.812 
1859,-10.417 
1859,-16.812 
1859,-37.141 
1859,-20.141 
1859,101.146 
1860,-6.641 
1860,-8.854 
1860,-30.542 
1860,-32.771 
1860,-39.542 
1860,80.312 
1861,-6.641 
1861,-18.766 
1861,-16.682 
1861,-19.271 
1861,-26.042 
1861,107.312 
1862,-7.812 
1862,-31.250 
1862,-28.646 
1862,-34.333 
1862,-27.474 
1862,108.062 
1863,-6.641 
1863,-18.766 
1863,-16.682 
1863,-9.391 
1863,-17.724 
1863,108.062 
1864,-6.641 
1864,-18.766 
1864,-28.516 
1864,-34.724 
1864,-32.625 
1864,107.312 
1865,-7.812 
1865,-14.917 
1865,-28.646 
1865,-25.333 
1865,-45.474 
1865,107.312 
1866,-6.641 
1866,-28.516 
1866,-30.932 
1866,-23.641 
1866,-35.042 
1866,128.146 
1867,-6.641 
1867,-18.766 
1867,-37.516 
1867,-21.354 
1867,-18.375 
1867,108.062 
1868,-7.812 
1868,-10.417 
1868,-7.682 
1868,-21.224 
1868,-46.125 
1868,117.062 
1869,-7.812 
1869,-31.250 
1869,-33.146 
1869,-46.167 
1869,-34.057 
1869,105.979 
1870,-6.641 
1870,-8.854 
1870,-26.042 
1870,-42.521 
1870,-39.542 
1870,107.312 
1871,-7.812 
1871,-9.766 
1871,-11.792 
1871,-32.771 
1871,-30.542 
1871,119.146 
1872,-7.812 
1872,-31.250 
1872,-33.146 
1872,-25.333 
1872,-35.724 
1872,108.062 
1873,-6.641 
1873,-9.766 
1873,-26.042 
1873,-28.271 
1873,-16.292 
1873,126.062 
1874,-7.812 
1874,-18.766 
1874,-7.292 
1874,-30.354 
1874,-18.375 
1874,108.062 
1875,-6.641 
1875,-18.766 
1875,-37.516 
1875,-30.224 
1875,-28.125 
1875,99.062 
1876,-6.641 
1876,-9.766 
1876,-30.932 
1876,-23.641 
1876,-11.141 
1876,128.146 
1877,-7.812 
1877,-31.250 
1877,-37.646 
1877,-25.333 
1877,-31.974 
1877,99.062 
1878,-7.812 
1878,-31.250 
1878,-37.516 
1878,-34.724 
1878,-22.224 
1878,108.062 
1879,-6.641 
1879,-18.766 
1879,-12.182 
1879,-22.729 
1879,-40.583 
1879,100.104 
1880,-7.812 
1880,-28.516 
1880,-30.932 
1880,-44.474 
1880,-31.974 
1880,108.062 
1881,-6.641 
1881,-18.766 
1881,-12.182 
1881,-23.641 
1881,-26.042 
1881,128.146 
1882,-7.812 
1882,-14.917 
1882,-12.312 
1882,-18.391 
1882,-11.792 
1882,108.062 
1883,-7.812 
1883,-10.417 
1883,-35.432 
1883,-48.974 
1883,-40.974 
1883,117.062 
1884,-6.641 
1884,-28.516 
1884,-30.932 
1884,-32.641 
1884,-20.141 
1884,119.146 
1885,-7.812 
1885,-14.266 
1885,-28.516 
1885,-25.724 
1885,-27.375 
1885,105.979 
1886,-7.812 
1886,-9.766 
1886,-16.292 
1886,-19.271 
1886,-16.292 
1886,128.146 
1887,-7.812 
1887,-10.417 
1887,-25.682 
1887,-19.271 
1887,-39.542 
1887,101.146 
1888,-7.812 
1888,-18.766 
1888,-30.932 
1888,-23.771 
1888,-41.625 
1888,80.312 
1889,-6.641 
1889,-9.766 
1889,-26.042 
1889,-28.271 
1889,-37.125 
1889,107.312 
1890,-6.641 
1890,-9.766 
1890,-7.682 
1890,-28.271 
1890,-37.125 
1890,107.312 
1891,-7.812 
1891,-10.417 
1891,-26.432 
1891,-32.641 
1891,-44.042 
1891,80.312 
1892,-7.812 
1892,-14.917 
1892,-12.182 
1892,-23.641 
1892,-11.141 
1892,119.146 
1893,-7.812 
1893,-28.516 
1893,-35.432 
1893,-28.141 
1893,-26.042 
1893,128.146 
1894,-7.812 
1894,-14.917 
1894,-16.682 
1894,-30.224 
1894,-31.583 
1894,88.271 
1895,-7.812 
1895,-14.266 
1895,-7.292 
1895,-14.021 
1895,-20.792 
1895,99.062 
1896,-7.812 
1896,-10.417 
1896,-33.146 
1896,-25.333 
1896,-45.474 
1896,126.062 
1897,-7.812 
1897,-14.917 
1897,-28.646 
1897,-25.724 
1897,-31.974 
1897,108.062 
1898,-7.812 
1898,-10.417 
1898,-33.146 
1898,-25.724 
1898,-27.375 
1898,105.979 
1899,-6.641 
1899,-18.766 
1899,-16.682 
1899,-9.391 
1899,-17.724 
1899,109.104 
1900,-7.812 
1900,-9.766 
1900,-26.432 
1900,-37.271 
1900,-16.292 
1900,108.062 
1901,-7.812 
1901,-18.766 
1901,-37.516 
1901,-39.974 
1901,-28.125 
1901,107.312 
1902,-6.641 
1902,-9.766 
1902,-11.792 
1902,-32.771 
1902,-30.542 
1902,107.312 
1903,-7.812 
1903,-28.516 
1903,-35.432 
1903,-44.474 
1903,-40.974 
1903,107.312 
1904,-7.812 
1904,-10.417 
1904,-7.812 
1904,-29.833 
1904,-35.724 
1904,109.104 
1905,-6.641 
1905,-9.766 
1905,-16.292 
1905,-23.771 
1905,-30.542 
1905,128.146 
1906,-7.812 
1906,-14.917 
1906,-33.146 
1906,-39.974 
1906,-31.974 
1906,107.312 
1907,-7.812 
1907,-9.766 
1907,-7.682 
1907,-36.229 
1907,-36.083 
1907,88.271 
1908,-7.812 
1908,-18.766 
1908,-30.932 
1908,-23.771 
1908,-41.625 
1908,99.062 
1909,-7.812 
1909,-28.516 
1909,-26.042 
1909,-42.521 
1909,-39.542 
1909,107.312 
1910,-7.812 
1910,-9.766 
1910,-34.000 
1910,-27.229 
1910,-36.083 
1910,88.271 
1911,-6.641 
1911,-9.766 
1911,-16.682 
1911,-4.891 
1911,-24.250 
1911,100.104 
1912,-6.641 
1912,-9.766 
1912,-26.042 
1912,-28.271 
1912,-20.792 
1912,119.146 
1913,-7.812 
1913,-10.417 
1913,-7.682 
1913,-0.391 
1913,-22.224 
1913,126.062 
1914,-7.812 
1914,-31.250 
1914,-37.646 
1914,-41.667 
1914,-34.057 
1914,105.979 
1915,-7.812 
1915,-10.417 
1915,-33.146 
1915,-44.474 
1915,-31.974 
1915,108.062 
1916,-7.812 
1916,-10.417 
1916,-16.812 
1916,-25.333 
1916,-45.474 
1916,117.062 
1917,-7.812 
1917,-14.917 
1917,-16.682 
1917,-5.021 
1917,-22.875 
1917,117.062 
1918,-6.641 
1918,-28.516 
1918,-26.432 
1918,-39.974 
1918,-45.474 
1918,99.062 
1919,-6.641 
1919,-9.766 
1919,-21.182 
1919,-30.224 
1919,-43.057 
1919,105.979 
1920,-7.812 
1920,-14.917 
1920,-33.146 
1920,-25.724 
1920,-46.125 
1920,99.062 
1921,-7.812 
1921,-10.417 
1921,-35.432 
1921,-19.271 
1921,-16.292 
1921,126.062 
1922,-7.812 
1922,-31.250 
1922,-28.646 
1922,-39.974 
1922,-55.125 
1922,80.312 
1923,-7.812 
1923,-14.917 
1923,-12.312 
1923,-18.391 
1923,-22.224 
1923,100.104 
1924,-6.641 
1924,-26.562 
1924,-34.000 
1924,-27.229 
1924,-15.250 
1924,109.104 
1925,-7.812 
1925,-14.917 
1925,-26.432 
1925,-32.641 
1925,-36.474 
1925,107.312 
1926,-7.812 
1926,-31.250 
1926,-46.516 
1926,-48.974 
1926,-40.974 
1926,99.062 
1927,-7.812 
1927,-9.766 
1927,-16.292 
1927,-9.521 
1927,-11.792 
1927,117.062 
1928,-7.812 
1928,-31.250 
1928,-46.516 
1928,-30.224 
1928,-31.583 
1928,100.104 
1929,-7.812 
1929,-10.417 
1929,-33.146 
1929,-25.724 
1929,-37.125 
1929,107.312 
1930,-6.641 
1930,-9.766 
1930,-7.682 
1930,-18.521 
1930,-16.292 
1930,108.062 
1931,-7.812 
1931,-14.917 
1931,-12.312 
1931,-28.141 
1931,-30.542 
1931,107.312 
1932,-7.812 
1932,-14.917 
1932,-30.932 
1932,-23.641 
1932,-35.042 
1932,119.146 
1933,-7.812 
1933,-31.250 
1933,-37.646 
1933,-25.724 
1933,-46.125 
1933,99.062 
1934,-7.812 
1934,-18.766 
1934,-28.516 
1934,-25.854 
1934,-41.625 
1934,108.062 
1935,-7.812 
1935,-10.417 
1935,-28.646 
1935,-21.224 
1935,-26.724 
1935,117.062 
1936,-7.812 
1936,-31.250 
1936,-28.646 
1936,-21.224 
1936,-54.083 
1936,100.104 
1937,-6.641 
1937,-18.766 
1937,-16.682 
1937,-19.141 
1937,-26.042 
1937,119.146 
1938,-7.812 
1938,-14.917 
1938,-12.312 
1938,-25.333 
1938,-45.474 
1938,107.312 
1939,-7.812 
1939,-14.917 
1939,-30.932 
1939,-23.641 
1939,-25.292 
1939,119.146 
1940,-6.641 
1940,-9.766 
1940,-30.932 
1940,-28.271 
1940,-20.792 
1940,128.146 
1941,-7.812 
1941,-14.917 
1941,-30.932 
1941,-23.641 
1941,-44.042 
1941,101.146 
1942,-6.641 
1942,-9.766 
1942,-16.292 
1942,-25.854 
1942,-22.875 
1942,126.062 
1943,-7.812 
1943,-18.766 
1943,-30.932 
1943,-42.521 
1943,-39.542 
1943,101.146 
1944,-7.812 
1944,-14.917 
1944,-35.432 
1944,-32.641 
1944,-20.141 
1944,101.146 
1945,-7.812 
1945,-18.766 
1945,-26.432 
1945,-28.141 
1945,-36.474 
1945,126.062 
1946,-7.812 
1946,-9.766 
1946,-16.682 
1946,-25.724 
1946,-27.375 
1946,99.062 
1947,-7.812 
1947,-14.917 
1947,-12.182 
1947,-19.271 
1947,-37.125 
1947,107.312 
1948,-6.641 
1948,-8.854 
1948,-11.792 
1948,-32.771 
1948,-37.125 
1948,107.312 
1949,-6.641 
1949,-8.854 
1949,-16.292 
1949,-9.521 
1949,-20.792 
1949,108.062 
1950,-6.641 
1950,-9.766 
1950,-37.516 
1950,-44.474 
1950,-40.974 
1950,126.062 
1951,-7.812 
1951,-10.417 
1951,-7.812 
1951,-19.141 
1951,-44.042 
1951,119.146 
1952,-7.812 
1952,-18.766 
1952,-12.182 
1952,-19.271 
1952,-30.542 
1952,128.146 
1953,-6.641 
1953,-18.766 
1953,-12.182 
1953,-5.021 
1953,-11.792 
1953,126.062 
1954,-7.812 
1954,-10.417 
1954,-28.646 
1954,-21.224 
1954,-40.974 
1954,107.312 
1955,-7.812 
1955,-10.417 
1955,-25.682 
1955,-28.141 
1955,-30.542 
1955,80.312 
1956,-6.641 
1956,-18.766 
1956,-12.182 
1956,-22.729 
1956,-40.583 
1956,100.104 
1957,-7.812 
1957,-10.417 
1957,-28.646 
1957,-48.224 
1957,-9.375 
1957,99.062 
1958,-7.812 
1958,-14.266 
1958,-26.042 
1958,-32.771 
1958,-39.542 
1958,101.146 
1959,-6.641 
1959,-9.766 
1959,-30.932 
1959,-38.021 
1959,-39.542 
1959,107.312 
1960,-7.812 
1960,-9.766 
1960,-7.682 
1960,-0.391 
1960,-25.292 
1960,126.062 
1961,-7.812 
1961,-28.516 
1961,-35.432 
1961,-23.641 
1961,-27.474 
1961,108.062 
1962,-7.812 
1962,-18.766 
1962,-28.516 
1962,-25.854 
1962,-32.625 
1962,107.312 
1963,-7.812 
1963,-31.250 
1963,-33.146 
1963,-46.167 
1963,-56.557 
1963,105.979 
1964,-7.812 
1964,-14.266 
1964,-12.182 
1964,-19.271 
1964,-20.792 
1964,126.062 
1965,-6.641 
1965,-9.766 
1965,-33.016 
1965,-25.724 
1965,-37.125 
1965,126.062 
1966,-6.641 
1966,-18.766 
1966,-37.516 
1966,-21.354 
1966,-37.125 
1966,99.062 
1967,-7.812 
1967,-14.917 
1967,-12.312 
1967,-25.333 
1967,-13.224 
1967,100.104 
1968,-7.812 
1968,-10.417 
1968,-25.682 
1968,-9.391 
1968,-22.224 
1968,99.062 
1969,-7.812 
1969,-14.917 
1969,-12.182 
1969,-25.724 
1969,-29.557 
1969,105.979 
1970,-7.812 
1970,-10.417 
1970,-25.682 
1970,-18.229 
1970,-36.083 
1970,100.104 
1971,-7.812 
1971,-28.516 
1971,-26.432 
1971,-48.974 
1971,-31.974 
1971,107.312 
1972,-7.812 
1972,-9.766 
1972,-7.682 
1972,-30.224 
1972,-31.974 
1972,108.062 
1973,-7.812 
1973,-14.917 
1973,-30.932 
1973,-23.641 
1973,-27.474 
1973,107.312 
1974,-6.641 
1974,-18.766 
1974,-16.682 
1974,-19.271 
1974,-16.292 
1974,101.146 
1975,-7.812 
1975,-10.417 
1975,-7.812 
1975,-19.141 
1975,-44.042 
1975,107.312 
1976,-6.641 
1976,-9.766 
1976,-26.042 
1976,-28.271 
1976,-37.125 
1976,126.062 
1977,-7.812 
1977,-18.766 
1977,-25.000 
1977,-48.062 
1977,-40.583 
1977,88.271 
1978,-6.641 
1978,-9.766 
1978,-16.292 
1978,-9.521 
1978,-18.375 
1978,105.979 
1979,-6.641 
1979,-14.266 
1979,-7.292 
1979,-32.771 
1979,-37.125 
1979,107.312 
1980,-6.641 
1980,-18.766 
1980,-7.292 
1980,-28.271 
1980,-39.542 
1980,80.312 
1981,-7.812 
1981,-10.417 
1981,-28.646 
1981,-34.333 
1981,-35.724 
1981,100.104 
1982,-7.812 
1982,-10.417 
1982,-26.432 
1982,-37.271 
1982,-39.542 
1982,80.312 
1983,-7.812 
1983,-14.917 
1983,-12.312 
1983,-37.141 
1983,-30.542 
1983,80.312 
1984,-7.812 
1984,-9.766 
1984,-26.432 
1984,-47.021 
1984,-39.542 
1984,107.312 
1985,-7.812 
1985,-10.417 
1985,-25.682 
1985,-0.521 
1985,-18.375 
1985,108.062 
1986,-6.641 
1986,-18.766 
1986,-26.432 
1986,-28.141 
1986,-20.141 
1986,119.146 
1987,-7.812 
1987,-14.917 
1987,-28.646 
1987,-25.333 
1987,-31.974 
1987,107.312 
1988,-7.812 
1988,-31.250 
1988,-33.016 
1988,-30.354 
1988,-32.625 
1988,126.062 
1989,-7.812 
1989,-31.250 
1989,-33.016 
1989,-44.474 
1989,-46.125 
1989,108.062 
1990,-7.812 
1990,-31.250 
1990,-46.516 
1990,-39.974 
1990,-28.125 
1990,117.062 
1991,-7.812 
1991,-9.766 
1991,-16.292 
1991,-23.771 
1991,-20.792 
1991,108.062 
1992,-7.812 
1992,-14.917 
1992,-30.932 
1992,-23.641 
1992,-44.042 
1992,80.312 
1993,-7.812 
1993,-10.417 
1993,-7.812 
1993,-0.391 
1993,-22.224 
1993,126.062 
1994,-7.812 
1994,-10.417 
1994,-7.812 
1994,-37.141 
1994,-20.141 
1994,119.146 
1995,-7.812 
1995,-9.766 
1995,-16.292 
1995,-9.521 
1995,-20.792 
1995,101.146 
1996,-6.641 
1996,-18.766 
1996,-37.516 
1996,-30.224 
1996,-27.083 
1996,100.104 
1997,-7.812 
1997,-10.417 
1997,-25.682 
1997,-30.224 
1997,-27.083 
1997,100.104 
1998,-6.641 
1998,-18.766 
1998,-37.516 
1998,-39.974 
1998,-28.125 
1998,117.062 
1999,-7.812 
1999,-10.417 
1999,-7.682 
1999,-13.891 
1999,-13.224 
1999,99.062 
2000,-7.812 
2000,-31.250 
2000,-37.646 
2000,-41.667 
2000,-34.057 
2000,105.979 
2001,-7.812 
2001,-31.250 
2001,-46.516 
2001,-30.224 
2001,-28.125 
2001,107.312 
2002,-7.812 
2002,-14.266 
2002,-7.292 
2002,-23.771 
2002,-37.125 
2002,107.312 
2003,-7.812 
2003,-18.766 
2003,-7.292 
2003,-9.521 
2003,-20.792 
2003,99.062 
2004,-6.641 
2004,-28.516 
2004,-26.432 
2004,-32.641 
2004,-44.042 
2004,101.146 
2005,-6.641 
2005,-9.766 
2005,-7.682 
2005,-13.891 
2005,-16.292 
2005,126.062 
2006,-7.812 
2006,-9.766 
2006,-7.682 
2006,-0.391 
2006,-22.224 
2006,109.104 
2007,-7.812 
2007,-9.766 
2007,-26.432 
2007,-19.141 
2007,-44.042 
2007,119.146 
2008,-6.641 
2008,-28.516 
2008,-35.432 
2008,-28.141 
2008,-36.474 
2008,107.312 
2009,-7.812 
2009,-31.250 
2009,-46.516 
2009,-30.224 
2009,-38.557 
2009,88.271 
2010,-6.641 
2010,-18.766 
2010,-37.516 
2010,-30.224 
2010,-22.224 
2010,108.062 
2011,-6.641 
2011,-18.766 
2011,-12.182 
2011,-13.891 
2011,-11.792 
2011,99.062 
2012,-7.812 
2012,-9.766 
2012,-30.932 
2012,-23.641 
2012,-31.974 
2012,107.312 
2013,-7.812 
2013,-28.516 
2013,-35.432 
2013,-44.474 
2013,-40.974 
2013,107.312 
2014,-7.812 
2014,-14.917 
2014,-16.682 
2014,-5.021 
2014,-20.792 
2014,99.062 
2015,-7.812 
2015,-28.516 
2015,-39.932 
2015,-23.771 
2015,-20.792 
2015,99.062 
2016,-6.641 
2016,-9.766 
2016,-37.516 
2016,-44.474 
2016,-40.974 
2016,126.062 
2017,-7.812 
2017,-14.917 
2017,-12.182 
2017,-4.891 
2017,-8.724 
2017,126.062 
2018,-7.812 
2018,-10.417 
2018,-28.646 
2018,-21.224 
2018,-43.057 
2018,88.271 
2019,-7.812 
2019,-14.917 
2019,-33.146 
2019,-41.667 
2019,-34.057 
2019,105.979 
2020,-7.812 
2020,-14.917 
2020,-12.312 
2020,-4.500 
2020,-24.641 
2020,119.146 
2021,-7.812 
2021,-9.766 
2021,-16.292 
2021,-28.271 
2021,-20.792 
2021,99.062 
2022,-7.812 
2022,-10.417 
2022,-7.812 
2022,-29.833 
2022,-45.474 
2022,107.312 
2023,-7.812 
2023,-31.250 
2023,-46.516 
2023,-39.062 
2023,-36.083 
2023,88.271 
2024,-7.812 
2024,-9.766 
2024,-30.932 
2024,-28.271 
2024,-20.792 
2024,128.146 
2025,-7.812 
2025,-14.917 
2025,-12.312 
2025,-23.641 
2025,-44.042 
2025,80.312 
2026,-6.641 
2026,-8.854 
2026,-16.292 
2026,-9.521 
2026,-18.375 
2026,105.979 
2027,-7.812 
2027,-10.417 
2027,-28.646 
2027,-48.224 
2027,-27.083 
2027,100.104 
2028,-7.812 
2028,-9.766 
2028,-16.682 
2028,-19.271 
2028,-20.792 
2028,119.146 
2029,-7.812 
2029,-14.917 
2029,-12.312 
2029,-25.333 
2029,-54.474 
2029,99.062 
2030,-6.641 
2030,-14.266 
2030,-26.042 
2030,-51.521 
2030,-39.542 
2030,101.146 
2031,-7.812 
2031,-10.417 
2031,-25.682 
2031,-19.141 
2031,-26.042 
2031,107.312 
2032,-6.641 
2032,-9.766 
2032,-28.516 
2032,-21.224 
2032,-54.083 
2032,100.104 
2033,-7.812 
2033,-18.766 
2033,-25.000 
2033,-27.229 
2033,-40.583 
2033,88.271 
2034,-7.812 
2034,-10.417 
2034,-7.812 
2034,-37.141 
2034,-36.474 
2034,126.062 
2035,-6.641 
2035,-28.516 
2035,-39.932 
2035,-23.771 
2035,-41.625 
2035,80.312 
2036,-7.812 
2036,-10.417 
2036,-25.682 
2036,-19.271 
2036,-37.125 
2036,107.312 
2037,-7.812 
2037,-10.417 
2037,-16.812 
2037,-25.333 
2037,-13.224 
2037,100.104 
2038,-6.641 
2038,-28.516 
2038,-35.432 
2038,-28.271 
2038,-30.542 
2038,107.312 
2039,-7.812 
2039,-31.250 
2039,-28.516 
2039,-39.354 
2039,-18.375 
2039,105.979 
2040,-7.812 
2040,-31.250 
2040,-37.646 
2040,-39.974 
2040,-46.125 
2040,108.062 
2041,-7.812 
2041,-14.917 
2041,-28.646 
2041,-39.224 
2041,-31.583 
2041,88.271 
2042,-7.812 
2042,-9.766 
2042,-21.182 
2042,-5.021 
2042,-11.792 
2042,119.146 
2043,-6.641 
2043,-28.516 
2043,-26.042 
2043,-28.271 
2043,-37.125 
2043,107.312 
2044,-7.812 
2044,-28.516 
2044,-26.042 
2044,-47.021 
2044,-39.542 
2044,119.146 
2045,-6.641 
2045,-26.562 
2045,-34.000 
2045,-48.062 
2045,-40.583 
2045,100.104 
2046,-7.812 
2046,-9.766 
2046,-11.792 
2046,-32.771 
2046,-30.542 
2046,119.146 
2047,-6.641 
2047,-28.516 
2047,-35.432 
2047,-39.974 
2047,-31.974 
2047,107.312 
2048,-7.812 
2048,-9.766 
2048,-30.932 
2048,-23.641 
2048,-31.974 
2048,108.062 
2049,-7.812 
2049,-14.266 
2049,-7.292 
2049,-23.771 
2049,-39.542 
2049,119.146 
2050,-6.641 
2050,-9.766 
2050,-16.682 
2050,-4.891 
2050,-24.250 
2050,100.104 
2051,-7.812 
2051,-9.766 
2051,-26.432 
2051,-47.021 
2051,-35.042 
2051,119.146 
2052,-6.641 
2052,-9.766 
2052,-16.682 
2052,-25.724 
2052,-31.974 
2052,80.312 
2053,-7.812 
2053,-10.417 
2053,-25.682 
2053,-30.224 
2053,-9.375 
2053,99.062 
2054,-6.641 
2054,-18.766 
2054,-26.432 
2054,-19.271 
2054,-37.125 
2054,107.312 
2055,-6.641 
2055,-28.516 
2055,-30.932 
2055,-23.641 
2055,-25.292 
2055,108.062 
2056,-6.641 
2056,-14.266 
2056,-28.516 
2056,-44.474 
2056,-31.974 
2056,108.062 
2057,-7.812 
2057,-10.417 
2057,-16.812 
2057,-4.891 
2057,-13.224 
2057,99.062 
2058,-7.812 
2058,-18.766 
2058,-25.000 
2058,-27.229 
2058,-36.083 
2058,100.104 
2059,-6.641 
2059,-8.854 
2059,-26.042 
2059,-28.271 
2059,-16.292 
2059,126.062 
2060,-7.812 
2060,-31.250 
2060,-46.516 
2060,-21.354 
2060,-22.875 
2060,105.979 
2061,-7.812 
2061,-10.417 
2061,-25.682 
2061,-30.224 
2061,-9.375 
2061,108.062 
2062,-7.812 
2062,-9.766 
2062,-30.932 
2062,-32.641 
2062,-36.474 
2062,126.062 
2063,-6.641 
2063,-18.766 
2063,-16.682 
2063,-18.229 
2063,-36.083 
2063,88.271 
2064,-6.641 
2064,-26.562 
2064,-29.500 
2064,-31.729 
2064,-40.583 
2064,88.271 
2065,-7.812 
2065,-18.766 
2065,-30.932 
2065,-23.771 
2065,-39.542 
2065,101.146 
2066,-7.812 
2066,-18.766 
2066,-16.682 
2066,-19.271 
2066,-20.792 
2066,108.062 
2067,-7.812 
2067,-18.766 
2067,-26.432 
2067,-19.271 
2067,-37.125 
2067,126.062 
2068,-7.812 
2068,-10.417 
2068,-35.432 
2068,-28.141 
2068,-30.542 
2068,119.146 
2069,-7.812 
2069,-28.516 
2069,-39.932 
2069,-32.641 
2069,-30.542 
2069,101.146 
2070,-6.641 
2070,-18.766 
2070,-16.682 
2070,-25.724 
2070,-22.224 
2070,108.062 
2071,-6.641 
2071,-9.766 
2071,-21.182 
2071,-19.271 
2071,-30.542 
2071,128.146 
2072,-7.812 
2072,-10.417 
2072,-26.432 
2072,-37.271 
2072,-26.042 
2072,107.312 
2073,-6.641 
2073,-8.854 
2073,-26.042 
2073,-28.271 
2073,-20.792 
2073,126.062 
2074,-6.641 
2074,-28.516 
2074,-26.432 
2074,-32.641 
2074,-44.042 
2074,80.312 
2075,-7.812 
2075,-28.516 
2075,-30.932 
2075,-23.641 
2075,-11.141 
2075,128.146 
2076,-6.641 
2076,-14.266 
2076,-25.000 
2076,-48.062 
2076,-40.583 
2076,88.271 
2077,-7.812 
2077,-10.417 
2077,-28.646 
2077,-57.974 
2077,-40.974 
2077,107.312 
2078,-6.641 
2078,-18.766 
2078,-16.682 
2078,-28.141 
2078,-30.542 
2078,101.146 
2079,-6.641 
2079,-9.766 
2079,-30.932 
2079,-32.641 
2079,-30.542 
2079,107.312 
2080,-7.812 
2080,-14.917 
2080,-12.312 
2080,-4.500 
2080,-33.641 
2080,101.146 
2081,-6.641 
2081,-9.766 
2081,-21.182 
2081,-34.724 
2081,-38.557 
2081,88.271 
2082,-7.812 
2082,-14.917 
2082,-16.682 
2082,-34.724 
2082,-31.583 
2082,100.104 
2083,-7.812 
2083,-18.766 
2083,-12.182 
2083,-13.891 
2083,-22.224 
2083,108.062 
2084,-7.812 
2084,-14.917 
2084,-16.682 
2084,-5.021 
2084,-18.375 
2084,108.062 
2085,-7.812 
2085,-9.766 
2085,-26.042 
2085,-28.271 
2085,-20.792 
2085,119.146 
2086,-6.641 
2086,-8.854 
2086,-11.792 
2086,-30.354 
2086,-22.875 
2086,105.979 
2087,-7.812 
2087,-31.250 
2087,-37.516 
2087,-25.854 
2087,-22.875 
2087,108.062 
2088,-6.641 
2088,-8.854 
2088,-26.042 
2088,-28.271 
2088,-20.792 
2088,117.062 
2089,-7.812 
2089,-28.516 
2089,-30.932 
2089,-32.641 
2089,-40.974 
2089,107.312 
2090,-7.812 
2090,-10.417 
2090,-33.146 
2090,-25.333 
2090,-35.724 
2090,109.104 
2091,-7.812 
2091,-9.766 
2091,-7.682 
2091,-28.141 
2091,-35.042 
2091,128.146 
2092,-6.641 
2092,-18.766 
2092,-16.682 
2092,-25.724 
2092,-32.625 
2092,108.062 
2093,-7.812 
2093,-28.516 
2093,-35.432 
2093,-39.974 
2093,-46.125 
2093,107.312 
2094,-7.812 
2094,-28.516 
2094,-26.042 
2094,-28.271 
2094,-37.125 
2094,126.062 
2095,-6.641 
2095,-28.516 
2095,-26.432 
2095,-47.021 
2095,-35.042 
2095,119.146 
2096,-7.812 
2096,-14.266 
2096,-28.516 
2096,-44.474 
2096,-31.974 
2096,108.062 
2097,-6.641 
2097,-28.516 
2097,-35.432 
2097,-38.021 
2097,-35.042 
2097,107.312 
2098,-7.812 
2098,-10.417 
2098,-26.432 
2098,-32.641 
2098,-31.974 
2098,99.062 
2099,-7.812 
2099,-9.766 
2099,-11.792 
2099,-14.021 
2099,-11.792 
2099,119.146 
2100,-6.641 
2100,-18.766 
2100,-37.516 
2100,-39.062 
2100,-36.083 
2100,88.271 
2101,-7.812 
2101,-9.766 
2101,-34.000 
2101,-27.229 
2101,-36.083 
2101,109.104 
2102,-7.812 
2102,-28.516 
2102,-26.042 
2102,-42.521 
2102,-39.542 
2102,107.312 
2103,-7.812 
2103,-31.250 
2103,-33.146 
2103,-39.224 
2103,-32.625 
2103,107.312 
2104,-7.812 
2104,-28.516 
2104,-35.042 
2104,-38.021 
2104,-35.042 
2104,107.312 
2105,-6.641 
2105,-18.766 
2105,-26.432 
2105,-38.021 
2105,-35.042 
2105,119.146 
2106,-7.812 
2106,-18.766 
2106,-37.516 
2106,-30.224 
2106,-28.125 
2106,80.312 
2107,-6.641 
2107,-18.766 
2107,-26.432 
2107,-48.974 
2107,-28.125 
2107,117.062 
2108,-7.812 
2108,-18.766 
2108,-37.516 
2108,-30.224 
2108,-31.583 
2108,88.271 
2109,-7.812 
2109,-9.766 
2109,-21.182 
2109,-22.729 
2109,-40.583 
2109,100.104 
2110,-7.812 
2110,-10.417 
2110,-25.682 
2110,-30.224 
2110,-22.224 
2110,108.062 
2111,-6.641 
2111,-28.516 
2111,-35.432 
2111,-39.974 
2111,-31.974 
2111,107.312 
2112,-7.812 
2112,-14.917 
2112,-33.146 
2112,-41.667 
2112,-56.557 
2112,105.979 
2113,-7.812 
2113,-18.766 
2113,-16.682 
2113,-19.271 
2113,-37.125 
2113,99.062 
2114,-7.812 
2114,-14.917 
2114,-33.146 
2114,-57.974 
2114,-32.625 
2114,80.312 
2115,-6.641 
2115,-9.766 
2115,-7.682 
2115,-28.271 
2115,-16.292 
2115,128.146 
2116,-7.812 
2116,-9.766 
2116,-16.682 
2116,-21.224 
2116,-13.224 
2116,126.062 
2117,-7.812 
2117,-14.917 
2117,-12.182 
2117,-21.224 
2117,-34.057 
2117,105.979 
2118,-7.812 
2118,-14.917 
2118,-30.932 
2118,-47.021 
2118,-39.542 
2118,101.146 
2119,-6.641 
2119,-18.766 
2119,-26.432 
2119,-28.141 
2119,-11.792 
2119,117.062 
2120,-6.641 
2120,-9.766 
2120,-16.682 
2120,-25.724 
2120,-29.557 
2120,88.271 
2121,-7.812 
2121,-9.766 
2121,-28.516 
2121,-21.224 
2121,-26.724 
2121,117.062 
2122,-6.641 
2122,-14.266 
2122,-12.182 
2122,-21.224 
2122,-45.083 
2122,88.271 
2123,-7.812 
2123,-28.516 
2123,-35.432 
2123,-38.021 
2123,-35.042 
2123,107.312 
2124,-6.641 
2124,-26.562 
2124,-29.500 
2124,-31.729 
2124,-40.583 
2124,100.104 
2125,-7.812 
2125,-10.417 
2125,-7.812 
2125,-19.141 
2125,-44.042 
2125,107.312 
2126,-6.641 
2126,-18.766 
2126,-30.932 
2126,-53.474 
2126,-40.974 
2126,99.062 
2127,-7.812 
2127,-14.917 
2127,-12.312 
2127,-37.141 
2127,-30.542 
2127,80.312 
2128,-7.812 
2128,-14.917 
2128,-26.432 
2128,-32.641 
2128,-30.542 
2128,107.312 
2129,-7.812 
2129,-14.917 
2129,-26.432 
2129,-32.641 
2129,-36.474 
2129,107.312 
2130,-7.812 
2130,-9.766 
2130,-26.042 
2130,-47.021 
2130,-39.542 
2130,119.146 
2131,-7.812 
2131,-10.417 
2131,-28.646 
2131,-34.333 
2131,-27.474 
2131,107.312 
2132,-7.812 
2132,-10.417 
2132,-7.682 
2132,-36.229 
2132,-19.750 
2132,109.104 
2133,-7.812 
2133,-14.917 
2133,-28.646 
2133,-25.333 
2133,-31.974 
2133,108.062 
2134,-7.812 
2134,-28.516 
2134,-26.042 
2134,-32.771 
2134,-30.542 
2134,128.146 
2135,-7.812 
2135,-10.417 
2135,-28.646 
2135,-34.333 
2135,-35.724 
2135,100.104 
2136,-7.812 
2136,-18.766 
2136,-16.682 
2136,-9.391 
2136,-11.792 
2136,119.146 
2137,-7.812 
2137,-14.917 
2137,-12.312 
2137,-19.141 
2137,-31.974 
2137,108.062 
2138,-6.641 
2138,-18.766 
2138,-28.516 
2138,-34.724 
2138,-13.875 
2138,126.062 
2139,-7.812 
2139,-14.266 
2139,-28.516 
2139,-25.724 
2139,-45.083 
2139,109.104 
2140,-7.812 
2140,-14.917 
2140,-16.682 
2140,-13.891 
2140,-11.792 
2140,108.062 
2141,-6.641 
2141,-18.766 
2141,-12.182 
2141,-5.021 
2141,-11.792 
2141,119.146 
2142,-6.641 
2142,-26.562 
2142,-34.000 
2142,-27.229 
2142,-36.083 
2142,88.271 
2143,-7.812 
2143,-9.766 
2143,-7.682 
2143,-13.891 
2143,-11.141 
2143,119.146 
2144,-7.812 
2144,-10.417 
2144,-7.812 
2144,-37.141 
2144,-26.042 
2144,119.146 
2145,-6.641 
2145,-18.766 
2145,-16.682 
2145,-30.224 
2145,-22.224 
2145,99.062 
2146,-6.641 
2146,-28.516 
2146,-39.932 
2146,-42.521 
2146,-39.542 
2146,80.312 
2147,-6.641 
2147,-9.766 
2147,-28.516 
2147,-39.974 
2147,-45.474 
2147,80.312 
2148,-7.812 
2148,-14.917 
2148,-12.312 
2148,-25.333 
2148,-13.224 
2148,99.062 
2149,-6.641 
2149,-28.516 
2149,-39.932 
2149,-53.474 
2149,-40.974 
2149,99.062 
2150,-6.641 
2150,-18.766 
2150,-16.682 
2150,-30.224 
2150,-9.375 
2150,105.979 
2151,-7.812 
2151,-14.917 
2151,-35.432 
2151,-53.474 
2151,-40.974 
2151,80.312 
2152,-7.812 
2152,-10.417 
2152,-28.646 
2152,-34.333 
2152,-35.724 
2152,108.062 
2153,-7.812 
2153,-14.917 
2153,-35.432 
2153,-23.771 
2153,-41.625 
2153,80.312 
2154,-7.812 
2154,-10.417 
2154,-33.146 
2154,-25.724 
2154,-34.057 
2154,105.979 
2155,-6.641 
2155,-9.766 
2155,-16.292 
2155,-30.354 
2155,-37.125 
2155,99.062 
2156,-6.641 
2156,-18.766 
2156,-16.682 
2156,-25.724 
2156,-32.625 
2156,108.062 
2157,-7.812 
2157,-10.417 
2157,-28.646 
2157,-50.667 
2157,-34.057 
2157,88.271 
2158,-7.812 
2158,-9.766 
2158,-34.000 
2158,-48.062 
2158,-40.583 
2158,88.271 
2159,-6.641 
2159,-28.516 
2159,-30.932 
2159,-44.474 
2159,-46.125 
2159,108.062 
2160,-7.812 
2160,-14.266 
2160,-28.516 
2160,-48.062 
2160,-40.583 
2160,88.271 
2161,-7.812 
2161,-31.250 
2161,-37.516 
2161,-34.724 
2161,-31.583 
2161,109.104 
2162,-7.812 
2162,-18.766 
2162,-12.182 
2162,-34.724 
2162,-22.224 
2162,100.104 
2163,-7.812 
2163,-14.266 
2163,-12.182 
2163,-19.271 
2163,-39.542 
2163,107.312 
2164,-7.812 
2164,-14.917 
2164,-12.312 
2164,-28.141 
2164,-36.474 
2164,126.062 
2165,-6.641 
2165,-8.854 
2165,-26.042 
2165,-28.271 
2165,-20.792 
2165,117.062 
2166,-6.641 
2166,-14.266 
2166,-12.182 
2166,-28.271 
2166,-39.542 
2166,80.312 
2167,-7.812 
2167,-9.766 
2167,-29.500 
2167,-31.729 
2167,-19.750 
2167,100.104 
2168,-6.641 
2168,-9.766 
2168,-26.432 
2168,-19.141 
2168,-24.641 
2168,101.146 
2169,-7.812 
2169,-10.417 
2169,-28.646 
2169,-34.333 
2169,-45.474 
2169,117.062 
2170,-7.812 
2170,-14.917 
2170,-35.432 
2170,-53.474 
2170,-40.974 
2170,99.062 
2171,-7.812 
2171,-14.917 
2171,-12.182 
2171,-25.724 
2171,-46.125 
2171,80.312 
2172,-7.812 
2172,-9.766 
2172,-28.516 
2172,-21.224 
2172,-46.125 
2172,117.062 
2173,-7.812 
2173,-31.250 
2173,-37.646 
2173,-39.224 
2173,-38.557 
2173,88.271 
2174,-7.812 
2174,-10.417 
2174,-28.646 
2174,-57.974 
2174,-40.974 
2174,117.062 
2175,-7.812 
2175,-14.917 
2175,-12.182 
2175,-23.641 
2175,-27.474 
2175,108.062 
2176,-7.812 
2176,-28.516 
2176,-26.432 
2176,-32.641 
2176,-31.974 
2176,99.062 
2177,-6.641 
2177,-9.766 
2177,-28.516 
2177,-48.974 
2177,-46.125 
2177,107.312 
2178,-7.812 
2178,-14.917 
2178,-35.432 
2178,-32.641 
2178,-40.974 
2178,99.062 
2179,-7.812 
2179,-14.917 
2179,-12.312 
2179,-18.391 
2179,-17.724 
2179,109.104 
2180,-7.812 
2180,-14.917 
2180,-28.646 
2180,-25.724 
2180,-27.375 
2180,126.062 
2181,-7.812 
2181,-28.516 
2181,-35.042 
2181,-47.021 
2181,-39.542 
2181,80.312 
2182,-6.641 
2182,-28.516 
2182,-39.932 
2182,-32.641 
2182,-11.792 
2182,101.146 
2183,-6.641 
2183,-26.562 
2183,-29.500 
2183,-48.062 
2183,-40.583 
2183,109.104 
2184,-6.641 
2184,-28.516 
2184,-26.042 
2184,-42.521 
2184,-39.542 
2184,107.312 
2185,-7.812 
2185,-18.766 
2185,-26.042 
2185,-38.021 
2185,-35.042 
2185,119.146 
2186,-7.812 
2186,-14.917 
2186,-12.312 
2186,-4.891 
2186,-13.224 
2186,117.062 
2187,-7.812 
2187,-10.417 
2187,-26.432 
2187,-37.271 
2187,-37.125 
2187,99.062 
2188,-6.641 
2188,-8.854 
2188,-16.292 
2188,-28.271 
2188,-39.542 
2188,101.146 
2189,-7.812 
2189,-18.766 
2189,-37.516 
2189,-30.224 
2189,-38.557 
2189,88.271 
2190,-7.812 
2190,-9.766 
2190,-16.292 
2190,-30.354 
2190,-18.375 
2190,99.062 
2191,-7.812 
2191,-10.417 
2191,-7.682 
2191,-18.521 
2191,-7.292 
2191,126.062 
2192,-7.812 
2192,-14.917 
2192,-12.312 
2192,-28.141 
2192,-26.042 
2192,128.146 
2193,-7.812 
2193,-31.250 
2193,-37.516 
2193,-25.854 
2193,-32.625 
2193,107.312 
2194,-7.812 
2194,-10.417 
2194,-35.432 
2194,-38.021 
2194,-39.542 
2194,119.146 
2195,-7.812 
2195,-9.766 
2195,-21.182 
2195,-34.724 
2195,-22.224 
2195,99.062 
2196,-7.812 
2196,-10.417 
2196,-33.146 
2196,-25.724 
2196,-31.974 
2196,108.062 
2197,-6.641 
2197,-9.766 
2197,-28.516 
2197,-39.974 
2197,-55.125 
2197,99.062 
2198,-7.812 
2198,-10.417 
2198,-7.682 
2198,-28.141 
2198,-31.974 
2198,108.062 
2199,-7.812 
2199,-18.766 
2199,-7.292 
2199,-28.271 
2199,-37.125 
2199,107.312 
2200,-6.641 
2200,-28.516 
2200,-35.432 
2200,-48.974 
2200,-40.974 
2200,117.062 
2201,-7.812 
2201,-10.417 
2201,-35.432 
2201,-44.474 
2201,-40.974 
2201,126.062 
2202,-6.641 
2202,-9.766 
2202,-37.516 
2202,-44.474 
2202,-40.974 
2202,107.312 
2203,-6.641 
2203,-9.766 
2203,-7.682 
2203,-18.521 
2203,-18.375 
2203,99.062 
2204,-7.812 
2204,-31.250 
2204,-46.516 
2204,-39.062 
2204,-36.083 
2204,88.271 
2205,-6.641 
2205,-9.766 
2205,-21.182 
2205,-23.641 
2205,-30.542 
2205,119.146 
2206,-6.641 
2206,-9.766 
2206,-7.682 
2206,-28.271 
2206,-20.792 
2206,117.062 
2207,-6.641 
2207,-28.516 
2207,-30.932 
2207,-28.271 
2207,-20.792 
2207,128.146 
2208,-7.812 
2208,-10.417 
2208,-16.812 
2208,-4.891 
2208,-25.292 
2208,99.062 
2209,-6.641 
2209,-8.854 
2209,-11.792 
2209,-30.354 
2209,-32.625 
2209,107.312 
2210,-6.641 
2210,-18.766 
2210,-26.432 
2210,-28.141 
2210,-11.792 
2210,117.062 
2211,-7.812 
2211,-10.417 
2211,-7.812 
2211,-19.141 
2211,-24.641 
2211,119.146 
2212,-6.641 
2212,-18.766 
2212,-7.292 
2212,-25.854 
2212,-32.625 
2212,126.062 
2213,-7.812 
2213,-14.266 
2213,-7.292 
2213,-30.354 
2213,-41.625 
2213,107.312 
2214,-7.812 
2214,-10.417 
2214,-25.682 
2214,-18.229 
2214,-15.250 
2214,109.104 
2215,-6.641 
2215,-28.516 
2215,-26.432 
2215,-19.141 
2215,-34.292 
2215,108.062 
2216,-7.812 
2216,-28.516 
2216,-35.042 
2216,-28.271 
2216,-30.542 
2216,107.312 
2217,-6.641 
2217,-8.854 
2217,-16.292 
2217,-25.854 
2217,-32.625 
2217,107.312 
2218,-7.812 
2218,-9.766 
2218,-21.182 
2218,-34.724 
2218,-28.125 
2218,107.312 
2219,-6.641 
2219,-9.766 
2219,-21.182 
2219,-13.891 
2219,-17.724 
2219,109.104 
2220,-7.812 
2220,-18.766 
2220,-25.000 
2220,-48.062 
2220,-36.083 
2220,100.104 
2221,-6.641 
2221,-14.266 
2221,-12.182 
2221,-9.521 
2221,-18.375 
2221,105.979 
2222,-7.812 
2222,-14.917 
2222,-26.432 
2222,-28.271 
2222,-41.625 
2222,107.312 
2223,-7.812 
2223,-14.917 
2223,-33.146 
2223,-57.974 
2223,-40.974 
2223,80.312 
2224,-7.812 
2224,-14.266 
2224,-28.516 
2224,-48.062 
2224,-40.583 
2224,109.104 
2225,-6.641 
2225,-28.516 
2225,-26.432 
2225,-39.974 
2225,-55.125 
2225,80.312 
2226,-6.641 
2226,-9.766 
2226,-37.516 
2226,-44.474 
2226,-32.625 
2226,126.062 
2227,-7.812 
2227,-14.917 
2227,-33.146 
2227,-57.974 
2227,-32.625 
2227,99.062 
2228,-7.812 
2228,-14.266 
2228,-7.292 
2228,-30.354 
2228,-41.625 
2228,107.312 
2229,-7.812 
2229,-10.417 
2229,-26.432 
2229,-48.974 
2229,-31.974 
2229,107.312 
2230,-6.641 
2230,-18.766 
2230,-37.516 
2230,-21.354 
2230,-37.125 
2230,107.312 
2231,-6.641 
2231,-14.266 
2231,-30.932 
2231,-23.641 
2231,-25.292 
2231,119.146 
2232,-6.641 
2232,-8.854 
2232,-16.292 
2232,-23.771 
2232,-20.792 
2232,128.146 
2233,-6.641 
2233,-8.854 
2233,-35.042 
2233,-47.021 
2233,-39.542 
2233,80.312 
2234,-6.641 
2234,-28.516 
2234,-26.432 
2234,-37.271 
2234,-16.292 
2234,108.062 
2235,-6.641 
2235,-28.516 
2235,-35.432 
2235,-19.271 
2235,-35.042 
2235,128.146 
2236,-7.812 
2236,-18.766 
2236,-26.432 
2236,-28.141 
2236,-7.292 
2236,126.062 
2237,-6.641 
2237,-9.766 
2237,-16.292 
2237,-30.354 
2237,-37.125 
2237,108.062 
2238,-7.812 
2238,-10.417 
2238,-35.432 
2238,-48.974 
2238,-40.974 
2238,117.062 
2239,-6.641 
2239,-28.516 
2239,-35.432 
2239,-44.474 
2239,-40.974 
2239,107.312 
2240,-7.812 
2240,-31.250 
2240,-28.516 
2240,-39.354 
2240,-37.125 
2240,108.062 
2241,-6.641 
2241,-9.766 
2241,-16.292 
2241,-28.271 
2241,-37.125 
2241,107.312 
2242,-7.812 
2242,-14.917 
2242,-35.432 
2242,-32.641 
2242,-20.141 
2242,101.146 
2243,-6.641 
2243,-18.766 
2243,-26.042 
2243,-38.021 
2243,-39.542 
2243,107.312 
2244,-7.812 
2244,-28.516 
2244,-26.432 
2244,-39.974 
2244,-45.474 
2244,80.312 
2245,-7.812 
2245,-14.917 
2245,-28.646 
2245,-48.974 
2245,-40.974 
2245,126.062 
2246,-7.812 
2246,-9.766 
2246,-7.682 
2246,-28.271 
2246,-35.042 
2246,119.146 
2247,-7.812 
2247,-28.516 
2247,-26.042 
2247,-28.271 
2247,-35.042 
2247,128.146 
2248,-7.812 
2248,-14.917 
2248,-12.312 
2248,-23.641 
2248,-25.292 
2248,99.062 
2249,-7.812 
2249,-10.417 
2249,-16.812 
2249,-28.141 
2249,-26.042 
2249,128.146 
2250,-7.812 
2250,-9.766 
2250,-26.042 
2250,-28.271 
2250,-16.292 
2250,126.062 
2251,-7.812 
2251,-18.766 
2251,-25.000 
2251,-48.062 
2251,-40.583 
2251,88.271 
2252,-7.812 
2252,-28.516 
2252,-26.432 
2252,-37.271 
2252,-20.792 
2252,108.062 
2253,-6.641 
2253,-14.266 
2253,-28.516 
2253,-25.724 
2253,-31.974 
2253,107.312 
2254,-7.812 
2254,-28.516 
2254,-26.432 
2254,-37.271 
2254,-26.042 
2254,119.146 
2255,-7.812 
2255,-9.766 
2255,-26.432 
2255,-19.141 
2255,-24.641 
2255,119.146 
2256,-7.812 
2256,-10.417 
2256,-25.682 
2256,-19.271 
2256,-16.292 
2256,108.062 
2257,-7.812 
2257,-28.516 
2257,-26.042 
2257,-28.271 
2257,-37.125 
2257,107.312 
2258,-6.641 
2258,-9.766 
2258,-16.682 
2258,-27.229 
2258,-19.750 
2258,100.104 
2259,-7.812 
2259,-28.516 
2259,-30.542 
2259,-51.521 
2259,-39.542 
2259,80.312 
2260,-6.641 
2260,-14.266 
2260,-28.516 
2260,-44.474 
2260,-46.125 
2260,108.062 
2261,-7.812 
2261,-28.516 
2261,-26.432 
2261,-47.021 
2261,-39.542 
2261,107.312 
2262,-7.812 
2262,-9.766 
2262,-7.682 
2262,-0.391 
2262,-20.141 
2262,128.146 
2263,-6.641 
2263,-9.766 
2263,-16.292 
2263,-28.271 
2263,-20.792 
2263,99.062 
2264,-7.812 
2264,-14.917 
2264,-16.682 
2264,-30.224 
2264,-32.625 
2264,108.062 
2265,-7.812 
2265,-9.766 
2265,-7.682 
2265,-18.521 
2265,-18.375 
2265,108.062 
2266,-6.641 
2266,-9.766 
2266,-29.500 
2266,-31.729 
2266,-36.083 
2266,88.271 
2267,-7.812 
2267,-10.417 
2267,-26.432 
2267,-37.271 
2267,-16.292 
2267,108.062 
2268,-7.812 
2268,-14.917 
2268,-16.682 
2268,-30.224 
2268,-31.583 
2268,88.271 
2269,-6.641 
2269,-26.562 
2269,-29.500 
2269,-31.729 
2269,-40.583 
2269,100.104 
2270,-6.641 
2270,-26.562 
2270,-34.000 
2270,-27.229 
2270,-36.083 
2270,88.271 
2271,-7.812 
2271,-9.766 
2271,-7.682 
2271,-30.224 
2271,-27.375 
2271,108.062 
2272,-6.641 
2272,-18.766 
2272,-7.292 
2272,-19.271 
2272,-35.042 
2272,107.312 
2273,-6.641 
2273,-18.766 
2273,-12.182 
2273,-30.224 
2273,-22.224 
2273,108.062 
2274,-6.641 
2274,-18.766 
2274,-26.042 
2274,-28.271 
2274,-20.792 
2274,119.146 
2275,-7.812 
2275,-31.250 
2275,-28.646 
2275,-48.224 
2275,-40.974 
2275,80.312 
2276,-6.641 
2276,-8.854 
2276,-16.292 
2276,-19.271 
2276,-35.042 
2276,107.312 
2277,-7.812 
2277,-14.917 
2277,-33.146 
2277,-39.224 
2277,-22.224 
2277,108.062 
2278,-7.812 
2278,-31.250 
2278,-37.646 
2278,-25.724 
2278,-29.557 
2278,105.979 
2279,-7.812 
2279,-9.766 
2279,-26.432 
2279,-32.641 
2279,-11.141 
2279,119.146 
2280,-6.641 
2280,-9.766 
2280,-7.682 
2280,-18.521 
2280,-18.375 
2280,105.979 
2281,-6.641 
2281,-18.766 
2281,-12.182 
2281,-23.641 
2281,-11.792 
2281,119.146 
2282,-7.812 
2282,-14.917 
2282,-12.182 
2282,-23.641 
2282,-31.974 
2282,99.062 
2283,-7.812 
2283,-28.516 
2283,-30.932 
2283,-23.641 
2283,-31.974 
2283,108.062 
2284,-7.812 
2284,-14.917 
2284,-28.646 
2284,-39.224 
2284,-13.875 
2284,126.062 
2285,-6.641 
2285,-8.854 
2285,-11.792 
2285,-30.354 
2285,-32.625 
2285,107.312 
2286,-7.812 
2286,-18.766 
2286,-37.516 
2286,-30.224 
2286,-31.974 
2286,117.062 
2287,-7.812 
2287,-9.766 
2287,-21.182 
2287,-5.021 
2287,-22.875 
2287,99.062 
2288,-7.812 
2288,-31.250 
2288,-37.516 
2288,-34.724 
2288,-13.875 
2288,108.062 
2289,-7.812 
2289,-14.917 
2289,-12.312 
2289,-23.641 
2289,-25.292 
2289,119.146 
2290,-7.812 
2290,-18.766 
2290,-37.516 
2290,-39.062 
2290,-40.583 
2290,88.271 
2291,-7.812 
2291,-31.250 
2291,-33.146 
2291,-39.224 
2291,-31.974 
2291,126.062 
2292,-6.641 
2292,-9.766 
2292,-7.682 
2292,-36.229 
2292,-19.750 
2292,109.104 
2293,-6.641 
2293,-9.766 
2293,-37.516 
2293,-34.724 
2293,-32.625 
2293,107.312 
2294,-7.812 
2294,-14.917 
2294,-12.312 
2294,-25.333 
2294,-54.474 
2294,99.062 
2295,-6.641 
2295,-8.854 
2295,-16.292 
2295,-9.521 
2295,-18.375 
2295,105.979 
2296,-6.641 
2296,-8.854 
2296,-35.042 
2296,-28.271 
2296,-37.125 
2296,99.062 
2297,-7.812 
2297,-18.766 
2297,-16.682 
2297,-30.224 
2297,-22.224 
2297,99.062 
2298,-7.812 
2298,-18.766 
2298,-37.516 
2298,-21.354 
2298,-28.125 
2298,107.312 
2299,-7.812 
2299,-14.917 
2299,-16.682 
2299,-5.021 
2299,-22.875 
2299,105.979 
2300,-7.812 
2300,-14.266 
2300,-28.516 
2300,-48.062 
2300,-40.583 
2300,109.104 
2301,-7.812 
2301,-28.516 
2301,-35.432 
2301,-44.474 
2301,-40.974 
2301,126.062 
2302,-7.812 
2302,-9.766 
2302,-16.292 
2302,-23.771 
2302,-41.625 
2302,108.062 
2303,-6.641 
2303,-18.766 
2303,-7.292 
2303,-19.271 
2303,-35.042 
2303,119.146 
2304,-6.641 
2304,-8.854 
2304,-30.542 
2304,-51.521 
2304,-39.542 
2304,101.146 
2305,-6.641 
2305,-14.266 
2305,-28.516 
2305,-25.724 
2305,-31.974 
2305,108.062 
2306,-7.812 
2306,-14.266 
2306,-30.932 
2306,-23.641 
2306,-27.474 
2306,108.062 
2307,-6.641 
2307,-9.766 
2307,-16.682 
2307,-4.891 
2307,-16.292 
2307,126.062 
2308,-7.812 
2308,-9.766 
2308,-26.432 
2308,-47.021 
2308,-35.042 
2308,107.312 
2309,-7.812 
2309,-10.417 
2309,-33.146 
2309,-39.224 
2309,-31.583 
2309,88.271 
2310,-7.812 
2310,-9.766 
2310,-16.292 
2310,-9.521 
2310,-11.792 
2310,119.146 
2311,-7.812 
2311,-9.766 
2311,-30.932 
2311,-48.974 
2311,-32.625 
2311,107.312 
2312,-7.812 
2312,-10.417 
2312,-16.812 
2312,-4.500 
2312,-6.641 
2312,128.146 
2313,-6.641 
2313,-18.766 
2313,-7.292 
2313,-28.271 
2313,-39.542 
2313,80.312 
2314,-6.641 
2314,-9.766 
2314,-30.932 
2314,-32.641 
2314,-26.042 
2314,128.146 
2315,-7.812 
2315,-9.766 
2315,-33.016 
2315,-30.354 
2315,-32.625 
2315,126.062 
2316,-7.812 
2316,-31.250 
2316,-28.646 
2316,-48.224 
2316,-27.083 
2316,100.104 
2317,-7.812 
2317,-28.516 
2317,-35.432 
2317,-19.271 
2317,-35.042 
2317,107.312 
2318,-6.641 
2318,-8.854 
2318,-16.292 
2318,-23.771 
2318,-30.542 
2318,128.146 
2319,-7.812 
2319,-31.250 
2319,-33.146 
2319,-25.724 
2319,-45.083 
2319,109.104 
2320,-6.641 
2320,-9.766 
2320,-7.682 
2320,-13.891 
2320,-8.724 
2320,126.062 
2321,-6.641 
2321,-28.516 
2321,-35.432 
2321,-28.141 
2321,-40.974 
2321,117.062 
2322,-7.812 
2322,-9.766 
2322,-21.182 
2322,-23.771 
2322,-30.542 
2322,107.312 
2323,-7.812 
2323,-18.766 
2323,-16.682 
2323,-30.224 
2323,-22.224 
2323,99.062 
2324,-7.812 
2324,-10.417 
2324,-16.812 
2324,-23.641 
2324,-35.042 
2324,119.146 
2325,-6.641 
2325,-28.516 
2325,-30.932 
2325,-44.474 
2325,-31.974 
2325,108.062 
2326,-6.641 
2326,-28.516 
2326,-30.932 
2326,-23.771 
2326,-20.792 
2326,117.062 
2327,-6.641 
2327,-8.854 
2327,-16.292 
2327,-30.354 
2327,-28.125 
2327,117.062 
2328,-7.812 
2328,-18.766 
2328,-28.516 
2328,-34.724 
2328,-31.583 
2328,109.104 
2329,-7.812 
2329,-9.766 
2329,-7.682 
2329,-28.271 
2329,-37.125 
2329,117.062 
2330,-6.641 
2330,-28.516 
2330,-26.042 
2330,-28.271 
2330,-20.792 
2330,119.146 
2331,-7.812 
2331,-14.266 
2331,-12.182 
2331,-27.229 
2331,-19.750 
2331,109.104 
2332,-7.812 
2332,-18.766 
2332,-26.042 
2332,-28.271 
2332,-26.042 
2332,119.146 
2333,-7.812 
2333,-14.917 
2333,-12.312 
2333,-28.141 
2333,-20.141 
2333,119.146 
2334,-7.812 
2334,-10.417 
2334,-35.432 
2334,-19.271 
2334,-37.125 
2334,107.312 
2335,-7.812 
2335,-31.250 
2335,-37.516 
2335,-44.474 
2335,-40.974 
2335,107.312 
2336,-7.812 
2336,-28.516 
2336,-30.932 
2336,-44.474 
2336,-46.125 
2336,107.312 
2337,-7.812 
2337,-9.766 
2337,-7.682 
2337,-36.229 
2337,-36.083 
2337,88.271 
2338,-7.812 
2338,-18.766 
2338,-12.182 
2338,-13.891 
2338,-22.224 
2338,100.104 
2339,-6.641 
2339,-9.766 
2339,-30.932 
2339,-48.974 
2339,-40.974 
2339,126.062 
2340,-7.812 
2340,-9.766 
2340,-21.182 
2340,-30.224 
2340,-22.224 
2340,108.062 
2341,-7.812 
2341,-14.917 
2341,-33.146 
2341,-39.224 
2341,-28.125 
2341,108.062 
2342,-7.812 
2342,-14.917 
2342,-12.312 
2342,-28.141 
2342,-40.974 
2342,117.062 
2343,-7.812 
2343,-10.417 
2343,-26.432 
2343,-19.141 
2343,-44.042 
2343,119.146 
2344,-7.812 
2344,-10.417 
2344,-35.432 
2344,-28.141 
2344,-26.042 
2344,107.312 
2345,-7.812 
2345,-18.766 
2345,-28.516 
2345,-25.854 
2345,-22.875 
2345,105.979 
2346,-7.812 
2346,-31.250 
2346,-28.516 
2346,-21.224 
2346,-40.974 
2346,108.062 
2347,-7.812 
2347,-14.917 
2347,-26.432 
2347,-23.771 
2347,-37.125 
2347,126.062 
2348,-7.812 
2348,-14.266 
2348,-25.000 
2348,-31.729 
2348,-19.750 
2348,109.104 
2349,-7.812 
2349,-9.766 
2349,-37.516 
2349,-43.562 
2349,-40.583 
2349,109.104 
2350,-7.812 
2350,-10.417 
2350,-35.432 
2350,-44.474 
2350,-40.974 
2350,107.312 
2351,-6.641 
2351,-26.562 
2351,-34.000 
2351,-27.229 
2351,-40.583 
2351,88.271 
2352,-7.812 
2352,-31.250 
2352,-33.146 
2352,-25.333 
2352,-45.474 
2352,126.062 
2353,-6.641 
2353,-18.766 
2353,-7.292 
2353,-28.271 
2353,-20.792 
2353,119.146 
2354,-6.641 
2354,-8.854 
2354,-26.042 
2354,-28.271 
2354,-20.792 
2354,126.062 
2355,-7.812 
2355,-9.766 
2355,-21.182 
2355,-34.724 
2355,-28.125 
2355,108.062 
2356,-7.812 
2356,-31.250 
2356,-37.646 
2356,-25.333 
2356,-45.474 
2356,117.062 
2357,-6.641 
2357,-8.854 
2357,-16.292 
2357,-23.771 
2357,-41.625 
2357,108.062 
2358,-7.812 
2358,-28.516 
2358,-35.432 
2358,-28.141 
2358,-36.474 
2358,126.062 
2359,-6.641 
2359,-8.854 
2359,-26.042 
2359,-42.521 
2359,-39.542 
2359,107.312 
2360,-7.812 
2360,-10.417 
2360,-33.146 
2360,-39.224 
2360,-13.875 
2360,105.979 
2361,-6.641 
2361,-8.854 
2361,-35.042 
2361,-28.271 
2361,-37.125 
2361,108.062 
2362,-7.812 
2362,-18.766 
2362,-26.042 
2362,-28.271 
2362,-30.542 
2362,107.312 
2363,-6.641 
2363,-9.766 
2363,-16.292 
2363,-28.271 
2363,-20.792 
2363,99.062 
2364,-6.641 
2364,-9.766 
2364,-7.682 
2364,-13.891 
2364,-11.141 
2364,101.146 
2365,-7.812 
2365,-9.766 
2365,-26.432 
2365,-19.141 
2365,-44.042 
2365,119.146 
2366,-7.812 
2366,-10.417 
2366,-35.432 
2366,-28.141 
2366,-36.474 
2366,126.062 
2367,-7.812 
2367,-14.917 
2367,-12.182 
2367,-21.224 
2367,-34.057 
2367,88.271 
2368,-7.812 
2368,-10.417 
2368,-25.682 
2368,-19.271 
2368,-16.292 
2368,108.062 
2369,-6.641 
2369,-9.766 
2369,-21.182 
2369,-23.641 
2369,-11.792 
2369,117.062 
2370,-6.641 
2370,-28.516 
2370,-30.932 
2370,-28.271 
2370,-41.625 
2370,108.062 
2371,-7.812 
2371,-10.417 
2371,-7.682 
2371,-36.229 
2371,-36.083 
2371,109.104 
2372,-7.812 
2372,-10.417 
2372,-35.432 
2372,-28.141 
2372,-30.542 
2372,119.146 
2373,-7.812 
2373,-18.766 
2373,-12.182 
2373,-13.891 
2373,-11.141 
2373,128.146 
2374,-7.812 
2374,-10.417 
2374,-33.146 
2374,-46.167 
2374,-34.057 
2374,105.979 
2375,-6.641 
2375,-9.766 
2375,-26.432 
2375,-19.141 
2375,-24.641 
2375,101.146 
2376,-7.812 
2376,-28.516 
2376,-26.042 
2376,-32.771 
2376,-41.625 
2376,107.312 
2377,-6.641 
2377,-28.516 
2377,-35.432 
2377,-28.141 
2377,-7.292 
2377,126.062 
2378,-6.641 
2378,-28.516 
2378,-39.932 
2378,-42.521 
2378,-39.542 
2378,101.146 
2379,-7.812 
2379,-31.250 
2379,-37.646 
2379,-25.333 
2379,-31.974 
2379,80.312 
2380,-6.641 
2380,-8.854 
2380,-11.792 
2380,-32.771 
2380,-37.125 
2380,108.062 
2381,-7.812 
2381,-18.766 
2381,-16.682 
2381,-28.141 
2381,-30.542 
2381,80.312 
2382,-7.812 
2382,-18.766 
2382,-16.682 
2382,-0.521 
2382,-16.292 
2382,108.062 
2383,-7.812 
2383,-31.250 
2383,-33.146 
2383,-25.724 
2383,-45.083 
2383,109.104 
2384,-7.812 
2384,-14.917 
2384,-33.146 
2384,-25.333 
2384,-35.724 
2384,100.104 
2385,-7.812 
2385,-10.417 
2385,-33.146 
2385,-25.724 
2385,-37.125 
2385,107.312 
2386,-7.812 
2386,-28.516 
2386,-30.932 
2386,-23.771 
2386,-37.125 
2386,107.312 
2387,-7.812 
2387,-10.417 
2387,-16.812 
2387,-23.641 
2387,-31.974 
2387,80.312 
2388,-7.812 
2388,-14.917 
2388,-12.312 
2388,-25.333 
2388,-35.724 
2388,99.062 
2389,-6.641 
2389,-8.854 
2389,-16.292 
2389,-9.521 
2389,-20.792 
2389,119.146 
2390,-6.641 
2390,-9.766 
2390,-21.182 
2390,-19.271 
2390,-41.625 
2390,108.062 
2391,-7.812 
2391,-14.917 
2391,-26.432 
2391,-44.474 
2391,-31.974 
2391,107.312 
2392,-7.812 
2392,-14.917 
2392,-35.432 
2392,-23.771 
2392,-39.542 
2392,101.146 
2393,-7.812 
2393,-31.250 
2393,-37.516 
2393,-44.474 
2393,-32.625 
2393,126.062 
2394,-7.812 
2394,-10.417 
2394,-33.146 
2394,-39.224 
2394,-13.875 
2394,105.979 
2395,-7.812 
2395,-14.917 
2395,-12.312 
2395,-37.141 
2395,-40.974 
2395,80.312 
2396,-6.641 
2396,-28.516 
2396,-26.432 
2396,-37.271 
2396,-37.125 
2396,80.312 
2397,-7.812 
2397,-14.917 
2397,-12.182 
2397,-25.724 
2397,-46.125 
2397,80.312 
2398,-7.812 
2398,-31.250 
2398,-33.016 
2398,-25.724 
2398,-37.125 
2398,126.062 
2399,-7.812 
2399,-31.250 
2399,-46.516 
2399,-39.062 
2399,-36.083 
2399,88.271 
2400,-7.812 
2400,-28.516 
2400,-39.932 
2400,-32.641 
2400,-30.542 
2400,80.312 
2401,-7.812 
2401,-18.766 
2401,-16.682 
2401,-25.724 
2401,-22.224 
2401,108.062 
2402,-7.812 
2402,-9.766 
2402,-21.182 
2402,-13.891 
2402,-11.792 
2402,99.062 
2403,-7.812 
2403,-10.417 
2403,-28.646 
2403,-39.974 
2403,-45.474 
2403,99.062 
2404,-6.641 
2404,-28.516 
2404,-30.932 
2404,-23.641 
2404,-25.292 
2404,128.146 
2405,-7.812 
2405,-14.917 
2405,-28.646 
2405,-25.333 
2405,-13.224 
2405,109.104 
2406,-6.641 
2406,-9.766 
2406,-16.292 
2406,-19.271 
2406,-37.125 
2406,126.062 
2407,-7.812 
2407,-10.417 
2407,-28.646 
2407,-34.333 
2407,-13.224 
2407,100.104 
2408,-6.641 
2408,-9.766 
2408,-33.016 
2408,-44.474 
2408,-31.974 
2408,108.062 
2409,-7.812 
2409,-31.250 
2409,-37.646 
2409,-39.224 
2409,-22.224 
2409,108.062 
2410,-6.641 
2410,-28.516 
2410,-35.042 
2410,-38.021 
2410,-35.042 
2410,107.312 
2411,-7.812 
2411,-9.766 
2411,-33.016 
2411,-25.724 
2411,-31.974 
2411,107.312 
2412,-7.812 
2412,-31.250 
2412,-33.146 
2412,-39.224 
2412,-43.057 
2412,88.271 
2413,-6.641 
2413,-8.854 
2413,-30.542 
2413,-32.771 
2413,-20.792 
2413,99.062 
2414,-7.812 
2414,-14.917 
2414,-33.146 
2414,-25.724 
2414,-13.224 
2414,100.104 
2415,-7.812 
2415,-14.917 
2415,-28.646 
2415,-39.224 
2415,-31.974 
2415,107.312 
2416,-6.641 
2416,-9.766 
2416,-37.516 
2416,-25.854 
2416,-41.625 
2416,107.312 
2417,-7.812 
2417,-9.766 
2417,-33.016 
2417,-25.724 
2417,-45.083 
2417,88.271 
2418,-7.812 
2418,-28.516 
2418,-35.432 
2418,-23.641 
2418,-31.974 
2418,99.062 
2419,-6.641 
2419,-18.766 
2419,-16.682 
2419,-19.141 
2419,-36.474 
2419,107.312 
2420,-6.641 
2420,-9.766 
2420,-26.042 
2420,-32.771 
2420,-41.625 
2420,108.062 
2421,-6.641 
2421,-8.854 
2421,-16.292 
2421,-28.271 
2421,-20.792 
2421,99.062 
2422,-6.641 
2422,-8.854 
2422,-11.792 
2422,-23.771 
2422,-39.542 
2422,119.146 
2423,-7.812 
2423,-10.417 
2423,-7.812 
2423,-19.141 
2423,-44.042 
2423,119.146 
2424,-7.812 
2424,-14.917 
2424,-12.182 
2424,-25.724 
2424,-13.224 
2424,99.062 
2425,-7.812 
2425,-14.917 
2425,-16.682 
2425,-5.021 
2425,-22.875 
2425,105.979 
2426,-7.812 
2426,-18.766 
2426,-16.682 
2426,-9.391 
2426,-7.292 
2426,108.062 
2427,-6.641 
2427,-18.766 
2427,-16.682 
2427,-18.229 
2427,-19.750 
2427,109.104 
2428,-6.641 
2428,-18.766 
2428,-12.182 
2428,-5.021 
2428,-22.875 
2428,117.062 
2429,-7.812 
2429,-9.766 
2429,-28.516 
2429,-39.354 
2429,-28.125 
2429,107.312 
2430,-7.812 
2430,-18.766 
2430,-16.682 
2430,-18.229 
2430,-36.083 
2430,88.271 
2431,-7.812 
2431,-18.766 
2431,-30.932 
2431,-32.641 
2431,-30.542 
2431,101.146 
2432,-6.641 
2432,-18.766 
2432,-12.182 
2432,-22.729 
2432,-40.583 
2432,88.271 
2433,-7.812 
2433,-10.417 
2433,-25.682 
2433,-30.224 
2433,-28.125 
2433,99.062 
2434,-7.812 
2434,-10.417 
2434,-33.146 
2434,-44.474 
2434,-46.125 
2434,107.312 
2435,-6.641 
2435,-8.854 
2435,-35.042 
2435,-47.021 
2435,-39.542 
2435,101.146 
2436,-7.812 
2436,-28.516 
2436,-26.432 
2436,-39.974 
2436,-55.125 
2436,80.312 
2437,-7.812 
2437,-31.250 
2437,-28.516 
2437,-57.062 
2437,-40.583 
2437,88.271 
2438,-6.641 
2438,-9.766 
2438,-34.000 
2438,-48.062 
2438,-40.583 
2438,88.271 
2439,-6.641 
2439,-9.766 
2439,-26.432 
2439,-19.141 
2439,-40.974 
2439,107.312 
2440,-7.812 
2440,-14.917 
2440,-12.312 
2440,-25.333 
2440,-35.724 
2440,99.062 
2441,-7.812 
2441,-31.250 
2441,-33.146 
2441,-25.333 
2441,-31.974 
2441,107.312 
2442,-7.812 
2442,-28.516 
2442,-35.432 
2442,-23.641 
2442,-25.292 
2442,119.146 
2443,-7.812 
2443,-10.417 
2443,-28.646 
2443,-39.974 
2443,-55.125 
2443,80.312 
2444,-7.812 
2444,-10.417 
2444,-28.646 
2444,-39.974 
2444,-55.125 
2444,99.062 
2445,-6.641 
2445,-18.766 
2445,-16.682 
2445,-0.521 
2445,-18.375 
2445,108.062 
2446,-7.812 
2446,-10.417 
2446,-26.432 
2446,-32.641 
2446,-31.974 
2446,80.312 
2447,-6.641 
2447,-18.766 
2447,-37.516 
2447,-30.224 
2447,-38.557 
2447,105.979 
2448,-7.812 
2448,-18.766 
2448,-12.182 
2448,-22.729 
2448,-36.083 
2448,109.104 
2449,-7.812 
2449,-10.417 
2449,-33.146 
2449,-46.167 
2449,-34.057 
2449,105.979 
2450,-7.812 
2450,-14.266 
2450,-28.516 
2450,-25.724 
2450,-27.375 
2450,105.979 
2451,-7.812 
2451,-9.766 
2451,-30.932 
2451,-48.974 
2451,-32.625 
2451,126.062 
2452,-7.812 
2452,-14.917 
2452,-28.646 
2452,-48.974 
2452,-40.974 
2452,126.062 
2453,-7.812 
2453,-9.766 
2453,-29.500 
2453,-48.062 
2453,-40.583 
2453,88.271 
2454,-7.812 
2454,-18.766 
2454,-7.292 
2454,-28.271 
2454,-20.792 
2454,119.146 
2455,-6.641 
2455,-26.562 
2455,-34.000 
2455,-27.229 
2455,-36.083 
2455,109.104 
2456,-7.812 
2456,-14.917 
2456,-16.682 
2456,-34.724 
2456,-38.557 
2456,88.271 
2457,-7.812 
2457,-28.516 
2457,-35.042 
2457,-28.271 
2457,-37.125 
2457,107.312 
2458,-6.641 
2458,-26.562 
2458,-34.000 
2458,-27.229 
2458,-36.083 
2458,100.104 
2459,-7.812 
2459,-10.417 
2459,-33.146 
2459,-48.974 
2459,-32.625 
2459,126.062 
2460,-6.641 
2460,-8.854 
2460,-26.042 
2460,-28.271 
2460,-35.042 
2460,107.312 
2461,-7.812 
2461,-31.250 
2461,-37.516 
2461,-34.724 
2461,-22.224 
2461,108.062 
2462,-6.641 
2462,-9.766 
2462,-16.292 
2462,-23.771 
2462,-41.625 
2462,108.062 
2463,-7.812 
2463,-28.516 
2463,-35.432 
2463,-19.271 
2463,-20.792 
2463,126.062 
2464,-6.641 
2464,-9.766 
2464,-7.682 
2464,-0.391 
2464,-25.292 
2464,126.062 
2465,-6.641 
2465,-8.854 
2465,-26.042 
2465,-47.021 
2465,-35.042 
2465,119.146 
2466,-7.812 
2466,-14.917 
2466,-26.432 
2466,-32.641 
2466,-20.141 
2466,119.146 
2467,-7.812 
2467,-31.250 
2467,-33.146 
2467,-39.224 
2467,-13.875 
2467,105.979 
2468,-6.641 
2468,-18.766 
2468,-26.432 
2468,-48.974 
2468,-40.974 
2468,117.062 
2469,-7.812 
2469,-31.250 
2469,-37.516 
2469,-25.854 
2469,-41.625 
2469,107.312 
2470,-7.812 
2470,-10.417 
2470,-25.682 
2470,-9.391 
2470,-17.724 
2470,108.062 
2471,-6.641 
2471,-18.766 
2471,-12.182 
2471,-19.271 
2471,-41.625 
2471,108.062 
2472,-7.812 
2472,-18.766 
2472,-25.000 
2472,-27.229 
2472,-36.083 
2472,88.271 
2473,-6.641 
2473,-8.854 
2473,-35.042 
2473,-28.271 
2473,-20.792 
2473,119.146 
2474,-6.641 
2474,-14.266 
2474,-7.292 
2474,-14.021 
2474,-11.792 
2474,119.146 
2475,-6.641 
2475,-9.766 
2475,-7.682 
2475,-30.224 
2475,-27.375 
2475,105.979 
2476,-6.641 
2476,-9.766 
2476,-21.182 
2476,-13.891 
2476,-17.724 
2476,108.062 
2477,-6.641 
2477,-9.766 
2477,-7.682 
2477,-28.271 
2477,-35.042 
2477,128.146 
2478,-7.812 
2478,-9.766 
2478,-21.182 
2478,-13.891 
2478,-22.224 
2478,99.062 
2479,-7.812 
2479,-14.917 
2479,-12.312 
2479,-28.141 
2479,-26.042 
2479,107.312 
2480,-6.641 
2480,-28.516 
2480,-26.042 
2480,-32.771 
2480,-30.542 
2480,128.146 
2481,-6.641 
2481,-28.516 
2481,-35.432 
2481,-28.141 
2481,-7.292 
2481,128.146 
2482,-7.812 
2482,-31.250 
2482,-33.146 
2482,-46.167 
2482,-34.057 
2482,88.271 
2483,-7.812 
2483,-10.417 
2483,-33.146 
2483,-39.224 
2483,-32.625 
2483,108.062 
2484,-7.812 
2484,-9.766 
2484,-26.432 
2484,-19.141 
2484,-44.042 
2484,107.312 
2485,-7.812 
2485,-18.766 
2485,-12.182 
2485,-23.641 
2485,-20.141 
2485,119.146 
2486,-6.641 
2486,-28.516 
2486,-35.432 
2486,-28.141 
2486,-20.141 
2486,119.146 
2487,-7.812 
2487,-14.266 
2487,-30.932 
2487,-39.974 
2487,-31.974 
2487,107.312 
2488,-7.812 
2488,-31.250 
2488,-28.646 
2488,-34.333 
2488,-31.974 
2488,99.062 
2489,-7.812 
2489,-14.917 
2489,-33.146 
2489,-41.667 
2489,-34.057 
2489,105.979 
2490,-7.812 
2490,-10.417 
2490,-7.812 
2490,-37.141 
2490,-36.474 
2490,126.062 
2491,-7.812 
2491,-9.766 
2491,-21.182 
2491,-22.729 
2491,-36.083 
2491,109.104 
2492,-7.812 
2492,-14.917 
2492,-33.146 
2492,-39.974 
2492,-46.125 
2492,107.312 
2493,-7.812 
2493,-10.417 
2493,-7.682 
2493,-21.224 
2493,-36.375 
2493,108.062 
2494,-7.812 
2494,-14.917 
2494,-12.182 
2494,-25.724 
2494,-45.083 
2494,100.104 
2495,-7.812 
2495,-9.766 
2495,-26.432 
2495,-19.141 
2495,-24.641 
2495,119.146 
2496,-7.812 
2496,-31.250 
2496,-33.146 
2496,-25.333 
2496,-31.974 
2496,107.312 
2497,-6.641 
2497,-28.516 
2497,-30.932 
2497,-48.974 
2497,-32.625 
2497,107.312 
2498,-7.812 
2498,-14.266 
2498,-30.932 
2498,-39.974 
2498,-46.125 
2498,107.312 
2499,-7.812 
2499,-28.516 
2499,-30.932 
2499,-28.271 
2499,-30.542 
2499,128.146 
2500,-6.641 
2500,-28.516 
2500,-39.932 
2500,-42.521 
2500,-39.542 
2500,101.146 
2501,-6.641 
2501,-18.766 
2501,-26.042 
2501,-38.021 
2501,-39.542 
2501,107.312 
2502,-7.812 
2502,-10.417 
2502,-25.682 
2502,-19.271 
2502,-16.292 
2502,108.062 
2503,-7.812 
2503,-14.917 
2503,-35.432 
2503,-23.771 
2503,-41.625 
2503,99.062 
2504,-7.812 
2504,-10.417 
2504,-33.146 
2504,-25.333 
2504,-35.724 
2504,108.062 
2505,-7.812 
2505,-18.766 
2505,-30.932 
2505,-53.474 
2505,-40.974 
2505,99.062 
2506,-7.812 
2506,-18.766 
2506,-16.682 
2506,-19.271 
2506,-37.125 
2506,107.312 
2507,-7.812 
2507,-14.917 
2507,-12.312 
2507,-25.333 
2507,-27.474 
2507,107.312 
2508,-6.641 
2508,-8.854 
2508,-16.292 
2508,-19.271 
2508,-35.042 
2508,107.312 
2509,-7.812 
2509,-10.417 
2509,-35.432 
2509,-28.141 
2509,-40.974 
2509,117.062 
2510,-7.812 
2510,-18.766 
2510,-26.432 
2510,-28.141 
2510,-26.042 
2510,107.312 
2511,-7.812 
2511,-14.917 
2511,-35.432 
2511,-23.771 
2511,-41.625 
2511,99.062 
2512,-7.812 
2512,-18.766 
2512,-7.292 
2512,-28.271 
2512,-41.625 
2512,99.062 
2513,-6.641 
2513,-18.766 
2513,-12.182 
2513,-34.724 
2513,-31.583 
2513,100.104 
2514,-6.641 
2514,-18.766 
2514,-26.432 
2514,-19.271 
2514,-16.292 
2514,128.146 
2515,-6.641 
2515,-28.516 
2515,-35.042 
2515,-28.271 
2515,-30.542 
2515,107.312 
2516,-7.812 
2516,-28.516 
2516,-26.042 
2516,-32.771 
2516,-30.542 
2516,128.146 
2517,-6.641 
2517,-9.766 
2517,-7.682 
2517,-13.891 
2517,-16.292 
2517,117.062 
2518,-6.641 
2518,-8.854 
2518,-30.542 
2518,-51.521 
2518,-39.542 
2518,101.146 
2519,-7.812 
2519,-28.516 
2519,-30.932 
2519,-44.474 
2519,-46.125 
2519,108.062 
2520,-7.812 
2520,-14.917 
2520,-12.182 
2520,-25.724 
2520,-27.375 
2520,117.062 
2521,-6.641 
2521,-8.854 
2521,-26.042 
2521,-28.271 
2521,-35.042 
2521,107.312 
2522,-7.812 
2522,-18.766 
2522,-30.932 
2522,-32.641 
2522,-40.974 
2522,99.062 
2523,-7.812 
2523,-10.417 
2523,-16.812 
2523,-19.141 
2523,-35.042 
2523,128.146 
2524,-7.812 
2524,-14.917 
2524,-12.182 
2524,-21.224 
2524,-45.083 
2524,109.104 
2525,-6.641 
2525,-18.766 
2525,-37.516 
2525,-21.354 
2525,-18.375 
2525,105.979 
2526,-6.641 
2526,-28.516 
2526,-30.932 
2526,-48.974 
2526,-32.625 
2526,107.312 
2527,-7.812 
2527,-9.766 
2527,-16.292 
2527,-30.354 
2527,-37.125 
2527,107.312 
2528,-6.641 
2528,-14.266 
2528,-7.292 
2528,-23.771 
2528,-37.125 
2528,126.062 
2529,-6.641 
2529,-28.516 
2529,-26.432 
2529,-48.974 
2529,-31.974 
2529,107.312 
2530,-6.641 
2530,-28.516 
2530,-39.932 
2530,-53.474 
2530,-40.974 
2530,99.062 
2531,-6.641 
2531,-18.766 
2531,-16.682 
2531,-9.391 
2531,-17.724 
2531,108.062 
2532,-6.641 
2532,-9.766 
2532,-11.792 
2532,-30.354 
2532,-41.625 
2532,107.312 
2533,-7.812 
2533,-14.917 
2533,-30.932 
2533,-23.641 
2533,-25.292 
2533,108.062 
2534,-7.812 
2534,-10.417 
2534,-16.812 
2534,-28.141 
2534,-26.042 
2534,107.312 
2535,-6.641 
2535,-9.766 
2535,-21.182 
2535,-22.729 
2535,-19.750 
2535,100.104 
2536,-7.812 
2536,-18.766 
2536,-16.682 
2536,-30.224 
2536,-38.557 
2536,88.271 
2537,-7.812 
2537,-9.766 
2537,-7.682 
2537,-19.141 
2537,-34.292 
2537,108.062 
2538,-7.812 
2538,-14.917 
2538,-16.682 
2538,-34.724 
2538,-22.224 
2538,100.104 
2539,-7.812 
2539,-9.766 
2539,-16.682 
2539,-25.724 
2539,-46.125 
2539,99.062 
2540,-6.641 
2540,-9.766 
2540,-11.792 
2540,-23.771 
2540,-37.125 
2540,107.312 
2541,-7.812 
2541,-10.417 
2541,-28.646 
2541,-48.224 
2541,-22.224 
2541,108.062 
2542,-6.641 
2542,-18.766 
2542,-16.682 
2542,-9.391 
2542,-22.224 
2542,108.062 
2543,-7.812 
2543,-9.766 
2543,-7.682 
2543,-28.271 
2543,-37.125 
2543,107.312 
2544,-6.641 
2544,-9.766 
2544,-7.682 
2544,-28.141 
2544,-11.141 
2544,128.146 
2545,-6.641 
2545,-26.562 
2545,-34.000 
2545,-43.562 
2545,-40.583 
2545,88.271 
2546,-6.641 
2546,-26.562 
2546,-34.000 
2546,-27.229 
2546,-36.083 
2546,100.104 
2547,-7.812 
2547,-14.266 
2547,-12.182 
2547,-25.724 
2547,-29.557 
2547,105.979 
2548,-7.812 
2548,-9.766 
2548,-16.292 
2548,-9.521 
2548,-22.875 
2548,117.062 
2549,-6.641 
2549,-9.766 
2549,-16.292 
2549,-9.521 
2549,-16.292 
2549,108.062 
2550,-7.812 
2550,-14.917 
2550,-12.182 
2550,-19.271 
2550,-20.792 
2550,126.062 
2551,-7.812 
2551,-14.266 
2551,-12.182 
2551,-25.724 
2551,-27.375 
2551,99.062 
2552,-7.812 
2552,-10.417 
2552,-7.812 
2552,-19.141 
2552,-24.641 
2552,101.146 
2553,-6.641 
2553,-9.766 
2553,-7.682 
2553,-21.224 
2553,-46.125 
2553,107.312 
2554,-6.641 
2554,-9.766 
2554,-21.182 
2554,-19.271 
2554,-20.792 
2554,108.062 
2555,-7.812 
2555,-10.417 
2555,-7.812 
2555,-19.141 
2555,-44.042 
2555,119.146 
2556,-7.812 
2556,-10.417 
2556,-7.812 
2556,-19.141 
2556,-34.292 
2556,108.062 
2557,-7.812 
2557,-14.917 
2557,-26.432 
2557,-32.641 
2557,-30.542 
2557,107.312 
2558,-7.812 
2558,-14.917 
2558,-16.682 
2558,-5.021 
2558,-18.375 
2558,105.979 
2559,-6.641 
2559,-18.766 
2559,-16.682 
2559,-25.724 
2559,-31.583 
2559,88.271 
2560,-6.641 
2560,-26.562 
2560,-34.000 
2560,-27.229 
2560,-36.083 
2560,100.104 
2561,-7.812 
2561,-14.917 
2561,-28.646 
2561,-25.333 
2561,-45.474 
2561,126.062 
2562,-7.812 
2562,-28.516 
2562,-26.042 
2562,-28.271 
2562,-37.125 
2562,117.062 
2563,-6.641 
2563,-26.562 
2563,-29.500 
2563,-31.729 
2563,-40.583 
2563,100.104 
2564,-7.812 
2564,-14.917 
2564,-12.312 
2564,-23.641 
2564,-35.042 
2564,107.312 
2565,-7.812 
2565,-9.766 
2565,-16.292 
2565,-19.271 
2565,-35.042 
2565,119.146 
2566,-7.812 
2566,-14.917 
2566,-12.312 
2566,-4.891 
2566,-13.224 
2566,99.062 
2567,-7.812 
2567,-31.250 
2567,-33.016 
2567,-25.724 
2567,-13.224 
2567,126.062 
2568,-6.641 
2568,-8.854 
2568,-16.292 
2568,-9.521 
2568,-18.375 
2568,99.062 
2569,-6.641 
2569,-28.516 
2569,-26.042 
2569,-47.021 
2569,-35.042 
2569,107.312 
2570,-6.641 
2570,-8.854 
2570,-26.042 
2570,-28.271 
2570,-35.042 
2570,128.146 
2571,-6.641 
2571,-14.266 
2571,-26.042 
2571,-32.771 
2571,-20.792 
2571,99.062 
2572,-7.812 
2572,-14.917 
2572,-12.182 
2572,-25.724 
2572,-45.083 
2572,100.104 
2573,-7.812 
2573,-14.917 
2573,-12.182 
2573,-19.271 
2573,-39.542 
2573,119.146 
2574,-7.812 
2574,-14.917 
2574,-12.312 
2574,-19.141 
2574,-31.974 
2574,108.062 
2575,-6.641 
2575,-26.562 
2575,-34.000 
2575,-27.229 
2575,-36.083 
2575,100.104 
2576,-7.812 
2576,-14.266 
2576,-7.292 
2576,-32.771 
2576,-20.792 
2576,108.062 
2577,-7.812 
2577,-14.917 
2577,-16.682 
2577,-13.891 
2577,-7.292 
2577,108.062 
2578,-7.812 
2578,-28.516 
2578,-35.432 
2578,-23.641 
2578,-11.141 
2578,119.146 
2579,-6.641 
2579,-18.766 
2579,-7.292 
2579,-9.521 
2579,-18.375 
2579,126.062 
2580,-7.812 
2580,-14.917 
2580,-26.432 
2580,-44.474 
2580,-31.974 
2580,107.312 
2581,-6.641 
2581,-9.766 
2581,-16.682 
2581,-23.641 
2581,-44.042 
2581,80.312 
2582,-7.812 
2582,-10.417 
2582,-33.146 
2582,-25.333 
2582,-45.474 
2582,126.062 
2583,-6.641 
2583,-14.266 
2583,-28.516 
2583,-25.724 
2583,-27.375 
2583,108.062 
2584,-6.641 
2584,-18.766 
2584,-12.182 
2584,-23.641 
2584,-36.474 
2584,107.312 
2585,-7.812 
2585,-10.417 
2585,-7.812 
2585,-19.141 
2585,-44.042 
2585,107.312 
2586,-7.812 
2586,-14.917 
2586,-35.432 
2586,-32.641 
2586,-40.974 
2586,80.312 
2587,-6.641 
2587,-8.854 
2587,-16.292 
2587,-19.271 
2587,-35.042 
2587,128.146 
2588,-7.812 
2588,-9.766 
2588,-37.516 
2588,-34.724 
2588,-32.625 
2588,108.062 
2589,-7.812 
2589,-31.250 
2589,-37.646 
2589,-41.667 
2589,-56.557 
2589,88.271 
2590,-7.812 
2590,-14.917 
2590,-33.146 
2590,-25.724 
2590,-46.125 
2590,80.312 
2591,-7.812 
2591,-28.516 
2591,-39.932 
2591,-23.771 
2591,-41.625 
2591,80.312 
2592,-7.812 
2592,-10.417 
2592,-7.682 
2592,-0.391 
2592,-25.292 
2592,126.062 
2593,-6.641 
2593,-9.766 
2593,-16.292 
2593,-28.271 
2593,-39.542 
2593,80.312 
2594,-7.812 
2594,-14.266 
2594,-25.000 
2594,-48.062 
2594,-40.583 
2594,88.271 
2595,-7.812 
2595,-10.417 
2595,-35.432 
2595,-48.974 
2595,-40.974 
2595,117.062 
2596,-7.812 
2596,-31.250 
2596,-46.516 
2596,-30.224 
2596,-22.224 
2596,99.062 
2597,-7.812 
2597,-14.917 
2597,-26.432 
2597,-23.641 
2597,-25.292 
2597,108.062 
2598,-7.812 
2598,-9.766 
2598,-7.682 
2598,-28.271 
2598,-35.042 
2598,119.146 
2599,-7.812 
2599,-10.417 
2599,-7.682 
2599,-28.271 
2599,-35.042 
2599,107.312 
2600,-7.812 
2600,-18.766 
2600,-16.682 
2600,-25.724 
2600,-31.974 
2600,107.312 
2601,-7.812 
2601,-28.516 
2601,-26.042 
2601,-47.021 
2601,-35.042 
2601,119.146 
2602,-7.812 
2602,-9.766 
2602,-34.000 
2602,-43.562 
2602,-40.583 
2602,88.271 
2603,-7.812 
2603,-18.766 
2603,-26.432 
2603,-38.021 
2603,-39.542 
2603,119.146 
2604,-6.641 
2604,-18.766 
2604,-12.182 
2604,-23.771 
2604,-20.792 
2604,119.146 
2605,-7.812 
2605,-28.516 
2605,-39.932 
2605,-23.771 
2605,-41.625 
2605,80.312 
2606,-6.641 
2606,-28.516 
2606,-35.432 
2606,-38.021 
2606,-35.042 
2606,119.146 
2607,-7.812 
2607,-28.516 
2607,-35.432 
2607,-28.271 
2607,-20.792 
2607,108.062 
2608,-7.812 
2608,-14.917 
2608,-30.932 
2608,-23.641 
2608,-44.042 
2608,80.312 
2609,-7.812 
2609,-14.266 
2609,-12.182 
2609,-27.229 
2609,-19.750 
2609,100.104 
2610,-7.812 
2610,-14.266 
2610,-26.042 
2610,-32.771 
2610,-39.542 
2610,101.146 
2611,-6.641 
2611,-9.766 
2611,-30.932 
2611,-48.974 
2611,-32.625 
2611,107.312 
2612,-7.812 
2612,-9.766 
2612,-7.682 
2612,-18.521 
2612,-18.375 
2612,108.062 
2613,-7.812 
2613,-28.516 
2613,-35.432 
2613,-28.141 
2613,-40.974 
2613,107.312 
2614,-7.812 
2614,-10.417 
2614,-7.682 
2614,-28.271 
2614,-20.792 
2614,117.062 
2615,-7.812 
2615,-31.250 
2615,-46.516 
2615,-21.354 
2615,-18.375 
2615,99.062 
2616,-7.812 
2616,-31.250 
2616,-28.646 
2616,-50.667 
2616,-34.057 
2616,105.979 
2617,-7.812 
2617,-18.766 
2617,-26.432 
2617,-28.141 
2617,-20.141 
2617,119.146 
2618,-7.812 
2618,-10.417 
2618,-25.682 
2618,-19.141 
2618,-36.474 
2618,126.062 
2619,-6.641 
2619,-18.766 
2619,-26.432 
2619,-44.474 
2619,-32.625 
2619,126.062 
2620,-6.641 
2620,-26.562 
2620,-34.000 
2620,-27.229 
2620,-40.583 
2620,100.104 
2621,-7.812 
2621,-10.417 
2621,-7.812 
2621,-29.833 
2621,-45.474 
2621,107.312 
2622,-7.812 
2622,-31.250 
2622,-33.146 
2622,-25.724 
2622,-31.974 
2622,107.312 
2623,-7.812 
2623,-31.250 
2623,-46.516 
2623,-30.224 
2623,-31.974 
2623,107.312 
2624,-6.641 
2624,-28.516 
2624,-26.432 
2624,-47.021 
2624,-35.042 
2624,107.312 
2625,-6.641 
2625,-8.854 
2625,-16.292 
2625,-9.521 
2625,-16.292 
2625,108.062 
2626,-6.641 
2626,-9.766 
2626,-37.516 
2626,-25.854 
2626,-32.625 
2626,126.062 
2627,-6.641 
2627,-18.766 
2627,-7.292 
2627,-28.271 
2627,-26.042 
2627,119.146 
2628,-7.812 
2628,-31.250 
2628,-37.516 
2628,-34.724 
2628,-31.974 
2628,126.062 
2629,-6.641 
2629,-9.766 
2629,-16.682 
2629,-28.271 
2629,-39.542 
2629,101.146 
2630,-7.812 
2630,-14.917 
2630,-12.312 
2630,-23.641 
2630,-35.042 
2630,119.146 
2631,-7.812 
2631,-31.250 
2631,-37.516 
2631,-44.474 
2631,-32.625 
2631,126.062 
2632,-6.641 
2632,-28.516 
2632,-30.932 
2632,-32.641 
2632,-20.141 
2632,128.146 
2633,-7.812 
2633,-18.766 
2633,-16.682 
2633,-28.141 
2633,-30.542 
2633,80.312 
2634,-7.812 
2634,-9.766 
2634,-16.292 
2634,-30.354 
2634,-18.375 
2634,108.062 
2635,-7.812 
2635,-14.917 
2635,-26.432 
2635,-32.641 
2635,-36.474 
2635,107.312 
2636,-7.812 
2636,-18.766 
2636,-16.682 
2636,-18.229 
2636,-36.083 
2636,100.104 
2637,-6.641 
2637,-28.516 
2637,-30.932 
2637,-38.021 
2637,-39.542 
2637,107.312 
2638,-7.812 
2638,-10.417 
2638,-7.682 
2638,-0.391 
2638,-25.292 
2638,128.146 
2639,-6.641 
2639,-8.854 
2639,-16.292 
2639,-23.771 
2639,-20.792 
2639,128.146 
2640,-7.812 
2640,-14.917 
2640,-35.432 
2640,-32.641 
2640,-11.792 
2640,99.062 
2641,-6.641 
2641,-28.516 
2641,-26.432 
2641,-48.974 
2641,-46.125 
2641,108.062 
2642,-6.641 
2642,-28.516 
2642,-35.042 
2642,-38.021 
2642,-39.542 
2642,119.146 
2643,-6.641 
2643,-9.766 
2643,-7.682 
2643,-30.224 
2643,-45.083 
2643,88.271 
2644,-7.812 
2644,-10.417 
2644,-16.812 
2644,-25.333 
2644,-27.474 
2644,108.062 
2645,-7.812 
2645,-14.917 
2645,-26.432 
2645,-32.641 
2645,-26.042 
2645,128.146 
2646,-7.812 
2646,-9.766 
2646,-30.932 
2646,-32.641 
2646,-20.141 
2646,119.146 
2647,-7.812 
2647,-31.250 
2647,-33.146 
2647,-39.224 
2647,-43.057 
2647,105.979 
2648,-7.812 
2648,-28.516 
2648,-30.932 
2648,-44.474 
2648,-31.974 
2648,108.062 
2649,-7.812 
2649,-10.417 
2649,-7.682 
2649,-21.224 
2649,-26.724 
2649,117.062 
2650,-6.641 
2650,-9.766 
2650,-26.432 
2650,-19.141 
2650,-44.042 
2650,119.146 
2651,-6.641 
2651,-9.766 
2651,-7.682 
2651,-30.224 
2651,-27.375 
2651,105.979 
2652,-6.641 
2652,-28.516 
2652,-35.432 
2652,-19.271 
2652,-35.042 
2652,107.312 
2653,-7.812 
2653,-10.417 
2653,-16.812 
2653,-23.641 
2653,-27.474 
2653,107.312 
2654,-7.812 
2654,-31.250 
2654,-28.516 
2654,-39.354 
2654,-37.125 
2654,99.062 
2655,-7.812 
2655,-10.417 
2655,-26.432 
2655,-47.021 
2655,-39.542 
2655,107.312 
2656,-6.641 
2656,-18.766 
2656,-26.042 
2656,-28.271 
2656,-20.792 
2656,99.062 
2657,-7.812 
2657,-10.417 
2657,-33.146 
2657,-46.167 
2657,-56.557 
2657,105.979 
2658,-7.812 
2658,-10.417 
2658,-26.432 
2658,-19.141 
2658,-44.042 
2658,119.146 
2659,-7.812 
2659,-10.417 
2659,-16.812 
2659,-20.833 
2659,-35.724 
2659,109.104 
2660,-6.641 
2660,-18.766 
2660,-16.682 
2660,-30.224 
2660,-9.375 
2660,105.979 
2661,-6.641 
2661,-28.516 
2661,-26.432 
2661,-39.974 
2661,-45.474 
2661,99.062 
2662,-6.641 
2662,-18.766 
2662,-25.000 
2662,-27.229 
2662,-40.583 
2662,100.104 
2663,-7.812 
2663,-9.766 
2663,-21.182 
2663,-5.021 
2663,-22.875 
2663,105.979 
2664,-7.812 
2664,-14.917 
2664,-12.182 
2664,-21.224 
2664,-34.057 
2664,105.979 
2665,-7.812 
2665,-9.766 
2665,-26.432 
2665,-48.974 
2665,-46.125 
2665,107.312 
2666,-7.812 
2666,-9.766 
2666,-33.016 
2666,-25.724 
2666,-45.083 
2666,88.271 
2667,-6.641 
2667,-14.266 
2667,-12.182 
2667,-9.521 
2667,-22.875 
2667,117.062 
2668,-7.812 
2668,-10.417 
2668,-28.646 
2668,-48.224 
2668,-27.083 
2668,88.271 
2669,-7.812 
2669,-9.766 
2669,-16.682 
2669,-25.724 
2669,-27.375 
2669,99.062 
2670,-7.812 
2670,-14.917 
2670,-26.432 
2670,-23.771 
2670,-39.542 
2670,107.312 
2671,-7.812 
2671,-9.766 
2671,-26.042 
2671,-28.271 
2671,-37.125 
2671,126.062 
2672,-7.812 
2672,-28.516 
2672,-26.432 
2672,-19.141 
2672,-44.042 
2672,119.146 
2673,-7.812 
2673,-14.266 
2673,-12.182 
2673,-23.641 
2673,-27.474 
2673,107.312 
2674,-7.812 
2674,-18.766 
2674,-7.292 
2674,-19.271 
2674,-37.125 
2674,107.312 
2675,-6.641 
2675,-28.516 
2675,-35.432 
2675,-23.641 
2675,-44.042 
2675,101.146 
2676,-6.641 
2676,-26.562 
2676,-34.000 
2676,-27.229 
2676,-36.083 
2676,100.104 
2677,-6.641 
2677,-28.516 
2677,-35.432 
2677,-44.474 
2677,-32.625 
2677,107.312 
2678,-6.641 
2678,-18.766 
2678,-30.932 
2678,-32.641 
2678,-40.974 
2678,99.062 
2679,-6.641 
2679,-9.766 
2679,-34.000 
2679,-27.229 
2679,-36.083 
2679,88.271 
2680,-7.812 
2680,-10.417 
2680,-7.812 
2680,-19.141 
2680,-40.974 
2680,107.312 
2681,-7.812 
2681,-31.250 
2681,-37.516 
2681,-44.474 
2681,-32.625 
2681,107.312 
2682,-6.641 
2682,-18.766 
2682,-12.182 
2682,-23.641 
2682,-36.474 
2682,126.062 
2683,-7.812 
2683,-9.766 
2683,-7.682 
2683,-0.391 
2683,-25.292 
2683,126.062 
2684,-7.812 
2684,-9.766 
2684,-16.292 
2684,-23.771 
2684,-41.625 
2684,108.062 
2685,-7.812 
2685,-28.516 
2685,-39.932 
2685,-32.641 
2685,-20.141 
2685,101.146 
2686,-6.641 
2686,-18.766 
2686,-7.292 
2686,-19.271 
2686,-35.042 
2686,107.312 
2687,-7.812 
2687,-9.766 
2687,-7.682 
2687,-36.229 
2687,-15.250 
2687,109.104 
2688,-6.641 
2688,-18.766 
2688,-12.182 
2688,-19.271 
2688,-20.792 
2688,128.146 
2689,-7.812 
2689,-14.917 
2689,-16.682 
2689,-13.891 
2689,-11.792 
2689,119.146 
2690,-6.641 
2690,-8.854 
2690,-35.042 
2690,-47.021 
2690,-39.542 
2690,80.312 
2691,-7.812 
2691,-18.766 
2691,-37.516 
2691,-30.224 
2691,-38.557 
2691,88.271 
2692,-6.641 
2692,-9.766 
2692,-26.042 
2692,-47.021 
2692,-35.042 
2692,107.312 
2693,-7.812 
2693,-14.266 
2693,-30.932 
2693,-28.271 
2693,-30.542 
2693,107.312 
2694,-6.641 
2694,-18.766 
2694,-16.682 
2694,-19.271 
2694,-26.042 
2694,107.312 
2695,-7.812 
2695,-9.766 
2695,-33.016 
2695,-30.354 
2695,-22.875 
2695,126.062 
2696,-7.812 
2696,-31.250 
2696,-37.516 
2696,-25.854 
2696,-41.625 
2696,108.062 
2697,-7.812 
2697,-14.917 
2697,-16.682 
2697,-34.724 
2697,-28.125 
2697,107.312 
2698,-6.641 
2698,-9.766 
2698,-7.682 
2698,-30.224 
2698,-13.224 
2698,126.062 
2699,-6.641 
2699,-26.562 
2699,-34.000 
2699,-48.062 
2699,-40.583 
2699,88.271 
2700,-6.641 
2700,-28.516 
2700,-35.432 
2700,-39.974 
2700,-31.974 
2700,108.062 
2701,-7.812 
2701,-14.917 
2701,-16.682 
2701,-23.641 
2701,-26.042 
2701,107.312 
2702,-7.812 
2702,-31.250 
2702,-33.146 
2702,-39.224 
2702,-31.974 
2702,126.062 
2703,-6.641 
2703,-18.766 
2703,-26.042 
2703,-38.021 
2703,-35.042 
2703,107.312 
2704,-6.641 
2704,-26.562 
2704,-34.000 
2704,-27.229 
2704,-19.750 
2704,100.104 
2705,-7.812 
2705,-9.766 
2705,-28.516 
2705,-39.354 
2705,-18.375 
2705,108.062 
2706,-7.812 
2706,-18.766 
2706,-16.682 
2706,-19.271 
2706,-26.042 
2706,119.146 
2707,-6.641 
2707,-28.516 
2707,-35.432 
2707,-28.141 
2707,-26.042 
2707,119.146 
2708,-6.641 
2708,-18.766 
2708,-26.042 
2708,-28.271 
2708,-16.292 
2708,101.146 
2709,-6.641 
2709,-14.266 
2709,-12.182 
2709,-4.891 
2709,-16.292 
2709,119.146 
2710,-7.812 
2710,-18.766 
2710,-16.682 
2710,-0.521 
2710,-18.375 
2710,126.062 
2711,-7.812 
2711,-14.917 
2711,-26.432 
2711,-23.641 
2711,-31.974 
2711,108.062 
2712,-7.812 
2712,-14.917 
2712,-16.682 
2712,-13.891 
2712,-11.792 
2712,99.062 
2713,-7.812 
2713,-9.766 
2713,-21.182 
2713,-23.641 
2713,-30.542 
2713,119.146 
2714,-7.812 
2714,-18.766 
2714,-7.292 
2714,-9.521 
2714,-18.375 
2714,126.062 
2715,-6.641 
2715,-28.516 
2715,-30.932 
2715,-38.021 
2715,-39.542 
2715,107.312 
2716,-7.812 
2716,-9.766 
2716,-7.682 
2716,-28.141 
2716,-11.141 
2716,128.146 
2717,-6.641 
2717,-14.266 
2717,-7.292 
2717,-30.354 
2717,-22.875 
2717,126.062 
2718,-7.812 
2718,-9.766 
2718,-26.432 
2718,-39.974 
2718,-55.125 
2718,80.312 
2719,-7.812 
2719,-9.766 
2719,-7.682 
2719,-36.229 
2719,-36.083 
2719,109.104 
2720,-7.812 
2720,-14.917 
2720,-12.182 
2720,-4.891 
2720,-25.292 
2720,101.146 
2721,-7.812 
2721,-9.766 
2721,-26.432 
2721,-47.021 
2721,-39.542 
2721,119.146 
2722,-7.812 
2722,-31.250 
2722,-28.516 
2722,-21.224 
2722,-43.057 
2722,105.979 
2723,-7.812 
2723,-10.417 
2723,-28.646 
2723,-39.974 
2723,-45.474 
2723,99.062 
2724,-7.812 
2724,-10.417 
2724,-25.682 
2724,-25.724 
2724,-31.583 
2724,109.104 
2725,-7.812 
2725,-10.417 
2725,-7.812 
2725,-29.833 
2725,-35.724 
2725,108.062 
2726,-7.812 
2726,-10.417 
2726,-25.682 
2726,-0.521 
2726,-16.292 
2726,101.146 
2727,-7.812 
2727,-9.766 
2727,-16.682 
2727,-4.891 
2727,-13.224 
2727,99.062 
2728,-6.641 
2728,-8.854 
2728,-26.042 
2728,-28.271 
2728,-35.042 
2728,107.312 
2729,-7.812 
2729,-10.417 
2729,-33.146 
2729,-25.724 
2729,-37.125 
2729,107.312 
2730,-6.641 
2730,-18.766 
2730,-37.516 
2730,-30.224 
2730,-27.083 
2730,88.271 
2731,-7.812 
2731,-18.766 
2731,-16.682 
2731,-30.224 
2731,-27.083 
2731,88.271 
2732,-6.641 
2732,-9.766 
2732,-7.682 
2732,-21.224 
2732,-46.125 
2732,107.312 
2733,-7.812 
2733,-18.766 
2733,-16.682 
2733,-19.271 
2733,-39.542 
2733,80.312 
2734,-6.641 
2734,-28.516 
2734,-30.932 
2734,-38.021 
2734,-39.542 
2734,107.312 
2735,-6.641 
2735,-9.766 
2735,-7.682 
2735,-0.391 
2735,-25.292 
2735,126.062 
2736,-7.812 
2736,-18.766 
2736,-12.182 
2736,-23.641 
2736,-11.792 
2736,126.062 
2737,-6.641 
2737,-9.766 
2737,-34.000 
2737,-27.229 
2737,-36.083 
2737,109.104 
2738,-7.812 
2738,-10.417 
2738,-16.812 
2738,-28.141 
2738,-20.141 
2738,128.146 
2739,-7.812 
2739,-18.766 
2739,-26.432 
2739,-28.141 
2739,-30.542 
2739,119.146 
2740,-7.812 
2740,-14.917 
2740,-12.312 
2740,-25.333 
2740,-27.474 
2740,108.062 
2741,-7.812 
2741,-10.417 
2741,-33.146 
2741,-25.724 
2741,-27.375 
2741,108.062 
2742,-6.641 
2742,-26.562 
2742,-34.000 
2742,-27.229 
2742,-36.083 
2742,88.271 
2743,-7.812 
2743,-10.417 
2743,-7.682 
2743,-19.141 
2743,-34.292 
2743,108.062 
2744,-7.812 
2744,-28.516 
2744,-30.932 
2744,-38.021 
2744,-39.542 
2744,128.146 
2745,-6.641 
2745,-26.562 
2745,-34.000 
2745,-27.229 
2745,-36.083 
2745,109.104 
2746,-7.812 
2746,-31.250 
2746,-33.016 
2746,-44.474 
2746,-31.974 
2746,107.312 
2747,-6.641 
2747,-14.266 
2747,-7.292 
2747,-32.771 
2747,-30.542 
2747,107.312 
2748,-6.641 
2748,-14.266 
2748,-12.182 
2748,-25.724 
2748,-31.974 
2748,99.062 
2749,-7.812 
2749,-14.917 
2749,-16.682 
2749,-30.224 
2749,-31.974 
2749,126.062 
2750,-6.641 
2750,-9.766 
2750,-7.682 
2750,-19.141 
2750,-40.974 
2750,108.062 
2751,-7.812 
2751,-14.917 
2751,-12.182 
2751,-27.229 
2751,-19.750 
2751,109.104 
2752,-7.812 
2752,-10.417 
2752,-33.146 
2752,-39.224 
2752,-31.583 
2752,109.104 
2753,-6.641 
2753,-14.266 
2753,-25.000 
2753,-48.062 
2753,-40.583 
2753,109.104 
2754,-6.641 
2754,-9.766 
2754,-16.682 
2754,-9.521 
2754,-18.375 
2754,126.062 
2755,-7.812 
2755,-14.917 
2755,-12.312 
2755,-4.500 
2755,-11.141 
2755,119.146 
2756,-7.812 
2756,-28.516 
2756,-35.432 
2756,-28.141 
2756,-7.292 
2756,126.062 
2757,-7.812 
2757,-14.917 
2757,-16.682 
2757,-30.224 
2757,-32.625 
2757,108.062 
2758,-6.641 
2758,-14.266 
2758,-28.516 
2758,-44.474 
2758,-31.974 
2758,107.312 
2759,-7.812 
2759,-18.766 
2759,-7.292 
2759,-28.271 
2759,-16.292 
2759,101.146 
2760,-7.812 
2760,-31.250 
2760,-37.516 
2760,-25.854 
2760,-41.625 
2760,107.312 
2761,-6.641 
2761,-9.766 
2761,-26.432 
2761,-37.271 
2761,-16.292 
2761,101.146 
2762,-7.812 
2762,-10.417 
2762,-16.812 
2762,-23.641 
2762,-31.974 
2762,80.312 
2763,-6.641 
2763,-8.854 
2763,-16.292 
2763,-25.854 
2763,-22.875 
2763,126.062 
2764,-6.641 
2764,-28.516 
2764,-35.042 
2764,-28.271 
2764,-20.792 
2764,119.146 
2765,-7.812 
2765,-14.917 
2765,-35.432 
2765,-32.641 
2765,-40.974 
2765,80.312 
2766,-7.812 
2766,-10.417 
2766,-33.146 
2766,-44.474 
2766,-46.125 
2766,107.312 
2767,-6.641 
2767,-9.766 
2767,-11.792 
2767,-14.021 
2767,-20.792 
2767,108.062 
2768,-7.812 
2768,-14.917 
2768,-26.432 
2768,-32.641 
2768,-20.141 
2768,128.146 
2769,-6.641 
2769,-9.766 
2769,-30.932 
2769,-23.641 
2769,-35.042 
2769,107.312 
2770,-6.641 
2770,-18.766 
2770,-26.432 
2770,-28.141 
2770,-36.474 
2770,126.062 
2771,-7.812 
2771,-10.417 
2771,-7.812 
2771,-37.141 
2771,-26.042 
2771,107.312 
2772,-6.641 
2772,-14.266 
2772,-7.292 
2772,-30.354 
2772,-32.625 
2772,107.312 
2773,-7.812 
2773,-10.417 
2773,-16.812 
2773,-25.333 
2773,-54.474 
2773,80.312 
2774,-6.641 
2774,-9.766 
2774,-21.182 
2774,-19.271 
2774,-41.625 
2774,108.062 
2775,-7.812 
2775,-28.516 
2775,-26.042 
2775,-32.771 
2775,-30.542 
2775,107.312 
2776,-6.641 
2776,-18.766 
2776,-16.682 
2776,-19.141 
2776,-36.474 
2776,107.312 
2777,-7.812 
2777,-14.917 
2777,-30.932 
2777,-23.641 
2777,-31.974 
2777,99.062 
2778,-7.812 
2778,-10.417 
2778,-7.682 
2778,-18.521 
2778,-16.292 
2778,128.146 
2779,-7.812 
2779,-10.417 
2779,-7.682 
2779,-13.891 
2779,-8.724 
2779,126.062 
2780,-6.641 
2780,-8.854 
2780,-35.042 
2780,-38.021 
2780,-39.542 
2780,119.146 
2781,-7.812 
2781,-14.917 
2781,-16.682 
2781,-30.224 
2781,-43.057 
2781,105.979 
2782,-7.812 
2782,-10.417 
2782,-35.432 
2782,-28.141 
2782,-30.542 
2782,119.146 
2783,-6.641 
2783,-28.516 
2783,-26.432 
2783,-32.641 
2783,-44.042 
2783,80.312 
2784,-7.812 
2784,-14.917 
2784,-26.432 
2784,-32.641 
2784,-30.542 
2784,107.312 
2785,-7.812 
2785,-14.917 
2785,-28.646 
2785,-44.474 
2785,-31.974 
2785,107.312 
2786,-7.812 
2786,-28.516 
2786,-30.932 
2786,-23.771 
2786,-37.125 
2786,107.312 
2787,-7.812 
2787,-18.766 
2787,-12.182 
2787,-34.724 
2787,-22.224 
2787,99.062 
2788,-7.812 
2788,-14.917 
2788,-28.646 
2788,-25.724 
2788,-34.057 
2788,105.979 
2789,-7.812 
2789,-14.917 
2789,-12.312 
2789,-37.141 
2789,-40.974 
2789,80.312 
2790,-7.812 
2790,-10.417 
2790,-28.646 
2790,-48.224 
2790,-38.557 
2790,88.271 
2791,-7.812 
2791,-10.417 
2791,-35.432 
2791,-38.021 
2791,-39.542 
2791,107.312 
2792,-7.812 
2792,-9.766 
2792,-26.432 
2792,-19.141 
2792,-40.974 
2792,108.062 
2793,-6.641 
2793,-9.766 
2793,-34.000 
2793,-48.062 
2793,-36.083 
2793,100.104 
2794,-6.641 
2794,-18.766 
2794,-16.682 
2794,-25.724 
2794,-13.875 
2794,105.979 
2795,-7.812 
2795,-28.516 
2795,-35.432 
2795,-23.641 
2795,-35.042 
2795,119.146 
2796,-6.641 
2796,-9.766 
2796,-26.432 
2796,-32.641 
2796,-25.292 
2796,108.062 
2797,-7.812 
2797,-14.917 
2797,-16.682 
2797,-13.891 
2797,-22.224 
2797,99.062 
2798,-7.812 
2798,-14.917 
2798,-12.312 
2798,-19.141 
2798,-11.141 
2798,128.146 
2799,-6.641 
2799,-9.766 
2799,-11.792 
2799,-30.354 
2799,-22.875 
2799,105.979 
2800,-6.641 
2800,-8.854 
2800,-16.292 
2800,-23.771 
2800,-20.792 
2800,108.062 
2801,-7.812 
2801,-10.417 
2801,-26.432 
2801,-32.641 
2801,-31.974 
2801,99.062 
2802,-7.812 
2802,-10.417 
2802,-35.432 
2802,-28.141 
2802,-30.542 
2802,119.146 
2803,-7.812 
2803,-14.917 
2803,-12.182 
2803,-21.224 
2803,-31.974 
2803,108.062 
2804,-6.641 
2804,-18.766 
2804,-12.182 
2804,-13.891 
2804,-7.292 
2804,108.062 
2805,-6.641 
2805,-9.766 
2805,-7.682 
2805,-13.891 
2805,-16.292 
2805,126.062 
2806,-7.812 
2806,-31.250 
2806,-37.516 
2806,-25.854 
2806,-32.625 
2806,126.062 
2807,-7.812 
2807,-18.766 
2807,-26.432 
2807,-19.271 
2807,-35.042 
2807,119.146 
2808,-7.812 
2808,-9.766 
2808,-26.432 
2808,-48.974 
2808,-46.125 
2808,108.062 
2809,-7.812 
2809,-14.917 
2809,-28.646 
2809,-25.724 
2809,-31.974 
2809,108.062 
2810,-7.812 
2810,-14.917 
2810,-28.646 
2810,-44.474 
2810,-31.974 
2810,108.062 
2811,-7.812 
2811,-18.766 
2811,-7.292 
2811,-19.271 
2811,-35.042 
2811,128.146 
2812,-7.812 
2812,-10.417 
2812,-33.146 
2812,-25.724 
2812,-34.057 
2812,88.271 
2813,-7.812 
2813,-9.766 
2813,-21.182 
2813,-13.891 
2813,-7.292 
2813,108.062 
2814,-7.812 
2814,-10.417 
2814,-7.812 
2814,-19.141 
2814,-40.974 
2814,108.062 
2815,-7.812 
2815,-31.250 
2815,-33.016 
2815,-44.474 
2815,-31.974 
2815,108.062 
2816,-6.641 
2816,-28.516 
2816,-26.042 
2816,-28.271 
2816,-39.542 
2816,107.312 
2817,-7.812 
2817,-18.766 
2817,-12.182 
2817,-23.641 
2817,-26.042 
2817,128.146 
2818,-7.812 
2818,-14.917 
2818,-16.682 
2818,-19.271 
2818,-41.625 
2818,107.312 
2819,-6.641 
2819,-8.854 
2819,-16.292 
2819,-30.354 
2819,-22.875 
2819,99.062 
2820,-7.812 
2820,-9.766 
2820,-16.682 
2820,-9.521 
2820,-18.375 
2820,126.062 
2821,-7.812 
2821,-28.516 
2821,-35.432 
2821,-19.271 
2821,-35.042 
2821,119.146 
2822,-7.812 
2822,-10.417 
2822,-33.146 
2822,-25.333 
2822,-35.724 
2822,109.104 
2823,-7.812 
2823,-14.917 
2823,-16.682 
2823,-13.891 
2823,-11.792 
2823,119.146 
2824,-6.641 
2824,-28.516 
2824,-35.432 
2824,-23.641 
2824,-35.042 
2824,119.146 
2825,-6.641 
2825,-18.766 
2825,-16.682 
2825,-28.141 
2825,-30.542 
2825,101.146 
2826,-6.641 
2826,-18.766 
2826,-25.000 
2826,-27.229 
2826,-19.750 
2826,100.104 
2827,-7.812 
2827,-28.516 
2827,-30.932 
2827,-23.641 
2827,-31.974 
2827,107.312 
2828,-6.641 
2828,-9.766 
2828,-21.182 
2828,-5.021 
2828,-20.792 
2828,119.146 
2829,-6.641 
2829,-8.854 
2829,-26.042 
2829,-47.021 
2829,-39.542 
2829,107.312 
2830,-7.812 
2830,-28.516 
2830,-30.542 
2830,-32.771 
2830,-41.625 
2830,99.062 
2831,-7.812 
2831,-18.766 
2831,-16.682 
2831,-9.391 
2831,-7.292 
2831,108.062 
2832,-7.812 
2832,-10.417 
2832,-28.646 
2832,-48.224 
2832,-40.974 
2832,80.312 
2833,-7.812 
2833,-10.417 
2833,-7.812 
2833,-37.141 
2833,-20.141 
2833,119.146 
2834,-6.641 
2834,-28.516 
2834,-26.042 
2834,-32.771 
2834,-41.625 
2834,107.312 
2835,-6.641 
2835,-18.766 
2835,-37.516 
2835,-30.224 
2835,-28.125 
2835,80.312 
2836,-6.641 
2836,-18.766 
2836,-16.682 
2836,-25.724 
2836,-43.057 
2836,88.271 
2837,-7.812 
2837,-31.250 
2837,-37.646 
2837,-39.224 
2837,-31.974 
2837,117.062 
2838,-7.812 
2838,-18.766 
2838,-26.432 
2838,-28.141 
2838,-36.474 
2838,126.062 
2839,-7.812 
2839,-28.516 
2839,-35.432 
2839,-44.474 
2839,-40.974 
2839,126.062 
2840,-7.812 
2840,-28.516 
2840,-26.042 
2840,-28.271 
2840,-16.292 
2840,126.062 
2841,-7.812 
2841,-10.417 
2841,-16.812 
2841,-4.500 
2841,-24.641 
2841,119.146 
2842,-7.812 
2842,-10.417 
2842,-33.146 
2842,-39.224 
2842,-32.625 
2842,108.062 
2843,-7.812 
2843,-31.250 
2843,-28.516 
2843,-34.724 
2843,-29.557 
2843,88.271 
2844,-7.812 
2844,-14.917 
2844,-26.432 
2844,-32.641 
2844,-20.141 
2844,119.146 
2845,-6.641 
2845,-18.766 
2845,-16.682 
2845,-30.224 
2845,-27.083 
2845,88.271 
2846,-6.641 
2846,-28.516 
2846,-26.432 
2846,-32.641 
2846,-35.042 
2846,107.312 
2847,-7.812 
2847,-10.417 
2847,-25.682 
2847,-9.391 
2847,-17.724 
2847,108.062 
2848,-7.812 
2848,-14.266 
2848,-12.182 
2848,-4.891 
2848,-16.292 
2848,119.146 
2849,-6.641 
2849,-8.854 
2849,-26.042 
2849,-47.021 
2849,-35.042 
2849,107.312 
2850,-6.641 
2850,-9.766 
2850,-16.682 
2850,-21.224 
2850,-13.224 
2850,126.062 
2851,-7.812 
2851,-31.250 
2851,-33.146 
2851,-25.333 
2851,-13.224 
2851,126.062 
2852,-6.641 
2852,-18.766 
2852,-12.182 
2852,-5.021 
2852,-20.792 
2852,119.146 
2853,-7.812 
2853,-18.766 
2853,-12.182 
2853,-23.771 
2853,-30.542 
2853,107.312 
2854,-7.812 
2854,-14.917 
2854,-12.182 
2854,-27.229 
2854,-36.083 
2854,88.271 
2855,-6.641 
2855,-9.766 
2855,-7.682 
2855,-21.224 
2855,-40.974 
2855,108.062 
2856,-7.812 
2856,-14.917 
2856,-33.146 
2856,-25.724 
2856,-27.375 
2856,117.062 
2857,-6.641 
2857,-28.516 
2857,-30.932 
2857,-32.641 
2857,-36.474 
2857,126.062 
2858,-7.812 
2858,-14.266 
2858,-12.182 
2858,-28.271 
2858,-20.792 
2858,99.062 
2859,-7.812 
2859,-10.417 
2859,-7.682 
2859,-21.224 
2859,-43.057 
2859,105.979 
2860,-7.812 
2860,-10.417 
2860,-28.646 
2860,-48.224 
2860,-38.557 
2860,88.271 
2861,-7.812 
2861,-10.417 
2861,-7.682 
2861,-0.391 
2861,-22.224 
2861,109.104 
2862,-7.812 
2862,-14.917 
2862,-28.646 
2862,-44.474 
2862,-31.974 
2862,107.312 
2863,-6.641 
2863,-18.766 
2863,-7.292 
2863,-30.354 
2863,-37.125 
2863,107.312 
2864,-7.812 
2864,-14.917 
2864,-28.646 
2864,-25.333 
2864,-13.224 
2864,126.062 
2865,-6.641 
2865,-8.854 
2865,-35.042 
2865,-28.271 
2865,-37.125 
2865,108.062 
2866,-7.812 
2866,-14.266 
2866,-30.932 
2866,-23.641 
2866,-44.042 
2866,80.312 
2867,-6.641 
2867,-26.562 
2867,-29.500 
2867,-31.729 
2867,-19.750 
2867,100.104 
2868,-7.812 
2868,-14.917 
2868,-12.312 
2868,-4.891 
2868,-24.250 
2868,109.104 
2869,-7.812 
2869,-18.766 
2869,-26.432 
2869,-19.271 
2869,-20.792 
2869,126.062 
2870,-7.812 
2870,-14.917 
2870,-12.182 
2870,-23.641 
2870,-31.974 
2870,80.312 
2871,-7.812 
2871,-10.417 
2871,-35.432 
2871,-44.474 
2871,-40.974 
2871,126.062 
2872,-7.812 
2872,-10.417 
2872,-25.682 
2872,-19.271 
2872,-39.542 
2872,80.312 
2873,-7.812 
2873,-14.917 
2873,-26.432 
2873,-23.771 
2873,-37.125 
2873,126.062 
2874,-6.641 
2874,-18.766 
2874,-26.432 
2874,-44.474 
2874,-32.625 
2874,126.062 
2875,-7.812 
2875,-31.250 
2875,-33.146 
2875,-25.724 
2875,-34.057 
2875,105.979 
2876,-7.812 
2876,-10.417 
2876,-7.682 
2876,-28.141 
2876,-31.974 
2876,107.312 
2877,-7.812 
2877,-14.917 
2877,-12.312 
2877,-4.891 
2877,-16.292 
2877,119.146 
2878,-6.641 
2878,-9.766 
2878,-37.516 
2878,-34.724 
2878,-31.583 
2878,88.271 
2879,-7.812 
2879,-10.417 
2879,-35.432 
2879,-44.474 
2879,-40.974 
2879,107.312 
2880,-6.641 
2880,-9.766 
2880,-26.432 
2880,-37.271 
2880,-26.042 
2880,119.146 
2881,-7.812 
2881,-28.516 
2881,-26.042 
2881,-28.271 
2881,-37.125 
2881,107.312 
2882,-7.812 
2882,-18.766 
2882,-37.516 
2882,-39.062 
2882,-36.083 
2882,100.104 
2883,-7.812 
2883,-9.766 
2883,-7.682 
2883,-28.141 
2883,-35.042 
2883,128.146 
2884,-7.812 
2884,-18.766 
2884,-25.000 
2884,-43.562 
2884,-40.583 
2884,88.271 
2885,-6.641 
2885,-8.854 
2885,-35.042 
2885,-47.021 
2885,-39.542 
2885,80.312 
2886,-6.641 
2886,-9.766 
2886,-26.432 
2886,-37.271 
2886,-39.542 
2886,101.146 
2887,-6.641 
2887,-8.854 
2887,-16.292 
2887,-30.354 
2887,-18.375 
2887,105.979 
2888,-7.812 
2888,-18.766 
2888,-37.516 
2888,-30.224 
2888,-31.583 
2888,100.104 
2889,-7.812 
2889,-9.766 
2889,-16.682 
2889,-9.521 
2889,-11.792 
2889,119.146 
2890,-6.641 
2890,-9.766 
2890,-7.682 
2890,-30.224 
2890,-34.057 
2890,88.271 
2891,-7.812 
2891,-10.417 
2891,-25.682 
2891,-25.724 
2891,-31.583 
2891,88.271 
2892,-7.812 
2892,-10.417 
2892,-16.812 
2892,-28.141 
2892,-11.792 
2892,126.062 
2893,-6.641 
2893,-9.766 
2893,-16.682 
2893,-21.224 
2893,-27.375 
2893,126.062 
2894,-7.812 
2894,-14.266 
2894,-30.932 
2894,-39.974 
2894,-46.125 
2894,107.312 
2895,-7.812 
2895,-14.266 
2895,-12.182 
2895,-21.224 
2895,-37.125 
2895,126.062 
2896,-7.812 
2896,-14.266 
2896,-12.182 
2896,-25.724 
2896,-29.557 
2896,88.271 
2897,-7.812 
2897,-14.917 
2897,-12.312 
2897,-25.333 
2897,-31.974 
2897,99.062 
2898,-7.812 
2898,-14.917 
2898,-12.312 
2898,-20.833 
2898,-13.224 
2898,126.062 
2899,-6.641 
2899,-14.266 
2899,-12.182 
2899,-27.229 
2899,-19.750 
2899,109.104 
2900,-6.641 
2900,-9.766 
2900,-33.016 
2900,-30.354 
2900,-22.875 
2900,105.979 
2901,-7.812 
2901,-10.417 
2901,-33.146 
2901,-46.167 
2901,-56.557 
2901,105.979 
2902,-7.812 
2902,-10.417 
2902,-26.432 
2902,-39.974 
2902,-45.474 
2902,80.312 
2903,-7.812 
2903,-31.250 
2903,-33.146 
2903,-44.474 
2903,-46.125 
2903,107.312 
2904,-7.812 
2904,-18.766 
2904,-7.292 
2904,-30.354 
2904,-37.125 
2904,108.062 
2905,-7.812 
2905,-14.917 
2905,-28.646 
2905,-25.724 
2905,-34.057 
2905,88.271 
2906,-7.812 
2906,-18.766 
2906,-16.682 
2906,-25.724 
2906,-43.057 
2906,88.271 
2907,-7.812 
2907,-9.766 
2907,-33.016 
2907,-25.724 
2907,-31.974 
2907,108.062 
2908,-6.641 
2908,-26.562 
2908,-34.000 
2908,-27.229 
2908,-40.583 
2908,100.104 
2909,-7.812 
2909,-9.766 
2909,-29.500 
2909,-31.729 
2909,-36.083 
2909,88.271 
2910,-7.812 
2910,-10.417 
2910,-25.682 
2910,-19.271 
2910,-37.125 
2910,107.312 
2911,-7.812 
2911,-28.516 
2911,-26.432 
2911,-37.271 
2911,-37.125 
2911,107.312 
2912,-7.812 
2912,-10.417 
2912,-35.432 
2912,-19.271 
2912,-35.042 
2912,107.312 
2913,-6.641 
2913,-9.766 
2913,-26.042 
2913,-42.521 
2913,-39.542 
2913,128.146 
2914,-7.812 
2914,-31.250 
2914,-28.516 
2914,-48.974 
2914,-31.974 
2914,108.062 
2915,-6.641 
2915,-8.854 
2915,-26.042 
2915,-32.771 
2915,-30.542 
2915,107.312 
2916,-7.812 
2916,-14.266 
2916,-12.182 
2916,-25.724 
2916,-29.557 
2916,88.271 
2917,-7.812 
2917,-14.266 
2917,-28.516 
2917,-44.474 
2917,-46.125 
2917,107.312 
2918,-7.812 
2918,-10.417 
2918,-7.682 
2918,-0.391 
2918,-22.224 
2918,126.062 
2919,-6.641 
2919,-8.854 
2919,-35.042 
2919,-28.271 
2919,-20.792 
2919,99.062 
2920,-7.812 
2920,-14.917 
2920,-16.682 
2920,-13.891 
2920,-22.224 
2920,100.104 
2921,-7.812 
2921,-31.250 
2921,-33.146 
2921,-39.224 
2921,-43.057 
2921,88.271 
2922,-7.812 
2922,-14.917 
2922,-26.432 
2922,-38.021 
2922,-39.542 
2922,128.146 
2923,-6.641 
2923,-9.766 
2923,-21.182 
2923,-19.271 
2923,-41.625 
2923,108.062 
2924,-6.641 
2924,-26.562 
2924,-34.000 
2924,-27.229 
2924,-36.083 
2924,88.271 
2925,-7.812 
2925,-31.250 
2925,-33.146 
2925,-25.333 
2925,-45.474 
2925,126.062 
2926,-6.641 
2926,-28.516 
2926,-39.932 
2926,-32.641 
2926,-40.974 
2926,80.312 
2927,-7.812 
2927,-31.250 
2927,-33.146 
2927,-48.974 
2927,-32.625 
2927,126.062 
2928,-7.812 
2928,-18.766 
2928,-26.432 
2928,-19.271 
2928,-35.042 
2928,119.146 
2929,-7.812 
2929,-10.417 
2929,-25.682 
2929,-9.391 
2929,-17.724 
2929,108.062 
2930,-7.812 
2930,-14.917 
2930,-26.432 
2930,-32.641 
2930,-30.542 
2930,107.312 
2931,-7.812 
2931,-28.516 
2931,-26.432 
2931,-32.641 
2931,-27.474 
2931,107.312 
2932,-7.812 
2932,-10.417 
2932,-16.812 
2932,-25.333 
2932,-35.724 
2932,99.062 
2933,-6.641 
2933,-28.516 
2933,-35.432 
2933,-23.641 
2933,-25.292 
2933,108.062 
2934,-7.812 
2934,-18.766 
2934,-30.932 
2934,-53.474 
2934,-32.625 
2934,80.312 
2935,-7.812 
2935,-28.516 
2935,-26.432 
2935,-32.641 
2935,-11.141 
2935,119.146 
2936,-6.641 
2936,-8.854 
2936,-11.792 
2936,-23.771 
2936,-39.542 
2936,119.146 
2937,-7.812 
2937,-10.417 
2937,-7.812 
2937,-29.833 
2937,-31.974 
2937,108.062 
2938,-7.812 
2938,-10.417 
2938,-25.682 
2938,-25.724 
2938,-13.875 
2938,108.062 
2939,-7.812 
2939,-28.516 
2939,-26.432 
2939,-47.021 
2939,-39.542 
2939,119.146 
2940,-7.812 
2940,-14.917 
2940,-26.432 
2940,-23.641 
2940,-11.141 
2940,128.146 
2941,-7.812 
2941,-28.516 
2941,-26.432 
2941,-19.141 
2941,-40.974 
2941,107.312 
2942,-7.812 
2942,-18.766 
2942,-12.182 
2942,-34.724 
2942,-22.224 
2942,108.062 
2943,-7.812 
2943,-31.250 
2943,-37.646 
2943,-25.724 
2943,-31.974 
2943,99.062 
2944,-6.641 
2944,-9.766 
2944,-7.682 
2944,-19.141 
2944,-40.974 
2944,108.062 
2945,-7.812 
2945,-9.766 
2945,-26.042 
2945,-28.271 
2945,-37.125 
2945,107.312 
2946,-7.812 
2946,-31.250 
2946,-37.516 
2946,-34.724 
2946,-13.875 
2946,126.062 
2947,-6.641 
2947,-28.516 
2947,-30.932 
2947,-23.641 
2947,-31.974 
2947,108.062 
2948,-7.812 
2948,-9.766 
2948,-21.182 
2948,-30.224 
2948,-31.974 
2948,107.312 
2949,-7.812 
2949,-14.917 
2949,-12.182 
2949,-4.891 
2949,-13.224 
2949,117.062 
2950,-7.812 
2950,-31.250 
2950,-37.646 
2950,-25.724 
2950,-31.974 
2950,99.062 
2951,-7.812 
2951,-10.417 
2951,-35.432 
2951,-28.141 
2951,-20.141 
2951,119.146 
2952,-7.812 
2952,-14.917 
2952,-12.312 
2952,-23.641 
2952,-35.042 
2952,107.312 
2953,-7.812 
2953,-9.766 
2953,-7.682 
2953,-28.271 
2953,-35.042 
2953,119.146 
2954,-7.812 
2954,-14.917 
2954,-30.932 
2954,-23.641 
2954,-27.474 
2954,108.062 
2955,-7.812 
2955,-10.417 
2955,-26.432 
2955,-32.641 
2955,-27.474 
2955,107.312 
2956,-7.812 
2956,-18.766 
2956,-16.682 
2956,-19.271 
2956,-26.042 
2956,119.146 
2957,-7.812 
2957,-14.917 
2957,-26.432 
2957,-38.021 
2957,-39.542 
2957,107.312 
2958,-7.812 
2958,-9.766 
2958,-30.932 
2958,-32.641 
2958,-20.141 
2958,119.146 
2959,-7.812 
2959,-10.417 
2959,-28.646 
2959,-21.224 
2959,-46.125 
2959,107.312 
2960,-7.812 
2960,-14.266 
2960,-30.932 
2960,-28.271 
2960,-37.125 
2960,108.062 
2961,-6.641 
2961,-8.854 
2961,-35.042 
2961,-38.021 
2961,-39.542 
2961,119.146 
2962,-6.641 
2962,-18.766 
2962,-37.516 
2962,-30.224 
2962,-13.875 
2962,105.979 
2963,-7.812 
2963,-9.766 
2963,-26.432 
2963,-19.141 
2963,-40.974 
2963,107.312 
2964,-6.641 
2964,-9.766 
2964,-28.516 
2964,-21.224 
2964,-54.083 
2964,88.271 
2965,-7.812 
2965,-28.516 
2965,-30.932 
2965,-28.271 
2965,-20.792 
2965,108.062 
2966,-7.812 
2966,-28.516 
2966,-26.432 
2966,-48.974 
2966,-46.125 
2966,108.062 
2967,-7.812 
2967,-14.917 
2967,-12.182 
2967,-27.229 
2967,-40.583 
2967,88.271 
2968,-7.812 
2968,-10.417 
2968,-25.682 
2968,-19.141 
2968,-26.042 
2968,119.146 
2969,-7.812 
2969,-10.417 
2969,-33.146 
2969,-25.724 
2969,-45.083 
2969,88.271 
2970,-6.641 
2970,-18.766 
2970,-16.682 
2970,-28.141 
2970,-40.974 
2970,99.062 
2971,-7.812 
2971,-18.766 
2971,-26.432 
2971,-38.021 
2971,-39.542 
2971,119.146 
2972,-7.812 
2972,-31.250 
2972,-28.646 
2972,-57.974 
2972,-28.125 
2972,117.062 
2973,-7.812 
2973,-14.266 
2973,-30.932 
2973,-28.271 
2973,-37.125 
2973,108.062 
2974,-7.812 
2974,-14.917 
2974,-30.932 
2974,-28.271 
2974,-20.792 
2974,119.146 
2975,-7.812 
2975,-10.417 
2975,-33.146 
2975,-25.724 
2975,-13.224 
2975,109.104 
2976,-7.812 
2976,-14.917 
2976,-12.312 
2976,-25.333 
2976,-35.724 
2976,108.062 
2977,-7.812 
2977,-9.766 
2977,-7.682 
2977,-0.391 
2977,-22.224 
2977,126.062 
2978,-6.641 
2978,-18.766 
2978,-26.042 
2978,-28.271 
2978,-37.125 
2978,108.062 
2979,-6.641 
2979,-9.766 
2979,-16.292 
2979,-30.354 
2979,-18.375 
2979,108.062 
2980,-7.812 
2980,-10.417 
2980,-33.146 
2980,-48.974 
2980,-32.625 
2980,107.312 
2981,-7.812 
2981,-14.917 
2981,-16.682 
2981,-5.021 
2981,-22.875 
2981,99.062 
2982,-7.812 
2982,-31.250 
2982,-46.516 
2982,-30.224 
2982,-28.125 
2982,80.312 
2983,-6.641 
2983,-18.766 
2983,-37.516 
2983,-48.974 
2983,-40.974 
2983,80.312 
2984,-7.812 
2984,-9.766 
2984,-30.932 
2984,-28.271 
2984,-41.625 
2984,107.312 
2985,-7.812 
2985,-18.766 
2985,-37.516 
2985,-21.354 
2985,-28.125 
2985,107.312 
2986,-7.812 
2986,-14.917 
2986,-16.682 
2986,-13.891 
2986,-7.292 
2986,128.146 
2987,-6.641 
2987,-9.766 
2987,-7.682 
2987,-28.141 
2987,-35.042 
2987,107.312 
2988,-7.812 
2988,-10.417 
2988,-25.682 
2988,-30.224 
2988,-9.375 
2988,99.062 
2989,-7.812 
2989,-14.917 
2989,-12.312 
2989,-28.141 
2989,-26.042 
2989,128.146 
2990,-6.641 
2990,-9.766 
2990,-30.932 
2990,-32.641 
2990,-26.042 
2990,107.312 
2991,-7.812 
2991,-18.766 
2991,-16.682 
2991,-25.724 
2991,-31.583 
2991,109.104 
2992,-6.641 
2992,-9.766 
2992,-26.042 
2992,-28.271 
2992,-37.125 
2992,126.062 
2993,-6.641 
2993,-9.766 
2993,-26.432 
2993,-37.271 
2993,-26.042 
2993,107.312 
2994,-7.812 
2994,-14.266 
2994,-7.292 
2994,-30.354 
2994,-32.625 
2994,107.312 
2995,-7.812 
2995,-14.917 
2995,-12.182 
2995,-4.891 
2995,-13.224 
2995,99.062 
2996,-7.812 
2996,-9.766 
2996,-21.182 
2996,-19.271 
2996,-20.792 
2996,108.062 
2997,-6.641 
2997,-18.766 
2997,-16.682 
2997,-30.224 
2997,-28.125 
2997,99.062 
2998,-7.812 
2998,-28.516 
2998,-30.932 
2998,-32.641 
2998,-20.141 
2998,128.146 
2999,-7.812 
2999,-10.417 
2999,-25.682 
2999,-28.141 
2999,-30.542 
2999,101.146 
3000,-6.641 
3000,-18.766 
3000,-12.182 
3000,-22.729 
3000,-19.750 
3000,100.104 
3001,-7.812 
3001,-10.417 
3001,-7.812 
3001,-13.500 
3001,-11.141 
3001,119.146 
3002,-6.641 
3002,-9.766 
3002,-7.682 
3002,-13.891 
3002,-8.724 
3002,126.062 
3003,-6.641 
3003,-18.766 
3003,-28.516 
3003,-44.474 
3003,-40.974 
3003,126.062 
3004,-7.812 
3004,-14.917 
3004,-35.432 
3004,-32.641 
3004,-11.792 
3004,99.062 
3005,-6.641 
3005,-14.266 
3005,-7.292 
3005,-32.771 
3005,-37.125 
3005,108.062 
3006,-7.812 
3006,-10.417 
3006,-25.682 
3006,-30.224 
3006,-9.375 
3006,105.979 
3007,-7.812 
3007,-10.417 
3007,-7.682 
3007,-30.224 
3007,-27.375 
3007,105.979 
3008,-7.812 
3008,-10.417 
3008,-35.432 
3008,-28.141 
3008,-30.542 
3008,107.312 
3009,-6.641 
3009,-28.516 
3009,-30.932 
3009,-48.974 
3009,-40.974 
3009,126.062 
3010,-7.812 
3010,-28.516 
3010,-35.432 
3010,-28.271 
3010,-37.125 
3010,108.062 
3011,-6.641 
3011,-18.766 
3011,-26.432 
3011,-28.141 
3011,-20.141 
3011,119.146 
3012,-6.641 
3012,-28.516 
3012,-35.432 
3012,-28.141 
3012,-7.292 
3012,126.062 
3013,-7.812 
3013,-31.250 
3013,-28.516 
3013,-34.724 
3013,-13.224 
3013,100.104 
3014,-7.812 
3014,-9.766 
3014,-7.682 
3014,-18.521 
3014,-18.375 
3014,105.979 
3015,-7.812 
3015,-10.417 
3015,-7.682 
3015,-18.521 
3015,-16.292 
3015,108.062 
3016,-7.812 
3016,-14.917 
3016,-16.682 
3016,-30.224 
3016,-22.224 
3016,108.062 
3017,-6.641 
3017,-9.766 
3017,-11.792 
3017,-30.354 
3017,-22.875 
3017,126.062 
3018,-6.641 
3018,-9.766 
3018,-26.432 
3018,-32.641 
3018,-31.974 
3018,80.312 
3019,-7.812 
3019,-31.250 
3019,-46.516 
3019,-21.354 
3019,-22.875 
3019,99.062 
3020,-7.812 
3020,-14.917 
3020,-26.432 
3020,-23.641 
3020,-31.974 
3020,108.062 
3021,-7.812 
3021,-18.766 
3021,-12.182 
3021,-23.641 
3021,-20.141 
3021,119.146 
3022,-6.641 
3022,-28.516 
3022,-30.932 
3022,-28.271 
3022,-20.792 
3022,108.062 
3023,-6.641 
3023,-9.766 
3023,-16.292 
3023,-25.854 
3023,-32.625 
3023,126.062 
3024,-7.812 
3024,-10.417 
3024,-7.812 
3024,-29.833 
3024,-45.474 
3024,126.062 
3025,-7.812 
3025,-18.766 
3025,-26.432 
3025,-28.141 
3025,-36.474 
3025,107.312 
3026,-7.812 
3026,-9.766 
3026,-26.042 
3026,-28.271 
3026,-20.792 
3026,117.062 
3027,-7.812 
3027,-14.917 
3027,-12.182 
3027,-23.641 
3027,-25.292 
3027,119.146 
3028,-7.812 
3028,-28.516 
3028,-30.542 
3028,-51.521 
3028,-39.542 
3028,101.146 
3029,-7.812 
3029,-10.417 
3029,-35.432 
3029,-28.141 
3029,-11.792 
3029,117.062 
3030,-7.812 
3030,-31.250 
3030,-46.516 
3030,-30.224 
3030,-38.557 
3030,105.979 
3031,-7.812 
3031,-14.917 
3031,-30.932 
3031,-39.974 
3031,-31.974 
3031,107.312 
3032,-7.812 
3032,-28.516 
3032,-30.932 
3032,-44.474 
3032,-31.974 
3032,108.062 
3033,-7.812 
3033,-14.917 
3033,-16.682 
3033,-23.641 
3033,-30.542 
3033,119.146 
3034,-6.641 
3034,-28.516 
3034,-26.432 
3034,-47.021 
3034,-35.042 
3034,119.146 
3035,-7.812 
3035,-14.266 
3035,-12.182 
3035,-25.724 
3035,-46.125 
3035,80.312 
3036,-7.812 
3036,-28.516 
3036,-26.432 
3036,-19.141 
3036,-34.292 
3036,101.146 
3037,-6.641 
3037,-14.266 
3037,-26.042 
3037,-32.771 
3037,-41.625 
3037,80.312 
3038,-7.812 
3038,-10.417 
3038,-7.682 
3038,-30.224 
3038,-27.375 
3038,105.979 
3039,-6.641 
3039,-9.766 
3039,-7.682 
3039,-21.224 
3039,-43.057 
3039,105.979 
3040,-6.641 
3040,-18.766 
3040,-25.000 
3040,-27.229 
3040,-36.083 
3040,88.271 
3041,-6.641 
3041,-9.766 
3041,-26.432 
3041,-32.641 
3041,-31.974 
3041,80.312 
3042,-7.812 
3042,-10.417 
3042,-28.646 
3042,-50.667 
3042,-34.057 
3042,105.979 
3043,-6.641 
3043,-9.766 
3043,-26.042 
3043,-28.271 
3043,-20.792 
3043,126.062 
3044,-7.812 
3044,-31.250 
3044,-28.516 
3044,-57.062 
3044,-40.583 
3044,88.271 
3045,-6.641 
3045,-28.516 
3045,-26.432 
3045,-32.641 
3045,-27.474 
3045,108.062 
3046,-7.812 
3046,-10.417 
3046,-7.812 
3046,-37.141 
3046,-26.042 
3046,107.312 
3047,-7.812 
3047,-14.917 
3047,-26.432 
3047,-44.474 
3047,-46.125 
3047,107.312 
3048,-7.812 
3048,-14.917 
3048,-12.312 
3048,-4.891 
3048,-16.292 
3048,119.146 
3049,-6.641 
3049,-28.516 
3049,-26.042 
3049,-47.021 
3049,-39.542 
3049,107.312 
3050,-7.812 
3050,-31.250 
3050,-33.016 
3050,-25.724 
3050,-27.375 
3050,108.062 
3051,-7.812 
3051,-31.250 
3051,-33.016 
3051,-30.354 
3051,-32.625 
3051,107.312 
3052,-7.812 
3052,-14.917 
3052,-35.432 
3052,-23.771 
3052,-41.625 
3052,80.312 
3053,-7.812 
3053,-31.250 
3053,-33.146 
3053,-46.167 
3053,-56.557 
3053,105.979 
3054,-6.641 
3054,-28.516 
3054,-39.932 
3054,-42.521 
3054,-39.542 
3054,101.146 
3055,-6.641 
3055,-18.766 
3055,-26.432 
3055,-19.271 
3055,-37.125 
3055,117.062 
3056,-7.812 
3056,-31.250 
3056,-33.146 
3056,-25.724 
3056,-45.083 
3056,88.271 
3057,-6.641 
3057,-28.516 
3057,-35.432 
3057,-28.141 
3057,-26.042 
3057,107.312 
3058,-6.641 
3058,-9.766 
3058,-7.682 
3058,-21.224 
3058,-36.375 
3058,108.062 
3059,-6.641 
3059,-14.266 
3059,-12.182 
3059,-25.724 
3059,-29.557 
3059,105.979 
3060,-6.641 
3060,-9.766 
3060,-30.932 
3060,-23.771 
3060,-37.125 
3060,107.312 
3061,-7.812 
3061,-10.417 
3061,-7.812 
3061,-19.141 
3061,-40.974 
3061,107.312 
3062,-7.812 
3062,-9.766 
3062,-7.682 
3062,-28.141 
3062,-35.042 
3062,107.312 
3063,-7.812 
3063,-18.766 
3063,-12.182 
3063,-5.021 
3063,-11.792 
3063,119.146 
3064,-6.641 
3064,-9.766 
3064,-21.182 
3064,-30.224 
3064,-43.057 
3064,88.271 
3065,-6.641 
3065,-26.562 
3065,-29.500 
3065,-48.062 
3065,-40.583 
3065,88.271 
3066,-6.641 
3066,-9.766 
3066,-7.682 
3066,-28.141 
3066,-31.974 
3066,107.312 
3067,-7.812 
3067,-10.417 
3067,-35.432 
3067,-28.141 
3067,-26.042 
3067,119.146 
3068,-7.812 
3068,-14.917 
3068,-26.432 
3068,-32.641 
3068,-20.141 
3068,119.146 
3069,-6.641 
3069,-18.766 
3069,-7.292 
3069,-28.271 
3069,-16.292 
3069,101.146 
3070,-7.812 
3070,-14.917 
3070,-26.432 
3070,-44.474 
3070,-46.125 
3070,108.062 
3071,-7.812 
3071,-31.250 
3071,-28.516 
3071,-39.354 
3071,-37.125 
3071,99.062 
3072,-7.812 
3072,-14.917 
3072,-12.312 
3072,-25.333 
3072,-13.224 
3072,117.062 
3073,-7.812 
3073,-28.516 
3073,-35.432 
3073,-19.271 
3073,-37.125 
3073,117.062 
3074,-7.812 
3074,-31.250 
3074,-33.016 
3074,-30.354 
3074,-41.625 
3074,108.062 
3075,-6.641 
3075,-8.854 
3075,-30.542 
3075,-51.521 
3075,-39.542 
3075,80.312 
3076,-7.812 
3076,-31.250 
3076,-37.646 
3076,-41.667 
3076,-56.557 
3076,105.979 
3077,-7.812 
3077,-10.417 
3077,-7.682 
3077,-13.891 
3077,-24.250 
3077,100.104 
3078,-6.641 
3078,-28.516 
3078,-30.932 
3078,-48.974 
3078,-32.625 
3078,126.062 
3079,-7.812 
3079,-9.766 
3079,-7.682 
3079,-19.141 
3079,-44.042 
3079,107.312 
3080,-6.641 
3080,-18.766 
3080,-16.682 
3080,-18.229 
3080,-15.250 
3080,109.104 
3081,-6.641 
3081,-8.854 
3081,-35.042 
3081,-28.271 
3081,-16.292 
3081,101.146 
3082,-7.812 
3082,-14.917 
3082,-28.646 
3082,-25.724 
3082,-13.224 
3082,126.062 
3083,-6.641 
3083,-28.516 
3083,-35.432 
3083,-47.021 
3083,-39.542 
3083,80.312 
3084,-6.641 
3084,-8.854 
3084,-26.042 
3084,-32.771 
3084,-20.792 
3084,108.062 
3085,-7.812 
3085,-9.766 
3085,-16.292 
3085,-9.521 
3085,-18.375 
3085,99.062 
3086,-7.812 
3086,-9.766 
3086,-33.016 
3086,-25.724 
3086,-31.974 
3086,108.062 
3087,-7.812 
3087,-9.766 
3087,-16.682 
3087,-28.271 
3087,-39.542 
3087,80.312 
3088,-7.812 
3088,-10.417 
3088,-28.646 
3088,-21.224 
3088,-54.083 
3088,100.104 
3089,-7.812 
3089,-9.766 
3089,-21.182 
3089,-23.771 
3089,-30.542 
3089,119.146 
3090,-6.641 
3090,-8.854 
3090,-11.792 
3090,-32.771 
3090,-30.542 
3090,119.146 
3091,-6.641 
3091,-9.766 
3091,-7.682 
3091,-18.521 
3091,-7.292 
3091,126.062 
3092,-7.812 
3092,-31.250 
3092,-37.516 
3092,-25.854 
3092,-32.625 
3092,107.312 
3093,-7.812 
3093,-18.766 
3093,-26.432 
3093,-28.141 
3093,-11.792 
3093,126.062 
3094,-6.641 
3094,-18.766 
3094,-25.000 
3094,-48.062 
3094,-36.083 
3094,88.271 
3095,-7.812 
3095,-10.417 
3095,-26.432 
3095,-32.641 
3095,-35.042 
3095,107.312 
3096,-7.812 
3096,-14.917 
3096,-12.312 
3096,-28.141 
3096,-20.141 
3096,119.146 
3097,-7.812 
3097,-14.917 
3097,-12.182 
3097,-9.521 
3097,-11.792 
3097,126.062 
3098,-7.812 
3098,-10.417 
3098,-26.432 
3098,-47.021 
3098,-35.042 
3098,119.146 
3099,-7.812 
3099,-9.766 
3099,-37.516 
3099,-34.724 
3099,-31.974 
3099,107.312 
3100,-6.641 
3100,-9.766 
3100,-16.682 
3100,-4.891 
3100,-8.724 
3100,109.104 
3101,-7.812 
3101,-28.516 
3101,-30.932 
3101,-23.641 
3101,-31.974 
3101,107.312 
3102,-7.812 
3102,-31.250 
3102,-33.016 
3102,-44.474 
3102,-46.125 
3102,108.062 
3103,-7.812 
3103,-18.766 
3103,-12.182 
3103,-13.891 
3103,-22.224 
3103,108.062 
3104,-6.641 
3104,-8.854 
3104,-26.042 
3104,-28.271 
3104,-37.125 
3104,107.312 
3105,-7.812 
3105,-28.516 
3105,-26.432 
3105,-19.141 
3105,-44.042 
3105,107.312 
3106,-7.812 
3106,-10.417 
3106,-16.812 
3106,-19.141 
3106,-31.974 
3106,108.062 
3107,-6.641 
3107,-28.516 
3107,-26.432 
3107,-39.974 
3107,-55.125 
3107,80.312 
3108,-7.812 
3108,-9.766 
3108,-26.042 
3108,-32.771 
3108,-30.542 
3108,107.312 
3109,-6.641 
3109,-28.516 
3109,-26.432 
3109,-32.641 
3109,-31.974 
3109,99.062 
3110,-7.812 
3110,-14.266 
3110,-25.000 
3110,-48.062 
3110,-40.583 
3110,88.271 
3111,-7.812 
3111,-14.917 
3111,-12.312 
3111,-4.891 
3111,-25.292 
3111,99.062 
3112,-7.812 
3112,-10.417 
3112,-16.812 
3112,-28.141 
3112,-26.042 
3112,107.312 
3113,-7.812 
3113,-14.917 
3113,-30.932 
3113,-39.974 
3113,-31.974 
3113,107.312 
3114,-6.641 
3114,-18.766 
3114,-30.932 
3114,-23.771 
3114,-41.625 
3114,80.312 
3115,-7.812 
3115,-14.917 
3115,-26.432 
3115,-23.771 
3115,-39.542 
3115,119.146 
3116,-6.641 
3116,-18.766 
3116,-16.682 
3116,-25.724 
3116,-31.583 
3116,88.271 
3117,-6.641 
3117,-14.266 
3117,-12.182 
3117,-27.229 
3117,-36.083 
3117,109.104 
3118,-7.812 
3118,-31.250 
3118,-37.516 
3118,-25.854 
3118,-22.875 
3118,126.062 
3119,-6.641 
3119,-9.766 
3119,-30.932 
3119,-23.641 
3119,-11.141 
3119,128.146 
3120,-7.812 
3120,-31.250 
3120,-33.146 
3120,-39.224 
3120,-31.583 
3120,109.104 
3121,-6.641 
3121,-18.766 
3121,-26.042 
3121,-28.271 
3121,-37.125 
3121,80.312 
3122,-6.641 
3122,-18.766 
3122,-16.682 
3122,-19.141 
3122,-26.042 
3122,107.312 
3123,-6.641 
3123,-28.516 
3123,-35.042 
3123,-28.271 
3123,-26.042 
3123,119.146 
3124,-7.812 
3124,-14.917 
3124,-12.182 
3124,-21.224 
3124,-34.057 
3124,88.271 
3125,-7.812 
3125,-10.417 
3125,-7.812 
3125,-27.391 
3125,-7.292 
3125,101.146 
3126,-7.812 
3126,-18.766 
3126,-16.682 
3126,-19.271 
3126,-37.125 
3126,107.312 
3127,-7.812 
3127,-14.917 
3127,-12.312 
3127,-25.333 
3127,-35.724 
3127,100.104 
3128,-7.812 
3128,-14.917 
3128,-26.432 
3128,-32.641 
3128,-11.792 
3128,126.062 
3129,-7.812 
3129,-18.766 
3129,-16.682 
3129,-19.271 
3129,-26.042 
3129,107.312 
3130,-7.812 
3130,-31.250 
3130,-33.146 
3130,-48.974 
3130,-32.625 
3130,126.062 
3131,-6.641 
3131,-8.854 
3131,-16.292 
3131,-30.354 
3131,-28.125 
3131,117.062 
3132,-7.812 
3132,-10.417 
3132,-16.812 
3132,-4.500 
3132,-11.141 
3132,101.146 
3133,-7.812 
3133,-28.516 
3133,-26.432 
3133,-19.141 
3133,-40.974 
3133,107.312 
3134,-7.812 
3134,-10.417 
3134,-7.812 
3134,-29.833 
3134,-35.724 
3134,108.062 
3135,-6.641 
3135,-9.766 
3135,-28.516 
3135,-48.974 
3135,-31.974 
3135,108.062 
3136,-7.812 
3136,-9.766 
3136,-7.682 
3136,-13.891 
3136,-24.250 
3136,109.104 
3137,-7.812 
3137,-14.917 
3137,-26.432 
3137,-28.271 
3137,-30.542 
3137,128.146 
3138,-7.812 
3138,-14.917 
3138,-12.312 
3138,-20.833 
3138,-31.974 
3138,107.312 
3139,-7.812 
3139,-9.766 
3139,-30.932 
3139,-23.771 
3139,-37.125 
3139,107.312 
3140,-7.812 
3140,-9.766 
3140,-37.516 
3140,-44.474 
3140,-32.625 
3140,107.312 
3141,-6.641 
3141,-18.766 
3141,-12.182 
3141,-30.224 
3141,-31.974 
3141,107.312 
3142,-7.812 
3142,-10.417 
3142,-33.146 
3142,-48.974 
3142,-40.974 
3142,107.312 
3143,-7.812 
3143,-14.917 
3143,-12.312 
3143,-19.141 
3143,-11.141 
3143,128.146 
3144,-6.641 
3144,-28.516 
3144,-30.932 
3144,-23.641 
3144,-11.141 
3144,128.146 
3145,-7.812 
3145,-9.766 
3145,-7.682 
3145,-18.521 
3145,-16.292 
3145,108.062 
3146,-7.812 
3146,-28.516 
3146,-26.042 
3146,-32.771 
3146,-30.542 
3146,128.146 
3147,-7.812 
3147,-14.917 
3147,-33.146 
3147,-25.333 
3147,-54.474 
3147,80.312 
3148,-7.812 
3148,-31.250 
3148,-28.516 
3148,-21.224 
3148,-54.083 
3148,100.104 
3149,-6.641 
3149,-9.766 
3149,-28.516 
3149,-34.724 
3149,-29.557 
3149,105.979 
3150,-7.812 
3150,-14.917 
3150,-33.146 
3150,-25.724 
3150,-31.974 
3150,99.062 
3151,-6.641 
3151,-8.854 
3151,-35.042 
3151,-28.271 
3151,-20.792 
3151,119.146 
3152,-7.812 
3152,-14.917 
3152,-26.432 
3152,-23.771 
3152,-37.125 
3152,107.312 
3153,-6.641 
3153,-8.854 
3153,-11.792 
3153,-30.354 
3153,-41.625 
3153,108.062 
3154,-6.641 
3154,-9.766 
3154,-34.000 
3154,-27.229 
3154,-36.083 
3154,100.104 
3155,-7.812 
3155,-18.766 
3155,-30.932 
3155,-32.641 
3155,-11.792 
3155,99.062 
3156,-6.641 
3156,-18.766 
3156,-12.182 
3156,-30.224 
3156,-22.224 
3156,108.062 
3157,-6.641 
3157,-9.766 
3157,-7.682 
3157,-21.224 
3157,-26.724 
3157,100.104 
3158,-6.641 
3158,-9.766 
3158,-26.432 
3158,-32.641 
3158,-35.042 
3158,107.312 
3159,-6.641 
3159,-26.562 
3159,-34.000 
3159,-48.062 
3159,-36.083 
3159,88.271 
3160,-6.641 
3160,-8.854 
3160,-16.292 
3160,-19.271 
3160,-16.292 
3160,126.062 
3161,-7.812 
3161,-31.250 
3161,-33.146 
3161,-25.724 
3161,-34.057 
3161,88.271 
3162,-7.812 
3162,-28.516 
3162,-30.932 
3162,-44.474 
3162,-31.974 
3162,107.312 
3163,-7.812 
3163,-14.917 
3163,-28.646 
3163,-25.724 
3163,-37.125 
3163,126.062 
3164,-7.812 
3164,-9.766 
3164,-26.042 
3164,-28.271 
3164,-35.042 
3164,107.312 
3165,-7.812 
3165,-10.417 
3165,-16.812 
3165,-25.333 
3165,-27.474 
3165,108.062 
3166,-7.812 
3166,-14.917 
3166,-30.932 
3166,-39.974 
3166,-31.974 
3166,108.062 
3167,-7.812 
3167,-10.417 
3167,-33.146 
3167,-48.974 
3167,-40.974 
3167,126.062 
3168,-7.812 
3168,-28.516 
3168,-26.432 
3168,-37.271 
3168,-20.792 
3168,99.062 
3169,-7.812 
3169,-14.917 
3169,-12.312 
3169,-18.391 
3169,-11.141 
3169,128.146 
3170,-7.812 
3170,-10.417 
3170,-28.646 
3170,-21.224 
3170,-26.724 
3170,99.062 
3171,-7.812 
3171,-14.266 
3171,-25.000 
3171,-48.062 
3171,-40.583 
3171,109.104 
3172,-7.812 
3172,-14.917 
3172,-16.682 
3172,-30.224 
3172,-32.625 
3172,108.062 
3173,-6.641 
3173,-8.854 
3173,-30.542 
3173,-32.771 
3173,-41.625 
3173,99.062 
3174,-6.641 
3174,-28.516 
3174,-35.432 
3174,-23.641 
3174,-35.042 
3174,119.146 
3175,-7.812 
3175,-14.917 
3175,-12.312 
3175,-28.141 
3175,-11.792 
3175,119.146 
3176,-7.812 
3176,-9.766 
3176,-7.682 
3176,-0.391 
3176,-22.224 
3176,126.062 
3177,-7.812 
3177,-31.250 
3177,-28.516 
3177,-21.224 
3177,-54.083 
3177,100.104 
3178,-6.641 
3178,-28.516 
3178,-39.932 
3178,-42.521 
3178,-39.542 
3178,101.146 
3179,-6.641 
3179,-9.766 
3179,-30.932 
3179,-44.474 
3179,-31.974 
3179,108.062 
3180,-6.641 
3180,-9.766 
3180,-26.432 
3180,-32.641 
3180,-44.042 
3180,101.146 
3181,-7.812 
3181,-9.766 
3181,-16.682 
3181,-25.724 
3181,-31.974 
3181,80.312 
3182,-6.641 
3182,-9.766 
3182,-7.682 
3182,-36.229 
3182,-36.083 
3182,109.104 
3183,-7.812 
3183,-14.917 
3183,-16.682 
3183,-5.021 
3183,-22.875 
3183,117.062 
3184,-7.812 
3184,-14.917 
3184,-30.932 
3184,-23.641 
3184,-31.974 
3184,80.312 
3185,-7.812 
3185,-14.917 
3185,-26.432 
3185,-28.271 
3185,-41.625 
3185,107.312 
3186,-7.812 
3186,-9.766 
3186,-7.682 
3186,-30.224 
3186,-27.375 
3186,108.062 
3187,-7.812 
3187,-31.250 
3187,-37.516 
3187,-25.854 
3187,-22.875 
3187,105.979 
3188,-7.812 
3188,-28.516 
3188,-30.932 
3188,-32.641 
3188,-30.542 
3188,107.312 
3189,-7.812 
3189,-14.917 
3189,-12.312 
3189,-4.500 
3189,-11.141 
3189,101.146 
3190,-7.812 
3190,-14.917 
3190,-33.146 
3190,-39.224 
3190,-22.224 
3190,100.104 
3191,-7.812 
3191,-14.917 
3191,-12.182 
3191,-23.641 
3191,-25.292 
3191,99.062 
3192,-6.641 
3192,-28.516 
3192,-26.042 
3192,-32.771 
3192,-41.625 
3192,107.312 
3193,-7.812 
3193,-9.766 
3193,-26.042 
3193,-28.271 
3193,-35.042 
3193,107.312 
3194,-7.812 
3194,-9.766 
3194,-7.682 
3194,-30.224 
3194,-27.375 
3194,108.062 
3195,-7.812 
3195,-9.766 
3195,-16.682 
3195,-23.641 
3195,-11.141 
3195,119.146 
3196,-7.812 
3196,-9.766 
3196,-16.682 
3196,-21.224 
3196,-13.224 
3196,109.104 
3197,-6.641 
3197,-28.516 
3197,-26.042 
3197,-32.771 
3197,-30.542 
3197,128.146 
3198,-7.812 
3198,-10.417 
3198,-26.432 
3198,-47.021 
3198,-35.042 
3198,107.312 
3199,-7.812 
3199,-31.250 
3199,-33.016 
3199,-25.724 
3199,-31.974 
3199,108.062 
3200,-7.812 
3200,-31.250 
3200,-33.016 
3200,-25.724 
3200,-27.375 
3200,108.062 
3201,-7.812 
3201,-28.516 
3201,-35.042 
3201,-28.271 
3201,-26.042 
3201,107.312 
3202,-7.812 
3202,-31.250 
3202,-46.516 
3202,-39.062 
3202,-36.083 
3202,88.271 
3203,-6.641 
3203,-9.766 
3203,-16.292 
3203,-28.271 
3203,-37.125 
3203,80.312 
3204,-7.812 
3204,-9.766 
3204,-26.042 
3204,-32.771 
3204,-41.625 
3204,108.062 
3205,-7.812 
3205,-9.766 
3205,-26.042 
3205,-42.521 
3205,-39.542 
3205,107.312 
3206,-7.812 
3206,-9.766 
3206,-7.682 
3206,-28.141 
3206,-25.292 
3206,128.146 
3207,-7.812 
3207,-14.917 
3207,-12.182 
3207,-25.724 
3207,-46.125 
3207,80.312 
3208,-7.812 
3208,-14.917 
3208,-12.312 
3208,-19.141 
3208,-11.141 
3208,128.146 
3209,-7.812 
3209,-10.417 
3209,-16.812 
3209,-25.333 
3209,-13.224 
3209,100.104 
3210,-7.812 
3210,-18.766 
3210,-28.516 
3210,-34.724 
3210,-13.875 
3210,126.062 
3211,-6.641 
3211,-14.266 
3211,-25.000 
3211,-31.729 
3211,-19.750 
3211,109.104 
3212,-7.812 
3212,-9.766 
3212,-7.682 
3212,-28.141 
3212,-35.042 
3212,107.312 
3213,-7.812 
3213,-9.766 
3213,-16.682 
3213,-21.224 
3213,-13.224 
3213,126.062 
3214,-7.812 
3214,-31.250 
3214,-33.016 
3214,-25.724 
3214,-37.125 
3214,126.062 
3215,-6.641 
3215,-8.854 
3215,-35.042 
3215,-38.021 
3215,-35.042 
3215,107.312 
3216,-7.812 
3216,-9.766 
3216,-28.516 
3216,-34.724 
3216,-31.974 
3216,99.062 
3217,-7.812 
3217,-28.516 
3217,-35.042 
3217,-28.271 
3217,-37.125 
3217,107.312 
3218,-7.812 
3218,-28.516 
3218,-35.432 
3218,-19.271 
3218,-16.292 
3218,126.062 
3219,-7.812 
3219,-14.917 
3219,-12.182 
3219,-25.724 
3219,-29.557 
3219,105.979 
3220,-7.812 
3220,-14.266 
3220,-28.516 
3220,-25.724 
3220,-34.057 
3220,88.271 
3221,-7.812 
3221,-14.266 
3221,-12.182 
3221,-23.641 
3221,-25.292 
3221,108.062 
3222,-7.812 
3222,-14.917 
3222,-12.312 
3222,-23.641 
3222,-31.974 
3222,80.312 
3223,-7.812 
3223,-10.417 
3223,-7.812 
3223,-37.141 
3223,-26.042 
3223,119.146 
3224,-6.641 
3224,-28.516 
3224,-26.042 
3224,-28.271 
3224,-37.125 
3224,126.062 
3225,-6.641 
3225,-18.766 
3225,-7.292 
3225,-19.271 
3225,-16.292 
3225,126.062 
3226,-6.641 
3226,-8.854 
3226,-11.792 
3226,-14.021 
3226,-22.875 
3226,99.062 
3227,-7.812 
3227,-18.766 
3227,-26.432 
3227,-38.021 
3227,-39.542 
3227,119.146 
3228,-6.641 
3228,-9.766 
3228,-33.016 
3228,-25.724 
3228,-31.974 
3228,108.062 
3229,-6.641 
3229,-18.766 
3229,-25.000 
3229,-27.229 
3229,-15.250 
3229,109.104 
3230,-7.812 
3230,-14.917 
3230,-16.682 
3230,-34.724 
3230,-28.125 
3230,107.312 
3231,-6.641 
3231,-14.266 
3231,-12.182 
3231,-25.724 
3231,-46.125 
3231,80.312 
3232,-7.812 
3232,-14.266 
3232,-7.292 
3232,-23.771 
3232,-39.542 
3232,119.146 
3233,-7.812 
3233,-14.917 
3233,-12.182 
3233,-23.641 
3233,-27.474 
3233,108.062 
3234,-7.812 
3234,-28.516 
3234,-35.432 
3234,-39.974 
3234,-46.125 
3234,107.312 
3235,-7.812 
3235,-10.417 
3235,-35.432 
3235,-44.474 
3235,-40.974 
3235,126.062 
3236,-6.641 
3236,-9.766 
3236,-16.292 
3236,-28.271 
3236,-16.292 
3236,101.146 
3237,-7.812 
3237,-18.766 
3237,-28.516 
3237,-43.562 
3237,-40.583 
3237,109.104 
3238,-7.812 
3238,-10.417 
3238,-28.646 
3238,-48.224 
3238,-27.083 
3238,88.271 
3239,-7.812 
3239,-10.417 
3239,-16.812 
3239,-25.333 
3239,-31.974 
3239,80.312 
3240,-6.641 
3240,-18.766 
3240,-28.516 
3240,-44.474 
3240,-40.974 
3240,126.062 
3241,-7.812 
3241,-18.766 
3241,-26.042 
3241,-28.271 
3241,-30.542 
3241,119.146 
3242,-6.641 
3242,-18.766 
3242,-12.182 
3242,-5.021 
3242,-20.792 
3242,119.146 
3243,-6.641 
3243,-28.516 
3243,-35.432 
3243,-39.974 
3243,-31.974 
3243,108.062 
3244,-7.812 
3244,-14.917 
3244,-12.182 
3244,-25.724 
3244,-29.557 
3244,88.271 
3245,-6.641 
3245,-8.854 
3245,-35.042 
3245,-47.021 
3245,-39.542 
3245,101.146 
3246,-7.812 
3246,-31.250 
3246,-33.146 
3246,-25.724 
3246,-45.083 
3246,88.271 
3247,-6.641 
3247,-18.766 
3247,-37.516 
3247,-39.062 
3247,-40.583 
3247,88.271 
3248,-7.812 
3248,-14.917 
3248,-12.182 
3248,-25.724 
3248,-27.375 
3248,99.062 
3249,-7.812 
3249,-31.250 
3249,-28.516 
3249,-57.062 
3249,-36.083 
3249,100.104 
3250,-7.812 
3250,-9.766 
3250,-29.500 
3250,-48.062 
3250,-40.583 
3250,109.104 
3251,-7.812 
3251,-28.516 
3251,-39.932 
3251,-32.641 
3251,-11.792 
3251,99.062 
3252,-7.812 
3252,-10.417 
3252,-26.432 
3252,-47.021 
3252,-35.042 
3252,119.146 
3253,-6.641 
3253,-14.266 
3253,-12.182 
3253,-9.521 
3253,-11.792 
3253,126.062 
3254,-7.812 
3254,-10.417 
3254,-26.432 
3254,-37.271 
3254,-26.042 
3254,119.146 
3255,-7.812 
3255,-31.250 
3255,-33.016 
3255,-30.354 
3255,-22.875 
3255,105.979 
3256,-6.641 
3256,-18.766 
3256,-37.516 
3256,-30.224 
3256,-38.557 
3256,88.271 
3257,-7.812 
3257,-14.917 
3257,-28.646 
3257,-25.333 
3257,-35.724 
3257,108.062 
3258,-7.812 
3258,-14.917 
3258,-30.932 
3258,-23.641 
3258,-35.042 
3258,119.146 
3259,-7.812 
3259,-31.250 
3259,-28.516 
3259,-21.224 
3259,-43.057 
3259,88.271 
3260,-7.812 
3260,-9.766 
3260,-7.682 
3260,-28.271 
3260,-37.125 
3260,107.312 
3261,-7.812 
3261,-31.250 
3261,-37.646 
3261,-25.333 
3261,-45.474 
3261,107.312 
3262,-7.812 
3262,-31.250 
3262,-46.516 
3262,-48.974 
3262,-40.974 
3262,80.312 
3263,-6.641 
3263,-26.562 
3263,-34.000 
3263,-27.229 
3263,-36.083 
3263,109.104 
3264,-6.641 
3264,-28.516 
3264,-30.932 
3264,-48.974 
3264,-32.625 
3264,107.312 
3265,-7.812 
3265,-31.250 
3265,-33.146 
3265,-25.724 
3265,-27.375 
3265,108.062 
3266,-7.812 
3266,-31.250 
3266,-33.016 
3266,-25.724 
3266,-31.974 
3266,107.312 
3267,-7.812 
3267,-14.917 
3267,-33.146 
3267,-39.974 
3267,-31.974 
3267,108.062 
3268,-6.641 
3268,-28.516 
3268,-35.042 
3268,-28.271 
3268,-37.125 
3268,107.312 
3269,-7.812 
3269,-31.250 
3269,-46.516 
3269,-39.974 
3269,-40.974 
3269,117.062 
3270,-6.641 
3270,-8.854 
3270,-30.542 
3270,-32.771 
3270,-41.625 
3270,99.062 
3271,-6.641 
3271,-18.766 
3271,-7.292 
3271,-30.354 
3271,-22.875 
3271,117.062 
3272,-7.812 
3272,-18.766 
3272,-12.182 
3272,-30.224 
3272,-31.974 
3272,126.062 
3273,-6.641 
3273,-9.766 
3273,-26.042 
3273,-47.021 
3273,-39.542 
3273,119.146 
3274,-7.812 
3274,-14.917 
3274,-12.182 
3274,-19.271 
3274,-39.542 
3274,119.146 
3275,-7.812 
3275,-9.766 
3275,-28.516 
3275,-39.354 
3275,-28.125 
3275,117.062 
3276,-6.641 
3276,-9.766 
3276,-16.292 
3276,-30.354 
3276,-22.875 
3276,105.979 
3277,-7.812 
3277,-31.250 
3277,-46.516 
3277,-30.224 
3277,-38.557 
3277,88.271 
3278,-7.812 
3278,-10.417 
3278,-7.682 
3278,-36.229 
3278,-36.083 
3278,109.104 
3279,-7.812 
3279,-14.917 
3279,-28.646 
3279,-25.333 
3279,-45.474 
3279,126.062 
3280,-6.641 
3280,-14.266 
3280,-12.182 
3280,-21.224 
3280,-27.375 
3280,105.979 
3281,-7.812 
3281,-14.917 
3281,-30.932 
3281,-39.974 
3281,-46.125 
3281,107.312 
3282,-7.812 
3282,-10.417 
3282,-16.812 
3282,-28.141 
3282,-30.542 
3282,119.146 
3283,-7.812 
3283,-10.417 
3283,-7.682 
3283,-30.224 
3283,-37.125 
3283,126.062 
3284,-7.812 
3284,-14.266 
3284,-12.182 
3284,-23.641 
3284,-44.042 
3284,101.146 
3285,-6.641 
3285,-28.516 
3285,-26.432 
3285,-37.271 
3285,-39.542 
3285,101.146 
3286,-7.812 
3286,-31.250 
3286,-37.646 
3286,-25.724 
3286,-29.557 
3286,105.979 
3287,-7.812 
3287,-14.917 
3287,-12.182 
3287,-27.229 
3287,-36.083 
3287,109.104 
3288,-7.812 
3288,-14.917 
3288,-12.312 
3288,-18.391 
3288,-22.224 
3288,100.104 
3289,-7.812 
3289,-14.917 
3289,-12.182 
3289,-23.641 
3289,-35.042 
3289,119.146 
3290,-6.641 
3290,-18.766 
3290,-37.516 
3290,-30.224 
3290,-38.557 
3290,105.979 
3291,-7.812 
3291,-10.417 
3291,-35.432 
3291,-44.474 
3291,-40.974 
3291,126.062 
3292,-6.641 
3292,-18.766 
3292,-26.432 
3292,-28.141 
3292,-11.792 
3292,117.062 
3293,-7.812 
3293,-9.766 
3293,-7.682 
3293,-0.391 
3293,-25.292 
3293,126.062 
3294,-7.812 
3294,-10.417 
3294,-7.812 
3294,-0.391 
3294,-33.250 
3294,109.104 
3295,-7.812 
3295,-14.917 
3295,-28.646 
3295,-25.724 
3295,-45.083 
3295,88.271 
3296,-6.641 
3296,-28.516 
3296,-35.432 
3296,-47.021 
3296,-39.542 
3296,101.146 
3297,-6.641 
3297,-8.854 
3297,-16.292 
3297,-9.521 
3297,-11.792 
3297,126.062 
3298,-7.812 
3298,-9.766 
3298,-16.292 
3298,-19.271 
3298,-16.292 
3298,126.062 
3299,-7.812 
3299,-18.766 
3299,-16.682 
3299,-30.224 
3299,-38.557 
3299,88.271 
3300,-6.641 
3300,-9.766 
3300,-30.932 
3300,-44.474 
3300,-46.125 
3300,108.062 
3301,-7.812 
3301,-10.417 
3301,-26.432 
3301,-32.641 
3301,-31.974 
3301,99.062 
3302,-7.812 
3302,-10.417 
3302,-26.432 
3302,-47.021 
3302,-35.042 
3302,119.146 
3303,-7.812 
3303,-9.766 
3303,-26.042 
3303,-28.271 
3303,-39.542 
3303,107.312 
3304,-7.812 
3304,-18.766 
3304,-12.182 
3304,-5.021 
3304,-11.792 
3304,117.062 
3305,-6.641 
3305,-18.766 
3305,-12.182 
3305,-23.641 
3305,-11.792 
3305,119.146 
3306,-7.812 
3306,-9.766 
3306,-30.932 
3306,-32.641 
3306,-11.792 
3306,119.146 
3307,-6.641 
3307,-9.766 
3307,-16.292 
3307,-28.271 
3307,-37.125 
3307,108.062 
3308,-6.641 
3308,-28.516 
3308,-35.042 
3308,-38.021 
3308,-35.042 
3308,119.146 
3309,-6.641 
3309,-9.766 
3309,-37.516 
3309,-44.474 
3309,-40.974 
3309,107.312 
3310,-7.812 
3310,-14.917 
3310,-16.682 
3310,-23.641 
3310,-40.974 
3310,107.312 
3311,-7.812 
3311,-18.766 
3311,-16.682 
3311,-28.141 
3311,-11.792 
3311,99.062 
3312,-6.641 
3312,-28.516 
3312,-26.432 
3312,-32.641 
3312,-44.042 
3312,80.312 
3313,-7.812 
3313,-10.417 
3313,-7.812 
3313,-29.833 
3313,-13.224 
3313,126.062 
3314,-7.812 
3314,-28.516 
3314,-30.932 
3314,-23.641 
3314,-11.141 
3314,128.146 
3315,-7.812 
3315,-9.766 
3315,-30.932 
3315,-32.641 
3315,-11.792 
3315,126.062 
3316,-6.641 
3316,-9.766 
3316,-33.016 
3316,-30.354 
3316,-22.875 
3316,108.062 
3317,-7.812 
3317,-28.516 
3317,-35.042 
3317,-47.021 
3317,-39.542 
3317,80.312 
3318,-7.812 
3318,-28.516 
3318,-26.432 
3318,-39.974 
3318,-55.125 
3318,99.062 
3319,-7.812 
3319,-14.917 
3319,-28.646 
3319,-48.974 
3319,-40.974 
3319,126.062 
3320,-7.812 
3320,-9.766 
3320,-21.182 
3320,-5.021 
3320,-11.792 
3320,119.146 
3321,-6.641 
3321,-9.766 
3321,-16.292 
3321,-28.271 
3321,-20.792 
3321,99.062 
3322,-7.812 
3322,-18.766 
3322,-26.432 
3322,-48.974 
3322,-40.974 
3322,107.312 
3323,-6.641 
3323,-8.854 
3323,-11.792 
3323,-30.354 
3323,-32.625 
3323,126.062 
3324,-6.641 
3324,-14.266 
3324,-30.932 
3324,-28.271 
3324,-37.125 
3324,108.062 
3325,-6.641 
3325,-9.766 
3325,-7.682 
3325,-30.224 
3325,-34.057 
3325,88.271 
3326,-6.641 
3326,-9.766 
3326,-28.516 
3326,-21.224 
3326,-43.057 
3326,88.271 
3327,-7.812 
3327,-14.917 
3327,-12.312 
3327,-23.641 
3327,-35.042 
3327,107.312 
3328,-6.641 
3328,-9.766 
3328,-21.182 
3328,-23.771 
3328,-30.542 
3328,119.146 
3329,-6.641 
3329,-8.854 
3329,-35.042 
3329,-38.021 
3329,-35.042 
3329,107.312 
3330,-7.812 
3330,-31.250 
3330,-28.516 
3330,-39.974 
3330,-55.125 
3330,99.062 
3331,-7.812 
3331,-18.766 
3331,-26.432 
3331,-19.271 
3331,-37.125 
3331,107.312 
3332,-6.641 
3332,-26.562 
3332,-29.500 
3332,-48.062 
3332,-40.583 
3332,109.104 
3333,-6.641 
3333,-9.766 
3333,-34.000 
3333,-27.229 
3333,-36.083 
3333,109.104 
3334,-7.812 
3334,-10.417 
3334,-25.682 
3334,-30.224 
3334,-27.083 
3334,88.271 
3335,-7.812 
3335,-10.417 
3335,-33.146 
3335,-25.333 
3335,-45.474 
3335,107.312 
3336,-6.641 
3336,-9.766 
3336,-30.932 
3336,-28.271 
3336,-30.542 
3336,107.312 
3337,-7.812 
3337,-10.417 
3337,-26.432 
3337,-39.974 
3337,-55.125 
3337,99.062 
3338,-7.812 
3338,-14.266 
3338,-26.042 
3338,-51.521 
3338,-39.542 
3338,101.146 
3339,-7.812 
3339,-10.417 
3339,-26.432 
3339,-32.641 
3339,-35.042 
3339,119.146 
3340,-6.641 
3340,-8.854 
3340,-35.042 
3340,-28.271 
3340,-39.542 
3340,80.312 
3341,-7.812 
3341,-18.766 
3341,-30.932 
3341,-53.474 
3341,-32.625 
3341,99.062 
3342,-6.641 
3342,-14.266 
3342,-12.182 
3342,-21.224 
3342,-37.125 
3342,107.312 
3343,-7.812 
3343,-10.417 
3343,-26.432 
3343,-37.271 
3343,-37.125 
3343,99.062 
3344,-7.812 
3344,-14.917 
3344,-26.432 
3344,-38.021 
3344,-39.542 
3344,107.312 
3345,-7.812 
3345,-9.766 
3345,-16.292 
3345,-25.854 
3345,-32.625 
3345,107.312 
3346,-7.812 
3346,-10.417 
3346,-25.682 
3346,-25.724 
3346,-43.057 
3346,105.979 
3347,-7.812 
3347,-10.417 
3347,-35.432 
3347,-48.974 
3347,-28.125 
3347,117.062 
3348,-6.641 
3348,-28.516 
3348,-35.432 
3348,-28.141 
3348,-36.474 
3348,126.062 
3349,-6.641 
3349,-8.854 
3349,-26.042 
3349,-28.271 
3349,-20.792 
3349,126.062 
3350,-7.812 
3350,-31.250 
3350,-28.516 
3350,-39.354 
3350,-28.125 
3350,107.312 
3351,-7.812 
3351,-10.417 
3351,-7.682 
3351,-21.224 
3351,-26.724 
3351,100.104 
3352,-7.812 
3352,-18.766 
3352,-25.000 
3352,-27.229 
3352,-36.083 
3352,109.104 
3353,-7.812 
3353,-10.417 
3353,-16.812 
3353,-28.141 
3353,-40.974 
3353,117.062 
3354,-6.641 
3354,-28.516 
3354,-26.432 
3354,-32.641 
3354,-31.974 
3354,80.312 
3355,-6.641 
3355,-14.266 
3355,-30.932 
3355,-39.974 
3355,-31.974 
3355,107.312 
3356,-6.641 
3356,-9.766 
3356,-7.682 
3356,-36.229 
3356,-36.083 
3356,100.104 
3357,-7.812 
3357,-9.766 
3357,-26.432 
3357,-48.974 
3357,-46.125 
3357,107.312 
3358,-7.812 
3358,-10.417 
3358,-7.682 
3358,-28.271 
3358,-16.292 
3358,126.062 
3359,-7.812 
3359,-10.417 
3359,-35.432 
3359,-28.141 
3359,-11.792 
3359,119.146 
3360,-6.641 
3360,-18.766 
3360,-7.292 
3360,-30.354 
3360,-37.125 
3360,80.312 
3361,-7.812 
3361,-18.766 
3361,-16.682 
3361,-9.391 
3361,-11.141 
3361,119.146 
3362,-7.812 
3362,-18.766 
3362,-25.000 
3362,-48.062 
3362,-40.583 
3362,100.104 
3363,-6.641 
3363,-9.766 
3363,-16.682 
3363,-27.229 
3363,-40.583 
3363,88.271 
3364,-7.812 
3364,-18.766 
3364,-16.682 
3364,-30.224 
3364,-40.974 
3364,99.062 
3365,-6.641 
3365,-8.854 
3365,-16.292 
3365,-28.271 
3365,-16.292 
3365,108.062 
3366,-7.812 
3366,-18.766 
3366,-26.432 
3366,-19.271 
3366,-37.125 
3366,107.312 
3367,-7.812 
3367,-18.766 
3367,-16.682 
3367,-19.271 
3367,-37.125 
3367,99.062 
3368,-7.812 
3368,-14.917 
3368,-33.146 
3368,-25.333 
3368,-35.724 
3368,108.062 
3369,-6.641 
3369,-8.854 
3369,-16.292 
3369,-19.271 
3369,-35.042 
3369,107.312 
3370,-7.812 
3370,-31.250 
3370,-33.146 
3370,-39.224 
3370,-22.224 
3370,108.062 
3371,-7.812 
3371,-10.417 
3371,-25.682 
3371,-25.724 
3371,-43.057 
3371,88.271 
3372,-7.812 
3372,-31.250 
3372,-37.516 
3372,-34.724 
3372,-13.875 
3372,126.062 
3373,-7.812 
3373,-18.766 
3373,-28.516 
3373,-44.474 
3373,-32.625 
3373,107.312 
3374,-7.812 
3374,-9.766 
3374,-37.516 
3374,-34.724 
3374,-32.625 
3374,108.062 
3375,-6.641 
3375,-18.766 
3375,-26.432 
3375,-28.141 
3375,-36.474 
3375,107.312 
3376,-7.812 
3376,-9.766 
3376,-26.432 
3376,-19.141 
3376,-44.042 
3376,119.146 
3377,-6.641 
3377,-26.562 
3377,-34.000 
3377,-48.062 
3377,-40.583 
3377,100.104 
3378,-7.812 
3378,-10.417 
3378,-7.812 
3378,-37.141 
3378,-36.474 
3378,126.062 
3379,-6.641 
3379,-28.516 
3379,-35.042 
3379,-28.271 
3379,-37.125 
3379,107.312 
3380,-7.812 
3380,-10.417 
3380,-35.432 
3380,-28.141 
3380,-30.542 
3380,119.146 
3381,-6.641 
3381,-14.266 
3381,-12.182 
3381,-25.724 
3381,-31.974 
3381,80.312 
3382,-6.641 
3382,-8.854 
3382,-26.042 
3382,-28.271 
3382,-37.125 
3382,107.312 
3383,-7.812 
3383,-31.250 
3383,-33.146 
3383,-25.333 
3383,-31.974 
3383,107.312 
3384,-7.812 
3384,-31.250 
3384,-33.016 
3384,-30.354 
3384,-22.875 
3384,126.062 
3385,-7.812 
3385,-10.417 
3385,-25.682 
3385,-28.141 
3385,-30.542 
3385,80.312 
3386,-6.641 
3386,-9.766 
3386,-26.432 
3386,-19.141 
3386,-34.292 
3386,108.062 
3387,-6.641 
3387,-8.854 
3387,-16.292 
3387,-9.521 
3387,-16.292 
3387,108.062 
3388,-7.812 
3388,-9.766 
3388,-30.932 
3388,-44.474 
3388,-46.125 
3388,108.062 
3389,-6.641 
3389,-9.766 
3389,-26.042 
3389,-42.521 
3389,-39.542 
3389,128.146 
3390,-6.641 
3390,-18.766 
3390,-12.182 
3390,-5.021 
3390,-20.792 
3390,99.062 
3391,-7.812 
3391,-18.766 
3391,-28.516 
3391,-44.474 
3391,-32.625 
3391,126.062 
3392,-7.812 
3392,-14.917 
3392,-12.312 
3392,-28.141 
3392,-30.542 
3392,107.312 
3393,-7.812 
3393,-14.266 
3393,-26.042 
3393,-32.771 
3393,-20.792 
3393,101.146 
3394,-7.812 
3394,-18.766 
3394,-16.682 
3394,-0.521 
3394,-18.375 
3394,126.062 
3395,-7.812 
3395,-28.516 
3395,-26.042 
3395,-47.021 
3395,-39.542 
3395,119.146 
3396,-7.812 
3396,-9.766 
3396,-7.682 
3396,-28.271 
3396,-16.292 
3396,128.146 
3397,-6.641 
3397,-9.766 
3397,-16.682 
3397,-4.891 
3397,-13.224 
3397,100.104 
3398,-7.812 
3398,-10.417 
3398,-28.646 
3398,-57.974 
3398,-28.125 
3398,117.062 
3399,-7.812 
3399,-10.417 
3399,-7.682 
3399,-30.224 
3399,-13.224 
3399,109.104 
3400,-6.641 
3400,-9.766 
3400,-7.682 
3400,-28.271 
3400,-20.792 
3400,119.146 
3401,-7.812 
3401,-9.766 
3401,-16.682 
3401,-27.229 
3401,-36.083 
3401,109.104 
3402,-7.812 
3402,-14.917 
3402,-12.312 
3402,-19.141 
3402,-25.292 
3402,128.146 
3403,-7.812 
3403,-10.417 
3403,-35.432 
3403,-28.141 
3403,-20.141 
3403,119.146 
3404,-7.812 
3404,-28.516 
3404,-35.042 
3404,-28.271 
3404,-39.542 
3404,101.146 
3405,-6.641 
3405,-18.766 
3405,-30.932 
3405,-23.771 
3405,-41.625 
3405,99.062 
3406,-7.812 
3406,-18.766 
3406,-16.682 
3406,-19.271 
3406,-37.125 
3406,80.312 
3407,-7.812 
3407,-10.417 
3407,-7.682 
3407,-19.141 
3407,-40.974 
3407,107.312 
3408,-6.641 
3408,-18.766 
3408,-16.682 
3408,-18.229 
3408,-36.083 
3408,109.104 
3409,-7.812 
3409,-10.417 
3409,-16.812 
3409,-25.333 
3409,-31.974 
3409,80.312 
3410,-6.641 
3410,-14.266 
3410,-30.932 
3410,-23.641 
3410,-25.292 
3410,108.062 
3411,-6.641 
3411,-18.766 
3411,-16.682 
3411,-18.229 
3411,-19.750 
3411,100.104 
3412,-6.641 
3412,-9.766 
3412,-28.516 
3412,-34.724 
3412,-27.375 
3412,117.062 
3413,-6.641 
3413,-28.516 
3413,-26.042 
3413,-32.771 
3413,-41.625 
3413,107.312 
3414,-7.812 
3414,-14.917 
3414,-26.432 
3414,-48.974 
3414,-40.974 
3414,107.312 
3415,-7.812 
3415,-10.417 
3415,-16.812 
3415,-25.333 
3415,-45.474 
3415,117.062 
3416,-6.641 
3416,-26.562 
3416,-34.000 
3416,-27.229 
3416,-15.250 
3416,109.104 
3417,-7.812 
3417,-10.417 
3417,-7.682 
3417,-19.141 
3417,-34.292 
3417,101.146 
3418,-7.812 
3418,-9.766 
3418,-16.682 
3418,-9.521 
3418,-18.375 
3418,108.062 
3419,-7.812 
3419,-10.417 
3419,-33.146 
3419,-25.333 
3419,-45.474 
3419,107.312 
3420,-7.812 
3420,-31.250 
3420,-33.016 
3420,-30.354 
3420,-41.625 
3420,107.312 
3421,-6.641 
3421,-9.766 
3421,-7.682 
3421,-21.224 
3421,-43.057 
3421,105.979 
3422,-7.812 
3422,-10.417 
3422,-25.682 
3422,-25.724 
3422,-32.625 
3422,107.312 
3423,-7.812 
3423,-9.766 
3423,-28.516 
3423,-39.354 
3423,-37.125 
3423,108.062 
3424,-7.812 
3424,-9.766 
3424,-7.682 
3424,-13.891 
3424,-8.724 
3424,109.104 
3425,-7.812 
3425,-10.417 
3425,-35.432 
3425,-48.974 
3425,-28.125 
3425,107.312 
3426,-7.812 
3426,-9.766 
3426,-16.292 
3426,-28.271 
3426,-26.042 
3426,119.146 
3427,-6.641 
3427,-28.516 
3427,-35.432 
3427,-28.141 
3427,-20.141 
3427,119.146 
3428,-6.641 
3428,-8.854 
3428,-11.792 
3428,-23.771 
3428,-37.125 
3428,126.062 
3429,-7.812 
3429,-28.516 
3429,-39.932 
3429,-23.771 
3429,-20.792 
3429,99.062 
3430,-7.812 
3430,-31.250 
3430,-46.516 
3430,-39.062 
3430,-36.083 
3430,100.104 
3431,-6.641 
3431,-9.766 
3431,-28.516 
3431,-21.224 
3431,-46.125 
3431,107.312 
3432,-7.812 
3432,-28.516 
3432,-30.932 
3432,-48.974 
3432,-40.974 
3432,107.312 
3433,-6.641 
3433,-28.516 
3433,-35.432 
3433,-23.641 
3433,-11.141 
3433,119.146 
3434,-6.641 
3434,-9.766 
3434,-16.682 
3434,-23.641 
3434,-27.474 
3434,108.062 
3435,-7.812 
3435,-9.766 
3435,-7.682 
3435,-13.891 
3435,-13.224 
3435,100.104 
3436,-7.812 
3436,-18.766 
3436,-16.682 
3436,-30.224 
3436,-27.083 
3436,100.104 
3437,-6.641 
3437,-18.766 
3437,-26.042 
3437,-28.271 
3437,-30.542 
3437,119.146 
3438,-6.641 
3438,-9.766 
3438,-29.500 
3438,-48.062 
3438,-40.583 
3438,109.104 
3439,-6.641 
3439,-9.766 
3439,-21.182 
3439,-23.641 
3439,-30.542 
3439,107.312 
3440,-7.812 
3440,-10.417 
3440,-33.146 
3440,-39.224 
3440,-13.875 
3440,105.979 
3441,-7.812 
3441,-10.417 
3441,-33.146 
3441,-39.224 
3441,-31.583 
3441,109.104 
3442,-7.812 
3442,-28.516 
3442,-35.432 
3442,-28.271 
3442,-30.542 
3442,107.312 
3443,-7.812 
3443,-31.250 
3443,-37.516 
3443,-25.854 
3443,-22.875 
3443,108.062 
3444,-7.812 
3444,-18.766 
3444,-16.682 
3444,-0.521 
3444,-7.292 
3444,128.146 
3445,-7.812 
3445,-18.766 
3445,-16.682 
3445,-30.224 
3445,-38.557 
3445,105.979 
3446,-7.812 
3446,-14.917 
3446,-26.432 
3446,-23.641 
3446,-35.042 
3446,107.312 
3447,-6.641 
3447,-26.562 
3447,-34.000 
3447,-27.229 
3447,-40.583 
3447,100.104 
3448,-7.812 
3448,-31.250 
3448,-33.016 
3448,-44.474 
3448,-46.125 
3448,108.062 
3449,-7.812 
3449,-10.417 
3449,-28.646 
3449,-21.224 
3449,-46.125 
3449,107.312 
3450,-7.812 
3450,-14.917 
3450,-30.932 
3450,-39.974 
3450,-31.974 
3450,107.312 
3451,-7.812 
3451,-14.917 
3451,-12.182 
3451,-23.641 
3451,-44.042 
3451,80.312 
3452,-7.812 
3452,-18.766 
3452,-16.682 
3452,-19.271 
3452,-37.125 
3452,80.312 
3453,-7.812 
3453,-10.417 
3453,-28.646 
3453,-21.224 
3453,-36.375 
3453,99.062 
3454,-6.641 
3454,-8.854 
3454,-16.292 
3454,-28.271 
3454,-41.625 
3454,99.062 
3455,-6.641 
3455,-9.766 
3455,-16.292 
3455,-28.271 
3455,-20.792 
3455,99.062 
3456,-6.641 
3456,-28.516 
3456,-35.042 
3456,-38.021 
3456,-35.042 
3456,119.146 
3457,-7.812 
3457,-10.417 
3457,-7.682 
3457,-19.141 
3457,-40.974 
3457,107.312 
3458,-6.641 
3458,-28.516 
3458,-35.042 
3458,-28.271 
3458,-37.125 
3458,108.062 
3459,-7.812 
3459,-14.917 
3459,-12.312 
3459,-28.141 
3459,-40.974 
3459,107.312 
3460,-7.812 
3460,-18.766 
3460,-12.182 
3460,-19.271 
3460,-30.542 
3460,107.312 
3461,-7.812 
3461,-10.417 
3461,-35.432 
3461,-19.271 
3461,-35.042 
3461,119.146 
3462,-7.812 
3462,-10.417 
3462,-7.812 
3462,-37.141 
3462,-36.474 
3462,126.062 
3463,-7.812 
3463,-9.766 
3463,-16.292 
3463,-23.771 
3463,-20.792 
3463,108.062 
3464,-7.812 
3464,-10.417 
3464,-33.146 
3464,-46.167 
3464,-34.057 
3464,105.979 
3465,-7.812 
3465,-18.766 
3465,-25.000 
3465,-43.562 
3465,-40.583 
3465,88.271 
3466,-7.812 
3466,-31.250 
3466,-28.646 
3466,-21.224 
3466,-26.724 
3466,117.062 
3467,-7.812 
3467,-9.766 
3467,-26.042 
3467,-47.021 
3467,-39.542 
3467,119.146 
3468,-7.812 
3468,-18.766 
3468,-7.292 
3468,-19.271 
3468,-37.125 
3468,107.312 
3469,-7.812 
3469,-31.250 
3469,-28.516 
3469,-39.974 
3469,-45.474 
3469,80.312 
3470,-7.812 
3470,-31.250 
3470,-33.016 
3470,-30.354 
3470,-22.875 
3470,126.062 
3471,-7.812 
3471,-18.766 
3471,-26.042 
3471,-28.271 
3471,-37.125 
3471,107.312 
3472,-7.812 
3472,-10.417 
3472,-35.432 
3472,-28.141 
3472,-7.292 
3472,126.062 
3473,-6.641 
3473,-9.766 
3473,-30.932 
3473,-23.641 
3473,-35.042 
3473,107.312 
3474,-7.812 
3474,-14.917 
3474,-33.146 
3474,-41.667 
3474,-34.057 
3474,88.271 
3475,-6.641 
3475,-9.766 
3475,-26.432 
3475,-47.021 
3475,-35.042 
3475,107.312 
3476,-7.812 
3476,-9.766 
3476,-26.432 
3476,-39.974 
3476,-55.125 
3476,80.312 
3477,-7.812 
3477,-10.417 
3477,-25.682 
3477,-9.391 
3477,-7.292 
3477,108.062 
3478,-7.812 
3478,-14.917 
3478,-12.182 
3478,-27.229 
3478,-36.083 
3478,88.271 
3479,-7.812 
3479,-10.417 
3479,-7.812 
3479,-29.833 
3479,-45.474 
3479,126.062 
3480,-7.812 
3480,-28.516 
3480,-35.432 
3480,-23.641 
3480,-44.042 
3480,80.312 
3481,-7.812 
3481,-28.516 
3481,-35.432 
3481,-28.141 
3481,-26.042 
3481,107.312 
3482,-6.641 
3482,-18.766 
3482,-26.432 
3482,-48.974 
3482,-28.125 
3482,107.312 
3483,-7.812 
3483,-18.766 
3483,-26.432 
3483,-48.974 
3483,-28.125 
3483,107.312 
3484,-6.641 
3484,-18.766 
3484,-26.432 
3484,-28.141 
3484,-26.042 
3484,119.146 
3485,-6.641 
3485,-9.766 
3485,-30.932 
3485,-23.641 
3485,-35.042 
3485,107.312 
3486,-7.812 
3486,-14.917 
3486,-12.312 
3486,-28.141 
3486,-40.974 
3486,117.062 
3487,-7.812 
3487,-14.917 
3487,-16.682 
3487,-13.891 
3487,-11.792 
3487,108.062 
3488,-7.812 
3488,-18.766 
3488,-7.292 
3488,-30.354 
3488,-22.875 
3488,99.062 
3489,-6.641 
3489,-18.766 
3489,-37.516 
3489,-30.224 
3489,-22.224 
3489,99.062 
3490,-7.812 
3490,-31.250 
3490,-28.646 
3490,-21.224 
3490,-54.083 
3490,100.104 
3491,-6.641 
3491,-28.516 
3491,-26.432 
3491,-37.271 
3491,-37.125 
3491,107.312 
3492,-6.641 
3492,-9.766 
3492,-7.682 
3492,-19.141 
3492,-40.974 
3492,108.062 
3493,-6.641 
3493,-9.766 
3493,-37.516 
3493,-44.474 
3493,-32.625 
3493,107.312 
3494,-7.812 
3494,-10.417 
3494,-25.682 
3494,-25.724 
3494,-13.875 
3494,108.062 
3495,-7.812 
3495,-14.917 
3495,-28.646 
3495,-39.224 
3495,-31.974 
3495,126.062 
3496,-7.812 
3496,-18.766 
3496,-37.516 
3496,-21.354 
3496,-41.625 
3496,80.312 
3497,-7.812 
3497,-10.417 
3497,-25.682 
3497,-18.229 
3497,-36.083 
3497,88.271 
3498,-7.812 
3498,-10.417 
3498,-16.812 
3498,-25.333 
3498,-27.474 
3498,107.312 
3499,-7.812 
3499,-31.250 
3499,-37.646 
3499,-25.333 
3499,-31.974 
3499,80.312 
3500,-6.641 
3500,-8.854 
3500,-30.542 
3500,-51.521 
3500,-39.542 
3500,80.312 
3501,-7.812 
3501,-18.766 
3501,-26.432 
3501,-19.271 
3501,-16.292 
3501,126.062 
3502,-6.641 
3502,-28.516 
3502,-30.932 
3502,-23.641 
3502,-35.042 
3502,128.146 
3503,-7.812 
3503,-31.250 
3503,-28.516 
3503,-39.354 
3503,-22.875 
3503,99.062 
3504,-6.641 
3504,-8.854 
3504,-11.792 
3504,-14.021 
3504,-18.375 
3504,105.979 
3505,-6.641 
3505,-14.266 
3505,-12.182 
3505,-19.271 
3505,-37.125 
3505,107.312 
3506,-7.812 
3506,-10.417 
3506,-25.682 
3506,-18.229 
3506,-36.083 
3506,100.104 
3507,-6.641 
3507,-9.766 
3507,-28.516 
3507,-39.354 
3507,-18.375 
3507,99.062 
3508,-7.812 
3508,-14.917 
3508,-16.682 
3508,-22.729 
3508,-40.583 
3508,100.104 
3509,-7.812 
3509,-18.766 
3509,-37.516 
3509,-30.224 
3509,-9.375 
3509,108.062 
3510,-7.812 
3510,-14.917 
3510,-28.646 
3510,-25.724 
3510,-37.125 
3510,126.062 
3511,-6.641 
3511,-9.766 
3511,-26.042 
3511,-47.021 
3511,-39.542 
3511,107.312 
3512,-7.812 
3512,-31.250 
3512,-33.146 
3512,-48.974 
3512,-32.625 
3512,107.312 
3513,-7.812 
3513,-9.766 
3513,-21.182 
3513,-34.724 
3513,-22.224 
3513,99.062 
3514,-7.812 
3514,-10.417 
3514,-28.646 
3514,-48.224 
3514,-22.224 
3514,108.062 
3515,-7.812 
3515,-10.417 
3515,-25.682 
3515,-25.724 
3515,-13.875 
3515,105.979 
3516,-6.641 
3516,-28.516 
3516,-26.042 
3516,-42.521 
3516,-39.542 
3516,107.312 
3517,-7.812 
3517,-14.917 
3517,-16.682 
3517,-23.771 
3517,-37.125 
3517,107.312 
3518,-6.641 
3518,-9.766 
3518,-7.682 
3518,-30.224 
3518,-45.083 
3518,88.271 
3519,-7.812 
3519,-10.417 
3519,-33.146 
3519,-25.724 
3519,-34.057 
3519,105.979 
3520,-7.812 
3520,-28.516 
3520,-30.932 
3520,-23.641 
3520,-35.042 
3520,128.146 
3521,-7.812 
3521,-31.250 
3521,-37.646 
3521,-39.224 
3521,-28.125 
3521,107.312 
3522,-6.641 
3522,-8.854 
3522,-16.292 
3522,-30.354 
3522,-18.375 
3522,105.979 
3523,-7.812 
3523,-31.250 
3523,-33.146 
3523,-48.974 
3523,-32.625 
3523,107.312 
3524,-6.641 
3524,-28.516 
3524,-35.432 
3524,-44.474 
3524,-40.974 
3524,107.312 
3525,-7.812 
3525,-14.917 
3525,-30.932 
3525,-39.974 
3525,-31.974 
3525,108.062 
3526,-7.812 
3526,-31.250 
3526,-28.516 
3526,-34.724 
3526,-13.224 
3526,99.062 
3527,-7.812 
3527,-18.766 
3527,-30.932 
3527,-23.771 
3527,-41.625 
3527,99.062 
3528,-7.812 
3528,-10.417 
3528,-25.682 
3528,-19.141 
3528,-20.141 
3528,128.146 
3529,-7.812 
3529,-10.417 
3529,-28.646 
3529,-50.667 
3529,-56.557 
3529,88.271 
3530,-7.812 
3530,-14.917 
3530,-28.646 
3530,-25.724 
3530,-45.083 
3530,88.271 
3531,-6.641 
3531,-8.854 
3531,-30.542 
3531,-32.771 
3531,-20.792 
3531,101.146 
3532,-6.641 
3532,-8.854 
3532,-16.292 
3532,-28.271 
3532,-16.292 
3532,108.062 
3533,-7.812 
3533,-10.417 
3533,-16.812 
3533,-4.500 
3533,-11.141 
3533,101.146 
3534,-7.812 
3534,-10.417 
3534,-7.812 
3534,-13.500 
3534,-33.641 
3534,101.146 
3535,-7.812 
3535,-9.766 
3535,-30.932 
3535,-23.641 
3535,-35.042 
3535,107.312 
3536,-7.812 
3536,-14.266 
3536,-7.292 
3536,-30.354 
3536,-32.625 
3536,126.062 
3537,-6.641 
3537,-18.766 
3537,-16.682 
3537,-25.724 
3537,-31.974 
3537,126.062 
3538,-6.641 
3538,-28.516 
3538,-26.432 
3538,-48.974 
3538,-46.125 
3538,108.062 
3539,-6.641 
3539,-28.516 
3539,-35.432 
3539,-28.271 
3539,-20.792 
3539,119.146 
3540,-6.641 
3540,-18.766 
3540,-16.682 
3540,-25.724 
3540,-32.625 
3540,107.312 
3541,-7.812 
3541,-9.766 
3541,-11.792 
3541,-32.771 
3541,-30.542 
3541,119.146 
3542,-7.812 
3542,-10.417 
3542,-16.812 
3542,-28.141 
3542,-30.542 
3542,119.146 
3543,-6.641 
3543,-8.854 
3543,-30.542 
3543,-51.521 
3543,-39.542 
3543,80.312 
3544,-6.641 
3544,-26.562 
3544,-34.000 
3544,-27.229 
3544,-36.083 
3544,109.104 
3545,-7.812 
3545,-31.250 
3545,-46.516 
3545,-30.224 
3545,-22.224 
3545,100.104 
3546,-7.812 
3546,-18.766 
3546,-30.932 
3546,-32.641 
3546,-11.792 
3546,99.062 
3547,-7.812 
3547,-9.766 
3547,-16.682 
3547,-25.724 
3547,-27.375 
3547,99.062 
3548,-7.812 
3548,-10.417 
3548,-25.682 
3548,-28.141 
3548,-40.974 
3548,99.062 
3549,-7.812 
3549,-18.766 
3549,-16.682 
3549,-19.271 
3549,-37.125 
3549,99.062 
3550,-7.812 
3550,-9.766 
3550,-26.432 
3550,-48.974 
3550,-46.125 
3550,108.062 
3551,-6.641 
3551,-28.516 
3551,-30.932 
3551,-23.771 
3551,-20.792 
3551,119.146 
3552,-6.641 
3552,-18.766 
3552,-26.432 
3552,-19.271 
3552,-37.125 
3552,107.312 
3553,-7.812 
3553,-9.766 
3553,-16.682 
3553,-23.641 
3553,-25.292 
3553,108.062 
3554,-6.641 
3554,-28.516 
3554,-35.042 
3554,-28.271 
3554,-37.125 
3554,107.312 
3555,-7.812 
3555,-18.766 
3555,-16.682 
3555,-25.724 
3555,-22.224 
3555,109.104 
3556,-6.641 
3556,-9.766 
3556,-7.682 
3556,-21.224 
3556,-46.125 
3556,117.062 
3557,-7.812 
3557,-9.766 
3557,-7.682 
3557,-19.141 
3557,-44.042 
3557,119.146 
3558,-7.812 
3558,-14.917 
3558,-33.146 
3558,-25.724 
3558,-27.375 
3558,117.062 
3559,-6.641 
3559,-9.766 
3559,-26.042 
3559,-47.021 
3559,-35.042 
3559,107.312 
3560,-6.641 
3560,-8.854 
3560,-35.042 
3560,-28.271 
3560,-39.542 
3560,101.146 
3561,-7.812 
3561,-31.250 
3561,-33.146 
3561,-39.224 
3561,-22.224 
3561,108.062 
3562,-7.812 
3562,-14.266 
3562,-26.042 
3562,-51.521 
3562,-39.542 
3562,80.312 
3563,-7.812 
3563,-28.516 
3563,-35.432 
3563,-28.141 
3563,-30.542 
3563,119.146 
3564,-7.812 
3564,-14.917 
3564,-12.182 
3564,-28.271 
3564,-20.792 
3564,99.062 
3565,-7.812 
3565,-31.250 
3565,-28.646 
3565,-34.333 
3565,-27.474 
3565,108.062 
3566,-6.641 
3566,-9.766 
3566,-28.516 
3566,-34.724 
3566,-31.974 
3566,99.062 
3567,-7.812 
3567,-9.766 
3567,-7.682 
3567,-21.224 
3567,-46.125 
3567,117.062 
3568,-7.812 
3568,-28.516 
3568,-39.932 
3568,-32.641 
3568,-30.542 
3568,80.312 
3569,-6.641 
3569,-18.766 
3569,-26.042 
3569,-28.271 
3569,-37.125 
3569,108.062 
3570,-7.812 
3570,-18.766 
3570,-26.042 
3570,-28.271 
3570,-16.292 
3570,108.062 
3571,-7.812 
3571,-10.417 
3571,-28.646 
3571,-50.667 
3571,-34.057 
3571,105.979 
3572,-7.812 
3572,-18.766 
3572,-37.516 
3572,-21.354 
3572,-41.625 
3572,80.312 
3573,-7.812 
3573,-10.417 
3573,-28.646 
3573,-34.333 
3573,-13.224 
3573,100.104 
3574,-7.812 
3574,-14.917 
3574,-26.432 
3574,-23.771 
3574,-37.125 
3574,107.312 
3575,-7.812 
3575,-9.766 
3575,-33.016 
3575,-25.724 
3575,-34.057 
3575,88.271 
3576,-7.812 
3576,-14.917 
3576,-28.646 
3576,-25.724 
3576,-37.125 
3576,126.062 
3577,-7.812 
3577,-28.516 
3577,-35.432 
3577,-39.974 
3577,-46.125 
3577,107.312 
3578,-6.641 
3578,-14.266 
3578,-25.000 
3578,-31.729 
3578,-36.083 
3578,109.104 
3579,-7.812 
3579,-14.917 
3579,-33.146 
3579,-39.224 
3579,-31.974 
3579,117.062 
3580,-6.641 
3580,-8.854 
3580,-35.042 
3580,-38.021 
3580,-35.042 
3580,107.312 
3581,-7.812 
3581,-31.250 
3581,-33.016 
3581,-44.474 
3581,-31.974 
3581,107.312 
3582,-7.812 
3582,-18.766 
3582,-12.182 
3582,-34.724 
3582,-31.583 
3582,100.104 
3583,-6.641 
3583,-8.854 
3583,-16.292 
3583,-19.271 
3583,-35.042 
3583,119.146 
3584,-7.812 
3584,-31.250 
3584,-33.146 
3584,-25.724 
3584,-45.083 
3584,88.271 
3585,-6.641 
3585,-18.766 
3585,-12.182 
3585,-34.724 
3585,-22.224 
3585,108.062 
3586,-6.641 
3586,-8.854 
3586,-11.792 
3586,-23.771 
3586,-39.542 
3586,119.146 
3587,-7.812 
3587,-10.417 
3587,-26.432 
3587,-32.641 
3587,-35.042 
3587,119.146 
3588,-7.812 
3588,-31.250 
3588,-37.516 
3588,-43.562 
3588,-40.583 
3588,109.104 
3589,-7.812 
3589,-18.766 
3589,-26.042 
3589,-28.271 
3589,-37.125 
3589,80.312 
3590,-7.812 
3590,-14.917 
3590,-12.182 
3590,-9.521 
3590,-18.375 
3590,105.979 
3591,-7.812 
3591,-31.250 
3591,-37.516 
3591,-25.854 
3591,-22.875 
3591,108.062 
3592,-7.812 
3592,-18.766 
3592,-37.516 
3592,-30.224 
3592,-38.557 
3592,105.979 
3593,-6.641 
3593,-8.854 
3593,-16.292 
3593,-30.354 
3593,-18.375 
3593,105.979 
3594,-6.641 
3594,-9.766 
3594,-37.516 
3594,-43.562 
3594,-40.583 
3594,109.104 
3595,-7.812 
3595,-14.917 
3595,-12.182 
3595,-23.641 
3595,-27.474 
3595,108.062 
3596,-6.641 
3596,-28.516 
3596,-26.432 
3596,-19.141 
3596,-44.042 
3596,119.146 
3597,-7.812 
3597,-14.917 
3597,-35.432 
3597,-32.641 
3597,-40.974 
3597,99.062 
3598,-7.812 
3598,-18.766 
3598,-7.292 
3598,-25.854 
3598,-32.625 
3598,126.062 
3599,-7.812 
3599,-14.917 
3599,-12.182 
3599,-9.521 
3599,-20.792 
3599,119.146 
3600,-7.812 
3600,-31.250 
3600,-28.646 
3600,-21.224 
3600,-26.724 
3600,100.104 
3601,-6.641 
3601,-8.854 
3601,-30.542 
3601,-51.521 
3601,-39.542 
3601,80.312 
3602,-7.812 
3602,-9.766 
3602,-37.516 
3602,-25.854 
3602,-32.625 
3602,107.312 
3603,-7.812 
3603,-14.917 
3603,-26.432 
3603,-23.641 
3603,-31.974 
3603,107.312 
3604,-7.812 
3604,-18.766 
3604,-12.182 
3604,-22.729 
3604,-36.083 
3604,109.104 
3605,-7.812 
3605,-31.250 
3605,-37.646 
3605,-41.667 
3605,-34.057 
3605,88.271 
3606,-6.641 
3606,-18.766 
3606,-25.000 
3606,-27.229 
3606,-36.083 
3606,88.271 
3607,-7.812 
3607,-9.766 
3607,-16.292 
3607,-9.521 
3607,-18.375 
3607,126.062 
3608,-7.812 
3608,-10.417 
3608,-25.682 
3608,-28.141 
3608,-11.792 
3608,101.146 
3609,-7.812 
3609,-31.250 
3609,-33.016 
3609,-25.724 
3609,-27.375 
3609,105.979 
3610,-7.812 
3610,-10.417 
3610,-25.682 
3610,-18.229 
3610,-15.250 
3610,109.104 
3611,-7.812 
3611,-28.516 
3611,-35.432 
3611,-19.271 
3611,-35.042 
3611,107.312 
3612,-6.641 
3612,-9.766 
3612,-7.682 
3612,-28.271 
3612,-35.042 
3612,107.312 
3613,-7.812 
3613,-14.917 
3613,-16.682 
3613,-23.641 
3613,-11.792 
3613,119.146 
3614,-6.641 
3614,-9.766 
3614,-11.792 
3614,-30.354 
3614,-32.625 
3614,107.312 
3615,-7.812 
3615,-10.417 
3615,-7.812 
3615,-37.141 
3615,-7.292 
3615,126.062 
3616,-7.812 
3616,-31.250 
3616,-33.146 
3616,-25.333 
3616,-13.224 
3616,126.062 
3617,-7.812 
3617,-18.766 
3617,-37.516 
3617,-39.062 
3617,-36.083 
3617,100.104 
3618,-6.641 
3618,-14.266 
3618,-30.932 
3618,-28.271 
3618,-37.125 
3618,108.062 
3619,-7.812 
3619,-9.766 
3619,-7.682 
3619,-28.141 
3619,-35.042 
3619,128.146 
3620,-7.812 
3620,-10.417 
3620,-25.682 
3620,-9.391 
3620,-11.141 
3620,119.146 
3621,-7.812 
3621,-14.917 
3621,-26.432 
3621,-28.271 
3621,-20.792 
3621,128.146 
3622,-7.812 
3622,-10.417 
3622,-7.812 
3622,-29.833 
3622,-13.224 
3622,126.062 
3623,-6.641 
3623,-8.854 
3623,-16.292 
3623,-19.271 
3623,-16.292 
3623,126.062 
3624,-7.812 
3624,-31.250 
3624,-46.516 
3624,-21.354 
3624,-37.125 
3624,99.062 
3625,-6.641 
3625,-26.562 
3625,-29.500 
3625,-31.729 
3625,-36.083 
3625,88.271 
3626,-6.641 
3626,-28.516 
3626,-35.432 
3626,-47.021 
3626,-39.542 
3626,101.146 
3627,-6.641 
3627,-9.766 
3627,-7.682 
3627,-21.224 
3627,-43.057 
3627,105.979 
3628,-6.641 
3628,-8.854 
3628,-11.792 
3628,-14.021 
3628,-11.792 
3628,117.062 
3629,-7.812 
3629,-28.516 
3629,-26.432 
3629,-47.021 
3629,-39.542 
3629,107.312 
3630,-6.641 
3630,-8.854 
3630,-30.542 
3630,-32.771 
3630,-20.792 
3630,99.062 
3631,-7.812 
3631,-14.917 
3631,-33.146 
3631,-25.333 
3631,-45.474 
3631,117.062 
3632,-6.641 
3632,-8.854 
3632,-16.292 
3632,-28.271 
3632,-26.042 
3632,107.312 
3633,-6.641 
3633,-8.854 
3633,-30.542 
3633,-32.771 
3633,-39.542 
3633,80.312 
3634,-7.812 
3634,-10.417 
3634,-35.432 
3634,-38.021 
3634,-35.042 
3634,119.146 
3635,-7.812 
3635,-10.417 
3635,-35.432 
3635,-38.021 
3635,-39.542 
3635,107.312 
3636,-6.641 
3636,-18.766 
3636,-16.682 
3636,-9.391 
3636,-11.792 
3636,119.146 
3637,-7.812 
3637,-10.417 
3637,-26.432 
3637,-32.641 
3637,-35.042 
3637,107.312 
3638,-6.641 
3638,-9.766 
3638,-16.682 
3638,-21.224 
3638,-31.974 
3638,108.062 
3639,-7.812 
3639,-10.417 
3639,-33.146 
3639,-25.724 
3639,-31.974 
3639,108.062 
3640,-7.812 
3640,-31.250 
3640,-46.516 
3640,-48.974 
3640,-40.974 
3640,80.312 
3641,-7.812 
3641,-9.766 
3641,-28.516 
3641,-57.062 
3641,-36.083 
3641,88.271 
3642,-7.812 
3642,-31.250 
3642,-33.146 
3642,-25.724 
3642,-37.125 
3642,126.062 
3643,-6.641 
3643,-28.516 
3643,-26.432 
3643,-47.021 
3643,-39.542 
3643,107.312 
3644,-7.812 
3644,-9.766 
3644,-16.292 
3644,-28.271 
3644,-41.625 
3644,80.312 
3645,-6.641 
3645,-9.766 
3645,-34.000 
3645,-27.229 
3645,-36.083 
3645,109.104 
3646,-7.812 
3646,-31.250 
3646,-37.646 
3646,-25.724 
3646,-45.083 
3646,88.271 
3647,-6.641 
3647,-9.766 
3647,-16.682 
3647,-21.224 
3647,-34.057 
3647,88.271 
3648,-6.641 
3648,-9.766 
3648,-7.682 
3648,-28.271 
3648,-37.125 
3648,126.062 
3649,-7.812 
3649,-10.417 
3649,-7.682 
3649,-21.224 
3649,-43.057 
3649,105.979 
3650,-7.812 
3650,-14.917 
3650,-28.646 
3650,-39.224 
3650,-22.224 
3650,108.062 
3651,-6.641 
3651,-28.516 
3651,-26.432 
3651,-39.974 
3651,-45.474 
3651,80.312 
3652,-7.812 
3652,-28.516 
3652,-35.432 
3652,-23.641 
3652,-44.042 
3652,80.312 
3653,-7.812 
3653,-10.417 
3653,-26.432 
3653,-37.271 
3653,-37.125 
3653,80.312 
3654,-7.812 
3654,-14.917 
3654,-12.312 
3654,-20.833 
3654,-13.224 
3654,126.062 
3655,-7.812 
3655,-14.917 
3655,-26.432 
3655,-32.641 
3655,-26.042 
3655,128.146 
3656,-6.641 
3656,-9.766 
3656,-7.682 
3656,-36.229 
3656,-36.083 
3656,88.271 
3657,-7.812 
3657,-9.766 
3657,-26.042 
3657,-28.271 
3657,-16.292 
3657,126.062 
3658,-6.641 
3658,-28.516 
3658,-35.432 
3658,-19.271 
3658,-37.125 
3658,107.312 
3659,-7.812 
3659,-28.516 
3659,-30.542 
3659,-51.521 
3659,-39.542 
3659,101.146 
3660,-7.812 
3660,-9.766 
3660,-26.432 
3660,-37.271 
3660,-37.125 
3660,108.062 
3661,-7.812 
3661,-31.250 
3661,-37.516 
3661,-34.724 
3661,-32.625 
3661,108.062 
3662,-7.812 
3662,-14.917 
3662,-12.182 
3662,-28.271 
3662,-41.625 
3662,99.062 
3663,-6.641 
3663,-18.766 
3663,-12.182 
3663,-19.271 
3663,-20.792 
3663,108.062 
3664,-7.812 
3664,-14.917 
3664,-12.312 
3664,-18.391 
3664,-11.141 
3664,119.146 
3665,-6.641 
3665,-28.516 
3665,-35.432 
3665,-19.271 
3665,-35.042 
3665,107.312 
3666,-7.812 
3666,-10.417 
3666,-7.682 
3666,-0.391 
3666,-25.292 
3666,126.062 
3667,-7.812 
3667,-18.766 
3667,-16.682 
3667,-25.724 
3667,-13.875 
3667,126.062 
3668,-7.812 
3668,-14.917 
3668,-28.646 
3668,-44.474 
3668,-46.125 
3668,108.062 
3669,-6.641 
3669,-28.516 
3669,-30.932 
3669,-38.021 
3669,-39.542 
3669,107.312 
3670,-7.812 
3670,-9.766 
3670,-26.042 
3670,-47.021 
3670,-39.542 
3670,119.146 
3671,-7.812 
3671,-14.917 
3671,-26.432 
3671,-23.771 
3671,-39.542 
3671,119.146 
3672,-7.812 
3672,-31.250 
3672,-33.146 
3672,-48.974 
3672,-32.625 
3672,126.062 
3673,-6.641 
3673,-28.516 
3673,-26.042 
3673,-42.521 
3673,-39.542 
3673,107.312 
3674,-7.812 
3674,-9.766 
3674,-30.932 
3674,-38.021 
3674,-39.542 
3674,107.312 
3675,-7.812 
3675,-14.266 
3675,-30.932 
3675,-39.974 
3675,-46.125 
3675,107.312 
3676,-7.812 
3676,-9.766 
3676,-34.000 
3676,-27.229 
3676,-40.583 
3676,100.104 
3677,-7.812 
3677,-14.917 
3677,-12.182 
3677,-21.224 
3677,-31.974 
3677,108.062 
3678,-7.812 
3678,-31.250 
3678,-28.516 
3678,-57.062 
3678,-36.083 
3678,88.271 
3679,-6.641 
3679,-28.516 
3679,-35.432 
3679,-23.641 
3679,-27.474 
3679,108.062 
3680,-7.812 
3680,-14.917 
3680,-30.932 
3680,-23.641 
3680,-27.474 
3680,108.062 
3681,-6.641 
3681,-18.766 
3681,-37.516 
3681,-30.224 
3681,-28.125 
3681,107.312 
3682,-7.812 
3682,-31.250 
3682,-33.146 
3682,-25.333 
3682,-31.974 
3682,107.312 
3683,-6.641 
3683,-9.766 
3683,-26.432 
3683,-32.641 
3683,-31.974 
3683,99.062 
3684,-6.641 
3684,-9.766 
3684,-30.932 
3684,-48.974 
3684,-32.625 
3684,126.062 
3685,-7.812 
3685,-28.516 
3685,-26.042 
3685,-42.521 
3685,-39.542 
3685,128.146 
3686,-7.812 
3686,-31.250 
3686,-37.516 
3686,-34.724 
3686,-31.583 
3686,88.271 
3687,-6.641 
3687,-18.766 
3687,-28.516 
3687,-34.724 
3687,-31.583 
3687,88.271 
3688,-7.812 
3688,-14.266 
3688,-12.182 
3688,-21.224 
3688,-27.375 
3688,108.062 
3689,-7.812 
3689,-14.917 
3689,-12.182 
3689,-4.891 
3689,-8.724 
3689,126.062 
3690,-7.812 
3690,-28.516 
3690,-26.042 
3690,-47.021 
3690,-35.042 
3690,107.312 
3691,-6.641 
3691,-28.516 
3691,-30.542 
3691,-32.771 
3691,-39.542 
3691,80.312 
3692,-7.812 
3692,-10.417 
3692,-26.432 
3692,-47.021 
3692,-39.542 
3692,107.312 
3693,-7.812 
3693,-14.917 
3693,-12.312 
3693,-23.641 
3693,-31.974 
3693,80.312 
3694,-7.812 
3694,-14.917 
3694,-35.432 
3694,-23.771 
3694,-39.542 
3694,80.312 
3695,-6.641 
3695,-28.516 
3695,-35.432 
3695,-23.641 
3695,-31.974 
3695,99.062 
3696,-7.812 
3696,-28.516 
3696,-35.042 
3696,-28.271 
3696,-37.125 
3696,108.062 
3697,-7.812 
3697,-10.417 
3697,-35.432 
3697,-19.271 
3697,-37.125 
3697,117.062 
3698,-6.641 
3698,-8.854 
3698,-35.042 
3698,-28.271 
3698,-20.792 
3698,108.062 
3699,-7.812 
3699,-18.766 
3699,-7.292 
3699,-28.271 
3699,-37.125 
3699,99.062 
3700,-7.812 
3700,-14.917 
3700,-12.312 
3700,-25.333 
3700,-45.474 
3700,117.062 
3701,-6.641 
3701,-14.266 
3701,-28.516 
3701,-48.062 
3701,-40.583 
3701,109.104 
3702,-7.812 
3702,-10.417 
3702,-35.432 
3702,-48.974 
3702,-28.125 
3702,107.312 
3703,-7.812 
3703,-10.417 
3703,-7.812 
3703,-19.141 
3703,-44.042 
3703,107.312 
3704,-7.812 
3704,-10.417 
3704,-35.432 
3704,-44.474 
3704,-32.625 
3704,107.312 
3705,-7.812 
3705,-10.417 
3705,-35.432 
3705,-19.271 
3705,-16.292 
3705,128.146 
3706,-7.812 
3706,-28.516 
3706,-39.932 
3706,-53.474 
3706,-40.974 
3706,99.062 
3707,-7.812 
3707,-10.417 
3707,-7.812 
3707,-29.833 
3707,-35.724 
3707,108.062 
3708,-7.812 
3708,-18.766 
3708,-37.516 
3708,-30.224 
3708,-40.974 
3708,80.312 
3709,-7.812 
3709,-14.917 
3709,-28.646 
3709,-48.974 
3709,-40.974 
3709,107.312 
3710,-6.641 
3710,-28.516 
3710,-35.432 
3710,-28.141 
3710,-40.974 
3710,107.312 
3711,-7.812 
3711,-28.516 
3711,-26.432 
3711,-39.974 
3711,-55.125 
3711,99.062 
3712,-7.812 
3712,-10.417 
3712,-33.146 
3712,-39.224 
3712,-22.224 
3712,109.104 
3713,-7.812 
3713,-9.766 
3713,-26.432 
3713,-39.974 
3713,-55.125 
3713,80.312 
3714,-7.812 
3714,-18.766 
3714,-12.182 
3714,-13.891 
3714,-7.292 
3714,128.146 
3715,-6.641 
3715,-9.766 
3715,-16.292 
3715,-19.271 
3715,-16.292 
3715,128.146 
3716,-7.812 
3716,-18.766 
3716,-37.516 
3716,-30.224 
3716,-38.557 
3716,105.979 
3717,-6.641 
3717,-18.766 
3717,-16.682 
3717,-9.391 
3717,-11.141 
3717,119.146 
3718,-7.812 
3718,-10.417 
3718,-33.146 
3718,-25.333 
3718,-31.974 
3718,108.062 
3719,-7.812 
3719,-14.917 
3719,-26.432 
3719,-28.271 
3719,-20.792 
3719,108.062 
3720,-7.812 
3720,-14.266 
3720,-28.516 
3720,-30.354 
3720,-32.625 
3720,107.312 
3721,-7.812 
3721,-14.917 
3721,-12.182 
3721,-28.271 
3721,-20.792 
3721,99.062 
3722,-6.641 
3722,-14.266 
3722,-30.932 
3722,-23.641 
3722,-31.974 
3722,99.062 
3723,-6.641 
3723,-18.766 
3723,-16.682 
3723,-25.724 
3723,-31.583 
3723,109.104 
3724,-7.812 
3724,-31.250 
3724,-33.016 
3724,-48.062 
3724,-40.583 
3724,88.271 
3725,-7.812 
3725,-31.250 
3725,-28.646 
3725,-34.333 
3725,-54.474 
3725,80.312 
3726,-7.812 
3726,-28.516 
3726,-26.432 
3726,-32.641 
3726,-25.292 
3726,119.146 
3727,-7.812 
3727,-18.766 
3727,-7.292 
3727,-28.271 
3727,-37.125 
3727,107.312 
3728,-6.641 
3728,-28.516 
3728,-26.042 
3728,-42.521 
3728,-39.542 
3728,128.146 
3729,-7.812 
3729,-18.766 
3729,-30.932 
3729,-32.641 
3729,-11.792 
3729,99.062 
3730,-7.812 
3730,-14.917 
3730,-30.932 
3730,-28.271 
3730,-37.125 
3730,108.062 
3731,-6.641 
3731,-8.854 
3731,-26.042 
3731,-28.271 
3731,-35.042 
3731,119.146 
3732,-6.641 
3732,-28.516 
3732,-35.042 
3732,-28.271 
3732,-37.125 
3732,107.312 
3733,-7.812 
3733,-28.516 
3733,-30.932 
3733,-48.974 
3733,-40.974 
3733,126.062 
3734,-6.641 
3734,-28.516 
3734,-30.932 
3734,-32.641 
3734,-36.474 
3734,107.312 
3735,-7.812 
3735,-10.417 
3735,-7.812 
3735,-19.141 
3735,-34.292 
3735,108.062 
3736,-7.812 
3736,-31.250 
3736,-28.516 
3736,-48.974 
3736,-46.125 
3736,108.062 
3737,-6.641 
3737,-9.766 
3737,-26.432 
3737,-19.141 
3737,-24.641 
3737,119.146 
3738,-7.812 
3738,-28.516 
3738,-26.432 
3738,-32.641 
3738,-35.042 
3738,107.312 
3739,-7.812 
3739,-28.516 
3739,-35.432 
3739,-44.474 
3739,-40.974 
3739,126.062 
3740,-6.641 
3740,-8.854 
3740,-26.042 
3740,-42.521 
3740,-39.542 
3740,107.312 
3741,-6.641 
3741,-28.516 
3741,-26.042 
3741,-32.771 
3741,-30.542 
3741,128.146 
3742,-6.641 
3742,-18.766 
3742,-30.932 
3742,-32.641 
3742,-30.542 
3742,80.312 
3743,-7.812 
3743,-9.766 
3743,-30.932 
3743,-28.271 
3743,-41.625 
3743,108.062 
3744,-7.812 
3744,-9.766 
3744,-26.432 
3744,-39.974 
3744,-55.125 
3744,80.312 
3745,-7.812 
3745,-31.250 
3745,-33.146 
3745,-48.974 
3745,-40.974 
3745,107.312 
3746,-7.812 
3746,-14.917 
3746,-12.312 
3746,-4.891 
3746,-24.250 
3746,100.104 
3747,-7.812 
3747,-28.516 
3747,-30.932 
3747,-23.771 
3747,-20.792 
3747,117.062 
3748,-6.641 
3748,-14.266 
3748,-12.182 
3748,-25.724 
3748,-31.974 
3748,99.062 
3749,-6.641 
3749,-28.516 
3749,-35.432 
3749,-23.641 
3749,-11.141 
3749,101.146 
3750,-6.641 
3750,-14.266 
3750,-12.182 
3750,-19.271 
3750,-20.792 
3750,119.146 
3751,-7.812 
3751,-14.917 
3751,-28.646 
3751,-39.224 
3751,-22.224 
3751,109.104 
3752,-7.812 
3752,-18.766 
3752,-26.042 
3752,-28.271 
3752,-30.542 
3752,119.146 
3753,-7.812 
3753,-10.417 
3753,-26.432 
3753,-37.271 
3753,-37.125 
3753,99.062 
3754,-6.641 
3754,-9.766 
3754,-16.682 
3754,-4.891 
3754,-16.292 
3754,117.062 
3755,-7.812 
3755,-14.917 
3755,-12.182 
3755,-19.271 
3755,-39.542 
3755,119.146 
3756,-7.812 
3756,-28.516 
3756,-35.432 
3756,-23.641 
3756,-27.474 
3756,107.312 
3757,-7.812 
3757,-9.766 
3757,-7.682 
3757,-21.224 
3757,-36.375 
3757,99.062 
3758,-7.812 
3758,-14.917 
3758,-16.682 
3758,-13.891 
3758,-22.224 
3758,108.062 
3759,-7.812 
3759,-18.766 
3759,-16.682 
3759,-0.521 
3759,-18.375 
3759,99.062 
3760,-6.641 
3760,-9.766 
3760,-16.682 
3760,-25.724 
3760,-46.125 
3760,80.312 
3761,-7.812 
3761,-9.766 
3761,-26.042 
3761,-32.771 
3761,-41.625 
3761,107.312 
3762,-7.812 
3762,-14.266 
3762,-28.516 
3762,-30.354 
3762,-32.625 
3762,126.062 
3763,-7.812 
3763,-14.917 
3763,-12.182 
3763,-28.271 
3763,-39.542 
3763,101.146 
3764,-7.812 
3764,-10.417 
3764,-7.682 
3764,-28.141 
3764,-35.042 
3764,128.146 
3765,-7.812 
3765,-9.766 
3765,-37.516 
3765,-34.724 
3765,-32.625 
3765,107.312 
3766,-7.812 
3766,-18.766 
3766,-7.292 
3766,-30.354 
3766,-18.375 
3766,99.062 
3767,-7.812 
3767,-10.417 
3767,-33.146 
3767,-39.224 
3767,-43.057 
3767,88.271 
3768,-6.641 
3768,-8.854 
3768,-26.042 
3768,-28.271 
3768,-35.042 
3768,107.312 
3769,-7.812 
3769,-14.266 
3769,-28.516 
3769,-25.724 
3769,-27.375 
3769,126.062 
3770,-6.641 
3770,-8.854 
3770,-16.292 
3770,-25.854 
3770,-41.625 
3770,108.062 
3771,-7.812 
3771,-18.766 
3771,-26.042 
3771,-38.021 
3771,-39.542 
3771,119.146 
3772,-6.641 
3772,-9.766 
3772,-7.682 
3772,-28.271 
3772,-20.792 
3772,117.062 
3773,-6.641 
3773,-9.766 
3773,-16.292 
3773,-9.521 
3773,-20.792 
3773,99.062 
3774,-7.812 
3774,-9.766 
3774,-33.016 
3774,-48.062 
3774,-40.583 
3774,109.104 
3775,-6.641 
3775,-9.766 
3775,-16.292 
3775,-25.854 
3775,-32.625 
3775,107.312 
3776,-7.812 
3776,-10.417 
3776,-26.432 
3776,-32.641 
3776,-11.141 
3776,119.146 
3777,-7.812 
3777,-10.417 
3777,-35.432 
3777,-38.021 
3777,-39.542 
3777,119.146 
3778,-7.812 
3778,-14.917 
3778,-33.146 
3778,-25.724 
3778,-13.224 
3778,99.062 
3779,-7.812 
3779,-14.266 
3779,-12.182 
3779,-21.224 
3779,-13.224 
3779,126.062 
3780,-6.641 
3780,-9.766 
3780,-34.000 
3780,-48.062 
3780,-40.583 
3780,88.271 
3781,-7.812 
3781,-14.917 
3781,-30.932 
3781,-28.271 
3781,-30.542 
3781,119.146 
3782,-7.812 
3782,-31.250 
3782,-46.516 
3782,-21.354 
3782,-28.125 
3782,117.062 
3783,-7.812 
3783,-9.766 
3783,-21.182 
3783,-23.771 
3783,-20.792 
3783,119.146 
3784,-7.812 
3784,-9.766 
3784,-37.516 
3784,-34.724 
3784,-31.974 
3784,107.312 
3785,-7.812 
3785,-31.250 
3785,-28.516 
3785,-39.354 
3785,-37.125 
3785,80.312 
3786,-6.641 
3786,-18.766 
3786,-26.432 
3786,-48.974 
3786,-28.125 
3786,117.062 
3787,-7.812 
3787,-14.917 
3787,-28.646 
3787,-25.333 
3787,-13.224 
3787,109.104 
3788,-7.812 
3788,-28.516 
3788,-26.432 
3788,-48.974 
3788,-46.125 
3788,108.062 
3789,-7.812 
3789,-10.417 
3789,-35.432 
3789,-44.474 
3789,-40.974 
3789,126.062 
3790,-6.641 
3790,-9.766 
3790,-7.682 
3790,-18.521 
3790,-18.375 
3790,126.062 
3791,-7.812 
3791,-28.516 
3791,-30.932 
3791,-23.771 
3791,-20.792 
3791,119.146 
3792,-7.812 
3792,-9.766 
3792,-26.432 
3792,-48.974 
3792,-46.125 
3792,108.062 
3793,-7.812 
3793,-31.250 
3793,-28.516 
3793,-39.354 
3793,-41.625 
3793,99.062 
3794,-7.812 
3794,-14.917 
3794,-12.312 
3794,-4.891 
3794,-13.224 
3794,117.062 
3795,-7.812 
3795,-18.766 
3795,-26.432 
3795,-44.474 
3795,-32.625 
3795,107.312 
3796,-7.812 
3796,-31.250 
3796,-37.516 
3796,-34.724 
3796,-13.875 
3796,108.062 
3797,-6.641 
3797,-8.854 
3797,-16.292 
3797,-25.854 
3797,-22.875 
3797,108.062 
3798,-6.641 
3798,-18.766 
3798,-30.932 
3798,-23.771 
3798,-20.792 
3798,101.146 
3799,-7.812 
3799,-18.766 
3799,-25.000 
3799,-27.229 
3799,-36.083 
3799,109.104 
3800,-7.812 
3800,-14.266 
3800,-12.182 
3800,-27.229 
3800,-19.750 
3800,100.104 
3801,-6.641 
3801,-18.766 
3801,-7.292 
3801,-19.271 
3801,-20.792 
3801,126.062 
3802,-6.641 
3802,-9.766 
3802,-30.932 
3802,-28.271 
3802,-41.625 
3802,108.062 
3803,-7.812 
3803,-10.417 
3803,-35.432 
3803,-38.021 
3803,-35.042 
3803,119.146 
3804,-7.812 
3804,-31.250 
3804,-37.646 
3804,-57.974 
3804,-40.974 
3804,99.062 
3805,-6.641 
3805,-14.266 
3805,-30.932 
3805,-39.974 
3805,-31.974 
3805,108.062 
3806,-6.641 
3806,-14.266 
3806,-30.932 
3806,-23.641 
3806,-25.292 
3806,108.062 
3807,-7.812 
3807,-10.417 
3807,-7.682 
3807,-28.271 
3807,-16.292 
3807,128.146 
3808,-7.812 
3808,-14.917 
3808,-16.682 
3808,-23.771 
3808,-37.125 
3808,108.062 
3809,-7.812 
3809,-28.516 
3809,-30.542 
3809,-51.521 
3809,-39.542 
3809,101.146 
3810,-7.812 
3810,-14.917 
3810,-12.312 
3810,-19.141 
3810,-35.042 
3810,128.146 
3811,-7.812 
3811,-14.917 
3811,-26.432 
3811,-38.021 
3811,-39.542 
3811,128.146 
3812,-6.641 
3812,-9.766 
3812,-30.932 
3812,-28.271 
3812,-20.792 
3812,108.062 
3813,-7.812 
3813,-9.766 
3813,-7.682 
3813,-13.891 
3813,-13.224 
3813,100.104 
3814,-6.641 
3814,-9.766 
3814,-26.042 
3814,-28.271 
3814,-37.125 
3814,107.312 
3815,-6.641 
3815,-18.766 
3815,-30.932 
3815,-23.771 
3815,-41.625 
3815,99.062 
3816,-6.641 
3816,-28.516 
3816,-26.432 
3816,-39.974 
3816,-55.125 
3816,99.062 
3817,-6.641 
3817,-9.766 
3817,-28.516 
3817,-48.974 
3817,-31.974 
3817,107.312 
3818,-6.641 
3818,-26.562 
3818,-29.500 
3818,-31.729 
3818,-19.750 
3818,100.104 
3819,-6.641 
3819,-8.854 
3819,-26.042 
3819,-28.271 
3819,-20.792 
3819,126.062 
3820,-6.641 
3820,-18.766 
3820,-12.182 
3820,-13.891 
3820,-10.750 
3820,100.104 
3821,-7.812 
3821,-31.250 
3821,-33.146 
3821,-25.724 
3821,-37.125 
3821,126.062 
3822,-6.641 
3822,-28.516 
3822,-35.432 
3822,-28.141 
3822,-36.474 
3822,107.312 
3823,-7.812 
3823,-18.766 
3823,-16.682 
3823,-18.229 
3823,-15.250 
3823,109.104 
3824,-7.812 
3824,-18.766 
3824,-16.682 
3824,-9.391 
3824,-7.292 
3824,108.062 
3825,-7.812 
3825,-28.516 
3825,-30.932 
3825,-28.271 
3825,-41.625 
3825,107.312 
3826,-7.812 
3826,-18.766 
3826,-25.000 
3826,-27.229 
3826,-36.083 
3826,109.104 
3827,-7.812 
3827,-14.917 
3827,-12.312 
3827,-28.141 
3827,-26.042 
3827,107.312 
3828,-7.812 
3828,-14.917 
3828,-12.312 
3828,-28.141 
3828,-36.474 
3828,126.062 
3829,-7.812 
3829,-28.516 
3829,-30.542 
3829,-32.771 
3829,-20.792 
3829,99.062 
3830,-7.812 
3830,-18.766 
3830,-26.042 
3830,-28.271 
3830,-39.542 
3830,80.312 
3831,-6.641 
3831,-28.516 
3831,-26.042 
3831,-32.771 
3831,-41.625 
3831,108.062 
3832,-7.812 
3832,-31.250 
3832,-37.646 
3832,-41.667 
3832,-34.057 
3832,105.979 
3833,-7.812 
3833,-14.917 
3833,-16.682 
3833,-34.724 
3833,-31.583 
3833,88.271 
3834,-6.641 
3834,-9.766 
3834,-37.516 
3834,-44.474 
3834,-32.625 
3834,126.062 
3835,-6.641 
3835,-28.516 
3835,-26.432 
3835,-19.141 
3835,-44.042 
3835,119.146 
3836,-7.812 
3836,-9.766 
3836,-30.932 
3836,-28.271 
3836,-30.542 
3836,128.146 
3837,-6.641 
3837,-18.766 
3837,-12.182 
3837,-23.641 
3837,-26.042 
3837,107.312 
3838,-6.641 
3838,-18.766 
3838,-37.516 
3838,-48.974 
3838,-40.974 
3838,80.312 
3839,-7.812 
3839,-31.250 
3839,-46.516 
3839,-21.354 
3839,-37.125 
3839,107.312 
3840,-6.641 
3840,-9.766 
3840,-16.292 
3840,-9.521 
3840,-22.875 
3840,99.062 
3841,-7.812 
3841,-18.766 
3841,-16.682 
3841,-9.391 
3841,-17.724 
3841,109.104 
3842,-7.812 
3842,-28.516 
3842,-26.042 
3842,-28.271 
3842,-35.042 
3842,107.312 
3843,-6.641 
3843,-8.854 
3843,-16.292 
3843,-30.354 
3843,-37.125 
3843,99.062 
3844,-7.812 
3844,-9.766 
3844,-7.682 
3844,-18.521 
3844,-16.292 
3844,108.062 
3845,-7.812 
3845,-10.417 
3845,-35.432 
3845,-19.271 
3845,-35.042 
3845,119.146 
3846,-7.812 
3846,-28.516 
3846,-26.432 
3846,-19.141 
3846,-44.042 
3846,107.312 
3847,-6.641 
3847,-9.766 
3847,-7.682 
3847,-28.271 
3847,-37.125 
3847,117.062 
3848,-7.812 
3848,-10.417 
3848,-28.646 
3848,-21.224 
3848,-43.057 
3848,105.979 
3849,-7.812 
3849,-31.250 
3849,-33.146 
3849,-48.974 
3849,-32.625 
3849,107.312 
3850,-6.641 
3850,-9.766 
3850,-33.016 
3850,-25.724 
3850,-27.375 
3850,126.062 
3851,-7.812 
3851,-31.250 
3851,-37.516 
3851,-34.724 
3851,-32.625 
3851,108.062 
3852,-6.641 
3852,-9.766 
3852,-16.682 
3852,-23.641 
3852,-35.042 
3852,107.312 
3853,-6.641 
3853,-28.516 
3853,-39.932 
3853,-32.641 
3853,-30.542 
3853,80.312 
3854,-7.812 
3854,-28.516 
3854,-30.932 
3854,-32.641 
3854,-11.792 
3854,117.062 
3855,-6.641 
3855,-8.854 
3855,-16.292 
3855,-30.354 
3855,-22.875 
3855,105.979 
3856,-6.641 
3856,-9.766 
3856,-28.516 
3856,-34.724 
3856,-27.375 
3856,99.062 
3857,-7.812 
3857,-14.917 
3857,-12.312 
3857,-18.391 
3857,-7.292 
3857,108.062 
3858,-7.812 
3858,-14.917 
3858,-12.312 
3858,-25.333 
3858,-54.474 
3858,80.312 
3859,-6.641 
3859,-8.854 
3859,-30.542 
3859,-32.771 
3859,-20.792 
3859,99.062 
3860,-7.812 
3860,-31.250 
3860,-28.646 
3860,-50.667 
3860,-56.557 
3860,88.271 
3861,-6.641 
3861,-18.766 
3861,-16.682 
3861,-28.141 
3861,-11.792 
3861,101.146 
3862,-6.641 
3862,-14.266 
3862,-12.182 
3862,-21.224 
3862,-34.057 
3862,88.271 
3863,-7.812 
3863,-14.917 
3863,-12.312 
3863,-25.333 
3863,-45.474 
3863,117.062 
3864,-7.812 
3864,-10.417 
3864,-33.146 
3864,-25.724 
3864,-37.125 
3864,107.312 
3865,-7.812 
3865,-9.766 
3865,-16.682 
3865,-4.891 
3865,-25.292 
3865,101.146 
3866,-6.641 
3866,-14.266 
3866,-30.932 
3866,-39.974 
3866,-31.974 
3866,107.312 
3867,-7.812 
3867,-14.917 
3867,-16.682 
3867,-19.271 
3867,-30.542 
3867,128.146 
3868,-7.812 
3868,-10.417 
3868,-7.682 
3868,-19.141 
3868,-44.042 
3868,107.312 
3869,-7.812 
3869,-10.417 
3869,-26.432 
3869,-32.641 
3869,-27.474 
3869,107.312 
3870,-6.641 
3870,-9.766 
3870,-37.516 
3870,-34.724 
3870,-31.583 
3870,88.271 
3871,-7.812 
3871,-9.766 
3871,-7.682 
3871,-36.229 
3871,-36.083 
3871,88.271 
3872,-7.812 
3872,-28.516 
3872,-30.542 
3872,-32.771 
3872,-20.792 
3872,99.062 
3873,-7.812 
3873,-18.766 
3873,-16.682 
3873,-25.724 
3873,-31.974 
3873,107.312 
3874,-7.812 
3874,-14.917 
3874,-12.182 
3874,-28.271 
3874,-39.542 
3874,101.146 
3875,-7.812 
3875,-14.917 
3875,-26.432 
3875,-38.021 
3875,-39.542 
3875,107.312 
3876,-6.641 
3876,-9.766 
3876,-16.682 
3876,-25.724 
3876,-29.557 
3876,88.271 
3877,-6.641 
3877,-9.766 
3877,-7.682 
3877,-28.271 
3877,-37.125 
3877,117.062 
3878,-7.812 
3878,-9.766 
3878,-26.432 
3878,-48.974 
3878,-46.125 
3878,108.062 
3879,-7.812 
3879,-14.917 
3879,-26.432 
3879,-32.641 
3879,-36.474 
3879,126.062 
3880,-7.812 
3880,-31.250 
3880,-37.646 
3880,-25.333 
3880,-45.474 
3880,117.062 
3881,-7.812 
3881,-9.766 
3881,-16.292 
3881,-25.854 
3881,-41.625 
3881,108.062 
3882,-7.812 
3882,-10.417 
3882,-7.682 
3882,-28.271 
3882,-37.125 
3882,126.062 
3883,-7.812 
3883,-14.917 
3883,-35.432 
3883,-32.641 
3883,-11.792 
3883,101.146 
3884,-6.641 
3884,-8.854 
3884,-11.792 
3884,-30.354 
3884,-41.625 
3884,107.312 
3885,-7.812 
3885,-9.766 
3885,-34.000 
3885,-27.229 
3885,-36.083 
3885,109.104 
3886,-7.812 
3886,-14.266 
3886,-7.292 
3886,-32.771 
3886,-37.125 
3886,107.312 
3887,-7.812 
3887,-14.917 
3887,-26.432 
3887,-48.974 
3887,-40.974 
3887,126.062 
3888,-7.812 
3888,-18.766 
3888,-16.682 
3888,-28.141 
3888,-40.974 
3888,80.312 
3889,-7.812 
3889,-10.417 
3889,-35.432 
3889,-38.021 
3889,-39.542 
3889,107.312 
3890,-6.641 
3890,-8.854 
3890,-26.042 
3890,-32.771 
3890,-20.792 
3890,128.146 
3891,-6.641 
3891,-14.266 
3891,-12.182 
3891,-25.724 
3891,-45.083 
3891,88.271 
3892,-7.812 
3892,-18.766 
3892,-37.516 
3892,-48.974 
3892,-40.974 
3892,80.312 
3893,-6.641 
3893,-18.766 
3893,-28.516 
3893,-43.562 
3893,-40.583 
3893,88.271 
3894,-6.641 
3894,-28.516 
3894,-35.432 
3894,-19.271 
3894,-35.042 
3894,119.146 
3895,-7.812 
3895,-14.917 
3895,-26.432 
3895,-28.271 
3895,-41.625 
3895,108.062 
3896,-7.812 
3896,-9.766 
3896,-26.042 
3896,-28.271 
3896,-20.792 
3896,119.146 
3897,-7.812 
3897,-10.417 
3897,-33.146 
3897,-44.474 
3897,-31.974 
3897,108.062 
3898,-7.812 
3898,-10.417 
3898,-7.682 
3898,-30.224 
3898,-34.057 
3898,88.271 
3899,-7.812 
3899,-10.417 
3899,-26.432 
3899,-48.974 
3899,-31.974 
3899,108.062 
3900,-6.641 
3900,-28.516 
3900,-26.432 
3900,-47.021 
3900,-35.042 
3900,107.312 
3901,-7.812 
3901,-31.250 
3901,-37.516 
3901,-34.724 
3901,-13.875 
3901,126.062 
3902,-6.641 
3902,-18.766 
3902,-7.292 
3902,-30.354 
3902,-37.125 
3902,99.062 
3903,-7.812 
3903,-10.417 
3903,-7.812 
3903,-19.141 
3903,-44.042 
3903,119.146 
3904,-6.641 
3904,-9.766 
3904,-33.016 
3904,-30.354 
3904,-41.625 
3904,107.312 
3905,-6.641 
3905,-8.854 
3905,-26.042 
3905,-28.271 
3905,-39.542 
3905,107.312 
3906,-6.641 
3906,-14.266 
3906,-28.516 
3906,-48.062 
3906,-40.583 
3906,88.271 
3907,-6.641 
3907,-28.516 
3907,-26.432 
3907,-19.141 
3907,-24.641 
3907,101.146 
3908,-6.641 
3908,-28.516 
3908,-30.542 
3908,-32.771 
3908,-39.542 
3908,80.312 
3909,-7.812 
3909,-10.417 
3909,-25.682 
3909,-0.521 
3909,-18.375 
3909,126.062 
3910,-7.812 
3910,-18.766 
3910,-37.516 
3910,-21.354 
3910,-18.375 
3910,105.979 
3911,-6.641 
3911,-9.766 
3911,-26.042 
3911,-28.271 
3911,-20.792 
3911,126.062 
3912,-7.812 
3912,-14.917 
3912,-28.646 
3912,-39.224 
3912,-13.875 
3912,105.979 
3913,-6.641 
3913,-28.516 
3913,-35.432 
3913,-28.271 
3913,-37.125 
3913,108.062 
3914,-6.641 
3914,-18.766 
3914,-16.682 
3914,-19.271 
3914,-37.125 
3914,80.312 
3915,-6.641 
3915,-18.766 
3915,-37.516 
3915,-30.224 
3915,-22.224 
3915,108.062 
3916,-6.641 
3916,-18.766 
3916,-25.000 
3916,-27.229 
3916,-40.583 
3916,88.271 
3917,-7.812 
3917,-18.766 
3917,-16.682 
3917,-25.724 
3917,-31.583 
3917,109.104 
3918,-7.812 
3918,-28.516 
3918,-26.432 
3918,-19.141 
3918,-24.641 
3918,119.146 
3919,-7.812 
3919,-18.766 
3919,-26.042 
3919,-38.021 
3919,-35.042 
3919,119.146 
3920,-6.641 
3920,-8.854 
3920,-35.042 
3920,-28.271 
3920,-37.125 
3920,108.062 
3921,-7.812 
3921,-10.417 
3921,-25.682 
3921,-19.271 
3921,-16.292 
3921,108.062 
3922,-7.812 
3922,-10.417 
3922,-7.682 
3922,-36.229 
3922,-36.083 
3922,109.104 
3923,-7.812 
3923,-14.917 
3923,-26.432 
3923,-38.021 
3923,-39.542 
3923,128.146 
3924,-6.641 
3924,-8.854 
3924,-30.542 
3924,-32.771 
3924,-39.542 
3924,101.146 
3925,-6.641 
3925,-8.854 
3925,-16.292 
3925,-25.854 
3925,-22.875 
3925,126.062 
3926,-7.812 
3926,-10.417 
3926,-16.812 
3926,-28.141 
3926,-40.974 
3926,117.062 
3927,-6.641 
3927,-9.766 
3927,-21.182 
3927,-5.021 
3927,-18.375 
3927,126.062 
3928,-6.641 
3928,-18.766 
3928,-26.432 
3928,-28.141 
3928,-20.141 
3928,119.146 
3929,-7.812 
3929,-10.417 
3929,-26.432 
3929,-32.641 
3929,-27.474 
3929,107.312 
3930,-7.812 
3930,-14.917 
3930,-33.146 
3930,-39.224 
3930,-13.875 
3930,99.062 
3931,-7.812 
3931,-14.917 
3931,-12.312 
3931,-23.641 
3931,-27.474 
3931,108.062 
3932,-6.641 
3932,-9.766 
3932,-7.682 
3932,-13.891 
3932,-16.292 
3932,119.146 
3933,-6.641 
3933,-18.766 
3933,-26.432 
3933,-28.141 
3933,-7.292 
3933,126.062 
3934,-7.812 
3934,-31.250 
3934,-33.016 
3934,-25.724 
3934,-27.375 
3934,105.979 
3935,-7.812 
3935,-28.516 
3935,-35.432 
3935,-19.271 
3935,-16.292 
3935,126.062 
3936,-7.812 
3936,-31.250 
3936,-28.516 
3936,-34.724 
3936,-31.974 
3936,80.312 
3937,-7.812 
3937,-9.766 
3937,-30.932 
3937,-23.771 
3937,-39.542 
3937,119.146 
3938,-7.812 
3938,-9.766 
3938,-11.792 
3938,-32.771 
3938,-37.125 
3938,108.062 
3939,-6.641 
3939,-18.766 
3939,-16.682 
3939,-19.271 
3939,-16.292 
3939,108.062 
3940,-6.641 
3940,-9.766 
3940,-28.516 
3940,-21.224 
3940,-43.057 
3940,105.979 
3941,-7.812 
3941,-9.766 
3941,-33.016 
3941,-25.724 
3941,-34.057 
3941,88.271 
3942,-7.812 
3942,-14.917 
3942,-28.646 
3942,-25.333 
3942,-45.474 
3942,107.312 
3943,-6.641 
3943,-18.766 
3943,-28.516 
3943,-43.562 
3943,-40.583 
3943,109.104 
3944,-6.641 
3944,-8.854 
3944,-16.292 
3944,-30.354 
3944,-22.875 
3944,99.062 
3945,-7.812 
3945,-31.250 
3945,-46.516 
3945,-21.354 
3945,-41.625 
3945,99.062 
3946,-6.641 
3946,-28.516 
3946,-26.042 
3946,-28.271 
3946,-37.125 
3946,126.062 
3947,-6.641 
3947,-8.854 
3947,-16.292 
3947,-19.271 
3947,-35.042 
3947,107.312 
3948,-7.812 
3948,-14.917 
3948,-12.312 
3948,-23.641 
3948,-27.474 
3948,108.062 
3949,-7.812 
3949,-14.917 
3949,-26.432 
3949,-48.974 
3949,-32.625 
3949,126.062 
3950,-6.641 
3950,-14.266 
3950,-12.182 
3950,-19.271 
3950,-37.125 
3950,126.062 
3951,-6.641 
3951,-9.766 
3951,-30.932 
3951,-32.641 
3951,-11.792 
3951,117.062 
3952,-6.641 
3952,-8.854 
3952,-11.792 
3952,-30.354 
3952,-41.625 
3952,108.062 
3953,-7.812 
3953,-10.417 
3953,-16.812 
3953,-19.141 
3953,-31.974 
3953,108.062 
3954,-7.812 
3954,-14.917 
3954,-12.182 
3954,-28.271 
3954,-41.625 
3954,80.312 
3955,-7.812 
3955,-31.250 
3955,-37.516 
3955,-44.474 
3955,-40.974 
3955,107.312 
3956,-6.641 
3956,-26.562 
3956,-34.000 
3956,-27.229 
3956,-19.750 
3956,109.104 
3957,-7.812 
3957,-14.917 
3957,-16.682 
3957,-13.891 
3957,-11.792 
3957,108.062 
3958,-7.812 
3958,-10.417 
3958,-16.812 
3958,-19.141 
3958,-31.974 
3958,108.062 
3959,-6.641 
3959,-14.266 
3959,-12.182 
3959,-4.891 
3959,-16.292 
3959,119.146 
3960,-7.812 
3960,-9.766 
3960,-16.682 
3960,-19.271 
3960,-39.542 
3960,119.146 
3961,-7.812 
3961,-14.917 
3961,-33.146 
3961,-25.724 
3961,-46.125 
3961,80.312 
3962,-7.812 
3962,-31.250 
3962,-37.646 
3962,-39.224 
3962,-31.583 
3962,88.271 
3963,-7.812 
3963,-31.250 
3963,-37.516 
3963,-44.474 
3963,-32.625 
3963,126.062 
3964,-7.812 
3964,-14.917 
3964,-33.146 
3964,-39.224 
3964,-38.557 
3964,105.979 
3965,-6.641 
3965,-9.766 
3965,-7.682 
3965,-19.141 
3965,-44.042 
3965,119.146 
3966,-7.812 
3966,-28.516 
3966,-26.432 
3966,-48.974 
3966,-46.125 
3966,107.312 
3967,-6.641 
3967,-18.766 
3967,-26.432 
3967,-28.141 
3967,-7.292 
3967,126.062 
3968,-6.641 
3968,-9.766 
3968,-26.432 
3968,-37.271 
3968,-37.125 
3968,108.062 
3969,-7.812 
3969,-10.417 
3969,-26.432 
3969,-19.141 
3969,-44.042 
3969,107.312 
3970,-7.812 
3970,-31.250 
3970,-37.646 
3970,-39.224 
3970,-28.125 
3970,108.062 
3971,-6.641 
3971,-28.516 
3971,-30.932 
3971,-28.271 
3971,-41.625 
3971,107.312 
3972,-7.812 
3972,-9.766 
3972,-37.516 
3972,-44.474 
3972,-32.625 
3972,126.062 
3973,-7.812 
3973,-9.766 
3973,-11.792 
3973,-14.021 
3973,-20.792 
3973,108.062 
3974,-6.641 
3974,-18.766 
3974,-26.432 
3974,-28.141 
3974,-20.141 
3974,128.146 
3975,-7.812 
3975,-31.250 
3975,-33.146 
3975,-25.333 
3975,-45.474 
3975,126.062 
3976,-7.812 
3976,-18.766 
3976,-25.000 
3976,-48.062 
3976,-40.583 
3976,100.104 
3977,-6.641 
3977,-9.766 
3977,-16.682 
3977,-19.271 
3977,-39.542 
3977,119.146 
3978,-7.812 
3978,-10.417 
3978,-7.682 
3978,-13.891 
3978,-16.292 
3978,126.062 
3979,-6.641 
3979,-28.516 
3979,-26.042 
3979,-28.271 
3979,-39.542 
3979,107.312 
3980,-6.641 
3980,-28.516 
3980,-30.932 
3980,-32.641 
3980,-30.542 
3980,107.312 
3981,-7.812 
3981,-14.917 
3981,-28.646 
3981,-25.333 
3981,-13.224 
3981,126.062 
3982,-7.812 
3982,-9.766 
3982,-30.932 
3982,-28.271 
3982,-41.625 
3982,108.062 
3983,-6.641 
3983,-8.854 
3983,-11.792 
3983,-32.771 
3983,-37.125 
3983,107.312 
3984,-6.641 
3984,-9.766 
3984,-28.516 
3984,-39.354 
3984,-18.375 
3984,99.062 
3985,-7.812 
3985,-10.417 
3985,-26.432 
3985,-39.974 
3985,-45.474 
3985,80.312 
3986,-6.641 
3986,-9.766 
3986,-16.682 
3986,-9.521 
3986,-22.875 
3986,99.062 
3987,-7.812 
3987,-28.516 
3987,-26.432 
3987,-48.974 
3987,-31.974 
3987,108.062 
3988,-6.641 
3988,-14.266 
3988,-7.292 
3988,-32.771 
3988,-37.125 
3988,107.312 
3989,-7.812 
3989,-9.766 
3989,-16.682 
3989,-21.224 
3989,-13.224 
3989,109.104 
3990,-6.641 
3990,-18.766 
3990,-16.682 
3990,-0.521 
3990,-18.375 
3990,105.979 
3991,-6.641 
3991,-9.766 
3991,-16.682 
3991,-25.724 
3991,-31.974 
3991,80.312 
3992,-7.812 
3992,-18.766 
3992,-37.516 
3992,-30.224 
3992,-13.875 
3992,105.979 
3993,-7.812 
3993,-18.766 
3993,-37.516 
3993,-30.224 
3993,-13.875 
3993,117.062 
3994,-6.641 
3994,-28.516 
3994,-30.542 
3994,-32.771 
3994,-39.542 
3994,80.312 
3995,-6.641 
3995,-18.766 
3995,-26.042 
3995,-47.021 
3995,-39.542 
3995,80.312 
3996,-6.641 
3996,-8.854 
3996,-16.292 
3996,-28.271 
3996,-20.792 
3996,99.062 
3997,-7.812 
3997,-10.417 
3997,-26.432 
3997,-39.974 
3997,-55.125 
3997,80.312 
3998,-6.641 
3998,-18.766 
3998,-30.932 
3998,-53.474 
3998,-32.625 
3998,99.062 
3999,-7.812 
3999,-9.766 
3999,-16.292 
3999,-30.354 
3999,-22.875 
3999,99.062 
4000,-7.812 
4000,-14.917 
4000,-28.646 
4000,-25.333 
4000,-45.474 
4000,107.312 
4001,-7.812 
4001,-28.516 
4001,-26.432 
4001,-39.974 
4001,-45.474 
4001,80.312 
4002,-7.812 
4002,-18.766 
4002,-26.432 
4002,-28.141 
4002,-7.292 
4002,126.062 
4003,-6.641 
4003,-8.854 
4003,-26.042 
4003,-28.271 
4003,-37.125 
4003,107.312 
4004,-7.812 
4004,-28.516 
4004,-35.432 
4004,-28.141 
4004,-26.042 
4004,119.146 
4005,-7.812 
4005,-10.417 
4005,-7.682 
4005,-28.271 
4005,-16.292 
4005,126.062 
4006,-7.812 
4006,-10.417 
4006,-35.432 
4006,-28.141 
4006,-20.141 
4006,119.146 
4007,-7.812 
4007,-9.766 
4007,-21.182 
4007,-5.021 
4007,-22.875 
4007,117.062 
4008,-7.812 
4008,-31.250 
4008,-33.146 
4008,-25.724 
4008,-27.375 
4008,108.062 
4009,-6.641 
4009,-9.766 
4009,-30.932 
4009,-23.771 
4009,-37.125 
4009,107.312 
4010,-6.641 
4010,-8.854 
4010,-16.292 
4010,-28.271 
4010,-20.792 
4010,108.062 
4011,-7.812 
4011,-9.766 
4011,-26.432 
4011,-19.141 
4011,-34.292 
4011,108.062 
4012,-6.641 
4012,-14.266 
4012,-12.182 
4012,-23.641 
4012,-44.042 
4012,101.146 
4013,-7.812 
4013,-14.917 
4013,-12.312 
4013,-25.333 
4013,-35.724 
4013,99.062 
4014,-7.812 
4014,-10.417 
4014,-7.682 
4014,-36.229 
4014,-36.083 
4014,88.271 
4015,-7.812 
4015,-10.417 
4015,-7.682 
4015,-21.224 
4015,-26.724 
4015,100.104 
4016,-7.812 
4016,-14.917 
4016,-35.432 
4016,-42.521 
4016,-39.542 
4016,80.312 
4017,-7.812 
4017,-10.417 
4017,-7.682 
4017,-28.141 
4017,-25.292 
4017,108.062 
4018,-7.812 
4018,-31.250 
4018,-37.516 
4018,-34.724 
4018,-32.625 
4018,107.312 
4019,-7.812 
4019,-14.917 
4019,-16.682 
4019,-23.771 
4019,-30.542 
4019,119.146 
4020,-7.812 
4020,-28.516 
4020,-26.432 
4020,-37.271 
4020,-37.125 
4020,108.062 
4021,-6.641 
4021,-26.562 
4021,-34.000 
4021,-43.562 
4021,-40.583 
4021,88.271 
4022,-7.812 
4022,-31.250 
4022,-28.646 
4022,-34.333 
4022,-35.724 
4022,99.062 
4023,-6.641 
4023,-9.766 
4023,-7.682 
4023,-36.229 
4023,-19.750 
4023,100.104 
4024,-7.812 
4024,-9.766 
4024,-26.042 
4024,-28.271 
4024,-16.292 
4024,126.062 
4025,-7.812 
4025,-18.766 
4025,-12.182 
4025,-23.641 
4025,-26.042 
4025,128.146 
4026,-7.812 
4026,-18.766 
4026,-25.000 
4026,-27.229 
4026,-36.083 
4026,88.271 
4027,-7.812 
4027,-14.266 
4027,-30.932 
4027,-39.974 
4027,-31.974 
4027,108.062 
4028,-6.641 
4028,-14.266 
4028,-30.932 
4028,-28.271 
4028,-30.542 
4028,107.312 
4029,-6.641 
4029,-8.854 
4029,-11.792 
4029,-14.021 
4029,-22.875 
4029,99.062 
4030,-6.641 
4030,-9.766 
4030,-7.682 
4030,-28.271 
4030,-20.792 
4030,117.062 
4031,-7.812 
4031,-31.250 
4031,-33.146 
4031,-39.224 
4031,-22.224 
4031,108.062 
4032,-7.812 
4032,-14.266 
4032,-7.292 
4032,-14.021 
4032,-22.875 
4032,105.979 
4033,-7.812 
4033,-14.917 
4033,-26.432 
4033,-23.771 
4033,-39.542 
4033,107.312 
4034,-7.812 
4034,-18.766 
4034,-26.432 
4034,-44.474 
4034,-32.625 
4034,107.312 
4035,-6.641 
4035,-9.766 
4035,-33.016 
4035,-25.724 
4035,-37.125 
4035,107.312 
4036,-7.812 
4036,-28.516 
4036,-26.432 
4036,-47.021 
4036,-39.542 
4036,119.146 
4037,-7.812 
4037,-14.266 
4037,-30.932 
4037,-28.271 
4037,-30.542 
4037,107.312 
4038,-7.812 
4038,-31.250 
4038,-46.516 
4038,-30.224 
4038,-22.224 
4038,99.062 
4039,-6.641 
4039,-28.516 
4039,-35.042 
4039,-28.271 
4039,-20.792 
4039,108.062 
4040,-6.641 
4040,-18.766 
4040,-12.182 
4040,-23.771 
4040,-37.125 
4040,108.062 
4041,-7.812 
4041,-14.917 
4041,-12.312 
4041,-28.141 
4041,-11.792 
4041,126.062 
4042,-7.812 
4042,-31.250 
4042,-33.016 
4042,-44.474 
4042,-46.125 
4042,107.312 
4043,-7.812 
4043,-31.250 
4043,-33.146 
4043,-25.333 
4043,-45.474 
4043,126.062 
4044,-7.812 
4044,-28.516 
4044,-26.432 
4044,-37.271 
4044,-26.042 
4044,107.312 
4045,-7.812 
4045,-14.917 
4045,-12.182 
4045,-4.891 
4045,-11.141 
4045,119.146 
4046,-7.812 
4046,-31.250 
4046,-33.146 
4046,-25.724 
4046,-13.224 
4046,109.104 
4047,-7.812 
4047,-14.266 
4047,-28.516 
4047,-44.474 
4047,-31.974 
4047,108.062 
4048,-7.812 
4048,-14.917 
4048,-12.312 
4048,-19.141 
4048,-25.292 
4048,128.146 
4049,-6.641 
4049,-9.766 
4049,-21.182 
4049,-34.724 
4049,-31.974 
4049,107.312 
4050,-7.812 
4050,-31.250 
4050,-37.646 
4050,-57.974 
4050,-32.625 
4050,99.062 
4051,-7.812 
4051,-31.250 
4051,-28.516 
4051,-34.724 
4051,-45.083 
4051,100.104 
4052,-6.641 
4052,-18.766 
4052,-37.516 
4052,-30.224 
4052,-40.974 
4052,99.062 
4053,-6.641 
4053,-28.516 
4053,-35.432 
4053,-48.974 
4053,-40.974 
4053,117.062 
4054,-7.812 
4054,-14.917 
4054,-12.182 
4054,-28.271 
4054,-39.542 
4054,80.312 
4055,-7.812 
4055,-14.917 
4055,-16.682 
4055,-13.891 
4055,-11.141 
4055,128.146 
4056,-7.812 
4056,-31.250 
4056,-33.146 
4056,-48.974 
4056,-40.974 
4056,107.312 
4057,-7.812 
4057,-31.250 
4057,-33.016 
4057,-30.354 
4057,-32.625 
4057,126.062 
4058,-7.812 
4058,-31.250 
4058,-46.516 
4058,-30.224 
4058,-38.557 
4058,105.979 
4059,-7.812 
4059,-28.516 
4059,-26.432 
4059,-47.021 
4059,-39.542 
4059,107.312 
4060,-7.812 
4060,-14.917 
4060,-12.312 
4060,-25.333 
4060,-35.724 
4060,108.062 
4061,-7.812 
4061,-18.766 
4061,-30.932 
4061,-32.641 
4061,-30.542 
4061,101.146 
4062,-6.641 
4062,-18.766 
4062,-30.932 
4062,-32.641 
4062,-20.141 
4062,101.146 
4063,-7.812 
4063,-14.266 
4063,-30.932 
4063,-28.271 
4063,-37.125 
4063,107.312 
4064,-7.812 
4064,-28.516 
4064,-35.432 
4064,-48.974 
4064,-40.974 
4064,117.062 
4065,-7.812 
4065,-28.516 
4065,-26.042 
4065,-28.271 
4065,-16.292 
4065,126.062 
4066,-7.812 
4066,-10.417 
4066,-16.812 
4066,-23.641 
4066,-44.042 
4066,101.146 
4067,-6.641 
4067,-9.766 
4067,-16.292 
4067,-19.271 
4067,-37.125 
4067,126.062 
4068,-6.641 
4068,-28.516 
4068,-35.432 
4068,-28.271 
4068,-20.792 
4068,99.062 
4069,-6.641 
4069,-8.854 
4069,-26.042 
4069,-47.021 
4069,-35.042 
4069,119.146 
4070,-6.641 
4070,-8.854 
4070,-35.042 
4070,-28.271 
4070,-39.542 
4070,101.146 
4071,-7.812 
4071,-10.417 
4071,-26.432 
4071,-37.271 
4071,-37.125 
4071,99.062 
4072,-7.812 
4072,-14.917 
4072,-16.682 
4072,-13.891 
4072,-7.292 
4072,108.062 
4073,-7.812 
4073,-28.516 
4073,-35.432 
4073,-48.974 
4073,-40.974 
4073,107.312 
4074,-6.641 
4074,-9.766 
4074,-37.516 
4074,-25.854 
4074,-41.625 
4074,108.062 
4075,-7.812 
4075,-9.766 
4075,-28.516 
4075,-39.354 
4075,-18.375 
4075,105.979 
4076,-7.812 
4076,-28.516 
4076,-26.042 
4076,-47.021 
4076,-39.542 
4076,107.312 
4077,-7.812 
4077,-31.250 
4077,-37.646 
4077,-25.724 
4077,-45.083 
4077,100.104 
4078,-7.812 
4078,-14.917 
4078,-35.432 
4078,-42.521 
4078,-39.542 
4078,101.146 
4079,-7.812 
4079,-14.917 
4079,-35.432 
4079,-32.641 
4079,-30.542 
4079,80.312 
4080,-6.641 
4080,-14.266 
4080,-26.042 
4080,-32.771 
4080,-20.792 
4080,101.146 
4081,-7.812 
4081,-10.417 
4081,-7.812 
4081,-27.391 
4081,-20.141 
4081,101.146 
4082,-7.812 
4082,-18.766 
4082,-37.516 
4082,-30.224 
4082,-9.375 
4082,105.979 
4083,-6.641 
4083,-26.562 
4083,-34.000 
4083,-27.229 
4083,-36.083 
4083,88.271 
4084,-7.812 
4084,-31.250 
4084,-33.146 
4084,-39.224 
4084,-31.583 
4084,88.271 
4085,-7.812 
4085,-18.766 
4085,-7.292 
4085,-23.771 
4085,-30.542 
4085,128.146 
4086,-7.812 
4086,-18.766 
4086,-7.292 
4086,-30.354 
4086,-18.375 
4086,105.979 
4087,-6.641 
4087,-8.854 
4087,-26.042 
4087,-28.271 
4087,-16.292 
4087,126.062 
4088,-7.812 
4088,-9.766 
4088,-28.516 
4088,-34.724 
4088,-27.375 
4088,117.062 
4089,-7.812 
4089,-31.250 
4089,-37.646 
4089,-57.974 
4089,-32.625 
4089,80.312 
4090,-7.812 
4090,-28.516 
4090,-39.932 
4090,-53.474 
4090,-40.974 
4090,80.312 
4091,-7.812 
4091,-10.417 
4091,-7.812 
4091,-27.391 
4091,-6.250 
4091,109.104 
4092,-6.641 
4092,-26.562 
4092,-34.000 
4092,-27.229 
4092,-36.083 
4092,100.104 
4093,-6.641 
4093,-18.766 
4093,-7.292 
4093,-9.521 
4093,-16.292 
4093,108.062 
4094,-7.812 
4094,-9.766 
4094,-16.292 
4094,-28.271 
4094,-26.042 
4094,119.146 
4095,-7.812 
4095,-10.417 
4095,-7.682 
4095,-28.271 
4095,-35.042 
4095,119.146 
4096,-6.641 
4096,-9.766 
4096,-30.932 
4096,-38.021 
4096,-39.542 
4096,128.146 
4097,-7.812 
4097,-18.766 
4097,-26.432 
4097,-38.021 
4097,-39.542 
4097,107.312 
4098,-7.812 
4098,-9.766 
4098,-28.516 
4098,-21.224 
4098,-43.057 
4098,88.271 
4099,-7.812 
4099,-18.766 
4099,-25.000 
4099,-48.062 
4099,-40.583 
4099,88.271 
4100,-7.812 
4100,-10.417 
4100,-26.432 
4100,-39.974 
4100,-45.474 
4100,99.062 
4101,-6.641 
4101,-9.766 
4101,-16.682 
4101,-23.641 
4101,-44.042 
4101,101.146 
4102,-7.812 
4102,-14.917 
4102,-28.646 
4102,-44.474 
4102,-46.125 
4102,108.062 
4103,-7.812 
4103,-31.250 
4103,-33.146 
4103,-46.167 
4103,-34.057 
4103,88.271 
4104,-6.641 
4104,-18.766 
4104,-12.182 
4104,-19.271 
4104,-41.625 
4104,107.312 
4105,-6.641 
4105,-18.766 
4105,-12.182 
4105,-34.724 
4105,-22.224 
4105,108.062 
4106,-6.641 
4106,-8.854 
4106,-11.792 
4106,-23.771 
4106,-20.792 
4106,119.146 
4107,-6.641 
4107,-28.516 
4107,-35.432 
4107,-28.271 
4107,-20.792 
4107,99.062 
4108,-6.641 
4108,-18.766 
4108,-30.932 
4108,-53.474 
4108,-32.625 
4108,99.062 
4109,-6.641 
4109,-9.766 
4109,-37.516 
4109,-34.724 
4109,-22.224 
4109,108.062 
4110,-7.812 
4110,-28.516 
4110,-30.932 
4110,-38.021 
4110,-39.542 
4110,128.146 
4111,-7.812 
4111,-18.766 
4111,-16.682 
4111,-18.229 
4111,-36.083 
4111,88.271 
4112,-7.812 
4112,-18.766 
4112,-37.516 
4112,-21.354 
4112,-41.625 
4112,99.062 
4113,-7.812 
4113,-14.917 
4113,-35.432 
4113,-32.641 
4113,-20.141 
4113,101.146 
4114,-7.812 
4114,-18.766 
4114,-28.516 
4114,-25.854 
4114,-22.875 
4114,108.062 
4115,-7.812 
4115,-31.250 
4115,-33.146 
4115,-25.724 
4115,-37.125 
4115,107.312 
4116,-7.812 
4116,-14.917 
4116,-30.932 
4116,-23.641 
4116,-35.042 
4116,119.146 
4117,-7.812 
4117,-31.250 
4117,-37.516 
4117,-34.724 
4117,-31.583 
4117,88.271 
4118,-7.812 
4118,-14.917 
4118,-33.146 
4118,-25.724 
4118,-27.375 
4118,117.062 
4119,-7.812 
4119,-31.250 
4119,-33.146 
4119,-39.224 
4119,-43.057 
4119,105.979 
4120,-7.812 
4120,-10.417 
4120,-35.432 
4120,-28.141 
4120,-40.974 
4120,117.062 
4121,-7.812 
4121,-10.417 
4121,-28.646 
4121,-48.224 
4121,-22.224 
4121,108.062 
4122,-7.812 
4122,-9.766 
4122,-7.682 
4122,-28.141 
4122,-31.974 
4122,108.062 
4123,-7.812 
4123,-31.250 
4123,-28.516 
4123,-34.724 
4123,-31.974 
4123,80.312 
4124,-6.641 
4124,-9.766 
4124,-30.932 
4124,-44.474 
4124,-31.974 
4124,107.312 
4125,-7.812 
4125,-14.917 
4125,-33.146 
4125,-25.724 
4125,-31.974 
4125,99.062 
4126,-6.641 
4126,-9.766 
4126,-33.016 
4126,-44.474 
4126,-46.125 
4126,108.062 
4127,-7.812 
4127,-31.250 
4127,-28.516 
4127,-57.062 
4127,-36.083 
4127,88.271 
4128,-7.812 
4128,-28.516 
4128,-26.042 
4128,-28.271 
4128,-35.042 
4128,107.312 
4129,-7.812 
4129,-10.417 
4129,-7.812 
4129,-29.833 
4129,-31.974 
4129,107.312 
4130,-7.812 
4130,-10.417 
4130,-26.432 
4130,-37.271 
4130,-37.125 
4130,107.312 
4131,-7.812 
4131,-31.250 
4131,-28.516 
4131,-21.224 
4131,-54.083 
4131,100.104 
4132,-7.812 
4132,-14.917 
4132,-16.682 
4132,-19.271 
4132,-30.542 
4132,128.146 
4133,-6.641 
4133,-8.854 
4133,-26.042 
4133,-28.271 
4133,-35.042 
4133,107.312 
4134,-7.812 
4134,-10.417 
4134,-7.812 
4134,-19.141 
4134,-44.042 
4134,119.146 
4135,-6.641 
4135,-14.266 
4135,-7.292 
4135,-14.021 
4135,-20.792 
4135,108.062 
4136,-6.641 
4136,-9.766 
4136,-34.000 
4136,-27.229 
4136,-19.750 
4136,109.104 
4137,-6.641 
4137,-14.266 
4137,-26.042 
4137,-32.771 
4137,-39.542 
4137,80.312 
4138,-7.812 
4138,-18.766 
4138,-7.292 
4138,-23.771 
4138,-30.542 
4138,107.312 
4139,-6.641 
4139,-9.766 
4139,-30.932 
4139,-32.641 
4139,-40.974 
4139,107.312 
4140,-7.812 
4140,-31.250 
4140,-28.516 
4140,-21.224 
4140,-46.125 
4140,117.062 
4141,-7.812 
4141,-14.917 
4141,-26.432 
4141,-48.974 
4141,-32.625 
4141,107.312 
4142,-7.812 
4142,-31.250 
4142,-33.146 
4142,-39.224 
4142,-31.974 
4142,126.062 
4143,-7.812 
4143,-28.516 
4143,-30.932 
4143,-48.974 
4143,-32.625 
4143,107.312 
4144,-7.812 
4144,-14.266 
4144,-30.932 
4144,-28.271 
4144,-37.125 
4144,108.062 
4145,-7.812 
4145,-31.250 
4145,-46.516 
4145,-21.354 
4145,-41.625 
4145,99.062 
4146,-6.641 
4146,-18.766 
4146,-28.516 
4146,-34.724 
4146,-22.224 
4146,108.062 
4147,-7.812 
4147,-28.516 
4147,-26.432 
4147,-48.974 
4147,-31.974 
4147,108.062 
4148,-7.812 
4148,-10.417 
4148,-28.646 
4148,-21.224 
4148,-40.974 
4148,108.062 
4149,-7.812 
4149,-14.917 
4149,-12.312 
4149,-28.141 
4149,-40.974 
4149,107.312 
4150,-7.812 
4150,-9.766 
4150,-26.432 
4150,-48.974 
4150,-46.125 
4150,107.312 
4151,-6.641 
4151,-26.562 
4151,-34.000 
4151,-27.229 
4151,-36.083 
4151,100.104 
4152,-7.812 
4152,-18.766 
4152,-16.682 
4152,-18.229 
4152,-19.750 
4152,100.104 
4153,-7.812 
4153,-31.250 
4153,-33.146 
4153,-25.724 
4153,-45.083 
4153,88.271 
4154,-6.641 
4154,-28.516 
4154,-35.042 
4154,-28.271 
4154,-16.292 
4154,101.146 
4155,-7.812 
4155,-10.417 
4155,-26.432 
4155,-48.974 
4155,-31.974 
4155,107.312 
4156,-7.812 
4156,-14.266 
4156,-26.042 
4156,-51.521 
4156,-39.542 
4156,80.312 
4157,-7.812 
4157,-10.417 
4157,-7.812 
4157,-19.141 
4157,-40.974 
4157,108.062 
4158,-6.641 
4158,-8.854 
4158,-16.292 
4158,-19.271 
4158,-16.292 
4158,126.062 
4159,-7.812 
4159,-9.766 
4159,-28.516 
4159,-21.224 
4159,-43.057 
4159,105.979 
4160,-7.812 
4160,-31.250 
4160,-37.516 
4160,-25.854 
4160,-22.875 
4160,105.979 
4161,-7.812 
4161,-10.417 
4161,-25.682 
4161,-30.224 
4161,-28.125 
4161,99.062 
4162,-7.812 
4162,-14.917 
4162,-12.312 
4162,-23.641 
4162,-35.042 
4162,107.312 
4163,-7.812 
4163,-28.516 
4163,-26.432 
4163,-37.271 
4163,-37.125 
4163,107.312 
4164,-6.641 
4164,-26.562 
4164,-34.000 
4164,-27.229 
4164,-19.750 
4164,100.104 
4165,-6.641 
4165,-8.854 
4165,-16.292 
4165,-30.354 
4165,-37.125 
4165,99.062 
4166,-7.812 
4166,-14.917 
4166,-33.146 
4166,-39.224 
4166,-28.125 
4166,108.062 
4167,-6.641 
4167,-9.766 
4167,-16.292 
4167,-30.354 
4167,-37.125 
4167,80.312 
4168,-7.812 
4168,-10.417 
4168,-28.646 
4168,-48.224 
4168,-40.974 
4168,99.062 
4169,-6.641 
4169,-18.766 
4169,-26.042 
4169,-28.271 
4169,-37.125 
4169,80.312 
4170,-7.812 
4170,-10.417 
4170,-26.432 
4170,-37.271 
4170,-16.292 
4170,108.062 
4171,-7.812 
4171,-10.417 
4171,-33.146 
4171,-25.333 
4171,-13.224 
4171,109.104 
4172,-7.812 
4172,-14.917 
4172,-12.312 
4172,-23.641 
4172,-35.042 
4172,107.312 
4173,-7.812 
4173,-14.917 
4173,-26.432 
4173,-48.974 
4173,-32.625 
4173,126.062 
4174,-7.812 
4174,-9.766 
4174,-21.182 
4174,-34.724 
4174,-13.875 
4174,117.062 
4175,-6.641 
4175,-9.766 
4175,-37.516 
4175,-44.474 
4175,-32.625 
4175,126.062 
4176,-7.812 
4176,-14.917 
4176,-16.682 
4176,-30.224 
4176,-43.057 
4176,105.979 
4177,-7.812 
4177,-14.917 
4177,-35.432 
4177,-32.641 
4177,-40.974 
4177,99.062 
4178,-6.641 
4178,-14.266 
4178,-28.516 
4178,-25.724 
4178,-37.125 
4178,107.312 
4179,-6.641 
4179,-9.766 
4179,-26.432 
4179,-19.141 
4179,-44.042 
4179,119.146 
4180,-7.812 
4180,-28.516 
4180,-35.042 
4180,-28.271 
4180,-39.542 
4180,80.312 
4181,-6.641 
4181,-18.766 
4181,-26.432 
4181,-28.141 
4181,-7.292 
4181,128.146 
4182,-7.812 
4182,-18.766 
4182,-7.292 
4182,-28.271 
4182,-26.042 
4182,119.146 
4183,-7.812 
4183,-9.766 
4183,-16.682 
4183,-4.891 
4183,-25.292 
4183,99.062 
4184,-6.641 
4184,-9.766 
4184,-30.932 
4184,-48.974 
4184,-32.625 
4184,107.312 
4185,-6.641 
4185,-18.766 
4185,-25.000 
4185,-27.229 
4185,-36.083 
4185,88.271 
4186,-7.812 
4186,-10.417 
4186,-16.812 
4186,-4.500 
4186,-24.641 
4186,119.146 
4187,-6.641 
4187,-9.766 
4187,-16.292 
4187,-19.271 
4187,-16.292 
4187,128.146 
4188,-7.812 
4188,-18.766 
4188,-16.682 
4188,-0.521 
4188,-16.292 
4188,108.062 
4189,-7.812 
4189,-18.766 
4189,-37.516 
4189,-30.224 
4189,-13.875 
4189,105.979 
4190,-7.812 
4190,-31.250 
4190,-37.516 
4190,-34.724 
4190,-32.625 
4190,107.312 
4191,-6.641 
4191,-9.766 
4191,-33.016 
4191,-25.724 
4191,-37.125 
4191,107.312 
4192,-6.641 
4192,-18.766 
4192,-37.516 
4192,-48.974 
4192,-40.974 
4192,99.062 
4193,-7.812 
4193,-14.917 
4193,-30.932 
4193,-28.271 
4193,-20.792 
4193,119.146 
4194,-6.641 
4194,-9.766 
4194,-16.292 
4194,-30.354 
4194,-22.875 
4194,105.979 
4195,-7.812 
4195,-31.250 
4195,-33.146 
4195,-44.474 
4195,-31.974 
4195,108.062 
4196,-7.812 
4196,-10.417 
4196,-16.812 
4196,-19.141 
4196,-25.292 
4196,108.062 
4197,-6.641 
4197,-18.766 
4197,-16.682 
4197,-25.724 
4197,-13.875 
4197,105.979 
4198,-7.812 
4198,-10.417 
4198,-25.682 
4198,-25.724 
4198,-31.974 
4198,107.312 
4199,-7.812 
4199,-31.250 
4199,-37.646 
4199,-25.724 
4199,-45.083 
4199,88.271 
4200,-7.812 
4200,-10.417 
4200,-28.646 
4200,-48.224 
4200,-9.375 
4200,99.062 
4201,-7.812 
4201,-9.766 
4201,-16.292 
4201,-19.271 
4201,-37.125 
4201,126.062 
4202,-7.812 
4202,-31.250 
4202,-33.016 
4202,-25.724 
4202,-13.224 
4202,109.104 
4203,-7.812 
4203,-10.417 
4203,-16.812 
4203,-28.141 
4203,-40.974 
4203,107.312 
4204,-7.812 
4204,-10.417 
4204,-16.812 
4204,-4.891 
4204,-11.141 
4204,119.146 
4205,-7.812 
4205,-10.417 
4205,-16.812 
4205,-4.500 
4205,-11.141 
4205,119.146 
4206,-6.641 
4206,-9.766 
4206,-7.682 
4206,-28.271 
4206,-16.292 
4206,126.062 
4207,-7.812 
4207,-14.917 
4207,-12.312 
4207,-19.141 
4207,-31.974 
4207,108.062 
4208,-7.812 
4208,-9.766 
4208,-30.932 
4208,-28.271 
4208,-41.625 
4208,107.312 
4209,-7.812 
4209,-14.917 
4209,-28.646 
4209,-44.474 
4209,-46.125 
4209,107.312 
4210,-7.812 
4210,-14.917 
4210,-33.146 
4210,-25.724 
4210,-46.125 
4210,80.312 
4211,-7.812 
4211,-9.766 
4211,-34.000 
4211,-27.229 
4211,-36.083 
4211,109.104 
4212,-7.812 
4212,-18.766 
4212,-16.682 
4212,-25.724 
4212,-22.224 
4212,108.062 
4213,-6.641 
4213,-28.516 
4213,-35.432 
4213,-39.974 
4213,-31.974 
4213,107.312 
4214,-7.812 
4214,-9.766 
4214,-26.432 
4214,-19.141 
4214,-40.974 
4214,108.062 
4215,-7.812 
4215,-31.250 
4215,-46.516 
4215,-30.224 
4215,-28.125 
4215,80.312 
4216,-6.641 
4216,-14.266 
4216,-12.182 
4216,-25.724 
4216,-31.974 
4216,80.312 
4217,-6.641 
4217,-14.266 
4217,-12.182 
4217,-21.224 
4217,-45.083 
4217,88.271 
4218,-7.812 
4218,-10.417 
4218,-33.146 
4218,-44.474 
4218,-46.125 
4218,108.062 
4219,-6.641 
4219,-28.516 
4219,-35.042 
4219,-47.021 
4219,-39.542 
4219,101.146 
4220,-6.641 
4220,-8.854 
4220,-35.042 
4220,-28.271 
4220,-26.042 
4220,119.146 
4221,-7.812 
4221,-14.917 
4221,-12.312 
4221,-23.641 
4221,-11.141 
4221,119.146 
4222,-6.641 
4222,-28.516 
4222,-35.432 
4222,-47.021 
4222,-39.542 
4222,101.146 
4223,-7.812 
4223,-14.266 
4223,-12.182 
4223,-21.224 
4223,-13.224 
4223,126.062 
4224,-7.812 
4224,-28.516 
4224,-26.432 
4224,-32.641 
4224,-35.042 
4224,107.312 
4225,-6.641 
4225,-14.266 
4225,-12.182 
4225,-9.521 
4225,-18.375 
4225,108.062 
4226,-7.812 
4226,-10.417 
4226,-35.432 
4226,-28.141 
4226,-30.542 
4226,107.312 
4227,-7.812 
4227,-10.417 
4227,-33.146 
4227,-48.974 
4227,-40.974 
4227,107.312 
4228,-7.812 
4228,-14.917 
4228,-33.146 
4228,-25.724 
4228,-31.974 
4228,80.312 
4229,-7.812 
4229,-31.250 
4229,-33.016 
4229,-44.474 
4229,-46.125 
4229,108.062 
4230,-7.812 
4230,-10.417 
4230,-33.146 
4230,-44.474 
4230,-46.125 
4230,107.312 
4231,-6.641 
4231,-9.766 
4231,-26.042 
4231,-47.021 
4231,-35.042 
4231,107.312 
4232,-7.812 
4232,-28.516 
4232,-35.042 
4232,-28.271 
4232,-39.542 
4232,101.146 
4233,-7.812 
4233,-18.766 
4233,-12.182 
4233,-23.771 
4233,-37.125 
4233,108.062 
4234,-6.641 
4234,-9.766 
4234,-7.682 
4234,-13.891 
4234,-16.292 
4234,119.146 
4235,-6.641 
4235,-14.266 
4235,-12.182 
4235,-4.891 
4235,-13.224 
4235,99.062 
4236,-7.812 
4236,-18.766 
4236,-37.516 
4236,-30.224 
4236,-28.125 
4236,107.312 
4237,-6.641 
4237,-18.766 
4237,-12.182 
4237,-22.729 
4237,-36.083 
4237,88.271 
4238,-7.812 
4238,-18.766 
4238,-7.292 
4238,-9.521 
4238,-20.792 
4238,99.062 
4239,-7.812 
4239,-14.917 
4239,-16.682 
4239,-13.891 
4239,-7.292 
4239,128.146 
4240,-7.812 
4240,-18.766 
4240,-12.182 
4240,-19.271 
4240,-30.542 
4240,128.146 
4241,-7.812 
4241,-14.917 
4241,-12.182 
4241,-21.224 
4241,-34.057 
4241,105.979 
4242,-6.641 
4242,-26.562 
4242,-29.500 
4242,-48.062 
4242,-40.583 
4242,109.104 
4243,-6.641 
4243,-9.766 
4243,-26.042 
4243,-28.271 
4243,-37.125 
4243,107.312 
4244,-7.812 
4244,-14.917 
4244,-30.932 
4244,-28.271 
4244,-20.792 
4244,108.062 
4245,-7.812 
4245,-31.250 
4245,-37.646 
4245,-39.224 
4245,-31.974 
4245,107.312 
4246,-6.641 
4246,-8.854 
4246,-26.042 
4246,-32.771 
4246,-30.542 
4246,128.146 
4247,-7.812 
4247,-28.516 
4247,-30.542 
4247,-51.521 
4247,-39.542 
4247,101.146 
4248,-6.641 
4248,-9.766 
4248,-26.042 
4248,-32.771 
4248,-30.542 
4248,128.146 
4249,-7.812 
4249,-18.766 
4249,-25.000 
4249,-27.229 
4249,-36.083 
4249,88.271 
4250,-6.641 
4250,-14.266 
4250,-26.042 
4250,-51.521 
4250,-39.542 
4250,80.312 
4251,-7.812 
4251,-18.766 
4251,-26.042 
4251,-28.271 
4251,-39.542 
4251,101.146 
4252,-7.812 
4252,-10.417 
4252,-7.812 
4252,-19.141 
4252,-40.974 
4252,107.312 
4253,-6.641 
4253,-26.562 
4253,-34.000 
4253,-27.229 
4253,-40.583 
4253,88.271 
4254,-6.641 
4254,-28.516 
4254,-39.932 
4254,-53.474 
4254,-40.974 
4254,80.312 
4255,-7.812 
4255,-31.250 
4255,-28.516 
4255,-21.224 
4255,-46.125 
4255,117.062 
4256,-7.812 
4256,-31.250 
4256,-46.516 
4256,-30.224 
4256,-31.974 
4256,117.062 
4257,-6.641 
4257,-18.766 
4257,-26.432 
4257,-48.974 
4257,-40.974 
4257,117.062 
4258,-7.812 
4258,-14.266 
4258,-30.932 
4258,-23.641 
4258,-25.292 
4258,119.146 
4259,-7.812 
4259,-14.917 
4259,-12.312 
4259,-4.500 
4259,-33.641 
4259,101.146 
4260,-7.812 
4260,-9.766 
4260,-7.682 
4260,-30.224 
4260,-27.375 
4260,105.979 
4261,-7.812 
4261,-14.917 
4261,-26.432 
4261,-23.771 
4261,-20.792 
4261,117.062 
4262,-6.641 
4262,-8.854 
4262,-26.042 
4262,-42.521 
4262,-39.542 
4262,107.312 
4263,-7.812 
4263,-9.766 
4263,-21.182 
4263,-34.724 
4263,-38.557 
4263,105.979 
4264,-7.812 
4264,-28.516 
4264,-30.932 
4264,-23.641 
4264,-31.974 
4264,107.312 
4265,-6.641 
4265,-28.516 
4265,-30.932 
4265,-23.641 
4265,-35.042 
4265,128.146 
4266,-7.812 
4266,-9.766 
4266,-21.182 
4266,-34.724 
4266,-28.125 
4266,107.312 
4267,-7.812 
4267,-31.250 
4267,-46.516 
4267,-48.974 
4267,-32.625 
4267,99.062 
4268,-7.812 
4268,-31.250 
4268,-33.146 
4268,-39.224 
4268,-31.974 
4268,126.062 
4269,-7.812 
4269,-10.417 
4269,-7.812 
4269,-19.141 
4269,-40.974 
4269,107.312 
4270,-7.812 
4270,-9.766 
4270,-30.932 
4270,-48.974 
4270,-40.974 
4270,126.062 
4271,-7.812 
4271,-31.250 
4271,-37.516 
4271,-43.562 
4271,-40.583 
4271,88.271 
4272,-6.641 
4272,-9.766 
4272,-28.516 
4272,-34.724 
4272,-45.083 
4272,88.271 
4273,-7.812 
4273,-14.917 
4273,-28.646 
4273,-39.224 
4273,-31.974 
4273,126.062 
4274,-6.641 
4274,-9.766 
4274,-26.432 
4274,-48.974 
4274,-31.974 
4274,108.062 
4275,-6.641 
4275,-9.766 
4275,-26.042 
4275,-47.021 
4275,-35.042 
4275,119.146 
4276,-7.812 
4276,-10.417 
4276,-7.682 
4276,-28.271 
4276,-35.042 
4276,128.146 
4277,-7.812 
4277,-18.766 
4277,-25.000 
4277,-27.229 
4277,-19.750 
4277,100.104 
4278,-7.812 
4278,-10.417 
4278,-7.682 
4278,-30.224 
4278,-34.057 
4278,105.979 
4279,-7.812 
4279,-10.417 
4279,-33.146 
4279,-48.974 
4279,-32.625 
4279,107.312 
4280,-7.812 
4280,-14.917 
4280,-12.312 
4280,-4.500 
4280,-6.641 
4280,128.146 
4281,-6.641 
4281,-18.766 
4281,-16.682 
4281,-9.391 
4281,-10.750 
4281,100.104 
4282,-7.812 
4282,-14.917 
4282,-28.646 
4282,-25.333 
4282,-35.724 
4282,108.062 
4283,-7.812 
4283,-14.266 
4283,-7.292 
4283,-23.771 
4283,-39.542 
4283,119.146 
4284,-7.812 
4284,-10.417 
4284,-25.682 
4284,-19.271 
4284,-26.042 
4284,119.146 
4285,-6.641 
4285,-28.516 
4285,-39.932 
4285,-32.641 
4285,-30.542 
4285,101.146 
4286,-6.641 
4286,-9.766 
4286,-26.042 
4286,-28.271 
4286,-35.042 
4286,107.312 
4287,-7.812 
4287,-10.417 
4287,-33.146 
4287,-44.474 
4287,-46.125 
4287,107.312 
4288,-7.812 
4288,-10.417 
4288,-35.432 
4288,-28.141 
4288,-11.792 
4288,119.146 
4289,-7.812 
4289,-10.417 
4289,-16.812 
4289,-20.833 
4289,-35.724 
4289,109.104 
4290,-7.812 
4290,-9.766 
4290,-11.792 
4290,-14.021 
4290,-20.792 
4290,119.146 
4291,-7.812 
4291,-31.250 
4291,-28.516 
4291,-39.354 
4291,-37.125 
4291,108.062 
4292,-6.641 
4292,-14.266 
4292,-25.000 
4292,-31.729 
4292,-40.583 
4292,88.271 
4293,-7.812 
4293,-10.417 
4293,-26.432 
4293,-39.974 
4293,-55.125 
4293,99.062 
4294,-7.812 
4294,-18.766 
4294,-16.682 
4294,-28.141 
4294,-20.141 
4294,101.146 
4295,-7.812 
4295,-28.516 
4295,-30.932 
4295,-23.641 
4295,-11.141 
4295,128.146 
4296,-7.812 
4296,-10.417 
4296,-7.682 
4296,-30.224 
4296,-34.057 
4296,105.979 
4297,-7.812 
4297,-14.917 
4297,-33.146 
4297,-25.724 
4297,-46.125 
4297,80.312 
4298,-6.641 
4298,-14.266 
4298,-7.292 
4298,-32.771 
4298,-30.542 
4298,119.146 
4299,-7.812 
4299,-9.766 
4299,-21.182 
4299,-30.224 
4299,-22.224 
4299,108.062 
4300,-7.812 
4300,-10.417 
4300,-28.646 
4300,-34.333 
4300,-35.724 
4300,100.104 
4301,-7.812 
4301,-14.917 
4301,-35.432 
4301,-32.641 
4301,-30.542 
4301,101.146 
4302,-7.812 
4302,-18.766 
4302,-37.516 
4302,-39.974 
4302,-40.974 
4302,107.312 
4303,-7.812 
4303,-9.766 
4303,-16.682 
4303,-25.724 
4303,-13.224 
4303,100.104 
4304,-7.812 
4304,-18.766 
4304,-25.000 
4304,-27.229 
4304,-36.083 
4304,88.271 
4305,-7.812 
4305,-10.417 
4305,-35.432 
4305,-38.021 
4305,-35.042 
4305,119.146 
4306,-7.812 
4306,-28.516 
4306,-35.432 
4306,-39.974 
4306,-31.974 
4306,108.062 
4307,-7.812 
4307,-14.917 
4307,-30.932 
4307,-39.974 
4307,-46.125 
4307,108.062 
4308,-6.641 
4308,-14.266 
4308,-30.932 
4308,-39.974 
4308,-31.974 
4308,108.062 
4309,-6.641 
4309,-18.766 
4309,-37.516 
4309,-21.354 
4309,-41.625 
4309,99.062 
4310,-6.641 
4310,-18.766 
4310,-26.432 
4310,-48.974 
4310,-28.125 
4310,107.312 
4311,-6.641 
4311,-9.766 
4311,-34.000 
4311,-27.229 
4311,-36.083 
4311,109.104 
4312,-7.812 
4312,-10.417 
4312,-26.432 
4312,-37.271 
4312,-39.542 
4312,101.146 
4313,-7.812 
4313,-28.516 
4313,-35.432 
4313,-44.474 
4313,-32.625 
4313,126.062 
4314,-7.812 
4314,-31.250 
4314,-28.646 
4314,-48.224 
4314,-27.083 
4314,100.104 
4315,-7.812 
4315,-9.766 
4315,-26.042 
4315,-42.521 
4315,-39.542 
4315,107.312 
4316,-7.812 
4316,-18.766 
4316,-37.516 
4316,-30.224 
4316,-13.875 
4316,105.979 
4317,-7.812 
4317,-9.766 
4317,-7.682 
4317,-19.141 
4317,-34.292 
4317,108.062 
4318,-6.641 
4318,-8.854 
4318,-11.792 
4318,-14.021 
4318,-11.792 
4318,117.062 
4319,-7.812 
4319,-10.417 
4319,-26.432 
4319,-19.141 
4319,-40.974 
4319,108.062 
4320,-7.812 
4320,-10.417 
4320,-35.432 
4320,-38.021 
4320,-35.042 
4320,119.146 
4321,-6.641 
4321,-8.854 
4321,-11.792 
4321,-23.771 
4321,-39.542 
4321,107.312 
4322,-7.812 
4322,-14.917 
4322,-28.646 
4322,-39.224 
4322,-13.875 
4322,105.979 
4323,-6.641 
4323,-9.766 
4323,-16.292 
4323,-19.271 
4323,-37.125 
4323,117.062 
4324,-7.812 
4324,-10.417 
4324,-26.432 
4324,-48.974 
4324,-31.974 
4324,107.312 
4325,-7.812 
4325,-18.766 
4325,-7.292 
4325,-9.521 
4325,-7.292 
4325,128.146 
4326,-6.641 
4326,-28.516 
4326,-35.432 
4326,-39.974 
4326,-31.974 
4326,107.312 
4327,-6.641 
4327,-28.516 
4327,-26.042 
4327,-42.521 
4327,-39.542 
4327,128.146 
4328,-7.812 
4328,-31.250 
4328,-28.516 
4328,-34.724 
4328,-31.974 
4328,99.062 
4329,-7.812 
4329,-14.917 
4329,-26.432 
4329,-44.474 
4329,-46.125 
4329,108.062 
4330,-7.812 
4330,-18.766 
4330,-26.432 
4330,-28.141 
4330,-26.042 
4330,128.146 
4331,-7.812 
4331,-18.766 
4331,-16.682 
4331,-30.224 
4331,-38.557 
4331,88.271 
4332,-6.641 
4332,-14.266 
4332,-30.932 
4332,-23.641 
4332,-25.292 
4332,108.062 
4333,-7.812 
4333,-18.766 
4333,-25.000 
4333,-48.062 
4333,-36.083 
4333,100.104 
4334,-7.812 
4334,-14.917 
4334,-12.182 
4334,-9.521 
4334,-22.875 
4334,117.062 
4335,-7.812 
4335,-28.516 
4335,-30.932 
4335,-23.771 
4335,-37.125 
4335,126.062 
4336,-7.812 
4336,-14.266 
4336,-7.292 
4336,-23.771 
4336,-20.792 
4336,119.146 
4337,-6.641 
4337,-8.854 
4337,-16.292 
4337,-9.521 
4337,-11.792 
4337,126.062 
4338,-6.641 
4338,-18.766 
4338,-16.682 
4338,-19.271 
4338,-39.542 
4338,101.146 
4339,-6.641 
4339,-8.854 
4339,-26.042 
4339,-47.021 
4339,-35.042 
4339,119.146 
4340,-6.641 
4340,-8.854 
4340,-16.292 
4340,-30.354 
4340,-41.625 
4340,80.312 
4341,-7.812 
4341,-9.766 
4341,-30.932 
4341,-23.641 
4341,-35.042 
4341,128.146 
4342,-7.812 
4342,-18.766 
4342,-26.432 
4342,-48.974 
4342,-40.974 
4342,107.312 
4343,-7.812 
4343,-9.766 
4343,-28.516 
4343,-21.224 
4343,-46.125 
4343,107.312 
4344,-7.812 
4344,-9.766 
4344,-37.516 
4344,-34.724 
4344,-32.625 
4344,107.312 
4345,-6.641 
4345,-9.766 
4345,-7.682 
4345,-30.224 
4345,-34.057 
4345,105.979 
4346,-7.812 
4346,-14.917 
4346,-30.932 
4346,-23.641 
4346,-25.292 
4346,108.062 
4347,-6.641 
4347,-8.854 
4347,-11.792 
4347,-30.354 
4347,-32.625 
4347,107.312 
4348,-7.812 
4348,-14.917 
4348,-12.312 
4348,-20.833 
4348,-13.224 
4348,109.104 
4349,-7.812 
4349,-14.917 
4349,-12.312 
4349,-19.141 
4349,-35.042 
4349,107.312 
4350,-6.641 
4350,-14.266 
4350,-7.292 
4350,-23.771 
4350,-37.125 
4350,107.312 
4351,-6.641 
4351,-9.766 
4351,-26.432 
4351,-39.974 
4351,-55.125 
4351,99.062 
4352,-7.812 
4352,-18.766 
4352,-37.516 
4352,-21.354 
4352,-22.875 
4352,105.979 
4353,-7.812 
4353,-31.250 
4353,-33.146 
4353,-25.724 
4353,-34.057 
4353,105.979 
4354,-6.641 
4354,-8.854 
4354,-26.042 
4354,-28.271 
4354,-20.792 
4354,117.062 
4355,-7.812 
4355,-9.766 
4355,-34.000 
4355,-48.062 
4355,-36.083 
4355,100.104 
4356,-7.812 
4356,-14.266 
4356,-12.182 
4356,-23.641 
4356,-27.474 
4356,107.312 
4357,-6.641 
4357,-14.266 
4357,-30.932 
4357,-23.641 
4357,-44.042 
4357,80.312 
4358,-7.812 
4358,-9.766 
4358,-7.682 
4358,-28.271 
4358,-16.292 
4358,126.062 
4359,-6.641 
4359,-9.766 
4359,-16.682 
4359,-25.724 
4359,-29.557 
4359,88.271 
4360,-6.641 
4360,-9.766 
4360,-21.182 
4360,-34.724 
4360,-38.557 
4360,88.271 
4361,-7.812 
4361,-14.917 
4361,-12.182 
4361,-4.891 
4361,-8.724 
4361,126.062 
4362,-7.812 
4362,-14.266 
4362,-12.182 
4362,-19.271 
4362,-39.542 
4362,119.146 
4363,-6.641 
4363,-9.766 
4363,-16.292 
4363,-19.271 
4363,-37.125 
4363,107.312 
4364,-7.812 
4364,-14.266 
4364,-28.516 
4364,-30.354 
4364,-32.625 
4364,126.062 
4365,-6.641 
4365,-8.854 
4365,-26.042 
4365,-32.771 
4365,-30.542 
4365,107.312 
4366,-7.812 
4366,-14.917 
4366,-26.432 
4366,-44.474 
4366,-31.974 
4366,107.312 
4367,-7.812 
4367,-10.417 
4367,-35.432 
4367,-19.271 
4367,-37.125 
4367,126.062 
4368,-7.812 
4368,-9.766 
4368,-29.500 
4368,-48.062 
4368,-40.583 
4368,88.271 
4369,-6.641 
4369,-18.766 
4369,-16.682 
4369,-9.391 
4369,-7.292 
4369,128.146 
4370,-6.641 
4370,-28.516 
4370,-26.432 
4370,-47.021 
4370,-39.542 
4370,107.312 
4371,-7.812 
4371,-9.766 
4371,-16.292 
4371,-9.521 
4371,-20.792 
4371,119.146 
4372,-7.812 
4372,-31.250 
4372,-33.146 
4372,-25.333 
4372,-31.974 
4372,108.062 
4373,-7.812 
4373,-14.917 
4373,-12.312 
4373,-4.500 
4373,-11.141 
4373,119.146 
4374,-6.641 
4374,-9.766 
4374,-21.182 
4374,-23.771 
4374,-37.125 
4374,108.062 
4375,-6.641 
4375,-9.766 
4375,-28.516 
4375,-21.224 
4375,-40.974 
4375,107.312 
4376,-6.641 
4376,-9.766 
4376,-26.432 
4376,-32.641 
4376,-25.292 
4376,108.062 
4377,-7.812 
4377,-9.766 
4377,-7.682 
4377,-28.271 
4377,-35.042 
4377,107.312 
4378,-7.812 
4378,-9.766 
4378,-7.682 
4378,-30.224 
4378,-13.224 
4378,126.062 
4379,-7.812 
4379,-18.766 
4379,-28.516 
4379,-34.724 
4379,-32.625 
4379,107.312 
4380,-7.812 
4380,-10.417 
4380,-33.146 
4380,-25.724 
4380,-31.974 
4380,108.062 
4381,-7.812 
4381,-31.250 
4381,-28.516 
4381,-21.224 
4381,-46.125 
4381,117.062 
4382,-6.641 
4382,-14.266 
4382,-12.182 
4382,-21.224 
4382,-45.083 
4382,88.271 
4383,-6.641 
4383,-9.766 
4383,-16.682 
4383,-25.724 
4383,-27.375 
4383,99.062 
4384,-6.641 
4384,-18.766 
4384,-12.182 
4384,-30.224 
4384,-31.583 
4384,88.271 
4385,-7.812 
4385,-14.917 
4385,-28.646 
4385,-25.333 
4385,-13.224 
4385,109.104 
4386,-6.641 
4386,-18.766 
4386,-26.432 
4386,-19.271 
4386,-35.042 
4386,128.146 
4387,-7.812 
4387,-10.417 
4387,-7.812 
4387,-13.500 
4387,-6.641 
4387,128.146 
4388,-7.812 
4388,-31.250 
4388,-37.516 
4388,-34.724 
4388,-31.583 
4388,88.271 
4389,-7.812 
4389,-10.417 
4389,-7.682 
4389,-30.224 
4389,-34.057 
4389,105.979 
4390,-6.641 
4390,-18.766 
4390,-16.682 
4390,-18.229 
4390,-36.083 
4390,109.104 
4391,-7.812 
4391,-9.766 
4391,-16.682 
4391,-25.724 
4391,-13.224 
4391,117.062 
4392,-7.812 
4392,-9.766 
4392,-28.516 
4392,-39.354 
4392,-41.625 
4392,80.312 
4393,-7.812 
4393,-31.250 
4393,-33.016 
4393,-44.474 
4393,-46.125 
4393,107.312 
4394,-6.641 
4394,-9.766 
4394,-30.932 
4394,-32.641 
4394,-40.974 
4394,117.062 
4395,-7.812 
4395,-14.917 
4395,-12.312 
4395,-23.641 
4395,-31.974 
4395,80.312 
4396,-6.641 
4396,-9.766 
4396,-16.682 
4396,-28.271 
4396,-20.792 
4396,99.062 
4397,-6.641 
4397,-14.266 
4397,-26.042 
4397,-32.771 
4397,-39.542 
4397,101.146 
4398,-7.812 
4398,-28.516 
4398,-35.432 
4398,-44.474 
4398,-40.974 
4398,126.062 
4399,-6.641 
4399,-9.766 
4399,-28.516 
4399,-57.062 
4399,-36.083 
4399,100.104 
4400,-7.812 
4400,-14.917 
4400,-33.146 
4400,-25.333 
4400,-45.474 
4400,117.062 
4401,-6.641 
4401,-8.854 
4401,-26.042 
4401,-47.021 
4401,-35.042 
4401,107.312 
4402,-7.812 
4402,-14.917 
4402,-28.646 
4402,-48.974 
4402,-40.974 
4402,107.312 
4403,-7.812 
4403,-10.417 
4403,-7.682 
4403,-21.224 
4403,-43.057 
4403,105.979 
4404,-7.812 
4404,-10.417 
4404,-26.432 
4404,-48.974 
4404,-46.125 
4404,108.062 
4405,-7.812 
4405,-14.917 
4405,-28.646 
4405,-48.974 
4405,-40.974 
4405,107.312 
4406,-6.641 
4406,-18.766 
4406,-30.932 
4406,-42.521 
4406,-39.542 
4406,80.312 
4407,-7.812 
4407,-14.266 
4407,-12.182 
4407,-23.641 
4407,-44.042 
4407,80.312 
4408,-6.641 
4408,-28.516 
4408,-30.932 
4408,-23.641 
4408,-35.042 
4408,128.146 
4409,-6.641 
4409,-28.516 
4409,-35.432 
4409,-19.271 
4409,-20.792 
4409,119.146 
4410,-7.812 
4410,-9.766 
4410,-28.516 
4410,-34.724 
4410,-45.083 
4410,100.104 
4411,-7.812 
4411,-14.917 
4411,-12.312 
4411,-25.333 
4411,-31.974 
4411,80.312 
4412,-7.812 
4412,-28.516 
4412,-26.042 
4412,-28.271 
4412,-16.292 
4412,126.062 
4413,-6.641 
4413,-18.766 
4413,-25.000 
4413,-48.062 
4413,-36.083 
4413,100.104 
4414,-7.812 
4414,-28.516 
4414,-30.932 
4414,-48.974 
4414,-32.625 
4414,126.062 
4415,-7.812 
4415,-18.766 
4415,-26.042 
4415,-28.271 
4415,-20.792 
4415,108.062 
4416,-7.812 
4416,-10.417 
4416,-35.432 
4416,-28.141 
4416,-26.042 
4416,107.312 
4417,-7.812 
4417,-28.516 
4417,-26.042 
4417,-47.021 
4417,-39.542 
4417,119.146 
4418,-6.641 
4418,-18.766 
4418,-30.932 
4418,-53.474 
4418,-32.625 
4418,99.062 
4419,-7.812 
4419,-10.417 
4419,-7.812 
4419,-37.141 
4419,-7.292 
4419,128.146 
4420,-7.812 
4420,-18.766 
4420,-26.432 
4420,-19.271 
4420,-35.042 
4420,107.312 
4421,-7.812 
4421,-31.250 
4421,-33.146 
4421,-39.224 
4421,-32.625 
4421,108.062 
4422,-7.812 
4422,-14.917 
4422,-33.146 
4422,-25.724 
4422,-46.125 
4422,80.312 
4423,-7.812 
4423,-10.417 
4423,-35.432 
4423,-38.021 
4423,-35.042 
4423,119.146 
4424,-7.812 
4424,-9.766 
4424,-16.292 
4424,-28.271 
4424,-16.292 
4424,101.146 
4425,-6.641 
4425,-9.766 
4425,-26.042 
4425,-28.271 
4425,-16.292 
4425,126.062 
4426,-7.812 
4426,-14.917 
4426,-12.182 
4426,-4.891 
4426,-16.292 
4426,117.062 
4427,-7.812 
4427,-14.917 
4427,-12.182 
4427,-9.521 
4427,-11.792 
4427,119.146 
4428,-7.812 
4428,-31.250 
4428,-37.516 
4428,-34.724 
4428,-32.625 
4428,108.062 
4429,-7.812 
4429,-9.766 
4429,-16.682 
4429,-25.724 
4429,-45.083 
4429,88.271 
4430,-6.641 
4430,-18.766 
4430,-7.292 
4430,-9.521 
4430,-18.375 
4430,126.062 
4431,-7.812 
4431,-9.766 
4431,-33.016 
4431,-44.474 
4431,-46.125 
4431,107.312 
4432,-6.641 
4432,-9.766 
4432,-34.000 
4432,-43.562 
4432,-40.583 
4432,109.104 
4433,-6.641 
4433,-9.766 
4433,-7.682 
4433,-36.229 
4433,-36.083 
4433,100.104 
4434,-7.812 
4434,-10.417 
4434,-26.432 
4434,-37.271 
4434,-39.542 
4434,101.146 
4435,-6.641 
4435,-28.516 
4435,-26.042 
4435,-28.271 
4435,-37.125 
4435,107.312 
4436,-7.812 
4436,-28.516 
4436,-35.042 
4436,-28.271 
4436,-39.542 
4436,80.312 
4437,-7.812 
4437,-10.417 
4437,-16.812 
4437,-4.891 
4437,-25.292 
4437,99.062 
4438,-7.812 
4438,-31.250 
4438,-28.646 
4438,-34.333 
4438,-13.224 
4438,117.062 
4439,-7.812 
4439,-10.417 
4439,-26.432 
4439,-32.641 
4439,-27.474 
4439,108.062 
4440,-7.812 
4440,-14.917 
4440,-30.932 
4440,-23.641 
4440,-25.292 
4440,119.146 
4441,-7.812 
4441,-9.766 
4441,-21.182 
4441,-5.021 
4441,-22.875 
4441,99.062 
4442,-7.812 
4442,-10.417 
4442,-16.812 
4442,-23.641 
4442,-44.042 
4442,80.312 
4443,-7.812 
4443,-10.417 
4443,-7.682 
4443,-28.271 
4443,-35.042 
4443,128.146 
4444,-7.812 
4444,-10.417 
4444,-35.432 
4444,-28.141 
4444,-26.042 
4444,107.312 
4445,-6.641 
4445,-28.516 
4445,-26.042 
4445,-28.271 
4445,-37.125 
4445,107.312 
4446,-7.812 
4446,-28.516 
4446,-30.932 
4446,-48.974 
4446,-40.974 
4446,107.312 
4447,-6.641 
4447,-8.854 
4447,-26.042 
4447,-28.271 
4447,-35.042 
4447,119.146 
4448,-7.812 
4448,-14.917 
4448,-12.312 
4448,-37.141 
4448,-40.974 
4448,80.312 
4449,-6.641 
4449,-18.766 
4449,-26.432 
4449,-44.474 
4449,-32.625 
4449,107.312 
4450,-6.641 
4450,-9.766 
4450,-33.016 
4450,-48.062 
4450,-40.583 
4450,88.271 
4451,-6.641 
4451,-8.854 
4451,-16.292 
4451,-9.521 
4451,-18.375 
4451,105.979 
4452,-7.812 
4452,-9.766 
4452,-16.292 
4452,-30.354 
4452,-18.375 
4452,99.062 
4453,-6.641 
4453,-9.766 
4453,-30.932 
4453,-23.641 
4453,-25.292 
4453,108.062 
4454,-7.812 
4454,-28.516 
4454,-35.042 
4454,-28.271 
4454,-30.542 
4454,119.146 
4455,-7.812 
4455,-28.516 
4455,-39.932 
4455,-42.521 
4455,-39.542 
4455,101.146 
4456,-7.812 
4456,-31.250 
4456,-33.146 
4456,-39.224 
4456,-43.057 
4456,88.271 
4457,-6.641 
4457,-18.766 
4457,-26.432 
4457,-38.021 
4457,-35.042 
4457,107.312 
4458,-7.812 
4458,-10.417 
4458,-16.812 
4458,-19.141 
4458,-31.974 
4458,107.312 
4459,-7.812 
4459,-28.516 
4459,-35.432 
4459,-23.641 
4459,-44.042 
4459,101.146 
4460,-7.812 
4460,-10.417 
4460,-7.682 
4460,-21.224 
4460,-54.083 
4460,88.271 
4461,-7.812 
4461,-18.766 
4461,-16.682 
4461,-25.724 
4461,-31.583 
4461,88.271 
4462,-7.812 
4462,-9.766 
4462,-26.432 
4462,-32.641 
4462,-27.474 
4462,108.062 
4463,-7.812 
4463,-18.766 
4463,-26.042 
4463,-38.021 
4463,-39.542 
4463,107.312 
4464,-7.812 
4464,-31.250 
4464,-37.516 
4464,-44.474 
4464,-40.974 
4464,107.312 
4465,-7.812 
4465,-14.917 
4465,-12.312 
4465,-23.641 
4465,-27.474 
4465,108.062 
4466,-6.641 
4466,-14.266 
4466,-25.000 
4466,-48.062 
4466,-40.583 
4466,88.271 
4467,-7.812 
4467,-14.917 
4467,-28.646 
4467,-25.724 
4467,-31.974 
4467,107.312 
4468,-7.812 
4468,-14.917 
4468,-26.432 
4468,-48.974 
4468,-40.974 
4468,126.062 
4469,-6.641 
4469,-9.766 
4469,-26.432 
4469,-48.974 
4469,-46.125 
4469,107.312 
4470,-7.812 
4470,-14.917 
4470,-12.182 
4470,-28.271 
4470,-41.625 
4470,99.062 
4471,-6.641 
4471,-28.516 
4471,-30.542 
4471,-51.521 
4471,-39.542 
4471,80.312 
4472,-7.812 
4472,-10.417 
4472,-7.682 
4472,-36.229 
4472,-19.750 
4472,100.104 
4473,-7.812 
4473,-28.516 
4473,-30.932 
4473,-23.771 
4473,-39.542 
4473,119.146 
4474,-7.812 
4474,-10.417 
4474,-28.646 
4474,-57.974 
4474,-40.974 
4474,107.312 
4475,-7.812 
4475,-14.266 
4475,-25.000 
4475,-31.729 
4475,-36.083 
4475,88.271 
4476,-6.641 
4476,-28.516 
4476,-30.932 
4476,-28.271 
4476,-30.542 
4476,107.312 
4477,-7.812 
4477,-14.266 
4477,-25.000 
4477,-31.729 
4477,-19.750 
4477,100.104 
4478,-7.812 
4478,-28.516 
4478,-35.432 
4478,-28.141 
4478,-26.042 
4478,119.146 
4479,-6.641 
4479,-26.562 
4479,-29.500 
4479,-31.729 
4479,-36.083 
4479,88.271 
4480,-6.641 
4480,-9.766 
4480,-21.182 
4480,-13.891 
4480,-11.141 
4480,128.146 
4481,-7.812 
4481,-28.516 
4481,-39.932 
4481,-53.474 
4481,-32.625 
4481,80.312 
4482,-7.812 
4482,-10.417 
4482,-7.682 
4482,-28.141 
4482,-35.042 
4482,128.146 
4483,-7.812 
4483,-31.250 
4483,-28.646 
4483,-48.224 
4483,-40.974 
4483,80.312 
4484,-7.812 
4484,-31.250 
4484,-33.146 
4484,-44.474 
4484,-31.974 
4484,108.062 
4485,-7.812 
4485,-31.250 
4485,-46.516 
4485,-30.224 
4485,-31.974 
4485,117.062 
4486,-6.641 
4486,-28.516 
4486,-26.042 
4486,-32.771 
4486,-30.542 
4486,107.312 
4487,-7.812 
4487,-18.766 
4487,-26.042 
4487,-47.021 
4487,-39.542 
4487,101.146 
4488,-7.812 
4488,-14.266 
4488,-12.182 
4488,-19.271 
4488,-37.125 
4488,107.312 
4489,-7.812 
4489,-14.917 
4489,-12.312 
4489,-18.391 
4489,-10.750 
4489,100.104 
4490,-6.641 
4490,-9.766 
4490,-7.682 
4490,-30.224 
4490,-45.083 
4490,109.104 
4491,-7.812 
4491,-9.766 
4491,-28.516 
4491,-21.224 
4491,-54.083 
4491,100.104 
4492,-6.641 
4492,-28.516 
4492,-35.432 
4492,-28.141 
4492,-26.042 
4492,119.146 
4493,-6.641 
4493,-28.516 
4493,-30.932 
4493,-44.474 
4493,-46.125 
4493,107.312 
4494,-7.812 
4494,-18.766 
4494,-16.682 
4494,-9.391 
4494,-22.224 
4494,99.062 
4495,-7.812 
4495,-18.766 
4495,-37.516 
4495,-48.974 
4495,-40.974 
4495,80.312 
4496,-6.641 
4496,-8.854 
4496,-11.792 
4496,-32.771 
4496,-37.125 
4496,108.062 
4497,-7.812 
4497,-18.766 
4497,-26.042 
4497,-47.021 
4497,-39.542 
4497,101.146 
4498,-7.812 
4498,-31.250 
4498,-33.146 
4498,-25.333 
4498,-31.974 
4498,108.062 
4499,-6.641 
4499,-8.854 
4499,-26.042 
4499,-28.271 
4499,-35.042 
4499,107.312 
4500,-6.641 
4500,-18.766 
4500,-25.000 
4500,-27.229 
4500,-40.583 
4500,88.271 
4501,-7.812 
4501,-14.917 
4501,-26.432 
4501,-44.474 
4501,-31.974 
4501,108.062 
4502,-7.812 
4502,-31.250 
4502,-37.646 
4502,-39.224 
4502,-38.557 
4502,105.979 
4503,-7.812 
4503,-14.917 
4503,-12.312 
4503,-19.141 
4503,-31.974 
4503,107.312 
4504,-6.641 
4504,-28.516 
4504,-35.432 
4504,-23.641 
4504,-27.474 
4504,107.312 
4505,-6.641 
4505,-8.854 
4505,-35.042 
4505,-28.271 
4505,-39.542 
4505,80.312 
4506,-7.812 
4506,-31.250 
4506,-33.146 
4506,-39.224 
4506,-13.875 
4506,108.062 
4507,-6.641 
4507,-9.766 
4507,-37.516 
4507,-43.562 
4507,-40.583 
4507,88.271 
4508,-7.812 
4508,-14.266 
4508,-28.516 
4508,-48.062 
4508,-40.583 
4508,109.104 
4509,-6.641 
4509,-18.766 
4509,-7.292 
4509,-30.354 
4509,-37.125 
4509,107.312 
4510,-6.641 
4510,-26.562 
4510,-34.000 
4510,-27.229 
4510,-15.250 
4510,109.104 
4511,-7.812 
4511,-9.766 
4511,-16.292 
4511,-19.271 
4511,-35.042 
4511,107.312 
4512,-7.812 
4512,-31.250 
4512,-37.646 
4512,-39.224 
4512,-31.583 
4512,88.271 
4513,-7.812 
4513,-14.917 
4513,-12.312 
4513,-4.500 
4513,-11.141 
4513,101.146 
4514,-6.641 
4514,-9.766 
4514,-37.516 
4514,-34.724 
4514,-13.875 
4514,108.062 
4515,-7.812 
4515,-10.417 
4515,-26.432 
4515,-48.974 
4515,-46.125 
4515,107.312 
4516,-6.641 
4516,-8.854 
4516,-16.292 
4516,-23.771 
4516,-30.542 
4516,107.312 
4517,-6.641 
4517,-14.266 
4517,-12.182 
4517,-23.641 
4517,-25.292 
4517,99.062 
4518,-7.812 
4518,-18.766 
4518,-7.292 
4518,-9.521 
4518,-18.375 
4518,99.062 
4519,-6.641 
4519,-14.266 
4519,-26.042 
4519,-32.771 
4519,-20.792 
4519,101.146 
4520,-7.812 
4520,-9.766 
4520,-28.516 
4520,-34.724 
4520,-13.224 
4520,117.062 
4521,-7.812 
4521,-28.516 
4521,-35.432 
4521,-28.141 
4521,-20.141 
4521,128.146 
4522,-7.812 
4522,-31.250 
4522,-37.516 
4522,-34.724 
4522,-32.625 
4522,107.312 
4523,-7.812 
4523,-14.917 
4523,-26.432 
4523,-38.021 
4523,-39.542 
4523,107.312 
4524,-7.812 
4524,-31.250 
4524,-28.516 
4524,-21.224 
4524,-46.125 
4524,117.062 
4525,-7.812 
4525,-14.917 
4525,-28.646 
4525,-46.167 
4525,-56.557 
4525,88.271 
4526,-7.812 
4526,-18.766 
4526,-37.516 
4526,-30.224 
4526,-40.974 
4526,99.062 
4527,-6.641 
4527,-9.766 
4527,-7.682 
4527,-28.271 
4527,-35.042 
4527,119.146 
4528,-7.812 
4528,-31.250 
4528,-28.516 
4528,-34.724 
4528,-13.224 
4528,99.062 
4529,-7.812 
4529,-10.417 
4529,-35.432 
4529,-28.141 
4529,-26.042 
4529,119.146 
4530,-7.812 
4530,-14.266 
4530,-7.292 
4530,-32.771 
4530,-37.125 
4530,108.062 
4531,-6.641 
4531,-18.766 
4531,-12.182 
4531,-30.224 
4531,-31.974 
4531,126.062 
4532,-6.641 
4532,-8.854 
4532,-16.292 
4532,-19.271 
4532,-20.792 
4532,119.146 
4533,-7.812 
4533,-28.516 
4533,-39.932 
4533,-32.641 
4533,-30.542 
4533,101.146 
4534,-6.641 
4534,-9.766 
4534,-21.182 
4534,-23.771 
4534,-37.125 
4534,108.062 
4535,-7.812 
4535,-10.417 
4535,-7.682 
4535,-30.224 
4535,-27.375 
4535,105.979 
4536,-6.641 
4536,-18.766 
4536,-7.292 
4536,-23.771 
4536,-41.625 
4536,108.062 
4537,-6.641 
4537,-18.766 
4537,-25.000 
4537,-27.229 
4537,-36.083 
4537,109.104 
4538,-7.812 
4538,-28.516 
4538,-30.932 
4538,-23.641 
4538,-35.042 
4538,128.146 
4539,-6.641 
4539,-8.854 
4539,-11.792 
4539,-30.354 
4539,-32.625 
4539,126.062 
4540,-6.641 
4540,-9.766 
4540,-11.792 
4540,-14.021 
4540,-22.875 
4540,117.062 
4541,-6.641 
4541,-9.766 
4541,-16.292 
4541,-9.521 
4541,-18.375 
4541,105.979 
4542,-6.641 
4542,-18.766 
4542,-26.042 
4542,-28.271 
4542,-20.792 
4542,108.062 
4543,-7.812 
4543,-9.766 
4543,-33.016 
4543,-44.474 
4543,-31.974 
4543,108.062 
4544,-6.641 
4544,-18.766 
4544,-12.182 
4544,-19.271 
4544,-20.792 
4544,108.062 
4545,-7.812 
4545,-9.766 
4545,-16.682 
4545,-9.521 
4545,-20.792 
4545,99.062 
4546,-7.812 
4546,-31.250 
4546,-37.646 
4546,-39.974 
4546,-31.974 
4546,108.062 
4547,-7.812 
4547,-18.766 
4547,-30.932 
4547,-32.641 
4547,-30.542 
4547,80.312 
4548,-7.812 
4548,-18.766 
4548,-12.182 
4548,-30.224 
4548,-43.057 
4548,105.979 
4549,-7.812 
4549,-9.766 
4549,-16.682 
4549,-23.641 
4549,-35.042 
4549,107.312 
4550,-6.641 
4550,-18.766 
4550,-25.000 
4550,-27.229 
4550,-19.750 
4550,100.104 
4551,-7.812 
4551,-18.766 
4551,-7.292 
4551,-28.271 
4551,-37.125 
4551,108.062 
4552,-7.812 
4552,-10.417 
4552,-26.432 
4552,-37.271 
4552,-26.042 
4552,119.146 
4553,-6.641 
4553,-28.516 
4553,-35.432 
4553,-28.141 
4553,-36.474 
4553,126.062 
4554,-7.812 
4554,-9.766 
4554,-16.292 
4554,-25.854 
4554,-41.625 
4554,107.312 
4555,-6.641 
4555,-8.854 
4555,-26.042 
4555,-42.521 
4555,-39.542 
4555,128.146 
4556,-7.812 
4556,-10.417 
4556,-35.432 
4556,-28.141 
4556,-20.141 
4556,119.146 
4557,-7.812 
4557,-10.417 
4557,-16.812 
4557,-20.833 
4557,-45.474 
4557,107.312 
4558,-7.812 
4558,-14.917 
4558,-30.932 
4558,-23.641 
4558,-27.474 
4558,107.312 
4559,-7.812 
4559,-14.917 
4559,-12.312 
4559,-19.141 
4559,-11.141 
4559,128.146 
4560,-6.641 
4560,-18.766 
4560,-26.432 
4560,-28.141 
4560,-26.042 
4560,107.312 
4561,-7.812 
4561,-14.917 
4561,-12.312 
4561,-37.141 
4561,-40.974 
4561,99.062 
4562,-7.812 
4562,-31.250 
4562,-33.146 
4562,-46.167 
4562,-56.557 
4562,88.271 
4563,-6.641 
4563,-14.266 
4563,-7.292 
4563,-14.021 
4563,-22.875 
4563,99.062 
4564,-7.812 
4564,-9.766 
4564,-28.516 
4564,-34.724 
4564,-31.974 
4564,80.312 
4565,-7.812 
4565,-31.250 
4565,-33.146 
4565,-48.974 
4565,-40.974 
4565,107.312 
4566,-7.812 
4566,-9.766 
4566,-21.182 
4566,-23.641 
4566,-40.974 
4566,117.062 
4567,-7.812 
4567,-18.766 
4567,-7.292 
4567,-30.354 
4567,-37.125 
4567,99.062 
4568,-6.641 
4568,-28.516 
4568,-30.932 
4568,-48.974 
4568,-32.625 
4568,126.062 
4569,-7.812 
4569,-18.766 
4569,-7.292 
4569,-28.271 
4569,-41.625 
4569,99.062 
4570,-7.812 
4570,-10.417 
4570,-35.432 
4570,-28.141 
4570,-26.042 
4570,119.146 
4571,-7.812 
4571,-10.417 
4571,-7.812 
4571,-37.141 
4571,-26.042 
4571,119.146 
4572,-7.812 
4572,-28.516 
4572,-35.432 
4572,-19.271 
4572,-37.125 
4572,117.062 
4573,-7.812 
4573,-10.417 
4573,-7.682 
4573,-28.141 
4573,-31.974 
4573,107.312 
4574,-6.641 
4574,-8.854 
4574,-16.292 
4574,-9.521 
4574,-16.292 
4574,108.062 
4575,-7.812 
4575,-14.917 
4575,-16.682 
4575,-23.641 
4575,-30.542 
4575,107.312 
4576,-7.812 
4576,-10.417 
4576,-35.432 
4576,-28.141 
4576,-26.042 
4576,128.146 
4577,-7.812 
4577,-18.766 
4577,-7.292 
4577,-25.854 
4577,-41.625 
4577,108.062 
4578,-7.812 
4578,-9.766 
4578,-16.682 
4578,-28.271 
4578,-39.542 
4578,101.146 
4579,-7.812 
4579,-10.417 
4579,-33.146 
4579,-46.167 
4579,-56.557 
4579,88.271 
4580,-7.812 
4580,-18.766 
4580,-16.682 
4580,-9.391 
4580,-11.141 
4580,128.146 
4581,-6.641 
4581,-9.766 
4581,-16.292 
4581,-19.271 
4581,-37.125 
4581,117.062 
4582,-7.812 
4582,-28.516 
4582,-35.432 
4582,-28.271 
4582,-37.125 
4582,108.062 
4583,-7.812 
4583,-10.417 
4583,-16.812 
4583,-18.391 
4583,-11.792 
4583,119.146 
4584,-7.812 
4584,-31.250 
4584,-28.646 
4584,-57.974 
4584,-28.125 
4584,117.062 
4585,-6.641 
4585,-9.766 
4585,-30.932 
4585,-23.641 
4585,-35.042 
4585,107.312 
4586,-7.812 
4586,-14.917 
4586,-35.432 
4586,-23.771 
4586,-20.792 
4586,99.062 
4587,-7.812 
4587,-18.766 
4587,-30.932 
4587,-32.641 
4587,-30.542 
4587,80.312 
4588,-6.641 
4588,-8.854 
4588,-35.042 
4588,-28.271 
4588,-30.542 
4588,119.146 
4589,-6.641 
4589,-8.854 
4589,-26.042 
4589,-28.271 
4589,-37.125 
4589,107.312 
4590,-6.641 
4590,-9.766 
4590,-16.292 
4590,-9.521 
4590,-16.292 
4590,128.146 
4591,-7.812 
4591,-18.766 
4591,-25.000 
4591,-43.562 
4591,-40.583 
4591,88.271 
4592,-6.641 
4592,-18.766 
4592,-37.516 
4592,-21.354 
4592,-37.125 
4592,99.062 
4593,-6.641 
4593,-9.766 
4593,-29.500 
4593,-31.729 
4593,-19.750 
4593,100.104 
4594,-7.812 
4594,-14.917 
4594,-33.146 
4594,-39.224 
4594,-38.557 
4594,88.271 
4595,-7.812 
4595,-28.516 
4595,-26.042 
4595,-28.271 
4595,-39.542 
4595,107.312 
4596,-7.812 
4596,-10.417 
4596,-7.682 
4596,-30.224 
4596,-13.224 
4596,109.104 
4597,-7.812 
4597,-31.250 
4597,-46.516 
4597,-30.224 
4597,-13.875 
4597,117.062 
4598,-6.641 
4598,-9.766 
4598,-16.682 
4598,-28.271 
4598,-41.625 
4598,99.062 
4599,-7.812 
4599,-9.766 
4599,-16.682 
4599,-25.724 
4599,-29.557 
4599,88.271 
4600,-7.812 
4600,-28.516 
4600,-30.932 
4600,-28.271 
4600,-20.792 
4600,108.062 
4601,-6.641 
4601,-9.766 
4601,-7.682 
4601,-0.391 
4601,-33.250 
4601,109.104 
4602,-6.641 
4602,-18.766 
4602,-12.182 
4602,-23.641 
4602,-11.792 
4602,119.146 
4603,-7.812 
4603,-31.250 
4603,-33.146 
4603,-46.167 
4603,-34.057 
4603,105.979 
4604,-6.641 
4604,-18.766 
4604,-16.682 
4604,-19.271 
4604,-39.542 
4604,101.146 
4605,-7.812 
4605,-28.516 
4605,-35.432 
4605,-44.474 
4605,-40.974 
4605,126.062 
4606,-6.641 
4606,-28.516 
4606,-26.432 
4606,-48.974 
4606,-46.125 
4606,108.062 
4607,-6.641 
4607,-14.266 
4607,-12.182 
4607,-21.224 
4607,-34.057 
4607,88.271 
4608,-7.812 
4608,-14.917 
4608,-33.146 
4608,-39.224 
4608,-28.125 
4608,107.312 
4609,-7.812 
4609,-31.250 
4609,-33.146 
4609,-25.724 
4609,-27.375 
4609,105.979 
4610,-7.812 
4610,-28.516 
4610,-35.432 
4610,-44.474 
4610,-40.974 
4610,107.312 
4611,-7.812 
4611,-18.766 
4611,-25.000 
4611,-27.229 
4611,-40.583 
4611,88.271 
4612,-6.641 
4612,-28.516 
4612,-30.932 
4612,-44.474 
4612,-31.974 
4612,107.312 
4613,-6.641 
4613,-9.766 
4613,-28.516 
4613,-39.354 
4613,-28.125 
4613,107.312 
4614,-7.812 
4614,-14.917 
4614,-16.682 
4614,-30.224 
4614,-13.875 
4614,126.062 
4615,-7.812 
4615,-28.516 
4615,-26.432 
4615,-37.271 
4615,-20.792 
4615,119.146 
4616,-7.812 
4616,-14.917 
4616,-33.146 
4616,-41.667 
4616,-34.057 
4616,88.271 
4617,-7.812 
4617,-18.766 
4617,-12.182 
4617,-30.224 
4617,-22.224 
4617,108.062 
4618,-7.812 
4618,-18.766 
4618,-30.932 
4618,-32.641 
4618,-40.974 
4618,99.062 
4619,-7.812 
4619,-18.766 
4619,-37.516 
4619,-30.224 
4619,-31.583 
4619,88.271 
4620,-7.812 
4620,-9.766 
4620,-33.016 
4620,-48.062 
4620,-40.583 
4620,88.271 
4621,-7.812 
4621,-31.250 
4621,-37.516 
4621,-25.854 
4621,-22.875 
4621,105.979 
4622,-7.812 
4622,-14.917 
4622,-12.312 
4622,-23.641 
4622,-35.042 
4622,119.146 
4623,-6.641 
4623,-9.766 
4623,-16.682 
4623,-28.271 
4623,-39.542 
4623,80.312 
4624,-7.812 
4624,-18.766 
4624,-25.000 
4624,-27.229 
4624,-36.083 
4624,88.271 
4625,-7.812 
4625,-10.417 
4625,-7.682 
4625,-19.141 
4625,-40.974 
4625,107.312 
4626,-7.812 
4626,-28.516 
4626,-30.932 
4626,-23.641 
4626,-31.974 
4626,108.062 
4627,-6.641 
4627,-28.516 
4627,-26.042 
4627,-42.521 
4627,-39.542 
4627,107.312 
4628,-7.812 
4628,-31.250 
4628,-33.146 
4628,-25.333 
4628,-45.474 
4628,107.312 
4629,-7.812 
4629,-31.250 
4629,-33.146 
4629,-48.974 
4629,-40.974 
4629,126.062 
4630,-7.812 
4630,-10.417 
4630,-16.812 
4630,-20.833 
4630,-45.474 
4630,107.312 
4631,-7.812 
4631,-31.250 
4631,-33.146 
4631,-25.724 
4631,-37.125 
4631,126.062 
4632,-7.812 
4632,-14.917 
4632,-12.312 
4632,-28.141 
4632,-30.542 
4632,107.312 
4633,-6.641 
4633,-28.516 
4633,-35.432 
4633,-19.271 
4633,-37.125 
4633,107.312 
4634,-7.812 
4634,-28.516 
4634,-30.542 
4634,-51.521 
4634,-39.542 
4634,80.312 
4635,-7.812 
4635,-10.417 
4635,-7.812 
4635,-37.141 
4635,-36.474 
4635,126.062 
4636,-7.812 
4636,-14.266 
4636,-28.516 
4636,-48.062 
4636,-40.583 
4636,88.271 
4637,-6.641 
4637,-28.516 
4637,-35.432 
4637,-39.974 
4637,-31.974 
4637,108.062 
4638,-7.812 
4638,-10.417 
4638,-26.432 
4638,-32.641 
4638,-31.974 
4638,99.062 
4639,-6.641 
4639,-28.516 
4639,-30.932 
4639,-28.271 
4639,-30.542 
4639,128.146 
4640,-7.812 
4640,-18.766 
4640,-16.682 
4640,-9.391 
4640,-17.724 
4640,109.104 
4641,-6.641 
4641,-9.766 
4641,-26.432 
4641,-19.141 
4641,-44.042 
4641,107.312 
4642,-7.812 
4642,-28.516 
4642,-39.932 
4642,-53.474 
4642,-32.625 
4642,99.062 
4643,-7.812 
4643,-9.766 
4643,-28.516 
4643,-48.974 
4643,-46.125 
4643,107.312 
4644,-6.641 
4644,-18.766 
4644,-28.516 
4644,-34.724 
4644,-32.625 
4644,108.062 
4645,-7.812 
4645,-14.917 
4645,-12.182 
4645,-25.724 
4645,-13.224 
4645,117.062 
4646,-6.641 
4646,-9.766 
4646,-26.042 
4646,-28.271 
4646,-16.292 
4646,126.062 
4647,-7.812 
4647,-14.266 
4647,-28.516 
4647,-44.474 
4647,-31.974 
4647,108.062 
4648,-7.812 
4648,-18.766 
4648,-12.182 
4648,-30.224 
4648,-43.057 
4648,88.271 
4649,-7.812 
4649,-10.417 
4649,-7.812 
4649,-19.141 
4649,-24.641 
4649,101.146 
4650,-7.812 
4650,-14.917 
4650,-12.182 
4650,-4.891 
4650,-25.292 
4650,99.062 
4651,-7.812 
4651,-28.516 
4651,-26.432 
4651,-48.974 
4651,-46.125 
4651,108.062 
4652,-7.812 
4652,-28.516 
4652,-35.042 
4652,-38.021 
4652,-35.042 
4652,107.312 
4653,-7.812 
4653,-28.516 
4653,-30.932 
4653,-32.641 
4653,-30.542 
4653,107.312 
4654,-6.641 
4654,-9.766 
4654,-26.432 
4654,-48.974 
4654,-46.125 
4654,107.312 
4655,-6.641 
4655,-18.766 
4655,-37.516 
4655,-39.974 
4655,-28.125 
4655,107.312 
4656,-7.812 
4656,-18.766 
4656,-7.292 
4656,-23.771 
4656,-20.792 
4656,108.062 
4657,-6.641 
4657,-28.516 
4657,-30.932 
4657,-44.474 
4657,-46.125 
4657,108.062 
4658,-7.812 
4658,-31.250 
4658,-33.016 
4658,-30.354 
4658,-22.875 
4658,126.062 
4659,-6.641 
4659,-14.266 
4659,-12.182 
4659,-25.724 
4659,-13.224 
4659,99.062 
4660,-6.641 
4660,-18.766 
4660,-16.682 
4660,-19.271 
4660,-26.042 
4660,107.312 
4661,-7.812 
4661,-14.917 
4661,-28.646 
4661,-25.333 
4661,-31.974 
4661,107.312 
4662,-7.812 
4662,-31.250 
4662,-37.516 
4662,-25.854 
4662,-22.875 
4662,126.062 
4663,-6.641 
4663,-18.766 
4663,-16.682 
4663,-19.271 
4663,-26.042 
4663,107.312 
4664,-7.812 
4664,-14.917 
4664,-28.646 
4664,-25.333 
4664,-35.724 
4664,108.062 
4665,-7.812 
4665,-14.917 
4665,-16.682 
4665,-30.224 
4665,-22.224 
4665,108.062 
4666,-6.641 
4666,-14.266 
4666,-12.182 
4666,-4.891 
4666,-25.292 
4666,101.146 
4667,-7.812 
4667,-14.917 
4667,-12.312 
4667,-23.641 
4667,-31.974 
4667,99.062 
4668,-7.812 
4668,-9.766 
4668,-34.000 
4668,-48.062 
4668,-40.583 
4668,100.104 
4669,-6.641 
4669,-28.516 
4669,-26.042 
4669,-28.271 
4669,-37.125 
4669,107.312 
4670,-7.812 
4670,-28.516 
4670,-35.432 
4670,-44.474 
4670,-32.625 
4670,107.312 
4671,-7.812 
4671,-28.516 
4671,-35.432 
4671,-39.974 
4671,-31.974 
4671,107.312 
4672,-6.641 
4672,-18.766 
4672,-30.932 
4672,-23.771 
4672,-20.792 
4672,99.062 
4673,-6.641 
4673,-8.854 
4673,-30.542 
4673,-51.521 
4673,-39.542 
4673,80.312 
4674,-6.641 
4674,-9.766 
4674,-21.182 
4674,-5.021 
4674,-11.792 
4674,117.062 
4675,-6.641 
4675,-28.516 
4675,-26.432 
4675,-37.271 
4675,-37.125 
4675,80.312 
4676,-6.641 
4676,-28.516 
4676,-35.042 
4676,-28.271 
4676,-20.792 
4676,119.146 
4677,-7.812 
4677,-10.417 
4677,-35.432 
4677,-28.141 
4677,-20.141 
4677,119.146 
4678,-7.812 
4678,-9.766 
4678,-28.516 
4678,-39.354 
4678,-18.375 
4678,108.062 
4679,-6.641 
4679,-9.766 
4679,-7.682 
4679,-28.271 
4679,-35.042 
4679,107.312 
4680,-7.812 
4680,-14.917 
4680,-12.182 
4680,-19.271 
4680,-20.792 
4680,117.062 
4681,-7.812 
4681,-14.917 
4681,-12.182 
4681,-21.224 
4681,-31.974 
4681,108.062 
4682,-7.812 
4682,-10.417 
4682,-35.432 
4682,-48.974 
4682,-28.125 
4682,117.062 
4683,-7.812 
4683,-14.917 
4683,-28.646 
4683,-46.167 
4683,-56.557 
4683,105.979 
4684,-6.641 
4684,-8.854 
4684,-16.292 
4684,-30.354 
4684,-37.125 
4684,108.062 
4685,-6.641 
4685,-28.516 
4685,-35.432 
4685,-19.271 
4685,-20.792 
4685,119.146 
4686,-7.812 
4686,-18.766 
4686,-28.516 
4686,-43.562 
4686,-40.583 
4686,109.104 
4687,-6.641 
4687,-26.562 
4687,-34.000 
4687,-27.229 
4687,-19.750 
4687,100.104 
4688,-7.812 
4688,-10.417 
4688,-16.812 
4688,-4.891 
4688,-24.250 
4688,100.104 
4689,-6.641 
4689,-18.766 
4689,-16.682 
4689,-30.224 
4689,-27.083 
4689,88.271 
4690,-7.812 
4690,-10.417 
4690,-25.682 
4690,-25.724 
4690,-22.224 
4690,109.104 
4691,-7.812 
4691,-10.417 
4691,-25.682 
4691,-9.391 
4691,-22.224 
4691,108.062 
4692,-7.812 
4692,-18.766 
4692,-16.682 
4692,-9.391 
4692,-22.224 
4692,99.062 
4693,-7.812 
4693,-14.917 
4693,-12.182 
4693,-28.271 
4693,-20.792 
4693,99.062 
4694,-6.641 
4694,-28.516 
4694,-35.432 
4694,-28.271 
4694,-20.792 
4694,119.146 
4695,-7.812 
4695,-14.917 
4695,-26.432 
4695,-32.641 
4695,-30.542 
4695,119.146 
4696,-6.641 
4696,-9.766 
4696,-7.682 
4696,-30.224 
4696,-13.224 
4696,126.062 
4697,-7.812 
4697,-31.250 
4697,-46.516 
4697,-30.224 
4697,-22.224 
4697,99.062 
4698,-7.812 
4698,-10.417 
4698,-7.812 
4698,-29.833 
4698,-13.224 
4698,109.104 
4699,-7.812 
4699,-10.417 
4699,-35.432 
4699,-44.474 
4699,-40.974 
4699,107.312 
4700,-6.641 
4700,-9.766 
4700,-26.042 
4700,-28.271 
4700,-37.125 
4700,126.062 
4701,-6.641 
4701,-8.854 
4701,-26.042 
4701,-42.521 
4701,-39.542 
4701,107.312 
4702,-7.812 
4702,-31.250 
4702,-46.516 
4702,-39.974 
4702,-40.974 
4702,107.312 
4703,-6.641 
4703,-18.766 
4703,-7.292 
4703,-9.521 
4703,-18.375 
4703,126.062 
4704,-7.812 
4704,-18.766 
4704,-7.292 
4704,-23.771 
4704,-20.792 
4704,108.062 
4705,-6.641 
4705,-8.854 
4705,-26.042 
4705,-47.021 
4705,-39.542 
4705,119.146 
4706,-6.641 
4706,-14.266 
4706,-7.292 
4706,-14.021 
4706,-18.375 
4706,108.062 
4707,-7.812 
4707,-10.417 
4707,-7.812 
4707,-19.141 
4707,-24.641 
4707,119.146 
4708,-7.812 
4708,-10.417 
4708,-26.432 
4708,-32.641 
4708,-27.474 
4708,107.312 
4709,-7.812 
4709,-10.417 
4709,-35.432 
4709,-48.974 
4709,-28.125 
4709,107.312 
4710,-6.641 
4710,-18.766 
4710,-16.682 
4710,-19.271 
4710,-26.042 
4710,107.312 
4711,-7.812 
4711,-28.516 
4711,-30.932 
4711,-32.641 
4711,-26.042 
4711,107.312 
4712,-7.812 
4712,-31.250 
4712,-33.146 
4712,-25.333 
4712,-45.474 
4712,126.062 
4713,-7.812 
4713,-9.766 
4713,-16.292 
4713,-28.271 
4713,-37.125 
4713,107.312 
4714,-6.641 
4714,-26.562 
4714,-34.000 
4714,-48.062 
4714,-36.083 
4714,88.271 
4715,-6.641 
4715,-9.766 
4715,-7.682 
4715,-28.141 
4715,-35.042 
4715,107.312 
4716,-7.812 
4716,-14.917 
4716,-12.182 
4716,-21.224 
4716,-45.083 
4716,88.271 
4717,-6.641 
4717,-8.854 
4717,-11.792 
4717,-14.021 
4717,-11.792 
4717,119.146 
4718,-7.812 
4718,-10.417 
4718,-28.646 
4718,-21.224 
4718,-26.724 
4718,100.104 
4719,-6.641 
4719,-18.766 
4719,-28.516 
4719,-43.562 
4719,-40.583 
4719,88.271 
4720,-6.641 
4720,-9.766 
4720,-28.516 
4720,-34.724 
4720,-29.557 
4720,88.271 
4721,-7.812 
4721,-14.266 
4721,-26.042 
4721,-51.521 
4721,-39.542 
4721,101.146 
4722,-7.812 
4722,-31.250 
4722,-33.016 
4722,-30.354 
4722,-22.875 
4722,105.979 
4723,-6.641 
4723,-9.766 
4723,-16.292 
4723,-19.271 
4723,-37.125 
4723,117.062 
4724,-6.641 
4724,-9.766 
4724,-21.182 
4724,-23.641 
4724,-26.042 
4724,107.312 
4725,-6.641 
4725,-18.766 
4725,-16.682 
4725,-28.141 
4725,-20.141 
4725,101.146 
4726,-6.641 
4726,-18.766 
4726,-12.182 
4726,-30.224 
4726,-31.583 
4726,88.271 
4727,-6.641 
4727,-28.516 
4727,-35.432 
4727,-28.141 
4727,-30.542 
4727,107.312 
4728,-7.812 
4728,-14.917 
4728,-35.432 
4728,-32.641 
4728,-30.542 
4728,101.146 
4729,-6.641 
4729,-8.854 
4729,-16.292 
4729,-30.354 
4729,-37.125 
4729,107.312 
4730,-7.812 
4730,-9.766 
4730,-7.682 
4730,-28.271 
4730,-35.042 
4730,107.312 
4731,-7.812 
4731,-18.766 
4731,-37.516 
4731,-39.062 
4731,-40.583 
4731,100.104 
4732,-7.812 
4732,-18.766 
4732,-37.516 
4732,-30.224 
4732,-13.875 
4732,105.979 
4733,-6.641 
4733,-18.766 
4733,-12.182 
4733,-34.724 
4733,-31.583 
4733,88.271 
4734,-7.812 
4734,-28.516 
4734,-35.432 
4734,-38.021 
4734,-39.542 
4734,107.312 
4735,-6.641 
4735,-14.266 
4735,-28.516 
4735,-44.474 
4735,-46.125 
4735,107.312 
4736,-7.812 
4736,-10.417 
4736,-7.812 
4736,-29.833 
4736,-31.974 
4736,107.312 
4737,-7.812 
4737,-9.766 
4737,-28.516 
4737,-21.224 
4737,-36.375 
4737,108.062 
4738,-7.812 
4738,-31.250 
4738,-33.016 
4738,-30.354 
4738,-22.875 
4738,126.062 
4739,-7.812 
4739,-9.766 
4739,-28.516 
4739,-48.974 
4739,-46.125 
4739,108.062 
4740,-6.641 
4740,-8.854 
4740,-30.542 
4740,-32.771 
4740,-20.792 
4740,99.062 
4741,-6.641 
4741,-8.854 
4741,-11.792 
4741,-14.021 
4741,-22.875 
4741,105.979 
4742,-7.812 
4742,-31.250 
4742,-37.646 
4742,-39.224 
4742,-13.875 
4742,117.062 
4743,-6.641 
4743,-9.766 
4743,-26.042 
4743,-42.521 
4743,-39.542 
4743,107.312 
4744,-7.812 
4744,-28.516 
4744,-26.432 
4744,-47.021 
4744,-39.542 
4744,107.312 
4745,-7.812 
4745,-14.917 
4745,-12.312 
4745,-25.333 
4745,-27.474 
4745,107.312 
4746,-7.812 
4746,-31.250 
4746,-33.146 
4746,-39.224 
4746,-43.057 
4746,105.979 
4747,-7.812 
4747,-10.417 
4747,-33.146 
4747,-39.224 
4747,-13.875 
4747,108.062 
4748,-6.641 
4748,-8.854 
4748,-16.292 
4748,-9.521 
4748,-18.375 
4748,126.062 
4749,-7.812 
4749,-14.917 
4749,-30.932 
4749,-47.021 
4749,-39.542 
4749,80.312 
4750,-7.812 
4750,-14.917 
4750,-30.932 
4750,-23.641 
4750,-11.141 
4750,119.146 
4751,-7.812 
4751,-18.766 
4751,-16.682 
4751,-25.724 
4751,-22.224 
4751,108.062 
4752,-7.812 
4752,-10.417 
4752,-33.146 
4752,-25.724 
4752,-31.974 
4752,108.062 
4753,-7.812 
4753,-10.417 
4753,-33.146 
4753,-44.474 
4753,-46.125 
4753,107.312 
4754,-7.812 
4754,-18.766 
4754,-26.432 
4754,-28.141 
4754,-36.474 
4754,126.062 
4755,-6.641 
4755,-14.266 
4755,-7.292 
4755,-32.771 
4755,-20.792 
4755,119.146 
4756,-6.641 
4756,-26.562 
4756,-34.000 
4756,-27.229 
4756,-36.083 
4756,88.271 
4757,-6.641 
4757,-9.766 
4757,-28.516 
4757,-34.724 
4757,-46.125 
4757,80.312 
4758,-6.641 
4758,-9.766 
4758,-7.682 
4758,-0.391 
4758,-22.224 
4758,109.104 
4759,-7.812 
4759,-9.766 
4759,-7.682 
4759,-21.224 
4759,-46.125 
4759,117.062 
4760,-7.812 
4760,-18.766 
4760,-7.292 
4760,-23.771 
4760,-41.625 
4760,108.062 
4761,-7.812 
4761,-18.766 
4761,-37.516 
4761,-21.354 
4761,-37.125 
4761,80.312 
4762,-6.641 
4762,-18.766 
4762,-28.516 
4762,-34.724 
4762,-22.224 
4762,108.062 
4763,-6.641 
4763,-18.766 
4763,-12.182 
4763,-30.224 
4763,-31.583 
4763,88.271 
4764,-7.812 
4764,-10.417 
4764,-35.432 
4764,-28.141 
4764,-26.042 
4764,107.312 
4765,-7.812 
4765,-14.917 
4765,-26.432 
4765,-44.474 
4765,-46.125 
4765,108.062 
4766,-7.812 
4766,-10.417 
4766,-28.646 
4766,-34.333 
4766,-45.474 
4766,117.062 
4767,-6.641 
4767,-9.766 
4767,-7.682 
4767,-19.141 
4767,-24.641 
4767,119.146 
4768,-7.812 
4768,-10.417 
4768,-26.432 
4768,-32.641 
4768,-11.141 
4768,119.146 
4769,-7.812 
4769,-28.516 
4769,-26.432 
4769,-19.141 
4769,-40.974 
4769,108.062 
4770,-7.812 
4770,-31.250 
4770,-37.516 
4770,-25.854 
4770,-22.875 
4770,108.062 
4771,-6.641 
4771,-26.562 
4771,-34.000 
4771,-43.562 
4771,-40.583 
4771,88.271 
4772,-7.812 
4772,-10.417 
4772,-33.146 
4772,-25.724 
4772,-27.375 
4772,126.062 
4773,-7.812 
4773,-28.516 
4773,-39.932 
4773,-32.641 
4773,-30.542 
4773,101.146 
4774,-7.812 
4774,-10.417 
4774,-28.646 
4774,-34.333 
4774,-54.474 
4774,99.062 
4775,-7.812 
4775,-9.766 
4775,-7.682 
4775,-0.391 
4775,-20.141 
4775,128.146 
4776,-7.812 
4776,-14.917 
4776,-12.182 
4776,-27.229 
4776,-36.083 
4776,109.104 
4777,-6.641 
4777,-9.766 
4777,-30.932 
4777,-32.641 
4777,-30.542 
4777,119.146 
4778,-7.812 
4778,-14.917 
4778,-33.146 
4778,-39.974 
4778,-46.125 
4778,108.062 
4779,-7.812 
4779,-10.417 
4779,-33.146 
4779,-48.974 
4779,-40.974 
4779,107.312 
4780,-7.812 
4780,-9.766 
4780,-34.000 
4780,-27.229 
4780,-19.750 
4780,100.104 
4781,-7.812 
4781,-14.266 
4781,-7.292 
4781,-14.021 
4781,-20.792 
4781,119.146 
4782,-7.812 
4782,-28.516 
4782,-35.042 
4782,-28.271 
4782,-37.125 
4782,107.312 
4783,-7.812 
4783,-14.917 
4783,-12.182 
4783,-19.271 
4783,-39.542 
4783,107.312 
4784,-7.812 
4784,-31.250 
4784,-37.646 
4784,-25.333 
4784,-27.474 
4784,107.312 
4785,-7.812 
4785,-18.766 
4785,-16.682 
4785,-9.391 
4785,-20.141 
4785,101.146 
4786,-7.812 
4786,-14.917 
4786,-16.682 
4786,-23.641 
4786,-11.792 
4786,119.146 
4787,-7.812 
4787,-18.766 
4787,-7.292 
4787,-19.271 
4787,-37.125 
4787,107.312 
4788,-6.641 
4788,-28.516 
4788,-26.432 
4788,-19.141 
4788,-40.974 
4788,107.312 
4789,-7.812 
4789,-18.766 
4789,-25.000 
4789,-27.229 
4789,-36.083 
4789,88.271 
4790,-6.641 
4790,-18.766 
4790,-37.516 
4790,-30.224 
4790,-31.583 
4790,88.271 
4791,-7.812 
4791,-9.766 
4791,-16.292 
4791,-9.521 
4791,-18.375 
4791,126.062 
4792,-7.812 
4792,-9.766 
4792,-11.792 
4792,-30.354 
4792,-41.625 
4792,107.312 
4793,-7.812 
4793,-9.766 
4793,-34.000 
4793,-27.229 
4793,-36.083 
4793,88.271 
4794,-6.641 
4794,-28.516 
4794,-26.432 
4794,-48.974 
4794,-31.974 
4794,108.062 
4795,-7.812 
4795,-18.766 
4795,-28.516 
4795,-25.854 
4795,-41.625 
4795,108.062 
4796,-6.641 
4796,-28.516 
4796,-26.432 
4796,-48.974 
4796,-46.125 
4796,108.062 
4797,-7.812 
4797,-18.766 
4797,-7.292 
4797,-28.271 
4797,-37.125 
4797,108.062 
4798,-6.641 
4798,-28.516 
4798,-26.432 
4798,-19.141 
4798,-34.292 
4798,101.146 
4799,-7.812 
4799,-10.417 
4799,-7.812 
4799,-19.141 
4799,-24.641 
4799,119.146 
4800,-7.812 
4800,-9.766 
4800,-30.932 
4800,-23.641 
4800,-31.974 
4800,108.062 
4801,-6.641 
4801,-18.766 
4801,-26.432 
4801,-28.141 
4801,-30.542 
4801,107.312 
4802,-7.812 
4802,-9.766 
4802,-7.682 
4802,-36.229 
4802,-36.083 
4802,88.271 
4803,-7.812 
4803,-9.766 
4803,-16.682 
4803,-4.891 
4803,-13.224 
4803,117.062 
4804,-7.812 
4804,-31.250 
4804,-46.516 
4804,-30.224 
4804,-40.974 
4804,80.312 
4805,-7.812 
4805,-18.766 
4805,-25.000 
4805,-27.229 
4805,-36.083 
4805,109.104 
4806,-7.812 
4806,-14.917 
4806,-33.146 
4806,-39.974 
4806,-46.125 
4806,107.312 
4807,-7.812 
4807,-10.417 
4807,-26.432 
4807,-48.974 
4807,-46.125 
4807,107.312 
4808,-7.812 
4808,-9.766 
4808,-7.682 
4808,-13.891 
4808,-13.224 
4808,100.104 
4809,-6.641 
4809,-18.766 
4809,-26.042 
4809,-38.021 
4809,-35.042 
4809,107.312 
4810,-6.641 
4810,-26.562 
4810,-34.000 
4810,-48.062 
4810,-40.583 
4810,100.104 
4811,-7.812 
4811,-9.766 
4811,-7.682 
4811,-30.224 
4811,-34.057 
4811,105.979 
4812,-7.812 
4812,-10.417 
4812,-7.682 
4812,-21.224 
4812,-40.974 
4812,107.312 
4813,-7.812 
4813,-28.516 
4813,-35.432 
4813,-44.474 
4813,-40.974 
4813,107.312 
4814,-7.812 
4814,-14.917 
4814,-16.682 
4814,-13.891 
4814,-7.292 
4814,128.146 
4815,-7.812 
4815,-18.766 
4815,-37.516 
4815,-39.062 
4815,-36.083 
4815,100.104 
4816,-7.812 
4816,-31.250 
4816,-37.646 
4816,-25.724 
4816,-45.083 
4816,100.104 
4817,-7.812 
4817,-18.766 
4817,-16.682 
4817,-0.521 
4817,-18.375 
4817,108.062 
4818,-7.812 
4818,-10.417 
4818,-16.812 
4818,-25.333 
4818,-31.974 
4818,99.062 
4819,-7.812 
4819,-14.917 
4819,-12.312 
4819,-28.141 
4819,-36.474 
4819,126.062 
4820,-6.641 
4820,-9.766 
4820,-7.682 
4820,-21.224 
4820,-46.125 
4820,117.062 
4821,-7.812 
4821,-31.250 
4821,-37.516 
4821,-44.474 
4821,-32.625 
4821,107.312 
4822,-7.812 
4822,-14.917 
4822,-33.146 
4822,-39.974 
4822,-31.974 
4822,108.062 
4823,-6.641 
4823,-9.766 
4823,-28.516 
4823,-21.224 
4823,-40.974 
4823,108.062 
4824,-6.641 
4824,-28.516 
4824,-30.932 
4824,-23.641 
4824,-11.141 
4824,128.146 
4825,-6.641 
4825,-14.266 
4825,-7.292 
4825,-30.354 
4825,-32.625 
4825,126.062 
4826,-6.641 
4826,-9.766 
4826,-16.292 
4826,-30.354 
4826,-37.125 
4826,107.312 
4827,-6.641 
4827,-9.766 
4827,-16.682 
4827,-23.641 
4827,-25.292 
4827,99.062 
4828,-7.812 
4828,-9.766 
4828,-26.432 
4828,-37.271 
4828,-20.792 
4828,119.146 
4829,-7.812 
4829,-10.417 
4829,-7.812 
4829,-29.833 
4829,-35.724 
4829,109.104 
4830,-6.641 
4830,-9.766 
4830,-28.516 
4830,-21.224 
4830,-46.125 
4830,117.062 
4831,-7.812 
4831,-31.250 
4831,-33.016 
4831,-25.724 
4831,-27.375 
4831,108.062 
4832,-7.812 
4832,-18.766 
4832,-26.432 
4832,-44.474 
4832,-40.974 
4832,126.062 
4833,-7.812 
4833,-28.516 
4833,-26.432 
4833,-39.974 
4833,-55.125 
4833,80.312 
4834,-7.812 
4834,-14.917 
4834,-12.182 
4834,-19.271 
4834,-20.792 
4834,119.146 
4835,-7.812 
4835,-14.917 
4835,-16.682 
4835,-22.729 
4835,-19.750 
4835,100.104 
4836,-7.812 
4836,-14.917 
4836,-12.312 
4836,-23.641 
4836,-44.042 
4836,80.312 
4837,-6.641 
4837,-9.766 
4837,-26.042 
4837,-28.271 
4837,-39.542 
4837,107.312 
4838,-7.812 
4838,-28.516 
4838,-35.042 
4838,-47.021 
4838,-39.542 
4838,80.312 
4839,-6.641 
4839,-9.766 
4839,-7.682 
4839,-18.521 
4839,-20.792 
4839,99.062 
4840,-7.812 
4840,-14.917 
4840,-12.182 
4840,-28.271 
4840,-41.625 
4840,80.312 
4841,-7.812 
4841,-14.917 
4841,-35.432 
4841,-53.474 
4841,-32.625 
4841,99.062 
4842,-6.641 
4842,-28.516 
4842,-30.932 
4842,-38.021 
4842,-39.542 
4842,107.312 
4843,-7.812 
4843,-9.766 
4843,-30.932 
4843,-32.641 
4843,-26.042 
4843,128.146 
4844,-6.641 
4844,-26.562 
4844,-34.000 
4844,-43.562 
4844,-40.583 
4844,109.104 
4845,-7.812 
4845,-31.250 
4845,-33.016 
4845,-25.724 
4845,-31.974 
4845,108.062 
4846,-6.641 
4846,-14.266 
4846,-30.932 
4846,-39.974 
4846,-31.974 
4846,107.312 
4847,-6.641 
4847,-18.766 
4847,-16.682 
4847,-30.224 
4847,-9.375 
4847,99.062 
4848,-7.812 
4848,-14.917 
4848,-16.682 
4848,-5.021 
4848,-20.792 
4848,99.062 
4849,-7.812 
4849,-14.917 
4849,-16.682 
4849,-13.891 
4849,-11.792 
4849,99.062 
4850,-7.812 
4850,-9.766 
4850,-7.682 
4850,-30.224 
4850,-34.057 
4850,105.979 
4851,-6.641 
4851,-8.854 
4851,-26.042 
4851,-47.021 
4851,-39.542 
4851,107.312 
4852,-6.641 
4852,-28.516 
4852,-26.042 
4852,-42.521 
4852,-39.542 
4852,107.312 
4853,-7.812 
4853,-10.417 
4853,-25.682 
4853,-30.224 
4853,-40.974 
4853,99.062 
4854,-7.812 
4854,-14.266 
4854,-7.292 
4854,-23.771 
4854,-20.792 
4854,117.062 
4855,-6.641 
4855,-28.516 
4855,-39.932 
4855,-32.641 
4855,-30.542 
4855,80.312 
4856,-7.812 
4856,-10.417 
4856,-7.682 
4856,-30.224 
4856,-13.224 
4856,109.104 
4857,-7.812 
4857,-9.766 
4857,-16.292 
4857,-9.521 
4857,-7.292 
4857,128.146 
4858,-7.812 
4858,-10.417 
4858,-26.432 
4858,-37.271 
4858,-37.125 
4858,80.312 
4859,-7.812 
4859,-10.417 
4859,-16.812 
4859,-4.891 
4859,-8.724 
4859,126.062 
4860,-7.812 
4860,-14.917 
4860,-28.646 
4860,-48.974 
4860,-40.974 
4860,126.062 
4861,-6.641 
4861,-18.766 
4861,-26.432 
4861,-19.271 
4861,-37.125 
4861,117.062 
4862,-7.812 
4862,-14.917 
4862,-30.932 
4862,-39.974 
4862,-46.125 
4862,107.312 
4863,-6.641 
4863,-9.766 
4863,-26.432 
4863,-37.271 
4863,-20.792 
4863,108.062 
4864,-6.641 
4864,-9.766 
4864,-16.292 
4864,-23.771 
4864,-20.792 
4864,108.062 
4865,-6.641 
4865,-28.516 
4865,-26.432 
4865,-39.974 
4865,-55.125 
4865,80.312 
4866,-6.641 
4866,-18.766 
4866,-7.292 
4866,-9.521 
4866,-18.375 
4866,105.979 
4867,-7.812 
4867,-10.417 
4867,-26.432 
4867,-19.141 
4867,-44.042 
4867,119.146 
4868,-6.641 
4868,-28.516 
4868,-26.432 
4868,-37.271 
4868,-16.292 
4868,108.062 
4869,-6.641 
4869,-14.266 
4869,-12.182 
4869,-28.271 
4869,-39.542 
4869,80.312 
4870,-6.641 
4870,-28.516 
4870,-30.932 
4870,-23.771 
4870,-20.792 
4870,126.062 
4871,-7.812 
4871,-10.417 
4871,-7.812 
4871,-29.833 
4871,-45.474 
4871,126.062 
4872,-7.812 
4872,-14.917 
4872,-12.312 
4872,-4.891 
4872,-13.224 
4872,100.104 
4873,-7.812 
4873,-18.766 
4873,-12.182 
4873,-23.641 
4873,-36.474 
4873,126.062 
4874,-7.812 
4874,-18.766 
4874,-26.432 
4874,-19.271 
4874,-37.125 
4874,107.312 
4875,-6.641 
4875,-14.266 
4875,-12.182 
4875,-9.521 
4875,-11.792 
4875,117.062 
4876,-7.812 
4876,-31.250 
4876,-28.646 
4876,-39.974 
4876,-55.125 
4876,80.312 
4877,-7.812 
4877,-9.766 
4877,-16.682 
4877,-28.271 
4877,-41.625 
4877,80.312 
4878,-7.812 
4878,-9.766 
4878,-30.932 
4878,-23.641 
4878,-11.141 
4878,128.146 
4879,-7.812 
4879,-28.516 
4879,-30.542 
4879,-32.771 
4879,-20.792 
4879,101.146 
4880,-6.641 
4880,-28.516 
4880,-26.432 
4880,-19.141 
4880,-40.974 
4880,107.312 
4881,-7.812 
4881,-18.766 
4881,-7.292 
4881,-9.521 
4881,-20.792 
4881,119.146 
4882,-7.812 
4882,-9.766 
4882,-7.682 
4882,-30.224 
4882,-27.375 
4882,108.062 
4883,-7.812 
4883,-10.417 
4883,-28.646 
4883,-50.667 
4883,-56.557 
4883,105.979 
4884,-7.812 
4884,-9.766 
4884,-28.516 
4884,-21.224 
4884,-43.057 
4884,105.979 
4885,-7.812 
4885,-28.516 
4885,-35.432 
4885,-48.974 
4885,-40.974 
4885,117.062 
4886,-7.812 
4886,-28.516 
4886,-30.932 
4886,-44.474 
4886,-46.125 
4886,107.312 
4887,-7.812 
4887,-28.516 
4887,-30.542 
4887,-32.771 
4887,-20.792 
4887,99.062 
4888,-7.812 
4888,-18.766 
4888,-16.682 
4888,-18.229 
4888,-19.750 
4888,100.104 
4889,-7.812 
4889,-14.917 
4889,-12.182 
4889,-27.229 
4889,-19.750 
4889,100.104 
4890,-6.641 
4890,-9.766 
4890,-16.682 
4890,-4.891 
4890,-13.224 
4890,99.062 
4891,-6.641 
4891,-9.766 
4891,-33.016 
4891,-44.474 
4891,-31.974 
4891,108.062 
4892,-7.812 
4892,-28.516 
4892,-30.932 
4892,-32.641 
4892,-30.542 
4892,107.312 
4893,-7.812 
4893,-10.417 
4893,-28.646 
4893,-48.224 
4893,-9.375 
4893,99.062 
4894,-7.812 
4894,-9.766 
4894,-21.182 
4894,-13.891 
4894,-11.792 
4894,99.062 
4895,-7.812 
4895,-10.417 
4895,-25.682 
4895,-18.229 
4895,-36.083 
4895,100.104 
4896,-7.812 
4896,-10.417 
4896,-7.682 
4896,-30.224 
4896,-37.125 
4896,107.312 
4897,-6.641 
4897,-28.516 
4897,-35.432 
4897,-28.141 
4897,-36.474 
4897,107.312 
4898,-6.641 
4898,-18.766 
4898,-16.682 
4898,-19.141 
4898,-7.292 
4898,126.062 
4899,-6.641 
4899,-18.766 
4899,-37.516 
4899,-30.224 
4899,-31.974 
4899,107.312 
4900,-7.812 
4900,-18.766 
4900,-26.432 
4900,-28.141 
4900,-36.474 
4900,107.312 
4901,-7.812 
4901,-9.766 
4901,-30.932 
4901,-23.641 
4901,-35.042 
4901,107.312 
4902,-7.812 
4902,-14.917 
4902,-16.682 
4902,-30.224 
4902,-31.583 
4902,88.271 
4903,-7.812 
4903,-28.516 
4903,-26.432 
4903,-48.974 
4903,-31.974 
4903,108.062 
4904,-6.641 
4904,-28.516 
4904,-30.932 
4904,-32.641 
4904,-36.474 
4904,126.062 
4905,-7.812 
4905,-10.417 
4905,-7.812 
4905,-29.833 
4905,-45.474 
4905,126.062 
4906,-7.812 
4906,-10.417 
4906,-26.432 
4906,-37.271 
4906,-26.042 
4906,119.146 
4907,-7.812 
4907,-18.766 
4907,-37.516 
4907,-30.224 
4907,-38.557 
4907,88.271 
4908,-6.641 
4908,-26.562 
4908,-34.000 
4908,-48.062 
4908,-40.583 
4908,88.271 
4909,-7.812 
4909,-9.766 
4909,-30.932 
4909,-28.271 
4909,-41.625 
4909,108.062 
4910,-7.812 
4910,-28.516 
4910,-35.432 
4910,-23.641 
4910,-35.042 
4910,107.312 
4911,-6.641 
4911,-8.854 
4911,-11.792 
4911,-30.354 
4911,-22.875 
4911,108.062 
4912,-7.812 
4912,-9.766 
4912,-26.042 
4912,-32.771 
4912,-20.792 
4912,128.146 
4913,-6.641 
4913,-8.854 
4913,-30.542 
4913,-51.521 
4913,-39.542 
4913,101.146 
4914,-6.641 
4914,-28.516 
4914,-35.432 
4914,-39.974 
4914,-31.974 
4914,108.062 
4915,-7.812 
4915,-31.250 
4915,-28.646 
4915,-21.224 
4915,-54.083 
4915,100.104 
4916,-7.812 
4916,-14.917 
4916,-33.146 
4916,-39.224 
4916,-38.557 
4916,105.979 
4917,-6.641 
4917,-18.766 
4917,-16.682 
4917,-25.724 
4917,-31.583 
4917,109.104 
4918,-7.812 
4918,-10.417 
4918,-33.146 
4918,-44.474 
4918,-46.125 
4918,108.062 
4919,-7.812 
4919,-9.766 
4919,-34.000 
4919,-27.229 
4919,-19.750 
4919,100.104 
4920,-6.641 
4920,-8.854 
4920,-11.792 
4920,-32.771 
4920,-30.542 
4920,119.146 
4921,-7.812 
4921,-10.417 
4921,-35.432 
4921,-28.141 
4921,-36.474 
4921,126.062 
4922,-6.641 
4922,-28.516 
4922,-30.932 
4922,-23.641 
4922,-31.974 
4922,107.312 
4923,-7.812 
4923,-9.766 
4923,-7.682 
4923,-18.521 
4923,-20.792 
4923,99.062 
4924,-7.812 
4924,-14.917 
4924,-33.146 
4924,-39.224 
4924,-28.125 
4924,107.312 
4925,-7.812 
4925,-9.766 
4925,-7.682 
4925,-13.891 
4925,-13.224 
4925,117.062 
4926,-7.812 
4926,-9.766 
4926,-28.516 
4926,-48.974 
4926,-31.974 
4926,107.312 
4927,-6.641 
4927,-28.516 
4927,-30.932 
4927,-23.641 
4927,-31.974 
4927,107.312 
4928,-7.812 
4928,-18.766 
4928,-26.042 
4928,-47.021 
4928,-39.542 
4928,80.312 
4929,-6.641 
4929,-9.766 
4929,-28.516 
4929,-39.354 
4929,-22.875 
4929,99.062 
4930,-7.812 
4930,-31.250 
4930,-46.516 
4930,-30.224 
4930,-28.125 
4930,107.312 
4931,-7.812 
4931,-31.250 
4931,-37.516 
4931,-43.562 
4931,-40.583 
4931,109.104 
4932,-7.812 
4932,-14.266 
4932,-30.932 
4932,-39.974 
4932,-46.125 
4932,108.062 
4933,-7.812 
4933,-28.516 
4933,-35.042 
4933,-28.271 
4933,-39.542 
4933,80.312 
4934,-6.641 
4934,-9.766 
4934,-30.932 
4934,-23.641 
4934,-25.292 
4934,128.146 
4935,-7.812 
4935,-28.516 
4935,-35.432 
4935,-38.021 
4935,-39.542 
4935,107.312 
4936,-7.812 
4936,-14.917 
4936,-12.312 
4936,-19.141 
4936,-31.974 
4936,107.312 
4937,-6.641 
4937,-8.854 
4937,-26.042 
4937,-32.771 
4937,-20.792 
4937,108.062 
4938,-7.812 
4938,-14.917 
4938,-28.646 
4938,-39.224 
4938,-22.224 
4938,108.062 
4939,-7.812 
4939,-10.417 
4939,-7.812 
4939,-0.391 
4939,-22.224 
4939,126.062 
4940,-7.812 
4940,-9.766 
4940,-7.682 
4940,-21.224 
4940,-46.125 
4940,107.312 
4941,-7.812 
4941,-18.766 
4941,-16.682 
4941,-19.271 
4941,-16.292 
4941,108.062 
4942,-7.812 
4942,-9.766 
4942,-26.042 
4942,-28.271 
4942,-20.792 
4942,117.062 
4943,-6.641 
4943,-9.766 
4943,-16.682 
4943,-9.521 
4943,-18.375 
4943,108.062 
4944,-7.812 
4944,-9.766 
4944,-26.432 
4944,-32.641 
4944,-35.042 
4944,107.312 
4945,-7.812 
4945,-9.766 
4945,-30.932 
4945,-48.974 
4945,-32.625 
4945,107.312 
4946,-7.812 
4946,-28.516 
4946,-35.432 
4946,-28.141 
4946,-20.141 
4946,119.146 
4947,-6.641 
4947,-28.516 
4947,-30.932 
4947,-23.641 
4947,-35.042 
4947,107.312 
4948,-7.812 
4948,-31.250 
4948,-33.146 
4948,-25.333 
4948,-45.474 
4948,126.062 
4949,-6.641 
4949,-28.516 
4949,-30.932 
4949,-48.974 
4949,-32.625 
4949,107.312 
4950,-7.812 
4950,-14.917 
4950,-12.312 
4950,-28.141 
4950,-20.141 
4950,119.146 
4951,-7.812 
4951,-31.250 
4951,-37.646 
4951,-25.724 
4951,-45.083 
4951,88.271 
4952,-7.812 
4952,-31.250 
4952,-46.516 
4952,-39.974 
4952,-28.125 
4952,117.062 
4953,-7.812 
4953,-14.917 
4953,-26.432 
4953,-28.271 
4953,-41.625 
4953,108.062 
4954,-6.641 
4954,-9.766 
4954,-34.000 
4954,-27.229 
4954,-19.750 
4954,109.104 
4955,-7.812 
4955,-9.766 
4955,-7.682 
4955,-0.391 
4955,-25.292 
4955,128.146 
4956,-7.812 
4956,-28.516 
4956,-30.932 
4956,-23.641 
4956,-35.042 
4956,107.312 
4957,-7.812 
4957,-14.917 
4957,-12.312 
4957,-20.833 
4957,-31.974 
4957,107.312 
4958,-6.641 
4958,-8.854 
4958,-16.292 
4958,-9.521 
4958,-16.292 
4958,108.062 
4959,-6.641 
4959,-9.766 
4959,-34.000 
4959,-27.229 
4959,-36.083 
4959,109.104 
4960,-6.641 
4960,-28.516 
4960,-30.932 
4960,-38.021 
4960,-39.542 
4960,107.312 
4961,-7.812 
4961,-14.266 
4961,-12.182 
4961,-23.641 
4961,-11.141 
4961,119.146 
4962,-6.641 
4962,-28.516 
4962,-35.432 
4962,-28.141 
4962,-36.474 
4962,126.062 
4963,-7.812 
4963,-10.417 
4963,-26.432 
4963,-32.641 
4963,-31.974 
4963,80.312 
4964,-7.812 
4964,-10.417 
4964,-7.812 
4964,-19.141 
4964,-40.974 
4964,107.312 
4965,-7.812 
4965,-10.417 
4965,-33.146 
4965,-39.224 
4965,-31.583 
4965,88.271 
4966,-7.812 
4966,-10.417 
4966,-7.682 
4966,-28.141 
4966,-31.974 
4966,107.312 
4967,-6.641 
4967,-18.766 
4967,-25.000 
4967,-27.229 
4967,-36.083 
4967,100.104 
4968,-6.641 
4968,-9.766 
4968,-21.182 
4968,-34.724 
4968,-38.557 
4968,88.271 
4969,-7.812 
4969,-31.250 
4969,-28.516 
4969,-39.354 
4969,-37.125 
4969,99.062 
4970,-6.641 
4970,-9.766 
4970,-21.182 
4970,-22.729 
4970,-36.083 
4970,88.271 
4971,-7.812 
4971,-9.766 
4971,-7.682 
4971,-21.224 
4971,-40.974 
4971,108.062 
4972,-7.812 
4972,-9.766 
4972,-16.292 
4972,-9.521 
4972,-16.292 
4972,108.062 
4973,-7.812 
4973,-14.917 
4973,-16.682 
4973,-5.021 
4973,-18.375 
4973,105.979 
4974,-7.812 
4974,-14.917 
4974,-28.646 
4974,-25.333 
4974,-31.974 
4974,107.312 
4975,-7.812 
4975,-10.417 
4975,-16.812 
4975,-23.641 
4975,-25.292 
4975,119.146 
4976,-7.812 
4976,-31.250 
4976,-33.016 
4976,-44.474 
4976,-46.125 
4976,107.312 
4977,-7.812 
4977,-10.417 
4977,-28.646 
4977,-57.974 
4977,-28.125 
4977,107.312 
4978,-6.641 
4978,-28.516 
4978,-26.042 
4978,-32.771 
4978,-41.625 
4978,108.062 
4979,-6.641 
4979,-18.766 
4979,-26.432 
4979,-28.141 
4979,-26.042 
4979,119.146 
4980,-6.641 
4980,-18.766 
4980,-7.292 
4980,-28.271 
4980,-20.792 
4980,99.062 
4981,-6.641 
4981,-28.516 
4981,-35.432 
4981,-23.641 
4981,-44.042 
4981,101.146 
4982,-7.812 
4982,-9.766 
4982,-26.432 
4982,-37.271 
4982,-37.125 
4982,80.312 
4983,-6.641 
4983,-26.562 
4983,-34.000 
4983,-48.062 
4983,-40.583 
4983,100.104 
4984,-7.812 
4984,-28.516 
4984,-39.932 
4984,-53.474 
4984,-32.625 
4984,80.312 
4985,-7.812 
4985,-10.417 
4985,-25.682 
4985,-28.141 
4985,-11.792 
4985,99.062 
4986,-6.641 
4986,-8.854 
4986,-35.042 
4986,-28.271 
4986,-26.042 
4986,107.312 
4987,-6.641 
4987,-26.562 
4987,-29.500 
4987,-31.729 
4987,-40.583 
4987,88.271 
4988,-7.812 
4988,-18.766 
4988,-30.932 
4988,-23.771 
4988,-20.792 
4988,99.062 
4989,-7.812 
4989,-31.250 
4989,-28.646 
4989,-48.224 
4989,-28.125 
4989,80.312 
4990,-6.641 
4990,-18.766 
4990,-16.682 
4990,-19.271 
4990,-26.042 
4990,119.146 
4991,-7.812 
4991,-10.417 
4991,-7.812 
4991,-27.391 
4991,-7.292 
4991,108.062 
4992,-7.812 
4992,-9.766 
4992,-16.682 
4992,-21.224 
4992,-13.224 
4992,109.104 
4993,-7.812 
4993,-10.417 
4993,-7.812 
4993,-13.500 
4993,-24.641 
4993,119.146 
4994,-6.641 
4994,-9.766 
4994,-28.516 
4994,-34.724 
4994,-31.974 
4994,80.312 
4995,-6.641 
4995,-28.516 
4995,-26.432 
4995,-39.974 
4995,-55.125 
4995,99.062 
4996,-6.641 
4996,-28.516 
4996,-35.432 
4996,-19.271 
4996,-35.042 
4996,107.312 
4997,-6.641 
4997,-9.766 
4997,-7.682 
4997,-30.224 
4997,-37.125 
4997,107.312 
4998,-6.641 
4998,-8.854 
4998,-16.292 
4998,-19.271 
4998,-20.792 
4998,119.146 
4999,-7.812 
4999,-14.917 
4999,-12.312 
4999,-23.641 
4999,-31.974 
4999,99.062 
0,-7.812 
0,-10.417 
0,-26.432 
0,-37.271 
0,-37.125 
0,99.062 
1,-7.812 
1,-9.766 
1,-30.932 
1,-44.474 
1,-46.125 
1,108.062 
2,-6.641 
2,-26.562 
2,-34.000 
2,-27.229 
2,-36.083 
2,109.104 
3,-7.812 
3,-9.766 
3,-37.516 
3,-25.854 
3,-22.875 
3,108.062 
4,-6.641 
4,-28.516 
4,-30.932 
4,-44.474 
4,-31.974 
4,108.062 
5,-7.812 
5,-31.250 
5,-33.146 
5,-25.724 
5,-31.974 
5,108.062 
6,-7.812 
6,-18.766 
6,-7.292 
6,-28.271 
6,-26.042 
6,107.312 
7,-7.812 
7,-9.766 
7,-7.682 
7,-21.224 
7,-40.974 
7,108.062 
8,-7.812 
8,-10.417 
8,-25.682 
8,-30.224 
8,-27.083 
8,100.104 
9,-6.641 
9,-8.854 
9,-26.042 
9,-28.271 
9,-35.042 
9,107.312 
10,-7.812 
10,-31.250 
10,-33.146 
10,-25.724 
10,-13.224 
10,109.104 
11,-7.812 
11,-31.250 
11,-33.016 
11,-25.724 
11,-34.057 
11,88.271 
12,-6.641 
12,-9.766 
12,-30.932 
12,-48.974 
12,-40.974 
12,126.062 
13,-7.812 
13,-9.766 
13,-26.432 
13,-19.141 
13,-40.974 
13,108.062 
14,-7.812 
14,-9.766 
14,-26.432 
14,-39.974 
14,-45.474 
14,80.312 
15,-7.812 
15,-18.766 
15,-26.432 
15,-48.974 
15,-28.125 
15,117.062 
16,-7.812 
16,-10.417 
16,-35.432 
16,-28.141 
16,-36.474 
16,107.312 
17,-7.812 
17,-14.917 
17,-16.682 
17,-5.021 
17,-18.375 
17,105.979 
18,-7.812 
18,-14.917 
18,-12.182 
18,-21.224 
18,-34.057 
18,105.979 
19,-7.812 
19,-9.766 
19,-34.000 
19,-27.229 
19,-15.250 
19,109.104 
20,-7.812 
20,-10.417 
20,-28.646 
20,-57.974 
20,-40.974 
20,107.312 
21,-6.641 
21,-8.854 
21,-16.292 
21,-25.854 
21,-41.625 
21,108.062 
22,-7.812 
22,-14.266 
22,-12.182 
22,-9.521 
22,-22.875 
22,99.062 
23,-6.641 
23,-9.766 
23,-37.516 
23,-34.724 
23,-43.057 
23,88.271 
24,-6.641 
24,-8.854 
24,-16.292 
24,-28.271 
24,-39.542 
24,80.312 
25,-7.812 
25,-18.766 
25,-26.432 
25,-48.974 
25,-40.974 
25,107.312 
26,-7.812 
26,-31.250 
26,-46.516 
26,-30.224 
26,-27.083 
26,88.271 
27,-7.812 
27,-10.417 
27,-7.682 
27,-36.229 
27,-19.750 
27,100.104 
28,-7.812 
28,-14.917 
28,-30.932 
28,-23.641 
28,-44.042 
28,101.146 
29,-7.812 
29,-14.917 
29,-12.182 
29,-9.521 
29,-18.375 
29,105.979 
30,-7.812 
30,-14.917 
30,-35.432 
30,-32.641 
30,-30.542 
30,101.146 
31,-7.812 
31,-9.766 
31,-26.042 
31,-28.271 
31,-37.125 
31,126.062 
32,-7.812 
32,-18.766 
32,-26.042 
32,-28.271 
32,-16.292 
32,108.062 
33,-7.812 
33,-10.417 
33,-35.432 
33,-44.474 
33,-40.974 
33,126.062 
34,-7.812 
34,-28.516 
34,-35.432 
34,-19.271 
34,-35.042 
34,107.312 
35,-7.812 
35,-31.250 
35,-28.516 
35,-21.224 
35,-46.125 
35,117.062 
36,-7.812 
36,-10.417 
36,-25.682 
36,-28.141 
36,-40.974 
36,99.062 
37,-7.812 
37,-14.917 
37,-16.682 
37,-23.771 
37,-30.542 
37,119.146 
38,-7.812 
38,-14.917 
38,-26.432 
38,-23.641 
38,-31.974 
38,107.312 
39,-6.641 
39,-8.854 
39,-35.042 
39,-47.021 
39,-39.542 
39,80.312 
40,-7.812 
40,-10.417 
40,-28.646 
40,-34.333 
40,-27.474 
40,108.062 
41,-6.641 
41,-9.766 
41,-26.042 
41,-28.271 
41,-20.792 
41,119.146 
42,-7.812 
42,-10.417 
42,-26.432 
42,-39.974 
42,-45.474 
42,80.312 
43,-7.812 
43,-10.417 
43,-16.812 
43,-25.333 
43,-35.724 
43,99.062 
44,-7.812 
44,-28.516 
44,-35.432 
44,-23.641 
44,-44.042 
44,80.312 
45,-6.641 
45,-9.766 
45,-26.432 
45,-48.974 
45,-46.125 
45,108.062 
46,-7.812 
46,-18.766 
46,-37.516 
46,-30.224 
46,-38.557 
46,105.979 
47,-7.812 
47,-31.250 
47,-33.146 
47,-44.474 
47,-46.125 
47,107.312 
48,-7.812 
48,-10.417 
48,-28.646 
48,-39.974 
48,-45.474 
48,99.062 
49,-6.641 
49,-9.766 
49,-11.792 
49,-32.771 
49,-37.125 
49,108.062 
50,-7.812 
50,-14.917 
50,-26.432 
50,-32.641 
50,-26.042 
50,107.312 
51,-6.641 
51,-28.516 
51,-35.432 
51,-28.141 
51,-20.141 
51,119.146 
52,-7.812 
52,-9.766 
52,-7.682 
52,-21.224 
52,-40.974 
52,108.062 
53,-7.812 
53,-14.917 
53,-12.312 
53,-25.333 
53,-31.974 
53,80.312 
54,-6.641 
54,-18.766 
54,-16.682 
54,-19.271 
54,-20.792 
54,99.062 
55,-7.812 
55,-10.417 
55,-16.812 
55,-28.141 
55,-30.542 
55,107.312 
56,-7.812 
56,-10.417 
56,-35.432 
56,-28.141 
56,-36.474 
56,126.062 
57,-6.641 
57,-18.766 
57,-16.682 
57,-28.141 
57,-30.542 
57,80.312 
58,-7.812 
58,-28.516 
58,-26.432 
58,-19.141 
58,-40.974 
58,107.312 
59,-7.812 
59,-14.917 
59,-26.432 
59,-28.271 
59,-41.625 
59,107.312 
60,-7.812 
60,-10.417 
60,-16.812 
60,-23.641 
60,-35.042 
60,107.312 
61,-7.812 
61,-10.417 
61,-26.432 
61,-32.641 
61,-31.974 
61,99.062 
62,-7.812 
62,-31.250 
62,-28.516 
62,-21.224 
62,-36.375 
62,105.979 
63,-6.641 
63,-8.854 
63,-35.042 
63,-28.271 
63,-20.792 
63,99.062 
64,-7.812 
64,-14.917 
64,-33.146 
64,-39.224 
64,-22.224 
64,108.062 
65,-7.812 
65,-14.917 
65,-12.182 
65,-28.271 
65,-41.625 
65,99.062 
66,-7.812 
66,-14.917 
66,-35.432 
66,-42.521 
66,-39.542 
66,101.146 
67,-6.641 
67,-9.766 
67,-30.932 
67,-32.641 
67,-26.042 
67,128.146 
68,-6.641 
68,-9.766 
68,-21.182 
68,-13.891 
68,-22.224 
68,99.062 
69,-7.812 
69,-9.766 
69,-28.516 
69,-48.974 
69,-31.974 
69,107.312 
70,-7.812 
70,-14.917 
70,-30.932 
70,-28.271 
70,-30.542 
70,119.146 
71,-7.812 
71,-31.250 
71,-28.646 
71,-21.224 
71,-40.974 
71,108.062 
72,-6.641 
72,-28.516 
72,-26.042 
72,-47.021 
72,-35.042 
72,107.312 
73,-7.812 
73,-31.250 
73,-33.146 
73,-25.724 
73,-13.224 
73,126.062 
74,-7.812 
74,-31.250 
74,-33.016 
74,-30.354 
74,-41.625 
74,107.312 
75,-7.812 
75,-28.516 
75,-35.432 
75,-28.141 
75,-36.474 
75,107.312 
76,-7.812 
76,-28.516 
76,-30.932 
76,-32.641 
76,-30.542 
76,119.146 
77,-7.812 
77,-14.917 
77,-26.432 
77,-32.641 
77,-30.542 
77,107.312 
78,-7.812 
78,-28.516 
78,-39.932 
78,-23.771 
78,-39.542 
78,101.146 
79,-6.641 
79,-18.766 
79,-7.292 
79,-9.521 
79,-18.375 
79,126.062 
80,-7.812 
80,-14.917 
80,-26.432 
80,-38.021 
80,-39.542 
80,128.146 
81,-7.812 
81,-18.766 
81,-7.292 
81,-19.271 
81,-37.125 
81,107.312 
82,-7.812 
82,-31.250 
82,-28.516 
82,-34.724 
82,-13.224 
82,99.062 
83,-7.812 
83,-9.766 
83,-7.682 
83,-28.271 
83,-35.042 
83,107.312 
84,-7.812 
84,-31.250 
84,-28.516 
84,-48.974 
84,-31.974 
84,108.062 
85,-6.641 
85,-28.516 
85,-35.042 
85,-28.271 
85,-16.292 
85,101.146 
86,-6.641 
86,-26.562 
86,-34.000 
86,-27.229 
86,-36.083 
86,88.271 
87,-7.812 
87,-18.766 
87,-37.516 
87,-39.974 
87,-28.125 
87,107.312 
88,-7.812 
88,-28.516 
88,-35.432 
88,-38.021 
88,-39.542 
88,119.146 
89,-7.812 
89,-9.766 
89,-16.292 
89,-19.271 
89,-20.792 
89,117.062 
90,-7.812 
90,-14.917 
90,-33.146 
90,-25.724 
90,-31.974 
90,99.062 
91,-7.812 
91,-10.417 
91,-7.682 
91,-18.521 
91,-18.375 
91,108.062 
92,-7.812 
92,-10.417 
92,-7.682 
92,-21.224 
92,-43.057 
92,105.979 
93,-6.641 
93,-9.766 
93,-21.182 
93,-13.891 
93,-11.792 
93,119.146 
94,-6.641 
94,-28.516 
94,-26.042 
94,-32.771 
94,-41.625 
94,107.312 
95,-6.641 
95,-8.854 
95,-16.292 
95,-28.271 
95,-37.125 
95,99.062 
96,-6.641 
96,-8.854 
96,-11.792 
96,-23.771 
96,-37.125 
96,126.062 
97,-7.812 
97,-14.917 
97,-16.682 
97,-34.724 
97,-31.583 
97,100.104 
98,-7.812 
98,-14.917 
98,-35.432 
98,-32.641 
98,-30.542 
98,101.146 
99,-7.812 
99,-10.417 
99,-35.432 
99,-28.141 
99,-36.474 
99,126.062 
100,-7.812 
100,-10.417 
100,-16.812 
100,-19.141 
100,-35.042 
100,107.312 
101,-7.812 
101,-9.766 
101,-26.432 
101,-48.974 
101,-31.974 
101,107.312 
102,-6.641 
102,-9.766 
102,-37.516 
102,-25.854 
102,-22.875 
102,105.979 
103,-7.812 
103,-31.250 
103,-33.016 
103,-30.354 
103,-41.625 
103,107.312 
104,-7.812 
104,-31.250 
104,-37.516 
104,-44.474 
104,-32.625 
104,126.062 
105,-6.641 
105,-9.766 
105,-26.042 
105,-28.271 
105,-20.792 
105,117.062 
106,-7.812 
106,-14.917 
106,-33.146 
106,-25.333 
106,-54.474 
106,99.062 
107,-7.812 
107,-31.250 
107,-37.516 
107,-25.854 
107,-41.625 
107,107.312 
108,-7.812 
108,-14.917 
108,-16.682 
108,-13.891 
108,-11.141 
108,119.146 
109,-7.812 
109,-14.917 
109,-33.146 
109,-25.333 
109,-54.474 
109,99.062 
110,-7.812 
110,-10.417 
110,-35.432 
110,-44.474 
110,-32.625 
110,107.312 
111,-7.812 
111,-9.766 
111,-34.000 
111,-27.229 
111,-19.750 
111,100.104 
112,-7.812 
112,-10.417 
112,-33.146 
112,-25.724 
112,-31.974 
112,108.062 
113,-7.812 
113,-28.516 
113,-26.042 
113,-47.021 
113,-35.042 
113,119.146 
114,-7.812 
114,-14.917 
114,-16.682 
114,-30.224 
114,-22.224 
114,109.104 
115,-6.641 
115,-9.766 
115,-26.432 
115,-48.974 
115,-31.974 
115,108.062 
116,-7.812 
116,-9.766 
116,-21.182 
116,-23.641 
116,-11.792 
116,117.062 
117,-6.641 
117,-9.766 
117,-21.182 
117,-23.771 
117,-37.125 
117,107.312 
118,-7.812 
118,-31.250 
118,-33.146 
118,-39.224 
118,-13.875 
118,126.062 
119,-6.641 
119,-9.766 
119,-16.682 
119,-9.521 
119,-11.792 
119,117.062 
120,-7.812 
120,-10.417 
120,-7.682 
120,-28.141 
120,-35.042 
120,107.312 
121,-6.641 
121,-18.766 
121,-37.516 
121,-30.224 
121,-40.974 
121,99.062 
122,-7.812 
122,-18.766 
122,-25.000 
122,-48.062 
122,-40.583 
122,88.271 
123,-6.641 
123,-9.766 
123,-21.182 
123,-34.724 
123,-31.583 
123,88.271 
124,-6.641 
124,-9.766 
124,-37.516 
124,-34.724 
124,-31.974 
124,107.312 
125,-7.812 
125,-9.766 
125,-16.682 
125,-23.641 
125,-25.292 
125,99.062 
126,-6.641 
126,-18.766 
126,-12.182 
126,-22.729 
126,-40.583 
126,100.104 
127,-6.641 
127,-9.766 
127,-16.292 
127,-9.521 
127,-18.375 
127,99.062 
128,-6.641 
128,-18.766 
128,-12.182 
128,-30.224 
128,-32.625 
128,107.312 
129,-6.641 
129,-8.854 
129,-16.292 
129,-28.271 
129,-39.542 
129,101.146 
130,-7.812 
130,-9.766 
130,-26.432 
130,-48.974 
130,-31.974 
130,107.312 
131,-7.812 
131,-14.917 
131,-33.146 
131,-39.224 
131,-22.224 
131,108.062 
132,-6.641 
132,-18.766 
132,-7.292 
132,-30.354 
132,-37.125 
132,99.062 
133,-7.812 
133,-9.766 
133,-16.292 
133,-9.521 
133,-16.292 
133,101.146 
134,-7.812 
134,-31.250 
134,-37.646 
134,-39.974 
134,-31.974 
134,107.312 
135,-7.812 
135,-18.766 
135,-28.516 
135,-34.724 
135,-32.625 
135,108.062 
136,-7.812 
136,-10.417 
136,-7.682 
136,-21.224 
136,-43.057 
136,105.979 
137,-7.812 
137,-9.766 
137,-7.682 
137,-28.271 
137,-20.792 
137,126.062 
138,-6.641 
138,-9.766 
138,-30.932 
138,-23.641 
138,-11.141 
138,128.146 
139,-7.812 
139,-10.417 
139,-25.682 
139,-25.724 
139,-31.974 
139,107.312 
140,-6.641 
140,-18.766 
140,-7.292 
140,-25.854 
140,-32.625 
140,107.312 
141,-6.641 
141,-26.562 
141,-34.000 
141,-27.229 
141,-36.083 
141,100.104 
142,-7.812 
142,-14.917 
142,-30.932 
142,-39.974 
142,-46.125 
142,107.312 
143,-7.812 
143,-28.516 
143,-39.932 
143,-53.474 
143,-32.625 
143,80.312 
144,-6.641 
144,-28.516 
144,-35.042 
144,-28.271 
144,-20.792 
144,108.062 
145,-7.812 
145,-14.917 
145,-28.646 
145,-48.974 
145,-32.625 
145,107.312 
146,-7.812 
146,-18.766 
146,-28.516 
146,-34.724 
146,-13.875 
146,105.979 
147,-7.812 
147,-14.917 
147,-30.932 
147,-23.641 
147,-44.042 
147,80.312 
148,-6.641 
148,-18.766 
148,-30.932 
148,-32.641 
148,-11.792 
148,99.062 
149,-6.641 
149,-18.766 
149,-7.292 
149,-28.271 
149,-41.625 
149,99.062 
150,-7.812 
150,-28.516 
150,-30.542 
150,-32.771 
150,-41.625 
150,80.312 
151,-7.812 
151,-10.417 
151,-7.682 
151,-13.891 
151,-16.292 
151,119.146 
152,-7.812 
152,-31.250 
152,-28.646 
152,-39.974 
152,-45.474 
152,80.312 
153,-6.641 
153,-28.516 
153,-26.432 
153,-37.271 
153,-37.125 
153,107.312 
154,-7.812 
154,-9.766 
154,-21.182 
154,-30.224 
154,-31.583 
154,88.271 
155,-6.641 
155,-18.766 
155,-16.682 
155,-0.521 
155,-16.292 
155,108.062 
156,-6.641 
156,-9.766 
156,-7.682 
156,-28.271 
156,-37.125 
156,107.312 
157,-7.812 
157,-18.766 
157,-37.516 
157,-21.354 
157,-18.375 
157,105.979 
158,-7.812 
158,-14.917 
158,-12.312 
158,-25.333 
158,-54.474 
158,99.062 
159,-7.812 
159,-31.250 
159,-33.146 
159,-46.167 
159,-34.057 
159,105.979 
160,-7.812 
160,-31.250 
160,-37.516 
160,-34.724 
160,-31.583 
160,88.271 
161,-7.812 
161,-18.766 
161,-26.432 
161,-28.141 
161,-26.042 
161,107.312 
162,-7.812 
162,-31.250 
162,-37.646 
162,-39.974 
162,-31.974 
162,107.312 
163,-6.641 
163,-28.516 
163,-26.432 
163,-19.141 
163,-34.292 
163,108.062 
164,-6.641 
164,-18.766 
164,-16.682 
164,-25.724 
164,-43.057 
164,88.271 
165,-7.812 
165,-31.250 
165,-33.146 
165,-48.974 
165,-32.625 
165,107.312 
166,-7.812 
166,-31.250 
166,-33.146 
166,-48.974 
166,-40.974 
166,107.312 
167,-7.812 
167,-14.917 
167,-16.682 
167,-34.724 
167,-13.875 
167,105.979 
168,-7.812 
168,-10.417 
168,-7.812 
168,-37.141 
168,-36.474 
168,126.062 
169,-7.812 
169,-9.766 
169,-30.932 
169,-28.271 
169,-20.792 
169,108.062 
170,-7.812 
170,-31.250 
170,-33.146 
170,-44.474 
170,-31.974 
170,108.062 
171,-6.641 
171,-28.516 
171,-30.932 
171,-38.021 
171,-39.542 
171,107.312 
172,-7.812 
172,-28.516 
172,-30.932 
172,-32.641 
172,-26.042 
172,107.312 
173,-7.812 
173,-18.766 
173,-37.516 
173,-21.354 
173,-22.875 
173,117.062 
174,-7.812 
174,-10.417 
174,-26.432 
174,-37.271 
174,-16.292 
174,108.062 
175,-6.641 
175,-8.854 
175,-16.292 
175,-30.354 
175,-37.125 
175,80.312 
176,-6.641 
176,-9.766 
176,-7.682 
176,-28.271 
176,-16.292 
176,126.062 
177,-6.641 
177,-8.854 
177,-16.292 
177,-23.771 
177,-41.625 
177,108.062 
178,-7.812 
178,-28.516 
178,-35.432 
178,-19.271 
178,-35.042 
178,107.312 
179,-6.641 
179,-18.766 
179,-26.432 
179,-48.974 
179,-28.125 
179,117.062 
180,-7.812 
180,-31.250 
180,-46.516 
180,-21.354 
180,-22.875 
180,99.062 
181,-7.812 
181,-14.917 
181,-12.182 
181,-27.229 
181,-36.083 
181,88.271 
182,-7.812 
182,-31.250 
182,-37.646 
182,-39.224 
182,-22.224 
182,108.062 
183,-6.641 
183,-18.766 
183,-37.516 
183,-30.224 
183,-27.083 
183,100.104 
184,-7.812 
184,-31.250 
184,-37.516 
184,-25.854 
184,-41.625 
184,107.312 
185,-6.641 
185,-9.766 
185,-26.042 
185,-42.521 
185,-39.542 
185,128.146 
186,-6.641 
186,-9.766 
186,-34.000 
186,-27.229 
186,-36.083 
186,88.271 
187,-6.641 
187,-9.766 
187,-34.000 
187,-48.062 
187,-40.583 
187,88.271 
188,-7.812 
188,-31.250 
188,-28.646 
188,-21.224 
188,-26.724 
188,100.104 
189,-7.812 
189,-14.917 
189,-30.932 
189,-23.641 
189,-25.292 
189,108.062 
190,-6.641 
190,-9.766 
190,-26.432 
190,-48.974 
190,-31.974 
190,108.062 
191,-7.812 
191,-14.917 
191,-12.182 
191,-27.229 
191,-19.750 
191,109.104 
192,-7.812 
192,-14.917 
192,-26.432 
192,-23.641 
192,-35.042 
192,107.312 
193,-6.641 
193,-8.854 
193,-35.042 
193,-28.271 
193,-20.792 
193,108.062 
194,-7.812 
194,-28.516 
194,-35.432 
194,-39.974 
194,-31.974 
194,108.062 
195,-6.641 
195,-28.516 
195,-30.932 
195,-48.974 
195,-40.974 
195,107.312 
196,-6.641 
196,-8.854 
196,-30.542 
196,-32.771 
196,-20.792 
196,101.146 
197,-6.641 
197,-28.516 
197,-26.432 
197,-19.141 
197,-24.641 
197,119.146 
198,-7.812 
198,-10.417 
198,-7.682 
198,-28.141 
198,-31.974 
198,108.062 
199,-7.812 
199,-10.417 
199,-28.646 
199,-57.974 
199,-28.125 
199,107.312 
200,-6.641 
200,-8.854 
200,-35.042 
200,-28.271 
200,-26.042 
200,107.312 
201,-6.641 
201,-9.766 
201,-16.292 
201,-28.271 
201,-16.292 
201,108.062 
202,-6.641 
202,-18.766 
202,-12.182 
202,-23.641 
202,-20.141 
202,119.146 
203,-6.641 
203,-28.516 
203,-26.432 
203,-37.271 
203,-39.542 
203,101.146 
204,-7.812 
204,-14.917 
204,-33.146 
204,-41.667 
204,-34.057 
204,105.979 
205,-7.812 
205,-9.766 
205,-7.682 
205,-21.224 
205,-36.375 
205,105.979 
206,-7.812 
206,-14.917 
206,-12.182 
206,-9.521 
206,-22.875 
206,105.979 
207,-6.641 
207,-18.766 
207,-28.516 
207,-34.724 
207,-22.224 
207,108.062 
208,-7.812 
208,-18.766 
208,-26.432 
208,-44.474 
208,-40.974 
208,107.312 
209,-6.641 
209,-28.516 
209,-35.432 
209,-44.474 
209,-40.974 
209,107.312 
210,-6.641 
210,-26.562 
210,-29.500 
210,-48.062 
210,-40.583 
210,88.271 
211,-6.641 
211,-8.854 
211,-35.042 
211,-28.271 
211,-37.125 
211,108.062 
212,-6.641 
212,-26.562 
212,-34.000 
212,-27.229 
212,-36.083 
212,88.271 
213,-7.812 
213,-10.417 
213,-7.682 
213,-0.391 
213,-25.292 
213,126.062 
214,-7.812 
214,-9.766 
214,-30.932 
214,-23.771 
214,-37.125 
214,107.312 
215,-6.641 
215,-8.854 
215,-16.292 
215,-28.271 
215,-20.792 
215,99.062 
216,-7.812 
216,-10.417 
216,-35.432 
216,-38.021 
216,-39.542 
216,107.312 
217,-7.812 
217,-28.516 
217,-30.932 
217,-28.271 
217,-41.625 
217,107.312 
218,-6.641 
218,-9.766 
218,-26.432 
218,-48.974 
218,-46.125 
218,108.062 
219,-6.641 
219,-9.766 
219,-30.932 
219,-23.641 
219,-35.042 
219,128.146 
220,-6.641 
220,-9.766 
220,-33.016 
220,-30.354 
220,-41.625 
220,108.062 
221,-6.641 
221,-14.266 
221,-28.516 
221,-44.474 
221,-46.125 
221,107.312 
222,-7.812 
222,-14.917 
222,-16.682 
222,-34.724 
222,-13.875 
222,105.979 
223,-7.812 
223,-10.417 
223,-26.432 
223,-37.271 
223,-26.042 
223,119.146 
224,-7.812 
224,-10.417 
224,-33.146 
224,-25.333 
224,-13.224 
224,126.062 
225,-7.812 
225,-9.766 
225,-28.516 
225,-21.224 
225,-46.125 
225,107.312 
226,-6.641 
226,-28.516 
226,-26.432 
226,-37.271 
226,-37.125 
226,107.312 
227,-7.812 
227,-28.516 
227,-26.042 
227,-28.271 
227,-39.542 
227,107.312 
228,-7.812 
228,-10.417 
228,-28.646 
228,-57.974 
228,-28.125 
228,117.062 
229,-7.812 
229,-28.516 
229,-35.432 
229,-28.271 
229,-30.542 
229,107.312 
230,-7.812 
230,-9.766 
230,-7.682 
230,-18.521 
230,-7.292 
230,128.146 
231,-6.641 
231,-14.266 
231,-7.292 
231,-14.021 
231,-20.792 
231,99.062 
232,-7.812 
232,-14.266 
232,-28.516 
232,-44.474 
232,-31.974 
232,107.312 
233,-7.812 
233,-10.417 
233,-7.682 
233,-0.391 
233,-25.292 
233,126.062 
234,-6.641 
234,-9.766 
234,-34.000 
234,-27.229 
234,-15.250 
234,109.104 
235,-6.641 
235,-9.766 
235,-7.682 
235,-28.271 
235,-20.792 
235,119.146 
236,-6.641 
236,-9.766 
236,-16.682 
236,-25.724 
236,-31.974 
236,80.312 
237,-6.641 
237,-9.766 
237,-28.516 
237,-48.974 
237,-31.974 
237,107.312 
238,-7.812 
238,-31.250 
238,-33.016 
238,-48.062 
238,-40.583 
238,109.104 
239,-6.641 
239,-9.766 
239,-26.432 
239,-47.021 
239,-39.542 
239,107.312 
240,-6.641 
240,-26.562 
240,-29.500 
240,-31.729 
240,-40.583 
240,88.271 
241,-7.812 
241,-14.917 
241,-12.312 
241,-23.641 
241,-31.974 
241,99.062 
242,-6.641 
242,-14.266 
242,-30.932 
242,-47.021 
242,-39.542 
242,80.312 
243,-6.641 
243,-26.562 
243,-34.000 
243,-27.229 
243,-36.083 
243,109.104 
244,-7.812 
244,-14.266 
244,-12.182 
244,-25.724 
244,-27.375 
244,117.062 
245,-6.641 
245,-8.854 
245,-11.792 
245,-30.354 
245,-41.625 
245,107.312 
246,-7.812 
246,-10.417 
246,-16.812 
246,-19.141 
246,-31.974 
246,107.312 
247,-7.812 
247,-10.417 
247,-33.146 
247,-25.333 
247,-45.474 
247,126.062 
248,-7.812 
248,-28.516 
248,-35.432 
248,-28.141 
248,-7.292 
248,126.062 
249,-7.812 
249,-31.250 
249,-33.146 
249,-48.974 
249,-40.974 
249,126.062 
250,-7.812 
250,-18.766 
250,-7.292 
250,-9.521 
250,-7.292 
250,126.062 
251,-7.812 
251,-10.417 
251,-25.682 
251,-19.271 
251,-37.125 
251,107.312 
252,-7.812 
252,-14.917 
252,-30.932 
252,-23.641 
252,-44.042 
252,101.146 
253,-6.641 
253,-8.854 
253,-26.042 
253,-47.021 
253,-35.042 
253,119.146 
254,-6.641 
254,-9.766 
254,-26.042 
254,-28.271 
254,-20.792 
254,117.062 
255,-6.641 
255,-9.766 
255,-16.292 
255,-9.521 
255,-18.375 
255,126.062 
256,-7.812 
256,-14.917 
256,-16.682 
256,-23.641 
256,-26.042 
256,107.312 
257,-6.641 
257,-9.766 
257,-26.432 
257,-37.271 
257,-37.125 
257,80.312 
258,-6.641 
258,-28.516 
258,-30.932 
258,-23.641 
258,-25.292 
258,108.062 
259,-7.812 
259,-14.917 
259,-28.646 
259,-44.474 
259,-46.125 
259,108.062 
260,-7.812 
260,-9.766 
260,-21.182 
260,-22.729 
260,-19.750 
260,100.104 
261,-7.812 
261,-9.766 
261,-7.682 
261,-28.141 
261,-31.974 
261,107.312 
262,-6.641 
262,-9.766 
262,-11.792 
262,-30.354 
262,-41.625 
262,108.062 
263,-7.812 
263,-9.766 
263,-7.682 
263,-21.224 
263,-46.125 
263,107.312 
264,-6.641 
264,-26.562 
264,-34.000 
264,-27.229 
264,-36.083 
264,100.104 
265,-7.812 
265,-14.917 
265,-33.146 
265,-25.724 
265,-45.083 
265,100.104 
266,-7.812 
266,-10.417 
266,-7.682 
266,-36.229 
266,-15.250 
266,109.104 
267,-7.812 
267,-14.266 
267,-28.516 
267,-30.354 
267,-41.625 
267,108.062 
268,-7.812 
268,-14.917 
268,-33.146 
268,-25.333 
268,-45.474 
268,117.062 
269,-7.812 
269,-14.917 
269,-12.312 
269,-25.333 
269,-45.474 
269,117.062 
270,-6.641 
270,-9.766 
270,-7.682 
270,-28.271 
270,-35.042 
270,128.146 
271,-7.812 
271,-14.917 
271,-12.182 
271,-27.229 
271,-40.583 
271,88.271 
272,-6.641 
272,-9.766 
272,-26.432 
272,-37.271 
272,-26.042 
272,107.312 
273,-6.641 
273,-9.766 
273,-28.516 
273,-39.354 
273,-41.625 
273,80.312 
274,-7.812 
274,-14.917 
274,-12.312 
274,-23.641 
274,-44.042 
274,101.146 
275,-6.641 
275,-9.766 
275,-28.516 
275,-57.062 
275,-40.583 
275,88.271 
276,-6.641 
276,-9.766 
276,-26.432 
276,-32.641 
276,-27.474 
276,107.312 
277,-6.641 
277,-28.516 
277,-30.932 
277,-23.641 
277,-31.974 
277,108.062 
278,-7.812 
278,-31.250 
278,-33.016 
278,-44.474 
278,-31.974 
278,107.312 
279,-6.641 
279,-8.854 
279,-35.042 
279,-38.021 
279,-39.542 
279,119.146 
280,-6.641 
280,-18.766 
280,-37.516 
280,-21.354 
280,-37.125 
280,108.062 
281,-7.812 
281,-28.516 
281,-35.042 
281,-28.271 
281,-26.042 
281,119.146 
282,-7.812 
282,-31.250 
282,-37.646 
282,-39.224 
282,-31.583 
282,100.104 
283,-7.812 
283,-14.917 
283,-12.182 
283,-19.271 
283,-20.792 
283,119.146 
284,-7.812 
284,-31.250 
284,-33.146 
284,-25.724 
284,-13.224 
284,109.104 
285,-6.641 
285,-14.266 
285,-12.182 
285,-28.271 
285,-41.625 
285,80.312 
286,-7.812 
286,-10.417 
286,-33.146 
286,-25.333 
286,-45.474 
286,126.062 
287,-6.641 
287,-9.766 
287,-7.682 
287,-28.271 
287,-37.125 
287,107.312 
288,-6.641 
288,-28.516 
288,-26.432 
288,-37.271 
288,-20.792 
288,108.062 
289,-7.812 
289,-31.250 
289,-33.146 
289,-39.224 
289,-31.583 
289,109.104 
290,-7.812 
290,-9.766 
290,-7.682 
290,-36.229 
290,-15.250 
290,109.104 
291,-7.812 
291,-10.417 
291,-7.812 
291,-37.141 
291,-26.042 
291,119.146 
292,-6.641 
292,-9.766 
292,-29.500 
292,-48.062 
292,-40.583 
292,109.104 
293,-7.812 
293,-9.766 
293,-28.516 
293,-34.724 
293,-13.224 
293,117.062 
294,-7.812 
294,-31.250 
294,-33.016 
294,-25.724 
294,-37.125 
294,107.312 
295,-6.641 
295,-9.766 
295,-7.682 
295,-19.141 
295,-40.974 
295,107.312 
296,-7.812 
296,-9.766 
296,-30.932 
296,-38.021 
296,-39.542 
296,107.312 
297,-6.641 
297,-26.562 
297,-34.000 
297,-27.229 
297,-40.583 
297,88.271 
298,-7.812 
298,-14.917 
298,-12.312 
298,-25.333 
298,-54.474 
298,99.062 
299,-7.812 
299,-10.417 
299,-7.682 
299,-0.391 
299,-22.224 
299,109.104 
300,-6.641 
300,-9.766 
300,-26.042 
300,-28.271 
300,-16.292 
300,126.062 
301,-7.812 
301,-9.766 
301,-26.042 
301,-28.271 
301,-20.792 
301,117.062 
302,-7.812 
302,-14.917 
302,-12.312 
302,-23.641 
302,-25.292 
302,99.062 
303,-7.812 
303,-9.766 
303,-26.042 
303,-28.271 
303,-39.542 
303,119.146 
304,-7.812 
304,-10.417 
304,-28.646 
304,-39.974 
304,-55.125 
304,80.312 
305,-7.812 
305,-9.766 
305,-26.432 
305,-19.141 
305,-34.292 
305,101.146 
306,-6.641 
306,-26.562 
306,-34.000 
306,-27.229 
306,-36.083 
306,109.104 
307,-7.812 
307,-14.917 
307,-35.432 
307,-23.771 
307,-41.625 
307,99.062 
308,-6.641 
308,-9.766 
308,-16.292 
308,-25.854 
308,-32.625 
308,107.312 
309,-6.641 
309,-14.266 
309,-7.292 
309,-32.771 
309,-30.542 
309,107.312 
310,-7.812 
310,-14.917 
310,-26.432 
310,-44.474 
310,-31.974 
310,107.312 
311,-7.812 
311,-9.766 
311,-26.432 
311,-47.021 
311,-39.542 
311,119.146 
312,-7.812 
312,-9.766 
312,-26.432 
312,-39.974 
312,-45.474 
312,99.062 
313,-7.812 
313,-10.417 
313,-26.432 
313,-32.641 
313,-27.474 
313,107.312 
314,-7.812 
314,-31.250 
314,-37.516 
314,-25.854 
314,-41.625 
314,108.062 
315,-7.812 
315,-14.917 
315,-12.312 
315,-25.333 
315,-27.474 
315,107.312 
316,-6.641 
316,-26.562 
316,-34.000 
316,-48.062 
316,-36.083 
316,88.271 
317,-6.641 
317,-9.766 
317,-16.682 
317,-21.224 
317,-31.974 
317,108.062 
318,-6.641 
318,-26.562 
318,-34.000 
318,-27.229 
318,-36.083 
318,100.104 
319,-6.641 
319,-8.854 
319,-26.042 
319,-47.021 
319,-35.042 
319,107.312 
320,-7.812 
320,-9.766 
320,-26.042 
320,-42.521 
320,-39.542 
320,128.146 
321,-6.641 
321,-18.766 
321,-16.682 
321,-18.229 
321,-36.083 
321,88.271 
322,-7.812 
322,-31.250 
322,-46.516 
322,-39.974 
322,-28.125 
322,117.062 
323,-7.812 
323,-14.917 
323,-12.312 
323,-4.891 
323,-13.224 
323,100.104 
324,-7.812 
324,-9.766 
324,-16.292 
324,-23.771 
324,-30.542 
324,107.312 
325,-7.812 
325,-18.766 
325,-26.432 
325,-28.141 
325,-36.474 
325,126.062 
326,-6.641 
326,-26.562 
326,-29.500 
326,-31.729 
326,-40.583 
326,100.104 
327,-6.641 
327,-26.562 
327,-34.000 
327,-48.062 
327,-36.083 
327,100.104 
328,-7.812 
328,-31.250 
328,-33.016 
328,-25.724 
328,-31.974 
328,108.062 
329,-7.812 
329,-10.417 
329,-7.682 
329,-19.141 
329,-34.292 
329,108.062 
330,-7.812 
330,-14.917 
330,-12.182 
330,-4.891 
330,-16.292 
330,119.146 
331,-6.641 
331,-8.854 
331,-35.042 
331,-47.021 
331,-39.542 
331,80.312 
332,-6.641 
332,-8.854 
332,-16.292 
332,-28.271 
332,-41.625 
332,80.312 
333,-7.812 
333,-14.266 
333,-28.516 
333,-44.474 
333,-31.974 
333,107.312 
334,-7.812 
334,-28.516 
334,-30.932 
334,-32.641 
334,-26.042 
334,128.146 
335,-7.812 
335,-10.417 
335,-33.146 
335,-25.724 
335,-45.083 
335,109.104 
336,-7.812 
336,-9.766 
336,-26.042 
336,-42.521 
336,-39.542 
336,128.146 
337,-6.641 
337,-18.766 
337,-7.292 
337,-19.271 
337,-35.042 
337,128.146 
338,-7.812 
338,-9.766 
338,-16.292 
338,-23.771 
338,-41.625 
338,107.312 
339,-6.641 
339,-9.766 
339,-26.042 
339,-28.271 
339,-20.792 
339,117.062 
340,-6.641 
340,-28.516 
340,-26.432 
340,-37.271 
340,-16.292 
340,108.062 
341,-7.812 
341,-31.250 
341,-33.146 
341,-39.224 
341,-32.625 
341,108.062 
342,-6.641 
342,-9.766 
342,-34.000 
342,-27.229 
342,-36.083 
342,88.271 
343,-7.812 
343,-31.250 
343,-37.646 
343,-39.224 
343,-31.583 
343,100.104 
344,-7.812 
344,-14.917 
344,-33.146 
344,-39.224 
344,-38.557 
344,105.979 
345,-7.812 
345,-28.516 
345,-30.932 
345,-38.021 
345,-39.542 
345,128.146 
346,-7.812 
346,-18.766 
346,-28.516 
346,-44.474 
346,-32.625 
346,107.312 
347,-7.812 
347,-9.766 
347,-26.432 
347,-48.974 
347,-31.974 
347,107.312 
348,-6.641 
348,-9.766 
348,-26.432 
348,-19.141 
348,-44.042 
348,119.146 
349,-7.812 
349,-14.917 
349,-26.432 
349,-32.641 
349,-36.474 
349,126.062 
350,-7.812 
350,-28.516 
350,-35.432 
350,-38.021 
350,-35.042 
350,107.312 
351,-7.812 
351,-9.766 
351,-26.432 
351,-39.974 
351,-45.474 
351,99.062 
352,-7.812 
352,-14.917 
352,-12.312 
352,-4.891 
352,-24.250 
352,100.104 
353,-6.641 
353,-8.854 
353,-26.042 
353,-47.021 
353,-39.542 
353,107.312 
354,-7.812 
354,-14.917 
354,-12.312 
354,-25.333 
354,-27.474 
354,107.312 
355,-6.641 
355,-9.766 
355,-28.516 
355,-48.974 
355,-31.974 
355,107.312 
356,-7.812 
356,-10.417 
356,-16.812 
356,-20.833 
356,-45.474 
356,126.062 
357,-7.812 
357,-18.766 
357,-16.682 
357,-30.224 
357,-40.974 
357,80.312 
358,-6.641 
358,-28.516 
358,-30.932 
358,-32.641 
358,-20.141 
358,128.146 
359,-7.812 
359,-10.417 
359,-16.812 
359,-25.333 
359,-13.224 
359,99.062 
360,-7.812 
360,-10.417 
360,-26.432 
360,-32.641 
360,-27.474 
360,107.312 
361,-6.641 
361,-9.766 
361,-16.292 
361,-9.521 
361,-18.375 
361,126.062 
362,-6.641 
362,-14.266 
362,-12.182 
362,-23.641 
362,-44.042 
362,101.146 
363,-6.641 
363,-28.516 
363,-30.932 
363,-23.641 
363,-31.974 
363,108.062 
364,-7.812 
364,-9.766 
364,-26.042 
364,-28.271 
364,-37.125 
364,126.062 
365,-6.641 
365,-14.266 
365,-12.182 
365,-27.229 
365,-19.750 
365,100.104 
366,-7.812 
366,-18.766 
366,-16.682 
366,-9.391 
366,-7.292 
366,108.062 
367,-7.812 
367,-9.766 
367,-16.292 
367,-30.354 
367,-22.875 
367,117.062 
368,-7.812 
368,-14.917 
368,-12.312 
368,-4.891 
368,-8.724 
368,126.062 
369,-7.812 
369,-9.766 
369,-21.182 
369,-34.724 
369,-38.557 
369,105.979 
370,-6.641 
370,-14.266 
370,-7.292 
370,-23.771 
370,-20.792 
370,117.062 
371,-6.641 
371,-28.516 
371,-30.932 
371,-23.641 
371,-35.042 
371,128.146 
372,-7.812 
372,-10.417 
372,-33.146 
372,-25.724 
372,-27.375 
372,108.062 
373,-7.812 
373,-9.766 
373,-16.682 
373,-19.271 
373,-37.125 
373,126.062 
374,-7.812 
374,-10.417 
374,-28.646 
374,-50.667 
374,-34.057 
374,88.271 
375,-6.641 
375,-26.562 
375,-34.000 
375,-27.229 
375,-36.083 
375,88.271 
376,-6.641 
376,-9.766 
376,-26.042 
376,-47.021 
376,-35.042 
376,119.146 
377,-7.812 
377,-9.766 
377,-16.682 
377,-23.641 
377,-44.042 
377,80.312 
378,-7.812 
378,-14.917 
378,-12.312 
378,-23.641 
378,-11.141 
378,101.146 
379,-7.812 
379,-10.417 
379,-7.682 
379,-30.224 
379,-13.224 
379,126.062 
380,-7.812 
380,-10.417 
380,-7.812 
380,-0.391 
380,-20.141 
380,128.146 
381,-6.641 
381,-28.516 
381,-26.432 
381,-32.641 
381,-25.292 
381,119.146 
382,-6.641 
382,-9.766 
382,-26.432 
382,-39.974 
382,-55.125 
382,80.312 
383,-7.812 
383,-28.516 
383,-35.432 
383,-44.474 
383,-40.974 
383,107.312 
384,-7.812 
384,-10.417 
384,-33.146 
384,-25.333 
384,-45.474 
384,126.062 
385,-7.812 
385,-18.766 
385,-28.516 
385,-34.724 
385,-31.583 
385,88.271 
386,-6.641 
386,-8.854 
386,-16.292 
386,-19.271 
386,-35.042 
386,119.146 
387,-6.641 
387,-9.766 
387,-7.682 
387,-28.271 
387,-20.792 
387,126.062 
388,-7.812 
388,-10.417 
388,-25.682 
388,-25.724 
388,-13.875 
388,108.062 
389,-7.812 
389,-10.417 
389,-28.646 
389,-39.974 
389,-45.474 
389,80.312 
390,-7.812 
390,-10.417 
390,-16.812 
390,-23.641 
390,-25.292 
390,99.062 
391,-7.812 
391,-10.417 
391,-7.682 
391,-28.141 
391,-31.974 
391,107.312 
392,-7.812 
392,-10.417 
392,-26.432 
392,-48.974 
392,-31.974 
392,107.312 
393,-6.641 
393,-14.266 
393,-12.182 
393,-28.271 
393,-20.792 
393,99.062 
394,-7.812 
394,-10.417 
394,-33.146 
394,-25.333 
394,-31.974 
394,107.312 
395,-7.812 
395,-10.417 
395,-35.432 
395,-19.271 
395,-16.292 
395,128.146 
396,-6.641 
396,-18.766 
396,-37.516 
396,-48.974 
396,-40.974 
396,80.312 
397,-7.812 
397,-9.766 
397,-7.682 
397,-28.141 
397,-31.974 
397,107.312 
398,-6.641 
398,-28.516 
398,-26.432 
398,-48.974 
398,-46.125 
398,107.312 
399,-6.641 
399,-26.562 
399,-34.000 
399,-43.562 
399,-40.583 
399,109.104 
400,-6.641 
400,-8.854 
400,-35.042 
400,-28.271 
400,-20.792 
400,119.146 
401,-6.641 
401,-8.854 
401,-35.042 
401,-28.271 
401,-20.792 
401,99.062 
402,-7.812 
402,-18.766 
402,-12.182 
402,-22.729 
402,-19.750 
402,100.104 
403,-7.812 
403,-18.766 
403,-16.682 
403,-30.224 
403,-28.125 
403,99.062 
404,-7.812 
404,-14.917 
404,-28.646 
404,-46.167 
404,-34.057 
404,105.979 
405,-7.812 
405,-10.417 
405,-7.812 
405,-0.391 
405,-22.224 
405,109.104 
406,-7.812 
406,-14.917 
406,-16.682 
406,-13.891 
406,-22.224 
406,100.104 
407,-6.641 
407,-28.516 
407,-26.432 
407,-37.271 
407,-20.792 
407,119.146 
408,-7.812 
408,-28.516 
408,-30.542 
408,-51.521 
408,-39.542 
408,101.146 
409,-7.812 
409,-28.516 
409,-35.432 
409,-44.474 
409,-40.974 
409,126.062 
410,-7.812 
410,-10.417 
410,-26.432 
410,-39.974 
410,-45.474 
410,80.312 
411,-7.812 
411,-18.766 
411,-26.042 
411,-38.021 
411,-35.042 
411,107.312 
412,-7.812 
412,-10.417 
412,-33.146 
412,-25.724 
412,-13.224 
412,126.062 
413,-6.641 
413,-8.854 
413,-16.292 
413,-28.271 
413,-37.125 
413,80.312 
414,-6.641 
414,-28.516 
414,-35.432 
414,-28.141 
414,-30.542 
414,107.312 
415,-7.812 
415,-14.917 
415,-28.646 
415,-25.724 
415,-45.083 
415,88.271 
416,-7.812 
416,-28.516 
416,-26.042 
416,-42.521 
416,-39.542 
416,107.312 
417,-7.812 
417,-10.417 
417,-35.432 
417,-44.474 
417,-40.974 
417,126.062 
418,-7.812 
418,-14.917 
418,-12.182 
418,-23.641 
418,-35.042 
418,119.146 
419,-6.641 
419,-18.766 
419,-7.292 
419,-19.271 
419,-35.042 
419,107.312 
420,-7.812 
420,-31.250 
420,-33.146 
420,-48.974 
420,-40.974 
420,126.062 
421,-7.812 
421,-10.417 
421,-28.646 
421,-48.224 
421,-38.557 
421,105.979 
422,-7.812 
422,-9.766 
422,-7.682 
422,-30.224 
422,-45.083 
422,88.271 
423,-7.812 
423,-31.250 
423,-28.516 
423,-21.224 
423,-36.375 
423,99.062 
424,-7.812 
424,-28.516 
424,-26.432 
424,-32.641 
424,-44.042 
424,101.146 
425,-6.641 
425,-8.854 
425,-26.042 
425,-47.021 
425,-35.042 
425,119.146 
426,-6.641 
426,-28.516 
426,-26.432 
426,-37.271 
426,-37.125 
426,108.062 
427,-7.812 
427,-14.917 
427,-28.646 
427,-25.724 
427,-13.224 
427,126.062 
428,-7.812 
428,-10.417 
428,-33.146 
428,-46.167 
428,-56.557 
428,105.979 
429,-7.812 
429,-14.266 
429,-26.042 
429,-32.771 
429,-20.792 
429,101.146 
430,-7.812 
430,-14.917 
430,-12.312 
430,-20.833 
430,-31.974 
430,108.062 
431,-6.641 
431,-8.854 
431,-16.292 
431,-28.271 
431,-26.042 
431,107.312 
432,-6.641 
432,-9.766 
432,-16.292 
432,-28.271 
432,-37.125 
432,99.062 
433,-7.812 
433,-14.917 
433,-30.932 
433,-23.641 
433,-35.042 
433,119.146 
434,-6.641 
434,-18.766 
434,-16.682 
434,-19.271 
434,-37.125 
434,80.312 
435,-6.641 
435,-18.766 
435,-37.516 
435,-30.224 
435,-28.125 
435,107.312 
436,-7.812 
436,-14.917 
436,-30.932 
436,-23.641 
436,-35.042 
436,107.312 
437,-7.812 
437,-18.766 
437,-37.516 
437,-30.224 
437,-31.583 
437,100.104 
438,-6.641 
438,-9.766 
438,-26.432 
438,-37.271 
438,-20.792 
438,108.062 
439,-6.641 
439,-9.766 
439,-28.516 
439,-21.224 
439,-36.375 
439,105.979 
440,-7.812 
440,-9.766 
440,-26.042 
440,-28.271 
440,-20.792 
440,117.062 
441,-7.812 
441,-14.917 
441,-12.182 
441,-27.229 
441,-40.583 
441,100.104 
442,-7.812 
442,-14.917 
442,-28.646 
442,-44.474 
442,-46.125 
442,108.062 
443,-7.812 
443,-31.250 
443,-33.016 
443,-25.724 
443,-34.057 
443,105.979 
444,-6.641 
444,-9.766 
444,-21.182 
444,-34.724 
444,-28.125 
444,107.312 
445,-6.641 
445,-9.766 
445,-7.682 
445,-30.224 
445,-37.125 
445,126.062 
446,-7.812 
446,-9.766 
446,-7.682 
446,-30.224 
446,-37.125 
446,126.062 
447,-6.641 
447,-9.766 
447,-7.682 
447,-18.521 
447,-16.292 
447,128.146 
448,-6.641 
448,-9.766 
448,-16.682 
448,-9.521 
448,-22.875 
448,117.062 
449,-7.812 
449,-10.417 
449,-35.432 
449,-28.141 
449,-11.792 
449,126.062 
450,-7.812 
450,-31.250 
450,-46.516 
450,-39.974 
450,-28.125 
450,117.062 
451,-7.812 
451,-9.766 
451,-16.292 
451,-30.354 
451,-18.375 
451,105.979 
452,-7.812 
452,-18.766 
452,-37.516 
452,-30.224 
452,-28.125 
452,99.062 
453,-7.812 
453,-31.250 
453,-37.516 
453,-25.854 
453,-41.625 
453,107.312 
454,-7.812 
454,-28.516 
454,-35.432 
454,-38.021 
454,-35.042 
454,107.312 
455,-6.641 
455,-8.854 
455,-11.792 
455,-32.771 
455,-30.542 
455,107.312 
456,-6.641 
456,-18.766 
456,-26.432 
456,-28.141 
456,-26.042 
456,119.146 
457,-7.812 
457,-14.917 
457,-12.312 
457,-25.333 
457,-27.474 
457,108.062 
458,-6.641 
458,-18.766 
458,-7.292 
458,-28.271 
458,-20.792 
458,101.146 
459,-6.641 
459,-18.766 
459,-30.932 
459,-42.521 
459,-39.542 
459,101.146 
460,-7.812 
460,-9.766 
460,-7.682 
460,-21.224 
460,-26.724 
460,100.104 
461,-6.641 
461,-9.766 
461,-21.182 
461,-23.641 
461,-26.042 
461,128.146 
462,-6.641 
462,-18.766 
462,-28.516 
462,-34.724 
462,-43.057 
462,88.271 
463,-7.812 
463,-10.417 
463,-7.682 
463,-30.224 
463,-34.057 
463,105.979 
464,-6.641 
464,-26.562 
464,-34.000 
464,-43.562 
464,-40.583 
464,88.271 
465,-6.641 
465,-8.854 
465,-16.292 
465,-19.271 
465,-35.042 
465,107.312 
466,-7.812 
466,-28.516 
466,-39.932 
466,-32.641 
466,-11.792 
466,99.062 
467,-7.812 
467,-18.766 
467,-16.682 
467,-25.724 
467,-32.625 
467,108.062 
468,-7.812 
468,-18.766 
468,-16.682 
468,-25.724 
468,-32.625 
468,108.062 
469,-7.812 
469,-9.766 
469,-16.292 
469,-19.271 
469,-20.792 
469,119.146 
470,-7.812 
470,-14.917 
470,-28.646 
470,-25.333 
470,-31.974 
470,107.312 
471,-7.812 
471,-9.766 
471,-30.932 
471,-38.021 
471,-39.542 
471,128.146 
472,-6.641 
472,-28.516 
472,-26.432 
472,-32.641 
472,-35.042 
472,107.312 
473,-7.812 
473,-10.417 
473,-26.432 
473,-19.141 
473,-44.042 
473,119.146 
474,-7.812 
474,-14.917 
474,-12.182 
474,-23.641 
474,-35.042 
474,119.146 
475,-6.641 
475,-8.854 
475,-35.042 
475,-28.271 
475,-26.042 
475,119.146 
476,-7.812 
476,-9.766 
476,-26.042 
476,-32.771 
476,-20.792 
476,128.146 
477,-6.641 
477,-8.854 
477,-16.292 
477,-28.271 
477,-37.125 
477,108.062 
478,-6.641 
478,-9.766 
478,-30.932 
478,-23.641 
478,-11.141 
478,128.146 
479,-7.812 
479,-14.917 
479,-12.312 
479,-4.891 
479,-16.292 
479,119.146 
480,-7.812 
480,-31.250 
480,-37.516 
480,-34.724 
480,-43.057 
480,88.271 
481,-7.812 
481,-14.917 
481,-33.146 
481,-39.224 
481,-22.224 
481,100.104 
482,-7.812 
482,-14.917 
482,-26.432 
482,-28.271 
482,-20.792 
482,128.146 
483,-7.812 
483,-31.250 
483,-33.146 
483,-39.224 
483,-22.224 
483,109.104 
484,-7.812 
484,-10.417 
484,-26.432 
484,-32.641 
484,-27.474 
484,108.062 
485,-7.812 
485,-28.516 
485,-35.432 
485,-23.641 
485,-44.042 
485,101.146 
486,-7.812 
486,-10.417 
486,-7.682 
486,-13.891 
486,-8.724 
486,126.062 
487,-6.641 
487,-28.516 
487,-26.432 
487,-19.141 
487,-34.292 
487,108.062 
488,-7.812 
488,-14.917 
488,-12.312 
488,-4.500 
488,-11.141 
488,101.146 
489,-7.812 
489,-9.766 
489,-7.682 
489,-36.229 
489,-36.083 
489,109.104 
490,-7.812 
490,-18.766 
490,-7.292 
490,-19.271 
490,-35.042 
490,107.312 
491,-6.641 
491,-28.516 
491,-35.432 
491,-19.271 
491,-37.125 
491,107.312 
492,-7.812 
492,-9.766 
492,-7.682 
492,-28.141 
492,-31.974 
492,107.312 
493,-7.812 
493,-9.766 
493,-7.682 
493,-36.229 
493,-19.750 
493,100.104 
494,-7.812 
494,-10.417 
494,-7.812 
494,-29.833 
494,-45.474 
494,107.312 
495,-7.812 
495,-31.250 
495,-33.146 
495,-44.474 
495,-46.125 
495,107.312 
496,-7.812 
496,-18.766 
496,-37.516 
496,-30.224 
496,-31.974 
496,107.312 
497,-6.641 
497,-8.854 
497,-16.292 
497,-25.854 
497,-32.625 
497,107.312 
498,-7.812 
498,-28.516 
498,-35.432 
498,-23.641 
498,-25.292 
498,108.062 
499,-7.812 
499,-31.250 
499,-33.016 
499,-30.354 
499,-41.625 
499,107.312 
500,-7.812 
500,-14.917 
500,-28.646 
500,-39.224 
500,-13.875 
500,105.979 
501,-7.812 
501,-9.766 
501,-21.182 
501,-23.771 
501,-20.792 
501,99.062 
502,-7.812 
502,-14.917 
502,-26.432 
502,-23.641 
502,-35.042 
502,128.146 
503,-7.812 
503,-28.516 
503,-30.932 
503,-28.271 
503,-20.792 
503,108.062 
504,-7.812 
504,-28.516 
504,-26.042 
504,-42.521 
504,-39.542 
504,128.146 
505,-7.812 
505,-10.417 
505,-33.146 
505,-48.974 
505,-40.974 
505,126.062 
506,-7.812 
506,-10.417 
506,-33.146 
506,-25.333 
506,-45.474 
506,126.062 
507,-7.812 
507,-18.766 
507,-16.682 
507,-30.224 
507,-28.125 
507,99.062 
508,-7.812 
508,-9.766 
508,-26.432 
508,-48.974 
508,-46.125 
508,107.312 
509,-7.812 
509,-10.417 
509,-35.432 
509,-28.141 
509,-26.042 
509,119.146 
510,-6.641 
510,-28.516 
510,-30.932 
510,-38.021 
510,-39.542 
510,107.312 
511,-7.812 
511,-10.417 
511,-26.432 
511,-39.974 
511,-55.125 
511,80.312 
512,-7.812 
512,-18.766 
512,-26.432 
512,-48.974 
512,-40.974 
512,117.062 
513,-7.812 
513,-28.516 
513,-26.432 
513,-32.641 
513,-25.292 
513,99.062 
514,-6.641 
514,-26.562 
514,-34.000 
514,-27.229 
514,-19.750 
514,100.104 
515,-7.812 
515,-10.417 
515,-33.146 
515,-48.974 
515,-40.974 
515,126.062 
516,-7.812 
516,-31.250 
516,-46.516 
516,-30.224 
516,-28.125 
516,107.312 
517,-7.812 
517,-14.917 
517,-33.146 
517,-25.724 
517,-27.375 
517,117.062 
518,-6.641 
518,-8.854 
518,-35.042 
518,-28.271 
518,-26.042 
518,107.312 
519,-7.812 
519,-9.766 
519,-7.682 
519,-28.271 
519,-35.042 
519,107.312 
520,-7.812 
520,-14.917 
520,-12.182 
520,-19.271 
520,-20.792 
520,126.062 
521,-6.641 
521,-26.562 
521,-34.000 
521,-27.229 
521,-19.750 
521,100.104 
522,-7.812 
522,-14.917 
522,-12.312 
522,-25.333 
522,-27.474 
522,108.062 
523,-6.641 
523,-18.766 
523,-37.516 
523,-21.354 
523,-18.375 
523,99.062 
524,-7.812 
524,-31.250 
524,-33.146 
524,-25.333 
524,-45.474 
524,126.062 
525,-7.812 
525,-10.417 
525,-7.812 
525,-19.141 
525,-40.974 
525,108.062 
526,-7.812 
526,-10.417 
526,-35.432 
526,-28.141 
526,-36.474 
526,126.062 
527,-6.641 
527,-9.766 
527,-16.292 
527,-19.271 
527,-37.125 
527,117.062 
528,-6.641 
528,-9.766 
528,-16.682 
528,-21.224 
528,-13.224 
528,126.062 
529,-7.812 
529,-14.917 
529,-30.932 
529,-23.641 
529,-31.974 
529,80.312 
530,-6.641 
530,-8.854 
530,-16.292 
530,-28.271 
530,-39.542 
530,80.312 
531,-7.812 
531,-9.766 
531,-7.682 
531,-28.271 
531,-16.292 
531,126.062 
532,-7.812 
532,-10.417 
532,-7.682 
532,-19.141 
532,-34.292 
532,101.146 
533,-7.812 
533,-10.417 
533,-33.146 
533,-46.167 
533,-56.557 
533,105.979 
534,-6.641 
534,-9.766 
534,-26.042 
534,-28.271 
534,-35.042 
534,128.146 
535,-6.641 
535,-9.766 
535,-16.292 
535,-9.521 
535,-18.375 
535,105.979 
536,-7.812 
536,-14.266 
536,-12.182 
536,-21.224 
536,-37.125 
536,107.312 
537,-7.812 
537,-10.417 
537,-7.812 
537,-27.391 
537,-7.292 
537,101.146 
538,-7.812 
538,-10.417 
538,-35.432 
538,-28.141 
538,-36.474 
538,107.312 
539,-7.812 
539,-10.417 
539,-35.432 
539,-38.021 
539,-35.042 
539,107.312 
540,-6.641 
540,-9.766 
540,-33.016 
540,-48.062 
540,-40.583 
540,88.271 
541,-7.812 
541,-10.417 
541,-26.432 
541,-19.141 
541,-24.641 
541,119.146 
542,-7.812 
542,-14.917 
542,-12.182 
542,-25.724 
542,-27.375 
542,117.062 
543,-6.641 
543,-8.854 
543,-26.042 
543,-28.271 
543,-39.542 
543,107.312 
544,-6.641 
544,-9.766 
544,-7.682 
544,-30.224 
544,-37.125 
544,107.312 
545,-6.641 
545,-28.516 
545,-30.932 
545,-44.474 
545,-31.974 
545,107.312 
546,-7.812 
546,-14.917 
546,-12.182 
546,-27.229 
546,-36.083 
546,109.104 
547,-7.812 
547,-31.250 
547,-37.646 
547,-25.333 
547,-13.224 
547,100.104 
548,-7.812 
548,-14.917 
548,-12.312 
548,-25.333 
548,-31.974 
548,80.312 
549,-7.812 
549,-9.766 
549,-16.682 
549,-28.271 
549,-20.792 
549,101.146 
550,-6.641 
550,-28.516 
550,-35.432 
550,-44.474 
550,-32.625 
550,126.062 
551,-7.812 
551,-10.417 
551,-16.812 
551,-4.891 
551,-13.224 
551,99.062 
552,-6.641 
552,-28.516 
552,-30.932 
552,-23.771 
552,-39.542 
552,107.312 
553,-6.641 
553,-26.562 
553,-29.500 
553,-31.729 
553,-19.750 
553,109.104 
554,-6.641 
554,-28.516 
554,-26.432 
554,-48.974 
554,-46.125 
554,107.312 
555,-6.641 
555,-9.766 
555,-26.432 
555,-39.974 
555,-45.474 
555,80.312 
556,-6.641 
556,-26.562 
556,-29.500 
556,-31.729 
556,-36.083 
556,88.271 
557,-7.812 
557,-10.417 
557,-7.682 
557,-19.141 
557,-34.292 
557,108.062 
558,-7.812 
558,-14.917 
558,-33.146 
558,-41.667 
558,-56.557 
558,105.979 
559,-7.812 
559,-10.417 
559,-26.432 
559,-48.974 
559,-31.974 
559,107.312 
560,-7.812 
560,-14.917 
560,-28.646 
560,-39.224 
560,-32.625 
560,107.312 
561,-7.812 
561,-9.766 
561,-28.516 
561,-39.974 
561,-45.474 
561,99.062 
562,-7.812 
562,-14.917 
562,-33.146 
562,-41.667 
562,-56.557 
562,105.979 
563,-7.812 
563,-9.766 
563,-26.432 
563,-37.271 
563,-26.042 
563,107.312 
564,-7.812 
564,-28.516 
564,-26.432 
564,-47.021 
564,-35.042 
564,119.146 
565,-7.812 
565,-28.516 
565,-35.042 
565,-38.021 
565,-35.042 
565,119.146 
566,-7.812 
566,-14.266 
566,-26.042 
566,-32.771 
566,-39.542 
566,101.146 
567,-7.812 
567,-10.417 
567,-28.646 
567,-34.333 
567,-35.724 
567,100.104 
568,-7.812 
568,-28.516 
568,-35.432 
568,-23.641 
568,-25.292 
568,119.146 
569,-7.812 
569,-10.417 
569,-33.146 
569,-48.974 
569,-32.625 
569,126.062 
570,-7.812 
570,-28.516 
570,-26.042 
570,-32.771 
570,-30.542 
570,128.146 
571,-7.812 
571,-14.266 
571,-26.042 
571,-51.521 
571,-39.542 
571,101.146 
572,-7.812 
572,-28.516 
572,-26.042 
572,-47.021 
572,-35.042 
572,119.146 
573,-6.641 
573,-18.766 
573,-7.292 
573,-9.521 
573,-11.792 
573,119.146 
574,-7.812 
574,-31.250 
574,-37.646 
574,-25.724 
574,-45.083 
574,100.104 
575,-6.641 
575,-9.766 
575,-33.016 
575,-25.724 
575,-31.974 
575,108.062 
576,-7.812 
576,-31.250 
576,-33.146 
576,-25.333 
576,-45.474 
576,126.062 
577,-7.812 
577,-14.917 
577,-28.646 
577,-25.724 
577,-37.125 
577,126.062 
578,-7.812 
578,-18.766 
578,-37.516 
578,-39.974 
578,-40.974 
578,107.312 
579,-6.641 
579,-18.766 
579,-7.292 
579,-28.271 
579,-20.792 
579,99.062 
580,-7.812 
580,-14.917 
580,-12.312 
580,-23.641 
580,-27.474 
580,108.062 
581,-7.812 
581,-14.266 
581,-30.932 
581,-28.271 
581,-30.542 
581,107.312 
582,-7.812 
582,-18.766 
582,-16.682 
582,-0.521 
582,-18.375 
582,105.979 
583,-6.641 
583,-8.854 
583,-16.292 
583,-23.771 
583,-20.792 
583,128.146 
584,-7.812 
584,-14.917 
584,-28.646 
584,-25.333 
584,-45.474 
584,107.312 
585,-7.812 
585,-18.766 
585,-12.182 
585,-13.891 
585,-7.292 
585,128.146 
586,-7.812 
586,-14.917 
586,-26.432 
586,-48.974 
586,-40.974 
586,126.062 
587,-6.641 
587,-9.766 
587,-16.292 
587,-28.271 
587,-20.792 
587,99.062 
588,-6.641 
588,-9.766 
588,-7.682 
588,-21.224 
588,-36.375 
588,108.062 
589,-7.812 
589,-9.766 
589,-7.682 
589,-28.271 
589,-20.792 
589,119.146 
590,-7.812 
590,-10.417 
590,-26.432 
590,-19.141 
590,-40.974 
590,108.062 
591,-6.641 
591,-18.766 
591,-16.682 
591,-9.391 
591,-11.141 
591,119.146 
592,-7.812 
592,-14.917 
592,-33.146 
592,-57.974 
592,-32.625 
592,80.312 
593,-6.641 
593,-8.854 
593,-26.042 
593,-28.271 
593,-37.125 
593,107.312 
594,-7.812 
594,-14.266 
594,-12.182 
594,-21.224 
594,-13.224 
594,126.062 
595,-7.812 
595,-18.766 
595,-12.182 
595,-23.771 
595,-20.792 
595,99.062 
596,-6.641 
596,-9.766 
596,-37.516 
596,-25.854 
596,-22.875 
596,126.062 
597,-6.641 
597,-18.766 
597,-26.042 
597,-28.271 
597,-20.792 
597,119.146 
598,-7.812 
598,-14.917 
598,-16.682 
598,-23.771 
598,-37.125 
598,108.062 
599,-7.812 
599,-9.766 
599,-16.682 
599,-9.521 
599,-18.375 
599,126.062 
600,-6.641 
600,-18.766 
600,-16.682 
600,-9.391 
600,-7.292 
600,128.146 
601,-7.812 
601,-31.250 
601,-46.516 
601,-39.062 
601,-36.083 
601,100.104 
602,-7.812 
602,-18.766 
602,-26.432 
602,-19.271 
602,-37.125 
602,117.062 
603,-7.812 
603,-14.917 
603,-26.432 
603,-38.021 
603,-39.542 
603,128.146 
604,-6.641 
604,-9.766 
604,-21.182 
604,-22.729 
604,-40.583 
604,100.104 
605,-6.641 
605,-18.766 
605,-26.432 
605,-38.021 
605,-35.042 
605,107.312 
606,-6.641 
606,-9.766 
606,-7.682 
606,-0.391 
606,-22.224 
606,126.062 
607,-7.812 
607,-28.516 
607,-26.042 
607,-42.521 
607,-39.542 
607,128.146 
608,-6.641 
608,-9.766 
608,-7.682 
608,-30.224 
608,-13.224 
608,126.062 
609,-7.812 
609,-14.917 
609,-12.312 
609,-23.641 
609,-35.042 
609,107.312 
610,-7.812 
610,-10.417 
610,-26.432 
610,-32.641 
610,-11.141 
610,119.146 
611,-6.641 
611,-9.766 
611,-16.682 
611,-21.224 
611,-45.083 
611,88.271 
612,-6.641 
612,-18.766 
612,-7.292 
612,-9.521 
612,-16.292 
612,108.062 
613,-6.641 
613,-9.766 
613,-28.516 
613,-39.974 
613,-45.474 
613,80.312 
614,-6.641 
614,-18.766 
614,-26.042 
614,-28.271 
614,-37.125 
614,107.312 
615,-7.812 
615,-31.250 
615,-37.646 
615,-57.974 
615,-40.974 
615,99.062 
616,-7.812 
616,-10.417 
616,-25.682 
616,-9.391 
616,-22.224 
616,108.062 
617,-7.812 
617,-10.417 
617,-33.146 
617,-39.224 
617,-13.875 
617,105.979 
618,-7.812 
618,-14.917 
618,-26.432 
618,-28.271 
618,-41.625 
618,107.312 
619,-6.641 
619,-28.516 
619,-26.432 
619,-32.641 
619,-31.974 
619,99.062 
620,-7.812 
620,-31.250 
620,-46.516 
620,-39.062 
620,-36.083 
620,100.104 
621,-7.812 
621,-31.250 
621,-46.516 
621,-30.224 
621,-28.125 
621,80.312 
622,-7.812 
622,-14.917 
622,-12.312 
622,-25.333 
622,-45.474 
622,107.312 
623,-7.812 
623,-14.266 
623,-25.000 
623,-31.729 
623,-19.750 
623,100.104 
624,-6.641 
624,-28.516 
624,-26.432 
624,-47.021 
624,-39.542 
624,119.146 
625,-7.812 
625,-10.417 
625,-7.812 
625,-0.391 
625,-22.224 
625,109.104 
626,-7.812 
626,-10.417 
626,-28.646 
626,-50.667 
626,-56.557 
626,105.979 
627,-7.812 
627,-14.917 
627,-28.646 
627,-25.724 
627,-27.375 
627,105.979 
628,-7.812 
628,-9.766 
628,-30.932 
628,-23.641 
628,-35.042 
628,107.312 
629,-7.812 
629,-31.250 
629,-28.516 
629,-57.062 
629,-36.083 
629,100.104 
630,-7.812 
630,-10.417 
630,-7.812 
630,-27.391 
630,-20.141 
630,101.146 
631,-7.812 
631,-10.417 
631,-35.432 
631,-28.141 
631,-36.474 
631,126.062 
632,-7.812 
632,-14.917 
632,-30.932 
632,-23.641 
632,-35.042 
632,107.312 
633,-6.641 
633,-18.766 
633,-25.000 
633,-48.062 
633,-40.583 
633,88.271 
634,-7.812 
634,-9.766 
634,-16.682 
634,-21.224 
634,-27.375 
634,126.062 
635,-7.812 
635,-14.917 
635,-28.646 
635,-25.724 
635,-45.083 
635,88.271 
636,-7.812 
636,-10.417 
636,-26.432 
636,-48.974 
636,-46.125 
636,108.062 
637,-6.641 
637,-18.766 
637,-26.432 
637,-48.974 
637,-28.125 
637,117.062 
638,-7.812 
638,-9.766 
638,-7.682 
638,-30.224 
638,-27.375 
638,126.062 
639,-6.641 
639,-28.516 
639,-35.042 
639,-28.271 
639,-39.542 
639,80.312 
640,-7.812 
640,-9.766 
640,-33.016 
640,-44.474 
640,-31.974 
640,107.312 
641,-6.641 
641,-28.516 
641,-26.042 
641,-28.271 
641,-35.042 
641,128.146 
642,-7.812 
642,-31.250 
642,-46.516 
642,-21.354 
642,-37.125 
642,80.312 
643,-6.641 
643,-18.766 
643,-28.516 
643,-34.724 
643,-43.057 
643,105.979 
644,-7.812 
644,-9.766 
644,-30.932 
644,-23.771 
644,-37.125 
644,107.312 
645,-7.812 
645,-28.516 
645,-30.542 
645,-32.771 
645,-20.792 
645,99.062 
646,-6.641 
646,-9.766 
646,-37.516 
646,-44.474 
646,-40.974 
646,107.312 
647,-7.812 
647,-10.417 
647,-16.812 
647,-28.141 
647,-20.141 
647,128.146 
648,-7.812 
648,-10.417 
648,-33.146 
648,-25.724 
648,-37.125 
648,126.062 
649,-7.812 
649,-28.516 
649,-35.432 
649,-48.974 
649,-40.974 
649,107.312 
650,-7.812 
650,-10.417 
650,-7.812 
650,-13.500 
650,-11.141 
650,101.146 
651,-7.812 
651,-14.917 
651,-28.646 
651,-25.724 
651,-34.057 
651,105.979 
652,-6.641 
652,-9.766 
652,-21.182 
652,-30.224 
652,-31.583 
652,109.104 
653,-6.641 
653,-28.516 
653,-35.432 
653,-28.141 
653,-40.974 
653,117.062 
654,-7.812 
654,-9.766 
654,-7.682 
654,-19.141 
654,-34.292 
654,108.062 
655,-7.812 
655,-10.417 
655,-7.812 
655,-19.141 
655,-44.042 
655,107.312 
656,-7.812 
656,-28.516 
656,-26.432 
656,-19.141 
656,-40.974 
656,107.312 
657,-7.812 
657,-14.266 
657,-7.292 
657,-23.771 
657,-39.542 
657,119.146 
658,-6.641 
658,-28.516 
658,-30.542 
658,-51.521 
658,-39.542 
658,101.146 
659,-7.812 
659,-10.417 
659,-25.682 
659,-28.141 
659,-40.974 
659,99.062 
660,-6.641 
660,-18.766 
660,-12.182 
660,-34.724 
660,-31.583 
660,100.104 
661,-7.812 
661,-9.766 
661,-26.042 
661,-28.271 
661,-37.125 
661,107.312 
662,-7.812 
662,-9.766 
662,-33.016 
662,-25.724 
662,-34.057 
662,88.271 
663,-6.641 
663,-28.516 
663,-30.932 
663,-38.021 
663,-39.542 
663,107.312 
664,-6.641 
664,-8.854 
664,-16.292 
664,-9.521 
664,-18.375 
664,108.062 
665,-7.812 
665,-9.766 
665,-26.432 
665,-19.141 
665,-40.974 
665,107.312 
666,-7.812 
666,-10.417 
666,-7.682 
666,-21.224 
666,-26.724 
666,117.062 
667,-7.812 
667,-9.766 
667,-16.292 
667,-30.354 
667,-18.375 
667,108.062 
668,-6.641 
668,-9.766 
668,-33.016 
668,-25.724 
668,-13.224 
668,126.062 
669,-7.812 
669,-10.417 
669,-35.432 
669,-28.141 
669,-36.474 
669,126.062 
670,-7.812 
670,-18.766 
670,-37.516 
670,-48.974 
670,-40.974 
670,80.312 
671,-7.812 
671,-28.516 
671,-26.042 
671,-42.521 
671,-39.542 
671,128.146 
672,-6.641 
672,-9.766 
672,-30.932 
672,-38.021 
672,-39.542 
672,128.146 
673,-7.812 
673,-10.417 
673,-26.432 
673,-37.271 
673,-37.125 
673,80.312 
674,-7.812 
674,-31.250 
674,-33.146 
674,-25.333 
674,-31.974 
674,107.312 
675,-7.812 
675,-31.250 
675,-33.016 
675,-25.724 
675,-34.057 
675,88.271 
676,-7.812 
676,-9.766 
676,-16.682 
676,-28.271 
676,-39.542 
676,80.312 
677,-6.641 
677,-28.516 
677,-35.042 
677,-38.021 
677,-39.542 
677,107.312 
678,-7.812 
678,-28.516 
678,-35.432 
678,-23.641 
678,-27.474 
678,108.062 
679,-7.812 
679,-28.516 
679,-30.932 
679,-28.271 
679,-41.625 
679,107.312 
680,-6.641 
680,-8.854 
680,-35.042 
680,-38.021 
680,-39.542 
680,107.312 
681,-6.641 
681,-28.516 
681,-35.432 
681,-47.021 
681,-39.542 
681,101.146 
682,-6.641 
682,-28.516 
682,-35.432 
682,-28.271 
682,-20.792 
682,119.146 
683,-6.641 
683,-14.266 
683,-12.182 
683,-4.891 
683,-25.292 
683,99.062 
684,-7.812 
684,-31.250 
684,-28.646 
684,-39.974 
684,-45.474 
684,99.062 
685,-7.812 
685,-10.417 
685,-7.812 
685,-0.391 
685,-25.292 
685,126.062 
686,-6.641 
686,-18.766 
686,-7.292 
686,-9.521 
686,-7.292 
686,126.062 
687,-7.812 
687,-14.266 
687,-26.042 
687,-32.771 
687,-20.792 
687,99.062 
688,-7.812 
688,-14.266 
688,-30.932 
688,-23.641 
688,-35.042 
688,107.312 
689,-7.812 
689,-14.917 
689,-16.682 
689,-30.224 
689,-31.974 
689,107.312 
690,-6.641 
690,-28.516 
690,-26.042 
690,-42.521 
690,-39.542 
690,107.312 
691,-7.812 
691,-28.516 
691,-35.432 
691,-28.141 
691,-11.792 
691,117.062 
692,-7.812 
692,-28.516 
692,-30.932 
692,-44.474 
692,-46.125 
692,108.062 
693,-7.812 
693,-14.917 
693,-16.682 
693,-34.724 
693,-38.557 
693,105.979 
694,-7.812 
694,-14.917 
694,-26.432 
694,-23.641 
694,-35.042 
694,107.312 
695,-6.641 
695,-26.562 
695,-29.500 
695,-31.729 
695,-40.583 
695,100.104 
696,-6.641 
696,-8.854 
696,-16.292 
696,-9.521 
696,-20.792 
696,108.062 
697,-6.641 
697,-9.766 
697,-33.016 
697,-25.724 
697,-31.974 
697,107.312 
698,-6.641 
698,-9.766 
698,-7.682 
698,-28.271 
698,-37.125 
698,107.312 
699,-7.812 
699,-9.766 
699,-28.516 
699,-48.974 
699,-31.974 
699,108.062 
700,-7.812 
700,-10.417 
700,-26.432 
700,-37.271 
700,-37.125 
700,80.312 
701,-6.641 
701,-9.766 
701,-28.516 
701,-48.974 
701,-46.125 
701,108.062 
702,-6.641 
702,-9.766 
702,-7.682 
702,-19.141 
702,-44.042 
702,119.146 
703,-7.812 
703,-31.250 
703,-28.516 
703,-39.354 
703,-18.375 
703,105.979 
704,-7.812 
704,-10.417 
704,-35.432 
704,-19.271 
704,-16.292 
704,126.062 
705,-6.641 
705,-28.516 
705,-35.432 
705,-38.021 
705,-39.542 
705,119.146 
706,-7.812 
706,-9.766 
706,-16.682 
706,-9.521 
706,-11.792 
706,126.062 
707,-7.812 
707,-14.917 
707,-16.682 
707,-30.224 
707,-22.224 
707,109.104 
708,-7.812 
708,-10.417 
708,-7.682 
708,-13.891 
708,-16.292 
708,119.146 
709,-6.641 
709,-26.562 
709,-34.000 
709,-27.229 
709,-36.083 
709,88.271 
710,-6.641 
710,-8.854 
710,-35.042 
710,-47.021 
710,-39.542 
710,80.312 
711,-7.812 
711,-31.250 
711,-33.016 
711,-44.474 
711,-31.974 
711,108.062 
712,-6.641 
712,-8.854 
712,-26.042 
712,-42.521 
712,-39.542 
712,107.312 
713,-6.641 
713,-14.266 
713,-30.932 
713,-47.021 
713,-39.542 
713,101.146 
714,-6.641 
714,-8.854 
714,-30.542 
714,-32.771 
714,-39.542 
714,80.312 
715,-7.812 
715,-28.516 
715,-30.932 
715,-32.641 
715,-36.474 
715,126.062 
716,-7.812 
716,-14.917 
716,-26.432 
716,-23.771 
716,-37.125 
716,107.312 
717,-7.812 
717,-28.516 
717,-26.432 
717,-47.021 
717,-39.542 
717,107.312 
718,-6.641 
718,-9.766 
718,-16.682 
718,-9.521 
718,-11.792 
718,126.062 
719,-7.812 
719,-31.250 
719,-28.646 
719,-21.224 
719,-40.974 
719,108.062 
720,-6.641 
720,-9.766 
720,-11.792 
720,-32.771 
720,-37.125 
720,108.062 
721,-6.641 
721,-9.766 
721,-7.682 
721,-21.224 
721,-43.057 
721,105.979 
722,-7.812 
722,-9.766 
722,-16.292 
722,-25.854 
722,-41.625 
722,107.312 
723,-6.641 
723,-26.562 
723,-34.000 
723,-27.229 
723,-36.083 
723,109.104 
724,-6.641 
724,-28.516 
724,-39.932 
724,-42.521 
724,-39.542 
724,101.146 
725,-7.812 
725,-31.250 
725,-37.646 
725,-25.333 
725,-13.224 
725,100.104 
726,-7.812 
726,-28.516 
726,-35.432 
726,-47.021 
726,-39.542 
726,101.146 
727,-7.812 
727,-10.417 
727,-25.682 
727,-25.724 
727,-22.224 
727,108.062 
728,-7.812 
728,-10.417 
728,-7.682 
728,-13.891 
728,-24.250 
728,100.104 
729,-7.812 
729,-9.766 
729,-30.932 
729,-28.271 
729,-41.625 
729,107.312 
730,-6.641 
730,-9.766 
730,-7.682 
730,-18.521 
730,-20.792 
730,99.062 
731,-6.641 
731,-9.766 
731,-16.682 
731,-4.891 
731,-16.292 
731,117.062 
732,-6.641 
732,-8.854 
732,-16.292 
732,-28.271 
732,-26.042 
732,119.146 
733,-7.812 
733,-9.766 
733,-26.432 
733,-32.641 
733,-27.474 
733,108.062 
734,-7.812 
734,-10.417 
734,-26.432 
734,-19.141 
734,-34.292 
734,108.062 
735,-6.641 
735,-14.266 
735,-12.182 
735,-4.891 
735,-16.292 
735,126.062 
736,-7.812 
736,-14.917 
736,-28.646 
736,-25.724 
736,-34.057 
736,105.979 
737,-6.641 
737,-8.854 
737,-30.542 
737,-32.771 
737,-41.625 
737,99.062 
738,-6.641 
738,-18.766 
738,-16.682 
738,-18.229 
738,-36.083 
738,88.271 
739,-6.641 
739,-18.766 
739,-16.682 
739,-19.141 
739,-36.474 
739,107.312 
740,-7.812 
740,-31.250 
740,-33.016 
740,-25.724 
740,-31.974 
740,108.062 
741,-7.812 
741,-14.917 
741,-35.432 
741,-23.771 
741,-39.542 
741,101.146 
742,-6.641 
742,-8.854 
742,-16.292 
742,-9.521 
742,-18.375 
742,126.062 
743,-7.812 
743,-28.516 
743,-35.432 
743,-44.474 
743,-32.625 
743,107.312 
744,-6.641 
744,-8.854 
744,-35.042 
744,-47.021 
744,-39.542 
744,80.312 
745,-7.812 
745,-14.917 
745,-26.432 
745,-23.641 
745,-31.974 
745,107.312 
746,-7.812 
746,-14.917 
746,-16.682 
746,-30.224 
746,-31.583 
746,109.104 
747,-7.812 
747,-9.766 
747,-16.292 
747,-28.271 
747,-26.042 
747,119.146 
748,-7.812 
748,-10.417 
748,-26.432 
748,-47.021 
748,-39.542 
748,119.146 
749,-6.641 
749,-26.562 
749,-34.000 
749,-27.229 
749,-36.083 
749,100.104 
750,-7.812 
750,-14.917 
750,-26.432 
750,-23.641 
750,-35.042 
750,128.146 
751,-6.641 
751,-28.516 
751,-35.432 
751,-39.974 
751,-31.974 
751,107.312 
752,-7.812 
752,-28.516 
752,-30.932 
752,-28.271 
752,-41.625 
752,107.312 
753,-6.641 
753,-9.766 
753,-16.292 
753,-28.271 
753,-37.125 
753,107.312 
754,-7.812 
754,-28.516 
754,-35.432 
754,-48.974 
754,-28.125 
754,107.312 
755,-7.812 
755,-10.417 
755,-35.432 
755,-19.271 
755,-35.042 
755,128.146 
756,-6.641 
756,-28.516 
756,-39.932 
756,-42.521 
756,-39.542 
756,101.146 
757,-7.812 
757,-14.917 
757,-26.432 
757,-23.641 
757,-31.974 
757,107.312 
758,-7.812 
758,-31.250 
758,-28.646 
758,-57.974 
758,-40.974 
758,107.312 
759,-7.812 
759,-31.250 
759,-33.146 
759,-25.724 
759,-37.125 
759,107.312 
760,-6.641 
760,-28.516 
760,-26.432 
760,-48.974 
760,-46.125 
760,107.312 
761,-7.812 
761,-18.766 
761,-28.516 
761,-34.724 
761,-22.224 
761,108.062 
762,-7.812 
762,-31.250 
762,-28.646 
762,-39.974 
762,-55.125 
762,80.312 
763,-6.641 
763,-18.766 
763,-26.042 
763,-47.021 
763,-39.542 
763,80.312 
764,-6.641 
764,-18.766 
764,-25.000 
764,-27.229 
764,-15.250 
764,109.104 
765,-6.641 
765,-9.766 
765,-7.682 
765,-30.224 
765,-31.974 
765,107.312 
766,-6.641 
766,-9.766 
766,-7.682 
766,-28.271 
766,-37.125 
766,126.062 
767,-7.812 
767,-28.516 
767,-39.932 
767,-53.474 
767,-32.625 
767,80.312 
768,-7.812 
768,-28.516 
768,-35.432 
768,-28.141 
768,-7.292 
768,126.062 
769,-7.812 
769,-18.766 
769,-26.042 
769,-28.271 
769,-20.792 
769,99.062 
770,-7.812 
770,-9.766 
770,-16.292 
770,-23.771 
770,-41.625 
770,108.062 
771,-7.812 
771,-14.266 
771,-12.182 
771,-25.724 
771,-27.375 
771,99.062 
772,-6.641 
772,-14.266 
772,-30.932 
772,-23.641 
772,-35.042 
772,107.312 
773,-7.812 
773,-14.917 
773,-26.432 
773,-32.641 
773,-11.792 
773,126.062 
774,-7.812 
774,-10.417 
774,-7.812 
774,-27.391 
774,-20.141 
774,101.146 
775,-7.812 
775,-18.766 
775,-12.182 
775,-34.724 
775,-38.557 
775,105.979 
776,-6.641 
776,-8.854 
776,-35.042 
776,-28.271 
776,-30.542 
776,107.312 
777,-6.641 
777,-8.854 
777,-35.042 
777,-28.271 
777,-30.542 
777,107.312 
778,-6.641 
778,-14.266 
778,-28.516 
778,-25.724 
778,-31.974 
778,107.312 
779,-7.812 
779,-18.766 
779,-26.432 
779,-48.974 
779,-40.974 
779,107.312 
780,-7.812 
780,-28.516 
780,-35.432 
780,-23.641 
780,-27.474 
780,107.312 
781,-7.812 
781,-18.766 
781,-26.042 
781,-28.271 
781,-30.542 
781,107.312 
782,-6.641 
782,-8.854 
782,-11.792 
782,-30.354 
782,-41.625 
782,108.062 
783,-7.812 
783,-14.917 
783,-16.682 
783,-13.891 
783,-17.724 
783,108.062 
784,-7.812 
784,-31.250 
784,-46.516 
784,-21.354 
784,-18.375 
784,108.062 
785,-6.641 
785,-28.516 
785,-35.042 
785,-28.271 
785,-37.125 
785,99.062 
786,-6.641 
786,-9.766 
786,-7.682 
786,-21.224 
786,-54.083 
786,100.104 
787,-7.812 
787,-10.417 
787,-16.812 
787,-23.641 
787,-11.141 
787,119.146 
788,-7.812 
788,-10.417 
788,-7.812 
788,-29.833 
788,-45.474 
788,107.312 
789,-7.812 
789,-14.917 
789,-28.646 
789,-39.224 
789,-13.875 
789,105.979 
790,-6.641 
790,-28.516 
790,-30.932 
790,-28.271 
790,-41.625 
790,107.312 
791,-6.641 
791,-8.854 
791,-16.292 
791,-25.854 
791,-32.625 
791,107.312 
792,-7.812 
792,-14.266 
792,-7.292 
792,-30.354 
792,-22.875 
792,108.062 
793,-6.641 
793,-26.562 
793,-29.500 
793,-31.729 
793,-36.083 
793,88.271 
794,-7.812 
794,-9.766 
794,-7.682 
794,-18.521 
794,-18.375 
794,108.062 
795,-7.812 
795,-31.250 
795,-33.016 
795,-48.062 
795,-40.583 
795,88.271 
796,-7.812 
796,-9.766 
796,-30.932 
796,-38.021 
796,-39.542 
796,128.146 
797,-7.812 
797,-10.417 
797,-25.682 
797,-19.271 
797,-26.042 
797,107.312 
798,-6.641 
798,-8.854 
798,-16.292 
798,-9.521 
798,-16.292 
798,108.062 
799,-6.641 
799,-9.766 
799,-30.932 
799,-23.641 
799,-31.974 
799,107.312 
800,-7.812 
800,-31.250 
800,-33.016 
800,-30.354 
800,-41.625 
800,108.062 
801,-7.812 
801,-10.417 
801,-28.646 
801,-39.974 
801,-45.474 
801,80.312 
802,-7.812 
802,-14.917 
802,-33.146 
802,-57.974 
802,-32.625 
802,99.062 
803,-7.812 
803,-28.516 
803,-30.542 
803,-32.771 
803,-39.542 
803,80.312 
804,-6.641 
804,-8.854 
804,-16.292 
804,-30.354 
804,-37.125 
804,107.312 
805,-7.812 
805,-14.266 
805,-28.516 
805,-25.724 
805,-27.375 
805,108.062 
806,-7.812 
806,-10.417 
806,-16.812 
806,-37.141 
806,-30.542 
806,101.146 
807,-7.812 
807,-14.917 
807,-16.682 
807,-30.224 
807,-32.625 
807,107.312 
808,-7.812 
808,-14.917 
808,-30.932 
808,-23.641 
808,-35.042 
808,119.146 
809,-7.812 
809,-14.917 
809,-28.646 
809,-39.224 
809,-32.625 
809,108.062 
810,-7.812 
810,-14.917 
810,-12.312 
810,-28.141 
810,-11.792 
810,119.146 
811,-7.812 
811,-31.250 
811,-28.516 
811,-48.974 
811,-31.974 
811,107.312 
812,-7.812 
812,-10.417 
812,-28.646 
812,-39.974 
812,-55.125 
812,99.062 
813,-7.812 
813,-10.417 
813,-7.682 
813,-0.391 
813,-22.224 
813,126.062 
814,-7.812 
814,-14.266 
814,-12.182 
814,-4.891 
814,-16.292 
814,119.146 
815,-7.812 
815,-10.417 
815,-7.682 
815,-36.229 
815,-19.750 
815,100.104 
816,-7.812 
816,-10.417 
816,-26.432 
816,-39.974 
816,-45.474 
816,80.312 
817,-7.812 
817,-31.250 
817,-28.516 
817,-21.224 
817,-46.125 
817,107.312 
818,-7.812 
818,-10.417 
818,-25.682 
818,-19.271 
818,-37.125 
818,107.312 
819,-7.812 
819,-28.516 
819,-35.042 
819,-38.021 
819,-35.042 
819,107.312 
820,-7.812 
820,-10.417 
820,-16.812 
820,-23.641 
820,-11.141 
820,119.146 
821,-7.812 
821,-28.516 
821,-26.432 
821,-19.141 
821,-44.042 
821,119.146 
822,-7.812 
822,-31.250 
822,-28.646 
822,-48.224 
822,-9.375 
822,99.062 
823,-7.812 
823,-18.766 
823,-16.682 
823,-19.271 
823,-37.125 
823,80.312 
824,-7.812 
824,-9.766 
824,-16.292 
824,-9.521 
824,-20.792 
824,108.062 
825,-6.641 
825,-28.516 
825,-30.932 
825,-23.641 
825,-35.042 
825,128.146 
826,-7.812 
826,-14.917 
826,-30.932 
826,-23.641 
826,-11.141 
826,119.146 
827,-7.812 
827,-10.417 
827,-7.682 
827,-28.271 
827,-35.042 
827,128.146 
828,-7.812 
828,-31.250 
828,-46.516 
828,-48.974 
828,-40.974 
828,99.062 
829,-7.812 
829,-9.766 
829,-16.292 
829,-28.271 
829,-41.625 
829,99.062 
830,-7.812 
830,-14.917 
830,-28.646 
830,-25.333 
830,-13.224 
830,126.062 
831,-7.812 
831,-14.266 
831,-26.042 
831,-32.771 
831,-41.625 
831,80.312 
832,-7.812 
832,-14.917 
832,-26.432 
832,-32.641 
832,-11.792 
832,119.146 
833,-7.812 
833,-28.516 
833,-35.042 
833,-47.021 
833,-39.542 
833,101.146 
834,-7.812 
834,-10.417 
834,-28.646 
834,-34.333 
834,-54.474 
834,80.312 
835,-7.812 
835,-10.417 
835,-28.646 
835,-48.224 
835,-27.083 
835,100.104 
836,-6.641 
836,-18.766 
836,-28.516 
836,-25.854 
836,-32.625 
836,107.312 
837,-7.812 
837,-9.766 
837,-11.792 
837,-14.021 
837,-22.875 
837,117.062 
838,-7.812 
838,-10.417 
838,-25.682 
838,-25.724 
838,-31.583 
838,109.104 
839,-6.641 
839,-18.766 
839,-16.682 
839,-0.521 
839,-18.375 
839,108.062 
840,-7.812 
840,-10.417 
840,-16.812 
840,-28.141 
840,-11.792 
840,119.146 
841,-7.812 
841,-18.766 
841,-16.682 
841,-19.271 
841,-37.125 
841,107.312 
842,-7.812 
842,-10.417 
842,-7.812 
842,-37.141 
842,-26.042 
842,119.146 
843,-7.812 
843,-31.250 
843,-28.516 
843,-48.974 
843,-31.974 
843,107.312 
844,-7.812 
844,-14.917 
844,-33.146 
844,-39.224 
844,-31.583 
844,88.271 
845,-7.812 
845,-31.250 
845,-28.646 
845,-50.667 
845,-34.057 
845,105.979 
846,-7.812 
846,-14.917 
846,-30.932 
846,-23.641 
846,-25.292 
846,108.062 
847,-6.641 
847,-9.766 
847,-16.292 
847,-28.271 
847,-39.542 
847,101.146 
848,-7.812 
848,-10.417 
848,-25.682 
848,-9.391 
848,-6.250 
848,109.104 
849,-7.812 
849,-14.917 
849,-12.312 
849,-20.833 
849,-31.974 
849,107.312 
850,-7.812 
850,-9.766 
850,-21.182 
850,-13.891 
850,-11.792 
850,119.146 
851,-7.812 
851,-10.417 
851,-7.812 
851,-37.141 
851,-36.474 
851,107.312 
852,-7.812 
852,-18.766 
852,-16.682 
852,-30.224 
852,-22.224 
852,100.104 
853,-7.812 
853,-10.417 
853,-7.682 
853,-28.141 
853,-31.974 
853,108.062 
854,-6.641 
854,-18.766 
854,-37.516 
854,-21.354 
854,-28.125 
854,117.062 
855,-7.812 
855,-31.250 
855,-33.146 
855,-25.333 
855,-35.724 
855,109.104 
856,-7.812 
856,-14.917 
856,-12.312 
856,-4.500 
856,-24.641 
856,119.146 
857,-7.812 
857,-10.417 
857,-7.812 
857,-19.141 
857,-24.641 
857,101.146 
858,-7.812 
858,-10.417 
858,-7.682 
858,-21.224 
858,-43.057 
858,88.271 
859,-7.812 
859,-10.417 
859,-28.646 
859,-50.667 
859,-56.557 
859,105.979 
860,-7.812 
860,-10.417 
860,-28.646 
860,-50.667 
860,-34.057 
860,105.979 
861,-6.641 
861,-28.516 
861,-35.432 
861,-23.641 
861,-11.141 
861,119.146 
862,-6.641 
862,-14.266 
862,-12.182 
862,-19.271 
862,-39.542 
862,119.146 
863,-6.641 
863,-9.766 
863,-16.292 
863,-30.354 
863,-37.125 
863,108.062 
864,-7.812 
864,-31.250 
864,-28.516 
864,-34.724 
864,-13.224 
864,99.062 
865,-7.812 
865,-14.266 
865,-30.932 
865,-23.641 
865,-31.974 
865,99.062 
866,-7.812 
866,-18.766 
866,-12.182 
866,-23.771 
866,-37.125 
866,108.062 
867,-7.812 
867,-10.417 
867,-7.812 
867,-27.391 
867,-7.292 
867,108.062 
868,-7.812 
868,-14.917 
868,-12.182 
868,-25.724 
868,-29.557 
868,88.271 
869,-6.641 
869,-9.766 
869,-16.682 
869,-25.724 
869,-31.974 
869,99.062 
870,-7.812 
870,-9.766 
870,-28.516 
870,-21.224 
870,-36.375 
870,99.062 
871,-7.812 
871,-14.917 
871,-30.932 
871,-23.641 
871,-44.042 
871,101.146 
872,-6.641 
872,-26.562 
872,-29.500 
872,-31.729 
872,-36.083 
872,109.104 
873,-7.812 
873,-18.766 
873,-16.682 
873,-19.141 
873,-36.474 
873,107.312 
874,-7.812 
874,-31.250 
874,-37.646 
874,-39.224 
874,-38.557 
874,88.271 
875,-7.812 
875,-31.250 
875,-28.516 
875,-57.062 
875,-40.583 
875,88.271 
876,-6.641 
876,-9.766 
876,-30.932 
876,-28.271 
876,-30.542 
876,128.146 
877,-7.812 
877,-10.417 
877,-26.432 
877,-48.974 
877,-31.974 
877,107.312 
878,-6.641 
878,-26.562 
878,-34.000 
878,-48.062 
878,-36.083 
878,88.271 
879,-7.812 
879,-10.417 
879,-7.812 
879,-29.833 
879,-35.724 
879,108.062 
880,-7.812 
880,-14.917 
880,-12.182 
880,-4.891 
880,-16.292 
880,119.146 
881,-7.812 
881,-28.516 
881,-26.432 
881,-32.641 
881,-44.042 
881,101.146 
882,-6.641 
882,-9.766 
882,-7.682 
882,-18.521 
882,-18.375 
882,105.979 
883,-7.812 
883,-10.417 
883,-33.146 
883,-25.333 
883,-31.974 
883,108.062 
884,-6.641 
884,-28.516 
884,-35.042 
884,-38.021 
884,-39.542 
884,119.146 
885,-7.812 
885,-9.766 
885,-26.042 
885,-28.271 
885,-35.042 
885,119.146 
886,-6.641 
886,-26.562 
886,-34.000 
886,-48.062 
886,-36.083 
886,100.104 
887,-7.812 
887,-9.766 
887,-11.792 
887,-14.021 
887,-22.875 
887,117.062 
888,-7.812 
888,-18.766 
888,-7.292 
888,-25.854 
888,-41.625 
888,108.062 
889,-7.812 
889,-14.917 
889,-26.432 
889,-32.641 
889,-20.141 
889,119.146 
890,-7.812 
890,-14.266 
890,-30.932 
890,-23.641 
890,-27.474 
890,107.312 
891,-6.641 
891,-28.516 
891,-35.432 
891,-39.974 
891,-31.974 
891,108.062 
892,-6.641 
892,-18.766 
892,-12.182 
892,-13.891 
892,-10.750 
892,100.104 
893,-6.641 
893,-18.766 
893,-16.682 
893,-19.271 
893,-37.125 
893,80.312 
894,-6.641 
894,-18.766 
894,-7.292 
894,-28.271 
894,-41.625 
894,80.312 
895,-6.641 
895,-9.766 
895,-16.682 
895,-4.891 
895,-8.724 
895,109.104 
896,-7.812 
896,-28.516 
896,-26.432 
896,-19.141 
896,-34.292 
896,108.062 
897,-7.812 
897,-31.250 
897,-28.646 
897,-21.224 
897,-36.375 
897,108.062 
898,-7.812 
898,-9.766 
898,-7.682 
898,-21.224 
898,-43.057 
898,88.271 
899,-7.812 
899,-14.917 
899,-12.312 
899,-18.391 
899,-11.141 
899,119.146 
900,-7.812 
900,-10.417 
900,-26.432 
900,-48.974 
900,-31.974 
900,108.062 
901,-7.812 
901,-10.417 
901,-26.432 
901,-19.141 
901,-24.641 
901,101.146 
902,-7.812 
902,-10.417 
902,-25.682 
902,-0.521 
902,-16.292 
902,108.062 
903,-7.812 
903,-9.766 
903,-7.682 
903,-13.891 
903,-8.724 
903,126.062 
904,-6.641 
904,-9.766 
904,-7.682 
904,-0.391 
904,-25.292 
904,126.062 
905,-7.812 
905,-10.417 
905,-26.432 
905,-39.974 
905,-55.125 
905,80.312 
906,-7.812 
906,-28.516 
906,-35.432 
906,-44.474 
906,-32.625 
906,107.312 
907,-7.812 
907,-9.766 
907,-16.682 
907,-23.641 
907,-44.042 
907,80.312 
908,-7.812 
908,-18.766 
908,-16.682 
908,-18.229 
908,-36.083 
908,109.104 
909,-7.812 
909,-14.917 
909,-12.312 
909,-28.141 
909,-30.542 
909,119.146 
910,-7.812 
910,-10.417 
910,-25.682 
910,-30.224 
910,-9.375 
910,99.062 
911,-6.641 
911,-8.854 
911,-16.292 
911,-25.854 
911,-32.625 
911,107.312 
912,-7.812 
912,-18.766 
912,-37.516 
912,-21.354 
912,-28.125 
912,107.312 
913,-7.812 
913,-10.417 
913,-33.146 
913,-44.474 
913,-31.974 
913,107.312 
914,-7.812 
914,-10.417 
914,-33.146 
914,-25.333 
914,-35.724 
914,108.062 
915,-6.641 
915,-18.766 
915,-7.292 
915,-19.271 
915,-16.292 
915,128.146 
916,-6.641 
916,-9.766 
916,-16.292 
916,-9.521 
916,-20.792 
916,119.146 
917,-6.641 
917,-28.516 
917,-35.042 
917,-47.021 
917,-39.542 
917,80.312 
918,-7.812 
918,-9.766 
918,-7.682 
918,-21.224 
918,-43.057 
918,88.271 
919,-7.812 
919,-18.766 
919,-25.000 
919,-27.229 
919,-19.750 
919,100.104 
920,-7.812 
920,-9.766 
920,-7.682 
920,-30.224 
920,-31.974 
920,107.312 
921,-7.812 
921,-18.766 
921,-25.000 
921,-27.229 
921,-36.083 
921,88.271 
922,-7.812 
922,-14.917 
922,-28.646 
922,-44.474 
922,-31.974 
922,107.312 
923,-7.812 
923,-9.766 
923,-7.682 
923,-36.229 
923,-15.250 
923,109.104 
924,-7.812 
924,-31.250 
924,-46.516 
924,-39.062 
924,-40.583 
924,88.271 
925,-6.641 
925,-9.766 
925,-28.516 
925,-57.062 
925,-40.583 
925,100.104 
926,-7.812 
926,-18.766 
926,-30.932 
926,-42.521 
926,-39.542 
926,101.146 
927,-6.641 
927,-26.562 
927,-29.500 
927,-48.062 
927,-40.583 
927,109.104 
928,-7.812 
928,-14.917 
928,-28.646 
928,-39.224 
928,-43.057 
928,88.271 
929,-7.812 
929,-9.766 
929,-16.682 
929,-21.224 
929,-31.974 
929,108.062 
930,-6.641 
930,-14.266 
930,-7.292 
930,-23.771 
930,-37.125 
930,126.062 
931,-6.641 
931,-9.766 
931,-7.682 
931,-19.141 
931,-34.292 
931,108.062 
932,-7.812 
932,-18.766 
932,-26.432 
932,-48.974 
932,-40.974 
932,107.312 
933,-7.812 
933,-14.917 
933,-26.432 
933,-48.974 
933,-40.974 
933,107.312 
934,-7.812 
934,-9.766 
934,-7.682 
934,-0.391 
934,-25.292 
934,126.062 
935,-7.812 
935,-10.417 
935,-26.432 
935,-39.974 
935,-45.474 
935,99.062 
936,-7.812 
936,-14.266 
936,-12.182 
936,-21.224 
936,-34.057 
936,88.271 
937,-7.812 
937,-9.766 
937,-26.432 
937,-39.974 
937,-55.125 
937,99.062 
938,-7.812 
938,-18.766 
938,-12.182 
938,-30.224 
938,-43.057 
938,105.979 
939,-7.812 
939,-18.766 
939,-16.682 
939,-0.521 
939,-16.292 
939,101.146 
940,-7.812 
940,-31.250 
940,-37.516 
940,-44.474 
940,-32.625 
940,107.312 
941,-7.812 
941,-10.417 
941,-26.432 
941,-32.641 
941,-27.474 
941,107.312 
942,-7.812 
942,-10.417 
942,-7.682 
942,-21.224 
942,-46.125 
942,107.312 
943,-6.641 
943,-28.516 
943,-30.932 
943,-44.474 
943,-31.974 
943,107.312 
944,-7.812 
944,-10.417 
944,-7.812 
944,-29.833 
944,-31.974 
944,107.312 
945,-7.812 
945,-10.417 
945,-7.682 
945,-21.224 
945,-36.375 
945,105.979 
946,-7.812 
946,-18.766 
946,-7.292 
946,-28.271 
946,-39.542 
946,80.312 
947,-7.812 
947,-10.417 
947,-7.682 
947,-21.224 
947,-54.083 
947,100.104 
948,-7.812 
948,-18.766 
948,-30.932 
948,-32.641 
948,-40.974 
948,80.312 
949,-7.812 
949,-18.766 
949,-12.182 
949,-13.891 
949,-11.792 
949,99.062 
950,-7.812 
950,-9.766 
950,-7.682 
950,-19.141 
950,-40.974 
950,108.062 
951,-6.641 
951,-9.766 
951,-16.292 
951,-30.354 
951,-37.125 
951,107.312 
952,-6.641 
952,-28.516 
952,-30.932 
952,-23.641 
952,-31.974 
952,108.062 
953,-7.812 
953,-9.766 
953,-7.682 
953,-18.521 
953,-18.375 
953,105.979 
954,-7.812 
954,-31.250 
954,-28.646 
954,-57.974 
954,-28.125 
954,117.062 
955,-6.641 
955,-26.562 
955,-34.000 
955,-27.229 
955,-19.750 
955,100.104 
956,-6.641 
956,-28.516 
956,-35.042 
956,-28.271 
956,-37.125 
956,80.312 
957,-6.641 
957,-8.854 
957,-26.042 
957,-28.271 
957,-39.542 
957,119.146 
958,-7.812 
958,-18.766 
958,-37.516 
958,-39.974 
958,-28.125 
958,107.312 
959,-6.641 
959,-14.266 
959,-30.932 
959,-28.271 
959,-20.792 
959,119.146 
960,-6.641 
960,-9.766 
960,-30.932 
960,-44.474 
960,-46.125 
960,108.062 
961,-7.812 
961,-28.516 
961,-35.432 
961,-19.271 
961,-20.792 
961,119.146 
962,-7.812 
962,-10.417 
962,-16.812 
962,-23.641 
962,-27.474 
962,108.062 
963,-6.641 
963,-8.854 
963,-35.042 
963,-38.021 
963,-39.542 
963,107.312 
964,-6.641 
964,-14.266 
964,-12.182 
964,-21.224 
964,-31.974 
964,108.062 
965,-7.812 
965,-31.250 
965,-28.646 
965,-48.224 
965,-27.083 
965,88.271 
966,-7.812 
966,-31.250 
966,-28.646 
966,-39.974 
966,-55.125 
966,80.312 
967,-6.641 
967,-28.516 
967,-35.042 
967,-47.021 
967,-39.542 
967,101.146 
968,-6.641 
968,-14.266 
968,-12.182 
968,-4.891 
968,-8.724 
968,126.062 
969,-7.812 
969,-9.766 
969,-26.432 
969,-19.141 
969,-44.042 
969,107.312 
970,-7.812 
970,-28.516 
970,-35.432 
970,-47.021 
970,-39.542 
970,101.146 
971,-7.812 
971,-9.766 
971,-37.516 
971,-34.724 
971,-31.974 
971,126.062 
972,-7.812 
972,-10.417 
972,-28.646 
972,-21.224 
972,-54.083 
972,100.104 
973,-7.812 
973,-10.417 
973,-16.812 
973,-20.833 
973,-35.724 
973,108.062 
974,-6.641 
974,-9.766 
974,-37.516 
974,-34.724 
974,-31.974 
974,126.062 
975,-7.812 
975,-10.417 
975,-26.432 
975,-39.974 
975,-45.474 
975,99.062 
976,-6.641 
976,-9.766 
976,-16.682 
976,-19.271 
976,-39.542 
976,119.146 
977,-7.812 
977,-14.917 
977,-16.682 
977,-30.224 
977,-13.875 
977,105.979 
978,-6.641 
978,-28.516 
978,-35.432 
978,-28.141 
978,-11.792 
978,119.146 
979,-7.812 
979,-9.766 
979,-28.516 
979,-34.724 
979,-46.125 
979,80.312 
980,-7.812 
980,-9.766 
980,-7.682 
980,-0.391 
980,-22.224 
980,126.062 
981,-7.812 
981,-28.516 
981,-26.432 
981,-19.141 
981,-40.974 
981,107.312 
982,-7.812 
982,-31.250 
982,-37.646 
982,-41.667 
982,-34.057 
982,88.271 
983,-7.812 
983,-10.417 
983,-35.432 
983,-28.141 
983,-30.542 
983,119.146 
984,-6.641 
984,-9.766 
984,-34.000 
984,-43.562 
984,-40.583 
984,109.104 
985,-6.641 
985,-26.562 
985,-34.000 
985,-48.062 
985,-36.083 
985,100.104 
986,-7.812 
986,-10.417 
986,-35.432 
986,-19.271 
986,-35.042 
986,107.312 
987,-7.812 
987,-31.250 
987,-37.646 
987,-39.224 
987,-13.875 
987,99.062 
988,-7.812 
988,-14.917 
988,-12.312 
988,-20.833 
988,-31.974 
988,108.062 
989,-7.812 
989,-28.516 
989,-35.432 
989,-47.021 
989,-39.542 
989,101.146 
990,-7.812 
990,-28.516 
990,-35.042 
990,-38.021 
990,-35.042 
990,107.312 
991,-7.812 
991,-10.417 
991,-7.682 
991,-21.224 
991,-40.974 
991,108.062 
992,-7.812 
992,-10.417 
992,-25.682 
992,-19.271 
992,-37.125 
992,99.062 
993,-7.812 
993,-9.766 
993,-7.682 
993,-13.891 
993,-11.141 
993,101.146 
994,-6.641 
994,-9.766 
994,-16.682 
994,-27.229 
994,-40.583 
994,88.271 
995,-6.641 
995,-9.766 
995,-28.516 
995,-21.224 
995,-40.974 
995,108.062 
996,-7.812 
996,-28.516 
996,-26.432 
996,-39.974 
996,-45.474 
996,80.312 
997,-7.812 
997,-10.417 
997,-7.682 
997,-28.141 
997,-35.042 
997,128.146 
998,-7.812 
998,-9.766 
998,-26.042 
998,-28.271 
998,-20.792 
998,126.062 
999,-7.812 
999,-10.417 
999,-16.812 
999,-37.141 
999,-40.974 
999,80.312 
1000,-6.641 
1000,-9.766 
1000,-26.432 
1000,-48.974 
1000,-31.974 
1000,107.312 
1001,-6.641 
1001,-14.266 
1001,-25.000 
1001,-48.062 
1001,-40.583 
1001,109.104 
1002,-6.641 
1002,-8.854 
1002,-11.792 
1002,-32.771 
1002,-20.792 
1002,99.062 
1003,-7.812 
1003,-14.917 
1003,-12.312 
1003,-19.141 
1003,-11.141 
1003,128.146 
1004,-7.812 
1004,-10.417 
1004,-16.812 
1004,-37.141 
1004,-40.974 
1004,80.312 
1005,-7.812 
1005,-10.417 
1005,-35.432 
1005,-19.271 
1005,-16.292 
1005,126.062 
1006,-7.812 
1006,-9.766 
1006,-7.682 
1006,-28.141 
1006,-31.974 
1006,108.062 
1007,-6.641 
1007,-9.766 
1007,-16.292 
1007,-28.271 
1007,-16.292 
1007,101.146 
1008,-6.641 
1008,-9.766 
1008,-33.016 
1008,-30.354 
1008,-22.875 
1008,126.062 
1009,-7.812 
1009,-28.516 
1009,-30.932 
1009,-32.641 
1009,-11.792 
1009,126.062 
1010,-6.641 
1010,-28.516 
1010,-26.432 
1010,-32.641 
1010,-44.042 
1010,80.312 
1011,-7.812 
1011,-9.766 
1011,-16.682 
1011,-19.271 
1011,-37.125 
1011,126.062 
1012,-6.641 
1012,-28.516 
1012,-35.432 
1012,-23.641 
1012,-11.141 
1012,101.146 
1013,-6.641 
1013,-8.854 
1013,-16.292 
1013,-9.521 
1013,-22.875 
1013,99.062 
1014,-6.641 
1014,-9.766 
1014,-28.516 
1014,-39.974 
1014,-45.474 
1014,80.312 
1015,-7.812 
1015,-10.417 
1015,-28.646 
1015,-21.224 
1015,-43.057 
1015,88.271 
1016,-7.812 
1016,-28.516 
1016,-35.432 
1016,-39.974 
1016,-31.974 
1016,107.312 
1017,-6.641 
1017,-18.766 
1017,-7.292 
1017,-23.771 
1017,-20.792 
1017,108.062 
1018,-6.641 
1018,-14.266 
1018,-30.932 
1018,-39.974 
1018,-46.125 
1018,108.062 
1019,-7.812 
1019,-18.766 
1019,-26.432 
1019,-38.021 
1019,-35.042 
1019,119.146 
1020,-7.812 
1020,-9.766 
1020,-7.682 
1020,-28.271 
1020,-37.125 
1020,107.312 
1021,-7.812 
1021,-14.917 
1021,-12.312 
1021,-20.833 
1021,-31.974 
1021,108.062 
1022,-7.812 
1022,-28.516 
1022,-30.932 
1022,-32.641 
1022,-20.141 
1022,119.146 
1023,-6.641 
1023,-9.766 
1023,-37.516 
1023,-34.724 
1023,-43.057 
1023,105.979 
1024,-6.641 
1024,-9.766 
1024,-21.182 
1024,-19.271 
1024,-30.542 
1024,128.146 
1025,-7.812 
1025,-9.766 
1025,-29.500 
1025,-31.729 
1025,-36.083 
1025,88.271 
1026,-7.812 
1026,-18.766 
1026,-26.432 
1026,-28.141 
1026,-26.042 
1026,107.312 
1027,-7.812 
1027,-28.516 
1027,-35.432 
1027,-28.141 
1027,-20.141 
1027,128.146 
1028,-6.641 
1028,-8.854 
1028,-16.292 
1028,-9.521 
1028,-22.875 
1028,117.062 
1029,-7.812 
1029,-9.766 
1029,-34.000 
1029,-27.229 
1029,-36.083 
1029,100.104 
1030,-7.812 
1030,-10.417 
1030,-16.812 
1030,-23.641 
1030,-44.042 
1030,101.146 
1031,-7.812 
1031,-10.417 
1031,-25.682 
1031,-9.391 
1031,-7.292 
1031,108.062 
1032,-7.812 
1032,-10.417 
1032,-7.682 
1032,-19.141 
1032,-40.974 
1032,108.062 
1033,-7.812 
1033,-31.250 
1033,-33.146 
1033,-25.724 
1033,-45.083 
1033,109.104 
1034,-7.812 
1034,-14.917 
1034,-16.682 
1034,-34.724 
1034,-13.875 
1034,117.062 
1035,-6.641 
1035,-18.766 
1035,-37.516 
1035,-30.224 
1035,-28.125 
1035,108.062 
1036,-7.812 
1036,-9.766 
1036,-7.682 
1036,-21.224 
1036,-36.375 
1036,99.062 
1037,-6.641 
1037,-9.766 
1037,-16.682 
1037,-21.224 
1037,-13.224 
1037,126.062 
1038,-6.641 
1038,-14.266 
1038,-26.042 
1038,-32.771 
1038,-20.792 
1038,101.146 
1039,-6.641 
1039,-9.766 
1039,-16.682 
1039,-28.271 
1039,-41.625 
1039,99.062 
1040,-7.812 
1040,-31.250 
1040,-28.646 
1040,-48.224 
1040,-9.375 
1040,105.979 
1041,-7.812 
1041,-10.417 
1041,-35.432 
1041,-28.141 
1041,-40.974 
1041,117.062 
1042,-6.641 
1042,-28.516 
1042,-30.932 
1042,-38.021 
1042,-39.542 
1042,128.146 
1043,-7.812 
1043,-14.917 
1043,-33.146 
1043,-25.333 
1043,-54.474 
1043,99.062 
1044,-7.812 
1044,-31.250 
1044,-46.516 
1044,-39.062 
1044,-40.583 
1044,100.104 
1045,-7.812 
1045,-18.766 
1045,-25.000 
1045,-48.062 
1045,-36.083 
1045,100.104 
1046,-7.812 
1046,-14.917 
1046,-33.146 
1046,-41.667 
1046,-34.057 
1046,88.271 
1047,-7.812 
1047,-18.766 
1047,-12.182 
1047,-34.724 
1047,-31.974 
1047,117.062 
1048,-7.812 
1048,-18.766 
1048,-12.182 
1048,-13.891 
1048,-11.792 
1048,99.062 
1049,-7.812 
1049,-28.516 
1049,-26.432 
1049,-19.141 
1049,-24.641 
1049,119.146 
1050,-7.812 
1050,-10.417 
1050,-25.682 
1050,-19.141 
1050,-26.042 
1050,119.146 
1051,-7.812 
1051,-9.766 
1051,-26.042 
1051,-28.271 
1051,-20.792 
1051,126.062 
1052,-7.812 
1052,-18.766 
1052,-7.292 
1052,-30.354 
1052,-18.375 
1052,105.979 
1053,-6.641 
1053,-9.766 
1053,-16.682 
1053,-27.229 
1053,-36.083 
1053,109.104 
1054,-6.641 
1054,-9.766 
1054,-16.682 
1054,-4.891 
1054,-16.292 
1054,119.146 
1055,-7.812 
1055,-9.766 
1055,-30.932 
1055,-23.641 
1055,-35.042 
1055,128.146 
1056,-7.812 
1056,-10.417 
1056,-25.682 
1056,-28.141 
1056,-11.792 
1056,99.062 
1057,-6.641 
1057,-8.854 
1057,-26.042 
1057,-28.271 
1057,-37.125 
1057,117.062 
1058,-6.641 
1058,-28.516 
1058,-39.932 
1058,-32.641 
1058,-30.542 
1058,80.312 
1059,-6.641 
1059,-18.766 
1059,-37.516 
1059,-30.224 
1059,-38.557 
1059,88.271 
1060,-7.812 
1060,-31.250 
1060,-28.516 
1060,-39.354 
1060,-18.375 
1060,99.062 
1061,-7.812 
1061,-9.766 
1061,-16.682 
1061,-25.724 
1061,-45.083 
1061,88.271 
1062,-6.641 
1062,-8.854 
1062,-35.042 
1062,-28.271 
1062,-16.292 
1062,101.146 
1063,-7.812 
1063,-10.417 
1063,-26.432 
1063,-37.271 
1063,-39.542 
1063,80.312 
1064,-7.812 
1064,-28.516 
1064,-35.042 
1064,-47.021 
1064,-39.542 
1064,80.312 
1065,-6.641 
1065,-28.516 
1065,-39.932 
1065,-42.521 
1065,-39.542 
1065,101.146 
1066,-6.641 
1066,-26.562 
1066,-29.500 
1066,-31.729 
1066,-36.083 
1066,109.104 
1067,-7.812 
1067,-10.417 
1067,-33.146 
1067,-39.224 
1067,-31.974 
1067,107.312 
1068,-7.812 
1068,-10.417 
1068,-7.812 
1068,-19.141 
1068,-40.974 
1068,107.312 
1069,-6.641 
1069,-9.766 
1069,-33.016 
1069,-48.062 
1069,-40.583 
1069,88.271 
1070,-6.641 
1070,-9.766 
1070,-33.016 
1070,-44.474 
1070,-31.974 
1070,108.062 
1071,-7.812 
1071,-28.516 
1071,-35.432 
1071,-44.474 
1071,-32.625 
1071,107.312 
1072,-7.812 
1072,-10.417 
1072,-7.682 
1072,-36.229 
1072,-36.083 
1072,88.271 
1073,-6.641 
1073,-28.516 
1073,-35.042 
1073,-28.271 
1073,-39.542 
1073,101.146 
1074,-6.641 
1074,-9.766 
1074,-16.682 
1074,-4.891 
1074,-24.250 
1074,109.104 
1075,-6.641 
1075,-9.766 
1075,-33.016 
1075,-30.354 
1075,-32.625 
1075,126.062 
1076,-7.812 
1076,-10.417 
1076,-33.146 
1076,-25.724 
1076,-45.083 
1076,109.104 
1077,-7.812 
1077,-18.766 
1077,-28.516 
1077,-34.724 
1077,-43.057 
1077,88.271 
1078,-7.812 
1078,-10.417 
1078,-7.682 
1078,-28.271 
1078,-20.792 
1078,117.062 
1079,-6.641 
1079,-18.766 
1079,-12.182 
1079,-5.021 
1079,-18.375 
1079,126.062 
1080,-6.641 
1080,-9.766 
1080,-21.182 
1080,-23.641 
1080,-20.141 
1080,119.146 
1081,-7.812 
1081,-31.250 
1081,-37.646 
1081,-39.974 
1081,-31.974 
1081,107.312 
1082,-7.812 
1082,-14.917 
1082,-12.312 
1082,-4.500 
1082,-24.641 
1082,119.146 
1083,-7.812 
1083,-14.917 
1083,-33.146 
1083,-39.224 
1083,-31.583 
1083,100.104 
1084,-7.812 
1084,-18.766 
1084,-26.042 
1084,-28.271 
1084,-20.792 
1084,99.062 
1085,-7.812 
1085,-9.766 
1085,-7.682 
1085,-21.224 
1085,-36.375 
1085,108.062 
1086,-6.641 
1086,-9.766 
1086,-16.292 
1086,-30.354 
1086,-18.375 
1086,99.062 
1087,-7.812 
1087,-18.766 
1087,-7.292 
1087,-9.521 
1087,-18.375 
1087,108.062 
1088,-6.641 
1088,-8.854 
1088,-16.292 
1088,-28.271 
1088,-39.542 
1088,101.146 
1089,-7.812 
1089,-10.417 
1089,-26.432 
1089,-19.141 
1089,-40.974 
1089,107.312 
1090,-6.641 
1090,-18.766 
1090,-12.182 
1090,-19.271 
1090,-20.792 
1090,108.062 
1091,-6.641 
1091,-14.266 
1091,-12.182 
1091,-21.224 
1091,-37.125 
1091,107.312 
1092,-6.641 
1092,-14.266 
1092,-30.932 
1092,-47.021 
1092,-39.542 
1092,101.146 
1093,-7.812 
1093,-18.766 
1093,-37.516 
1093,-30.224 
1093,-38.557 
1093,88.271 
1094,-6.641 
1094,-18.766 
1094,-12.182 
1094,-34.724 
1094,-13.875 
1094,105.979 
1095,-6.641 
1095,-28.516 
1095,-35.432 
1095,-39.974 
1095,-31.974 
1095,107.312 
1096,-6.641 
1096,-28.516 
1096,-35.042 
1096,-28.271 
1096,-20.792 
1096,119.146 
1097,-6.641 
1097,-9.766 
1097,-16.682 
1097,-4.891 
1097,-13.224 
1097,99.062 
1098,-6.641 
1098,-9.766 
1098,-30.932 
1098,-23.641 
1098,-31.974 
1098,107.312 
1099,-7.812 
1099,-14.917 
1099,-12.312 
1099,-4.891 
1099,-11.141 
1099,101.146 
1100,-7.812 
1100,-18.766 
1100,-16.682 
1100,-9.391 
1100,-10.750 
1100,109.104 
1101,-6.641 
1101,-9.766 
1101,-34.000 
1101,-27.229 
1101,-40.583 
1101,100.104 
1102,-7.812 
1102,-10.417 
1102,-16.812 
1102,-20.833 
1102,-13.224 
1102,126.062 
1103,-7.812 
1103,-14.266 
1103,-30.932 
1103,-23.641 
1103,-44.042 
1103,80.312 
1104,-7.812 
1104,-14.917 
1104,-30.932 
1104,-39.974 
1104,-31.974 
1104,108.062 
1105,-7.812 
1105,-9.766 
1105,-7.682 
1105,-36.229 
1105,-36.083 
1105,88.271 
1106,-6.641 
1106,-8.854 
1106,-11.792 
1106,-14.021 
1106,-22.875 
1106,105.979 
1107,-6.641 
1107,-18.766 
1107,-16.682 
1107,-30.224 
1107,-40.974 
1107,99.062 
1108,-7.812 
1108,-31.250 
1108,-46.516 
1108,-30.224 
1108,-27.083 
1108,88.271 
1109,-7.812 
1109,-9.766 
1109,-7.682 
1109,-28.141 
1109,-31.974 
1109,107.312 
1110,-7.812 
1110,-9.766 
1110,-7.682 
1110,-19.141 
1110,-24.641 
1110,101.146 
1111,-7.812 
1111,-28.516 
1111,-35.432 
1111,-38.021 
1111,-39.542 
1111,119.146 
1112,-6.641 
1112,-8.854 
1112,-35.042 
1112,-28.271 
1112,-20.792 
1112,108.062 
1113,-6.641 
1113,-28.516 
1113,-26.432 
1113,-39.974 
1113,-45.474 
1113,80.312 
1114,-7.812 
1114,-31.250 
1114,-37.516 
1114,-34.724 
1114,-31.583 
1114,88.271 
1115,-7.812 
1115,-10.417 
1115,-7.682 
1115,-0.391 
1115,-22.224 
1115,126.062 
1116,-7.812 
1116,-14.917 
1116,-12.182 
1116,-25.724 
1116,-31.974 
1116,99.062 
1117,-7.812 
1117,-10.417 
1117,-33.146 
1117,-46.167 
1117,-34.057 
1117,105.979 
1118,-7.812 
1118,-31.250 
1118,-33.146 
1118,-25.724 
1118,-13.224 
1118,126.062 
1119,-7.812 
1119,-18.766 
1119,-7.292 
1119,-19.271 
1119,-16.292 
1119,126.062 
1120,-7.812 
1120,-14.917 
1120,-26.432 
1120,-23.641 
1120,-11.141 
1120,128.146 
1121,-7.812 
1121,-14.917 
1121,-33.146 
1121,-25.724 
1121,-46.125 
1121,99.062 
1122,-7.812 
1122,-10.417 
1122,-26.432 
1122,-47.021 
1122,-39.542 
1122,107.312 
1123,-6.641 
1123,-9.766 
1123,-7.682 
1123,-28.141 
1123,-11.141 
1123,128.146 
1124,-6.641 
1124,-14.266 
1124,-12.182 
1124,-23.641 
1124,-27.474 
1124,108.062 
1125,-7.812 
1125,-14.917 
1125,-16.682 
1125,-34.724 
1125,-31.974 
1125,107.312 
1126,-7.812 
1126,-14.266 
1126,-12.182 
1126,-25.724 
1126,-31.974 
1126,80.312 
1127,-7.812 
1127,-14.917 
1127,-33.146 
1127,-25.724 
1127,-31.974 
1127,99.062 
1128,-6.641 
1128,-28.516 
1128,-35.432 
1128,-28.141 
1128,-40.974 
1128,117.062 
1129,-6.641 
1129,-9.766 
1129,-26.042 
1129,-47.021 
1129,-35.042 
1129,119.146 
1130,-7.812 
1130,-9.766 
1130,-7.682 
1130,-19.141 
1130,-40.974 
1130,108.062 
1131,-7.812 
1131,-9.766 
1131,-7.682 
1131,-28.141 
1131,-35.042 
1131,107.312 
1132,-7.812 
1132,-9.766 
1132,-28.516 
1132,-34.724 
1132,-13.224 
1132,117.062 
1133,-7.812 
1133,-18.766 
1133,-26.042 
1133,-28.271 
1133,-26.042 
1133,119.146 
1134,-6.641 
1134,-9.766 
1134,-28.516 
1134,-39.974 
1134,-55.125 
1134,80.312 
1135,-6.641 
1135,-9.766 
1135,-21.182 
1135,-30.224 
1135,-32.625 
1135,108.062 
1136,-7.812 
1136,-10.417 
1136,-7.812 
1136,-29.833 
1136,-31.974 
1136,107.312 
1137,-7.812 
1137,-10.417 
1137,-26.432 
1137,-39.974 
1137,-45.474 
1137,80.312 
1138,-7.812 
1138,-18.766 
1138,-26.432 
1138,-28.141 
1138,-20.141 
1138,128.146 
1139,-7.812 
1139,-10.417 
1139,-25.682 
1139,-28.141 
1139,-40.974 
1139,80.312 
1140,-7.812 
1140,-31.250 
1140,-33.016 
1140,-44.474 
1140,-46.125 
1140,108.062 
1141,-7.812 
1141,-10.417 
1141,-16.812 
1141,-28.141 
1141,-40.974 
1141,107.312 
1142,-6.641 
1142,-28.516 
1142,-35.432 
1142,-23.641 
1142,-31.974 
1142,99.062 
1143,-6.641 
1143,-28.516 
1143,-35.432 
1143,-23.641 
1143,-44.042 
1143,101.146 
1144,-6.641 
1144,-28.516 
1144,-26.432 
1144,-37.271 
1144,-26.042 
1144,107.312 
1145,-6.641 
1145,-28.516 
1145,-35.432 
1145,-28.271 
1145,-20.792 
1145,119.146 
1146,-7.812 
1146,-14.917 
1146,-16.682 
1146,-34.724 
1146,-31.583 
1146,88.271 
1147,-7.812 
1147,-9.766 
1147,-33.016 
1147,-25.724 
1147,-45.083 
1147,88.271 
1148,-7.812 
1148,-9.766 
1148,-37.516 
1148,-43.562 
1148,-40.583 
1148,109.104 
1149,-6.641 
1149,-18.766 
1149,-26.432 
1149,-19.271 
1149,-20.792 
1149,119.146 
1150,-7.812 
1150,-14.917 
1150,-16.682 
1150,-22.729 
1150,-19.750 
1150,109.104 
1151,-6.641 
1151,-9.766 
1151,-21.182 
1151,-13.891 
1151,-7.292 
1151,108.062 
1152,-7.812 
1152,-9.766 
1152,-30.932 
1152,-32.641 
1152,-11.792 
1152,117.062 
1153,-6.641 
1153,-28.516 
1153,-35.432 
1153,-28.271 
1153,-37.125 
1153,108.062 
1154,-6.641 
1154,-28.516 
1154,-30.932 
1154,-44.474 
1154,-46.125 
1154,107.312 
1155,-6.641 
1155,-28.516 
1155,-26.432 
1155,-19.141 
1155,-24.641 
1155,101.146 
1156,-7.812 
1156,-18.766 
1156,-37.516 
1156,-30.224 
1156,-38.557 
1156,88.271 
1157,-7.812 
1157,-28.516 
1157,-26.432 
1157,-39.974 
1157,-55.125 
1157,99.062 
1158,-7.812 
1158,-10.417 
1158,-28.646 
1158,-34.333 
1158,-54.474 
1158,99.062 
1159,-7.812 
1159,-9.766 
1159,-16.682 
1159,-19.271 
1159,-37.125 
1159,107.312 
1160,-6.641 
1160,-8.854 
1160,-30.542 
1160,-51.521 
1160,-39.542 
1160,101.146 
1161,-7.812 
1161,-31.250 
1161,-46.516 
1161,-30.224 
1161,-40.974 
1161,80.312 
1162,-7.812 
1162,-31.250 
1162,-33.016 
1162,-25.724 
1162,-31.974 
1162,107.312 
1163,-6.641 
1163,-9.766 
1163,-7.682 
1163,-21.224 
1163,-40.974 
1163,107.312 
1164,-7.812 
0,-6.641 
0,-9.766 
0,-11.792 
0,-30.354 
0,-41.625 
0,108.062 
1,-7.812 
1,-10.417 
1,-35.432 
1,-38.021 
1,-39.542 
1,107.312 
2,-7.812 
2,-10.417 
2,-7.682 
2,-30.224 
2,-37.125 
2,107.312 
3,-6.641 
3,-9.766 
3,-28.516 
3,-48.974 
3,-46.125 
3,107.312 
4,-6.641 
4,-28.516 
4,-35.432 
4,-19.271 
4,-16.292 
4,128.146 
5,-6.641 
5,-18.766 
5,-37.516 
5,-39.974 
5,-40.974 
5,107.312 
6,-7.812 
6,-10.417 
6,-16.812 
6,-28.141 
6,-26.042 
6,107.312 
7,-6.641 
7,-28.516 
7,-30.932 
7,-48.974 
7,-40.974 
7,107.312 
8,-7.812 
8,-28.516 
8,-35.432 
8,-38.021 
8,-35.042 
8,107.312 
9,-7.812 
9,-10.417 
9,-35.432 
9,-19.271 
9,-35.042 
9,107.312 
10,-7.812 
10,-14.917 
10,-12.312 
10,-23.641 
10,-25.292 
10,108.062 
11,-7.812 
11,-18.766 
11,-7.292 
11,-30.354 
11,-28.125 
11,117.062 
12,-6.641 
12,-14.266 
12,-28.516 
12,-30.354 
12,-32.625 
12,107.312 
13,-7.812 
13,-18.766 
13,-16.682 
13,-0.521 
13,-18.375 
13,126.062 
14,-6.641 
14,-18.766 
14,-7.292 
14,-9.521 
14,-18.375 
14,105.979 
15,-7.812 
15,-14.917 
15,-28.646 
15,-39.224 
15,-31.974 
15,126.062 
16,-7.812 
16,-10.417 
16,-7.812 
16,-19.141 
16,-44.042 
16,119.146 
17,-7.812 
17,-9.766 
17,-7.682 
17,-21.224 
17,-43.057 
17,88.271 
18,-7.812 
18,-14.917 
18,-16.682 
18,-23.641 
18,-30.542 
18,119.146 
19,-7.812 
19,-9.766 
19,-16.292 
19,-9.521 
19,-18.375 
19,108.062 
20,-7.812 
20,-31.250 
20,-33.146 
20,-25.724 
20,-45.083 
20,109.104 
21,-7.812 
21,-10.417 
21,-26.432 
21,-37.271 
21,-37.125 
21,107.312 
22,-7.812 
22,-31.250 
22,-33.146 
22,-46.167 
22,-56.557 
22,88.271 
23,-7.812 
23,-14.917 
23,-26.432 
23,-23.641 
23,-25.292 
23,128.146 
24,-6.641 
24,-9.766 
24,-26.042 
24,-32.771 
24,-20.792 
24,128.146 
25,-7.812 
25,-31.250 
25,-33.146 
25,-39.224 
25,-43.057 
25,88.271 
26,-7.812 
26,-14.917 
26,-12.182 
26,-4.891 
26,-16.292 
26,117.062 
27,-6.641 
27,-18.766 
27,-7.292 
27,-30.354 
27,-37.125 
27,99.062 
28,-6.641 
28,-8.854 
28,-16.292 
28,-9.521 
28,-7.292 
28,126.062 
29,-7.812 
29,-28.516 
29,-35.432 
29,-28.271 
29,-20.792 
29,119.146 
30,-7.812 
30,-10.417 
30,-16.812 
30,-19.141 
30,-11.141 
30,128.146 
31,-7.812 
31,-31.250 
31,-33.146 
31,-48.974 
31,-40.974 
31,126.062 
32,-6.641 
32,-18.766 
32,-16.682 
32,-18.229 
32,-36.083 
32,100.104 
33,-7.812 
33,-14.917 
33,-12.182 
33,-23.641 
33,-31.974 
33,99.062 
34,-6.641 
34,-26.562 
34,-34.000 
34,-43.562 
34,-40.583 
34,109.104 
35,-6.641 
35,-9.766 
35,-21.182 
35,-13.891 
35,-11.792 
35,119.146 
36,-7.812 
36,-28.516 
36,-26.432 
36,-19.141 
36,-24.641 
36,119.146 
37,-7.812 
37,-14.917 
37,-12.312 
37,-4.500 
37,-33.641 
37,101.146 
38,-6.641 
38,-8.854 
38,-35.042 
38,-28.271 
38,-20.792 
38,99.062 
39,-7.812 
39,-10.417 
39,-33.146 
39,-46.167 
39,-56.557 
39,105.979 
40,-7.812 
40,-14.266 
40,-26.042 
40,-51.521 
40,-39.542 
40,101.146 
41,-6.641 
41,-14.266 
41,-7.292 
41,-30.354 
41,-41.625 
41,108.062 
42,-7.812 
42,-10.417 
42,-16.812 
42,-25.333 
42,-13.224 
42,117.062 
43,-7.812 
43,-14.266 
43,-30.932 
43,-28.271 
43,-37.125 
43,108.062 
44,-6.641 
44,-28.516 
44,-26.042 
44,-28.271 
44,-35.042 
44,107.312 
45,-6.641 
45,-8.854 
45,-11.792 
45,-23.771 
45,-37.125 
45,126.062 
46,-6.641 
46,-14.266 
46,-30.932 
46,-23.641 
46,-35.042 
46,107.312 
47,-7.812 
47,-18.766 
47,-16.682 
47,-28.141 
47,-30.542 
47,80.312 
48,-6.641 
48,-9.766 
48,-26.432 
48,-32.641 
48,-27.474 
48,107.312 
49,-7.812 
49,-18.766 
49,-28.516 
49,-43.562 
49,-40.583 
49,109.104 
50,-7.812 
50,-31.250 
50,-37.646 
50,-25.724 
50,-13.224 
50,100.104 
51,-7.812 
51,-14.917 
51,-16.682 
51,-30.224 
51,-31.974 
51,107.312 
52,-7.812 
52,-14.266 
52,-30.932 
52,-23.641 
52,-11.141 
52,119.146 
53,-7.812 
53,-31.250 
53,-46.516 
53,-30.224 
53,-28.125 
53,80.312 
54,-7.812 
54,-18.766 
54,-28.516 
54,-44.474 
54,-32.625 
54,107.312 
55,-6.641 
55,-14.266 
55,-12.182 
55,-4.891 
55,-13.224 
55,100.104 
56,-7.812 
56,-10.417 
56,-7.812 
56,-37.141 
56,-7.292 
56,126.062 
57,-7.812 
57,-14.917 
57,-12.312 
57,-23.641 
57,-11.141 
57,101.146 
58,-7.812 
58,-10.417 
58,-33.146 
58,-44.474 
58,-31.974 
58,107.312 
59,-6.641 
59,-26.562 
59,-29.500 
59,-48.062 
59,-40.583 
59,88.271 
60,-7.812 
60,-31.250 
60,-33.146 
60,-25.333 
60,-31.974 
60,107.312 
61,-6.641 
61,-18.766 
61,-26.042 
61,-28.271 
61,-20.792 
61,99.062 
62,-7.812 
62,-10.417 
62,-33.146 
62,-46.167 
62,-34.057 
62,105.979 
63,-7.812 
63,-10.417 
63,-7.682 
63,-28.271 
63,-35.042 
63,119.146 
64,-6.641 
64,-18.766 
64,-16.682 
64,-9.391 
64,-7.292 
64,101.146 
65,-7.812 
65,-10.417 
65,-7.682 
65,-28.141 
65,-31.974 
65,108.062 
66,-7.812 
66,-14.917 
66,-33.146 
66,-39.224 
66,-31.583 
66,88.271 
67,-7.812 
67,-31.250 
67,-46.516 
67,-30.224 
67,-38.557 
67,88.271 
68,-7.812 
68,-28.516 
68,-26.432 
68,-37.271 
68,-26.042 
68,119.146 
69,-7.812 
69,-9.766 
69,-16.292 
69,-23.771 
69,-20.792 
69,128.146 
70,-7.812 
70,-10.417 
70,-35.432 
70,-38.021 
70,-39.542 
70,107.312 
71,-6.641 
71,-18.766 
71,-25.000 
71,-27.229 
71,-40.583 
71,100.104 
72,-7.812 
72,-10.417 
72,-7.812 
72,-29.833 
72,-45.474 
72,126.062 
73,-6.641 
73,-9.766 
73,-26.432 
73,-32.641 
73,-35.042 
73,119.146 
74,-6.641 
74,-28.516 
74,-35.432 
74,-28.141 
74,-26.042 
74,107.312 
75,-7.812 
75,-9.766 
75,-26.042 
75,-28.271 
75,-37.125 
75,107.312 
76,-6.641 
76,-18.766 
76,-30.932 
76,-32.641 
76,-30.542 
76,80.312 
77,-7.812 
77,-9.766 
77,-21.182 
77,-30.224 
77,-32.625 
77,108.062 
78,-6.641 
78,-9.766 
78,-7.682 
78,-19.141 
78,-40.974 
78,107.312 
79,-6.641 
79,-14.266 
79,-12.182 
79,-21.224 
79,-31.974 
79,107.312 
80,-6.641 
80,-9.766 
80,-21.182 
80,-23.641 
80,-40.974 
80,107.312 
81,-7.812 
81,-31.250 
81,-37.516 
81,-44.474 
81,-40.974 
81,126.062 
82,-7.812 
82,-14.917 
82,-12.182 
82,-23.641 
82,-27.474 
82,107.312 
83,-7.812 
83,-31.250 
83,-28.516 
83,-48.974 
83,-31.974 
83,107.312 
84,-6.641 
84,-28.516 
84,-26.432 
84,-37.271 
84,-37.125 
84,99.062 
85,-6.641 
85,-18.766 
85,-26.432 
85,-19.271 
85,-16.292 
85,128.146 
86,-6.641 
86,-28.516 
86,-35.042 
86,-28.271 
86,-30.542 
86,119.146 
87,-7.812 
87,-14.917 
87,-26.432 
87,-38.021 
87,-39.542 
87,107.312 
88,-6.641 
88,-28.516 
88,-30.932 
88,-32.641 
88,-20.141 
88,119.146 
89,-7.812 
89,-14.917 
89,-16.682 
89,-30.224 
89,-22.224 
89,109.104 
90,-7.812 
90,-10.417 
90,-35.432 
90,-28.141 
90,-20.141 
90,128.146 
91,-6.641 
91,-18.766 
91,-7.292 
91,-19.271 
91,-20.792 
91,117.062 
92,-7.812 
92,-9.766 
92,-21.182 
92,-5.021 
92,-18.375 
92,108.062 
93,-6.641 
93,-8.854 
93,-26.042 
93,-32.771 
93,-20.792 
93,128.146 
94,-6.641 
94,-9.766 
94,-7.682 
94,-19.141 
94,-24.641 
94,119.146 
95,-7.812 
95,-31.250 
95,-46.516 
95,-30.224 
95,-22.224 
95,100.104 
96,-6.641 
96,-8.854 
96,-16.292 
96,-19.271 
96,-20.792 
96,119.146 
97,-7.812 
97,-31.250 
97,-46.516 
97,-30.224 
97,-38.557 
97,105.979 
98,-7.812 
98,-18.766 
98,-16.682 
98,-30.224 
98,-9.375 
98,108.062 
99,-7.812 
99,-31.250 
99,-28.646 
99,-21.224 
99,-40.974 
99,108.062 
100,-7.812 
100,-10.417 
100,-16.812 
100,-4.500 
100,-6.641 
100,128.146 
101,-7.812 
101,-14.917 
101,-35.432 
101,-32.641 
101,-20.141 
101,101.146 
102,-6.641 
102,-18.766 
102,-7.292 
102,-19.271 
102,-37.125 
102,107.312 
103,-6.641 
103,-8.854 
103,-16.292 
103,-9.521 
103,-18.375 
103,108.062 
104,-7.812 
104,-10.417 
104,-7.682 
104,-19.141 
104,-40.974 
104,108.062 
105,-7.812 
105,-14.917 
105,-12.312 
105,-18.391 
105,-22.224 
105,99.062 
106,-6.641 
106,-28.516 
106,-30.542 
106,-32.771 
106,-20.792 
106,101.146 
107,-7.812 
107,-9.766 
107,-33.016 
107,-25.724 
107,-45.083 
107,88.271 
108,-7.812 
108,-9.766 
108,-34.000 
108,-27.229 
108,-36.083 
108,109.104 
109,-7.812 
109,-18.766 
109,-37.516 
109,-21.354 
109,-37.125 
109,108.062 
110,-7.812 
110,-28.516 
110,-26.432 
110,-32.641 
110,-27.474 
110,107.312 
111,-6.641 
111,-8.854 
111,-35.042 
111,-28.271 
111,-16.292 
111,108.062 
112,-7.812 
112,-14.917 
112,-35.432 
112,-32.641 
112,-11.792 
112,101.146 
113,-7.812 
113,-14.917 
113,-12.312 
113,-37.141 
113,-30.542 
113,101.146 
114,-7.812 
114,-31.250 
114,-46.516 
114,-21.354 
114,-28.125 
114,107.312 
115,-7.812 
115,-14.917 
115,-12.312 
115,-25.333 
115,-27.474 
115,108.062 
116,-7.812 
116,-10.417 
116,-28.646 
116,-50.667 
116,-34.057 
116,105.979 
117,-7.812 
117,-9.766 
117,-30.932 
117,-48.974 
117,-40.974 
117,126.062 
118,-6.641 
118,-28.516 
118,-35.432 
118,-19.271 
118,-20.792 
118,117.062 
119,-7.812 
119,-10.417 
119,-25.682 
119,-0.521 
119,-18.375 
119,108.062 
120,-6.641 
120,-18.766 
120,-30.932 
120,-53.474 
120,-40.974 
120,80.312 
121,-6.641 
121,-9.766 
121,-26.042 
121,-28.271 
121,-35.042 
121,107.312 
122,-7.812 
122,-31.250 
122,-28.646 
122,-21.224 
122,-26.724 
122,99.062 
123,-7.812 
123,-31.250 
123,-33.016 
123,-48.062 
123,-40.583 
123,88.271 
124,-6.641 
124,-28.516 
124,-35.432 
124,-23.641 
124,-25.292 
124,119.146 
125,-6.641 
125,-8.854 
125,-35.042 
125,-38.021 
125,-39.542 
125,119.146 
126,-7.812 
126,-28.516 
126,-26.042 
126,-28.271 
126,-37.125 
126,117.062 
127,-7.812 
127,-10.417 
127,-7.812 
127,-0.391 
127,-22.224 
127,126.062 
128,-7.812 
128,-18.766 
128,-30.932 
128,-42.521 
128,-39.542 
128,80.312 
129,-7.812 
129,-9.766 
129,-29.500 
129,-48.062 
129,-40.583 
129,88.271 
130,-7.812 
130,-10.417 
130,-28.646 
130,-21.224 
130,-26.724 
130,117.062 
131,-7.812 
131,-18.766 
131,-16.682 
131,-9.391 
131,-7.292 
131,108.062 
132,-6.641 
132,-8.854 
132,-35.042 
132,-38.021 
132,-35.042 
132,119.146 
133,-7.812 
133,-18.766 
133,-16.682 
133,-19.271 
133,-37.125 
133,107.312 
134,-6.641 
134,-9.766 
134,-11.792 
134,-30.354 
134,-41.625 
134,108.062 
135,-7.812 
135,-18.766 
135,-16.682 
135,-9.391 
135,-11.792 
135,119.146 
136,-7.812 
136,-9.766 
136,-34.000 
136,-27.229 
136,-15.250 
136,109.104 
137,-7.812 
137,-31.250 
137,-33.146 
137,-46.167 
137,-56.557 
137,105.979 
138,-6.641 
138,-28.516 
138,-39.932 
138,-53.474 
138,-32.625 
138,99.062 
139,-7.812 
139,-18.766 
139,-26.042 
139,-47.021 
139,-39.542 
139,80.312 
140,-7.812 
140,-31.250 
140,-28.516 
140,-39.354 
140,-28.125 
140,117.062 
141,-6.641 
141,-28.516 
141,-35.042 
141,-38.021 
141,-39.542 
141,107.312 
142,-7.812 
142,-28.516 
142,-35.042 
142,-28.271 
142,-39.542 
142,101.146 
143,-7.812 
143,-14.917 
143,-12.312 
143,-23.641 
143,-25.292 
143,108.062 
144,-6.641 
144,-28.516 
144,-35.432 
144,-28.141 
144,-20.141 
144,119.146 
145,-7.812 
145,-10.417 
145,-7.812 
145,-29.833 
145,-45.474 
145,126.062 
146,-7.812 
146,-10.417 
146,-28.646 
146,-34.333 
146,-27.474 
146,107.312 
147,-6.641 
147,-28.516 
147,-35.432 
147,-28.141 
147,-36.474 
147,107.312 
148,-7.812 
148,-14.917 
148,-33.146 
148,-25.333 
148,-31.974 
148,99.062 
149,-7.812 
149,-31.250 
149,-28.646 
149,-48.224 
149,-40.974 
149,99.062 
150,-7.812 
150,-9.766 
150,-26.042 
150,-47.021 
150,-39.542 
150,119.146 
151,-6.641 
151,-9.766 
151,-21.182 
151,-30.224 
151,-31.583 
151,88.271 
152,-7.812 
152,-10.417 
152,-7.682 
152,-28.141 
152,-35.042 
152,128.146 
153,-7.812 
153,-14.917 
153,-28.646 
153,-25.333 
153,-45.474 
153,107.312 
154,-6.641 
154,-18.766 
154,-25.000 
154,-48.062 
154,-40.583 
154,88.271 
155,-7.812 
155,-14.266 
155,-30.932 
155,-23.641 
155,-44.042 
155,101.146 
156,-7.812 
156,-10.417 
156,-35.432 
156,-48.974 
156,-40.974 
156,117.062 
157,-6.641 
157,-9.766 
157,-16.682 
157,-25.724 
157,-13.224 
157,99.062 
158,-7.812 
158,-14.917 
158,-12.312 
158,-23.641 
158,-31.974 
158,99.062 
159,-6.641 
159,-8.854 
159,-26.042 
159,-28.271 
159,-37.125 
159,107.312 
160,-6.641 
160,-9.766 
160,-7.682 
160,-0.391 
160,-25.292 
160,126.062 
161,-6.641 
161,-9.766 
161,-21.182 
161,-5.021 
161,-18.375 
161,126.062 
162,-6.641 
162,-18.766 
162,-7.292 
162,-9.521 
162,-22.875 
162,99.062 
163,-7.812 
163,-18.766 
163,-26.042 
163,-28.271 
163,-37.125 
163,108.062 
164,-6.641 
164,-18.766 
164,-25.000 
164,-27.229 
164,-36.083 
164,88.271 
165,-6.641 
165,-9.766 
165,-21.182 
165,-34.724 
165,-31.583 
165,88.271 
166,-7.812 
166,-14.917 
166,-33.146 
166,-41.667 
166,-34.057 
166,88.271 
167,-7.812 
167,-10.417 
167,-7.812 
167,-29.833 
167,-13.224 
167,126.062 
168,-7.812 
168,-10.417 
168,-28.646 
168,-57.974 
168,-28.125 
168,117.062 
169,-6.641 
169,-8.854 
169,-16.292 
169,-19.271 
169,-37.125 
169,126.062 
170,-6.641 
170,-28.516 
170,-35.432 
170,-19.271 
170,-37.125 
170,126.062 
171,-7.812 
171,-14.917 
171,-26.432 
171,-23.641 
171,-11.141 
171,128.146 
172,-7.812 
172,-9.766 
172,-16.292 
172,-9.521 
172,-22.875 
172,117.062 
173,-7.812 
173,-9.766 
173,-16.292 
173,-23.771 
173,-30.542 
173,128.146 
174,-7.812 
174,-9.766 
174,-26.432 
174,-32.641 
174,-27.474 
174,107.312 
175,-7.812 
175,-9.766 
175,-33.016 
175,-30.354 
175,-41.625 
175,108.062 
176,-6.641 
176,-9.766 
176,-34.000 
176,-27.229 
176,-36.083 
176,109.104 
177,-7.812 
177,-10.417 
177,-26.432 
177,-32.641 
177,-35.042 
177,107.312 
178,-7.812 
178,-9.766 
178,-7.682 
178,-28.271 
178,-20.792 
178,126.062 
179,-7.812 
179,-9.766 
179,-16.682 
179,-25.724 
179,-27.375 
179,99.062 
180,-7.812 
180,-14.266 
180,-12.182 
180,-21.224 
180,-45.083 
180,88.271 
181,-6.641 
181,-28.516 
181,-30.932 
181,-23.641 
181,-31.974 
181,108.062 
182,-7.812 
182,-28.516 
182,-30.932 
182,-23.641 
182,-31.974 
182,108.062 
183,-7.812 
183,-10.417 
183,-7.812 
183,-19.141 
183,-34.292 
183,101.146 
184,-6.641 
184,-26.562 
184,-34.000 
184,-48.062 
184,-36.083 
184,100.104 
185,-7.812 
185,-14.917 
185,-26.432 
185,-23.641 
185,-31.974 
185,108.062 
186,-7.812 
186,-28.516 
186,-26.042 
186,-32.771 
186,-30.542 
186,128.146 
187,-6.641 
187,-18.766 
187,-28.516 
187,-34.724 
187,-22.224 
187,108.062 
188,-7.812 
188,-14.917 
188,-28.646 
188,-25.333 
188,-31.974 
188,107.312 
189,-6.641 
189,-9.766 
189,-28.516 
189,-21.224 
189,-43.057 
189,88.271 
190,-7.812 
190,-31.250 
190,-28.516 
190,-21.224 
190,-46.125 
190,107.312 
191,-6.641 
191,-28.516 
191,-30.932 
191,-48.974 
191,-32.625 
191,126.062 
192,-7.812 
192,-14.917 
192,-30.932 
192,-28.271 
192,-30.542 
192,119.146 
193,-6.641 
193,-9.766 
193,-30.932 
193,-38.021 
193,-39.542 
193,107.312 
194,-7.812 
194,-14.917 
194,-12.312 
194,-25.333 
194,-31.974 
194,80.312 
195,-7.812 
195,-31.250 
195,-33.146 
195,-39.224 
195,-43.057 
195,105.979 
196,-6.641 
196,-9.766 
196,-16.292 
196,-28.271 
196,-41.625 
196,99.062 
197,-7.812 
197,-9.766 
197,-21.182 
197,-23.641 
197,-36.474 
197,107.312 
198,-6.641 
198,-14.266 
198,-12.182 
198,-9.521 
198,-22.875 
198,99.062 
199,-6.641 
199,-28.516 
199,-26.042 
199,-28.271 
199,-37.125 
199,107.312 
200,-6.641 
200,-18.766 
200,-12.182 
200,-23.771 
200,-20.792 
200,108.062 
201,-7.812 
201,-10.417 
201,-7.682 
201,-18.521 
201,-18.375 
201,126.062 
202,-6.641 
202,-14.266 
202,-25.000 
202,-48.062 
202,-40.583 
202,109.104 
203,-6.641 
203,-28.516 
203,-26.432 
203,-48.974 
203,-31.974 
203,107.312 
204,-7.812 
204,-14.917 
204,-33.146 
204,-25.724 
204,-29.557 
204,105.979 
205,-7.812 
205,-9.766 
205,-26.432 
205,-19.141 
205,-44.042 
205,119.146 
206,-6.641 
206,-8.854 
206,-35.042 
206,-28.271 
206,-30.542 
206,119.146 
207,-6.641 
207,-14.266 
207,-12.182 
207,-21.224 
207,-45.083 
207,88.271 
208,-7.812 
208,-14.917 
208,-12.182 
208,-21.224 
208,-34.057 
208,105.979 
209,-6.641 
209,-8.854 
209,-11.792 
209,-30.354 
209,-41.625 
209,108.062 
210,-7.812 
210,-9.766 
210,-28.516 
210,-34.724 
210,-13.224 
210,99.062 
211,-7.812 
211,-14.917 
211,-28.646 
211,-39.224 
211,-32.625 
211,107.312 
212,-7.812 
212,-14.917 
212,-12.312 
212,-25.333 
212,-45.474 
212,107.312 
213,-6.641 
213,-18.766 
213,-7.292 
213,-30.354 
213,-18.375 
213,99.062 
214,-6.641 
214,-9.766 
214,-34.000 
214,-48.062 
214,-36.083 
214,88.271 
215,-6.641 
215,-28.516 
215,-30.542 
215,-32.771 
215,-39.542 
215,101.146 
216,-7.812 
216,-18.766 
216,-37.516 
216,-30.224 
216,-28.125 
216,107.312 
217,-7.812 
217,-28.516 
217,-26.432 
217,-48.974 
217,-46.125 
217,107.312 
218,-7.812 
218,-9.766 
218,-33.016 
218,-44.474 
218,-31.974 
218,107.312 
219,-7.812 
219,-10.417 
219,-25.682 
219,-19.271 
219,-16.292 
219,108.062 
220,-7.812 
220,-10.417 
220,-16.812 
220,-28.141 
220,-26.042 
220,128.146 
221,-7.812 
221,-10.417 
221,-26.432 
221,-39.974 
221,-55.125 
221,99.062 
222,-6.641 
222,-9.766 
222,-26.042 
222,-47.021 
222,-35.042 
222,119.146 
223,-7.812 
223,-14.917 
223,-12.312 
223,-19.141 
223,-35.042 
223,128.146 
224,-6.641 
224,-9.766 
224,-26.042 
224,-28.271 
224,-20.792 
224,117.062 
225,-6.641 
225,-28.516 
225,-35.432 
225,-19.271 
225,-35.042 
225,119.146 
226,-6.641 
226,-8.854 
226,-16.292 
226,-9.521 
226,-16.292 
226,108.062 
227,-7.812 
227,-28.516 
227,-30.932 
227,-23.641 
227,-31.974 
227,108.062 
228,-6.641 
228,-9.766 
228,-7.682 
228,-21.224 
228,-26.724 
228,117.062 
229,-7.812 
229,-18.766 
229,-7.292 
229,-25.854 
229,-22.875 
229,108.062 
230,-6.641 
230,-28.516 
230,-35.432 
230,-38.021 
230,-35.042 
230,119.146 
231,-7.812 
231,-18.766 
231,-16.682 
231,-19.271 
231,-16.292 
231,101.146 
232,-7.812 
232,-14.917 
232,-12.312 
232,-19.141 
232,-35.042 
232,128.146 
233,-7.812 
233,-14.917 
233,-26.432 
233,-23.641 
233,-11.141 
233,128.146 
234,-7.812 
234,-18.766 
234,-16.682 
234,-18.229 
234,-36.083 
234,100.104 
235,-6.641 
235,-9.766 
235,-7.682 
235,-28.271 
235,-20.792 
235,126.062 
236,-7.812 
236,-18.766 
236,-12.182 
236,-34.724 
236,-31.583 
236,100.104 
237,-7.812 
237,-18.766 
237,-7.292 
237,-28.271 
237,-39.542 
237,101.146 
238,-7.812 
238,-18.766 
238,-37.516 
238,-39.062 
238,-40.583 
238,88.271 
239,-7.812 
239,-10.417 
239,-7.682 
239,-28.271 
239,-16.292 
239,126.062 
240,-7.812 
240,-10.417 
240,-28.646 
240,-48.224 
240,-27.083 
240,100.104 
241,-7.812 
241,-10.417 
241,-33.146 
241,-39.224 
241,-43.057 
241,88.271 
242,-7.812 
242,-10.417 
242,-33.146 
242,-39.224 
242,-31.974 
242,126.062 
243,-6.641 
243,-8.854 
243,-35.042 
243,-47.021 
243,-39.542 
243,80.312 
244,-6.641 
244,-9.766 
244,-26.042 
244,-28.271 
244,-39.542 
244,119.146 
245,-7.812 
245,-9.766 
245,-16.682 
245,-23.641 
245,-27.474 
245,108.062 
246,-6.641 
246,-28.516 
246,-35.432 
246,-47.021 
246,-39.542 
246,101.146 
247,-7.812 
247,-28.516 
247,-35.432 
247,-23.641 
247,-27.474 
247,107.312 
248,-6.641 
248,-18.766 
248,-7.292 
248,-28.271 
248,-16.292 
248,101.146 
249,-7.812 
249,-14.917 
249,-12.312 
249,-18.391 
249,-10.750 
249,100.104 
250,-7.812 
250,-28.516 
250,-26.432 
250,-32.641 
250,-35.042 
250,107.312 
251,-7.812 
251,-31.250 
251,-28.646 
251,-21.224 
251,-54.083 
251,88.271 
252,-7.812 
252,-10.417 
252,-7.812 
252,-27.391 
252,-17.724 
252,108.062 
253,-6.641 
253,-9.766 
253,-34.000 
253,-27.229 
253,-36.083 
253,100.104 
254,-7.812 
254,-18.766 
254,-26.432 
254,-19.271 
254,-16.292 
254,126.062 
255,-7.812 
255,-28.516 
255,-35.432 
255,-38.021 
255,-35.042 
255,107.312 
256,-7.812 
256,-14.917 
256,-12.182 
256,-19.271 
256,-37.125 
256,126.062 
257,-7.812 
257,-10.417 
257,-28.646 
257,-21.224 
257,-54.083 
257,88.271 
258,-7.812 
258,-18.766 
258,-16.682 
258,-19.141 
258,-20.141 
258,119.146 
259,-7.812 
259,-28.516 
259,-26.042 
259,-42.521 
259,-39.542 
259,107.312 
260,-7.812 
260,-14.917 
260,-28.646 
260,-48.974 
260,-40.974 
260,107.312 
261,-7.812 
261,-31.250 
261,-33.016 
261,-30.354 
261,-41.625 
261,107.312 
262,-6.641 
262,-9.766 
262,-21.182 
262,-34.724 
262,-31.974 
262,107.312 
263,-7.812 
263,-18.766 
263,-7.292 
263,-28.271 
263,-41.625 
263,80.312 
264,-6.641 
264,-18.766 
264,-37.516 
264,-21.354 
264,-28.125 
264,107.312 
265,-7.812 
265,-14.917 
265,-26.432 
265,-23.641 
265,-31.974 
265,107.312 
266,-7.812 
266,-18.766 
266,-16.682 
266,-30.224 
266,-28.125 
266,80.312 
267,-7.812 
267,-10.417 
267,-35.432 
267,-19.271 
267,-37.125 
267,107.312 
268,-6.641 
268,-28.516 
268,-35.432 
268,-38.021 
268,-35.042 
268,107.312 
269,-7.812 
269,-18.766 
269,-37.516 
269,-21.354 
269,-22.875 
269,117.062 
270,-7.812 
270,-14.266 
270,-12.182 
270,-23.641 
270,-35.042 
270,107.312 
271,-7.812 
271,-31.250 
271,-28.646 
271,-34.333 
271,-27.474 
271,107.312 
272,-6.641 
272,-8.854 
272,-16.292 
272,-28.271 
272,-39.542 
272,101.146 
273,-6.641 
273,-9.766 
273,-28.516 
273,-34.724 
273,-27.375 
273,99.062 
274,-7.812 
274,-18.766 
274,-25.000 
274,-27.229 
274,-36.083 
274,100.104 
275,-7.812 
275,-9.766 
275,-30.932 
275,-38.021 
275,-39.542 
275,128.146 
276,-6.641 
276,-9.766 
276,-7.682 
276,-13.891 
276,-13.224 
276,100.104 
277,-7.812 
277,-9.766 
277,-7.682 
277,-28.271 
277,-37.125 
277,107.312 
278,-7.812 
278,-31.250 
278,-33.146 
278,-25.333 
278,-31.974 
278,108.062 
279,-6.641 
279,-18.766 
279,-7.292 
279,-25.854 
279,-32.625 
279,126.062 
280,-7.812 
280,-14.917 
280,-16.682 
280,-30.224 
280,-31.583 
280,109.104 
281,-6.641 
281,-18.766 
281,-26.432 
281,-19.271 
281,-16.292 
281,128.146 
282,-7.812 
282,-10.417 
282,-35.432 
282,-19.271 
282,-37.125 
282,107.312 
283,-7.812 
283,-31.250 
283,-33.016 
283,-30.354 
283,-22.875 
283,126.062 
284,-7.812 
284,-18.766 
284,-7.292 
284,-19.271 
284,-35.042 
284,107.312 
285,-6.641 
285,-14.266 
285,-30.932 
285,-23.641 
285,-27.474 
285,108.062 
286,-7.812 
286,-31.250 
286,-33.146 
286,-39.224 
286,-31.974 
286,126.062 
287,-7.812 
287,-14.266 
287,-7.292 
287,-23.771 
287,-37.125 
287,107.312 
288,-7.812 
288,-14.917 
288,-12.312 
288,-23.641 
288,-11.141 
288,119.146 
289,-7.812 
289,-14.917 
289,-28.646 
289,-39.224 
289,-32.625 
289,108.062 
290,-6.641 
290,-8.854 
290,-11.792 
290,-14.021 
290,-11.792 
290,119.146 
291,-7.812 
291,-14.917 
291,-12.182 
291,-4.891 
291,-13.224 
291,117.062 
292,-7.812 
292,-9.766 
292,-7.682 
292,-19.141 
292,-44.042 
292,119.146 
293,-7.812 
293,-9.766 
293,-28.516 
293,-34.724 
293,-27.375 
293,105.979 
294,-7.812 
294,-10.417 
294,-26.432 
294,-19.141 
294,-34.292 
294,101.146 
295,-7.812 
295,-9.766 
295,-37.516 
295,-25.854 
295,-41.625 
295,107.312 
296,-6.641 
296,-9.766 
296,-16.682 
296,-23.641 
296,-31.974 
296,99.062 
297,-6.641 
297,-26.562 
297,-29.500 
297,-31.729 
297,-36.083 
297,88.271 
298,-7.812 
298,-28.516 
298,-30.932 
298,-23.641 
298,-31.974 
298,107.312 
299,-7.812 
299,-14.266 
299,-26.042 
299,-32.771 
299,-39.542 
299,80.312 
300,-6.641 
300,-9.766 
300,-26.432 
300,-37.271 
300,-39.542 
300,80.312 
301,-7.812 
301,-14.266 
301,-26.042 
301,-32.771 
301,-39.542 
301,101.146 
302,-6.641 
302,-8.854 
302,-11.792 
302,-32.771 
302,-20.792 
302,119.146 
303,-6.641 
303,-14.266 
303,-28.516 
303,-30.354 
303,-41.625 
303,107.312 
304,-7.812 
304,-10.417 
304,-28.646 
304,-21.224 
304,-43.057 
304,88.271 
305,-7.812 
305,-31.250 
305,-28.646 
305,-39.974 
305,-55.125 
305,80.312 
306,-6.641 
306,-28.516 
306,-26.432 
306,-19.141 
306,-44.042 
306,119.146 
307,-7.812 
307,-10.417 
307,-25.682 
307,-9.391 
307,-11.792 
307,119.146 
308,-7.812 
308,-10.417 
308,-28.646 
308,-34.333 
308,-54.474 
308,80.312 
309,-7.812 
309,-28.516 
309,-26.042 
309,-28.271 
309,-35.042 
309,107.312 
310,-7.812 
310,-31.250 
310,-33.016 
310,-30.354 
310,-32.625 
310,126.062 
311,-6.641 
311,-26.562 
311,-29.500 
311,-31.729 
311,-36.083 
311,88.271 
312,-7.812 
312,-31.250 
312,-33.016 
312,-25.724 
312,-37.125 
312,126.062 
313,-7.812 
313,-28.516 
313,-35.432 
313,-28.141 
313,-40.974 
313,117.062 
314,-7.812 
314,-18.766 
314,-12.182 
314,-34.724 
314,-31.974 
314,117.062 
315,-7.812 
315,-9.766 
315,-33.016 
315,-25.724 
315,-31.974 
315,107.312 
316,-6.641 
316,-9.766 
316,-34.000 
316,-27.229 
316,-36.083 
316,109.104 
317,-6.641 
317,-9.766 
317,-21.182 
317,-19.271 
317,-30.542 
317,107.312 
318,-7.812 
318,-10.417 
318,-26.432 
318,-19.141 
318,-44.042 
318,107.312 
319,-7.812 
319,-10.417 
319,-16.812 
319,-28.141 
319,-20.141 
319,128.146 
320,-6.641 
320,-9.766 
320,-28.516 
320,-39.354 
320,-37.125 
320,107.312 
321,-7.812 
321,-18.766 
321,-28.516 
321,-44.474 
321,-32.625 
321,126.062 
322,-7.812 
322,-10.417 
322,-33.146 
322,-25.724 
322,-13.224 
322,126.062 
323,-7.812 
323,-9.766 
323,-26.432 
323,-19.141 
323,-24.641 
323,101.146 
324,-7.812 
324,-18.766 
324,-12.182 
324,-23.641 
324,-11.792 
324,119.146 
325,-7.812 
325,-9.766 
325,-16.292 
325,-30.354 
325,-22.875 
325,99.062 
326,-6.641 
326,-18.766 
326,-26.432 
326,-28.141 
326,-20.141 
326,119.146 
327,-6.641 
327,-9.766 
327,-16.292 
327,-25.854 
327,-41.625 
327,108.062 
328,-7.812 
328,-31.250 
328,-33.016 
328,-30.354 
328,-41.625 
328,107.312 
329,-7.812 
329,-18.766 
329,-26.042 
329,-28.271 
329,-26.042 
329,107.312 
330,-7.812 
330,-9.766 
330,-33.016 
330,-48.062 
330,-40.583 
330,109.104 
331,-7.812 
331,-9.766 
331,-16.682 
331,-25.724 
331,-45.083 
331,100.104 
332,-7.812 
332,-9.766 
332,-28.516 
332,-21.224 
332,-46.125 
332,107.312 
333,-7.812 
333,-14.917 
333,-26.432 
333,-32.641 
333,-40.974 
333,107.312 
334,-7.812 
334,-14.917 
334,-12.182 
334,-25.724 
334,-46.125 
334,80.312 
335,-6.641 
335,-18.766 
335,-16.682 
335,-18.229 
335,-19.750 
335,100.104 
336,-6.641 
336,-26.562 
336,-29.500 
336,-31.729 
336,-36.083 
336,109.104 
337,-7.812 
337,-18.766 
337,-30.932 
337,-53.474 
337,-40.974 
337,80.312 
338,-7.812 
338,-10.417 
338,-16.812 
338,-28.141 
338,-36.474 
338,126.062 
339,-7.812 
339,-10.417 
339,-33.146 
339,-48.974 
339,-40.974 
339,126.062 
340,-7.812 
340,-14.917 
340,-33.146 
340,-25.333 
340,-54.474 
340,80.312 
341,-7.812 
341,-14.266 
341,-30.932 
341,-47.021 
341,-39.542 
341,80.312 
342,-6.641 
342,-9.766 
342,-16.292 
342,-19.271 
342,-37.125 
342,107.312 
343,-7.812 
343,-9.766 
343,-11.792 
343,-23.771 
343,-20.792 
343,119.146 
344,-7.812 
344,-14.917 
344,-35.432 
344,-32.641 
344,-20.141 
344,101.146 
345,-7.812 
345,-14.917 
345,-12.312 
345,-4.500 
345,-24.641 
345,119.146 
346,-7.812 
346,-14.917 
346,-28.646 
346,-25.724 
346,-45.083 
346,109.104 
347,-6.641 
347,-28.516 
347,-35.432 
347,-28.141 
347,-7.292 
347,126.062 
348,-6.641 
348,-14.266 
348,-28.516 
348,-48.062 
348,-40.583 
348,88.271 
349,-7.812 
349,-10.417 
349,-16.812 
349,-25.333 
349,-35.724 
349,108.062 
350,-7.812 
350,-9.766 
350,-11.792 
350,-14.021 
350,-11.792 
350,117.062 
351,-7.812 
351,-10.417 
351,-25.682 
351,-19.271 
351,-20.792 
351,108.062 
352,-7.812 
352,-10.417 
352,-33.146 
352,-25.333 
352,-31.974 
352,107.312 
353,-7.812 
353,-28.516 
353,-39.932 
353,-23.771 
353,-20.792 
353,99.062 
354,-7.812 
354,-14.917 
354,-16.682 
354,-22.729 
354,-36.083 
354,88.271 
355,-7.812 
355,-10.417 
355,-7.812 
355,-19.141 
355,-24.641 
355,119.146 
356,-7.812 
356,-14.266 
356,-12.182 
356,-27.229 
356,-36.083 
356,109.104 
357,-6.641 
357,-9.766 
357,-34.000 
357,-27.229 
357,-40.583 
357,88.271 
358,-6.641 
358,-28.516 
358,-30.932 
358,-23.641 
358,-35.042 
358,107.312 
359,-6.641 
359,-9.766 
359,-7.682 
359,-21.224 
359,-43.057 
359,105.979 
360,-7.812 
360,-9.766 
360,-7.682 
360,-30.224 
360,-45.083 
360,88.271 
361,-7.812 
361,-31.250 
361,-33.146 
361,-25.333 
361,-31.974 
361,107.312 
362,-6.641 
362,-26.562 
362,-34.000 
362,-27.229 
362,-15.250 
362,109.104 
363,-7.812 
363,-10.417 
363,-33.146 
363,-48.974 
363,-40.974 
363,126.062 
364,-7.812 
364,-14.266 
364,-7.292 
364,-32.771 
364,-30.542 
364,107.312 
365,-6.641 
365,-9.766 
365,-28.516 
365,-48.974 
365,-46.125 
365,108.062 
366,-7.812 
366,-28.516 
366,-39.932 
366,-23.771 
366,-39.542 
366,80.312 
367,-7.812 
367,-31.250 
367,-33.146 
367,-25.333 
367,-31.974 
367,107.312 
368,-7.812 
368,-14.266 
368,-28.516 
368,-25.724 
368,-34.057 
368,105.979 
369,-7.812 
369,-18.766 
369,-37.516 
369,-30.224 
369,-28.125 
369,108.062 
370,-6.641 
370,-9.766 
370,-33.016 
370,-30.354 
370,-41.625 
370,107.312 
371,-6.641 
371,-28.516 
371,-26.432 
371,-19.141 
371,-44.042 
371,119.146 
372,-7.812 
372,-14.917 
372,-26.432 
372,-23.641 
372,-31.974 
372,107.312 
373,-6.641 
373,-26.562 
373,-34.000 
373,-27.229 
373,-19.750 
373,100.104 
374,-6.641 
374,-9.766 
374,-7.682 
374,-21.224 
374,-26.724 
374,100.104 
375,-6.641 
375,-9.766 
375,-28.516 
375,-34.724 
375,-27.375 
375,105.979 
376,-6.641 
376,-28.516 
376,-30.932 
376,-28.271 
376,-30.542 
376,107.312 
377,-7.812 
377,-14.917 
377,-26.432 
377,-32.641 
377,-30.542 
377,107.312 
378,-7.812 
378,-14.917 
378,-26.432 
378,-44.474 
378,-31.974 
378,108.062 
379,-6.641 
379,-18.766 
379,-26.042 
379,-47.021 
379,-39.542 
379,101.146 
380,-7.812 
380,-14.917 
380,-30.932 
380,-23.641 
380,-27.474 
380,107.312 
381,-7.812 
381,-31.250 
381,-28.646 
381,-48.224 
381,-22.224 
381,99.062 
382,-7.812 
382,-31.250 
382,-33.146 
382,-25.724 
382,-13.224 
382,126.062 
383,-7.812 
383,-10.417 
383,-25.682 
383,-28.141 
383,-20.141 
383,101.146 
384,-7.812 
384,-31.250 
384,-33.016 
384,-25.724 
384,-31.974 
384,107.312 
385,-7.812 
385,-10.417 
385,-25.682 
385,-19.271 
385,-37.125 
385,108.062 
386,-7.812 
386,-28.516 
386,-26.432 
386,-32.641 
386,-25.292 
386,119.146 
387,-7.812 
387,-18.766 
387,-12.182 
387,-13.891 
387,-22.224 
387,108.062 
388,-6.641 
388,-9.766 
388,-21.182 
388,-30.224 
388,-31.974 
388,126.062 
389,-7.812 
389,-14.917 
389,-12.312 
389,-25.333 
389,-27.474 
389,108.062 
390,-7.812 
390,-31.250 
390,-28.646 
390,-48.224 
390,-38.557 
390,88.271 
391,-7.812 
391,-9.766 
391,-16.292 
391,-28.271 
391,-37.125 
391,107.312 
392,-7.812 
392,-10.417 
392,-7.812 
392,-37.141 
392,-26.042 
392,119.146 
393,-6.641 
393,-9.766 
393,-21.182 
393,-19.271 
393,-20.792 
393,108.062 
394,-7.812 
394,-28.516 
394,-26.432 
394,-47.021 
394,-35.042 
394,107.312 
395,-7.812 
395,-28.516 
395,-35.432 
395,-39.974 
395,-46.125 
395,108.062 
396,-6.641 
396,-9.766 
396,-7.682 
396,-21.224 
396,-26.724 
396,117.062 
397,-6.641 
397,-9.766 
397,-16.292 
397,-9.521 
397,-20.792 
397,99.062 
398,-6.641 
398,-14.266 
398,-30.932 
398,-47.021 
398,-39.542 
398,80.312 
399,-7.812 
399,-9.766 
399,-28.516 
399,-34.724 
399,-29.557 
399,88.271 
400,-6.641 
400,-9.766 
400,-33.016 
400,-30.354 
400,-22.875 
400,126.062 
401,-7.812 
401,-28.516 
401,-26.042 
401,-47.021 
401,-39.542 
401,107.312 
402,-7.812 
402,-28.516 
402,-35.432 
402,-28.141 
402,-36.474 
402,126.062 
403,-7.812 
403,-14.917 
403,-12.182 
403,-21.224 
403,-13.224 
403,109.104 
404,-7.812 
404,-14.917 
404,-33.146 
404,-39.974 
404,-46.125 
404,107.312 
405,-7.812 
405,-14.917 
405,-33.146 
405,-25.333 
405,-54.474 
405,80.312 
406,-7.812 
406,-14.266 
406,-28.516 
406,-30.354 
406,-41.625 
406,108.062 
407,-7.812 
407,-31.250 
407,-28.516 
407,-34.724 
407,-46.125 
407,80.312 
408,-6.641 
408,-8.854 
408,-16.292 
408,-19.271 
408,-37.125 
408,107.312 
409,-7.812 
409,-10.417 
409,-7.682 
409,-18.521 
409,-18.375 
409,105.979 
410,-7.812 
410,-31.250 
410,-28.516 
410,-34.724 
410,-29.557 
410,105.979 
411,-7.812 
411,-9.766 
411,-16.682 
411,-27.229 
411,-40.583 
411,100.104 
412,-6.641 
412,-9.766 
412,-7.682 
412,-0.391 
412,-33.250 
412,109.104 
413,-7.812 
413,-10.417 
413,-7.682 
413,-18.521 
413,-18.375 
413,126.062 
414,-7.812 
414,-14.917 
414,-12.312 
414,-19.141 
414,-31.974 
414,107.312 
415,-7.812 
415,-9.766 
415,-30.932 
415,-48.974 
415,-40.974 
415,107.312 
416,-7.812 
416,-14.917 
416,-33.146 
416,-25.333 
416,-35.724 
416,108.062 
417,-7.812 
417,-28.516 
417,-35.432 
417,-28.141 
417,-36.474 
417,107.312 
418,-7.812 
418,-28.516 
418,-35.432 
418,-28.271 
418,-20.792 
418,119.146 
419,-6.641 
419,-9.766 
419,-28.516 
419,-48.974 
419,-46.125 
419,108.062 
420,-6.641 
420,-28.516 
420,-39.932 
420,-32.641 
420,-40.974 
420,80.312 
421,-7.812 
421,-14.917 
421,-33.146 
421,-39.974 
421,-31.974 
421,107.312 
422,-6.641 
422,-8.854 
422,-26.042 
422,-47.021 
422,-35.042 
422,119.146 
423,-6.641 
423,-28.516 
423,-35.432 
423,-39.974 
423,-31.974 
423,108.062 
424,-7.812 
424,-14.917 
424,-26.432 
424,-23.641 
424,-31.974 
424,107.312 
425,-7.812 
425,-9.766 
425,-30.932 
425,-32.641 
425,-40.974 
425,117.062 
426,-7.812 
426,-14.266 
426,-12.182 
426,-23.641 
426,-31.974 
426,80.312 
427,-7.812 
427,-9.766 
427,-21.182 
427,-13.891 
427,-22.224 
427,100.104 
428,-7.812 
428,-9.766 
428,-26.042 
428,-28.271 
428,-39.542 
428,119.146 
429,-7.812 
429,-9.766 
429,-16.682 
429,-28.271 
429,-41.625 
429,80.312 
430,-7.812 
430,-9.766 
430,-7.682 
430,-28.271 
430,-37.125 
430,107.312 
431,-7.812 
431,-31.250 
431,-33.016 
431,-25.724 
431,-45.083 
431,88.271 
432,-7.812 
432,-14.917 
432,-12.312 
432,-37.141 
432,-20.141 
432,101.146 
433,-7.812 
433,-9.766 
433,-7.682 
433,-30.224 
433,-13.224 
433,109.104 
434,-6.641 
434,-8.854 
434,-11.792 
434,-30.354 
434,-22.875 
434,108.062 
435,-6.641 
435,-18.766 
435,-25.000 
435,-27.229 
435,-19.750 
435,109.104 
436,-7.812 
436,-9.766 
436,-16.682 
436,-25.724 
436,-31.974 
436,80.312 
437,-7.812 
437,-10.417 
437,-25.682 
437,-25.724 
437,-22.224 
437,108.062 
438,-6.641 
438,-9.766 
438,-26.042 
438,-42.521 
438,-39.542 
438,128.146 
439,-6.641 
439,-14.266 
439,-12.182 
439,-9.521 
439,-22.875 
439,117.062 
440,-6.641 
440,-14.266 
440,-30.932 
440,-23.641 
440,-35.042 
440,107.312 
441,-7.812 
441,-10.417 
441,-26.432 
441,-32.641 
441,-27.474 
441,107.312 
442,-6.641 
442,-28.516 
442,-26.432 
442,-37.271 
442,-26.042 
442,119.146 
443,-6.641 
443,-9.766 
443,-33.016 
443,-44.474 
443,-46.125 
443,107.312 
444,-7.812 
444,-9.766 
444,-34.000 
444,-27.229 
444,-19.750 
444,100.104 
445,-6.641 
445,-28.516 
445,-26.432 
445,-37.271 
445,-16.292 
445,108.062 
446,-7.812 
446,-9.766 
446,-28.516 
446,-48.974 
446,-46.125 
446,108.062 
447,-7.812 
447,-10.417 
447,-7.812 
447,-19.141 
447,-40.974 
447,108.062 
448,-6.641 
448,-9.766 
448,-7.682 
448,-18.521 
448,-16.292 
448,108.062 
449,-6.641 
449,-9.766 
449,-33.016 
449,-30.354 
449,-22.875 
449,126.062 
450,-7.812 
450,-14.917 
450,-12.312 
450,-23.641 
450,-35.042 
450,119.146 
451,-7.812 
451,-14.917 
451,-33.146 
451,-39.224 
451,-38.557 
451,88.271 
452,-7.812 
452,-28.516 
452,-30.932 
452,-32.641 
452,-26.042 
452,128.146 
453,-7.812 
453,-14.917 
453,-28.646 
453,-44.474 
453,-46.125 
453,107.312 
454,-7.812 
454,-9.766 
454,-16.682 
454,-4.891 
454,-13.224 
454,99.062 
455,-6.641 
455,-9.766 
455,-28.516 
455,-34.724 
455,-27.375 
455,117.062 
456,-6.641 
456,-28.516 
456,-26.432 
456,-47.021 
456,-35.042 
456,119.146 
457,-7.812 
457,-14.917 
457,-16.682 
457,-23.641 
457,-26.042 
457,107.312 
458,-6.641 
458,-8.854 
458,-16.292 
458,-9.521 
458,-20.792 
458,101.146 
459,-6.641 
459,-9.766 
459,-37.516 
459,-44.474 
459,-40.974 
459,126.062 
460,-6.641 
460,-14.266 
460,-12.182 
460,-4.891 
460,-13.224 
460,99.062 
461,-7.812 
461,-9.766 
461,-16.292 
461,-9.521 
461,-18.375 
461,99.062 
462,-7.812 
462,-10.417 
462,-16.812 
462,-18.391 
462,-22.224 
462,108.062 
463,-6.641 
463,-18.766 
463,-37.516 
463,-21.354 
463,-28.125 
463,117.062 
464,-6.641 
464,-9.766 
464,-7.682 
464,-19.141 
464,-24.641 
464,119.146 
465,-6.641 
465,-9.766 
465,-7.682 
465,-21.224 
465,-43.057 
465,105.979 
466,-7.812 
466,-18.766 
466,-28.516 
466,-34.724 
466,-32.625 
466,108.062 
467,-6.641 
467,-28.516 
467,-35.432 
467,-38.021 
467,-35.042 
467,119.146 
468,-7.812 
468,-31.250 
468,-33.016 
468,-25.724 
468,-27.375 
468,126.062 
469,-6.641 
469,-9.766 
469,-7.682 
469,-28.271 
469,-37.125 
469,107.312 
470,-6.641 
470,-28.516 
470,-26.432 
470,-37.271 
470,-26.042 
470,119.146 
471,-6.641 
471,-28.516 
471,-35.432 
471,-23.641 
471,-11.141 
471,119.146 
472,-7.812 
472,-9.766 
472,-33.016 
472,-25.724 
472,-13.224 
472,126.062 
473,-6.641 
473,-14.266 
473,-12.182 
473,-25.724 
473,-31.974 
473,80.312 
474,-6.641 
474,-8.854 
474,-11.792 
474,-23.771 
474,-20.792 
474,126.062 
475,-6.641 
475,-28.516 
475,-26.042 
475,-28.271 
475,-20.792 
475,117.062 
476,-6.641 
476,-18.766 
476,-16.682 
476,-25.724 
476,-31.583 
476,88.271 
477,-6.641 
477,-28.516 
477,-26.042 
477,-42.521 
477,-39.542 
477,107.312 
478,-6.641 
478,-14.266 
478,-12.182 
478,-25.724 
478,-27.375 
478,117.062 
479,-7.812 
479,-31.250 
479,-33.146 
479,-39.224 
479,-32.625 
479,107.312 
480,-7.812 
480,-9.766 
480,-7.682 
480,-30.224 
480,-34.057 
480,88.271 
481,-7.812 
481,-14.917 
481,-35.432 
481,-32.641 
481,-40.974 
481,99.062 
482,-7.812 
482,-9.766 
482,-34.000 
482,-27.229 
482,-36.083 
482,88.271 
483,-7.812 
483,-9.766 
483,-7.682 
483,-30.224 
483,-31.974 
483,108.062 
484,-7.812 
484,-31.250 
484,-33.016 
484,-48.062 
484,-40.583 
484,109.104 
485,-7.812 
485,-18.766 
485,-26.042 
485,-28.271 
485,-37.125 
485,107.312 
486,-7.812 
486,-9.766 
486,-26.432 
486,-32.641 
486,-11.141 
486,119.146 
487,-7.812 
487,-28.516 
487,-35.432 
487,-47.021 
487,-39.542 
487,101.146 
488,-6.641 
488,-14.266 
488,-7.292 
488,-14.021 
488,-22.875 
488,99.062 
489,-6.641 
489,-28.516 
489,-26.432 
489,-47.021 
489,-35.042 
489,107.312 
490,-6.641 
490,-18.766 
490,-7.292 
490,-30.354 
490,-37.125 
490,107.312 
491,-7.812 
491,-10.417 
491,-35.432 
491,-19.271 
491,-20.792 
491,119.146 
492,-7.812 
492,-18.766 
492,-16.682 
492,-19.271 
492,-37.125 
492,80.312 
493,-6.641 
493,-9.766 
493,-16.292 
493,-28.271 
493,-26.042 
493,119.146 
494,-6.641 
494,-26.562 
494,-34.000 
494,-43.562 
494,-40.583 
494,109.104 
495,-7.812 
495,-9.766 
495,-28.516 
495,-39.354 
495,-18.375 
495,108.062 
496,-6.641 
496,-14.266 
496,-30.932 
496,-23.641 
496,-27.474 
496,108.062 
497,-6.641 
497,-8.854 
497,-35.042 
497,-28.271 
497,-20.792 
497,119.146 
498,-6.641 
498,-9.766 
498,-28.516 
498,-21.224 
498,-43.057 
498,105.979 
499,-6.641 
499,-28.516 
499,-26.432 
499,-19.141 
499,-34.292 
499,108.062 
500,-6.641 
500,-9.766 
500,-26.432 
500,-19.141 
500,-40.974 
500,108.062 
501,-7.812 
501,-28.516 
501,-30.542 
501,-32.771 
501,-39.542 
501,80.312 
502,-6.641 
502,-9.766 
502,-7.682 
502,-28.271 
502,-20.792 
502,117.062 
503,-6.641 
503,-9.766 
503,-16.682 
503,-23.641 
503,-31.974 
503,99.062 
504,-7.812 
504,-14.266 
504,-28.516 
504,-25.724 
504,-13.224 
504,126.062 
505,-6.641 
505,-8.854 
505,-16.292 
505,-9.521 
505,-18.375 
505,108.062 
506,-6.641 
506,-8.854 
506,-26.042 
506,-28.271 
506,-35.042 
506,107.312 
507,-7.812 
507,-14.917 
507,-26.432 
507,-38.021 
507,-39.542 
507,107.312 
508,-6.641 
508,-28.516 
508,-35.042 
508,-28.271 
508,-37.125 
508,108.062 
509,-7.812 
509,-9.766 
509,-16.292 
509,-9.521 
509,-18.375 
509,105.979 
510,-6.641 
510,-9.766 
510,-34.000 
510,-48.062 
510,-40.583 
510,100.104 
511,-6.641 
511,-8.854 
511,-16.292 
511,-30.354 
511,-28.125 
511,107.312 
512,-6.641 
512,-9.766 
512,-26.432 
512,-19.141 
512,-40.974 
512,107.312 
513,-6.641 
513,-14.266 
513,-25.000 
513,-31.729 
513,-36.083 
513,88.271 
514,-6.641 
514,-9.766 
514,-28.516 
514,-57.062 
514,-40.583 
514,100.104 
515,-6.641 
515,-9.766 
515,-28.516 
515,-57.062 
515,-40.583 
515,100.104 
516,-7.812 
516,-9.766 
516,-34.000 
516,-27.229 
516,-36.083 
516,100.104 
517,-6.641 
517,-9.766 
517,-7.682 
517,-18.521 
517,-18.375 
517,105.979 
518,-6.641 
518,-28.516 
518,-26.042 
518,-28.271 
518,-20.792 
518,117.062 
519,-7.812 
519,-10.417 
519,-7.682 
519,-36.229 
519,-19.750 
519,109.104 
520,-6.641 
520,-9.766 
520,-21.182 
520,-23.641 
520,-26.042 
520,128.146 
521,-7.812 
521,-9.766 
521,-7.682 
521,-0.391 
521,-33.250 
521,109.104 
522,-7.812 
522,-31.250 
522,-37.516 
522,-34.724 
522,-31.583 
522,109.104 
523,-7.812 
523,-10.417 
523,-7.682 
523,-0.391 
523,-22.224 
523,109.104 
524,-7.812 
524,-18.766 
524,-7.292 
524,-19.271 
524,-35.042 
524,128.146 
525,-7.812 
525,-28.516 
525,-26.042 
525,-47.021 
525,-39.542 
525,107.312 
526,-6.641 
526,-8.854 
526,-26.042 
526,-28.271 
526,-20.792 
526,117.062 
527,-7.812 
527,-28.516 
527,-26.042 
527,-28.271 
527,-37.125 
527,126.062 
528,-7.812 
528,-10.417 
528,-28.646 
528,-21.224 
528,-43.057 
528,105.979 
529,-7.812 
529,-18.766 
529,-25.000 
529,-27.229 
529,-36.083 
529,88.271 
530,-7.812 
530,-10.417 
530,-16.812 
530,-4.500 
530,-11.141 
530,119.146 
531,-7.812 
531,-10.417 
531,-16.812 
531,-23.641 
531,-44.042 
531,101.146 
532,-7.812 
532,-14.917 
532,-12.182 
532,-21.224 
532,-34.057 
532,88.271 
533,-7.812 
533,-14.917 
533,-35.432 
533,-42.521 
533,-39.542 
533,80.312 
534,-7.812 
534,-14.917 
534,-33.146 
534,-39.224 
534,-28.125 
534,107.312 
535,-6.641 
535,-14.266 
535,-30.932 
535,-28.271 
535,-37.125 
535,107.312 
536,-6.641 
536,-9.766 
536,-7.682 
536,-28.271 
536,-37.125 
536,107.312 
537,-6.641 
537,-9.766 
537,-7.682 
537,-18.521 
537,-18.375 
537,105.979 
538,-7.812 
538,-14.917 
538,-28.646 
538,-25.724 
538,-45.083 
538,88.271 
539,-7.812 
539,-14.917 
539,-12.312 
539,-25.333 
539,-13.224 
539,100.104 
540,-7.812 
540,-14.917 
540,-12.312 
540,-25.333 
540,-54.474 
540,99.062 
541,-7.812 
541,-9.766 
541,-7.682 
541,-0.391 
541,-22.224 
541,126.062 
542,-6.641 
542,-8.854 
542,-35.042 
542,-28.271 
542,-26.042 
542,107.312 
543,-6.641 
543,-8.854 
543,-35.042 
543,-28.271 
543,-20.792 
543,119.146 
544,-6.641 
544,-14.266 
544,-30.932 
544,-23.641 
544,-44.042 
544,101.146 
545,-6.641 
545,-18.766 
545,-12.182 
545,-30.224 
545,-43.057 
545,88.271 
546,-7.812 
546,-28.516 
546,-30.932 
546,-23.641 
546,-31.974 
546,107.312 
547,-6.641 
547,-14.266 
547,-12.182 
547,-23.641 
547,-25.292 
547,99.062 
548,-7.812 
548,-18.766 
548,-26.042 
548,-28.271 
548,-39.542 
548,80.312 
549,-6.641 
549,-28.516 
549,-26.432 
549,-37.271 
549,-16.292 
549,108.062 
550,-7.812 
550,-10.417 
550,-7.682 
550,-28.271 
550,-35.042 
550,119.146 
551,-6.641 
551,-28.516 
551,-26.432 
551,-47.021 
551,-39.542 
551,119.146 
552,-6.641 
552,-8.854 
552,-16.292 
552,-19.271 
552,-37.125 
552,117.062 
553,-6.641 
553,-9.766 
553,-26.432 
553,-19.141 
553,-40.974 
553,107.312 
554,-6.641 
554,-8.854 
554,-35.042 
554,-28.271 
554,-37.125 
554,99.062 
555,-6.641 
555,-28.516 
555,-39.932 
555,-32.641 
555,-11.792 
555,99.062 
556,-7.812 
556,-9.766 
556,-37.516 
556,-43.562 
556,-40.583 
556,88.271 
557,-6.641 
557,-28.516 
557,-26.042 
557,-28.271 
557,-16.292 
557,128.146 
558,-7.812 
558,-10.417 
558,-33.146 
558,-48.974 
558,-32.625 
558,126.062 
559,-7.812 
559,-9.766 
559,-26.042 
559,-28.271 
559,-37.125 
559,126.062 
560,-7.812 
560,-9.766 
560,-11.792 
560,-23.771 
560,-20.792 
560,117.062 
561,-7.812 
561,-9.766 
561,-16.682 
561,-25.724 
561,-45.083 
561,100.104 
562,-6.641 
562,-14.266 
562,-12.182 
562,-19.271 
562,-39.542 
562,107.312 
563,-7.812 
563,-31.250 
563,-33.146 
563,-25.333 
563,-45.474 
563,126.062 
564,-7.812 
564,-14.266 
564,-12.182 
564,-21.224 
564,-27.375 
564,105.979 
565,-7.812 
565,-14.917 
565,-12.312 
565,-4.500 
565,-6.641 
565,128.146 
566,-7.812 
566,-9.766 
566,-16.292 
566,-9.521 
566,-11.792 
566,119.146 
567,-7.812 
567,-10.417 
567,-25.682 
567,-18.229 
567,-36.083 
567,109.104 
568,-7.812 
568,-9.766 
568,-16.292 
568,-30.354 
568,-22.875 
568,105.979 
569,-7.812 
569,-10.417 
569,-35.432 
569,-28.141 
569,-11.792 
569,119.146 
570,-6.641 
570,-14.266 
570,-28.516 
570,-25.724 
570,-13.224 
570,126.062 
571,-7.812 
571,-10.417 
571,-26.432 
571,-37.271 
571,-37.125 
571,108.062 
572,-7.812 
572,-10.417 
572,-28.646 
572,-21.224 
572,-43.057 
572,105.979 
573,-7.812 
573,-9.766 
573,-28.516 
573,-39.354 
573,-18.375 
573,99.062 
574,-7.812 
574,-18.766 
574,-16.682 
574,-19.141 
574,-20.141 
574,128.146 
575,-7.812 
575,-14.917 
575,-12.182 
575,-21.224 
575,-31.974 
575,107.312 
576,-7.812 
576,-31.250 
576,-37.516 
576,-25.854 
576,-22.875 
576,105.979 
577,-7.812 
577,-14.917 
577,-16.682 
577,-23.641 
577,-36.474 
577,126.062 
578,-7.812 
578,-10.417 
578,-16.812 
578,-19.141 
578,-31.974 
578,107.312 
579,-7.812 
579,-31.250 
579,-37.646 
579,-25.333 
579,-54.474 
579,99.062 
580,-7.812 
580,-31.250 
580,-28.646 
580,-21.224 
580,-36.375 
580,108.062 
581,-6.641 
581,-26.562 
581,-34.000 
581,-27.229 
581,-19.750 
581,100.104 
582,-7.812 
582,-31.250 
582,-37.646 
582,-39.224 
582,-28.125 
582,107.312 
583,-6.641 
583,-18.766 
583,-28.516 
583,-34.724 
583,-32.625 
583,107.312 
584,-6.641 
584,-9.766 
584,-16.292 
584,-19.271 
584,-37.125 
584,126.062 
585,-6.641 
585,-28.516 
585,-30.932 
585,-44.474 
585,-46.125 
585,108.062 
586,-6.641 
586,-28.516 
586,-35.432 
586,-23.641 
586,-35.042 
586,119.146 
587,-6.641 
587,-8.854 
587,-16.292 
587,-19.271 
587,-37.125 
587,126.062 
588,-6.641 
588,-9.766 
588,-26.042 
588,-28.271 
588,-35.042 
588,107.312 
589,-6.641 
589,-9.766 
589,-34.000 
589,-27.229 
589,-36.083 
589,88.271 
590,-6.641 
590,-9.766 
590,-28.516 
590,-57.062 
590,-40.583 
590,88.271 
591,-6.641 
591,-28.516 
591,-26.432 
591,-37.271 
591,-37.125 
591,107.312 
592,-6.641 
592,-18.766 
592,-16.682 
592,-19.271 
592,-37.125 
592,80.312 
593,-7.812 
593,-14.917 
593,-30.932 
593,-28.271 
593,-30.542 
593,107.312 
594,-7.812 
594,-9.766 
594,-30.932 
594,-23.641 
594,-31.974 
594,108.062 
595,-6.641 
595,-9.766 
595,-26.432 
595,-19.141 
595,-44.042 
595,107.312 
596,-7.812 
596,-31.250 
596,-33.016 
596,-25.724 
596,-31.974 
596,108.062 
597,-7.812 
597,-9.766 
597,-16.292 
597,-19.271 
597,-37.125 
597,117.062 
598,-6.641 
598,-9.766 
598,-34.000 
598,-27.229 
598,-36.083 
598,109.104 
599,-7.812 
599,-31.250 
599,-28.646 
599,-48.224 
599,-27.083 
599,100.104 
600,-7.812 
600,-18.766 
600,-12.182 
600,-30.224 
600,-22.224 
600,108.062 
601,-7.812 
601,-14.917 
601,-35.432 
601,-23.771 
601,-41.625 
601,99.062 
602,-7.812 
602,-9.766 
602,-26.042 
602,-32.771 
602,-20.792 
602,108.062 
603,-6.641 
603,-9.766 
603,-7.682 
603,-30.224 
603,-37.125 
603,107.312 
604,-6.641 
604,-28.516 
604,-35.042 
604,-38.021 
604,-39.542 
604,107.312 
605,-6.641 
605,-14.266 
605,-28.516 
605,-44.474 
605,-46.125 
605,107.312 
606,-6.641 
606,-8.854 
606,-16.292 
606,-28.271 
606,-37.125 
606,107.312 
607,-7.812 
607,-31.250 
607,-33.016 
607,-44.474 
607,-46.125 
607,107.312 
608,-6.641 
608,-14.266 
608,-12.182 
608,-23.641 
608,-35.042 
608,119.146 
609,-6.641 
609,-9.766 
609,-33.016 
609,-30.354 
609,-32.625 
609,126.062 
610,-6.641 
610,-28.516 
610,-35.432 
610,-28.141 
610,-26.042 
610,107.312 
611,-7.812 
611,-18.766 
611,-12.182 
611,-34.724 
611,-13.875 
611,99.062 
612,-6.641 
612,-28.516 
612,-35.042 
612,-28.271 
612,-16.292 
612,108.062 
613,-7.812 
613,-10.417 
613,-28.646 
613,-57.974 
613,-40.974 
613,117.062 
614,-7.812 
614,-10.417 
614,-7.682 
614,-19.141 
614,-44.042 
614,119.146 
615,-7.812 
615,-10.417 
615,-25.682 
615,-30.224 
615,-38.557 
615,88.271 
616,-7.812 
616,-28.516 
616,-39.932 
616,-42.521 
616,-39.542 
616,80.312 
617,-6.641 
617,-28.516 
617,-30.542 
617,-32.771 
617,-20.792 
617,99.062 
618,-7.812 
618,-9.766 
618,-16.292 
618,-30.354 
618,-28.125 
618,107.312 
619,-6.641 
619,-9.766 
619,-30.932 
619,-44.474 
619,-31.974 
619,108.062 
620,-6.641 
620,-9.766 
620,-30.932 
620,-23.641 
620,-35.042 
620,128.146 
621,-6.641 
621,-28.516 
621,-26.432 
621,-39.974 
621,-55.125 
621,99.062 
622,-6.641 
622,-8.854 
622,-30.542 
622,-32.771 
622,-39.542 
622,101.146 
623,-6.641 
623,-28.516 
623,-35.432 
623,-47.021 
623,-39.542 
623,80.312 
624,-6.641 
624,-9.766 
624,-34.000 
624,-27.229 
624,-36.083 
624,100.104 
625,-6.641 
625,-8.854 
625,-26.042 
625,-28.271 
625,-20.792 
625,117.062 
626,-6.641 
626,-8.854 
626,-26.042 
626,-47.021 
626,-35.042 
626,119.146 
627,-6.641 
627,-14.266 
627,-7.292 
627,-14.021 
627,-22.875 
627,105.979 
628,-7.812 
628,-9.766 
628,-21.182 
628,-30.224 
628,-32.625 
628,108.062 
629,-7.812 
629,-28.516 
629,-39.932 
629,-32.641 
629,-30.542 
629,80.312 
630,-6.641 
630,-18.766 
630,-26.432 
630,-28.141 
630,-40.974 
630,107.312 
631,-7.812 
631,-28.516 
631,-26.042 
631,-42.521 
631,-39.542 
631,128.146 
632,-6.641 
632,-18.766 
632,-30.932 
632,-42.521 
632,-39.542 
632,80.312 
633,-6.641 
633,-28.516 
633,-26.432 
633,-37.271 
633,-16.292 
633,108.062 
634,-6.641 
634,-14.266 
634,-12.182 
634,-4.891 
634,-16.292 
634,119.146 
635,-7.812 
635,-10.417 
635,-16.812 
635,-4.891 
635,-8.724 
635,126.062 
636,-7.812 
636,-9.766 
636,-16.292 
636,-28.271 
636,-37.125 
636,107.312 
637,-7.812 
637,-10.417 
637,-28.646 
637,-39.974 
637,-55.125 
637,80.312 
638,-6.641 
638,-14.266 
638,-12.182 
638,-23.641 
638,-27.474 
638,107.312 
639,-7.812 
639,-10.417 
639,-16.812 
639,-18.391 
639,-11.792 
639,99.062 
640,-6.641 
640,-8.854 
640,-16.292 
640,-23.771 
640,-41.625 
640,108.062 
641,-7.812 
641,-9.766 
641,-33.016 
641,-25.724 
641,-34.057 
641,105.979 
642,-7.812 
642,-10.417 
642,-7.682 
642,-0.391 
642,-22.224 
642,126.062 
643,-7.812 
643,-18.766 
643,-37.516 
643,-21.354 
643,-28.125 
643,117.062 
644,-7.812 
644,-14.917 
644,-12.182 
644,-27.229 
644,-36.083 
644,88.271 
645,-7.812 
645,-28.516 
645,-26.432 
645,-32.641 
645,-31.974 
645,99.062 
646,-7.812 
646,-28.516 
646,-35.432 
646,-44.474 
646,-40.974 
646,107.312 
647,-6.641 
647,-18.766 
647,-30.932 
647,-32.641 
647,-30.542 
647,80.312 
648,-6.641 
648,-28.516 
648,-30.932 
648,-28.271 
648,-20.792 
648,108.062 
649,-7.812 
649,-10.417 
649,-25.682 
649,-25.724 
649,-13.875 
649,126.062 
650,-7.812 
650,-9.766 
650,-7.682 
650,-36.229 
650,-19.750 
650,100.104 
651,-7.812 
651,-18.766 
651,-28.516 
651,-34.724 
651,-32.625 
651,107.312 
652,-7.812 
652,-9.766 
652,-30.932 
652,-23.641 
652,-25.292 
652,108.062 
653,-6.641 
653,-9.766 
653,-7.682 
653,-36.229 
653,-36.083 
653,88.271 
654,-6.641 
654,-28.516 
654,-35.042 
654,-47.021 
654,-39.542 
654,80.312 
655,-7.812 
655,-14.917 
655,-12.182 
655,-23.641 
655,-35.042 
655,107.312 
656,-6.641 
656,-8.854 
656,-26.042 
656,-32.771 
656,-20.792 
656,108.062 
657,-6.641 
657,-8.854 
657,-16.292 
657,-9.521 
657,-7.292 
657,126.062 
658,-7.812 
658,-10.417 
658,-25.682 
658,-19.271 
658,-37.125 
658,108.062 
659,-7.812 
659,-14.917 
659,-12.312 
659,-19.141 
659,-35.042 
659,128.146 
660,-7.812 
660,-18.766 
660,-16.682 
660,-9.391 
660,-11.792 
660,99.062 
661,-7.812 
661,-10.417 
661,-26.432 
661,-37.271 
661,-26.042 
661,107.312 
662,-7.812 
662,-31.250 
662,-37.646 
662,-25.724 
662,-13.224 
662,117.062 
663,-7.812 
663,-14.917 
663,-30.932 
663,-28.271 
663,-37.125 
663,108.062 
664,-7.812 
664,-10.417 
664,-7.682 
664,-28.141 
664,-31.974 
664,107.312 
665,-6.641 
665,-14.266 
665,-7.292 
665,-32.771 
665,-20.792 
665,99.062 
666,-6.641 
666,-8.854 
666,-16.292 
666,-28.271 
666,-16.292 
666,101.146 
667,-6.641 
667,-9.766 
667,-16.682 
667,-27.229 
667,-19.750 
667,109.104 
668,-7.812 
668,-18.766 
668,-7.292 
668,-23.771 
668,-20.792 
668,108.062 
669,-6.641 
669,-8.854 
669,-16.292 
669,-30.354 
669,-22.875 
669,105.979 
670,-6.641 
670,-18.766 
670,-16.682 
670,-9.391 
670,-7.292 
670,108.062 
671,-7.812 
671,-10.417 
671,-25.682 
671,-19.271 
671,-37.125 
671,108.062 
672,-6.641 
672,-18.766 
672,-37.516 
672,-30.224 
672,-13.875 
672,99.062 
673,-7.812 
673,-10.417 
673,-7.682 
673,-18.521 
673,-18.375 
673,108.062 
674,-6.641 
674,-9.766 
674,-30.932 
674,-23.641 
674,-35.042 
674,107.312 
675,-6.641 
675,-8.854 
675,-16.292 
675,-28.271 
675,-39.542 
675,80.312 
676,-6.641 
676,-28.516 
676,-30.932 
676,-23.641 
676,-35.042 
676,107.312 
677,-7.812 
677,-10.417 
677,-33.146 
677,-25.333 
677,-45.474 
677,126.062 
678,-7.812 
678,-14.917 
678,-12.312 
678,-18.391 
678,-11.792 
678,119.146 
679,-7.812 
679,-14.917 
679,-16.682 
679,-19.271 
679,-20.792 
679,128.146 
680,-7.812 
680,-9.766 
680,-34.000 
680,-27.229 
680,-36.083 
680,88.271 
681,-6.641 
681,-9.766 
681,-30.932 
681,-28.271 
681,-41.625 
681,107.312 
682,-6.641 
682,-8.854 
682,-35.042 
682,-38.021 
682,-35.042 
682,119.146 
683,-7.812 
683,-14.266 
683,-7.292 
683,-30.354 
683,-22.875 
683,108.062 
684,-7.812 
684,-28.516 
684,-26.042 
684,-28.271 
684,-37.125 
684,126.062 
685,-6.641 
685,-9.766 
685,-7.682 
685,-36.229 
685,-36.083 
685,88.271 
686,-6.641 
686,-28.516 
686,-26.432 
686,-19.141 
686,-44.042 
686,119.146 
687,-7.812 
687,-18.766 
687,-16.682 
687,-18.229 
687,-36.083 
687,88.271 
688,-7.812 
688,-18.766 
688,-7.292 
688,-9.521 
688,-18.375 
688,126.062 
689,-7.812 
689,-14.917 
689,-12.312 
689,-23.641 
689,-11.141 
689,119.146 
690,-6.641 
690,-9.766 
690,-33.016 
690,-44.474 
690,-46.125 
690,108.062 
691,-6.641 
691,-9.766 
691,-16.292 
691,-28.271 
691,-20.792 
691,108.062 
692,-6.641 
692,-8.854 
692,-35.042 
692,-28.271 
692,-26.042 
692,119.146 
693,-7.812 
693,-10.417 
693,-16.812 
693,-25.333 
693,-13.224 
693,99.062 
694,-6.641 
694,-9.766 
694,-30.932 
694,-28.271 
694,-41.625 
694,108.062 
695,-7.812 
695,-14.266 
695,-28.516 
695,-25.724 
695,-45.083 
695,88.271 
696,-6.641 
696,-14.266 
696,-30.932 
696,-23.641 
696,-25.292 
696,119.146 
697,-7.812 
697,-28.516 
697,-26.432 
697,-32.641 
697,-11.141 
697,101.146 
698,-6.641 
698,-9.766 
698,-7.682 
698,-28.141 
698,-35.042 
698,128.146 
699,-7.812 
699,-31.250 
699,-28.516 
699,-21.224 
699,-26.724 
699,100.104 
700,-6.641 
700,-9.766 
700,-7.682 
700,-13.891 
700,-25.292 
700,99.062 
701,-6.641 
701,-28.516 
701,-30.932 
701,-23.641 
701,-31.974 
701,107.312 
702,-7.812 
702,-14.917 
702,-12.312 
702,-18.391 
702,-22.224 
702,99.062 
703,-7.812 
703,-31.250 
703,-37.516 
703,-34.724 
703,-32.625 
703,108.062 
704,-7.812 
704,-9.766 
704,-34.000 
704,-27.229 
704,-36.083 
704,100.104 
705,-6.641 
705,-14.266 
705,-12.182 
705,-4.891 
705,-25.292 
705,99.062 
706,-6.641 
706,-8.854 
706,-35.042 
706,-38.021 
706,-35.042 
706,119.146 
707,-6.641 
707,-9.766 
707,-7.682 
707,-36.229 
707,-19.750 
707,100.104 
708,-7.812 
708,-28.516 
708,-35.432 
708,-23.641 
708,-27.474 
708,107.312 
709,-7.812 
709,-9.766 
709,-7.682 
709,-28.271 
709,-35.042 
709,107.312 
710,-7.812 
710,-14.917 
710,-12.312 
710,-20.833 
710,-13.224 
710,126.062 
711,-6.641 
711,-28.516 
711,-26.432 
711,-47.021 
711,-39.542 
711,107.312 
712,-7.812 
712,-10.417 
712,-28.646 
712,-50.667 
712,-56.557 
712,105.979 
713,-7.812 
713,-18.766 
713,-12.182 
713,-13.891 
713,-7.292 
713,128.146 
714,-7.812 
714,-14.917 
714,-30.932 
714,-23.641 
714,-11.141 
714,119.146 
715,-6.641 
715,-9.766 
715,-26.432 
715,-19.141 
715,-40.974 
715,108.062 
716,-7.812 
716,-31.250 
716,-37.516 
716,-34.724 
716,-32.625 
716,108.062 
717,-6.641 
717,-28.516 
717,-35.042 
717,-28.271 
717,-39.542 
717,80.312 
718,-6.641 
718,-9.766 
718,-26.432 
718,-47.021 
718,-39.542 
718,107.312 
719,-6.641 
719,-8.854 
719,-26.042 
719,-28.271 
719,-37.125 
719,126.062 
720,-7.812 
720,-31.250 
720,-33.146 
720,-25.333 
720,-35.724 
720,108.062 
721,-7.812 
721,-10.417 
721,-33.146 
721,-48.974 
721,-32.625 
721,126.062 
722,-7.812 
722,-31.250 
722,-33.146 
722,-25.724 
722,-27.375 
722,105.979 
723,-7.812 
723,-9.766 
723,-16.292 
723,-30.354 
723,-37.125 
723,99.062 
724,-7.812 
724,-10.417 
724,-7.812 
724,-13.500 
724,-11.141 
724,119.146 
725,-7.812 
725,-9.766 
725,-26.042 
725,-28.271 
725,-20.792 
725,117.062 
726,-6.641 
726,-9.766 
726,-30.932 
726,-23.641 
726,-31.974 
726,107.312 
727,-7.812 
727,-9.766 
727,-26.432 
727,-32.641 
727,-11.141 
727,119.146 
728,-6.641 
728,-28.516 
728,-26.432 
728,-32.641 
728,-31.974 
728,99.062 
729,-6.641 
729,-9.766 
729,-16.682 
729,-28.271 
729,-41.625 
729,80.312 
730,-7.812 
730,-28.516 
730,-39.932 
730,-23.771 
730,-41.625 
730,80.312 
731,-6.641 
731,-9.766 
731,-16.682 
731,-28.271 
731,-39.542 
731,101.146 
732,-6.641 
732,-8.854 
732,-16.292 
732,-9.521 
732,-20.792 
732,99.062 
733,-6.641 
733,-9.766 
733,-26.432 
733,-47.021 
733,-35.042 
733,119.146 
734,-6.641 
734,-9.766 
734,-28.516 
734,-57.062 
734,-36.083 
734,100.104 
735,-7.812 
735,-10.417 
735,-26.432 
735,-32.641 
735,-27.474 
735,108.062 
736,-6.641 
736,-14.266 
736,-30.932 
736,-39.974 
736,-46.125 
736,107.312 
737,-7.812 
737,-14.917 
737,-28.646 
737,-44.474 
737,-31.974 
737,107.312 
738,-6.641 
738,-14.266 
738,-12.182 
738,-21.224 
738,-13.224 
738,126.062 
739,-6.641 
739,-9.766 
739,-26.432 
739,-19.141 
739,-44.042 
739,107.312 
740,-6.641 
740,-9.766 
740,-34.000 
740,-48.062 
740,-40.583 
740,88.271 
741,-6.641 
741,-28.516 
741,-30.932 
741,-23.641 
741,-31.974 
741,108.062 
742,-6.641 
742,-9.766 
742,-34.000 
742,-27.229 
742,-15.250 
742,109.104 
743,-6.641 
743,-14.266 
743,-12.182 
743,-25.724 
743,-29.557 
743,88.271 
744,-7.812 
744,-28.516 
744,-35.432 
744,-28.141 
744,-26.042 
744,107.312 
745,-7.812 
745,-18.766 
745,-7.292 
745,-30.354 
745,-18.375 
745,99.062 
746,-7.812 
746,-9.766 
746,-16.682 
746,-25.724 
746,-13.224 
746,117.062 
747,-7.812 
747,-18.766 
747,-26.042 
747,-28.271 
747,-37.125 
747,107.312 
748,-6.641 
748,-9.766 
748,-33.016 
748,-48.062 
748,-40.583 
748,109.104 
749,-7.812 
749,-31.250 
749,-46.516 
749,-39.974 
749,-28.125 
749,117.062 
750,-6.641 
750,-8.854 
750,-16.292 
750,-30.354 
750,-37.125 
750,80.312 
751,-6.641 
751,-8.854 
751,-26.042 
751,-28.271 
751,-35.042 
751,107.312 
752,-7.812 
752,-28.516 
752,-26.432 
752,-37.271 
752,-26.042 
752,119.146 
753,-6.641 
753,-9.766 
753,-7.682 
753,-13.891 
753,-8.724 
753,109.104 
754,-6.641 
754,-9.766 
754,-30.932 
754,-28.271 
754,-20.792 
754,128.146 
755,-6.641 
755,-14.266 
755,-28.516 
755,-48.062 
755,-40.583 
755,109.104 
756,-6.641 
756,-9.766 
756,-26.432 
756,-47.021 
756,-39.542 
756,119.146 
757,-6.641 
757,-8.854 
757,-16.292 
757,-9.521 
757,-22.875 
757,117.062 
758,-6.641 
758,-14.266 
758,-28.516 
758,-25.724 
758,-13.224 
758,126.062 
759,-6.641 
759,-9.766 
759,-16.682 
759,-21.224 
759,-45.083 
759,109.104 
760,-6.641 
760,-8.854 
760,-26.042 
760,-28.271 
760,-37.125 
760,107.312 
761,-7.812 
761,-14.917 
761,-12.182 
761,-9.521 
761,-20.792 
761,119.146 
762,-7.812 
762,-31.250 
762,-28.516 
762,-34.724 
762,-13.224 
762,100.104 
763,-7.812 
763,-31.250 
763,-37.516 
763,-44.474 
763,-40.974 
763,107.312 
764,-7.812 
764,-14.917 
764,-35.432 
764,-32.641 
764,-11.792 
764,99.062 
765,-7.812 
765,-18.766 
765,-37.516 
765,-39.974 
765,-40.974 
765,117.062 
766,-7.812 
766,-10.417 
766,-7.812 
766,-29.833 
766,-35.724 
766,108.062 
767,-7.812 
767,-10.417 
767,-16.812 
767,-25.333 
767,-54.474 
767,80.312 
768,-7.812 
768,-10.417 
768,-33.146 
768,-25.724 
768,-34.057 
768,105.979 
769,-6.641 
769,-14.266 
769,-12.182 
769,-23.641 
769,-44.042 
769,80.312 
770,-7.812 
770,-9.766 
770,-34.000 
770,-27.229 
770,-36.083 
770,109.104 
771,-7.812 
771,-28.516 
771,-26.432 
771,-47.021 
771,-39.542 
771,107.312 
772,-7.812 
772,-9.766 
772,-26.432 
772,-47.021 
772,-35.042 
772,119.146 
773,-6.641 
773,-8.854 
773,-35.042 
773,-28.271 
773,-26.042 
773,119.146 
774,-6.641 
774,-26.562 
774,-29.500 
774,-31.729 
774,-36.083 
774,109.104 
775,-6.641 
775,-9.766 
775,-7.682 
775,-18.521 
775,-18.375 
775,108.062 
776,-6.641 
776,-14.266 
776,-12.182 
776,-21.224 
776,-13.224 
776,126.062 
777,-6.641 
777,-9.766 
777,-16.682 
777,-4.891 
777,-16.292 
777,119.146 
778,-6.641 
778,-9.766 
778,-16.292 
778,-23.771 
778,-30.542 
778,107.312 
779,-6.641 
779,-9.766 
779,-26.432 
779,-39.974 
779,-55.125 
779,99.062 
780,-7.812 
780,-31.250 
780,-28.646 
780,-57.974 
780,-40.974 
780,117.062 
781,-7.812 
781,-18.766 
781,-26.432 
781,-38.021 
781,-39.542 
781,107.312 
782,-7.812 
782,-18.766 
782,-12.182 
782,-34.724 
782,-31.974 
782,107.312 
783,-6.641 
783,-14.266 
783,-28.516 
783,-25.724 
783,-31.974 
783,107.312 
784,-6.641 
784,-14.266 
784,-12.182 
784,-27.229 
784,-36.083 
784,88.271 
785,-7.812 
785,-10.417 
785,-26.432 
785,-47.021 
785,-39.542 
785,119.146 
786,-6.641 
786,-9.766 
786,-7.682 
786,-21.224 
786,-40.974 
786,107.312 
787,-6.641 
787,-9.766 
787,-26.432 
787,-19.141 
787,-40.974 
787,108.062 
788,-7.812 
788,-9.766 
788,-16.292 
788,-25.854 
788,-32.625 
788,107.312 
789,-7.812 
789,-9.766 
789,-16.292 
789,-25.854 
789,-22.875 
789,108.062 
790,-6.641 
790,-9.766 
790,-28.516 
790,-21.224 
790,-40.974 
790,107.312 
791,-7.812 
791,-9.766 
791,-26.432 
791,-37.271 
791,-39.542 
791,101.146 
792,-7.812 
792,-9.766 
792,-16.682 
792,-28.271 
792,-41.625 
792,99.062 
793,-7.812 
793,-9.766 
793,-7.682 
793,-36.229 
793,-15.250 
793,109.104 
794,-7.812 
794,-10.417 
794,-25.682 
794,-18.229 
794,-36.083 
794,100.104 
795,-6.641 
795,-28.516 
795,-39.932 
795,-32.641 
795,-11.792 
795,99.062 
796,-7.812 
796,-14.266 
796,-26.042 
796,-32.771 
796,-41.625 
796,99.062 
797,-7.812 
797,-14.266 
797,-12.182 
797,-25.724 
797,-31.974 
797,99.062 
798,-7.812 
798,-14.917 
798,-35.432 
798,-32.641 
798,-40.974 
798,80.312 
799,-7.812 
799,-10.417 
799,-28.646 
799,-39.974 
799,-55.125 
799,99.062 
800,-7.812 
800,-9.766 
800,-28.516 
800,-57.062 
800,-36.083 
800,100.104 
801,-7.812 
801,-28.516 
801,-35.432 
801,-23.641 
801,-11.141 
801,119.146 
802,-7.812 
802,-28.516 
802,-30.932 
802,-23.771 
802,-39.542 
802,119.146 
803,-6.641 
803,-28.516 
803,-35.042 
803,-28.271 
803,-26.042 
803,119.146 
804,-6.641 
804,-14.266 
804,-28.516 
804,-44.474 
804,-46.125 
804,107.312 
805,-7.812 
805,-10.417 
805,-7.682 
805,-28.271 
805,-37.125 
805,117.062 
806,-7.812 
806,-18.766 
806,-16.682 
806,-19.271 
806,-39.542 
806,80.312 
807,-7.812 
807,-10.417 
807,-33.146 
807,-39.224 
807,-32.625 
807,108.062 
808,-7.812 
808,-14.917 
808,-12.312 
808,-37.141 
808,-30.542 
808,101.146 
809,-7.812 
809,-14.266 
809,-12.182 
809,-27.229 
809,-40.583 
809,88.271 
810,-6.641 
810,-9.766 
810,-34.000 
810,-27.229 
810,-15.250 
810,109.104 
811,-6.641 
811,-26.562 
811,-34.000 
811,-48.062 
811,-36.083 
811,88.271 
812,-6.641 
812,-8.854 
812,-11.792 
812,-32.771 
812,-20.792 
812,108.062 
813,-6.641 
813,-9.766 
813,-7.682 
813,-28.271 
813,-37.125 
813,107.312 
814,-6.641 
814,-28.516 
814,-26.432 
814,-32.641 
814,-25.292 
814,119.146 
815,-6.641 
815,-18.766 
815,-16.682 
815,-19.271 
815,-37.125 
815,108.062 
816,-7.812 
816,-14.917 
816,-12.312 
816,-19.141 
816,-35.042 
816,128.146 
817,-7.812 
817,-9.766 
817,-7.682 
817,-30.224 
817,-37.125 
817,107.312 
818,-7.812 
818,-9.766 
818,-26.432 
818,-37.271 
818,-37.125 
818,108.062 
819,-6.641 
819,-9.766 
819,-30.932 
819,-23.641 
819,-25.292 
819,128.146 
820,-7.812 
820,-28.516 
820,-26.432 
820,-37.271 
820,-20.792 
820,99.062 
821,-6.641 
821,-9.766 
821,-16.292 
821,-9.521 
821,-20.792 
821,108.062 
822,-6.641 
822,-9.766 
822,-26.042 
822,-28.271 
822,-37.125 
822,107.312 
823,-6.641 
823,-28.516 
823,-35.432 
823,-23.641 
823,-44.042 
823,101.146 
824,-6.641 
824,-8.854 
824,-26.042 
824,-47.021 
824,-35.042 
824,119.146 
825,-6.641 
825,-9.766 
825,-26.042 
825,-28.271 
825,-16.292 
825,126.062 
826,-6.641 
826,-8.854 
826,-16.292 
826,-28.271 
826,-37.125 
826,108.062 
827,-6.641 
827,-9.766 
827,-7.682 
827,-28.271 
827,-16.292 
827,126.062 
828,-6.641 
828,-28.516 
828,-35.432 
828,-23.641 
828,-11.141 
828,119.146 
829,-6.641 
829,-28.516 
829,-26.432 
829,-19.141 
829,-44.042 
829,107.312 
830,-6.641 
830,-26.562 
830,-34.000 
830,-27.229 
830,-36.083 
830,109.104 
831,-7.812 
831,-28.516 
831,-30.542 
831,-32.771 
831,-39.542 
831,80.312 
832,-6.641 
832,-28.516 
832,-26.432 
832,-37.271 
832,-20.792 
832,99.062 
833,-6.641 
833,-28.516 
833,-35.432 
833,-23.641 
833,-11.141 
833,101.146 
834,-6.641 
834,-9.766 
834,-26.432 
834,-37.271 
834,-16.292 
834,108.062 
835,-7.812 
835,-14.917 
835,-12.182 
835,-4.891 
835,-11.141 
835,119.146 
836,-6.641 
836,-9.766 
836,-16.292 
836,-19.271 
836,-16.292 
836,128.146 
837,-6.641 
837,-9.766 
837,-28.516 
837,-57.062 
837,-40.583 
837,88.271 
838,-7.812 
838,-28.516 
838,-26.432 
838,-19.141 
838,-40.974 
838,107.312 
839,-6.641 
839,-9.766 
839,-7.682 
839,-28.141 
839,-11.141 
839,128.146 
840,-7.812 
840,-28.516 
840,-35.432 
840,-23.641 
840,-35.042 
840,107.312 
841,-6.641 
841,-9.766 
841,-7.682 
841,-28.271 
841,-35.042 
841,107.312 
842,-6.641 
842,-9.766 
842,-7.682 
842,-30.224 
842,-13.224 
842,126.062 
843,-6.641 
843,-9.766 
843,-33.016 
843,-30.354 
843,-22.875 
843,126.062 
844,-6.641 
844,-28.516 
844,-35.042 
844,-28.271 
844,-37.125 
844,107.312 
845,-6.641 
845,-9.766 
845,-26.432 
845,-19.141 
845,-24.641 
845,101.146 
846,-6.641 
846,-28.516 
846,-35.042 
846,-28.271 
846,-26.042 
846,119.146 
847,-6.641 
847,-8.854 
847,-26.042 
847,-28.271 
847,-37.125 
847,107.312 
848,-7.812 
848,-9.766 
848,-26.432 
848,-19.141 
848,-24.641 
848,119.146 
849,-6.641 
849,-9.766 
849,-28.516 
849,-48.974 
849,-31.974 
849,107.312 
850,-6.641 
850,-9.766 
850,-7.682 
850,-30.224 
850,-27.375 
850,105.979 
851,-6.641 
851,-28.516 
851,-35.042 
851,-28.271 
851,-16.292 
851,108.062 
852,-6.641 
852,-9.766 
852,-28.516 
852,-34.724 
852,-31.974 
852,99.062 
853,-6.641 
853,-9.766 
853,-30.932 
853,-23.641 
853,-35.042 
853,107.312 
854,-6.641 
854,-9.766 
854,-7.682 
854,-30.224 
854,-13.224 
854,126.062 
855,-6.641 
855,-28.516 
855,-26.432 
855,-19.141 
855,-34.292 
855,108.062 
856,-6.641 
856,-9.766 
856,-26.432 
856,-32.641 
856,-25.292 
856,119.146 
857,-6.641 
857,-9.766 
857,-7.682 
857,-36.229 
857,-36.083 
857,88.271 
858,-6.641 
858,-28.516 
858,-26.432 
858,-32.641 
858,-25.292 
858,108.062 
859,-7.812 
859,-14.917 
859,-30.932 
859,-39.974 
859,-46.125 
859,107.312 
860,-6.641 
860,-14.266 
860,-7.292 
860,-30.354 
860,-22.875 
860,108.062 
861,-6.641 
861,-9.766 
861,-33.016 
861,-30.354 
861,-32.625 
861,126.062 
862,-6.641 
862,-9.766 
862,-16.682 
862,-21.224 
862,-13.224 
862,126.062 
863,-6.641 
863,-28.516 
863,-26.432 
863,-19.141 
863,-40.974 
863,107.312 
864,-6.641 
864,-9.766 
864,-16.292 
864,-9.521 
864,-16.292 
864,108.062 
865,-7.812 
865,-14.917 
865,-26.432 
865,-44.474 
865,-46.125 
865,107.312 
866,-6.641 
866,-14.266 
866,-28.516 
866,-44.474 
866,-31.974 
866,107.312 
867,-6.641 
867,-8.854 
867,-26.042 
867,-28.271 
867,-20.792 
867,117.062 
868,-7.812 
868,-9.766 
868,-7.682 
868,-13.891 
868,-8.724 
868,126.062 
869,-6.641 
869,-8.854 
869,-11.792 
869,-23.771 
869,-37.125 
869,107.312 
870,-6.641 
870,-9.766 
870,-7.682 
870,-19.141 
870,-44.042 
870,107.312 
871,-7.812 
871,-28.516 
871,-35.432 
871,-23.641 
871,-11.141 
871,119.146 
872,-6.641 
872,-9.766 
872,-7.682 
872,-30.224 
872,-31.974 
872,107.312 
873,-7.812 
873,-31.250 
873,-46.516 
873,-48.974 
873,-40.974 
873,99.062 
874,-6.641 
874,-18.766 
874,-37.516 
874,-30.224 
874,-38.557 
874,105.979 
875,-7.812 
875,-10.417 
875,-7.682 
875,-19.141 
875,-44.042 
875,119.146 
876,-7.812 
876,-14.917 
876,-12.182 
876,-4.891 
876,-24.250 
876,109.104 
877,-6.641 
877,-28.516 
877,-35.042 
877,-28.271 
877,-16.292 
877,108.062 
878,-6.641 
878,-9.766 
878,-28.516 
878,-57.062 
878,-36.083 
878,88.271 
879,-7.812 
879,-18.766 
879,-12.182 
879,-23.641 
879,-30.542 
879,119.146 
880,-6.641 
880,-9.766 
880,-30.932 
880,-38.021 
880,-39.542 
880,128.146 
881,-6.641 
881,-28.516 
881,-26.432 
881,-19.141 
881,-40.974 
881,107.312 
882,-6.641 
882,-14.266 
882,-30.932 
882,-23.641 
882,-35.042 
882,107.312 
883,-6.641 
883,-9.766 
883,-26.432 
883,-32.641 
883,-35.042 
883,107.312 
884,-6.641 
884,-9.766 
884,-28.516 
884,-34.724 
884,-29.557 
884,105.979 
885,-7.812 
885,-14.917 
885,-16.682 
885,-23.641 
885,-11.792 
885,119.146 
886,-7.812 
886,-28.516 
886,-35.432 
886,-19.271 
886,-37.125 
886,117.062 
887,-7.812 
887,-18.766 
887,-37.516 
887,-30.224 
887,-31.583 
887,88.271 
888,-6.641 
888,-9.766 
888,-28.516 
888,-57.062 
888,-40.583 
888,100.104 
889,-6.641 
889,-9.766 
889,-16.292 
889,-30.354 
889,-28.125 
889,117.062 
890,-6.641 
890,-9.766 
890,-33.016 
890,-44.474 
890,-31.974 
890,108.062 
891,-6.641 
891,-14.266 
891,-12.182 
891,-19.271 
891,-39.542 
891,119.146 
892,-6.641 
892,-9.766 
892,-28.516 
892,-39.974 
892,-45.474 
892,99.062 
893,-6.641 
893,-9.766 
893,-34.000 
893,-43.562 
893,-40.583 
893,88.271 
894,-7.812 
894,-31.250 
894,-46.516 
894,-21.354 
894,-18.375 
894,108.062 
895,-7.812 
895,-10.417 
895,-7.812 
895,-19.141 
895,-40.974 
895,108.062 
896,-7.812 
896,-10.417 
896,-33.146 
896,-44.474 
896,-46.125 
896,108.062 
897,-7.812 
897,-31.250 
897,-28.646 
897,-21.224 
897,-54.083 
897,100.104 
898,-6.641 
898,-9.766 
898,-34.000 
898,-27.229 
898,-36.083 
898,109.104 
899,-7.812 
899,-28.516 
899,-26.432 
899,-32.641 
899,-35.042 
899,107.312 
900,-7.812 
900,-31.250 
900,-46.516 
900,-21.354 
900,-22.875 
900,99.062 
901,-6.641 
901,-9.766 
901,-28.516 
901,-34.724 
901,-29.557 
901,88.271 
902,-6.641 
902,-9.766 
902,-33.016 
902,-48.062 
902,-40.583 
902,88.271 
903,-6.641 
903,-28.516 
903,-30.932 
903,-23.641 
903,-11.141 
903,128.146 
904,-6.641 
904,-9.766 
904,-26.432 
904,-19.141 
904,-34.292 
904,108.062 
905,-6.641 
905,-26.562 
905,-29.500 
905,-48.062 
905,-40.583 
905,88.271 
906,-6.641 
906,-9.766 
906,-33.016 
906,-48.062 
906,-40.583 
906,109.104 
907,-7.812 
907,-14.917 
907,-28.646 
907,-44.474 
907,-46.125 
907,108.062 
908,-7.812 
908,-9.766 
908,-11.792 
908,-23.771 
908,-39.542 
908,119.146 
909,-6.641 
909,-28.516 
909,-30.932 
909,-28.271 
909,-41.625 
909,107.312 
910,-6.641 
910,-9.766 
910,-7.682 
910,-28.271 
910,-35.042 
910,128.146 
911,-7.812 
911,-31.250 
911,-33.016 
911,-44.474 
911,-31.974 
911,107.312 
912,-7.812 
912,-18.766 
912,-7.292 
912,-9.521 
912,-18.375 
912,105.979 
913,-7.812 
913,-18.766 
913,-16.682 
913,-28.141 
913,-40.974 
913,80.312 
914,-7.812 
914,-10.417 
914,-25.682 
914,-19.271 
914,-39.542 
914,80.312 
915,-7.812 
915,-18.766 
915,-7.292 
915,-28.271 
915,-37.125 
915,99.062 
916,-7.812 
916,-31.250 
916,-33.146 
916,-46.167 
916,-34.057 
916,105.979 
917,-6.641 
917,-9.766 
917,-26.042 
917,-28.271 
917,-39.542 
917,119.146 
918,-6.641 
918,-14.266 
918,-12.182 
918,-4.891 
918,-16.292 
918,117.062 
919,-6.641 
919,-8.854 
919,-16.292 
919,-9.521 
919,-11.792 
919,117.062 
920,-6.641 
920,-9.766 
920,-16.292 
920,-19.271 
920,-35.042 
920,107.312 
921,-6.641 
921,-8.854 
921,-26.042 
921,-47.021 
921,-39.542 
921,119.146 
922,-6.641 
922,-8.854 
922,-35.042 
922,-28.271 
922,-37.125 
922,107.312 
923,-6.641 
923,-9.766 
923,-33.016 
923,-25.724 
923,-31.974 
923,107.312 
924,-6.641 
924,-28.516 
924,-35.042 
924,-28.271 
924,-39.542 
924,101.146 
925,-6.641 
925,-14.266 
925,-12.182 
925,-4.891 
925,-13.224 
925,100.104 
926,-7.812 
926,-9.766 
926,-26.432 
926,-32.641 
926,-11.141 
926,101.146 
927,-6.641 
927,-8.854 
927,-16.292 
927,-19.271 
927,-35.042 
927,107.312 
928,-6.641 
928,-28.516 
928,-26.432 
928,-32.641 
928,-11.141 
928,119.146 
929,-6.641 
929,-28.516 
929,-30.932 
929,-44.474 
929,-46.125 
929,108.062 
930,-7.812 
930,-14.917 
930,-26.432 
930,-32.641 
930,-20.141 
930,119.146 
931,-7.812 
931,-28.516 
931,-30.932 
931,-23.641 
931,-31.974 
931,108.062 
932,-6.641 
932,-9.766 
932,-30.932 
932,-44.474 
932,-46.125 
932,108.062 
933,-7.812 
933,-10.417 
933,-7.682 
933,-28.141 
933,-11.141 
933,128.146 
934,-6.641 
934,-8.854 
934,-35.042 
934,-38.021 
934,-39.542 
934,119.146 
935,-7.812 
935,-10.417 
935,-7.812 
935,-37.141 
935,-26.042 
935,107.312 
936,-7.812 
936,-9.766 
936,-33.016 
936,-25.724 
936,-31.974 
936,107.312 
937,-7.812 
937,-10.417 
937,-33.146 
937,-44.474 
937,-31.974 
937,108.062 
938,-7.812 
938,-10.417 
938,-35.432 
938,-28.141 
938,-30.542 
938,107.312 
939,-7.812 
939,-31.250 
939,-28.646 
939,-34.333 
939,-27.474 
939,107.312 
940,-6.641 
940,-26.562 
940,-34.000 
940,-43.562 
940,-40.583 
940,88.271 
941,-6.641 
941,-9.766 
941,-16.682 
941,-25.724 
941,-29.557 
941,88.271 
942,-6.641 
942,-9.766 
942,-28.516 
942,-34.724 
942,-13.224 
942,99.062 
943,-7.812 
943,-9.766 
943,-26.042 
943,-32.771 
943,-30.542 
943,128.146 
944,-6.641 
944,-28.516 
944,-26.432 
944,-37.271 
944,-39.542 
944,80.312 
945,-6.641 
945,-9.766 
945,-30.932 
945,-23.641 
945,-31.974 
945,107.312 
946,-7.812 
946,-14.266 
946,-12.182 
946,-25.724 
946,-46.125 
946,99.062 
947,-6.641 
947,-9.766 
947,-7.682 
947,-21.224 
947,-26.724 
947,99.062 
948,-6.641 
948,-8.854 
948,-11.792 
948,-14.021 
948,-22.875 
948,117.062 
949,-6.641 
949,-28.516 
949,-26.432 
949,-32.641 
949,-35.042 
949,107.312 
950,-6.641 
950,-8.854 
950,-26.042 
950,-32.771 
950,-20.792 
950,108.062 
951,-6.641 
951,-8.854 
951,-16.292 
951,-9.521 
951,-16.292 
951,108.062 
952,-7.812 
952,-14.917 
952,-33.146 
952,-25.724 
952,-29.557 
952,105.979 
953,-7.812 
953,-28.516 
953,-26.042 
953,-42.521 
953,-39.542 
953,128.146 
954,-6.641 
954,-28.516 
954,-30.932 
954,-44.474 
954,-31.974 
954,107.312 
955,-6.641 
955,-9.766 
955,-34.000 
955,-48.062 
955,-40.583 
955,100.104 
956,-6.641 
956,-26.562 
956,-34.000 
956,-27.229 
956,-15.250 
956,109.104 
957,-6.641 
957,-28.516 
957,-26.432 
957,-32.641 
957,-35.042 
957,119.146 
958,-6.641 
958,-28.516 
958,-35.042 
958,-28.271 
958,-26.042 
958,107.312 
959,-6.641 
959,-9.766 
959,-16.292 
959,-9.521 
959,-16.292 
959,128.146 
960,-6.641 
960,-9.766 
960,-26.432 
960,-19.141 
960,-44.042 
960,119.146 
961,-6.641 
961,-9.766 
961,-26.432 
961,-37.271 
961,-37.125 
961,80.312 
962,-6.641 
962,-14.266 
962,-28.516 
962,-25.724 
962,-27.375 
962,105.979 
963,-6.641 
963,-14.266 
963,-28.516 
963,-30.354 
963,-22.875 
963,108.062 
964,-6.641 
964,-28.516 
964,-35.432 
964,-47.021 
964,-39.542 
964,80.312 
965,-6.641 
965,-9.766 
965,-7.682 
965,-28.141 
965,-35.042 
965,107.312 
966,-6.641 
966,-28.516 
966,-26.432 
966,-39.974 
966,-55.125 
966,99.062 
967,-6.641 
967,-14.266 
967,-30.932 
967,-28.271 
967,-20.792 
967,108.062 
968,-6.641 
968,-9.766 
968,-28.516 
968,-39.974 
968,-45.474 
968,80.312 
969,-6.641 
969,-8.854 
969,-26.042 
969,-42.521 
969,-39.542 
969,107.312 
970,-6.641 
970,-9.766 
970,-16.292 
970,-9.521 
970,-18.375 
970,108.062 
971,-6.641 
971,-9.766 
971,-7.682 
971,-28.271 
971,-20.792 
971,119.146 
972,-6.641 
972,-9.766 
972,-16.682 
972,-23.641 
972,-35.042 
972,107.312 
973,-7.812 
973,-14.266 
973,-12.182 
973,-21.224 
973,-13.224 
973,126.062 
974,-7.812 
974,-14.917 
974,-12.312 
974,-37.141 
974,-11.792 
974,99.062 
975,-7.812 
975,-28.516 
975,-30.932 
975,-23.641 
975,-31.974 
975,107.312 
976,-6.641 
976,-8.854 
976,-26.042 
976,-32.771 
976,-20.792 
976,108.062 
977,-6.641 
977,-14.266 
977,-12.182 
977,-19.271 
977,-37.125 
977,126.062 
978,-6.641 
978,-28.516 
978,-35.432 
978,-28.141 
978,-26.042 
978,107.312 
979,-6.641 
979,-18.766 
979,-16.682 
979,-19.271 
979,-39.542 
979,80.312 
980,-6.641 
980,-9.766 
980,-21.182 
980,-30.224 
980,-32.625 
980,107.312 
981,-6.641 
981,-9.766 
981,-29.500 
981,-31.729 
981,-36.083 
981,88.271 
982,-6.641 
982,-18.766 
982,-26.042 
982,-28.271 
982,-30.542 
982,119.146 
983,-6.641 
983,-9.766 
983,-7.682 
983,-30.224 
983,-27.375 
983,108.062 
984,-6.641 
984,-26.562 
984,-34.000 
984,-27.229 
984,-36.083 
984,88.271 
985,-6.641 
985,-14.266 
985,-7.292 
985,-30.354 
985,-32.625 
985,126.062 
986,-6.641 
986,-26.562 
986,-29.500 
986,-31.729 
986,-40.583 
986,88.271 
987,-6.641 
987,-9.766 
987,-16.682 
987,-4.891 
987,-16.292 
987,119.146 
988,-6.641 
988,-8.854 
988,-16.292 
988,-28.271 
988,-20.792 
988,108.062 
989,-6.641 
989,-9.766 
989,-26.042 
989,-28.271 
989,-37.125 
989,107.312 
990,-6.641 
990,-9.766 
990,-7.682 
990,-13.891 
990,-8.724 
990,126.062 
991,-6.641 
991,-9.766 
991,-28.516 
991,-48.974 
991,-31.974 
991,108.062 
992,-6.641 
992,-8.854 
992,-16.292 
992,-30.354 
992,-37.125 
992,108.062 
993,-7.812 
993,-14.917 
993,-28.646 
993,-25.724 
993,-34.057 
993,88.271 
994,-6.641 
994,-8.854 
994,-16.292 
994,-30.354 
994,-22.875 
994,117.062 
995,-6.641 
995,-9.766 
995,-26.042 
995,-28.271 
995,-20.792 
995,119.146 
996,-6.641 
996,-28.516 
996,-26.042 
996,-42.521 
996,-39.542 
996,107.312 
997,-6.641 
997,-8.854 
997,-26.042 
997,-47.021 
997,-39.542 
997,119.146 
998,-6.641 
998,-9.766 
998,-7.682 
998,-28.271 
998,-37.125 
998,126.062 
999,-6.641 
999,-28.516 
999,-35.042 
999,-28.271 
999,-26.042 
999,119.146 
1000,-6.641 
1000,-28.516 
1000,-30.932 
1000,-23.641 
1000,-31.974 
1000,108.062 
1001,-6.641 
1001,-9.766 
1001,-7.682 
1001,-30.224 
1001,-37.125 
1001,126.062 
1002,-6.641 
1002,-9.766 
1002,-28.516 
1002,-39.354 
1002,-41.625 
1002,80.312 
1003,-6.641 
1003,-9.766 
1003,-28.516 
1003,-34.724 
1003,-46.125 
1003,80.312 
1004,-6.641 
1004,-28.516 
1004,-35.042 
1004,-38.021 
1004,-35.042 
1004,119.146 
1005,-6.641 
1005,-8.854 
1005,-35.042 
1005,-28.271 
1005,-30.542 
1005,119.146 
1006,-6.641 
1006,-14.266 
1006,-12.182 
1006,-21.224 
1006,-45.083 
1006,88.271 
1007,-6.641 
1007,-28.516 
1007,-26.432 
1007,-37.271 
1007,-16.292 
1007,101.146 
1008,-7.812 
1008,-10.417 
1008,-26.432 
1008,-37.271 
1008,-37.125 
1008,99.062 
1009,-6.641 
1009,-26.562 
1009,-34.000 
1009,-48.062 
1009,-40.583 
1009,100.104 
1010,-6.641 
1010,-28.516 
1010,-26.042 
1010,-32.771 
1010,-30.542 
1010,128.146 
1011,-6.641 
1011,-28.516 
1011,-35.432 
1011,-39.974 
1011,-46.125 
1011,108.062 
1012,-6.641 
1012,-26.562 
1012,-34.000 
1012,-27.229 
1012,-36.083 
1012,88.271 
1013,-6.641 
1013,-9.766 
1013,-26.432 
1013,-37.271 
1013,-16.292 
1013,108.062 
1014,-6.641 
1014,-28.516 
1014,-26.432 
1014,-32.641 
1014,-35.042 
1014,119.146 
1015,-7.812 
1015,-14.917 
1015,-12.182 
1015,-4.891 
1015,-25.292 
1015,99.062 
1016,-7.812 
1016,-9.766 
1016,-7.682 
1016,-30.224 
1016,-13.224 
1016,109.104 
1017,-6.641 
1017,-28.516 
1017,-35.042 
1017,-28.271 
1017,-39.542 
1017,80.312 
1018,-6.641 
1018,-14.266 
1018,-12.182 
1018,-9.521 
1018,-18.375 
1018,126.062 
1019,-6.641 
1019,-28.516 
1019,-26.432 
1019,-32.641 
1019,-11.141 
1019,101.146 
1020,-6.641 
1020,-9.766 
1020,-26.042 
1020,-47.021 
1020,-35.042 
1020,119.146 
1021,-6.641 
1021,-9.766 
1021,-16.682 
1021,-25.724 
1021,-45.083 
1021,100.104 
1022,-6.641 
1022,-9.766 
1022,-28.516 
1022,-39.974 
1022,-45.474 
1022,99.062 
1023,-6.641 
1023,-14.266 
1023,-28.516 
1023,-30.354 
1023,-32.625 
1023,126.062 
1024,-6.641 
1024,-9.766 
1024,-16.682 
1024,-4.891 
1024,-16.292 
1024,119.146 
1025,-6.641 
1025,-18.766 
1025,-37.516 
1025,-21.354 
1025,-37.125 
1025,80.312 
1026,-6.641 
1026,-18.766 
1026,-26.432 
1026,-28.141 
1026,-36.474 
1026,107.312 
1027,-7.812 
1027,-9.766 
1027,-37.516 
1027,-44.474 
1027,-32.625 
1027,107.312 
1028,-7.812 
1028,-28.516 
1028,-39.932 
1028,-42.521 
1028,-39.542 
1028,80.312 
1029,-7.812 
1029,-14.917 
1029,-26.432 
1029,-23.641 
1029,-35.042 
1029,128.146 
1030,-6.641 
1030,-9.766 
1030,-16.292 
1030,-23.771 
1030,-41.625 
1030,108.062 
1031,-6.641 
1031,-14.266 
1031,-7.292 
1031,-14.021 
1031,-20.792 
1031,108.062 
1032,-6.641 
1032,-28.516 
1032,-26.432 
1032,-19.141 
1032,-40.974 
1032,108.062 
1033,-6.641 
1033,-28.516 
1033,-26.042 
1033,-32.771 
1033,-30.542 
1033,107.312 
1034,-7.812 
1034,-14.266 
1034,-12.182 
1034,-21.224 
1034,-34.057 
1034,105.979 
1035,-6.641 
1035,-9.766 
1035,-16.292 
1035,-25.854 
1035,-32.625 
1035,107.312 
1036,-6.641 
1036,-28.516 
1036,-30.932 
1036,-44.474 
1036,-46.125 
1036,107.312 
1037,-6.641 
1037,-8.854 
1037,-16.292 
1037,-9.521 
1037,-7.292 
1037,128.146 
1038,-6.641 
1038,-9.766 
1038,-26.432 
1038,-47.021 
1038,-35.042 
1038,107.312 
1039,-6.641 
1039,-9.766 
1039,-16.292 
1039,-28.271 
1039,-37.125 
1039,107.312 
1040,-6.641 
1040,-8.854 
1040,-16.292 
1040,-30.354 
1040,-18.375 
1040,99.062 
1041,-6.641 
1041,-9.766 
1041,-30.932 
1041,-28.271 
1041,-41.625 
1041,108.062 
1042,-6.641 
1042,-9.766 
1042,-16.292 
1042,-23.771 
1042,-20.792 
1042,128.146 
1043,-6.641 
1043,-28.516 
1043,-26.432 
1043,-47.021 
1043,-35.042 
1043,119.146 
1044,-6.641 
1044,-28.516 
1044,-26.432 
1044,-19.141 
1044,-40.974 
1044,108.062 
1045,-6.641 
1045,-28.516 
1045,-26.432 
1045,-32.641 
1045,-44.042 
1045,101.146 
1046,-7.812 
1046,-28.516 
1046,-26.042 
1046,-28.271 
1046,-16.292 
1046,126.062 
1047,-7.812 
1047,-10.417 
1047,-7.682 
1047,-28.271 
1047,-37.125 
1047,126.062 
1048,-6.641 
1048,-9.766 
1048,-7.682 
1048,-30.224 
1048,-13.224 
1048,126.062 
1049,-6.641 
1049,-9.766 
1049,-26.042 
1049,-28.271 
1049,-37.125 
1049,126.062 
1050,-7.812 
1050,-14.266 
1050,-12.182 
1050,-27.229 
1050,-36.083 
1050,88.271 
1051,-6.641 
1051,-9.766 
1051,-16.292 
1051,-19.271 
1051,-16.292 
1051,128.146 
1052,-6.641 
1052,-8.854 
1052,-30.542 
1052,-51.521 
1052,-39.542 
1052,80.312 
1053,-6.641 
1053,-28.516 
1053,-26.432 
1053,-19.141 
1053,-44.042 
1053,119.146 
1054,-6.641 
1054,-14.266 
1054,-12.182 
1054,-28.271 
1054,-39.542 
1054,101.146 
1055,-6.641 
1055,-28.516 
1055,-26.432 
1055,-32.641 
1055,-35.042 
1055,107.312 
1056,-6.641 
1056,-14.266 
1056,-12.182 
1056,-4.891 
1056,-24.250 
1056,109.104 
1057,-6.641 
1057,-9.766 
1057,-7.682 
1057,-13.891 
1057,-24.250 
1057,100.104 
1058,-6.641 
1058,-28.516 
1058,-30.932 
1058,-38.021 
1058,-39.542 
1058,128.146 
1059,-6.641 
1059,-9.766 
1059,-7.682 
1059,-13.891 
1059,-8.724 
1059,126.062 
1060,-6.641 
1060,-9.766 
1060,-16.292 
1060,-19.271 
1060,-20.792 
1060,126.062 
1061,-6.641 
1061,-28.516 
1061,-30.932 
1061,-44.474 
1061,-46.125 
1061,108.062 
1062,-6.641 
1062,-28.516 
1062,-35.432 
1062,-28.271 
1062,-37.125 
1062,107.312 
1063,-6.641 
1063,-9.766 
1063,-28.516 
1063,-39.354 
1063,-18.375 
1063,108.062 
1064,-6.641 
1064,-14.266 
1064,-28.516 
1064,-25.724 
1064,-27.375 
1064,105.979 
1065,-6.641 
1065,-9.766 
1065,-7.682 
1065,-13.891 
1065,-24.250 
1065,100.104 
1066,-6.641 
1066,-9.766 
1066,-30.932 
1066,-23.641 
1066,-31.974 
1066,108.062 
1067,-6.641 
1067,-9.766 
1067,-7.682 
1067,-13.891 
1067,-13.224 
1067,117.062 
1068,-6.641 
1068,-9.766 
1068,-28.516 
1068,-34.724 
1068,-45.083 
1068,88.271 
1069,-6.641 
1069,-9.766 
1069,-16.682 
1069,-4.891 
1069,-16.292 
1069,119.146 
1070,-7.812 
1070,-10.417 
1070,-35.432 
1070,-28.141 
1070,-30.542 
1070,107.312 
1071,-6.641 
1071,-8.854 
1071,-26.042 
1071,-28.271 
1071,-16.292 
1071,126.062 
1072,-6.641 
1072,-9.766 
1072,-16.682 
1072,-28.271 
1072,-20.792 
1072,99.062 
1073,-6.641 
1073,-14.266 
1073,-12.182 
1073,-25.724 
1073,-29.557 
1073,105.979 
1074,-6.641 
1074,-9.766 
1074,-7.682 
1074,-13.891 
1074,-13.224 
1074,117.062 
1075,-7.812 
1075,-10.417 
1075,-25.682 
1075,-28.141 
1075,-30.542 
1075,101.146 
1076,-7.812 
1076,-10.417 
1076,-33.146 
1076,-25.724 
1076,-37.125 
1076,126.062 
1077,-7.812 
1077,-31.250 
1077,-37.516 
1077,-34.724 
1077,-22.224 
1077,108.062 
1078,-6.641 
1078,-9.766 
1078,-28.516 
1078,-21.224 
1078,-54.083 
1078,88.271 
1079,-6.641 
1079,-9.766 
1079,-16.292 
1079,-23.771 
1079,-20.792 
1079,108.062 
1080,-6.641 
1080,-14.266 
1080,-28.516 
1080,-44.474 
1080,-46.125 
1080,108.062 
1081,-6.641 
1081,-9.766 
1081,-34.000 
1081,-27.229 
1081,-40.583 
1081,100.104 
1082,-6.641 
1082,-14.266 
1082,-12.182 
1082,-4.891 
1082,-16.292 
1082,117.062 
1083,-6.641 
1083,-9.766 
1083,-16.292 
1083,-30.354 
1083,-37.125 
1083,80.312 
1084,-6.641 
1084,-9.766 
1084,-7.682 
1084,-30.224 
1084,-27.375 
1084,108.062 
1085,-6.641 
1085,-9.766 
1085,-7.682 
1085,-28.271 
1085,-35.042 
1085,128.146 
1086,-6.641 
1086,-8.854 
1086,-35.042 
1086,-28.271 
1086,-30.542 
1086,119.146 
1087,-6.641 
1087,-28.516 
1087,-30.932 
1087,-23.641 
1087,-31.974 
1087,108.062 
1088,-6.641 
1088,-26.562 
1088,-34.000 
1088,-43.562 
1088,-40.583 
1088,88.271 
1089,-6.641 
1089,-14.266 
1089,-28.516 
1089,-44.474 
1089,-46.125 
1089,108.062 
1090,-6.641 
1090,-9.766 
1090,-16.682 
1090,-19.271 
1090,-20.792 
1090,117.062 
1091,-6.641 
1091,-9.766 
1091,-16.292 
1091,-28.271 
1091,-41.625 
1091,80.312 
1092,-6.641 
1092,-14.266 
1092,-12.182 
1092,-21.224 
1092,-27.375 
1092,105.979 
1093,-6.641 
1093,-14.266 
1093,-28.516 
1093,-48.062 
1093,-40.583 
1093,88.271 
1094,-6.641 
1094,-8.854 
1094,-11.792 
1094,-30.354 
1094,-32.625 
1094,126.062 
1095,-7.812 
1095,-14.917 
1095,-12.182 
1095,-28.271 
1095,-41.625 
1095,80.312 
1096,-6.641 
1096,-9.766 
1096,-26.042 
1096,-28.271 
1096,-16.292 
1096,126.062 
1097,-6.641 
1097,-28.516 
1097,-26.432 
1097,-37.271 
1097,-16.292 
1097,108.062 
1098,-6.641 
1098,-9.766 
1098,-7.682 
1098,-36.229 
1098,-19.750 
1098,109.104 
1099,-6.641 
1099,-9.766 
1099,-28.516 
1099,-39.354 
1099,-37.125 
1099,108.062 
1100,-6.641 
1100,-9.766 
1100,-7.682 
1100,-28.271 
1100,-35.042 
1100,107.312 
1101,-7.812 
1101,-14.266 
1101,-25.000 
1101,-31.729 
1101,-19.750 
1101,100.104 
1102,-6.641 
1102,-8.854 
1102,-35.042 
1102,-38.021 
1102,-39.542 
1102,119.146 
1103,-6.641 
1103,-14.266 
1103,-30.932 
1103,-39.974 
1103,-31.974 
1103,108.062 
1104,-6.641 
1104,-9.766 
1104,-7.682 
1104,-28.271 
1104,-35.042 
1104,128.146 
1105,-7.812 
1105,-9.766 
1105,-34.000 
1105,-27.229 
1105,-36.083 
1105,88.271 
1106,-6.641 
1106,-9.766 
1106,-28.516 
1106,-21.224 
1106,-36.375 
1106,99.062 
1107,-6.641 
1107,-28.516 
1107,-26.042 
1107,-32.771 
1107,-20.792 
1107,128.146 
1108,-6.641 
1108,-14.266 
1108,-28.516 
1108,-30.354 
1108,-22.875 
1108,105.979 
1109,-6.641 
1109,-28.516 
1109,-26.432 
1109,-32.641 
1109,-44.042 
1109,101.146 
1110,-6.641 
1110,-9.766 
1110,-26.432 
1110,-19.141 
1110,-40.974 
1110,108.062 
1111,-6.641 
1111,-28.516 
1111,-30.932 
1111,-28.271 
1111,-41.625 
1111,108.062 
1112,-6.641 
1112,-26.562 
1112,-34.000 
1112,-43.562 
1112,-40.583 
1112,88.271 
1113,-6.641 
1113,-8.854 
1113,-16.292 
1113,-28.271 
1113,-39.542 
1113,80.312 
1114,-6.641 
1114,-9.766 
1114,-28.516 
1114,-34.724 
1114,-13.224 
1114,117.062 
1115,-6.641 
1115,-28.516 
1115,-26.432 
1115,-47.021 
1115,-35.042 
1115,119.146 
1116,-6.641 
1116,-28.516 
1116,-35.042 
1116,-28.271 
1116,-37.125 
1116,107.312 
1117,-6.641 
1117,-9.766 
1117,-16.682 
1117,-9.521 
1117,-20.792 
1117,108.062 
1118,-6.641 
1118,-9.766 
1118,-16.292 
1118,-30.354 
1118,-18.375 
1118,99.062 
1119,-6.641 
1119,-14.266 
1119,-30.932 
1119,-28.271 
1119,-30.542 
1119,107.312 
1120,-6.641 
1120,-8.854 
1120,-26.042 
1120,-32.771 
1120,-41.625 
1120,108.062 
1121,-6.641 
1121,-28.516 
1121,-35.432 
1121,-47.021 
1121,-39.542 
1121,101.146 
1122,-6.641 
1122,-9.766 
1122,-26.432 
1122,-19.141 
1122,-24.641 
1122,101.146 
1123,-6.641 
1123,-9.766 
1123,-28.516 
1123,-34.724 
1123,-45.083 
1123,88.271 
1124,-6.641 
1124,-28.516 
1124,-30.932 
1124,-28.271 
1124,-41.625 
1124,107.312 
1125,-6.641 
1125,-8.854 
1125,-35.042 
1125,-28.271 
1125,-30.542 
1125,107.312 
1126,-6.641 
1126,-14.266 
1126,-28.516 
1126,-25.724 
1126,-31.974 
1126,107.312 
1127,-6.641 
1127,-9.766 
1127,-28.516 
1127,-34.724 
1127,-45.083 
1127,88.271 
1128,-6.641 
1128,-28.516 
1128,-30.932 
1128,-23.641 
1128,-35.042 
1128,128.146 
1129,-7.812 
1129,-14.266 
1129,-12.182 
1129,-19.271 
1129,-37.125 
1129,107.312 
1130,-6.641 
1130,-28.516 
1130,-35.432 
1130,-39.974 
1130,-31.974 
1130,107.312 
1131,-6.641 
1131,-8.854 
1131,-16.292 
1131,-28.271 
1131,-16.292 
1131,108.062 
1132,-6.641 
1132,-28.516 
1132,-26.432 
1132,-39.974 
1132,-45.474 
1132,80.312 
1133,-7.812 
1133,-10.417 
1133,-28.646 
1133,-48.224 
1133,-40.974 
1133,99.062 
1134,-7.812 
1134,-9.766 
1134,-16.682 
1134,-9.521 
1134,-22.875 
1134,117.062 
1135,-7.812 
1135,-28.516 
1135,-35.042 
1135,-38.021 
1135,-39.542 
1135,107.312 
1136,-6.641 
1136,-26.562 
1136,-34.000 
1136,-48.062 
1136,-40.583 
1136,100.104 
1137,-7.812 
1137,-28.516 
1137,-26.432 
1137,-19.141 
1137,-24.641 
1137,119.146 
1138,-6.641 
1138,-26.562 
1138,-29.500 
1138,-31.729 
1138,-36.083 
1138,88.271 
1139,-6.641 
1139,-9.766 
1139,-28.516 
1139,-39.354 
1139,-37.125 
1139,108.062 
1140,-6.641 
1140,-9.766 
1140,-26.432 
1140,-19.141 
1140,-44.042 
1140,107.312 
1141,-6.641 
1141,-9.766 
1141,-16.292 
1141,-19.271 
1141,-35.042 
1141,128.146 
1142,-6.641 
1142,-8.854 
1142,-26.042 
1142,-28.271 
1142,-39.542 
1142,119.146 
1143,-6.641 
1143,-9.766 
1143,-28.516 
1143,-21.224 
1143,-43.057 
1143,88.271 
1144,-7.812 
1144,-9.766 
1144,-28.516 
1144,-39.354 
1144,-41.625 
1144,99.062 
1145,-7.812 
1145,-10.417 
1145,-33.146 
1145,-25.333 
1145,-31.974 
1145,107.312 
1146,-7.812 
1146,-9.766 
1146,-16.292 
1146,-9.521 
1146,-18.375 
1146,105.979 
1147,-7.812 
1147,-9.766 
1147,-33.016 
1147,-30.354 
1147,-32.625 
1147,107.312 
1148,-7.812 
1148,-14.917 
1148,-33.146 
1148,-25.724 
1148,-45.083 
1148,88.271 
1149,-7.812 
1149,-10.417 
1149,-28.646 
1149,-57.974 
1149,-28.125 
1149,117.062 
1150,-7.812 
1150,-14.917 
1150,-12.312 
1150,-28.141 
1150,-30.542 
1150,107.312 
1151,-7.812 
1151,-14.917 
1151,-28.646 
1151,-25.333 
1151,-31.974 
1151,108.062 
1152,-7.812 
1152,-31.250 
1152,-28.516 
1152,-21.224 
1152,-40.974 
1152,108.062 
1153,-7.812 
1153,-10.417 
1153,-35.432 
1153,-28.141 
1153,-20.141 
1153,119.146 
1154,-6.641 
1154,-14.266 
1154,-25.000 
1154,-31.729 
1154,-40.583 
1154,100.104 
1155,-6.641 
1155,-9.766 
1155,-16.682 
1155,-4.891 
1155,-8.724 
1155,126.062 
1156,-6.641 
1156,-9.766 
1156,-26.432 
1156,-39.974 
1156,-55.125 
1156,80.312 
1157,-6.641 
1157,-26.562 
1157,-29.500 
1157,-31.729 
1157,-36.083 
1157,88.271 
1158,-6.641 
1158,-9.766 
1158,-28.516 
1158,-34.724 
1158,-45.083 
1158,100.104 
1159,-6.641 
1159,-9.766 
1159,-7.682 
1159,-36.229 
1159,-36.083 
1159,109.104 
1160,-7.812 
1160,-9.766 
1160,-33.016 
1160,-44.474 
1160,-46.125 
1160,108.062 
1161,-6.641 
1161,-14.266 
1161,-30.932 
1161,-28.271 
1161,-20.792 
1161,99.062 
1162,-6.641 
1162,-26.562 
1162,-34.000 
1162,-43.562 
1162,-40.583 
1162,109.104 
1163,-6.641 
1163,-9.766 
1163,-34.000 
1163,-48.062 
1163,-36.083 
1163,100.104 
1164,-6.641 
1164,-14.266 
1164,-12.182 
1164,-23.641 
1164,-35.042 
1164,119.146 
1165,-6.641 
1165,-28.516 
1165,-26.042 
1165,-42.521 
1165,-39.542 
1165,128.146 
1166,-6.641 
1166,-9.766 
1166,-34.000 
1166,-43.562 
1166,-40.583 
1166,88.271 
1167,-6.641 
1167,-9.766 
1167,-30.932 
1167,-23.641 
1167,-35.042 
1167,128.146 
1168,-6.641 
1168,-9.766 
1168,-33.016 
1168,-44.474 
1168,-46.125 
1168,107.312 
1169,-6.641 
1169,-9.766 
1169,-7.682 
1169,-21.224 
1169,-43.057 
1169,88.271 
1170,-6.641 
1170,-28.516 
1170,-26.432 
1170,-47.021 
1170,-35.042 
1170,107.312 
1171,-6.641 
1171,-9.766 
1171,-34.000 
1171,-27.229 
1171,-36.083 
1171,109.104 
1172,-6.641 
1172,-8.854 
1172,-26.042 
1172,-28.271 
1172,-35.042 
1172,107.312 
1173,-6.641 
1173,-26.562 
1173,-34.000 
1173,-27.229 
1173,-15.250 
1173,109.104 
1174,-6.641 
1174,-9.766 
1174,-7.682 
1174,-0.391 
1174,-25.292 
1174,128.146 
1175,-6.641 
1175,-9.766 
1175,-26.042 
1175,-28.271 
1175,-35.042 
1175,119.146 
1176,-6.641 
1176,-28.516 
1176,-35.042 
1176,-28.271 
1176,-20.792 
1176,108.062 
1177,-6.641 
1177,-8.854 
1177,-16.292 
1177,-9.521 
1177,-18.375 
1177,105.979 
1178,-6.641 
1178,-9.766 
1178,-7.682 
1178,-30.224 
1178,-34.057 
1178,88.271 
1179,-6.641 
1179,-26.562 
1179,-34.000 
1179,-27.229 
1179,-19.750 
1179,100.104 
1180,-6.641 
1180,-9.766 
1180,-26.432 
1180,-37.271 
1180,-37.125 
1180,80.312 
1181,-6.641 
1181,-9.766 
1181,-7.682 
1181,-36.229 
1181,-36.083 
1181,109.104 
1182,-6.641 
1182,-9.766 
1182,-28.516 
1182,-39.354 
1182,-41.625 
1182,80.312 
1183,-6.641 
1183,-28.516 
1183,-26.042 
1183,-32.771 
1183,-20.792 
1183,128.146 
1184,-6.641 
1184,-9.766 
1184,-16.292 
1184,-30.354 
1184,-37.125 
1184,107.312 
1185,-6.641 
1185,-9.766 
1185,-16.292 
1185,-9.521 
1185,-11.792 
1185,117.062 
1186,-6.641 
1186,-8.854 
1186,-16.292 
1186,-19.271 
1186,-35.042 
1186,107.312 
1187,-6.641 
1187,-8.854 
1187,-16.292 
1187,-30.354 
1187,-28.125 
1187,117.062 
1188,-6.641 
1188,-9.766 
1188,-7.682 
1188,-21.224 
1188,-36.375 
1188,99.062 
1189,-6.641 
1189,-28.516 
1189,-30.932 
1189,-23.641 
1189,-31.974 
1189,107.312 
1190,-6.641 
1190,-9.766 
1190,-28.516 
1190,-39.354 
1190,-28.125 
1190,117.062 
1191,-6.641 
1191,-9.766 
1191,-16.292 
1191,-25.854 
1191,-32.625 
1191,107.312 
1192,-6.641 
1192,-8.854 
1192,-26.042 
1192,-47.021 
1192,-35.042 
1192,119.146 
1193,-6.641 
1193,-9.766 
1193,-16.292 
1193,-30.354 
1193,-37.125 
1193,99.062 
1194,-6.641 
1194,-28.516 
1194,-26.432 
1194,-39.974 
1194,-45.474 
1194,99.062 
1195,-6.641 
1195,-9.766 
1195,-7.682 
1195,-18.521 
1195,-7.292 
1195,126.062 
1196,-6.641 
1196,-14.266 
1196,-12.182 
1196,-19.271 
1196,-20.792 
1196,119.146 
1197,-6.641 
1197,-28.516 
1197,-30.932 
1197,-23.641 
1197,-35.042 
1197,128.146 
1198,-6.641 
1198,-14.266 
1198,-12.182 
1198,-27.229 
1198,-36.083 
1198,109.104 
1199,-6.641 
1199,-8.854 
1199,-11.792 
1199,-14.021 
1199,-11.792 
1199,117.062 
1200,-7.812 
1200,-9.766 
1200,-34.000 
1200,-27.229 
1200,-15.250 
1200,109.104 
1201,-6.641 
1201,-9.766 
1201,-7.682 
1201,-18.521 
1201,-16.292 
1201,128.146 
1202,-6.641 
1202,-28.516 
1202,-26.432 
1202,-37.271 
1202,-37.125 
1202,108.062 
1203,-6.641 
1203,-14.266 
1203,-12.182 
1203,-4.891 
1203,-16.292 
1203,126.062 
1204,-7.812 
1204,-9.766 
1204,-16.292 
1204,-19.271 
1204,-16.292 
1204,128.146 
1205,-6.641 
1205,-14.266 
1205,-25.000 
1205,-48.062 
1205,-40.583 
1205,88.271 
1206,-6.641 
1206,-9.766 
1206,-34.000 
1206,-27.229 
1206,-36.083 
1206,109.104 
1207,-7.812 
1207,-18.766 
1207,-28.516 
1207,-44.474 
1207,-40.974 
1207,107.312 
1208,-6.641 
1208,-28.516 
1208,-30.932 
1208,-23.641 
1208,-35.042 
1208,107.312 
1209,-6.641 
1209,-9.766 
1209,-7.682 
1209,-28.141 
1209,-25.292 
1209,108.062 
1210,-6.641 
1210,-14.266 
1210,-25.000 
1210,-31.729 
1210,-40.583 
1210,88.271 
1211,-6.641 
1211,-8.854 
1211,-16.292 
1211,-30.354 
1211,-28.125 
1211,107.312 
1212,-6.641 
1212,-28.516 
1212,-26.432 
1212,-32.641 
1212,-44.042 
1212,101.146 
1213,-6.641 
1213,-9.766 
1213,-33.016 
1213,-30.354 
1213,-32.625 
1213,126.062 
1214,-6.641 
1214,-9.766 
1214,-16.292 
1214,-19.271 
1214,-37.125 
1214,107.312 
1215,-6.641 
1215,-9.766 
1215,-7.682 
1215,-30.224 
1215,-34.057 
1215,105.979 
1216,-6.641 
1216,-28.516 
1216,-26.432 
1216,-48.974 
1216,-31.974 
1216,107.312 
1217,-7.812 
1217,-10.417 
1217,-35.432 
1217,-38.021 
1217,-39.542 
1217,119.146 
1218,-6.641 
1218,-14.266 
1218,-12.182 
1218,-25.724 
1218,-29.557 
1218,88.271 
1219,-6.641 
1219,-26.562 
1219,-34.000 
1219,-48.062 
1219,-36.083 
1219,100.104 
1220,-6.641 
1220,-14.266 
1220,-28.516 
1220,-25.724 
1220,-31.974 
1220,108.062 
1221,-6.641 
1221,-9.766 
1221,-26.432 
1221,-19.141 
1221,-40.974 
1221,107.312 
1222,-6.641 
1222,-9.766 
1222,-16.292 
1222,-9.521 
1222,-22.875 
1222,105.979 
1223,-6.641 
1223,-9.766 
1223,-16.292 
1223,-28.271 
1223,-41.625 
1223,80.312 
1224,-6.641 
1224,-28.516 
1224,-26.432 
1224,-39.974 
1224,-45.474 
1224,99.062 
1225,-7.812 
1225,-18.766 
1225,-26.042 
1225,-47.021 
1225,-39.542 
1225,80.312 
1226,-6.641 
1226,-9.766 
1226,-30.932 
1226,-44.474 
1226,-31.974 
1226,108.062 
1227,-6.641 
1227,-14.266 
1227,-12.182 
1227,-21.224 
1227,-13.224 
1227,126.062 
1228,-6.641 
1228,-14.266 
1228,-30.932 
1228,-28.271 
1228,-30.542 
1228,119.146 
1229,-6.641 
1229,-14.266 
1229,-28.516 
1229,-25.724 
1229,-27.375 
1229,105.979 
1230,-6.641 
1230,-9.766 
1230,-28.516 
1230,-57.062 
1230,-36.083 
1230,100.104 
1231,-6.641 
1231,-8.854 
1231,-26.042 
1231,-28.271 
1231,-37.125 
1231,117.062 
1232,-6.641 
1232,-9.766 
1232,-26.432 
1232,-19.141 
1232,-44.042 
1232,107.312 
1233,-6.641 
1233,-28.516 
1233,-35.432 
1233,-39.974 
1233,-46.125 
1233,107.312 
1234,-6.641 
1234,-28.516 
1234,-26.042 
1234,-32.771 
1234,-30.542 
1234,107.312 
1235,-6.641 
1235,-14.266 
1235,-12.182 
1235,-4.891 
1235,-16.292 
1235,119.146 
1236,-6.641 
1236,-9.766 
1236,-30.932 
1236,-23.641 
1236,-31.974 
1236,108.062 
1237,-6.641 
1237,-8.854 
1237,-26.042 
1237,-28.271 
1237,-37.125 
1237,107.312 
1238,-6.641 
1238,-9.766 
1238,-7.682 
1238,-36.229 
1238,-36.083 
1238,88.271 
1239,-6.641 
1239,-14.266 
1239,-28.516 
1239,-44.474 
1239,-46.125 
1239,107.312 
1240,-6.641 
1240,-28.516 
1240,-26.432 
1240,-19.141 
1240,-44.042 
1240,107.312 
1241,-6.641 
1241,-26.562 
1241,-34.000 
1241,-48.062 
1241,-36.083 
1241,88.271 
1242,-6.641 
1242,-14.266 
1242,-12.182 
1242,-4.891 
1242,-25.292 
1242,99.062 
1243,-6.641 
1243,-9.766 
1243,-7.682 
1243,-21.224 
1243,-26.724 
1243,117.062 
1244,-6.641 
1244,-14.266 
1244,-28.516 
1244,-25.724 
1244,-37.125 
1244,107.312 
1245,-6.641 
1245,-8.854 
1245,-16.292 
1245,-9.521 
1245,-20.792 
1245,99.062 
1246,-6.641 
1246,-14.266 
1246,-30.932 
1246,-23.641 
1246,-44.042 
1246,101.146 
1247,-6.641 
1247,-8.854 
1247,-16.292 
1247,-30.354 
1247,-28.125 
1247,117.062 
1248,-6.641 
1248,-9.766 
1248,-30.932 
1248,-23.641 
1248,-11.141 
1248,128.146 
1249,-6.641 
1249,-9.766 
1249,-7.682 
1249,-28.271 
1249,-35.042 
1249,107.312 
1250,-6.641 
1250,-26.562 
1250,-34.000 
1250,-27.229 
1250,-40.583 
1250,100.104 
1251,-6.641 
1251,-28.516 
1251,-35.042 
1251,-38.021 
1251,-35.042 
1251,119.146 
1252,-6.641 
1252,-9.766 
1252,-7.682 
1252,-36.229 
1252,-36.083 
1252,109.104 
1253,-7.812 
1253,-18.766 
1253,-7.292 
1253,-30.354 
1253,-41.625 
1253,99.062 
1254,-6.641 
1254,-28.516 
1254,-30.932 
1254,-23.641 
1254,-31.974 
1254,108.062 
1255,-6.641 
1255,-26.562 
1255,-34.000 
1255,-48.062 
1255,-40.583 
1255,88.271 
1256,-6.641 
1256,-28.516 
1256,-26.432 
1256,-39.974 
1256,-45.474 
1256,80.312 
1257,-6.641 
1257,-14.266 
1257,-30.932 
1257,-39.974 
1257,-31.974 
1257,108.062 
1258,-6.641 
1258,-9.766 
1258,-7.682 
1258,-13.891 
1258,-11.141 
1258,119.146 
1259,-6.641 
1259,-9.766 
1259,-28.516 
1259,-34.724 
1259,-27.375 
1259,117.062 
1260,-6.641 
1260,-9.766 
1260,-33.016 
1260,-44.474 
1260,-31.974 
1260,107.312 
1261,-6.641 
1261,-9.766 
1261,-16.682 
1261,-28.271 
1261,-41.625 
1261,99.062 
1262,-6.641 
1262,-26.562 
1262,-34.000 
1262,-43.562 
1262,-40.583 
1262,88.271 
1263,-6.641 
1263,-9.766 
1263,-7.682 
1263,-30.224 
1263,-34.057 
1263,88.271 
1264,-6.641 
1264,-28.516 
1264,-26.432 
1264,-48.974 
1264,-46.125 
1264,108.062 
1265,-6.641 
1265,-9.766 
1265,-7.682 
1265,-30.224 
1265,-31.974 
1265,107.312 
1266,-6.641 
1266,-28.516 
1266,-26.432 
1266,-37.271 
1266,-26.042 
1266,107.312 
1267,-6.641 
1267,-18.766 
1267,-16.682 
1267,-9.391 
1267,-20.141 
1267,101.146 
1268,-6.641 
1268,-9.766 
1268,-7.682 
1268,-30.224 
1268,-31.974 
1268,108.062 
1269,-6.641 
1269,-8.854 
1269,-26.042 
1269,-28.271 
1269,-37.125 
1269,107.312 
1270,-6.641 
1270,-9.766 
1270,-16.292 
1270,-19.271 
1270,-35.042 
1270,119.146 
1271,-6.641 
1271,-9.766 
1271,-26.042 
1271,-28.271 
1271,-20.792 
1271,117.062 
1272,-6.641 
1272,-8.854 
1272,-35.042 
1272,-47.021 
1272,-39.542 
1272,101.146 
1273,-6.641 
1273,-8.854 
1273,-11.792 
1273,-14.021 
1273,-18.375 
1273,126.062 
1274,-6.641 
1274,-9.766 
1274,-28.516 
1274,-21.224 
1274,-36.375 
1274,108.062 
1275,-6.641 
1275,-28.516 
1275,-35.042 
1275,-28.271 
1275,-20.792 
1275,108.062 
1276,-6.641 
1276,-9.766 
1276,-16.682 
1276,-21.224 
1276,-34.057 
1276,105.979 
1277,-6.641 
1277,-28.516 
1277,-30.932 
1277,-23.641 
1277,-31.974 
1277,108.062 
1278,-6.641 
1278,-28.516 
1278,-30.932 
1278,-23.641 
1278,-25.292 
1278,108.062 
1279,-7.812 
1279,-28.516 
1279,-26.432 
1279,-48.974 
1279,-31.974 
1279,107.312 
1280,-6.641 
1280,-9.766 
1280,-7.682 
1280,-0.391 
1280,-22.224 
1280,126.062 
1281,-6.641 
1281,-9.766 
1281,-16.292 
1281,-28.271 
1281,-20.792 
1281,108.062 
1282,-6.641 
1282,-28.516 
1282,-26.042 
1282,-32.771 
1282,-41.625 
1282,108.062 
1283,-6.641 
1283,-26.562 
1283,-29.500 
1283,-31.729 
1283,-40.583 
1283,88.271 
1284,-6.641 
1284,-8.854 
1284,-11.792 
1284,-30.354 
1284,-41.625 
1284,107.312 
1285,-7.812 
1285,-9.766 
1285,-26.042 
1285,-28.271 
1285,-35.042 
1285,107.312 
1286,-6.641 
1286,-9.766 
1286,-7.682 
1286,-30.224 
1286,-13.224 
1286,126.062 
1287,-6.641 
1287,-9.766 
1287,-16.292 
1287,-9.521 
1287,-20.792 
1287,108.062 
1288,-6.641 
1288,-8.854 
1288,-26.042 
1288,-28.271 
1288,-35.042 
1288,128.146 
1289,-6.641 
1289,-14.266 
1289,-28.516 
1289,-25.724 
1289,-13.224 
1289,109.104 
1290,-7.812 
1290,-28.516 
1290,-26.432 
1290,-37.271 
1290,-26.042 
1290,107.312 
1291,-6.641 
1291,-28.516 
1291,-26.432 
1291,-32.641 
1291,-27.474 
1291,108.062 
1292,-6.641 
1292,-28.516 
1292,-26.432 
1292,-48.974 
1292,-46.125 
1292,108.062 
1293,-7.812 
1293,-9.766 
1293,-28.516 
1293,-39.354 
1293,-41.625 
1293,99.062 
1294,-6.641 
1294,-9.766 
1294,-28.516 
1294,-21.224 
1294,-36.375 
1294,99.062 
1295,-6.641 
1295,-9.766 
1295,-7.682 
1295,-0.391 
1295,-22.224 
1295,109.104 
1296,-6.641 
1296,-8.854 
1296,-16.292 
1296,-9.521 
1296,-16.292 
1296,128.146 
1297,-6.641 
1297,-26.562 
1297,-34.000 
1297,-27.229 
1297,-36.083 
1297,100.104 
1298,-6.641 
1298,-9.766 
1298,-26.432 
1298,-32.641 
1298,-35.042 
1298,119.146 
1299,-6.641 
1299,-9.766 
1299,-7.682 
1299,-36.229 
1299,-36.083 
1299,109.104 
1300,-6.641 
1300,-28.516 
1300,-35.432 
1300,-23.641 
1300,-27.474 
1300,108.062 
1301,-6.641 
1301,-28.516 
1301,-35.042 
1301,-28.271 
1301,-37.125 
1301,108.062 
1302,-6.641 
1302,-9.766 
1302,-34.000 
1302,-43.562 
1302,-40.583 
1302,109.104 
1303,-6.641 
1303,-9.766 
1303,-16.292 
1303,-23.771 
1303,-41.625 
1303,108.062 
1304,-7.812 
1304,-14.917 
1304,-30.932 
1304,-28.271 
1304,-20.792 
1304,119.146 
1305,-7.812 
1305,-14.917 
1305,-26.432 
1305,-23.641 
1305,-35.042 
1305,107.312 
1306,-6.641 
1306,-9.766 
1306,-16.682 
1306,-4.891 
1306,-16.292 
1306,117.062 
1307,-6.641 
1307,-9.766 
1307,-7.682 
1307,-21.224 
1307,-36.375 
1307,99.062 
1308,-6.641 
1308,-8.854 
1308,-16.292 
1308,-28.271 
1308,-26.042 
1308,107.312 
1309,-6.641 
1309,-28.516 
1309,-26.432 
1309,-19.141 
1309,-40.974 
1309,108.062 
1310,-6.641 
1310,-9.766 
1310,-16.292 
1310,-9.521 
1310,-18.375 
1310,126.062 
1311,-6.641 
1311,-9.766 
1311,-34.000 
1311,-48.062 
1311,-36.083 
1311,100.104 
1312,-6.641 
1312,-9.766 
1312,-33.016 
1312,-25.724 
1312,-37.125 
1312,107.312 
1313,-6.641 
1313,-28.516 
1313,-26.432 
1313,-32.641 
1313,-35.042 
1313,119.146 
1314,-6.641 
1314,-8.854 
1314,-35.042 
1314,-28.271 
1314,-30.542 
1314,119.146 
1315,-6.641 
1315,-8.854 
1315,-26.042 
1315,-28.271 
1315,-35.042 
1315,107.312 
1316,-6.641 
1316,-28.516 
1316,-26.432 
1316,-32.641 
1316,-11.141 
1316,101.146 
1317,-6.641 
1317,-14.266 
1317,-12.182 
1317,-23.641 
1317,-35.042 
1317,107.312 
1318,-6.641 
1318,-28.516 
1318,-35.042 
1318,-28.271 
1318,-16.292 
1318,108.062 
1319,-6.641 
1319,-8.854 
1319,-35.042 
1319,-38.021 
1319,-39.542 
1319,107.312 
1320,-6.641 
1320,-8.854 
1320,-16.292 
1320,-9.521 
1320,-18.375 
1320,108.062 
1321,-6.641 
1321,-9.766 
1321,-16.682 
1321,-21.224 
1321,-27.375 
1321,126.062 
1322,-6.641 
1322,-14.266 
1322,-12.182 
1322,-21.224 
1322,-13.224 
1322,109.104 
1323,-6.641 
1323,-28.516 
1323,-26.432 
1323,-37.271 
1323,-37.125 
1323,107.312 
1324,-6.641 
1324,-8.854 
1324,-16.292 
1324,-9.521 
1324,-18.375 
1324,126.062 
1325,-6.641 
1325,-9.766 
1325,-7.682 
1325,-13.891 
1325,-16.292 
1325,117.062 
1326,-6.641 
1326,-8.854 
1326,-26.042 
1326,-28.271 
1326,-39.542 
1326,107.312 
1327,-6.641 
1327,-26.562 
1327,-34.000 
1327,-43.562 
1327,-40.583 
1327,109.104 
1328,-6.641 
1328,-9.766 
1328,-7.682 
1328,-21.224 
1328,-46.125 
1328,107.312 
1329,-6.641 
1329,-9.766 
1329,-26.432 
1329,-19.141 
1329,-44.042 
1329,119.146 
1330,-6.641 
1330,-9.766 
1330,-33.016 
1330,-25.724 
1330,-45.083 
1330,88.271 
1331,-6.641 
1331,-9.766 
1331,-16.682 
1331,-4.891 
1331,-16.292 
1331,119.146 
1332,-6.641 
1332,-14.266 
1332,-7.292 
1332,-14.021 
1332,-18.375 
1332,108.062 
1333,-6.641 
1333,-9.766 
1333,-33.016 
1333,-44.474 
1333,-46.125 
1333,108.062 
1334,-6.641 
1334,-8.854 
1334,-26.042 
1334,-28.271 
1334,-16.292 
1334,126.062 
1335,-6.641 
1335,-9.766 
1335,-16.292 
1335,-28.271 
1335,-20.792 
1335,99.062 
1336,-6.641 
1336,-28.516 
1336,-26.432 
1336,-47.021 
1336,-35.042 
1336,107.312 
1337,-6.641 
1337,-8.854 
1337,-16.292 
1337,-28.271 
1337,-37.125 
1337,108.062 
1338,-6.641 
1338,-28.516 
1338,-26.042 
1338,-32.771 
1338,-30.542 
1338,107.312 
1339,-6.641 
1339,-9.766 
1339,-16.682 
1339,-23.641 
1339,-31.974 
1339,99.062 
1340,-6.641 
1340,-14.266 
1340,-7.292 
1340,-23.771 
1340,-39.542 
1340,119.146 
1341,-6.641 
1341,-14.266 
1341,-30.932 
1341,-28.271 
1341,-30.542 
1341,119.146 
1342,-6.641 
1342,-9.766 
1342,-7.682 
1342,-30.224 
1342,-45.083 
1342,109.104 
1343,-6.641 
1343,-8.854 
1343,-16.292 
1343,-28.271 
1343,-16.292 
1343,108.062 
1344,-6.641 
1344,-9.766 
1344,-33.016 
1344,-25.724 
1344,-27.375 
1344,108.062 
1345,-6.641 
1345,-9.766 
1345,-30.932 
1345,-23.641 
1345,-11.141 
1345,128.146 
1346,-6.641 
1346,-9.766 
1346,-26.042 
1346,-28.271 
1346,-35.042 
1346,107.312 
1347,-6.641 
1347,-9.766 
1347,-7.682 
1347,-28.271 
1347,-35.042 
1347,107.312 
1348,-6.641 
1348,-14.266 
1348,-12.182 
1348,-27.229 
1348,-40.583 
1348,88.271 
1349,-6.641 
1349,-9.766 
1349,-7.682 
1349,-18.521 
1349,-7.292 
1349,126.062 
1350,-6.641 
1350,-28.516 
1350,-26.432 
1350,-47.021 
1350,-39.542 
1350,107.312 
1351,-6.641 
1351,-9.766 
1351,-7.682 
1351,-19.141 
1351,-44.042 
1351,119.146 
1352,-6.641 
1352,-14.266 
1352,-26.042 
1352,-32.771 
1352,-20.792 
1352,99.062 
1353,-6.641 
1353,-9.766 
1353,-33.016 
1353,-25.724 
1353,-31.974 
1353,108.062 
1354,-6.641 
1354,-9.766 
1354,-16.292 
1354,-23.771 
1354,-20.792 
1354,128.146 
1355,-7.812 
1355,-28.516 
1355,-30.932 
1355,-48.974 
1355,-40.974 
1355,126.062 
1356,-7.812 
1356,-10.417 
1356,-25.682 
1356,-28.141 
1356,-40.974 
1356,80.312 
1357,-7.812 
1357,-10.417 
1357,-28.646 
1357,-39.974 
1357,-45.474 
1357,80.312 
1358,-7.812 
1358,-9.766 
1358,-16.682 
1358,-9.521 
1358,-22.875 
1358,105.979 
1359,-7.812 
1359,-9.766 
1359,-34.000 
1359,-48.062 
1359,-40.583 
1359,100.104 
1360,-6.641 
1360,-9.766 
1360,-16.292 
1360,-28.271 
1360,-20.792 
1360,119.146 
1361,-6.641 
1361,-26.562 
1361,-34.000 
1361,-27.229 
1361,-40.583 
1361,88.271 
1362,-6.641 
1362,-9.766 
1362,-16.682 
1362,-25.724 
1362,-29.557 
1362,105.979 
1363,-6.641 
1363,-9.766 
1363,-34.000 
1363,-27.229 
1363,-15.250 
1363,109.104 
1364,-6.641 
1364,-14.266 
1364,-7.292 
1364,-23.771 
1364,-20.792 
1364,126.062 
1365,-6.641 
1365,-14.266 
1365,-12.182 
1365,-25.724 
1365,-29.557 
1365,105.979 
1366,-6.641 
1366,-9.766 
1366,-7.682 
1366,-21.224 
1366,-36.375 
1366,108.062 
1367,-6.641 
1367,-9.766 
1367,-7.682 
1367,-19.141 
1367,-40.974 
1367,108.062 
1368,-6.641 
1368,-9.766 
1368,-28.516 
1368,-39.354 
1368,-28.125 
1368,117.062 
1369,-6.641 
1369,-28.516 
1369,-26.432 
1369,-37.271 
1369,-20.792 
1369,119.146 
1370,-6.641 
1370,-28.516 
1370,-26.432 
1370,-48.974 
1370,-31.974 
1370,108.062 
1371,-6.641 
1371,-28.516 
1371,-35.042 
1371,-28.271 
1371,-37.125 
1371,107.312 
1372,-6.641 
1372,-9.766 
1372,-28.516 
1372,-39.354 
1372,-37.125 
1372,99.062 
1373,-6.641 
1373,-9.766 
1373,-28.516 
1373,-21.224 
1373,-43.057 
1373,105.979 
1374,-6.641 
1374,-28.516 
1374,-26.432 
1374,-37.271 
1374,-39.542 
1374,80.312 
1375,-6.641 
1375,-9.766 
1375,-28.516 
1375,-34.724 
1375,-45.083 
1375,100.104 
1376,-6.641 
1376,-9.766 
1376,-16.292 
1376,-28.271 
1376,-26.042 
1376,119.146 
1377,-6.641 
1377,-28.516 
1377,-26.042 
1377,-32.771 
1377,-20.792 
1377,108.062 
1378,-6.641 
1378,-8.854 
1378,-16.292 
1378,-19.271 
1378,-35.042 
1378,119.146 
1379,-6.641 
1379,-9.766 
1379,-34.000 
1379,-48.062 
1379,-36.083 
1379,100.104 
1380,-6.641 
1380,-9.766 
1380,-16.292 
1380,-9.521 
1380,-7.292 
1380,126.062 
1381,-6.641 
1381,-8.854 
1381,-16.292 
1381,-9.521 
1381,-11.792 
1381,117.062 
1382,-6.641 
1382,-14.266 
1382,-12.182 
1382,-4.891 
1382,-8.724 
1382,126.062 
1383,-6.641 
1383,-9.766 
1383,-28.516 
1383,-21.224 
1383,-36.375 
1383,105.979 
1384,-6.641 
1384,-9.766 
1384,-16.682 
1384,-9.521 
1384,-20.792 
1384,99.062 
1385,-6.641 
1385,-9.766 
1385,-16.682 
1385,-21.224 
1385,-13.224 
1385,109.104 
1386,-6.641 
1386,-8.854 
1386,-35.042 
1386,-28.271 
1386,-30.542 
1386,119.146 
1387,-6.641 
1387,-28.516 
1387,-35.042 
1387,-28.271 
1387,-30.542 
1387,107.312 
1388,-6.641 
1388,-8.854 
1388,-35.042 
1388,-28.271 
1388,-30.542 
1388,107.312 
1389,-6.641 
1389,-8.854 
1389,-35.042 
1389,-38.021 
1389,-39.542 
1389,107.312 
1390,-6.641 
1390,-9.766 
1390,-26.432 
1390,-39.974 
1390,-45.474 
1390,80.312 
1391,-6.641 
1391,-26.562 
1391,-29.500 
1391,-31.729 
1391,-19.750 
1391,100.104 
1392,-6.641 
1392,-26.562 
1392,-34.000 
1392,-27.229 
1392,-19.750 
1392,100.104 
1393,-6.641 
1393,-28.516 
1393,-30.932 
1393,-44.474 
1393,-31.974 
1393,107.312 
1394,-6.641 
1394,-8.854 
1394,-26.042 
1394,-28.271 
1394,-20.792 
1394,119.146 
1395,-6.641 
1395,-28.516 
1395,-26.432 
1395,-37.271 
1395,-39.542 
1395,101.146 
1396,-6.641 
1396,-9.766 
1396,-28.516 
1396,-39.354 
1396,-22.875 
1396,99.062 
1397,-6.641 
1397,-9.766 
1397,-7.682 
1397,-19.141 
1397,-40.974 
1397,107.312 
1398,-6.641 
1398,-8.854 
1398,-16.292 
1398,-30.354 
1398,-37.125 
1398,108.062 
1399,-6.641 
1399,-9.766 
1399,-26.432 
1399,-37.271 
1399,-26.042 
1399,119.146 
1400,-6.641 
1400,-9.766 
1400,-7.682 
1400,-21.224 
1400,-46.125 
1400,117.062 
1401,-6.641 
1401,-9.766 
1401,-26.042 
1401,-28.271 
1401,-37.125 
1401,117.062 
1402,-6.641 
1402,-9.766 
1402,-26.042 
1402,-28.271 
1402,-16.292 
1402,126.062 
1403,-6.641 
1403,-9.766 
1403,-16.682 
1403,-27.229 
1403,-40.583 
1403,88.271 
1404,-6.641 
1404,-9.766 
1404,-7.682 
1404,-19.141 
1404,-34.292 
1404,108.062 
1405,-6.641 
1405,-9.766 
1405,-28.516 
1405,-21.224 
1405,-26.724 
1405,117.062 
1406,-6.641 
1406,-28.516 
1406,-35.432 
1406,-47.021 
1406,-39.542 
1406,80.312 
1407,-6.641 
1407,-14.266 
1407,-25.000 
1407,-31.729 
1407,-40.583 
1407,100.104 
1408,-6.641 
1408,-26.562 
1408,-34.000 
1408,-48.062 
1408,-40.583 
1408,100.104 
1409,-6.641 
1409,-9.766 
1409,-28.516 
1409,-34.724 
1409,-29.557 
1409,105.979 
1410,-6.641 
1410,-9.766 
1410,-26.042 
1410,-28.271 
1410,-37.125 
1410,107.312 
1411,-6.641 
1411,-9.766 
1411,-16.682 
1411,-23.641 
1411,-25.292 
1411,108.062 
1412,-6.641 
1412,-26.562 
1412,-34.000 
1412,-48.062 
1412,-40.583 
1412,88.271 
1413,-6.641 
1413,-9.766 
1413,-26.042 
1413,-28.271 
1413,-35.042 
1413,107.312 
1414,-6.641 
1414,-9.766 
1414,-33.016 
1414,-25.724 
1414,-27.375 
1414,126.062 
1415,-6.641 
1415,-9.766 
1415,-26.432 
1415,-19.141 
1415,-40.974 
1415,108.062 
1416,-6.641 
1416,-14.266 
1416,-7.292 
1416,-32.771 
1416,-37.125 
1416,107.312 
1417,-6.641 
1417,-26.562 
1417,-34.000 
1417,-27.229 
1417,-36.083 
1417,88.271 
1418,-6.641 
1418,-9.766 
1418,-16.682 
1418,-25.724 
1418,-31.974 
1418,99.062 
1419,-6.641 
1419,-14.266 
1419,-7.292 
1419,-32.771 
1419,-20.792 
1419,99.062 
1420,-6.641 
1420,-14.266 
1420,-12.182 
1420,-4.891 
1420,-25.292 
1420,101.146 
1421,-6.641 
1421,-14.266 
1421,-7.292 
1421,-23.771 
1421,-37.125 
1421,107.312 
1422,-6.641 
1422,-28.516 
1422,-26.432 
1422,-48.974 
1422,-46.125 
1422,107.312 
1423,-6.641 
1423,-9.766 
1423,-7.682 
1423,-19.141 
1423,-34.292 
1423,108.062 
1424,-6.641 
1424,-9.766 
1424,-16.682 
1424,-25.724 
1424,-27.375 
1424,105.979 
1425,-6.641 
1425,-14.266 
1425,-12.182 
1425,-4.891 
1425,-16.292 
1425,117.062 
1426,-6.641 
1426,-28.516 
1426,-26.432 
1426,-47.021 
1426,-39.542 
1426,107.312 
1427,-6.641 
1427,-9.766 
1427,-16.682 
1427,-19.271 
1427,-39.542 
1427,119.146 
1428,-6.641 
1428,-9.766 
1428,-28.516 
1428,-39.974 
1428,-55.125 
1428,99.062 
1429,-6.641 
1429,-14.266 
1429,-28.516 
1429,-30.354 
1429,-41.625 
1429,107.312 
1430,-6.641 
1430,-9.766 
1430,-28.516 
1430,-48.974 
1430,-31.974 
1430,107.312 
1431,-6.641 
1431,-8.854 
1431,-16.292 
1431,-30.354 
1431,-37.125 
1431,99.062 
1432,-6.641 
1432,-14.266 
1432,-30.932 
1432,-23.641 
1432,-44.042 
1432,101.146 
1433,-6.641 
1433,-8.854 
1433,-26.042 
1433,-42.521 
1433,-39.542 
1433,128.146 
1434,-6.641 
1434,-9.766 
1434,-16.682 
1434,-25.724 
1434,-13.224 
1434,99.062 
1435,-6.641 
1435,-14.266 
1435,-28.516 
1435,-25.724 
1435,-45.083 
1435,109.104 
1436,-6.641 
1436,-28.516 
1436,-30.932 
1436,-23.641 
1436,-31.974 
1436,108.062 
1437,-6.641 
1437,-9.766 
1437,-26.042 
1437,-28.271 
1437,-20.792 
1437,119.146 
1438,-6.641 
1438,-28.516 
1438,-26.432 
1438,-19.141 
1438,-40.974 
1438,108.062 
1439,-6.641 
1439,-8.854 
1439,-11.792 
1439,-30.354 
1439,-22.875 
1439,126.062 
1440,-6.641 
1440,-9.766 
1440,-7.682 
1440,-19.141 
1440,-34.292 
1440,108.062 
1441,-6.641 
1441,-28.516 
1441,-26.432 
1441,-32.641 
1441,-11.141 
1441,101.146 
1442,-6.641 
1442,-8.854 
1442,-16.292 
1442,-9.521 
1442,-20.792 
1442,99.062 
1443,-6.641 
1443,-28.516 
1443,-26.432 
1443,-48.974 
1443,-31.974 
1443,107.312 
1444,-6.641 
1444,-9.766 
1444,-7.682 
1444,-0.391 
1444,-25.292 
1444,128.146 
1445,-6.641 
1445,-28.516 
1445,-35.432 
1445,-39.974 
1445,-31.974 
1445,108.062 
1446,-6.641 
1446,-8.854 
1446,-11.792 
1446,-30.354 
1446,-32.625 
1446,107.312 
1447,-6.641 
1447,-9.766 
1447,-16.292 
1447,-9.521 
1447,-20.792 
1447,99.062 
1448,-6.641 
1448,-9.766 
1448,-16.682 
1448,-9.521 
1448,-22.875 
1448,99.062 
1449,-6.641 
1449,-28.516 
1449,-35.432 
1449,-28.271 
1449,-20.792 
1449,99.062 
1450,-6.641 
1450,-28.516 
1450,-35.432 
1450,-23.641 
1450,-35.042 
1450,119.146 
1451,-6.641 
1451,-9.766 
1451,-26.042 
1451,-28.271 
1451,-35.042 
1451,128.146 
1452,-6.641 
1452,-8.854 
1452,-35.042 
1452,-38.021 
1452,-35.042 
1452,107.312 
1453,-6.641 
1453,-14.266 
1453,-30.932 
1453,-28.271 
1453,-20.792 
1453,119.146 
1454,-6.641 
1454,-9.766 
1454,-16.292 
1454,-9.521 
1454,-22.875 
1454,99.062 
1455,-6.641 
1455,-9.766 
1455,-26.432 
1455,-48.974 
1455,-31.974 
1455,108.062 
1456,-6.641 
1456,-8.854 
1456,-35.042 
1456,-38.021 
1456,-39.542 
1456,107.312 
1457,-6.641 
1457,-8.854 
1457,-16.292 
1457,-25.854 
1457,-32.625 
1457,107.312 
1458,-6.641 
1458,-9.766 
1458,-16.682 
1458,-21.224 
1458,-31.974 
1458,108.062 
1459,-6.641 
1459,-14.266 
1459,-12.182 
1459,-21.224 
1459,-31.974 
1459,107.312 
1460,-6.641 
1460,-9.766 
1460,-16.292 
1460,-23.771 
1460,-41.625 
1460,108.062 
1461,-6.641 
1461,-28.516 
1461,-35.432 
1461,-47.021 
1461,-39.542 
1461,101.146 
1462,-7.812 
1462,-28.516 
1462,-26.042 
1462,-32.771 
1462,-41.625 
1462,108.062 
1463,-6.641 
1463,-9.766 
1463,-34.000 
1463,-27.229 
1463,-19.750 
1463,100.104 
1464,-6.641 
1464,-8.854 
1464,-16.292 
1464,-9.521 
1464,-20.792 
1464,119.146 
1465,-6.641 
1465,-9.766 
1465,-34.000 
1465,-27.229 
1465,-36.083 
1465,88.271 
1466,-6.641 
1466,-28.516 
1466,-30.932 
1466,-28.271 
1466,-41.625 
1466,108.062 
1467,-6.641 
1467,-14.266 
1467,-30.932 
1467,-28.271 
1467,-37.125 
1467,108.062 
1468,-6.641 
1468,-9.766 
1468,-34.000 
1468,-27.229 
1468,-36.083 
1468,88.271 
1469,-6.641 
1469,-9.766 
1469,-7.682 
1469,-18.521 
1469,-16.292 
1469,108.062 
1470,-6.641 
1470,-26.562 
1470,-34.000 
1470,-27.229 
1470,-19.750 
1470,109.104 
1471,-6.641 
1471,-8.854 
1471,-30.542 
1471,-51.521 
1471,-39.542 
1471,101.146 
1472,-6.641 
1472,-9.766 
1472,-7.682 
1472,-21.224 
1472,-46.125 
1472,117.062 
1473,-6.641 
1473,-9.766 
1473,-16.292 
1473,-19.271 
1473,-16.292 
1473,126.062 
1474,-6.641 
1474,-26.562 
1474,-34.000 
1474,-43.562 
1474,-40.583 
1474,88.271 
1475,-6.641 
1475,-8.854 
1475,-35.042 
1475,-38.021 
1475,-39.542 
1475,107.312 
1476,-6.641 
1476,-28.516 
1476,-26.432 
1476,-39.974 
1476,-55.125 
1476,80.312 
1477,-6.641 
1477,-9.766 
1477,-26.432 
1477,-19.141 
1477,-34.292 
1477,101.146 
1478,-6.641 
1478,-28.516 
1478,-26.432 
1478,-47.021 
1478,-35.042 
1478,107.312 
1479,-6.641 
1479,-28.516 
1479,-26.432 
1479,-32.641 
1479,-35.042 
1479,119.146 
1480,-6.641 
1480,-8.854 
1480,-11.792 
1480,-30.354 
1480,-32.625 
1480,126.062 
1481,-6.641 
1481,-14.266 
1481,-30.932 
1481,-23.641 
1481,-11.141 
1481,101.146 
1482,-6.641 
1482,-14.266 
1482,-12.182 
1482,-28.271 
1482,-39.542 
1482,80.312 
1483,-6.641 
1483,-9.766 
1483,-28.516 
1483,-21.224 
1483,-40.974 
1483,107.312 
1484,-6.641 
1484,-14.266 
1484,-12.182 
1484,-9.521 
1484,-18.375 
1484,126.062 
1485,-6.641 
1485,-28.516 
1485,-35.042 
1485,-47.021 
1485,-39.542 
1485,80.312 
1486,-6.641 
1486,-8.854 
1486,-35.042 
1486,-28.271 
1486,-39.542 
1486,101.146 
1487,-6.641 
1487,-9.766 
1487,-26.432 
1487,-32.641 
1487,-35.042 
1487,119.146 
1488,-6.641 
1488,-9.766 
1488,-26.042 
1488,-28.271 
1488,-35.042 
1488,107.312 
1489,-6.641 
1489,-14.266 
1489,-30.932 
1489,-23.641 
1489,-25.292 
1489,119.146 
1490,-6.641 
1490,-9.766 
1490,-16.682 
1490,-21.224 
1490,-34.057 
1490,105.979 
1491,-6.641 
1491,-28.516 
1491,-35.432 
1491,-23.641 
1491,-35.042 
1491,107.312 
1492,-6.641 
1492,-28.516 
1492,-26.432 
1492,-19.141 
1492,-44.042 
1492,107.312 
1493,-6.641 
1493,-28.516 
1493,-26.432 
1493,-32.641 
1493,-27.474 
1493,108.062 
1494,-6.641 
1494,-9.766 
1494,-7.682 
1494,-30.224 
1494,-37.125 
1494,126.062 
1495,-6.641 
1495,-14.266 
1495,-28.516 
1495,-25.724 
1495,-27.375 
1495,108.062 
1496,-6.641 
1496,-9.766 
1496,-16.292 
1496,-30.354 
1496,-18.375 
1496,105.979 
1497,-7.812 
1497,-28.516 
1497,-30.932 
1497,-38.021 
1497,-39.542 
1497,128.146 
1498,-6.641 
1498,-26.562 
1498,-29.500 
1498,-31.729 
1498,-36.083 
1498,88.271 
1499,-6.641 
1499,-14.266 
1499,-25.000 
1499,-31.729 
1499,-19.750 
1499,100.104 
1500,-6.641 
1500,-9.766 
1500,-26.432 
1500,-19.141 
1500,-34.292 
1500,101.146 
1501,-6.641 
1501,-26.562 
1501,-34.000 
1501,-27.229 
1501,-36.083 
1501,88.271 
1502,-6.641 
1502,-28.516 
1502,-30.932 
1502,-44.474 
1502,-46.125 
1502,107.312 
1503,-6.641 
1503,-14.266 
1503,-28.516 
1503,-25.724 
1503,-27.375 
1503,105.979 
1504,-6.641 
1504,-8.854 
1504,-16.292 
1504,-30.354 
1504,-28.125 
1504,117.062 
1505,-6.641 
1505,-14.266 
1505,-25.000 
1505,-31.729 
1505,-40.583 
1505,100.104 
1506,-7.812 
1506,-28.516 
1506,-35.432 
1506,-39.974 
1506,-31.974 
1506,108.062 
1507,-7.812 
1507,-9.766 
1507,-16.292 
1507,-19.271 
1507,-16.292 
1507,128.146 
1508,-6.641 
1508,-14.266 
1508,-7.292 
1508,-32.771 
1508,-37.125 
1508,107.312 
1509,-6.641 
1509,-28.516 
1509,-26.042 
1509,-32.771 
1509,-20.792 
1509,108.062 
1510,-6.641 
1510,-9.766 
1510,-7.682 
1510,-30.224 
1510,-45.083 
1510,109.104 
1511,-6.641 
1511,-28.516 
1511,-35.042 
1511,-28.271 
1511,-26.042 
1511,119.146 
1512,-6.641 
1512,-28.516 
1512,-35.432 
1512,-28.271 
1512,-30.542 
1512,107.312 
1513,-6.641 
1513,-9.766 
1513,-7.682 
1513,-28.271 
1513,-16.292 
1513,126.062 
1514,-6.641 
1514,-9.766 
1514,-16.292 
1514,-19.271 
1514,-37.125 
1514,126.062 
1515,-6.641 
1515,-26.562 
1515,-34.000 
1515,-27.229 
1515,-19.750 
1515,100.104 
1516,-6.641 
1516,-28.516 
1516,-26.432 
1516,-37.271 
1516,-37.125 
1516,99.062 
1517,-6.641 
1517,-28.516 
1517,-26.042 
1517,-42.521 
1517,-39.542 
1517,128.146 
1518,-6.641 
1518,-28.516 
1518,-30.932 
1518,-28.271 
1518,-20.792 
1518,108.062 
1519,-6.641 
1519,-9.766 
1519,-16.682 
1519,-4.891 
1519,-13.224 
1519,117.062 
1520,-6.641 
1520,-9.766 
1520,-16.682 
1520,-23.641 
1520,-44.042 
1520,101.146 
1521,-6.641 
1521,-14.266 
1521,-30.932 
1521,-47.021 
1521,-39.542 
1521,80.312 
1522,-6.641 
1522,-14.266 
1522,-28.516 
1522,-25.724 
1522,-45.083 
1522,88.271 
1523,-6.641 
1523,-9.766 
1523,-34.000 
1523,-48.062 
1523,-40.583 
1523,88.271 
1524,-6.641 
1524,-8.854 
1524,-16.292 
1524,-9.521 
1524,-7.292 
1524,128.146 
1525,-6.641 
1525,-26.562 
1525,-34.000 
1525,-27.229 
1525,-19.750 
1525,100.104 
1526,-6.641 
1526,-14.266 
1526,-30.932 
1526,-23.641 
1526,-11.141 
1526,119.146 
1527,-6.641 
1527,-9.766 
1527,-26.042 
1527,-28.271 
1527,-35.042 
1527,107.312 
1528,-6.641 
1528,-9.766 
1528,-16.292 
1528,-28.271 
1528,-37.125 
1528,80.312 
1529,-6.641 
1529,-9.766 
1529,-16.292 
1529,-30.354 
1529,-41.625 
1529,80.312 
1530,-6.641 
1530,-14.266 
1530,-12.182 
1530,-23.641 
1530,-25.292 
1530,108.062 
1531,-6.641 
1531,-28.516 
1531,-26.432 
1531,-32.641 
1531,-35.042 
1531,119.146 
1532,-6.641 
1532,-26.562 
1532,-34.000 
1532,-27.229 
1532,-36.083 
1532,88.271 
1533,-6.641 
1533,-28.516 
1533,-26.432 
1533,-39.974 
1533,-55.125 
1533,99.062 
1534,-6.641 
1534,-8.854 
1534,-35.042 
1534,-38.021 
1534,-35.042 
1534,107.312 
1535,-6.641 
1535,-9.766 
1535,-7.682 
1535,-13.891 
1535,-25.292 
1535,99.062 
1536,-6.641 
1536,-14.266 
1536,-12.182 
1536,-28.271 
1536,-20.792 
1536,99.062 
1537,-6.641 
1537,-9.766 
1537,-16.292 
1537,-28.271 
1537,-41.625 
1537,99.062 
1538,-6.641 
1538,-9.766 
1538,-7.682 
1538,-0.391 
1538,-25.292 
1538,128.146 
1539,-6.641 
1539,-14.266 
1539,-7.292 
1539,-23.771 
1539,-37.125 
1539,126.062 
1540,-6.641 
1540,-28.516 
1540,-26.432 
1540,-32.641 
1540,-44.042 
1540,80.312 
1541,-6.641 
1541,-9.766 
1541,-7.682 
1541,-30.224 
1541,-37.125 
1541,126.062 
1542,-6.641 
1542,-28.516 
1542,-35.432 
1542,-23.641 
1542,-31.974 
1542,99.062 
1543,-6.641 
1543,-14.266 
1543,-12.182 
1543,-23.641 
1543,-35.042 
1543,119.146 
1544,-6.641 
1544,-14.266 
1544,-25.000 
1544,-48.062 
1544,-40.583 
1544,88.271 
1545,-6.641 
1545,-28.516 
1545,-30.932 
1545,-23.641 
1545,-25.292 
1545,128.146 
1546,-6.641 
1546,-28.516 
1546,-26.432 
1546,-39.974 
1546,-45.474 
1546,80.312 
1547,-6.641 
1547,-9.766 
1547,-26.432 
1547,-19.141 
1547,-34.292 
1547,108.062 
1548,-6.641 
1548,-26.562 
1548,-34.000 
1548,-27.229 
1548,-36.083 
1548,88.271 
1549,-6.641 
1549,-9.766 
1549,-33.016 
1549,-25.724 
1549,-34.057 
1549,105.979 
1550,-6.641 
1550,-9.766 
1550,-30.932 
1550,-44.474 
1550,-46.125 
1550,108.062 
1551,-6.641 
1551,-8.854 
1551,-16.292 
1551,-30.354 
1551,-41.625 
1551,80.312 
1552,-6.641 
1552,-8.854 
1552,-26.042 
1552,-28.271 
1552,-37.125 
1552,117.062 
1553,-6.641 
1553,-9.766 
1553,-7.682 
1553,-36.229 
1553,-36.083 
1553,100.104 
1554,-6.641 
1554,-28.516 
1554,-26.432 
1554,-39.974 
1554,-55.125 
1554,80.312 
1555,-6.641 
1555,-14.266 
1555,-30.932 
1555,-23.641 
1555,-44.042 
1555,80.312 
1556,-6.641 
1556,-9.766 
1556,-34.000 
1556,-27.229 
1556,-36.083 
1556,88.271 
1557,-6.641 
1557,-8.854 
1557,-35.042 
1557,-38.021 
1557,-35.042 
1557,107.312 
1558,-6.641 
1558,-9.766 
1558,-16.682 
1558,-4.891 
1558,-13.224 
1558,117.062 
1559,-6.641 
1559,-26.562 
1559,-34.000 
1559,-48.062 
1559,-36.083 
1559,100.104 
1560,-6.641 
1560,-28.516 
1560,-26.432 
1560,-39.974 
1560,-55.125 
1560,99.062 
1561,-6.641 
1561,-9.766 
1561,-7.682 
1561,-21.224 
1561,-36.375 
1561,99.062 
1562,-6.641 
1562,-9.766 
1562,-16.682 
1562,-21.224 
1562,-31.974 
1562,107.312 
1563,-6.641 
1563,-9.766 
1563,-16.292 
1563,-28.271 
1563,-16.292 
1563,108.062 
1564,-6.641 
1564,-14.266 
1564,-28.516 
1564,-30.354 
1564,-32.625 
1564,107.312 
1565,-6.641 
1565,-9.766 
1565,-7.682 
1565,-13.891 
1565,-13.224 
1565,100.104 
1566,-6.641 
1566,-28.516 
1566,-26.432 
1566,-48.974 
1566,-31.974 
1566,108.062 
1567,-6.641 
1567,-9.766 
1567,-30.932 
1567,-23.641 
1567,-35.042 
1567,107.312 
1568,-6.641 
1568,-9.766 
1568,-34.000 
1568,-27.229 
1568,-36.083 
1568,88.271 
1569,-6.641 
1569,-9.766 
1569,-7.682 
1569,-28.271 
1569,-37.125 
1569,126.062 
1570,-6.641 
1570,-14.266 
1570,-28.516 
1570,-30.354 
1570,-32.625 
1570,126.062 
1571,-6.641 
1571,-9.766 
1571,-26.432 
1571,-37.271 
1571,-37.125 
1571,108.062 
1572,-6.641 
1572,-9.766 
1572,-28.516 
1572,-39.974 
1572,-55.125 
1572,80.312 
1573,-6.641 
1573,-14.266 
1573,-7.292 
1573,-14.021 
1573,-22.875 
1573,117.062 
1574,-6.641 
1574,-26.562 
1574,-34.000 
1574,-27.229 
1574,-36.083 
1574,100.104 
1575,-6.641 
1575,-9.766 
1575,-26.042 
1575,-28.271 
1575,-37.125 
1575,107.312 
1576,-6.641 
1576,-9.766 
1576,-26.042 
1576,-28.271 
1576,-37.125 
1576,107.312 
1577,-6.641 
1577,-9.766 
1577,-34.000 
1577,-27.229 
1577,-36.083 
1577,88.271 
1578,-6.641 
1578,-8.854 
1578,-16.292 
1578,-30.354 
1578,-22.875 
1578,99.062 
1579,-6.641 
1579,-9.766 
1579,-16.292 
1579,-30.354 
1579,-18.375 
1579,99.062 
1580,-6.641 
1580,-9.766 
1580,-16.682 
1580,-25.724 
1580,-45.083 
1580,88.271 
1581,-6.641 
1581,-9.766 
1581,-33.016 
1581,-25.724 
1581,-13.224 
1581,109.104 
1582,-6.641 
1582,-14.266 
1582,-12.182 
1582,-27.229 
1582,-40.583 
1582,88.271 
1583,-6.641 
1583,-28.516 
1583,-26.432 
1583,-32.641 
1583,-25.292 
1583,108.062 
1584,-6.641 
1584,-14.266 
1584,-30.932 
1584,-23.641 
1584,-31.974 
1584,99.062 
1585,-6.641 
1585,-28.516 
1585,-26.432 
1585,-47.021 
1585,-39.542 
1585,107.312 
1586,-6.641 
1586,-9.766 
1586,-26.042 
1586,-28.271 
1586,-37.125 
1586,126.062 
1587,-6.641 
1587,-9.766 
1587,-7.682 
1587,-28.271 
1587,-35.042 
1587,107.312 
1588,-6.641 
1588,-8.854 
1588,-11.792 
1588,-23.771 
1588,-37.125 
1588,126.062 
1589,-6.641 
1589,-9.766 
1589,-28.516 
1589,-39.354 
1589,-22.875 
1589,105.979 
1590,-6.641 
1590,-8.854 
1590,-16.292 
1590,-30.354 
1590,-28.125 
1590,107.312 
1591,-6.641 
1591,-8.854 
1591,-35.042 
1591,-38.021 
1591,-35.042 
1591,119.146 
1592,-6.641 
1592,-14.266 
1592,-25.000 
1592,-48.062 
1592,-40.583 
1592,88.271 
1593,-6.641 
1593,-28.516 
1593,-30.932 
1593,-23.641 
1593,-25.292 
1593,108.062 
1594,-6.641 
1594,-9.766 
1594,-16.682 
1594,-23.641 
1594,-35.042 
1594,107.312 
1595,-6.641 
1595,-8.854 
1595,-16.292 
1595,-9.521 
1595,-18.375 
1595,105.979 
1596,-6.641 
1596,-28.516 
1596,-35.432 
1596,-23.641 
1596,-44.042 
1596,80.312 
1597,-6.641 
1597,-9.766 
1597,-26.042 
1597,-28.271 
1597,-20.792 
1597,126.062 
1598,-6.641 
1598,-14.266 
1598,-12.182 
1598,-4.891 
1598,-24.250 
1598,109.104 
1599,-6.641 
1599,-9.766 
1599,-7.682 
1599,-18.521 
1599,-18.375 
1599,105.979 
1600,-6.641 
1600,-9.766 
1600,-16.682 
1600,-23.641 
1600,-11.141 
1600,101.146 
1601,-6.641 
1601,-14.266 
1601,-12.182 
1601,-23.641 
1601,-25.292 
1601,99.062 
1602,-6.641 
1602,-8.854 
1602,-26.042 
1602,-28.271 
1602,-35.042 
1602,128.146 
1603,-6.641 
1603,-9.766 
1603,-33.016 
1603,-25.724 
1603,-34.057 
1603,88.271 
1604,-6.641 
1604,-8.854 
1604,-35.042 
1604,-28.271 
1604,-39.542 
1604,101.146 
1605,-6.641 
1605,-9.766 
1605,-26.432 
1605,-47.021 
1605,-35.042 
1605,119.146 
1606,-6.641 
1606,-9.766 
1606,-30.932 
1606,-23.641 
1606,-11.141 
1606,128.146 
1607,-6.641 
1607,-9.766 
1607,-7.682 
1607,-18.521 
1607,-18.375 
1607,108.062 
1608,-6.641 
1608,-9.766 
1608,-30.932 
1608,-23.641 
1608,-31.974 
1608,107.312 
1609,-6.641 
1609,-9.766 
1609,-28.516 
1609,-39.354 
1609,-37.125 
1609,108.062 
1610,-7.812 
1610,-14.266 
1610,-30.932 
1610,-23.641 
1610,-11.141 
1610,101.146 
1611,-6.641 
1611,-28.516 
1611,-26.042 
1611,-42.521 
1611,-39.542 
1611,107.312 
1612,-6.641 
1612,-14.266 
1612,-12.182 
1612,-21.224 
1612,-31.974 
1612,107.312 
1613,-7.812 
1613,-9.766 
1613,-7.682 
1613,-28.141 
1613,-31.974 
1613,108.062 
1614,-6.641 
1614,-9.766 
1614,-30.932 
1614,-28.271 
1614,-41.625 
1614,107.312 
1615,-6.641 
1615,-9.766 
1615,-28.516 
1615,-39.354 
1615,-28.125 
1615,117.062 
1616,-6.641 
1616,-8.854 
1616,-16.292 
1616,-23.771 
1616,-41.625 
1616,108.062 
1617,-6.641 
1617,-28.516 
1617,-35.432 
1617,-39.974 
1617,-31.974 
1617,108.062 
1618,-6.641 
1618,-9.766 
1618,-28.516 
1618,-39.354 
1618,-37.125 
1618,107.312 
1619,-6.641 
1619,-9.766 
1619,-7.682 
1619,-28.271 
1619,-16.292 
1619,128.146 
1620,-6.641 
1620,-14.266 
1620,-12.182 
1620,-23.641 
1620,-27.474 
1620,108.062 
1621,-6.641 
1621,-14.266 
1621,-12.182 
1621,-4.891 
1621,-25.292 
1621,99.062 
1622,-6.641 
1622,-9.766 
1622,-16.292 
1622,-28.271 
1622,-39.542 
1622,101.146 
1623,-6.641 
1623,-9.766 
1623,-26.432 
1623,-48.974 
1623,-31.974 
1623,108.062 
1624,-6.641 
1624,-14.266 
1624,-12.182 
1624,-25.724 
1624,-13.224 
1624,117.062 
1625,-6.641 
1625,-26.562 
1625,-34.000 
1625,-27.229 
1625,-36.083 
1625,109.104 
1626,-6.641 
1626,-9.766 
1626,-34.000 
1626,-48.062 
1626,-40.583 
1626,88.271 
1627,-6.641 
1627,-28.516 
1627,-26.432 
1627,-37.271 
1627,-37.125 
1627,80.312 
1628,-6.641 
1628,-26.562 
1628,-29.500 
1628,-48.062 
1628,-40.583 
1628,109.104 
1629,-6.641 
1629,-9.766 
1629,-7.682 
1629,-36.229 
1629,-36.083 
1629,88.271 
1630,-6.641 
1630,-9.766 
1630,-7.682 
1630,-21.224 
1630,-36.375 
1630,99.062 
1631,-6.641 
1631,-9.766 
1631,-16.292 
1631,-19.271 
1631,-35.042 
1631,128.146 
1632,-6.641 
1632,-14.266 
1632,-26.042 
1632,-32.771 
1632,-20.792 
1632,99.062 
1633,-6.641 
1633,-9.766 
1633,-34.000 
1633,-27.229 
1633,-19.750 
1633,109.104 
1634,-6.641 
1634,-9.766 
1634,-16.292 
1634,-28.271 
1634,-39.542 
1634,101.146 
1635,-6.641 
1635,-8.854 
1635,-16.292 
1635,-28.271 
1635,-20.792 
1635,108.062 
1636,-6.641 
1636,-9.766 
1636,-16.682 
1636,-23.641 
1636,-35.042 
1636,107.312 
1637,-6.641 
1637,-8.854 
1637,-11.792 
1637,-23.771 
1637,-39.542 
1637,107.312 
1638,-6.641 
1638,-14.266 
1638,-28.516 
1638,-48.062 
1638,-40.583 
1638,88.271 
1639,-6.641 
1639,-14.266 
1639,-12.182 
1639,-27.229 
1639,-36.083 
1639,109.104 
1640,-6.641 
1640,-9.766 
1640,-7.682 
1640,-28.271 
1640,-35.042 
1640,119.146 
1641,-6.641 
1641,-14.266 
1641,-30.932 
1641,-28.271 
1641,-20.792 
1641,119.146 
1642,-6.641 
1642,-9.766 
1642,-30.932 
1642,-23.641 
1642,-11.141 
1642,128.146 
1643,-6.641 
1643,-8.854 
1643,-35.042 
1643,-28.271 
1643,-26.042 
1643,119.146 
1644,-6.641 
1644,-14.266 
1644,-30.932 
1644,-23.641 
1644,-11.141 
1644,101.146 
1645,-6.641 
1645,-9.766 
1645,-16.292 
1645,-19.271 
1645,-35.042 
1645,107.312 
1646,-6.641 
1646,-8.854 
1646,-16.292 
1646,-19.271 
1646,-20.792 
1646,117.062 
1647,-6.641 
1647,-28.516 
1647,-26.432 
1647,-32.641 
1647,-27.474 
1647,107.312 
1648,-6.641 
1648,-14.266 
1648,-28.516 
1648,-30.354 
1648,-22.875 
1648,126.062 
1649,-6.641 
1649,-9.766 
1649,-7.682 
1649,-30.224 
1649,-13.224 
1649,126.062 
1650,-6.641 
1650,-8.854 
1650,-16.292 
1650,-30.354 
1650,-18.375 
1650,99.062 
1651,-6.641 
1651,-28.516 
1651,-35.432 
1651,-39.974 
1651,-46.125 
1651,107.312 
1652,-6.641 
1652,-28.516 
1652,-35.042 
1652,-47.021 
1652,-39.542 
1652,101.146 
1653,-6.641 
1653,-28.516 
1653,-30.932 
1653,-23.641 
1653,-31.974 
1653,108.062 
1654,-7.812 
1654,-9.766 
1654,-33.016 
1654,-25.724 
1654,-27.375 
1654,105.979 
1655,-6.641 
1655,-8.854 
1655,-26.042 
1655,-42.521 
1655,-39.542 
1655,128.146 
1656,-6.641 
1656,-8.854 
1656,-16.292 
1656,-9.521 
1656,-18.375 
1656,126.062 
1657,-6.641 
1657,-14.266 
1657,-28.516 
1657,-30.354 
1657,-22.875 
1657,126.062 
1658,-6.641 
1658,-9.766 
1658,-16.682 
1658,-23.641 
1658,-35.042 
1658,107.312 
1659,-6.641 
1659,-28.516 
1659,-26.432 
1659,-32.641 
1659,-27.474 
1659,108.062 
1660,-6.641 
1660,-9.766 
1660,-7.682 
1660,-28.271 
1660,-16.292 
1660,126.062 
1661,-6.641 
1661,-14.266 
1661,-12.182 
1661,-9.521 
1661,-18.375 
1661,105.979 
1662,-6.641 
1662,-9.766 
1662,-33.016 
1662,-25.724 
1662,-27.375 
1662,108.062 
1663,-6.641 
1663,-9.766 
1663,-7.682 
1663,-21.224 
1663,-26.724 
1663,99.062 
1664,-6.641 
1664,-9.766 
1664,-34.000 
1664,-27.229 
1664,-36.083 
1664,109.104 
1665,-6.641 
1665,-9.766 
1665,-28.516 
1665,-48.974 
1665,-31.974 
1665,107.312 
1666,-6.641 
1666,-28.516 
1666,-35.432 
1666,-28.271 
1666,-20.792 
1666,108.062 
1667,-6.641 
1667,-8.854 
1667,-26.042 
1667,-28.271 
1667,-37.125 
1667,126.062 
1668,-6.641 
1668,-14.266 
1668,-26.042 
1668,-32.771 
1668,-20.792 
1668,99.062 
1669,-6.641 
1669,-9.766 
1669,-16.682 
1669,-25.724 
1669,-31.974 
1669,80.312 
1670,-6.641 
1670,-9.766 
1670,-7.682 
1670,-18.521 
1670,-16.292 
1670,108.062 
1671,-6.641 
1671,-9.766 
1671,-7.682 
1671,-13.891 
1671,-16.292 
1671,126.062 
1672,-6.641 
1672,-14.266 
1672,-26.042 
1672,-51.521 
1672,-39.542 
1672,80.312 
1673,-6.641 
1673,-8.854 
1673,-16.292 
1673,-9.521 
1673,-22.875 
1673,99.062 
1674,-6.641 
1674,-9.766 
1674,-7.682 
1674,-30.224 
1674,-37.125 
1674,107.312 
1675,-6.641 
1675,-28.516 
1675,-35.432 
1675,-23.641 
1675,-35.042 
1675,107.312 
1676,-6.641 
1676,-8.854 
1676,-35.042 
1676,-28.271 
1676,-37.125 
1676,107.312 
1677,-6.641 
1677,-8.854 
1677,-16.292 
1677,-19.271 
1677,-16.292 
1677,128.146 
1678,-6.641 
1678,-9.766 
1678,-7.682 
1678,-28.271 
1678,-16.292 
1678,128.146 
1679,-6.641 
1679,-28.516 
1679,-26.042 
1679,-42.521 
1679,-39.542 
1679,107.312 
1680,-6.641 
1680,-28.516 
1680,-30.932 
1680,-23.641 
1680,-35.042 
1680,107.312 
1681,-6.641 
1681,-14.266 
1681,-30.932 
1681,-23.641 
1681,-25.292 
1681,119.146 
1682,-6.641 
1682,-28.516 
1682,-26.432 
1682,-19.141 
1682,-40.974 
1682,108.062 
1683,-6.641 
1683,-14.266 
1683,-7.292 
1683,-14.021 
1683,-11.792 
1683,117.062 
1684,-6.641 
1684,-9.766 
1684,-33.016 
1684,-44.474 
1684,-46.125 
1684,107.312 
1685,-6.641 
1685,-28.516 
1685,-35.432 
1685,-28.271 
1685,-20.792 
1685,99.062 
1686,-6.641 
1686,-9.766 
1686,-7.682 
1686,-30.224 
1686,-45.083 
1686,88.271 
1687,-6.641 
1687,-26.562 
1687,-34.000 
1687,-48.062 
1687,-36.083 
1687,100.104 
1688,-6.641 
1688,-8.854 
1688,-11.792 
1688,-23.771 
1688,-20.792 
1688,119.146 
1689,-6.641 
1689,-9.766 
1689,-16.292 
1689,-30.354 
1689,-28.125 
1689,107.312 
1690,-6.641 
1690,-9.766 
1690,-28.516 
1690,-48.974 
1690,-31.974 
1690,107.312 
1691,-6.641 
1691,-8.854 
1691,-26.042 
1691,-28.271 
1691,-39.542 
1691,107.312 
1692,-6.641 
1692,-9.766 
1692,-16.682 
1692,-25.724 
1692,-29.557 
1692,105.979 
1693,-6.641 
1693,-9.766 
1693,-26.432 
1693,-37.271 
1693,-16.292 
1693,108.062 
1694,-6.641 
1694,-9.766 
1694,-30.932 
1694,-23.641 
1694,-35.042 
1694,107.312 
1695,-6.641 
1695,-9.766 
1695,-33.016 
1695,-44.474 
1695,-46.125 
1695,108.062 
1696,-6.641 
1696,-9.766 
1696,-28.516 
1696,-39.354 
1696,-18.375 
1696,105.979 
1697,-6.641 
1697,-8.854 
1697,-26.042 
1697,-28.271 
1697,-35.042 
1697,119.146 
1698,-6.641 
1698,-9.766 
1698,-16.682 
1698,-4.891 
1698,-8.724 
1698,109.104 
1699,-6.641 
1699,-9.766 
1699,-33.016 
1699,-44.474 
1699,-46.125 
1699,108.062 
1700,-6.641 
1700,-9.766 
1700,-16.292 
1700,-19.271 
1700,-37.125 
1700,126.062 
1701,-6.641 
1701,-8.854 
1701,-26.042 
1701,-28.271 
1701,-16.292 
1701,126.062 
1702,-6.641 
1702,-28.516 
1702,-26.432 
1702,-19.141 
1702,-44.042 
1702,107.312 
1703,-6.641 
1703,-8.854 
1703,-16.292 
1703,-28.271 
1703,-20.792 
1703,119.146 
1704,-6.641 
1704,-9.766 
1704,-26.432 
1704,-37.271 
1704,-37.125 
1704,99.062 
1705,-6.641 
1705,-14.266 
1705,-28.516 
1705,-25.724 
1705,-34.057 
1705,105.979 
1706,-6.641 
1706,-9.766 
1706,-28.516 
1706,-39.354 
1706,-18.375 
1706,105.979 
1707,-6.641 
1707,-14.266 
1707,-7.292 
1707,-23.771 
1707,-39.542 
1707,107.312 
1708,-6.641 
1708,-9.766 
1708,-7.682 
1708,-36.229 
1708,-15.250 
1708,109.104 
1709,-6.641 
1709,-9.766 
1709,-26.432 
1709,-47.021 
1709,-35.042 
1709,119.146 
1710,-6.641 
1710,-14.266 
1710,-30.932 
1710,-28.271 
1710,-37.125 
1710,107.312 
1711,-6.641 
1711,-14.266 
1711,-25.000 
1711,-31.729 
1711,-19.750 
1711,100.104 
1712,-6.641 
1712,-28.516 
1712,-26.432 
1712,-19.141 
1712,-40.974 
1712,108.062 
1713,-6.641 
1713,-26.562 
1713,-29.500 
1713,-48.062 
1713,-40.583 
1713,109.104 
1714,-6.641 
1714,-28.516 
1714,-26.432 
1714,-32.641 
1714,-27.474 
1714,108.062 
1715,-6.641 
1715,-14.266 
1715,-30.932 
1715,-28.271 
1715,-30.542 
1715,107.312 
1716,-6.641 
1716,-9.766 
1716,-26.432 
1716,-37.271 
1716,-37.125 
1716,108.062 
1717,-6.641 
1717,-9.766 
1717,-7.682 
1717,-21.224 
1717,-26.724 
1717,99.062 
1718,-6.641 
1718,-8.854 
1718,-16.292 
1718,-23.771 
1718,-20.792 
1718,108.062 
1719,-6.641 
1719,-9.766 
1719,-16.292 
1719,-25.854 
1719,-22.875 
1719,105.979 
1720,-6.641 
1720,-9.766 
1720,-7.682 
1720,-13.891 
1720,-8.724 
1720,126.062 
1721,-7.812 
1721,-9.766 
1721,-7.682 
1721,-19.141 
1721,-40.974 
1721,107.312 
1722,-6.641 
1722,-9.766 
1722,-7.682 
1722,-28.141 
1722,-35.042 
1722,128.146 
1723,-6.641 
1723,-9.766 
1723,-16.682 
1723,-23.641 
1723,-27.474 
1723,107.312 
1724,-6.641 
1724,-8.854 
1724,-30.542 
1724,-51.521 
1724,-39.542 
1724,101.146 
1725,-6.641 
1725,-9.766 
1725,-26.432 
1725,-37.271 
1725,-37.125 
1725,107.312 
1726,-6.641 
1726,-8.854 
1726,-16.292 
1726,-28.271 
1726,-39.542 
1726,101.146 
1727,-6.641 
1727,-8.854 
1727,-26.042 
1727,-32.771 
1727,-30.542 
1727,128.146 
1728,-6.641 
1728,-9.766 
1728,-28.516 
1728,-48.974 
1728,-46.125 
1728,108.062 
1729,-6.641 
1729,-9.766 
1729,-16.292 
1729,-28.271 
1729,-37.125 
1729,99.062 
1730,-6.641 
1730,-14.266 
1730,-28.516 
1730,-30.354 
1730,-22.875 
1730,105.979 
1731,-6.641 
1731,-9.766 
1731,-30.932 
1731,-28.271 
1731,-41.625 
1731,108.062 
1732,-6.641 
1732,-9.766 
1732,-26.432 
1732,-32.641 
1732,-11.141 
1732,119.146 
1733,-6.641 
1733,-28.516 
1733,-35.042 
1733,-28.271 
1733,-26.042 
1733,119.146 
1734,-6.641 
1734,-26.562 
1734,-34.000 
1734,-27.229 
1734,-40.583 
1734,88.271 
1735,-6.641 
1735,-9.766 
1735,-7.682 
1735,-30.224 
1735,-13.224 
1735,109.104 
1736,-6.641 
1736,-9.766 
1736,-26.432 
1736,-47.021 
1736,-39.542 
1736,119.146 
1737,-6.641 
1737,-8.854 
1737,-11.792 
1737,-23.771 
1737,-37.125 
1737,126.062 
1738,-6.641 
1738,-28.516 
1738,-35.042 
1738,-28.271 
1738,-20.792 
1738,108.062 
1739,-7.812 
1739,-9.766 
1739,-30.932 
1739,-28.271 
1739,-30.542 
1739,128.146 
1740,-7.812 
1740,-9.766 
1740,-28.516 
1740,-57.062 
1740,-36.083 
1740,88.271 
1741,-6.641 
1741,-28.516 
1741,-35.432 
1741,-23.641 
1741,-11.141 
1741,119.146 
1742,-7.812 
1742,-9.766 
1742,-16.682 
1742,-23.641 
1742,-27.474 
1742,107.312 
1743,-6.641 
1743,-26.562 
1743,-34.000 
1743,-27.229 
1743,-36.083 
1743,88.271 
1744,-6.641 
1744,-14.266 
1744,-28.516 
1744,-44.474 
1744,-31.974 
1744,108.062 
1745,-6.641 
1745,-9.766 
1745,-7.682 
1745,-21.224 
1745,-43.057 
1745,88.271 
1746,-6.641 
1746,-28.516 
1746,-26.432 
1746,-32.641 
1746,-27.474 
1746,107.312 
1747,-6.641 
1747,-28.516 
1747,-35.042 
1747,-38.021 
1747,-39.542 
1747,119.146 
1748,-6.641 
1748,-8.854 
1748,-26.042 
1748,-47.021 
1748,-39.542 
1748,119.146 
1749,-6.641 
1749,-9.766 
1749,-30.932 
1749,-23.641 
1749,-25.292 
1749,108.062 
1750,-6.641 
1750,-26.562 
1750,-34.000 
1750,-27.229 
1750,-36.083 
1750,100.104 
1751,-6.641 
1751,-28.516 
1751,-26.432 
1751,-19.141 
1751,-44.042 
1751,119.146 
1752,-7.812 
1752,-9.766 
1752,-30.932 
1752,-28.271 
1752,-30.542 
1752,128.146 
1753,-6.641 
1753,-9.766 
1753,-7.682 
1753,-19.141 
1753,-44.042 
1753,107.312 
1754,-6.641 
1754,-9.766 
1754,-26.432 
1754,-19.141 
1754,-40.974 
1754,107.312 
1755,-6.641 
1755,-14.266 
1755,-12.182 
1755,-4.891 
1755,-8.724 
1755,126.062 
1756,-6.641 
1756,-9.766 
1756,-28.516 
1756,-57.062 
1756,-40.583 
1756,88.271 
1757,-6.641 
1757,-9.766 
1757,-28.516 
1757,-39.354 
1757,-37.125 
1757,80.312 
1758,-6.641 
1758,-26.562 
1758,-29.500 
1758,-31.729 
1758,-19.750 
1758,100.104 
1759,-6.641 
1759,-9.766 
1759,-28.516 
1759,-21.224 
1759,-43.057 
1759,105.979 
1760,-6.641 
1760,-9.766 
1760,-26.042 
1760,-28.271 
1760,-20.792 
1760,117.062 
1761,-6.641 
1761,-9.766 
1761,-16.682 
1761,-28.271 
1761,-41.625 
1761,99.062 
1762,-6.641 
1762,-9.766 
1762,-7.682 
1762,-21.224 
1762,-36.375 
1762,99.062 
1763,-6.641 
1763,-8.854 
1763,-11.792 
1763,-14.021 
1763,-18.375 
1763,105.979 
1764,-6.641 
1764,-14.266 
1764,-12.182 
1764,-21.224 
1764,-31.974 
1764,107.312 
1765,-6.641 
1765,-8.854 
1765,-26.042 
1765,-42.521 
1765,-39.542 
1765,128.146 
1766,-6.641 
1766,-9.766 
1766,-28.516 
1766,-21.224 
1766,-43.057 
1766,88.271 
1767,-6.641 
1767,-9.766 
1767,-33.016 
1767,-25.724 
1767,-13.224 
1767,126.062 
1768,-6.641 
1768,-9.766 
1768,-34.000 
1768,-27.229 
1768,-36.083 
1768,100.104 
1769,-6.641 
1769,-28.516 
1769,-26.432 
1769,-47.021 
1769,-35.042 
1769,119.146 
1770,-6.641 
1770,-14.266 
1770,-12.182 
1770,-23.641 
1770,-25.292 
1770,119.146 
1771,-6.641 
1771,-28.516 
1771,-26.432 
1771,-32.641 
1771,-11.141 
1771,119.146 
1772,-6.641 
1772,-9.766 
1772,-16.292 
1772,-9.521 
1772,-20.792 
1772,99.062 
1773,-7.812 
1773,-28.516 
1773,-26.432 
1773,-37.271 
1773,-37.125 
1773,80.312 
1774,-6.641 
1774,-28.516 
1774,-26.042 
1774,-32.771 
1774,-20.792 
1774,108.062 
1775,-6.641 
1775,-28.516 
1775,-35.432 
1775,-47.021 
1775,-39.542 
1775,101.146 
1776,-6.641 
1776,-9.766 
1776,-26.042 
1776,-28.271 
1776,-16.292 
1776,126.062 
1777,-6.641 
1777,-9.766 
1777,-7.682 
1777,-21.224 
1777,-26.724 
1777,100.104 
1778,-6.641 
1778,-9.766 
1778,-16.682 
1778,-28.271 
1778,-20.792 
1778,99.062 
1779,-6.641 
1779,-28.516 
1779,-26.432 
1779,-48.974 
1779,-46.125 
1779,107.312 
1780,-6.641 
1780,-14.266 
1780,-28.516 
1780,-44.474 
1780,-46.125 
1780,108.062 
1781,-6.641 
1781,-9.766 
1781,-16.682 
1781,-27.229 
1781,-19.750 
1781,100.104 
1782,-6.641 
1782,-8.854 
1782,-35.042 
1782,-28.271 
1782,-30.542 
1782,107.312 
1783,-6.641 
1783,-14.266 
1783,-30.932 
1783,-47.021 
1783,-39.542 
1783,101.146 
1784,-6.641 
1784,-9.766 
1784,-34.000 
1784,-48.062 
1784,-36.083 
1784,88.271 
1785,-6.641 
1785,-8.854 
1785,-11.792 
1785,-32.771 
1785,-20.792 
1785,99.062 
1786,-6.641 
1786,-9.766 
1786,-7.682 
1786,-36.229 
1786,-36.083 
1786,109.104 
1787,-6.641 
1787,-26.562 
1787,-34.000 
1787,-27.229 
1787,-19.750 
1787,100.104 
1788,-6.641 
1788,-14.266 
1788,-28.516 
1788,-30.354 
1788,-41.625 
1788,108.062 
1789,-6.641 
1789,-9.766 
1789,-7.682 
1789,-13.891 
1789,-13.224 
1789,100.104 
1790,-6.641 
1790,-28.516 
1790,-30.932 
1790,-44.474 
1790,-46.125 
1790,108.062 
1791,-6.641 
1791,-9.766 
1791,-16.682 
1791,-23.641 
1791,-35.042 
1791,119.146 
1792,-6.641 
1792,-9.766 
1792,-16.682 
1792,-21.224 
1792,-45.083 
1792,88.271 
1793,-7.812 
1793,-9.766 
1793,-28.516 
1793,-34.724 
1793,-45.083 
1793,100.104 
1794,-6.641 
1794,-9.766 
1794,-16.292 
1794,-30.354 
1794,-41.625 
1794,99.062 
1795,-6.641 
1795,-9.766 
1795,-26.042 
1795,-28.271 
1795,-16.292 
1795,126.062 
1796,-6.641 
1796,-8.854 
1796,-35.042 
1796,-47.021 
1796,-39.542 
1796,80.312 
1797,-6.641 
1797,-28.516 
1797,-30.932 
1797,-23.641 
1797,-35.042 
1797,128.146 
1798,-6.641 
1798,-8.854 
1798,-30.542 
1798,-51.521 
1798,-39.542 
1798,101.146 
1799,-6.641 
1799,-9.766 
1799,-34.000 
1799,-27.229 
1799,-19.750 
1799,109.104 
1800,-6.641 
1800,-9.766 
1800,-28.516 
1800,-34.724 
1800,-27.375 
1800,105.979 
1801,-6.641 
1801,-9.766 
1801,-7.682 
1801,-36.229 
1801,-15.250 
1801,109.104 
1802,-6.641 
1802,-28.516 
1802,-35.042 
1802,-28.271 
1802,-30.542 
1802,119.146 
1803,-6.641 
1803,-9.766 
1803,-26.432 
1803,-19.141 
1803,-40.974 
1803,108.062 
1804,-6.641 
1804,-14.266 
1804,-7.292 
1804,-23.771 
1804,-39.542 
1804,119.146 
1805,-6.641 
1805,-9.766 
1805,-33.016 
1805,-44.474 
1805,-31.974 
1805,108.062 
1806,-6.641 
1806,-28.516 
1806,-30.932 
1806,-28.271 
1806,-20.792 
1806,108.062 
1807,-6.641 
1807,-28.516 
1807,-26.432 
1807,-47.021 
1807,-35.042 
1807,119.146 
1808,-6.641 
1808,-8.854 
1808,-11.792 
1808,-23.771 
1808,-37.125 
1808,126.062 
1809,-6.641 
1809,-9.766 
1809,-16.682 
1809,-9.521 
1809,-18.375 
1809,126.062 
1810,-7.812 
1810,-9.766 
1810,-30.932 
1810,-23.641 
1810,-31.974 
1810,107.312 
1811,-6.641 
1811,-14.266 
1811,-30.932 
1811,-47.021 
1811,-39.542 
1811,101.146 
1812,-6.641 
1812,-8.854 
1812,-11.792 
1812,-32.771 
1812,-37.125 
1812,107.312 
1813,-6.641 
1813,-26.562 
1813,-34.000 
1813,-27.229 
1813,-36.083 
1813,88.271 
1814,-6.641 
1814,-8.854 
1814,-11.792 
1814,-30.354 
1814,-41.625 
1814,107.312 
1815,-6.641 
1815,-9.766 
1815,-16.292 
1815,-9.521 
1815,-18.375 
1815,126.062 
1816,-6.641 
1816,-9.766 
1816,-33.016 
1816,-30.354 
1816,-32.625 
1816,107.312 
1817,-7.812 
1817,-9.766 
1817,-28.516 
1817,-39.354 
1817,-18.375 
1817,99.062 
1818,-6.641 
1818,-9.766 
1818,-28.516 
1818,-39.354 
1818,-37.125 
1818,99.062 
1819,-6.641 
1819,-28.516 
1819,-35.432 
1819,-28.271 
1819,-30.542 
1819,107.312 
1820,-6.641 
1820,-8.854 
1820,-35.042 
1820,-28.271 
1820,-26.042 
1820,107.312 
1821,-6.641 
1821,-14.266 
1821,-25.000 
1821,-31.729 
1821,-19.750 
1821,100.104 
1822,-6.641 
1822,-9.766 
1822,-34.000 
1822,-48.062 
1822,-36.083 
1822,88.271 
1823,-6.641 
1823,-8.854 
1823,-11.792 
1823,-14.021 
1823,-18.375 
1823,108.062 
1824,-6.641 
1824,-28.516 
1824,-26.432 
1824,-19.141 
1824,-44.042 
1824,107.312 
1825,-6.641 
1825,-8.854 
1825,-16.292 
1825,-19.271 
1825,-20.792 
1825,119.146 
1826,-6.641 
1826,-26.562 
1826,-34.000 
1826,-27.229 
1826,-36.083 
1826,100.104 
1827,-6.641 
1827,-8.854 
1827,-11.792 
1827,-30.354 
1827,-22.875 
1827,105.979 
1828,-6.641 
1828,-9.766 
1828,-28.516 
1828,-21.224 
1828,-40.974 
1828,107.312 
1829,-6.641 
1829,-9.766 
1829,-34.000 
1829,-27.229 
1829,-36.083 
1829,109.104 
1830,-6.641 
1830,-8.854 
1830,-16.292 
1830,-30.354 
1830,-22.875 
1830,117.062 
1831,-6.641 
1831,-8.854 
1831,-16.292 
1831,-28.271 
1831,-37.125 
1831,80.312 
1832,-6.641 
1832,-9.766 
1832,-28.516 
1832,-57.062 
1832,-40.583 
1832,100.104 
1833,-6.641 
1833,-9.766 
1833,-16.292 
1833,-30.354 
1833,-22.875 
1833,117.062 
1834,-6.641 
1834,-8.854 
1834,-30.542 
1834,-32.771 
1834,-39.542 
1834,101.146 
1835,-6.641 
1835,-26.562 
1835,-29.500 
1835,-48.062 
1835,-40.583 
1835,88.271 
1836,-6.641 
1836,-28.516 
1836,-26.432 
1836,-37.271 
1836,-20.792 
1836,99.062 
1837,-6.641 
1837,-28.516 
1837,-30.932 
1837,-23.641 
1837,-25.292 
1837,108.062 
1838,-6.641 
1838,-14.266 
1838,-28.516 
1838,-25.724 
1838,-34.057 
1838,88.271 
1839,-6.641 
1839,-9.766 
1839,-26.042 
1839,-28.271 
1839,-20.792 
1839,117.062 
1840,-6.641 
1840,-28.516 
1840,-26.432 
1840,-19.141 
1840,-24.641 
1840,119.146 
1841,-6.641 
1841,-9.766 
1841,-30.932 
1841,-44.474 
1841,-31.974 
1841,108.062 
1842,-6.641 
1842,-28.516 
1842,-35.042 
1842,-28.271 
1842,-26.042 
1842,119.146 
1843,-6.641 
1843,-9.766 
1843,-16.292 
1843,-28.271 
1843,-20.792 
1843,101.146 
1844,-6.641 
1844,-9.766 
1844,-26.432 
1844,-47.021 
1844,-35.042 
1844,119.146 
1845,-6.641 
1845,-9.766 
1845,-16.682 
1845,-19.271 
1845,-20.792 
1845,119.146 
1846,-6.641 
1846,-28.516 
1846,-26.042 
1846,-42.521 
1846,-39.542 
1846,107.312 
1847,-6.641 
1847,-9.766 
1847,-16.292 
1847,-9.521 
1847,-22.875 
1847,105.979 
1848,-6.641 
1848,-14.266 
1848,-12.182 
1848,-25.724 
1848,-27.375 
1848,117.062 
1849,-6.641 
1849,-14.266 
1849,-12.182 
1849,-25.724 
1849,-45.083 
1849,100.104 
1850,-6.641 
1850,-9.766 
1850,-7.682 
1850,-30.224 
1850,-45.083 
1850,88.271 
1851,-6.641 
1851,-9.766 
1851,-34.000 
1851,-27.229 
1851,-19.750 
1851,100.104 
1852,-6.641 
1852,-28.516 
1852,-35.432 
1852,-28.271 
1852,-37.125 
1852,107.312 
1853,-6.641 
1853,-28.516 
1853,-26.432 
1853,-37.271 
1853,-37.125 
1853,107.312 
1854,-6.641 
1854,-9.766 
1854,-16.292 
1854,-28.271 
1854,-20.792 
1854,101.146 
1855,-6.641 
1855,-28.516 
1855,-35.042 
1855,-38.021 
1855,-35.042 
1855,119.146 
1856,-6.641 
1856,-9.766 
1856,-30.932 
1856,-38.021 
1856,-39.542 
1856,107.312 
1857,-6.641 
1857,-9.766 
1857,-34.000 
1857,-27.229 
1857,-15.250 
1857,109.104 
1858,-6.641 
1858,-28.516 
1858,-35.042 
1858,-38.021 
1858,-39.542 
1858,119.146 
1859,-6.641 
1859,-14.266 
1859,-30.932 
1859,-23.641 
1859,-27.474 
1859,108.062 
1860,-6.641 
1860,-28.516 
1860,-30.932 
1860,-28.271 
1860,-41.625 
1860,107.312 
1861,-6.641 
1861,-9.766 
1861,-33.016 
1861,-25.724 
1861,-13.224 
1861,126.062 
1862,-6.641 
1862,-28.516 
1862,-26.432 
1862,-39.974 
1862,-45.474 
1862,99.062 
1863,-6.641 
1863,-28.516 
1863,-26.432 
1863,-32.641 
1863,-11.141 
1863,119.146 
1864,-6.641 
1864,-14.266 
1864,-30.932 
1864,-23.641 
1864,-27.474 
1864,107.312 
1865,-6.641 
1865,-9.766 
1865,-33.016 
1865,-44.474 
1865,-46.125 
1865,108.062 
1866,-6.641 
1866,-9.766 
1866,-16.682 
1866,-25.724 
1866,-13.224 
1866,117.062 
1867,-6.641 
1867,-9.766 
1867,-33.016 
1867,-25.724 
1867,-27.375 
1867,108.062 
1868,-6.641 
1868,-28.516 
1868,-30.932 
1868,-28.271 
1868,-41.625 
1868,107.312 
1869,-6.641 
1869,-28.516 
1869,-35.432 
1869,-28.271 
1869,-20.792 
1869,108.062 
1870,-6.641 
1870,-9.766 
1870,-16.292 
1870,-9.521 
1870,-22.875 
1870,117.062 
1871,-6.641 
1871,-28.516 
1871,-30.932 
1871,-23.641 
1871,-35.042 
1871,107.312 
1872,-6.641 
1872,-28.516 
1872,-35.432 
1872,-23.641 
1872,-44.042 
1872,101.146 
1873,-6.641 
1873,-9.766 
1873,-7.682 
1873,-30.224 
1873,-13.224 
1873,109.104 
1874,-6.641 
1874,-14.266 
1874,-30.932 
1874,-28.271 
1874,-20.792 
1874,99.062 
1875,-6.641 
1875,-9.766 
1875,-28.516 
1875,-34.724 
1875,-46.125 
1875,99.062 
1876,-6.641 
1876,-14.266 
1876,-12.182 
1876,-21.224 
1876,-13.224 
1876,126.062 
1877,-6.641 
1877,-28.516 
1877,-26.432 
1877,-32.641 
1877,-31.974 
1877,80.312 
1878,-6.641 
1878,-14.266 
1878,-30.932 
1878,-23.641 
1878,-27.474 
1878,108.062 
1879,-6.641 
1879,-28.516 
1879,-30.932 
1879,-23.641 
1879,-25.292 
1879,128.146 
1880,-6.641 
1880,-9.766 
1880,-16.682 
1880,-4.891 
1880,-8.724 
1880,126.062 
1881,-6.641 
1881,-9.766 
1881,-26.432 
1881,-37.271 
1881,-39.542 
1881,101.146 
1882,-6.641 
1882,-14.266 
1882,-12.182 
1882,-4.891 
1882,-16.292 
1882,117.062 
1883,-6.641 
1883,-28.516 
1883,-30.932 
1883,-23.641 
1883,-11.141 
1883,128.146 
1884,-6.641 
1884,-9.766 
1884,-34.000 
1884,-48.062 
1884,-36.083 
1884,100.104 
1885,-6.641 
1885,-28.516 
1885,-26.432 
1885,-37.271 
1885,-20.792 
1885,119.146 
1886,-6.641 
1886,-9.766 
1886,-16.292 
1886,-28.271 
1886,-37.125 
1886,80.312 
1887,-6.641 
1887,-9.766 
1887,-26.432 
1887,-32.641 
1887,-27.474 
1887,107.312 
1888,-6.641 
1888,-9.766 
1888,-7.682 
1888,-30.224 
1888,-45.083 
1888,109.104 
1889,-6.641 
1889,-26.562 
1889,-29.500 
1889,-31.729 
1889,-19.750 
1889,109.104 
1890,-6.641 
1890,-9.766 
1890,-16.292 
1890,-9.521 
1890,-7.292 
1890,128.146 
1891,-6.641 
1891,-14.266 
1891,-26.042 
1891,-32.771 
1891,-41.625 
1891,99.062 
1892,-6.641 
1892,-28.516 
1892,-35.432 
1892,-28.271 
1892,-30.542 
1892,119.146 
1893,-6.641 
1893,-14.266 
1893,-12.182 
1893,-21.224 
1893,-45.083 
1893,88.271 
1894,-6.641 
1894,-8.854 
1894,-35.042 
1894,-28.271 
1894,-20.792 
1894,108.062 
1895,-6.641 
1895,-9.766 
1895,-28.516 
1895,-57.062 
1895,-40.583 
1895,88.271 
1896,-6.641 
1896,-14.266 
1896,-28.516 
1896,-44.474 
1896,-31.974 
1896,107.312 
1897,-6.641 
1897,-14.266 
1897,-12.182 
1897,-25.724 
1897,-31.974 
1897,80.312 
1898,-6.641 
1898,-9.766 
1898,-16.682 
1898,-4.891 
1898,-24.250 
1898,109.104 
1899,-6.641 
1899,-26.562 
1899,-34.000 
1899,-48.062 
1899,-36.083 
1899,100.104 
1900,-6.641 
1900,-14.266 
1900,-28.516 
1900,-30.354 
1900,-22.875 
1900,108.062 
1901,-6.641 
1901,-8.854 
1901,-26.042 
1901,-42.521 
1901,-39.542 
1901,107.312 
1902,-6.641 
1902,-26.562 
1902,-34.000 
1902,-27.229 
1902,-15.250 
1902,109.104 
1903,-6.641 
1903,-14.266 
1903,-28.516 
1903,-25.724 
1903,-45.083 
1903,109.104 
1904,-6.641 
1904,-28.516 
1904,-35.042 
1904,-28.271 
1904,-20.792 
1904,119.146 
1905,-6.641 
1905,-28.516 
1905,-35.432 
1905,-39.974 
1905,-46.125 
1905,107.312 
1906,-6.641 
1906,-14.266 
1906,-28.516 
1906,-44.474 
1906,-31.974 
1906,108.062 
1907,-6.641 
1907,-14.266 
1907,-30.932 
1907,-39.974 
1907,-31.974 
1907,108.062 
1908,-6.641 
1908,-28.516 
1908,-35.432 
1908,-47.021 
1908,-39.542 
1908,80.312 
1909,-7.812 
1909,-9.766 
1909,-26.042 
1909,-47.021 
1909,-39.542 
1909,107.312 
1910,-6.641 
1910,-14.266 
1910,-28.516 
1910,-48.062 
1910,-40.583 
1910,109.104 
1911,-6.641 
1911,-8.854 
1911,-16.292 
1911,-30.354 
1911,-37.125 
1911,99.062 
1912,-6.641 
1912,-9.766 
1912,-7.682 
1912,-30.224 
1912,-37.125 
1912,126.062 
1913,-6.641 
1913,-14.266 
1913,-30.932 
1913,-23.641 
1913,-35.042 
1913,119.146 
1914,-6.641 
1914,-9.766 
1914,-7.682 
1914,-28.271 
1914,-37.125 
1914,126.062 
1915,-6.641 
1915,-14.266 
1915,-12.182 
1915,-4.891 
1915,-11.141 
1915,119.146 
1916,-6.641 
1916,-9.766 
1916,-16.682 
1916,-19.271 
1916,-39.542 
1916,107.312 
1917,-6.641 
1917,-9.766 
1917,-34.000 
1917,-27.229 
1917,-36.083 
1917,100.104 
1918,-6.641 
1918,-8.854 
1918,-26.042 
1918,-42.521 
1918,-39.542 
1918,107.312 
1919,-6.641 
1919,-28.516 
1919,-26.432 
1919,-19.141 
1919,-24.641 
1919,101.146 
1920,-7.812 
1920,-18.766 
1920,-16.682 
1920,-0.521 
1920,-16.292 
1920,101.146 
1921,-7.812 
1921,-9.766 
1921,-26.432 
1921,-37.271 
1921,-20.792 
1921,99.062 
1922,-7.812 
1922,-28.516 
1922,-26.432 
1922,-37.271 
1922,-26.042 
1922,107.312 
1923,-6.641 
1923,-9.766 
1923,-34.000 
1923,-48.062 
1923,-40.583 
1923,100.104 
1924,-6.641 
1924,-26.562 
1924,-34.000 
1924,-27.229 
1924,-15.250 
1924,109.104 
1925,-6.641 
1925,-9.766 
1925,-16.682 
1925,-19.271 
1925,-20.792 
1925,117.062 
1926,-6.641 
1926,-9.766 
1926,-26.432 
1926,-39.974 
1926,-45.474 
1926,80.312 
1927,-6.641 
1927,-8.854 
1927,-11.792 
1927,-14.021 
1927,-22.875 
1927,99.062 
1928,-7.812 
1928,-10.417 
1928,-7.812 
1928,-19.141 
1928,-44.042 
1928,119.146 
1929,-7.812 
1929,-10.417 
1929,-25.682 
1929,-19.141 
1929,-20.141 
1929,119.146 
1930,-7.812 
1930,-14.917 
1930,-12.182 
1930,-25.724 
1930,-29.557 
1930,105.979 
1931,-6.641 
1931,-28.516 
1931,-30.932 
1931,-28.271 
1931,-20.792 
1931,108.062 
1932,-7.812 
1932,-28.516 
1932,-26.042 
1932,-28.271 
1932,-35.042 
1932,107.312 
1933,-7.812 
1933,-14.917 
1933,-28.646 
1933,-46.167 
1933,-56.557 
1933,88.271 
1934,-7.812 
1934,-31.250 
1934,-28.646 
1934,-39.974 
1934,-45.474 
1934,99.062 
1935,-6.641 
1935,-9.766 
1935,-33.016 
1935,-25.724 
1935,-13.224 
1935,109.104 
1936,-6.641 
1936,-28.516 
1936,-30.932 
1936,-23.641 
1936,-35.042 
1936,128.146 
1937,-6.641 
1937,-9.766 
1937,-16.682 
1937,-21.224 
1937,-45.083 
1937,88.271 
1938,-6.641 
1938,-14.266 
1938,-12.182 
1938,-23.641 
1938,-27.474 
1938,108.062 
1939,-6.641 
1939,-9.766 
1939,-16.682 
1939,-23.641 
1939,-25.292 
1939,108.062 
1940,-6.641 
1940,-9.766 
1940,-16.292 
1940,-30.354 
1940,-37.125 
1940,107.312 
1941,-6.641 
1941,-9.766 
1941,-34.000 
1941,-27.229 
1941,-19.750 
1941,109.104 
1942,-6.641 
1942,-8.854 
1942,-16.292 
1942,-9.521 
1942,-18.375 
1942,108.062 
1943,-6.641 
1943,-8.854 
1943,-26.042 
1943,-28.271 
1943,-20.792 
1943,126.062 
1944,-6.641 
1944,-8.854 
1944,-11.792 
1944,-23.771 
1944,-39.542 
1944,107.312 
1945,-6.641 
1945,-28.516 
1945,-35.042 
1945,-47.021 
1945,-39.542 
1945,101.146 
1946,-6.641 
1946,-14.266 
1946,-30.932 
1946,-23.641 
1946,-44.042 
1946,101.146 
1947,-6.641 
1947,-28.516 
1947,-26.042 
1947,-42.521 
1947,-39.542 
1947,128.146 
1948,-6.641 
1948,-9.766 
1948,-26.042 
1948,-28.271 
1948,-35.042 
1948,128.146 
1949,-7.812 
1949,-9.766 
1949,-16.292 
1949,-25.854 
1949,-32.625 
1949,126.062 
1950,-6.641 
1950,-9.766 
1950,-33.016 
1950,-25.724 
1950,-31.974 
1950,108.062 
1951,-6.641 
1951,-28.516 
1951,-35.432 
1951,-23.641 
1951,-27.474 
1951,107.312 
1952,-6.641 
1952,-14.266 
1952,-7.292 
1952,-30.354 
1952,-22.875 
1952,105.979 
1953,-6.641 
1953,-26.562 
1953,-29.500 
1953,-31.729 
1953,-36.083 
1953,88.271 
1954,-6.641 
1954,-9.766 
1954,-7.682 
1954,-30.224 
1954,-37.125 
1954,126.062 
1955,-6.641 
1955,-9.766 
1955,-16.682 
1955,-4.891 
1955,-16.292 
1955,119.146 
1956,-6.641 
1956,-28.516 
1956,-26.432 
1956,-48.974 
1956,-46.125 
1956,107.312 
1957,-6.641 
1957,-8.854 
1957,-35.042 
1957,-28.271 
1957,-26.042 
1957,119.146 
1958,-6.641 
1958,-9.766 
1958,-16.682 
1958,-27.229 
1958,-19.750 
1958,109.104 
1959,-6.641 
1959,-9.766 
1959,-34.000 
1959,-48.062 
1959,-36.083 
1959,100.104 
1960,-6.641 
1960,-9.766 
1960,-16.682 
1960,-21.224 
1960,-31.974 
1960,108.062 
1961,-6.641 
1961,-26.562 
1961,-34.000 
1961,-27.229 
1961,-19.750 
1961,100.104 
1962,-6.641 
1962,-9.766 
1962,-30.932 
1962,-38.021 
1962,-39.542 
1962,107.312 
1963,-6.641 
1963,-26.562 
1963,-34.000 
1963,-27.229 
1963,-40.583 
1963,88.271 
1964,-6.641 
1964,-9.766 
1964,-7.682 
1964,-30.224 
1964,-37.125 
1964,107.312 
1965,-6.641 
1965,-8.854 
1965,-16.292 
1965,-25.854 
1965,-32.625 
1965,107.312 
1966,-6.641 
1966,-8.854 
1966,-16.292 
1966,-25.854 
1966,-22.875 
1966,105.979 
1967,-6.641 
1967,-9.766 
1967,-7.682 
1967,-30.224 
1967,-13.224 
1967,109.104 
1968,-6.641 
1968,-14.266 
1968,-30.932 
1968,-28.271 
1968,-20.792 
1968,99.062 
1969,-6.641 
1969,-14.266 
1969,-7.292 
1969,-14.021 
1969,-20.792 
1969,119.146 
1970,-6.641 
1970,-28.516 
1970,-26.042 
1970,-32.771 
1970,-30.542 
1970,128.146 
1971,-6.641 
1971,-9.766 
1971,-16.292 
1971,-9.521 
1971,-18.375 
1971,108.062 
1972,-6.641 
1972,-28.516 
1972,-35.042 
1972,-28.271 
1972,-37.125 
1972,107.312 
1973,-6.641 
1973,-9.766 
1973,-30.932 
1973,-23.641 
1973,-31.974 
1973,107.312 
1974,-6.641 
1974,-28.516 
1974,-35.432 
1974,-47.021 
1974,-39.542 
1974,80.312 
1975,-6.641 
1975,-9.766 
1975,-26.042 
1975,-28.271 
1975,-37.125 
1975,107.312 
1976,-6.641 
1976,-9.766 
1976,-7.682 
1976,-28.271 
1976,-37.125 
1976,126.062 
1977,-6.641 
1977,-28.516 
1977,-26.042 
1977,-42.521 
1977,-39.542 
1977,128.146 
1978,-6.641 
1978,-14.266 
1978,-7.292 
1978,-32.771 
1978,-37.125 
1978,108.062 
1979,-6.641 
1979,-8.854 
1979,-26.042 
1979,-28.271 
1979,-35.042 
1979,107.312 
1980,-6.641 
1980,-9.766 
1980,-26.042 
1980,-28.271 
1980,-16.292 
1980,126.062 
1981,-6.641 
1981,-8.854 
1981,-26.042 
1981,-28.271 
1981,-37.125 
1981,107.312 
1982,-6.641 
1982,-28.516 
1982,-26.432 
1982,-37.271 
1982,-37.125 
1982,107.312 
1983,-6.641 
1983,-9.766 
1983,-16.292 
1983,-28.271 
1983,-37.125 
1983,107.312 
1984,-6.641 
1984,-14.266 
1984,-28.516 
1984,-25.724 
1984,-37.125 
1984,126.062 
1985,-6.641 
1985,-9.766 
1985,-26.432 
1985,-37.271 
1985,-26.042 
1985,119.146 
1986,-6.641 
1986,-9.766 
1986,-30.932 
1986,-23.641 
1986,-35.042 
1986,128.146 
1987,-6.641 
1987,-8.854 
1987,-26.042 
1987,-28.271 
1987,-37.125 
1987,126.062 
1988,-6.641 
1988,-8.854 
1988,-11.792 
1988,-14.021 
1988,-22.875 
1988,117.062 
1989,-6.641 
1989,-9.766 
1989,-7.682 
1989,-21.224 
1989,-26.724 
1989,99.062 
1990,-6.641 
1990,-8.854 
1990,-11.792 
1990,-23.771 
1990,-20.792 
1990,117.062 
1991,-6.641 
1991,-14.266 
1991,-12.182 
1991,-19.271 
1991,-20.792 
1991,117.062 
1992,-6.641 
1992,-9.766 
1992,-28.516 
1992,-39.974 
1992,-45.474 
1992,80.312 
1993,-6.641 
1993,-9.766 
1993,-28.516 
1993,-21.224 
1993,-40.974 
1993,107.312 
1994,-6.641 
1994,-8.854 
1994,-16.292 
1994,-9.521 
1994,-16.292 
1994,108.062 
1995,-6.641 
1995,-9.766 
1995,-7.682 
1995,-21.224 
1995,-43.057 
1995,88.271 
1996,-6.641 
1996,-9.766 
1996,-33.016 
1996,-30.354 
1996,-41.625 
1996,107.312 
1997,-6.641 
1997,-28.516 
1997,-26.432 
1997,-19.141 
1997,-40.974 
1997,107.312 
1998,-6.641 
1998,-8.854 
1998,-26.042 
1998,-28.271 
1998,-37.125 
1998,126.062 
1999,-6.641 
1999,-28.516 
1999,-26.432 
1999,-19.141 
1999,-24.641 
1999,101.146 
