10,6596963.500 
11,15591799.000 
12,180992.594 
13,2732.874 
14,2761.485 
15,2521.077 
16,2549.740 
17,2585.617 
18,2495.698 
19,2957.066 
20,2736.366 
21,2390.122 
22,2768.859 
23,2863.106 
24,2508.789 
25,3169.013 
26,2628.430 
27,2395.549 
28,2469.914 
29,2885.377 
30,2943.043 
31,3097.809 
32,2765.151 
33,2756.753 
34,2203.595 
35,2365.458 
36,2481.947 
37,2837.199 
38,3053.965 
39,2296.003 
40,2706.725 
41,3753.650 
42,2953.198 
43,3088.834 
44,3462.392 
45,3244.929 
46,2293.698 
47,2760.234 
48,2533.011 
49,3137.632 
50,1752.132 
51,3623.517 
52,2349.954 
53,3834.427 
54,2895.227 
55,3404.126 
56,2767.383 
57,2656.888 
58,2663.523 
59,3890.862 
60,2677.287 
61,3598.343 
62,2896.855 
63,2430.905 
64,2354.889 
65,2747.108 
66,2517.844 
67,2796.749 
68,2862.657 
69,2224.771 
70,2915.663 
71,3488.122 
72,2857.245 
73,3252.214 
74,2762.357 
75,3233.671 
76,3303.228 
77,2781.457 
78,2132.980 
79,3023.421 
80,1261.893 
81,2578.376 
82,2349.100 
83,1484.316 
84,1283.950 
85,1090.632 
86,1364.016 
87,1034.635 
88,1374.483 
89,1845.754 
90,1289.749 
91,1499.434 
92,869.928 
93,1081.640 
94,1231.428 
95,827.314 
96,1255.493 
97,792.527 
98,935.214 
99,1154.140 
100,1785.073 
101,875.471 
102,806.098 
103,1383.473 
104,1254.738 
105,1432.430 
106,1042.783 
107,1484.244 
108,1367.146 
109,1101.517 
110,1497.319 
111,1367.211 
112,1651.692 
113,1841.147 
114,1372.265 
115,1428.228 
116,1580.098 
117,1020.160 
118,1219.273 
119,1117.706 
120,583.268 
121,1080.118 
122,1016.312 
123,1186.463 
124,954.524 
125,1253.515 
126,1130.011 
127,1209.859 
128,1017.181 
129,1321.387 
130,1043.374 
131,658.586 
132,999.625 
133,1884.770 
134,1214.947 
135,1578.165 
136,848.701 
137,803.770 
138,1386.206 
139,1242.842 
140,796.464 
141,1264.333 
142,1373.811 
143,847.852 
144,1170.896 
145,1451.711 
146,1665.343 
147,1107.527 
148,746.031 
149,1138.468 
150,1002.952 
151,1313.720 
152,1198.168 
153,1397.556 
154,1290.359 
155,1262.506 
156,1233.830 
157,833.986 
158,1473.815 
159,1446.050 
160,1592.604 
161,937.036 
162,1007.915 
163,914.362 
164,928.364 
165,1101.863 
166,1591.246 
167,995.003 
168,1088.082 
169,639.877 
170,973.930 
171,1079.908 
172,947.897 
173,848.950 
174,749.079 
175,1103.015 
176,956.042 
177,1183.840 
178,1128.574 
179,1441.204 
180,1408.021 
181,1078.165 
182,1082.038 
183,1081.175 
184,1031.444 
185,743.063 
186,647.767 
187,976.478 
188,1222.339 
189,910.273 
190,976.038 
191,779.602 
192,614.432 
193,751.350 
194,1007.295 
195,1035.296 
196,1021.911 
197,1093.114 
198,1024.035 
199,1261.367 
200,947.837 
201,1174.730 
202,772.671 
203,997.896 
204,1119.388 
205,1099.225 
206,928.254 
207,957.192 
208,1121.346 
209,1278.137 
210,1208.782 
211,645.009 
212,899.012 
213,1238.310 
214,815.508 
215,1373.277 
216,826.225 
217,825.122 
218,855.581 
219,864.090 
220,713.171 
221,1071.246 
222,1186.513 
223,1235.964 
224,877.489 
225,1567.708 
226,1192.799 
227,1029.397 
228,784.360 
229,500.347 
230,1611.687 
231,1019.517 
232,1267.268 
233,945.837 
234,1233.816 
235,1286.263 
236,1395.210 
237,972.629 
238,1008.187 
239,1097.347 
240,1127.023 
241,1645.617 
242,979.051 
243,1196.480 
244,1398.107 
245,862.519 
246,661.767 
247,1013.748 
248,1369.224 
249,1310.531 
250,883.605 
251,1066.711 
252,1240.252 
253,1324.421 
254,989.714 
255,920.973 
256,1049.830 
257,809.461 
258,970.222 
259,907.870 
260,1194.561 
261,1449.110 
262,1021.641 
263,1078.854 
264,845.172 
265,941.175 
266,1437.839 
267,947.075 
268,977.803 
269,1529.923 
270,1167.587 
271,1035.036 
272,909.824 
273,946.708 
274,1103.987 
275,1148.789 
276,1007.400 
277,871.048 
278,884.200 
279,930.629 
280,1059.799 
281,1120.053 
282,1057.152 
283,788.012 
284,814.575 
285,1338.030 
286,1134.794 
287,1066.812 
288,685.544 
289,854.485 
290,1041.345 
291,624.270 
292,1191.032 
293,962.867 
294,1250.947 
295,1475.761 
296,760.930 
297,905.979 
298,1224.160 
299,1120.445 
300,913.005 
301,1207.726 
302,1204.985 
303,1341.693 
304,1166.224 
305,805.163 
306,1323.276 
307,915.372 
308,908.281 
309,922.321 
310,1170.725 
311,1484.154 
312,682.154 
313,1150.911 
314,801.704 
315,896.972 
316,937.316 
317,848.898 
318,983.580 
319,1013.771 
320,896.655 
321,1408.777 
322,1069.101 
323,1229.974 
324,1076.504 
325,1030.056 
326,1133.413 
327,1218.577 
328,867.357 
329,1141.642 
330,1051.703 
331,971.605 
332,1092.684 
333,1176.651 
334,836.275 
335,997.741 
336,746.594 
337,831.804 
338,774.052 
339,1051.796 
340,1133.339 
341,1298.644 
342,1318.233 
343,857.306 
344,1365.290 
345,855.497 
346,1562.368 
347,877.748 
348,1037.127 
349,927.435 
350,973.954 
351,1300.881 
352,950.504 
353,1295.830 
354,781.586 
355,935.318 
356,894.016 
357,1456.620 
358,1175.483 
359,1249.517 
360,1095.835 
361,1103.713 
362,1347.314 
363,822.250 
364,1234.982 
365,787.429 
366,968.213 
367,1047.091 
368,962.077 
369,1053.072 
370,1315.342 
371,1119.012 
372,1428.536 
373,823.255 
374,1080.383 
375,808.513 
376,1180.970 
377,590.278 
378,1066.636 
379,1057.792 
380,1028.499 
381,1137.751 
382,832.365 
383,1066.039 
384,1407.308 
385,871.491 
386,876.243 
387,1325.940 
388,991.779 
389,738.775 
390,983.175 
391,1484.881 
392,1321.433 
393,770.930 
394,693.688 
395,1194.209 
396,1185.239 
397,1070.853 
398,1109.590 
399,1083.974 
400,953.614 
401,1259.705 
402,1089.057 
403,886.221 
404,980.122 
405,926.745 
406,1321.530 
407,1164.506 
408,1367.264 
409,912.811 
410,834.199 
411,892.137 
412,828.474 
413,1090.993 
414,1252.369 
415,740.717 
416,1051.908 
417,661.629 
418,1137.286 
419,845.050 
420,765.925 
421,954.595 
422,1166.579 
423,854.237 
424,907.311 
425,1230.385 
426,1010.873 
427,1111.018 
428,856.188 
429,1105.788 
430,848.606 
431,1259.917 
432,1091.834 
433,735.994 
434,958.263 
435,1353.999 
436,792.351 
437,1170.003 
438,951.708 
439,1374.848 
440,889.064 
441,947.150 
442,847.170 
443,1192.184 
444,1105.189 
445,999.209 
446,1320.597 
447,946.665 
448,996.636 
449,1386.935 
450,719.073 
451,777.628 
452,803.722 
453,1008.762 
454,958.411 
455,824.577 
456,1013.199 
457,1521.902 
458,1154.857 
459,950.956 
460,848.962 
461,881.924 
462,1572.396 
463,1239.460 
464,1199.180 
465,1200.773 
466,961.288 
467,732.005 
468,1048.823 
469,1141.213 
470,1431.767 
471,791.349 
472,1032.327 
473,1123.500 
474,856.280 
475,827.547 
476,1248.400 
477,1120.821 
478,1049.886 
479,843.429 
480,1215.886 
481,691.231 
482,954.398 
483,830.790 
484,826.662 
485,809.508 
486,1101.269 
487,791.940 
488,941.042 
489,1190.797 
490,1373.541 
491,1080.732 
492,1202.631 
493,1476.434 
494,1040.390 
495,964.345 
496,1090.218 
497,1038.660 
498,838.601 
499,978.794 
500,1204.333 
501,870.183 
502,1098.701 
503,1135.411 
504,1176.418 
505,816.002 
506,938.736 
507,813.790 
508,872.980 
509,1102.329 
510,699.165 
511,1049.916 
512,1451.939 
513,1004.087 
514,1148.249 
515,822.273 
516,782.557 
517,1202.442 
518,1133.371 
519,1149.550 
520,1177.148 
521,1439.789 
522,968.447 
523,1396.755 
524,1271.443 
525,1229.416 
526,1284.317 
527,913.200 
528,1380.734 
529,909.362 
530,1191.006 
531,1321.871 
532,1441.410 
533,1293.247 
534,905.857 
535,1425.169 
536,902.042 
537,929.167 
538,1327.783 
539,927.837 
540,1246.913 
541,1120.929 
542,719.138 
543,1100.720 
544,1419.715 
545,833.634 
546,1054.930 
547,1598.515 
548,1162.511 
549,1092.026 
550,1341.245 
551,1208.629 
552,961.664 
553,1021.495 
554,724.279 
555,1218.065 
556,1081.298 
557,1189.457 
558,939.401 
559,791.207 
560,1255.695 
561,964.118 
562,1263.951 
563,1176.843 
564,1028.344 
565,1102.120 
566,1207.850 
567,925.634 
568,995.531 
569,810.243 
570,1037.023 
571,1237.516 
572,833.997 
573,937.465 
574,766.085 
575,1172.355 
576,1178.904 
577,1178.392 
578,676.394 
579,948.187 
580,1205.105 
581,1175.853 
582,1240.719 
583,908.313 
584,1110.454 
585,950.881 
586,1046.461 
587,1060.182 
588,896.213 
589,1387.925 
590,933.292 
591,868.607 
592,1029.045 
593,865.090 
594,875.485 
595,927.370 
596,961.535 
597,937.584 
598,655.901 
599,1417.477 
600,1272.023 
601,1161.360 
602,1045.777 
603,1124.171 
604,1113.229 
605,1044.299 
606,1071.793 
607,1353.316 
608,1102.683 
609,833.428 
610,1175.743 
611,1268.921 
612,782.600 
613,1260.975 
614,1149.904 
615,1097.108 
616,1132.612 
617,1303.236 
618,1026.321 
619,885.324 
620,1328.857 
621,1082.329 
622,909.614 
623,942.279 
624,1199.812 
625,865.489 
626,608.350 
627,889.429 
628,1180.426 
629,1134.567 
630,746.998 
631,904.680 
632,1494.963 
633,1385.663 
634,1284.978 
635,1359.972 
636,920.814 
637,940.063 
638,842.999 
639,784.098 
640,996.486 
641,864.485 
642,887.538 
643,977.994 
644,879.035 
645,1017.490 
646,1052.697 
647,1067.122 
648,850.112 
649,1254.685 
650,1084.322 
651,1128.028 
652,1093.213 
653,1307.031 
654,1280.599 
655,1129.115 
656,901.815 
657,903.827 
658,1014.268 
659,1207.630 
660,941.843 
661,613.261 
662,1144.711 
663,584.898 
664,1052.827 
665,547.914 
666,1301.137 
667,921.003 
668,1284.429 
669,1151.517 
670,893.322 
671,1079.332 
672,922.014 
673,845.861 
674,1315.543 
675,795.262 
676,1227.825 
677,1374.119 
678,764.491 
679,947.690 
680,994.865 
681,1094.999 
682,897.015 
683,1001.591 
684,855.572 
685,852.297 
686,1044.067 
687,988.756 
688,911.172 
689,982.854 
690,1107.766 
691,604.683 
692,1219.669 
693,949.096 
694,1172.103 
695,882.321 
696,636.250 
697,1327.547 
698,1208.372 
699,1141.139 
700,1152.768 
701,1328.856 
702,1131.369 
703,1123.081 
704,1542.986 
705,1316.831 
706,1110.069 
707,1416.773 
708,905.370 
709,1380.211 
710,1261.797 
711,1038.954 
712,1178.291 
713,815.150 
714,1111.643 
715,1398.880 
716,1229.237 
717,946.320 
718,1245.453 
719,821.192 
720,1030.439 
721,1134.199 
722,1291.767 
723,1446.298 
724,1150.363 
725,878.745 
726,844.555 
727,735.643 
728,1080.364 
729,1279.999 
730,895.310 
731,1098.768 
732,1103.066 
733,1043.582 
734,1524.016 
735,870.943 
736,1256.622 
737,974.875 
738,1282.206 
739,1131.139 
740,1228.738 
741,1116.455 
742,1222.625 
743,1370.261 
744,1323.452 
745,1251.751 
746,1029.014 
747,1070.700 
748,1158.096 
749,1061.552 
750,1268.049 
751,782.972 
752,1157.907 
753,966.346 
754,993.540 
755,1321.189 
756,1249.547 
757,1272.623 
758,611.646 
759,1041.123 
760,1362.715 
761,1040.270 
762,807.225 
763,1168.891 
764,1046.834 
765,930.249 
766,996.068 
767,1048.137 
768,1314.552 
769,1083.298 
770,769.036 
771,1136.778 
772,1192.209 
773,1428.427 
774,985.052 
775,916.231 
776,988.643 
777,1325.579 
778,888.529 
779,1109.237 
780,1367.124 
781,1067.674 
782,961.678 
783,1093.394 
784,974.625 
785,915.199 
786,1032.024 
787,1479.215 
788,1060.373 
789,841.611 
790,1152.926 
791,1316.318 
792,1358.366 
793,1195.632 
794,1010.290 
795,1321.843 
796,836.412 
797,1237.594 
798,872.024 
799,993.891 
800,1314.613 
801,744.222 
802,740.888 
803,1032.087 
804,841.375 
805,780.525 
806,1327.073 
807,960.802 
808,1139.659 
809,1243.304 
810,1133.999 
811,1072.523 
812,809.617 
813,936.769 
814,760.985 
815,1011.875 
816,1179.101 
817,969.099 
818,1027.706 
819,1430.801 
820,1082.347 
821,954.676 
822,898.164 
823,1017.817 
824,873.821 
825,989.704 
826,1025.127 
827,850.851 
828,1137.167 
829,1068.608 
830,1055.639 
831,908.202 
832,1119.909 
833,1207.388 
834,1304.567 
835,906.151 
836,891.161 
837,968.450 
838,988.079 
839,1042.468 
840,1071.201 
841,864.898 
842,1003.333 
843,986.260 
844,861.669 
845,1103.203 
846,1387.776 
847,1223.461 
848,1296.500 
849,1461.963 
850,1237.741 
851,1079.969 
852,1012.227 
853,1144.008 
854,976.975 
855,1036.213 
856,831.353 
857,925.512 
858,698.209 
859,920.174 
860,769.875 
861,1254.843 
862,925.829 
863,1223.757 
864,945.753 
865,839.849 
866,1161.167 
867,703.017 
868,1070.206 
869,1153.970 
870,1092.971 
871,889.779 
872,965.923 
873,1389.874 
874,768.014 
875,832.354 
876,1193.332 
877,957.660 
878,902.825 
879,1543.834 
880,1301.814 
881,984.491 
882,747.377 
883,728.312 
884,1074.625 
885,993.945 
886,1196.378 
887,685.340 
888,1239.103 
889,1001.955 
890,1025.887 
891,1012.507 
892,954.143 
893,1004.667 
894,1434.755 
895,790.230 
896,996.214 
897,979.983 
898,1229.968 
899,1368.921 
900,1080.227 
901,697.162 
902,699.331 
903,1241.078 
904,822.583 
905,933.092 
906,1249.172 
907,1326.921 
908,960.592 
909,988.973 
910,1472.116 
911,598.174 
912,1011.711 
913,1014.398 
914,986.229 
915,973.938 
916,777.026 
917,1118.758 
918,1075.916 
919,915.276 
920,1240.395 
921,1342.367 
922,770.885 
923,1124.212 
924,858.812 
925,1098.950 
926,641.357 
927,781.353 
928,664.629 
929,1893.666 
930,880.005 
931,996.526 
932,931.531 
933,1177.218 
934,1267.587 
935,978.348 
936,1168.843 
937,1082.937 
938,1218.265 
939,875.389 
940,1038.653 
941,1435.529 
942,1189.496 
943,1187.455 
944,977.574 
945,860.272 
946,1101.024 
947,911.753 
948,1306.692 
949,995.260 
950,785.702 
951,957.807 
952,1320.437 
953,847.704 
954,1136.765 
955,1102.947 
956,1358.160 
957,1115.400 
958,1119.677 
959,1184.749 
960,1044.895 
961,1158.846 
962,914.406 
963,1106.098 
964,1056.544 
965,991.895 
966,1114.370 
967,961.995 
968,1113.045 
969,1005.771 
970,940.861 
971,991.963 
972,1107.722 
973,1275.976 
974,1204.123 
975,841.473 
976,1057.711 
977,1483.277 
978,1201.476 
979,937.425 
980,1140.585 
981,1124.109 
982,1142.567 
983,1163.943 
984,1123.826 
985,1156.559 
986,1353.036 
987,986.619 
988,953.317 
989,1005.624 
990,1218.949 
991,1058.004 
992,1188.060 
993,1032.779 
994,1432.455 
995,994.827 
996,1058.022 
997,1223.504 
998,1032.121 
999,615.798 
1000,1158.080 
1001,1232.970 
1002,904.968 
1003,977.932 
1004,922.757 
1005,1399.623 
1006,1055.436 
1007,1025.935 
1008,1125.688 
1009,1192.187 
1010,689.769 
1011,590.253 
1012,1444.278 
1013,1493.953 
1014,1621.187 
1015,1147.646 
1016,1118.725 
1017,1064.747 
1018,1316.708 
1019,1340.032 
1020,1314.220 
1021,878.812 
1022,703.711 
1023,1075.778 
1024,1050.074 
1025,857.748 
1026,961.963 
1027,1047.196 
1028,985.151 
1029,1049.546 
1030,1132.262 
1031,839.773 
1032,1013.560 
1033,863.340 
1034,1000.453 
1035,795.386 
1036,1198.516 
1037,1032.112 
1038,1007.262 
1039,1235.416 
1040,1267.801 
1041,1304.966 
1042,870.870 
1043,1008.716 
1044,1313.418 
1045,737.807 
1046,1389.922 
1047,1220.257 
1048,820.298 
1049,734.340 
1050,1544.887 
1051,1248.263 
1052,1118.896 
1053,1139.358 
1054,1047.328 
1055,1004.106 
1056,1145.732 
1057,1114.535 
1058,1137.602 
1059,1532.217 
1060,1060.067 
1061,1081.115 
1062,1046.963 
1063,1089.234 
1064,1133.691 
1065,850.724 
1066,1338.801 
1067,1242.192 
1068,1267.724 
1069,756.209 
1070,1100.343 
1071,1082.460 
1072,1187.959 
1073,1320.384 
1074,1215.385 
1075,1216.689 
1076,1109.198 
1077,1053.454 
1078,957.498 
1079,1188.869 
1080,1092.798 
1081,1203.730 
1082,799.071 
1083,331.226 
1084,1054.736 
1085,968.124 
1086,806.965 
1087,1248.523 
1088,1577.870 
1089,1054.222 
1090,926.157 
1091,1116.238 
1092,842.438 
1093,645.650 
1094,1156.016 
1095,928.984 
1096,1419.463 
1097,793.084 
1098,1635.688 
1099,1002.188 
1100,1134.592 
1101,839.329 
1102,1567.981 
1103,1104.838 
1104,1427.483 
1105,1186.023 
1106,1127.435 
1107,1275.578 
1108,1749.802 
1109,947.352 
1110,1567.247 
1111,907.983 
1112,918.283 
1113,1485.767 
1114,1171.699 
1115,1149.934 
1116,727.879 
1117,1403.995 
1118,1305.367 
1119,1049.986 
1120,1362.249 
1121,985.268 
1122,916.052 
1123,1159.374 
1124,1133.176 
1125,751.252 
1126,961.159 
1127,1285.689 
1128,1083.963 
1129,1707.918 
1130,1112.003 
1131,893.174 
1132,720.357 
1133,912.227 
1134,1126.381 
1135,941.775 
1136,1276.873 
1137,953.798 
1138,626.132 
1139,1183.933 
1140,1353.122 
1141,911.753 
1142,1050.933 
1143,1125.389 
1144,970.237 
1145,988.199 
1146,1285.561 
1147,1001.704 
1148,898.195 
1149,1204.917 
1150,1081.547 
1151,1657.081 
1152,832.594 
1153,1375.775 
1154,996.893 
1155,1291.127 
1156,1071.582 
1157,816.814 
1158,886.825 
1159,899.131 
1160,1013.777 
1161,1338.216 
1162,988.372 
1163,880.412 
1164,775.613 
1165,849.932 
1166,1055.330 
1167,1066.624 
1168,1109.248 
1169,847.721 
1170,1557.780 
1171,846.201 
1172,1343.734 
1173,1294.744 
1174,948.382 
1175,735.378 
1176,1113.649 
1177,1229.624 
1178,1065.549 
1179,1092.167 
1180,1299.883 
1181,1169.213 
1182,1012.465 
1183,1106.694 
1184,1106.016 
1185,1026.589 
1186,889.797 
1187,1105.806 
1188,1176.716 
1189,933.472 
1190,1156.440 
1191,760.842 
1192,1118.917 
1193,1021.666 
1194,1188.823 
1195,862.424 
1196,924.286 
1197,913.368 
1198,1152.611 
1199,1173.806 
1200,1065.436 
1201,846.804 
1202,884.128 
1203,835.319 
1204,453.780 
1205,987.386 
1206,829.914 
1207,1111.363 
1208,1107.204 
1209,1107.994 
1210,612.507 
1211,972.737 
1212,1033.815 
1213,1081.424 
1214,927.310 
1215,648.274 
1216,1384.675 
1217,878.686 
1218,1367.899 
1219,1202.941 
1220,777.874 
1221,959.334 
1222,1223.642 
1223,1103.380 
1224,855.869 
1225,1140.857 
1226,1181.305 
1227,1015.280 
1228,1156.284 
1229,940.445 
1230,936.893 
1231,906.721 
1232,749.053 
1233,963.622 
1234,1154.735 
1235,1339.257 
1236,1431.740 
1237,949.844 
1238,952.605 
1239,1010.171 
1240,1266.283 
1241,1016.985 
1242,1136.090 
1243,1111.677 
1244,1202.974 
1245,1402.977 
1246,1097.366 
1247,646.972 
1248,1658.243 
1249,996.372 
1250,1066.308 
1251,673.748 
1252,1408.016 
1253,907.134 
1254,962.519 
1255,1036.413 
1256,1004.361 
1257,886.867 
1258,1049.964 
1259,851.408 
1260,860.628 
1261,1175.115 
1262,1650.475 
1263,862.598 
1264,1013.486 
1265,851.658 
1266,1252.563 
1267,1210.037 
1268,959.220 
1269,1078.712 
1270,1663.305 
1271,1085.382 
1272,1077.555 
1273,1271.045 
1274,984.474 
1275,948.295 
1276,1261.690 
1277,1355.373 
1278,800.179 
1279,935.613 
1280,1409.875 
1281,865.672 
1282,1067.768 
1283,1229.884 
1284,633.482 
1285,857.575 
1286,915.211 
1287,643.522 
1288,928.778 
1289,1172.350 
1290,849.118 
1291,979.211 
1292,1004.866 
1293,758.132 
1294,1071.573 
1295,938.135 
1296,1212.561 
1297,1092.266 
1298,1245.543 
1299,1013.660 
1300,912.863 
1301,1352.897 
1302,1202.855 
1303,919.964 
1304,1035.633 
1305,951.781 
1306,1303.595 
1307,1573.667 
1308,1243.081 
1309,1101.858 
1310,993.184 
1311,1305.546 
1312,1065.619 
1313,838.560 
1314,1156.059 
1315,1207.291 
1316,1167.038 
1317,1016.581 
1318,1206.483 
1319,859.009 
1320,1046.832 
1321,662.941 
1322,917.241 
1323,1250.770 
1324,1359.447 
1325,1504.386 
1326,994.385 
1327,1363.381 
1328,1005.526 
1329,922.237 
1330,1589.587 
1331,1494.436 
1332,1398.942 
1333,1304.987 
1334,609.713 
1335,1145.872 
1336,916.312 
1337,1062.090 
1338,1445.613 
1339,924.554 
1340,1056.460 
1341,970.669 
1342,884.653 
1343,1061.943 
1344,1505.776 
1345,1102.987 
1346,1233.671 
1347,1253.557 
1348,1175.663 
1349,815.183 
1350,984.608 
1351,1208.573 
1352,1075.606 
1353,1289.853 
1354,1414.086 
1355,986.440 
1356,1027.267 
1357,858.010 
1358,946.629 
1359,1222.314 
1360,868.643 
1361,1100.100 
1362,1180.045 
1363,1339.239 
1364,857.181 
1365,1324.751 
1366,1030.673 
1367,1239.859 
1368,555.221 
1369,1204.124 
1370,1277.205 
1371,1116.370 
1372,1379.944 
1373,1003.585 
1374,998.779 
1375,1447.088 
1376,1611.435 
1377,1150.120 
1378,1261.136 
1379,1269.405 
1380,788.196 
1381,1335.358 
1382,922.353 
1383,1326.485 
1384,1074.986 
1385,1160.953 
1386,893.798 
1387,1701.961 
1388,983.354 
1389,1450.845 
1390,776.244 
1391,1193.478 
1392,866.647 
1393,1198.134 
1394,598.344 
1395,1262.531 
1396,1127.350 
1397,992.159 
1398,802.115 
1399,1263.070 
1400,970.209 
1401,762.527 
1402,1231.646 
1403,1127.488 
1404,1178.999 
1405,837.583 
1406,573.465 
1407,1011.335 
1408,955.806 
1409,1331.588 
1410,749.446 
1411,1204.315 
1412,1120.761 
1413,1514.946 
1414,1448.467 
1415,813.753 
1416,930.716 
1417,1264.751 
1418,943.836 
1419,1208.875 
1420,1167.835 
1421,1271.559 
1422,996.948 
1423,949.357 
1424,1051.528 
1425,1119.229 
1426,988.676 
1427,1046.456 
1428,979.884 
1429,897.758 
1430,1171.089 
1431,933.852 
1432,759.885 
1433,997.409 
1434,1037.845 
1435,918.156 
1436,923.121 
1437,1063.599 
1438,1002.898 
1439,1209.997 
1440,968.776 
1441,1498.542 
1442,965.190 
1443,775.517 
1444,1093.200 
1445,1073.392 
1446,1139.622 
1447,1232.575 
1448,1115.002 
1449,1403.106 
1450,1321.583 
1451,817.263 
1452,1102.047 
1453,1157.057 
1454,1249.228 
1455,920.284 
1456,795.424 
1457,1083.987 
1458,1058.670 
1459,1494.364 
1460,1292.636 
1461,1092.752 
1462,1256.551 
1463,965.705 
1464,1358.517 
1465,982.249 
1466,1367.473 
1467,871.636 
1468,667.949 
1469,1312.606 
1470,859.777 
1471,901.092 
1472,911.768 
1473,1167.149 
1474,731.123 
1475,929.726 
1476,1032.462 
1477,1095.957 
1478,1173.227 
1479,964.737 
1480,957.859 
1481,1264.765 
1482,757.734 
1483,1333.302 
1484,1073.973 
1485,855.976 
1486,812.334 
1487,615.407 
1488,1018.890 
1489,1140.245 
1490,1007.884 
1491,1581.577 
1492,658.162 
1493,1536.339 
1494,811.706 
1495,1086.601 
1496,957.492 
1497,1445.480 
1498,1278.872 
1499,728.893 
1500,1035.283 
1501,1044.773 
1502,1040.356 
1503,1055.663 
1504,1188.814 
1505,1185.282 
1506,873.990 
1507,1084.618 
1508,695.823 
1509,1012.451 
1510,1526.585 
1511,1435.404 
1512,694.450 
1513,995.378 
1514,977.973 
1515,1130.893 
1516,1325.261 
1517,1142.866 
1518,762.273 
1519,1206.197 
1520,1010.236 
1521,1119.730 
1522,1091.024 
1523,1240.047 
1524,1553.879 
1525,1395.406 
1526,1331.026 
1527,1087.895 
1528,857.980 
1529,786.284 
1530,989.744 
1531,1054.874 
1532,906.978 
1533,818.854 
1534,1397.413 
1535,1174.879 
1536,956.628 
1537,1416.802 
1538,1056.733 
1539,1410.647 
1540,948.052 
1541,770.277 
1542,1074.264 
1543,870.632 
1544,1089.838 
1545,1192.455 
1546,1217.073 
1547,1031.755 
1548,1003.718 
1549,985.546 
1550,813.643 
1551,1147.179 
1552,950.942 
1553,1200.807 
1554,846.718 
1555,1307.526 
1556,1064.206 
1557,1171.748 
1558,933.972 
1559,955.738 
1560,1003.357 
1561,891.376 
1562,1278.929 
1563,1520.840 
1564,1079.493 
1565,1458.159 
1566,920.973 
1567,728.100 
1568,1536.281 
1569,1214.362 
1570,1017.319 
1571,911.334 
1572,576.027 
1573,1332.878 
1574,966.656 
1575,1546.458 
1576,1126.986 
1577,847.565 
1578,1213.693 
1579,1273.727 
1580,1197.156 
1581,948.388 
1582,1178.720 
1583,1164.660 
1584,1006.068 
1585,720.332 
1586,1218.863 
1587,730.571 
1588,900.720 
1589,1139.291 
1590,711.519 
1591,1092.083 
1592,1153.665 
1593,819.497 
1594,1039.344 
1595,823.025 
1596,1155.914 
1597,1112.208 
1598,895.596 
1599,925.665 
1600,1408.558 
1601,952.431 
1602,896.561 
1603,953.733 
1604,1347.073 
1605,1131.684 
1606,1063.916 
1607,801.130 
1608,850.768 
1609,892.517 
1610,1405.193 
1611,1183.395 
1612,1318.805 
1613,964.158 
1614,972.087 
1615,1015.305 
1616,982.015 
1617,953.393 
1618,509.747 
1619,1144.519 
1620,1202.603 
1621,1307.146 
1622,761.692 
1623,974.262 
1624,1257.599 
1625,1246.536 
1626,591.905 
1627,954.455 
1628,1435.774 
1629,987.798 
1630,993.800 
1631,1217.172 
1632,1455.288 
1633,731.530 
1634,1113.262 
1635,896.154 
1636,942.933 
1637,950.781 
1638,1013.928 
1639,1311.386 
1640,1076.078 
1641,932.132 
1642,863.132 
1643,691.222 
1644,1135.337 
1645,1597.261 
1646,951.364 
1647,841.034 
1648,966.555 
1649,1128.951 
1650,862.029 
1651,1028.486 
1652,1328.021 
1653,1211.544 
1654,1055.701 
1655,1260.000 
1656,1214.764 
1657,993.874 
1658,1088.161 
1659,1229.743 
1660,1088.851 
1661,789.777 
1662,1346.132 
1663,1234.836 
1664,970.695 
1665,1032.256 
1666,1036.481 
1667,1012.402 
1668,1071.886 
1669,1237.787 
1670,686.590 
1671,1188.784 
1672,835.303 
1673,933.209 
1674,1210.980 
1675,817.354 
1676,1137.992 
1677,1145.394 
1678,1223.227 
1679,1063.222 
1680,1261.052 
1681,1415.450 
1682,1528.665 
1683,902.195 
1684,1147.960 
1685,726.805 
1686,1115.604 
1687,891.097 
1688,1178.714 
1689,799.038 
1690,676.394 
1691,640.838 
1692,1037.948 
1693,1460.859 
1694,1442.901 
1695,1198.758 
1696,1044.083 
1697,913.158 
1698,1062.950 
1699,984.981 
1700,1092.114 
1701,1266.943 
1702,1090.487 
1703,1470.539 
1704,1296.981 
1705,994.992 
1706,990.462 
1707,1145.900 
1708,1100.601 
1709,1073.979 
1710,764.412 
1711,989.796 
1712,968.963 
1713,1288.281 
1714,774.208 
1715,992.159 
1716,1036.452 
1717,1604.921 
1718,617.372 
1719,1454.407 
1720,860.672 
1721,1052.618 
1722,1418.717 
1723,1044.203 
1724,1192.899 
1725,1092.758 
1726,943.059 
1727,1238.779 
1728,1199.208 
1729,1008.035 
1730,1109.167 
1731,925.054 
1732,1093.131 
1733,1140.764 
1734,966.194 
1735,1049.576 
1736,921.149 
1737,1026.101 
1738,894.297 
1739,1429.431 
1740,985.474 
1741,1216.052 
1742,796.593 
1743,1011.658 
1744,1595.762 
1745,1261.809 
1746,966.930 
1747,648.328 
1748,948.026 
1749,1139.978 
1750,1142.594 
1751,1219.384 
1752,912.139 
1753,787.498 
1754,724.755 
1755,1069.772 
1756,861.442 
1757,943.755 
1758,1488.039 
1759,1336.794 
1760,1104.410 
1761,770.149 
1762,785.769 
1763,902.662 
1764,1006.477 
1765,1612.056 
1766,1023.069 
1767,901.974 
1768,1079.145 
1769,1249.791 
1770,1066.473 
1771,1227.560 
1772,1038.428 
1773,1003.353 
1774,951.618 
1775,1208.654 
1776,1176.261 
1777,817.939 
1778,1177.620 
1779,1121.393 
1780,1091.382 
1781,976.887 
1782,371.232 
1783,692.146 
1784,1526.028 
1785,1120.617 
1786,741.308 
1787,970.104 
1788,770.605 
1789,837.407 
1790,1026.702 
1791,855.910 
1792,1383.852 
1793,1136.401 
1794,1036.381 
1795,930.359 
1796,1026.160 
1797,917.027 
1798,774.592 
1799,1167.923 
1800,1342.826 
1801,1286.749 
1802,832.743 
1803,1214.213 
1804,760.036 
1805,1055.859 
1806,1405.083 
1807,1132.330 
1808,1677.909 
1809,825.422 
1810,1227.911 
1811,813.159 
1812,1164.823 
1813,1208.042 
1814,853.910 
1815,1297.563 
1816,1345.776 
1817,1026.749 
1818,998.755 
1819,1036.471 
1820,907.917 
1821,858.660 
1822,1106.671 
1823,1053.048 
1824,1053.948 
1825,1096.229 
1826,864.828 
1827,1166.859 
1828,808.427 
1829,1351.615 
1830,963.183 
1831,997.411 
1832,1070.888 
1833,758.778 
1834,1102.046 
1835,869.971 
1836,1037.143 
1837,878.717 
1838,1158.504 
1839,1296.504 
1840,896.081 
1841,1466.993 
1842,1245.024 
1843,882.749 
1844,1444.802 
1845,1095.664 
1846,883.281 
1847,1413.731 
1848,1071.183 
1849,1038.919 
1850,1466.957 
1851,1209.561 
1852,1540.790 
1853,793.750 
1854,1346.954 
1855,836.634 
1856,813.044 
1857,1330.234 
1858,1505.922 
1859,917.864 
1860,1123.256 
1861,784.772 
1862,866.042 
1863,1286.259 
1864,774.427 
1865,1062.983 
1866,1486.249 
1867,1053.693 
1868,1120.189 
1869,851.648 
1870,1489.713 
1871,1247.338 
1872,1351.412 
1873,630.391 
1874,1013.747 
1875,703.911 
1876,1040.691 
1877,1306.502 
1878,1593.050 
1879,1202.168 
1880,1340.555 
1881,921.570 
1882,1019.396 
1883,1020.213 
1884,1353.135 
1885,1134.762 
1886,1192.355 
1887,670.617 
1888,1367.708 
1889,997.068 
1890,948.902 
1891,1342.989 
1892,960.823 
1893,1441.840 
1894,1297.749 
1895,846.194 
1896,709.236 
1897,1141.818 
1898,806.598 
1899,1104.879 
1900,1005.310 
1901,1622.803 
1902,1136.478 
1903,1457.446 
1904,1482.293 
1905,1035.858 
1906,887.272 
1907,1097.319 
1908,1188.561 
1909,1376.996 
1910,919.351 
1911,751.445 
1912,1231.984 
1913,1219.067 
1914,947.461 
1915,996.064 
1916,1220.078 
1917,1102.245 
1918,1247.403 
1919,1016.783 
1920,1304.727 
1921,1070.533 
1922,906.143 
1923,957.504 
1924,1399.659 
1925,1236.803 
1926,1111.426 
1927,1249.410 
1928,1047.193 
1929,1032.895 
1930,1053.378 
1931,1134.707 
1932,1421.939 
1933,956.914 
1934,946.985 
1935,1005.334 
1936,1241.487 
1937,627.512 
1938,1252.969 
1939,1115.712 
1940,1254.942 
1941,1344.708 
1942,956.757 
1943,663.253 
1944,1386.528 
1945,1005.357 
1946,955.255 
1947,1033.821 
1948,1069.568 
1949,1341.857 
1950,1139.682 
1951,1188.761 
1952,1041.376 
1953,1311.353 
1954,1177.595 
1955,914.904 
1956,1257.770 
1957,1380.365 
1958,1355.536 
1959,816.051 
1960,1428.106 
1961,1083.966 
1962,484.082 
1963,563.194 
1964,769.073 
1965,1059.219 
1966,1118.604 
1967,1089.341 
1968,898.224 
1969,1109.108 
1970,1130.228 
1971,1084.965 
1972,1566.030 
1973,1135.853 
1974,1372.408 
1975,936.918 
1976,1003.782 
1977,1107.846 
1978,1127.696 
1979,742.646 
1980,1337.747 
1981,943.559 
1982,987.367 
1983,1159.787 
1984,1098.242 
1985,1117.460 
1986,871.123 
1987,1174.370 
1988,1026.615 
1989,1039.805 
1990,1257.331 
1991,1109.547 
1992,1116.056 
1993,1572.399 
1994,997.115 
1995,1114.021 
1996,662.229 
1997,901.663 
1998,823.836 
1999,971.092 
10,10871615.000 
11,3533.569 
12,2106.412 
13,563.773 
14,967.127 
15,566.037 
16,456.888 
17,555.851 
18,461.080 
19,461.163 
20,574.209 
21,466.155 
22,573.883 
23,397.060 
24,679.384 
25,395.244 
26,619.903 
27,564.084 
28,325.472 
29,731.667 
30,581.574 
31,639.866 
32,445.764 
33,597.739 
34,500.261 
35,570.950 
36,434.018 
37,649.501 
38,570.710 
39,609.284 
40,624.870 
41,603.907 
42,463.140 
43,662.766 
44,664.926 
45,598.543 
46,740.961 
47,754.406 
48,473.541 
49,797.295 
50,794.821 
51,685.391 
52,755.599 
53,977.079 
54,410.726 
55,521.462 
56,419.311 
57,742.042 
58,596.323 
59,814.162 
60,618.691 
61,614.576 
62,494.878 
63,1709.965 
64,6570.740 
65,10641.053 
66,12562.744 
67,11615.385 
68,11978.052 
69,12445.454 
70,12354.160 
71,9882.513 
72,9304.465 
73,9095.063 
74,7956.633 
75,7854.111 
76,8043.407 
77,9565.613 
78,7161.765 
79,6360.397 
80,7115.870 
81,5687.841 
82,5947.990 
83,5070.093 
84,6123.134 
85,5199.611 
86,5170.049 
87,4414.969 
88,4927.432 
89,4811.996 
90,4770.737 
91,4877.475 
92,4508.891 
93,5240.121 
94,4767.140 
95,3942.803 
96,4020.254 
97,4119.795 
98,3588.822 
99,4253.260 
100,3205.237 
101,3486.027 
102,3691.193 
103,3997.256 
104,3338.149 
105,3582.135 
106,3780.663 
107,3622.637 
108,3614.135 
109,3230.543 
110,4268.524 
111,4157.650 
112,2675.783 
113,3398.343 
114,3394.199 
115,3071.913 
116,3107.047 
117,3650.607 
118,3545.899 
119,4456.692 
120,3704.668 
121,3092.910 
122,3919.045 
123,3331.691 
124,3446.509 
125,3375.807 
126,3122.029 
127,3458.625 
128,4241.708 
129,4400.837 
130,3927.654 
131,3890.347 
132,4054.223 
133,3756.914 
134,3409.299 
135,2609.990 
136,4246.659 
137,3249.387 
138,3722.977 
139,3370.264 
140,3850.074 
141,2934.527 
142,3610.676 
143,3589.799 
144,3775.847 
145,4660.322 
146,3382.063 
147,3558.120 
148,3989.424 
149,3615.607 
150,3164.118 
151,3450.859 
152,3500.821 
153,3793.633 
154,3018.771 
155,3258.745 
156,4419.085 
157,3719.944 
158,4238.313 
159,2731.947 
160,2957.423 
161,2855.959 
162,3469.713 
163,2908.287 
164,4112.532 
165,3659.803 
166,3774.642 
167,3706.878 
168,3362.381 
169,3159.249 
170,3478.257 
171,3186.995 
172,3479.790 
173,3219.978 
174,3506.113 
175,3672.890 
176,3329.021 
177,3007.285 
178,2676.057 
179,3889.937 
180,2544.000 
181,3478.154 
182,3952.551 
183,3188.478 
184,2967.941 
185,3600.844 
186,2917.998 
187,3387.913 
188,3579.088 
189,3159.463 
190,3215.206 
191,2814.223 
192,3530.806 
193,4256.642 
194,2890.666 
195,3538.157 
196,2917.367 
197,3522.710 
198,3695.662 
199,3488.696 
200,2938.157 
201,4245.864 
202,3272.131 
203,3895.835 
204,3487.406 
205,2806.612 
206,2880.355 
207,3101.190 
208,3136.286 
209,3299.074 
210,4471.344 
211,3895.092 
212,3261.315 
213,3913.764 
214,3504.884 
215,3513.599 
216,2992.612 
217,4018.816 
218,2875.205 
219,3876.363 
220,2929.101 
221,2664.854 
222,2394.763 
223,2924.518 
224,3896.270 
225,2831.556 
226,2877.655 
227,3470.334 
228,3589.301 
229,3101.138 
230,3444.858 
231,3375.708 
232,2640.420 
233,2685.771 
234,3731.608 
235,3125.374 
236,3689.996 
237,2928.116 
238,3012.278 
239,3611.417 
240,2419.244 
241,3392.634 
242,2970.732 
243,3787.650 
244,2272.499 
245,3088.126 
246,3595.939 
247,3412.606 
248,3052.230 
249,2632.378 
250,2961.208 
251,2331.188 
252,3070.375 
253,3656.536 
254,3377.667 
255,2975.114 
256,3236.165 
257,2472.852 
258,2725.410 
259,3225.667 
260,2639.818 
261,3700.827 
262,3900.872 
263,3883.737 
264,2224.124 
265,2274.618 
266,2593.415 
267,2866.124 
268,2807.314 
269,3256.027 
270,2134.197 
271,3198.469 
272,3696.938 
273,3231.555 
274,2370.472 
275,2542.092 
276,3343.319 
277,3485.240 
278,2793.948 
279,2572.448 
280,4247.308 
281,3139.433 
282,3267.947 
283,3861.455 
284,2807.255 
285,2828.674 
286,3123.080 
287,2554.706 
288,3271.282 
289,3623.231 
290,2845.250 
291,3902.833 
292,3260.860 
293,3203.625 
294,3130.502 
295,2081.399 
296,2524.870 
297,2620.148 
298,3852.304 
299,2733.252 
300,3365.532 
301,2415.526 
302,3121.306 
303,3418.081 
304,2708.648 
305,2791.686 
306,3470.803 
307,3302.196 
308,2891.454 
309,3078.102 
310,2648.315 
311,2516.660 
312,3710.565 
313,2441.652 
314,3125.341 
315,3752.081 
316,3224.186 
317,2877.068 
318,1773.102 
319,2963.813 
320,2391.573 
321,3009.200 
322,2806.093 
323,3136.006 
324,3647.268 
325,2460.285 
326,3700.284 
327,3236.771 
328,2020.826 
329,3557.393 
330,2663.278 
331,2903.399 
332,3201.168 
333,2702.571 
334,2570.913 
335,3109.327 
336,2473.134 
337,3095.684 
338,3060.004 
339,2823.027 
340,2280.497 
341,2715.631 
342,2286.565 
343,3066.690 
344,2943.328 
345,3005.915 
346,2688.198 
347,3243.337 
348,2055.555 
349,2857.224 
350,2341.283 
351,2721.868 
352,3008.707 
353,2458.989 
354,2448.806 
355,3118.432 
356,2620.542 
357,1991.542 
358,2973.697 
359,2970.748 
360,2949.566 
361,2915.657 
362,2790.573 
363,2590.987 
364,2487.412 
365,2408.524 
366,3051.779 
367,2726.973 
368,2240.759 
369,2506.860 
370,2388.458 
371,2565.421 
372,2913.878 
373,1915.056 
374,2660.217 
375,2562.000 
376,2683.796 
377,2654.212 
378,2997.943 
379,2655.239 
380,2694.673 
381,2290.954 
382,2672.959 
383,2199.673 
384,2674.196 
385,2167.150 
386,2538.176 
387,2680.765 
388,2600.625 
389,2976.633 
390,2281.743 
391,2291.488 
392,1913.094 
393,2573.903 
394,1280.223 
395,2194.597 
396,1693.341 
397,2710.569 
398,2626.263 
399,2128.998 
400,2284.248 
401,2533.665 
402,1960.744 
403,3161.834 
404,2736.767 
405,2827.173 
406,2197.396 
407,2748.814 
408,2743.753 
409,2691.882 
410,2856.948 
411,2730.636 
412,2889.438 
413,2214.792 
414,2122.182 
415,2588.676 
416,2406.706 
417,2709.993 
418,2081.923 
419,2677.547 
420,2282.093 
421,2682.469 
422,2182.989 
423,2619.201 
424,2514.035 
425,2693.125 
426,2575.860 
427,2829.653 
428,2312.362 
429,2632.868 
430,2491.583 
431,2882.447 
432,2609.035 
433,2415.638 
434,2002.098 
435,2121.593 
436,2007.705 
437,2018.164 
438,2740.262 
439,2088.391 
440,2619.287 
441,2032.250 
442,2245.826 
443,2253.622 
444,2253.037 
445,2503.226 
446,1799.969 
447,2122.497 
448,2855.285 
449,2439.554 
450,2066.526 
451,2094.577 
452,2059.423 
453,2058.857 
454,2095.754 
455,2283.930 
456,2741.334 
457,1686.454 
458,2095.077 
459,2716.081 
460,2514.181 
461,2956.129 
462,2070.854 
463,2810.573 
464,2287.850 
465,2259.994 
466,2001.323 
467,2641.886 
468,2400.094 
469,2463.306 
470,2608.134 
471,2090.730 
472,1915.010 
473,2597.470 
474,1816.194 
475,2427.286 
476,2892.796 
477,1836.197 
478,2251.478 
479,2477.987 
480,1940.938 
481,1651.327 
482,2068.149 
483,2228.912 
484,2059.186 
485,2047.361 
486,2053.741 
487,2307.427 
488,1741.836 
489,1911.386 
490,2547.001 
491,2256.222 
492,2789.355 
493,1953.591 
494,1670.063 
495,1873.096 
496,2179.419 
497,2446.981 
498,2183.613 
499,2262.859 
500,2228.131 
501,1649.084 
502,2235.242 
503,1775.554 
504,1805.408 
505,2446.753 
506,2318.314 
507,1620.523 
508,2189.777 
509,2671.798 
510,1559.019 
511,1796.626 
512,1622.729 
513,2112.826 
514,1423.060 
515,1922.888 
516,1437.943 
517,2056.784 
518,2415.060 
519,1332.504 
520,2470.885 
521,1900.822 
522,1962.762 
523,1857.874 
524,2229.481 
525,2143.089 
526,2088.826 
527,1836.515 
528,1339.233 
529,2121.295 
530,2258.875 
531,1730.859 
532,1742.040 
533,1771.428 
534,1641.364 
535,2185.538 
536,1698.905 
537,2109.226 
538,2409.907 
539,1799.272 
540,1911.404 
541,2311.885 
542,2208.442 
543,2062.048 
544,1960.888 
545,1891.623 
546,1784.020 
547,2183.720 
548,1959.404 
549,2859.461 
550,1521.093 
551,1516.091 
552,1787.584 
553,1573.392 
554,1814.008 
555,1908.216 
556,1459.220 
557,1579.515 
558,1850.113 
559,1254.747 
560,1715.656 
561,1681.445 
562,1892.081 
563,2002.155 
564,1676.389 
565,1862.448 
566,1600.825 
567,1895.726 
568,2079.524 
569,1991.743 
570,1887.108 
571,1567.899 
572,1852.789 
573,1588.603 
574,1868.911 
575,2039.156 
576,2083.170 
577,1698.204 
578,1478.710 
579,1606.646 
580,1418.999 
581,1574.263 
582,1417.723 
583,2259.708 
584,1703.393 
585,1940.540 
586,1813.933 
587,1643.750 
588,1798.868 
589,1839.334 
590,1299.749 
591,1823.718 
592,1532.465 
593,2177.586 
594,1578.315 
595,1565.826 
596,1729.257 
597,1467.930 
598,1438.203 
599,1877.606 
600,1415.580 
601,1413.898 
602,1193.685 
603,1771.275 
604,1320.827 
605,1342.222 
606,2042.121 
607,1610.822 
608,1425.537 
609,1982.443 
610,1607.189 
611,1568.694 
612,1576.286 
613,1972.124 
614,1711.406 
615,1364.571 
616,1790.121 
617,1563.383 
618,1726.972 
619,1766.646 
620,1985.083 
621,1550.459 
622,1771.149 
623,2048.765 
624,1369.596 
625,2010.415 
626,1692.329 
627,1738.554 
628,1567.752 
629,1462.984 
630,1384.568 
631,1598.513 
632,1485.139 
633,1476.538 
634,1452.413 
635,1794.277 
636,1028.191 
637,1187.503 
638,1225.552 
639,1157.549 
640,1723.098 
641,1661.497 
642,1447.639 
643,1466.856 
644,1121.616 
645,1096.149 
646,1390.391 
647,1652.955 
648,1553.443 
649,1927.184 
650,1205.839 
651,1565.562 
652,1950.736 
653,1624.648 
654,1853.040 
655,1402.950 
656,1169.831 
657,1796.394 
658,1038.101 
659,1518.332 
660,1238.391 
661,1230.013 
662,1136.044 
663,1085.904 
664,1937.587 
665,1179.617 
666,1497.958 
667,1122.165 
668,1404.913 
669,1337.577 
670,1214.925 
671,1362.850 
672,1664.682 
673,1228.041 
674,1525.198 
675,1047.310 
676,1130.935 
677,1844.946 
678,1339.740 
679,1241.013 
680,1370.855 
681,1550.146 
682,1092.226 
683,1406.318 
684,860.155 
685,1551.605 
686,1279.276 
687,1677.150 
688,1354.401 
689,1424.040 
690,1135.288 
691,1170.535 
692,1194.930 
693,1563.158 
694,1252.241 
695,1342.362 
696,1184.808 
697,1164.099 
698,1946.775 
699,1027.936 
700,1432.187 
701,994.414 
702,1439.574 
703,1158.874 
704,1386.347 
705,1552.697 
706,1305.246 
707,1197.707 
708,1191.120 
709,986.574 
710,1243.506 
711,1103.824 
712,1014.978 
713,1222.836 
714,1063.798 
715,1112.272 
716,1370.038 
717,1259.829 
718,1363.146 
719,1181.175 
720,1007.197 
721,1808.578 
722,1059.618 
723,1012.045 
724,1013.837 
725,1265.962 
726,1145.807 
727,587.270 
728,1001.394 
729,1025.528 
730,1254.956 
731,1216.448 
732,850.790 
733,836.877 
734,1427.455 
735,995.160 
736,1426.258 
737,1354.739 
738,1140.077 
739,935.494 
740,1322.083 
741,1499.140 
742,1169.940 
743,1217.482 
744,1738.217 
745,1198.960 
746,1104.416 
747,1522.377 
748,1134.150 
749,1269.518 
750,1432.316 
751,990.817 
752,1502.530 
753,1307.482 
754,1006.878 
755,1150.542 
756,1275.478 
757,1327.824 
758,1158.685 
759,1019.558 
760,953.436 
761,1243.701 
762,1274.969 
763,1021.687 
764,1123.771 
765,1536.069 
766,896.579 
767,1005.033 
768,1069.826 
769,1565.329 
770,1300.629 
771,1617.644 
772,1226.331 
773,1048.004 
774,1439.403 
775,1033.670 
776,1091.131 
777,760.774 
778,819.724 
779,1197.209 
780,1049.899 
781,942.130 
782,1073.423 
783,823.626 
784,1132.026 
785,1063.434 
786,1261.387 
787,890.203 
788,1134.021 
789,700.707 
790,935.158 
791,1313.552 
792,719.709 
793,894.842 
794,1130.206 
795,979.815 
796,1087.971 
797,964.828 
798,1023.622 
799,775.761 
800,1032.987 
801,591.514 
802,1142.112 
803,950.126 
804,836.767 
805,528.807 
806,967.031 
807,1133.441 
808,785.304 
809,951.521 
810,1018.969 
811,943.797 
812,953.960 
813,898.847 
814,812.909 
815,1283.392 
816,996.353 
817,1052.249 
818,1161.731 
819,943.985 
820,1080.759 
821,1120.646 
822,930.344 
823,891.004 
824,1010.706 
825,738.350 
826,676.985 
827,1216.927 
828,955.642 
829,837.829 
830,763.347 
831,615.523 
832,1041.038 
833,879.199 
834,781.552 
835,687.479 
836,1035.960 
837,822.656 
838,1229.163 
839,788.916 
840,1033.003 
841,1012.712 
842,952.490 
843,731.120 
844,1133.076 
845,1192.627 
846,578.072 
847,1040.811 
848,1363.142 
849,528.935 
850,867.240 
851,1212.219 
852,756.390 
853,928.184 
854,977.350 
855,611.496 
856,1254.126 
857,679.295 
858,948.462 
859,1012.895 
860,1104.506 
861,621.180 
862,660.495 
863,779.471 
864,619.098 
865,564.610 
866,569.382 
867,895.770 
868,841.886 
869,746.373 
870,899.834 
871,974.754 
872,992.645 
873,863.821 
874,1050.832 
875,542.591 
876,1077.833 
877,1122.198 
878,568.514 
879,1320.075 
880,805.008 
881,1173.785 
882,518.275 
883,780.763 
884,671.811 
885,867.844 
886,869.077 
887,790.618 
888,712.906 
889,718.047 
890,917.014 
891,828.066 
892,1224.585 
893,1210.603 
894,836.960 
895,774.742 
896,973.251 
897,1215.260 
898,654.008 
899,1101.223 
900,1102.873 
901,1013.652 
902,822.917 
903,872.446 
904,945.200 
905,559.310 
906,1101.810 
907,950.239 
908,865.752 
909,1087.742 
910,1084.580 
911,738.798 
912,822.422 
913,564.630 
914,859.596 
915,479.292 
916,702.381 
917,607.398 
918,1072.142 
919,1051.610 
920,840.577 
921,686.931 
922,596.657 
923,1000.054 
924,1037.386 
925,821.213 
926,1073.237 
927,530.616 
928,733.642 
929,649.747 
930,928.699 
931,741.236 
932,587.492 
933,794.506 
934,519.301 
935,748.268 
936,767.897 
937,800.150 
938,607.039 
939,570.053 
940,954.870 
941,765.084 
942,776.165 
943,764.096 
944,810.792 
945,686.128 
946,723.894 
947,609.537 
948,667.102 
949,484.465 
950,614.868 
951,960.416 
952,841.450 
953,978.306 
954,1183.068 
955,774.433 
956,763.880 
957,557.870 
958,611.500 
959,405.892 
960,546.358 
961,667.796 
962,905.851 
963,893.444 
964,683.527 
965,714.965 
966,750.191 
967,692.373 
968,516.703 
969,441.387 
970,760.696 
971,538.538 
972,838.952 
973,641.375 
974,619.164 
975,772.451 
976,723.452 
977,932.982 
978,1096.910 
979,526.539 
980,683.666 
981,669.889 
982,668.219 
983,490.433 
984,625.238 
985,765.707 
986,608.827 
987,796.733 
988,608.798 
989,1266.835 
990,874.807 
991,708.497 
992,840.126 
993,660.511 
994,801.191 
995,682.783 
996,603.839 
997,923.741 
998,625.191 
999,758.352 
1000,774.347 
1001,564.675 
1002,571.220 
1003,627.069 
1004,940.227 
1005,760.281 
1006,1026.797 
1007,933.825 
1008,808.336 
1009,819.381 
1010,687.184 
1011,673.092 
1012,502.550 
1013,612.440 
1014,630.158 
1015,653.688 
1016,761.422 
1017,707.862 
1018,585.220 
1019,552.293 
1020,787.105 
1021,715.007 
1022,775.279 
1023,435.139 
1024,486.774 
1025,699.860 
1026,611.957 
1027,550.712 
1028,593.051 
1029,696.399 
1030,719.048 
1031,564.503 
1032,393.634 
1033,555.834 
1034,652.790 
1035,506.004 
1036,1063.596 
1037,558.229 
1038,527.875 
1039,501.512 
1040,464.500 
1041,786.901 
1042,409.989 
1043,819.142 
1044,823.699 
1045,739.756 
1046,509.890 
1047,647.873 
1048,800.253 
1049,471.270 
1050,545.472 
1051,658.567 
1052,567.188 
1053,774.166 
1054,517.539 
1055,599.655 
1056,790.690 
1057,766.435 
1058,509.521 
1059,829.034 
1060,777.038 
1061,545.635 
1062,568.160 
1063,696.042 
1064,541.558 
1065,696.115 
1066,520.578 
1067,532.895 
1068,686.879 
1069,730.238 
1070,693.642 
1071,714.914 
1072,588.943 
1073,474.363 
1074,573.227 
1075,597.601 
1076,502.975 
1077,571.528 
1078,897.468 
1079,686.206 
1080,733.361 
1081,590.769 
1082,653.091 
1083,574.076 
1084,423.532 
1085,538.813 
1086,775.686 
1087,622.772 
1088,519.202 
1089,596.122 
1090,614.191 
1091,673.818 
1092,648.553 
1093,570.255 
1094,528.716 
1095,814.576 
1096,628.170 
1097,465.941 
1098,878.755 
1099,526.655 
1100,737.297 
1101,721.901 
1102,723.724 
1103,734.104 
1104,635.834 
1105,597.016 
1106,747.909 
1107,696.488 
1108,654.752 
1109,456.353 
1110,452.667 
1111,1038.069 
1112,985.894 
1113,579.060 
1114,578.770 
1115,557.322 
1116,598.181 
1117,638.711 
1118,487.913 
1119,611.615 
1120,523.010 
1121,481.058 
1122,603.350 
1123,605.832 
1124,725.632 
1125,424.870 
1126,909.485 
1127,815.050 
1128,573.036 
1129,651.834 
1130,543.281 
1131,426.090 
1132,449.268 
1133,484.308 
1134,612.906 
1135,887.392 
1136,820.857 
1137,392.368 
1138,678.543 
1139,424.934 
1140,633.167 
1141,310.995 
1142,728.613 
1143,522.218 
1144,497.012 
1145,697.843 
1146,590.322 
1147,500.801 
1148,690.037 
1149,609.565 
1150,565.623 
1151,533.357 
1152,404.603 
1153,405.958 
1154,694.036 
1155,762.054 
1156,463.587 
1157,656.073 
1158,490.615 
1159,410.752 
1160,803.951 
1161,523.761 
1162,629.576 
1163,410.165 
1164,583.975 
1165,676.852 
1166,847.647 
1167,852.507 
1168,517.564 
1169,857.593 
1170,715.269 
1171,563.943 
1172,488.998 
1173,516.468 
1174,534.502 
1175,461.644 
1176,457.271 
1177,588.712 
1178,580.965 
1179,791.674 
1180,610.801 
1181,735.583 
1182,682.168 
1183,732.990 
1184,597.396 
1185,519.445 
1186,392.949 
1187,561.257 
1188,828.100 
1189,544.909 
1190,540.730 
1191,698.366 
1192,573.432 
1193,688.566 
1194,767.918 
1195,649.337 
1196,688.673 
1197,442.460 
1198,630.254 
1199,680.243 
1200,617.566 
1201,540.801 
1202,593.738 
1203,480.804 
1204,568.269 
1205,565.867 
1206,623.742 
1207,460.250 
1208,459.193 
1209,562.405 
1210,614.160 
1211,820.551 
1212,422.843 
1213,631.332 
1214,973.817 
1215,576.198 
1216,398.993 
1217,631.904 
1218,632.682 
1219,502.848 
1220,441.755 
1221,629.640 
1222,578.815 
1223,655.669 
1224,550.315 
1225,583.124 
1226,740.904 
1227,510.676 
1228,617.557 
1229,507.027 
1230,661.099 
1231,554.581 
1232,676.750 
1233,565.477 
1234,724.615 
1235,646.899 
1236,545.618 
1237,447.759 
1238,440.806 
1239,594.723 
1240,783.305 
1241,512.663 
1242,621.961 
1243,838.518 
1244,589.152 
1245,465.649 
1246,729.141 
1247,752.341 
1248,587.577 
1249,576.766 
1250,682.977 
1251,526.628 
1252,423.256 
1253,685.949 
1254,804.564 
1255,591.797 
1256,556.525 
1257,457.480 
1258,689.048 
1259,773.467 
1260,595.041 
1261,616.161 
1262,620.957 
1263,737.093 
1264,445.163 
1265,744.268 
1266,458.266 
1267,437.158 
1268,475.354 
1269,633.927 
1270,478.127 
1271,646.743 
1272,602.223 
1273,490.456 
1274,798.398 
1275,727.433 
1276,497.435 
1277,546.487 
1278,454.969 
1279,680.724 
1280,392.032 
1281,579.446 
1282,684.480 
1283,642.608 
1284,591.196 
1285,545.666 
1286,679.313 
1287,788.476 
1288,710.188 
1289,827.140 
1290,624.246 
1291,678.777 
1292,624.372 
1293,638.936 
1294,631.177 
1295,732.967 
1296,684.551 
1297,772.124 
1298,566.353 
1299,817.626 
1300,554.231 
1301,624.688 
1302,563.929 
1303,475.233 
1304,646.270 
1305,608.056 
1306,861.908 
1307,611.269 
1308,585.273 
1309,641.620 
1310,639.987 
1311,475.306 
1312,619.981 
1313,590.076 
1314,910.592 
1315,617.954 
1316,266.999 
1317,669.729 
1318,687.716 
1319,589.197 
1320,561.482 
1321,435.837 
1322,582.904 
1323,703.138 
1324,663.189 
1325,752.392 
1326,540.947 
1327,568.573 
1328,456.274 
1329,615.832 
1330,632.246 
1331,650.175 
1332,715.068 
1333,525.623 
1334,594.100 
1335,820.759 
1336,916.369 
1337,640.824 
1338,640.359 
1339,670.255 
1340,894.174 
1341,528.444 
1342,656.733 
1343,600.322 
1344,750.560 
1345,452.845 
1346,499.506 
1347,481.987 
1348,486.141 
1349,511.359 
1350,474.921 
1351,581.151 
1352,635.391 
1353,349.730 
1354,829.189 
1355,478.903 
1356,528.551 
1357,505.558 
1358,488.036 
1359,772.361 
1360,550.623 
1361,441.693 
1362,575.904 
1363,579.515 
1364,672.071 
1365,408.789 
1366,641.283 
1367,371.780 
1368,541.617 
1369,571.126 
1370,747.982 
1371,678.243 
1372,453.093 
1373,605.888 
1374,542.973 
1375,340.321 
1376,475.254 
1377,503.972 
1378,588.661 
1379,935.888 
1380,631.181 
1381,653.820 
1382,494.662 
1383,464.431 
1384,879.382 
1385,539.868 
1386,734.937 
1387,610.226 
1388,473.665 
1389,631.269 
1390,469.392 
1391,551.060 
1392,514.228 
1393,699.896 
1394,432.216 
1395,431.387 
1396,740.685 
1397,604.938 
1398,728.590 
1399,482.354 
1400,618.832 
1401,605.257 
1402,623.529 
1403,854.036 
1404,608.636 
1405,791.071 
1406,577.278 
1407,741.523 
1408,617.142 
1409,520.171 
1410,643.635 
1411,787.634 
1412,640.462 
1413,864.454 
1414,389.148 
1415,595.018 
1416,547.898 
1417,751.536 
1418,730.200 
1419,337.030 
1420,474.320 
1421,490.665 
1422,528.264 
1423,484.799 
1424,596.060 
1425,750.584 
1426,859.136 
1427,500.862 
1428,512.392 
1429,630.654 
1430,480.208 
1431,558.130 
1432,530.461 
1433,726.480 
1434,440.502 
1435,661.943 
1436,418.478 
1437,679.403 
1438,523.276 
1439,477.168 
1440,986.144 
1441,666.336 
1442,666.377 
1443,538.505 
1444,438.931 
1445,464.040 
1446,692.497 
1447,677.129 
1448,513.018 
1449,416.542 
1450,578.067 
1451,579.761 
1452,654.737 
1453,587.361 
1454,679.829 
1455,665.634 
1456,941.325 
1457,587.616 
1458,999.896 
1459,572.077 
1460,662.901 
1461,457.469 
1462,643.085 
1463,735.108 
1464,518.837 
1465,608.739 
1466,887.292 
1467,597.696 
1468,559.644 
1469,573.089 
1470,566.803 
1471,604.668 
1472,553.600 
1473,596.324 
1474,575.257 
1475,800.690 
1476,547.382 
1477,630.933 
1478,565.779 
1479,529.244 
1480,482.405 
1481,504.725 
1482,535.175 
1483,627.648 
1484,623.024 
1485,509.422 
1486,560.768 
1487,637.121 
1488,620.653 
1489,848.290 
1490,568.589 
1491,660.627 
1492,660.947 
1493,769.991 
1494,493.592 
1495,503.895 
1496,465.989 
1497,440.987 
1498,549.325 
1499,665.197 
1500,611.970 
1501,496.577 
1502,434.183 
1503,409.213 
1504,450.699 
1505,602.845 
1506,670.885 
1507,424.790 
1508,881.871 
1509,525.396 
1510,626.785 
1511,830.057 
1512,740.696 
1513,442.836 
1514,668.060 
1515,677.541 
1516,523.202 
1517,533.617 
1518,551.137 
1519,592.264 
1520,581.367 
1521,704.458 
1522,950.607 
1523,536.790 
1524,652.260 
1525,582.427 
1526,768.710 
1527,605.464 
1528,648.492 
1529,725.413 
1530,556.940 
1531,586.329 
1532,598.452 
1533,629.032 
1534,399.429 
1535,554.574 
1536,416.207 
1537,499.726 
1538,409.729 
1539,623.672 
1540,589.398 
1541,431.225 
1542,688.035 
1543,738.173 
1544,671.434 
1545,534.403 
1546,639.278 
1547,726.179 
1548,556.244 
1549,559.726 
1550,555.776 
1551,450.921 
1552,465.944 
1553,510.817 
1554,761.675 
1555,483.594 
1556,740.132 
1557,634.171 
1558,320.037 
1559,842.240 
1560,559.170 
1561,487.431 
1562,418.389 
1563,573.092 
1564,557.742 
1565,500.577 
1566,595.302 
1567,825.801 
1568,489.066 
1569,660.617 
1570,480.965 
1571,560.169 
1572,462.472 
1573,386.833 
1574,783.058 
1575,504.402 
1576,568.740 
1577,594.552 
1578,628.411 
1579,605.956 
1580,485.247 
1581,598.082 
1582,514.511 
1583,575.323 
1584,571.934 
1585,617.711 
1586,644.738 
1587,693.862 
1588,630.186 
1589,460.263 
1590,558.004 
1591,458.878 
1592,508.405 
1593,704.466 
1594,528.588 
1595,554.816 
1596,765.200 
1597,640.273 
1598,982.798 
1599,654.598 
1600,525.874 
1601,300.786 
1602,467.557 
1603,863.143 
1604,611.852 
1605,537.635 
1606,359.693 
1607,521.309 
1608,497.045 
1609,691.318 
1610,426.278 
1611,675.344 
1612,711.977 
1613,668.617 
1614,439.626 
1615,547.788 
1616,586.707 
1617,486.588 
1618,590.130 
1619,377.453 
1620,726.880 
1621,392.404 
1622,596.185 
1623,644.707 
1624,670.979 
1625,649.792 
1626,655.687 
1627,764.016 
1628,404.873 
1629,683.604 
1630,786.867 
1631,570.361 
1632,880.348 
1633,800.300 
1634,593.002 
1635,576.120 
1636,465.552 
1637,716.602 
1638,684.883 
1639,655.054 
1640,676.099 
1641,567.441 
1642,502.479 
1643,538.743 
1644,619.376 
1645,624.984 
1646,669.600 
1647,509.248 
1648,626.818 
1649,748.229 
1650,633.717 
1651,546.088 
1652,638.836 
1653,466.204 
1654,627.891 
1655,581.289 
1656,713.118 
1657,654.943 
1658,699.516 
1659,546.675 
1660,688.078 
1661,527.654 
1662,702.042 
1663,513.622 
1664,664.346 
1665,777.028 
1666,587.010 
1667,486.254 
1668,753.905 
1669,677.326 
1670,697.947 
1671,653.977 
1672,446.950 
1673,971.809 
1674,552.004 
1675,545.343 
1676,507.126 
1677,532.753 
1678,629.411 
1679,464.783 
1680,549.405 
1681,459.829 
1682,591.850 
1683,615.038 
1684,733.684 
1685,637.544 
1686,645.388 
1687,673.806 
1688,840.028 
1689,592.752 
1690,734.018 
1691,747.876 
1692,506.482 
1693,366.749 
1694,429.118 
1695,435.766 
1696,523.564 
1697,701.134 
1698,570.608 
1699,479.039 
1700,341.278 
1701,402.077 
1702,505.778 
1703,593.156 
1704,639.716 
1705,472.186 
1706,542.555 
1707,750.262 
1708,808.335 
1709,581.013 
1710,830.336 
1711,750.704 
1712,553.454 
1713,756.556 
1714,644.219 
1715,513.373 
1716,422.203 
1717,599.262 
1718,523.236 
1719,618.395 
1720,384.243 
1721,886.240 
1722,789.092 
1723,406.275 
1724,521.530 
1725,585.010 
1726,460.986 
1727,492.862 
1728,507.589 
1729,471.158 
1730,651.586 
1731,553.195 
1732,829.648 
1733,732.779 
1734,632.516 
1735,559.127 
1736,792.463 
1737,739.696 
1738,706.196 
1739,620.248 
1740,681.963 
1741,527.860 
1742,527.088 
1743,617.017 
1744,678.096 
1745,697.449 
1746,470.773 
1747,431.732 
1748,399.153 
1749,635.857 
1750,899.803 
1751,668.526 
1752,654.024 
1753,583.154 
1754,580.711 
1755,670.929 
1756,516.704 
1757,552.166 
1758,557.527 
1759,651.566 
1760,681.625 
1761,458.978 
1762,434.430 
1763,465.948 
1764,327.680 
1765,636.114 
1766,677.949 
1767,443.398 
1768,461.481 
1769,649.947 
1770,575.280 
1771,740.969 
1772,474.198 
1773,681.245 
1774,694.458 
1775,454.975 
1776,658.133 
1777,437.993 
1778,586.682 
1779,861.695 
1780,445.551 
1781,468.112 
1782,509.176 
1783,525.747 
1784,804.411 
1785,791.789 
1786,449.418 
1787,762.938 
1788,496.909 
1789,487.351 
1790,681.209 
1791,507.268 
1792,611.531 
1793,812.961 
1794,582.759 
1795,533.689 
1796,671.486 
1797,672.851 
1798,353.364 
1799,515.742 
1800,659.355 
1801,431.445 
1802,368.241 
1803,530.889 
1804,666.698 
1805,448.591 
1806,495.075 
1807,509.301 
1808,540.554 
1809,597.966 
1810,587.682 
1811,618.025 
1812,665.150 
1813,599.363 
1814,634.121 
1815,427.949 
1816,835.207 
1817,693.923 
1818,660.792 
1819,457.622 
1820,559.968 
1821,780.886 
1822,492.111 
1823,833.276 
1824,499.287 
1825,761.738 
1826,515.800 
1827,669.540 
1828,508.637 
1829,539.163 
1830,777.680 
1831,674.165 
1832,630.709 
1833,606.737 
1834,762.412 
1835,381.859 
1836,498.090 
1837,653.102 
1838,430.219 
1839,673.547 
1840,501.491 
1841,545.531 
1842,715.870 
1843,583.846 
1844,828.335 
1845,480.834 
1846,451.740 
1847,595.663 
1848,580.218 
1849,474.753 
1850,556.371 
1851,558.882 
1852,400.232 
1853,780.175 
1854,462.709 
1855,655.852 
1856,467.917 
1857,427.866 
1858,527.896 
1859,697.884 
1860,593.630 
1861,444.756 
1862,843.189 
1863,896.252 
1864,358.279 
1865,867.654 
1866,613.916 
1867,682.759 
1868,573.867 
1869,564.954 
1870,477.811 
1871,672.078 
1872,727.706 
1873,531.701 
1874,728.430 
1875,607.082 
1876,556.017 
1877,750.474 
1878,343.311 
1879,629.378 
1880,988.814 
1881,486.453 
1882,599.794 
1883,543.609 
1884,526.492 
1885,535.404 
1886,825.392 
1887,694.107 
1888,624.893 
1889,709.947 
1890,742.958 
1891,630.218 
1892,502.004 
1893,634.004 
1894,476.227 
1895,431.568 
1896,499.024 
1897,860.341 
1898,326.430 
1899,730.138 
1900,711.365 
1901,596.313 
1902,576.620 
1903,661.245 
1904,756.792 
1905,601.980 
1906,675.968 
1907,469.782 
1908,667.809 
1909,407.363 
1910,726.627 
1911,590.588 
1912,585.296 
1913,602.326 
1914,609.553 
1915,623.701 
1916,614.953 
1917,694.620 
1918,622.194 
1919,579.907 
1920,566.363 
1921,377.857 
1922,669.469 
1923,556.396 
1924,672.374 
1925,471.126 
1926,467.004 
1927,402.413 
1928,643.439 
1929,464.066 
1930,726.270 
1931,462.480 
1932,393.531 
1933,433.868 
1934,519.383 
1935,379.760 
1936,585.904 
1937,494.708 
1938,473.096 
1939,747.929 
1940,506.042 
1941,541.401 
1942,657.837 
1943,738.343 
1944,389.723 
1945,549.655 
1946,782.374 
1947,545.294 
1948,759.731 
1949,630.723 
1950,955.404 
1951,673.883 
1952,392.797 
1953,520.686 
1954,698.774 
1955,536.403 
1956,535.122 
1957,634.084 
1958,492.962 
1959,409.491 
1960,602.792 
1961,651.044 
1962,687.475 
1963,438.431 
1964,596.758 
1965,536.554 
1966,778.033 
1967,606.642 
1968,525.599 
1969,628.468 
1970,554.340 
1971,594.375 
1972,590.951 
1973,759.025 
1974,567.700 
1975,679.655 
1976,722.477 
1977,581.592 
1978,713.222 
1979,825.859 
1980,553.440 
1981,457.844 
1982,562.181 
1983,590.681 
1984,494.118 
1985,925.094 
1986,530.798 
1987,667.828 
1988,674.779 
1989,486.682 
1990,801.270 
1991,778.944 
1992,556.611 
1993,467.449 
1994,427.815 
1995,557.155 
1996,562.688 
1997,520.663 
1998,651.350 
1999,565.567 
10,6282804.000 
11,5510.941 
12,5724.028 
13,5283.484 
14,4439.854 
15,3045.434 
16,1480.866 
17,362.729 
18,625.511 
19,478.417 
20,474.887 
21,397.462 
22,481.803 
23,367.911 
24,375.179 
25,342.506 
26,328.705 
27,428.142 
28,392.830 
29,412.582 
30,801.100 
31,723.371 
32,484.285 
33,437.279 
34,396.739 
35,343.531 
36,192.951 
37,332.587 
38,429.110 
39,317.734 
40,435.447 
41,378.973 
42,396.036 
43,464.367 
44,316.925 
45,298.207 
46,569.443 
47,352.758 
48,397.492 
49,449.430 
50,466.092 
51,417.892 
52,398.032 
53,447.342 
54,394.919 
55,412.067 
56,329.579 
57,339.033 
58,451.738 
59,402.119 
60,333.216 
61,534.299 
62,247.427 
63,384.103 
64,571.616 
65,480.272 
66,615.994 
67,456.551 
68,341.296 
69,300.740 
70,478.230 
71,442.163 
72,404.795 
73,402.270 
74,459.312 
75,439.059 
76,531.113 
77,319.814 
78,611.339 
79,416.036 
80,391.961 
81,487.371 
82,416.395 
83,368.640 
84,492.426 
85,432.138 
86,386.250 
87,322.245 
88,482.807 
89,403.735 
90,332.529 
91,473.052 
92,260.434 
93,431.304 
94,376.065 
95,378.483 
96,302.952 
97,367.304 
98,297.767 
99,391.013 
100,425.336 
101,525.088 
102,263.091 
103,251.145 
104,336.666 
105,444.890 
106,330.973 
107,344.753 
108,432.343 
109,321.563 
110,415.805 
111,395.555 
112,494.915 
113,487.058 
114,385.279 
115,491.478 
116,459.512 
117,458.108 
118,365.131 
119,371.400 
120,347.753 
121,389.107 
122,386.393 
123,400.717 
124,484.013 
125,462.013 
126,439.927 
127,294.284 
128,309.751 
129,357.662 
130,387.410 
131,501.301 
132,271.777 
133,492.330 
134,320.769 
135,400.661 
136,362.061 
137,448.214 
138,536.368 
139,370.976 
140,402.663 
141,422.302 
142,359.697 
143,432.129 
144,365.373 
145,442.458 
146,472.216 
147,533.669 
148,310.006 
149,515.499 
150,420.526 
151,477.318 
152,482.116 
153,417.607 
154,497.282 
155,390.209 
156,485.544 
157,344.520 
158,475.823 
159,282.463 
160,514.772 
161,512.229 
162,356.275 
163,630.332 
164,360.201 
165,473.166 
166,312.753 
167,469.770 
168,398.263 
169,549.337 
170,308.863 
171,441.320 
172,2666.215 
173,10545.156 
174,14070.887 
175,11002.404 
176,7174.713 
177,2464.875 
178,2597.841 
179,726.529 
180,570.796 
181,466.199 
182,406.921 
183,474.518 
184,365.598 
185,552.421 
186,535.958 
187,492.655 
188,332.879 
189,489.988 
190,549.511 
191,423.739 
192,307.975 
193,402.021 
194,498.415 
195,483.043 
196,394.295 
197,451.502 
198,482.507 
199,381.788 
200,542.562 
201,418.526 
202,528.809 
203,504.489 
204,317.277 
205,450.732 
206,568.152 
207,469.543 
208,382.069 
209,622.658 
210,520.584 
211,274.720 
212,391.233 
213,472.753 
214,504.445 
215,496.972 
216,388.408 
217,277.804 
218,384.281 
219,304.110 
220,483.285 
221,484.608 
222,440.275 
223,425.121 
224,390.080 
225,265.294 
226,294.164 
227,532.224 
228,478.222 
229,313.610 
230,377.728 
231,420.397 
232,455.099 
233,466.848 
234,379.822 
235,393.915 
236,462.650 
237,553.559 
238,447.965 
239,617.430 
240,486.542 
241,469.731 
242,384.461 
243,384.648 
244,363.487 
245,415.197 
246,471.878 
247,342.137 
248,354.560 
249,465.998 
250,453.587 
251,339.283 
252,422.351 
253,415.953 
254,537.718 
255,483.330 
256,562.229 
257,532.305 
258,248.153 
259,606.403 
260,415.568 
261,431.031 
262,338.265 
263,443.718 
264,554.193 
265,436.654 
266,358.698 
267,372.772 
268,497.149 
269,322.825 
270,547.794 
271,347.137 
272,434.257 
273,557.711 
274,468.992 
275,304.187 
276,327.291 
277,357.371 
278,441.696 
279,441.069 
280,407.542 
281,567.293 
282,505.746 
283,276.296 
284,248.004 
285,440.577 
286,427.787 
287,464.680 
288,441.957 
289,435.480 
290,380.880 
291,476.506 
292,451.593 
293,460.025 
294,516.814 
295,547.735 
296,568.832 
297,334.050 
298,392.091 
299,399.051 
300,523.863 
301,428.430 
302,454.039 
303,454.776 
304,347.672 
305,458.800 
306,431.890 
307,355.616 
308,511.409 
309,323.249 
310,398.956 
311,453.527 
312,551.243 
313,319.356 
314,443.405 
315,341.944 
316,648.958 
317,361.873 
318,353.447 
319,351.414 
320,378.751 
321,272.023 
322,461.107 
323,469.756 
324,718.763 
325,530.368 
326,411.553 
327,436.810 
328,399.256 
329,500.482 
330,397.302 
331,411.707 
332,324.896 
333,466.378 
334,539.604 
335,484.959 
336,464.510 
337,399.663 
338,523.292 
339,425.198 
340,435.445 
341,437.205 
342,592.531 
343,341.997 
344,454.980 
345,461.810 
346,407.426 
347,384.956 
348,403.303 
349,386.858 
350,360.661 
351,343.228 
352,438.467 
353,482.580 
354,620.793 
355,248.980 
356,525.707 
357,252.366 
358,382.677 
359,455.158 
360,416.590 
361,435.111 
362,263.096 
363,338.569 
364,472.235 
365,303.148 
366,604.610 
367,512.952 
368,519.184 
369,331.826 
370,448.500 
371,367.764 
372,504.305 
373,474.521 
374,557.142 
375,427.211 
376,513.164 
377,332.626 
378,371.044 
379,476.008 
380,307.617 
381,377.412 
382,362.999 
383,530.664 
384,466.097 
385,447.708 
386,518.751 
387,536.522 
388,519.130 
389,413.228 
390,483.548 
391,345.920 
392,313.645 
393,459.374 
394,542.891 
395,406.624 
396,483.572 
397,471.082 
398,442.287 
399,447.479 
400,563.701 
401,386.758 
402,438.074 
403,422.149 
404,390.697 
405,375.275 
406,437.331 
407,452.983 
408,449.944 
409,540.152 
410,399.565 
411,239.253 
412,497.295 
413,289.218 
414,636.117 
415,505.321 
416,419.533 
417,427.478 
418,355.783 
419,313.558 
420,424.144 
421,514.588 
422,518.780 
423,389.298 
424,399.062 
425,481.539 
426,593.620 
427,584.450 
428,489.662 
429,227.087 
430,548.386 
431,356.231 
432,556.935 
433,479.859 
434,410.936 
435,466.208 
436,303.471 
437,342.230 
438,561.838 
439,603.985 
440,528.073 
441,507.066 
442,549.222 
443,450.025 
444,336.484 
445,470.079 
446,567.046 
447,644.555 
448,545.998 
449,465.041 
450,586.940 
451,325.084 
452,321.501 
453,368.953 
454,271.046 
455,425.240 
456,579.816 
457,582.321 
458,402.403 
459,593.995 
460,626.687 
461,434.513 
462,522.516 
463,497.408 
464,417.190 
465,384.723 
466,586.948 
467,543.130 
468,467.679 
469,411.515 
470,449.456 
471,611.443 
472,488.943 
473,433.250 
474,346.463 
475,268.351 
476,508.321 
477,474.138 
478,377.628 
479,438.088 
480,633.362 
481,409.492 
482,600.547 
483,439.348 
484,367.963 
485,570.473 
486,404.582 
487,438.428 
488,386.138 
489,405.714 
490,322.525 
491,525.864 
492,620.768 
493,617.219 
494,372.217 
495,512.111 
496,501.294 
497,408.707 
498,407.016 
499,590.910 
500,536.326 
501,386.667 
502,528.612 
503,454.353 
504,513.768 
505,430.185 
506,428.784 
507,382.518 
508,374.004 
509,473.739 
510,279.611 
511,396.155 
512,510.172 
513,603.721 
514,547.648 
515,383.820 
516,533.686 
517,350.155 
518,536.058 
519,306.108 
520,459.478 
521,371.628 
522,429.391 
523,439.844 
524,462.047 
525,435.760 
526,516.425 
527,600.334 
528,520.886 
529,443.079 
530,529.215 
531,326.251 
532,361.387 
533,372.034 
534,540.184 
535,441.340 
536,509.004 
537,612.407 
538,566.970 
539,300.042 
540,563.521 
541,423.965 
542,467.886 
543,481.107 
544,507.596 
545,263.021 
546,292.613 
547,599.069 
548,448.106 
549,415.342 
550,527.464 
551,462.937 
552,669.925 
553,328.591 
554,547.989 
555,566.465 
556,344.953 
557,505.618 
558,367.841 
559,347.347 
560,468.401 
561,533.420 
562,475.263 
563,480.034 
564,559.197 
565,391.587 
566,573.176 
567,449.703 
568,401.112 
569,454.280 
570,387.503 
571,470.739 
572,334.595 
573,687.305 
574,420.915 
575,414.132 
576,473.975 
577,298.069 
578,428.316 
579,403.851 
580,513.137 
581,394.528 
582,682.622 
583,499.925 
584,320.724 
585,427.148 
586,400.293 
587,479.499 
588,526.942 
589,510.991 
590,429.144 
591,442.195 
592,488.679 
593,365.397 
594,530.692 
595,369.063 
596,360.342 
597,505.640 
598,196.740 
599,366.335 
600,393.850 
601,396.260 
602,514.339 
603,325.385 
604,416.520 
605,379.650 
606,542.299 
607,270.547 
608,350.332 
609,481.537 
610,332.095 
611,437.399 
612,337.505 
613,390.155 
614,538.321 
615,318.045 
616,371.923 
617,356.987 
618,453.655 
619,566.523 
620,527.868 
621,391.967 
622,390.830 
623,607.717 
624,280.120 
625,664.909 
626,597.686 
627,506.601 
628,459.219 
629,471.974 
630,430.877 
631,414.801 
632,560.982 
633,565.301 
634,401.952 
635,352.842 
636,490.715 
637,339.611 
638,468.779 
639,542.457 
640,370.148 
641,356.431 
642,479.640 
643,304.055 
644,454.868 
645,491.215 
646,623.657 
647,320.502 
648,470.594 
649,381.827 
650,420.992 
651,506.301 
652,406.032 
653,458.076 
654,589.562 
655,478.487 
656,256.819 
657,718.585 
658,395.872 
659,460.649 
660,406.874 
661,547.307 
662,382.394 
663,448.375 
664,541.027 
665,492.638 
666,344.360 
667,428.882 
668,497.610 
669,678.789 
670,483.582 
671,402.357 
672,567.617 
673,469.184 
674,454.044 
675,463.474 
676,528.286 
677,420.261 
678,460.623 
679,433.537 
680,473.267 
681,452.899 
682,583.282 
683,478.833 
684,388.439 
685,513.744 
686,380.940 
687,271.951 
688,531.071 
689,509.928 
690,422.682 
691,443.897 
692,440.228 
693,356.040 
694,500.719 
695,383.251 
696,427.573 
697,314.866 
698,437.770 
699,573.893 
700,400.545 
701,538.288 
702,569.724 
703,379.971 
704,383.679 
705,486.871 
706,360.695 
707,389.801 
708,534.565 
709,420.449 
710,509.485 
711,516.597 
712,452.736 
713,614.334 
714,524.200 
715,312.770 
716,467.502 
717,333.189 
718,463.497 
719,459.340 
720,460.846 
721,455.537 
722,413.046 
723,486.642 
724,554.889 
725,502.360 
726,408.002 
727,494.404 
728,487.843 
729,478.876 
730,537.460 
731,458.987 
732,432.135 
733,383.626 
734,440.651 
735,486.521 
736,458.884 
737,456.718 
738,395.687 
739,291.557 
740,421.960 
741,403.595 
742,377.871 
743,366.998 
744,437.232 
745,463.740 
746,324.086 
747,411.053 
748,503.220 
749,392.984 
750,570.541 
751,399.462 
752,553.414 
753,434.807 
754,415.753 
755,327.140 
756,532.429 
757,362.190 
758,405.054 
759,265.835 
760,375.547 
761,430.807 
762,387.855 
763,443.022 
764,422.681 
765,368.321 
766,420.828 
767,484.996 
768,413.834 
769,505.278 
770,442.575 
771,370.476 
772,537.684 
773,398.002 
774,339.910 
775,534.314 
776,334.500 
777,516.489 
778,406.115 
779,469.012 
780,298.095 
781,525.959 
782,529.861 
783,281.454 
784,519.819 
785,435.893 
786,551.107 
787,405.154 
788,462.591 
789,519.244 
790,458.453 
791,511.050 
792,414.665 
793,458.114 
794,543.044 
795,463.261 
796,434.506 
797,369.929 
798,458.899 
799,364.878 
800,331.742 
801,340.342 
802,417.108 
803,418.339 
804,439.573 
805,416.561 
806,434.398 
807,49487.738 
808,145760.688 
809,308431.875 
810,439922.500 
811,446722.812 
812,377773.000 
813,304521.219 
814,198533.750 
815,155088.703 
816,106339.742 
817,64184.281 
818,52322.859 
819,44342.387 
820,32764.920 
821,31337.861 
822,25081.561 
823,19049.012 
824,18119.822 
825,17016.453 
826,15833.852 
827,12151.440 
828,10433.653 
829,10392.047 
830,9484.750 
831,7620.179 
832,8744.501 
833,7112.471 
834,6988.700 
835,7302.277 
836,7682.667 
837,6841.573 
838,7045.938 
839,7053.733 
840,7573.424 
841,5724.241 
842,6639.753 
843,5236.672 
844,7024.007 
845,5483.772 
846,6390.821 
847,5574.276 
848,5698.894 
849,6257.001 
850,5357.891 
851,5087.740 
852,4670.706 
853,6002.558 
854,5539.462 
855,4846.860 
856,4523.674 
857,5531.629 
858,5416.405 
859,5393.994 
860,5587.011 
861,6404.755 
862,5715.250 
863,4249.725 
864,4644.574 
865,4772.951 
866,5924.274 
867,5258.001 
868,4579.673 
869,5005.101 
870,5001.462 
871,5363.566 
872,4640.805 
873,4732.509 
874,4904.932 
875,5702.702 
876,4817.788 
877,4687.667 
878,4789.983 
879,4811.343 
880,5390.479 
881,4274.242 
882,4638.190 
883,4344.908 
884,6164.581 
885,5706.366 
886,4456.592 
887,5035.662 
888,5756.100 
889,4388.270 
890,4731.738 
891,4650.380 
892,5706.493 
893,5159.396 
894,5486.903 
895,5421.515 
896,5298.062 
897,5478.228 
898,4727.028 
899,4409.375 
900,5366.123 
901,4709.719 
902,4925.394 
903,5462.547 
904,4928.380 
905,5223.892 
906,4152.960 
907,5168.775 
908,5190.826 
909,5043.900 
910,4466.491 
911,4310.089 
912,4667.931 
913,5863.369 
914,4614.673 
915,4558.880 
916,5025.109 
917,4590.419 
918,4955.812 
919,4599.234 
920,5111.267 
921,4566.822 
922,4276.465 
923,5096.238 
924,4665.033 
925,4128.678 
926,4623.486 
927,4054.407 
928,5579.557 
929,4907.872 
930,5083.221 
931,3491.711 
932,4852.643 
933,4428.615 
934,5029.420 
935,4845.563 
936,4827.655 
937,4736.021 
938,5068.589 
939,5212.869 
940,5594.639 
941,4788.868 
942,4178.350 
943,5167.596 
944,4780.409 
945,5414.168 
946,4426.168 
947,4373.820 
948,5151.288 
949,4185.734 
950,4416.581 
951,4133.885 
952,4668.113 
953,5050.919 
954,5412.387 
955,5201.534 
956,4872.788 
957,5503.171 
958,5106.368 
959,5155.271 
960,4587.983 
961,4665.076 
962,5228.344 
963,3795.784 
964,5302.555 
965,5531.679 
966,4839.592 
967,5026.880 
968,4487.431 
969,4409.542 
970,4833.834 
971,4445.315 
972,4906.385 
973,4636.657 
974,4551.594 
975,4418.777 
976,4643.337 
977,4169.419 
978,4450.422 
979,4252.891 
980,5337.310 
981,4987.675 
982,4839.929 
983,4597.799 
984,5493.950 
985,4800.606 
986,4203.999 
987,4031.031 
988,4641.583 
989,4775.334 
990,4738.738 
991,5139.182 
992,4740.044 
993,4062.119 
994,4659.003 
995,3857.375 
996,4477.943 
997,5215.524 
998,4849.641 
999,4828.578 
1000,4524.834 
1001,4968.647 
1002,5013.711 
1003,4568.648 
1004,4762.259 
1005,5152.474 
1006,4711.807 
1007,3555.831 
1008,4467.945 
1009,4393.077 
1010,4797.281 
1011,5286.807 
1012,4106.624 
1013,5614.008 
1014,4064.204 
1015,5816.090 
1016,4664.375 
1017,5711.895 
1018,4858.097 
1019,4641.752 
1020,4818.240 
1021,3709.905 
1022,4593.789 
1023,4390.717 
1024,4547.527 
1025,4099.400 
1026,3875.396 
1027,5029.194 
1028,4528.875 
1029,4469.471 
1030,4540.729 
1031,4789.409 
1032,3458.528 
1033,4312.881 
1034,4299.682 
1035,5548.846 
1036,5192.846 
1037,4863.958 
1038,4896.501 
1039,4605.873 
1040,5305.291 
1041,4561.644 
1042,4388.359 
1043,3957.405 
1044,4429.643 
1045,4577.686 
1046,4787.366 
1047,4443.292 
1048,3820.876 
1049,4519.618 
1050,4695.542 
1051,4572.452 
1052,4490.300 
1053,3968.736 
1054,4652.482 
1055,4283.803 
1056,5005.484 
1057,4927.113 
1058,4266.062 
1059,4262.939 
1060,4076.347 
1061,4268.463 
1062,4459.079 
1063,4768.875 
1064,4862.631 
1065,4813.456 
1066,4247.027 
1067,4619.435 
1068,4988.463 
1069,3793.652 
1070,5078.238 
1071,4405.512 
1072,4834.248 
1073,5041.848 
1074,3705.089 
1075,5626.452 
1076,4013.214 
1077,4725.268 
1078,4594.038 
1079,3629.737 
1080,4212.168 
1081,4127.223 
1082,5260.672 
1083,4209.341 
1084,5254.165 
1085,4311.205 
1086,4332.437 
1087,5053.683 
1088,4472.607 
1089,5546.916 
1090,4993.986 
1091,4498.795 
1092,4722.170 
1093,5486.700 
1094,3935.067 
1095,4969.300 
1096,4539.639 
1097,4492.515 
1098,4082.178 
1099,3544.499 
1100,4679.555 
1101,4733.228 
1102,4797.611 
1103,4215.746 
1104,5036.886 
1105,5234.333 
1106,3735.695 
1107,4341.267 
1108,3852.195 
1109,5241.528 
1110,4272.409 
1111,4544.958 
1112,4234.055 
1113,4597.971 
1114,4356.125 
1115,3840.754 
1116,3966.606 
1117,4459.016 
1118,4309.861 
1119,4399.054 
1120,4136.409 
1121,5033.638 
1122,5030.101 
1123,4660.622 
1124,4389.255 
1125,5928.318 
1126,4380.210 
1127,3837.982 
1128,4798.195 
1129,4997.955 
1130,3495.284 
1131,4447.387 
1132,5034.429 
1133,4295.888 
1134,4528.935 
1135,5119.281 
1136,4477.740 
1137,4294.428 
1138,4710.927 
1139,4582.550 
1140,4585.760 
1141,5036.540 
1142,4830.768 
1143,5032.402 
1144,4117.852 
1145,4571.700 
1146,5157.491 
1147,4160.991 
1148,3635.286 
1149,4969.260 
1150,4320.367 
1151,3224.517 
1152,4546.968 
1153,4900.570 
1154,4185.714 
1155,4094.612 
1156,3989.419 
1157,4571.313 
1158,4844.307 
1159,4195.188 
1160,4265.779 
1161,4053.434 
1162,5014.464 
1163,4857.561 
1164,4876.517 
1165,3391.670 
1166,3673.332 
1167,4468.933 
1168,4665.972 
1169,3690.792 
1170,5057.818 
1171,3306.481 
1172,4666.121 
1173,4421.539 
1174,4167.294 
1175,4566.934 
1176,4932.492 
1177,5502.265 
1178,4001.050 
1179,3810.551 
1180,4418.563 
1181,4345.192 
1182,4546.760 
1183,3691.735 
1184,4821.780 
1185,4604.112 
1186,4361.801 
1187,3774.144 
1188,4161.161 
1189,3696.682 
1190,3976.175 
1191,4318.462 
1192,5095.592 
1193,4429.110 
1194,5332.757 
1195,4446.799 
1196,4456.496 
1197,4672.282 
1198,4467.681 
1199,4715.731 
1200,4895.766 
1201,3525.037 
1202,4787.647 
1203,4481.204 
1204,4128.969 
1205,3463.762 
1206,4064.284 
1207,3949.679 
1208,4215.808 
1209,3601.738 
1210,4281.609 
1211,4718.076 
1212,3535.582 
1213,4574.751 
1214,4456.803 
1215,4074.103 
1216,3954.955 
1217,3929.755 
1218,4019.434 
1219,4363.109 
1220,4653.231 
1221,3818.146 
1222,3510.155 
1223,4696.741 
1224,4601.988 
1225,4343.869 
1226,3836.921 
1227,3817.197 
1228,3472.313 
1229,4268.500 
1230,5017.836 
1231,4132.995 
1232,3675.143 
1233,3615.632 
1234,4096.020 
1235,3757.145 
1236,4001.469 
1237,4273.066 
1238,4856.154 
1239,3790.536 
1240,3997.483 
1241,4802.245 
1242,4355.759 
1243,3993.703 
1244,4935.857 
1245,3749.834 
1246,4129.991 
1247,4431.417 
1248,2882.059 
1249,3358.115 
1250,4035.409 
1251,4295.873 
1252,3933.503 
1253,3951.137 
1254,3809.981 
1255,3162.536 
1256,4081.292 
1257,3832.897 
1258,4145.779 
1259,4365.714 
1260,4073.994 
1261,4181.487 
1262,4585.668 
1263,4181.475 
1264,3650.562 
1265,3679.164 
1266,3620.813 
1267,3912.584 
1268,3754.496 
1269,4077.727 
1270,3799.658 
1271,4086.990 
1272,3112.714 
1273,4005.584 
1274,4844.604 
1275,3535.122 
1276,3583.050 
1277,3413.642 
1278,3584.016 
1279,3516.412 
1280,4204.490 
1281,3497.830 
1282,3827.873 
1283,3764.055 
1284,4474.234 
1285,3307.103 
1286,4250.811 
1287,3619.033 
1288,3949.212 
1289,3667.369 
1290,3710.903 
1291,3887.217 
1292,3671.803 
1293,3898.098 
1294,3999.887 
1295,3657.996 
1296,4346.822 
1297,3903.354 
1298,4036.682 
1299,4981.215 
1300,3722.212 
1301,3009.056 
1302,4797.017 
1303,3502.668 
1304,3934.227 
1305,4321.820 
1306,3723.536 
1307,4251.661 
1308,3870.494 
1309,4421.682 
1310,3895.573 
1311,4848.173 
1312,3775.846 
1313,3579.778 
1314,3636.772 
1315,3289.189 
1316,3193.679 
1317,3309.244 
1318,3119.509 
1319,3685.779 
1320,3742.487 
1321,3394.352 
1322,4068.105 
1323,3747.407 
1324,3817.419 
1325,3932.954 
1326,3269.145 
1327,3613.959 
1328,4684.120 
1329,4466.256 
1330,3994.693 
1331,3128.759 
1332,3670.127 
1333,3200.294 
1334,3629.466 
1335,3584.143 
1336,3789.218 
1337,3878.859 
1338,3847.319 
1339,4013.873 
1340,3372.358 
1341,3505.795 
1342,2871.717 
1343,3282.019 
1344,3541.979 
1345,3304.321 
1346,4053.716 
1347,3448.221 
1348,3937.683 
1349,3366.033 
1350,3527.392 
1351,4655.606 
1352,4095.079 
1353,2858.068 
1354,3622.973 
1355,3756.742 
1356,3183.905 
1357,4176.181 
1358,3883.799 
1359,3609.640 
1360,2973.204 
1361,3470.582 
1362,3573.906 
1363,4020.872 
1364,3970.632 
1365,3653.995 
1366,4465.414 
1367,4262.238 
1368,2985.223 
1369,3619.362 
1370,3322.716 
1371,3216.894 
1372,3826.858 
1373,3980.653 
1374,4225.713 
1375,3750.663 
1376,3425.156 
1377,3685.547 
1378,3574.394 
1379,3449.602 
1380,3563.457 
1381,3849.132 
1382,3629.623 
1383,3992.337 
1384,3054.529 
1385,3549.142 
1386,3642.138 
1387,2966.939 
1388,2991.744 
1389,3055.178 
1390,3418.280 
1391,3209.826 
1392,3316.601 
1393,3130.974 
1394,3646.262 
1395,4063.308 
1396,3463.373 
1397,3264.373 
1398,2819.918 
1399,3180.033 
1400,3280.875 
1401,3864.795 
1402,3216.700 
1403,3244.499 
1404,3290.072 
1405,2662.704 
1406,3119.638 
1407,3891.169 
1408,3618.583 
1409,2758.119 
1410,3237.198 
1411,3152.487 
1412,3249.122 
1413,3511.718 
1414,3573.989 
1415,3451.417 
1416,4163.580 
1417,3673.288 
1418,3595.881 
1419,3533.485 
1420,4043.420 
1421,3840.679 
1422,3140.163 
1423,3334.858 
1424,3732.553 
1425,3185.484 
1426,2900.980 
1427,3906.875 
1428,3818.090 
1429,2978.765 
1430,3654.722 
1431,3516.766 
1432,2371.505 
1433,4048.273 
1434,2657.842 
1435,2770.763 
1436,3350.652 
1437,3730.373 
1438,3131.877 
1439,3681.816 
1440,3884.989 
1441,2990.619 
1442,2891.208 
1443,3153.083 
1444,2904.189 
1445,3594.476 
1446,3376.507 
1447,2989.869 
1448,3185.251 
1449,3396.435 
1450,3544.800 
1451,3975.951 
1452,3136.171 
1453,3515.058 
1454,2612.196 
1455,3693.770 
1456,3049.364 
1457,3146.935 
1458,2801.833 
1459,1970.485 
1460,2971.442 
1461,2837.352 
1462,3126.562 
1463,3308.918 
1464,3257.877 
1465,3147.566 
1466,2964.519 
1467,3259.327 
1468,2702.857 
1469,3296.838 
1470,2669.534 
1471,2563.991 
1472,2976.847 
1473,3365.757 
1474,3629.859 
1475,3354.152 
1476,3007.321 
1477,2912.097 
1478,3493.459 
1479,2416.589 
1480,2713.797 
1481,3017.160 
1482,3693.686 
1483,2680.655 
1484,2622.934 
1485,2822.657 
1486,3412.587 
1487,2722.317 
1488,2857.773 
1489,2437.501 
1490,2881.922 
1491,2278.188 
1492,3515.348 
1493,3025.188 
1494,2839.361 
1495,2781.472 
1496,3268.420 
1497,3562.642 
1498,2848.516 
1499,2881.315 
1500,3183.747 
1501,3007.865 
1502,2611.323 
1503,3162.702 
1504,3626.305 
1505,2710.963 
1506,3060.470 
1507,2507.633 
1508,2784.731 
1509,3154.684 
1510,3585.116 
1511,2941.935 
1512,2601.710 
1513,3486.502 
1514,2926.424 
1515,2391.109 
1516,3052.030 
1517,2661.882 
1518,3261.166 
1519,2973.065 
1520,3175.092 
1521,2957.041 
1522,2523.006 
1523,2808.098 
1524,2899.184 
1525,2955.073 
1526,2570.269 
1527,2163.107 
1528,2892.129 
1529,2481.117 
1530,3614.196 
1531,3140.303 
1532,3263.061 
1533,2956.545 
1534,3048.177 
1535,2239.682 
1536,3281.777 
1537,2456.053 
1538,3682.692 
1539,2608.791 
1540,2593.178 
1541,2052.370 
1542,3279.688 
1543,2872.352 
1544,4169.286 
1545,3193.834 
1546,2739.573 
1547,3260.117 
1548,1747.113 
1549,3014.177 
1550,3043.720 
1551,2578.198 
1552,2878.921 
1553,2321.388 
1554,2919.629 
1555,2677.655 
1556,2391.072 
1557,3372.157 
1558,2491.646 
1559,2735.828 
1560,3272.740 
1561,2798.686 
1562,2323.829 
1563,2725.140 
1564,2134.195 
1565,3294.946 
1566,2519.787 
1567,3105.014 
1568,2621.869 
1569,2107.610 
1570,2623.311 
1571,2465.113 
1572,2691.256 
1573,2947.514 
1574,2994.083 
1575,3080.219 
1576,2981.565 
1577,2119.409 
1578,2441.986 
1579,2328.161 
1580,2790.362 
1581,2486.195 
1582,2134.941 
1583,3240.734 
1584,2822.713 
1585,2630.496 
1586,2864.397 
1587,2605.760 
1588,2574.058 
1589,2894.018 
1590,2290.563 
1591,3298.165 
1592,2583.562 
1593,2636.729 
1594,2401.433 
1595,2702.013 
1596,2258.599 
1597,3103.946 
1598,1999.300 
1599,2046.562 
1600,2457.577 
1601,2107.510 
1602,2361.234 
1603,2324.594 
1604,2110.200 
1605,2497.793 
1606,2331.501 
1607,2808.246 
1608,1828.164 
1609,2653.905 
1610,3049.683 
1611,2540.521 
1612,2562.807 
1613,2477.015 
1614,2385.684 
1615,2186.049 
1616,1889.211 
1617,2283.633 
1618,2253.176 
1619,2794.073 
1620,2095.056 
1621,2963.243 
1622,1968.417 
1623,2209.984 
1624,2222.421 
1625,2807.318 
1626,2613.924 
1627,2320.027 
1628,2309.113 
1629,1794.317 
1630,2151.953 
1631,2633.216 
1632,2560.643 
1633,2160.891 
1634,2147.017 
1635,2550.099 
1636,2479.531 
1637,2193.399 
1638,2593.234 
1639,2538.937 
1640,2682.389 
1641,2440.441 
1642,2130.907 
1643,2447.077 
1644,2075.238 
1645,2397.696 
1646,2123.829 
1647,2138.299 
1648,1723.150 
1649,1708.069 
1650,2089.942 
1651,2047.017 
1652,2372.941 
1653,2132.547 
1654,2134.145 
1655,2183.118 
1656,2040.857 
1657,2475.298 
1658,2584.280 
1659,2127.222 
1660,2025.486 
1661,2242.524 
1662,2704.330 
1663,2222.201 
1664,2179.316 
1665,2013.366 
1666,1836.467 
1667,2266.535 
1668,2701.577 
1669,2174.607 
1670,2260.869 
1671,2716.416 
1672,1937.245 
1673,2353.518 
1674,2030.425 
1675,2334.796 
1676,2134.661 
1677,2358.230 
1678,2353.600 
1679,2527.408 
1680,1980.658 
1681,2336.032 
1682,2311.377 
1683,2064.676 
1684,2453.133 
1685,2087.917 
1686,1613.091 
1687,1584.130 
1688,1935.643 
1689,1558.094 
1690,2677.942 
1691,2794.477 
1692,1970.481 
1693,1911.089 
1694,2350.497 
1695,2306.475 
1696,1911.525 
1697,1758.586 
1698,2385.471 
1699,2344.021 
1700,1684.892 
1701,1851.130 
1702,1863.090 
1703,1558.207 
1704,1149.380 
1705,2146.692 
1706,1713.352 
1707,1905.052 
1708,2067.315 
1709,1863.813 
1710,1749.183 
1711,2126.060 
1712,1569.651 
1713,1722.271 
1714,2167.419 
1715,1926.252 
1716,2194.672 
1717,2066.441 
1718,2138.783 
1719,1607.040 
1720,1403.858 
1721,2251.271 
1722,1328.799 
1723,1597.325 
1724,2132.800 
1725,2215.902 
1726,2514.090 
1727,1678.033 
1728,2349.780 
1729,1636.334 
1730,1685.798 
1731,2080.425 
1732,1647.781 
1733,1526.577 
1734,1946.731 
1735,2530.679 
1736,1740.610 
1737,1818.819 
1738,2195.338 
1739,1716.305 
1740,2138.511 
1741,2170.270 
1742,2018.221 
1743,2063.956 
1744,1991.325 
1745,1314.303 
1746,1571.769 
1747,1904.559 
1748,1660.087 
1749,1736.376 
1750,1621.476 
1751,1565.347 
1752,1559.182 
1753,1824.344 
1754,1841.073 
1755,1700.911 
1756,1848.697 
1757,1329.591 
1758,1695.376 
1759,1848.729 
1760,1822.226 
1761,1829.538 
1762,1485.357 
1763,2083.769 
1764,1320.980 
1765,1724.802 
1766,1409.013 
1767,1720.563 
1768,1411.611 
1769,2022.832 
1770,1885.229 
1771,1804.248 
1772,1483.335 
1773,1788.546 
1774,1758.057 
1775,1565.517 
1776,1412.475 
1777,1638.127 
1778,2067.689 
1779,1710.523 
1780,1917.789 
1781,1540.597 
1782,1964.128 
1783,1158.220 
1784,1667.946 
1785,955.987 
1786,1641.987 
1787,1037.399 
1788,1559.170 
1789,1762.019 
1790,1942.946 
1791,1757.739 
1792,2036.501 
1793,1757.234 
1794,1756.046 
1795,1750.913 
1796,1740.936 
1797,1669.678 
1798,1849.826 
1799,1442.891 
1800,1152.958 
1801,1181.043 
1802,1739.951 
1803,1486.627 
1804,1091.772 
1805,1556.904 
1806,1692.703 
1807,1647.937 
1808,1184.632 
1809,1913.456 
1810,1572.073 
1811,1506.173 
1812,2069.377 
1813,1677.208 
1814,1662.510 
1815,1667.783 
1816,1763.068 
1817,1866.282 
1818,1832.037 
1819,1006.652 
1820,1627.766 
1821,1078.765 
1822,1700.833 
1823,1311.396 
1824,1425.367 
1825,1786.299 
1826,1357.680 
1827,1551.188 
1828,987.221 
1829,1498.770 
1830,1457.318 
1831,1631.132 
1832,1560.240 
1833,1398.196 
1834,1406.397 
1835,1334.646 
1836,1244.986 
1837,1009.044 
1838,1381.344 
1839,1226.073 
1840,1133.269 
1841,1769.193 
1842,1538.026 
1843,1195.784 
1844,1340.777 
1845,1493.534 
1846,1236.506 
1847,1193.960 
1848,1474.179 
1849,1606.196 
1850,1312.043 
1851,1382.157 
1852,1380.162 
1853,1434.538 
1854,1475.011 
1855,1399.706 
1856,1235.503 
1857,1927.020 
1858,1002.969 
1859,1348.597 
1860,1725.534 
1861,1072.686 
1862,1363.237 
1863,1675.155 
1864,1214.221 
1865,1397.425 
1866,1234.662 
1867,1407.248 
1868,1748.010 
1869,1327.312 
1870,1105.891 
1871,1154.435 
1872,1707.135 
1873,1548.498 
1874,1259.043 
1875,995.588 
1876,1169.628 
1877,1193.424 
1878,1465.068 
1879,1038.703 
1880,1041.985 
1881,1626.748 
1882,1549.499 
1883,1101.661 
1884,1357.108 
1885,1112.394 
1886,1071.507 
1887,1156.823 
1888,1344.031 
1889,1196.239 
1890,938.398 
1891,1124.787 
1892,857.796 
1893,1651.072 
1894,1121.854 
1895,1687.731 
1896,1621.932 
1897,1108.094 
1898,1575.644 
1899,957.877 
1900,1451.088 
1901,1262.361 
1902,1305.081 
1903,937.455 
1904,1122.711 
1905,1060.000 
1906,1065.085 
1907,1599.882 
1908,960.318 
1909,1222.882 
1910,1452.692 
1911,1210.947 
1912,1206.235 
1913,1141.225 
1914,1484.835 
1915,700.055 
1916,738.844 
1917,968.864 
1918,1033.901 
1919,1343.461 
1920,1356.145 
1921,1090.085 
1922,1031.993 
1923,1344.757 
1924,1369.087 
1925,770.080 
1926,935.768 
1927,992.302 
1928,1514.825 
1929,859.395 
1930,960.113 
1931,1108.080 
1932,1173.529 
1933,1024.602 
1934,1135.023 
1935,980.860 
1936,962.924 
1937,1043.610 
1938,1382.070 
1939,1216.888 
1940,1060.279 
1941,1365.983 
1942,1065.836 
1943,1059.832 
1944,1325.292 
1945,1095.860 
1946,1015.222 
1947,753.937 
1948,1123.786 
1949,1184.636 
1950,1150.612 
1951,970.368 
1952,920.810 
1953,1084.581 
1954,1211.584 
1955,1441.967 
1956,1121.435 
1957,1336.924 
1958,768.634 
1959,1204.935 
1960,1004.978 
1961,950.044 
1962,1150.017 
1963,1136.093 
1964,858.034 
1965,605.538 
1966,1342.972 
1967,760.923 
1968,1302.256 
1969,1153.702 
1970,1020.526 
1971,819.846 
1972,922.225 
1973,1141.698 
1974,1328.072 
1975,1040.042 
1976,1153.229 
1977,954.267 
1978,1105.527 
1979,770.143 
1980,1031.224 
1981,795.277 
1982,619.040 
1983,747.925 
1984,1111.274 
1985,1184.880 
1986,1035.760 
1987,766.982 
1988,807.414 
1989,1088.968 
1990,698.609 
1991,755.449 
1992,1223.272 
1993,883.288 
1994,968.078 
1995,893.545 
1996,928.854 
1997,872.147 
1998,639.477 
1999,1057.877 
2000,719.698 
2001,955.732 
2002,1073.538 
2003,1024.095 
2004,645.475 
2005,1079.828 
2006,1149.673 
2007,902.949 
2008,1065.133 
2009,951.064 
2010,1143.193 
2011,782.773 
2012,657.135 
2013,746.916 
2014,900.156 
2015,933.719 
2016,700.960 
2017,774.050 
2018,1088.506 
2019,656.001 
2020,667.593 
2021,948.302 
2022,918.234 
2023,920.217 
2024,749.649 
2025,713.467 
2026,1005.327 
2027,632.993 
2028,872.151 
2029,705.463 
2030,567.889 
2031,802.717 
2032,720.888 
2033,922.556 
2034,788.597 
2035,974.886 
2036,839.070 
2037,832.534 
2038,849.858 
2039,803.756 
2040,891.526 
2041,620.501 
2042,804.015 
2043,667.378 
2044,744.202 
2045,819.763 
2046,788.676 
2047,729.151 
2048,691.612 
2049,946.010 
2050,794.729 
2051,842.810 
2052,693.062 
2053,673.595 
2054,824.688 
2055,951.889 
2056,836.725 
2057,653.150 
2058,742.213 
2059,547.608 
2060,978.567 
2061,570.425 
2062,951.491 
2063,823.813 
2064,656.875 
2065,632.672 
2066,504.872 
2067,995.957 
2068,642.728 
2069,822.664 
2070,1078.839 
2071,771.394 
2072,898.901 
2073,640.768 
2074,704.904 
2075,829.709 
2076,545.804 
2077,618.725 
2078,680.671 
2079,971.275 
2080,905.329 
2081,595.177 
2082,1010.494 
2083,633.126 
2084,910.591 
2085,564.065 
2086,720.582 
2087,720.335 
2088,559.755 
2089,564.629 
2090,847.146 
2091,653.724 
2092,561.017 
2093,599.019 
2094,629.601 
2095,722.667 
2096,798.947 
2097,770.094 
2098,839.637 
2099,804.462 
2100,1081.801 
2101,629.752 
2102,730.014 
2103,534.821 
2104,542.276 
2105,662.751 
2106,857.720 
2107,784.061 
2108,825.840 
2109,618.370 
2110,654.909 
2111,647.893 
2112,490.773 
2113,695.285 
2114,1118.343 
2115,570.938 
2116,802.996 
2117,522.208 
2118,850.971 
2119,541.337 
2120,964.667 
2121,509.118 
2122,689.348 
2123,782.426 
2124,838.658 
2125,716.294 
2126,680.556 
2127,620.900 
2128,600.908 
2129,514.918 
2130,549.177 
2131,507.487 
2132,589.147 
2133,517.674 
2134,869.129 
2135,460.733 
2136,739.872 
2137,597.832 
2138,546.179 
2139,648.367 
2140,509.806 
2141,754.929 
2142,795.974 
2143,880.828 
2144,538.515 
2145,578.898 
2146,399.509 
2147,653.703 
2148,1056.549 
2149,515.622 
2150,548.150 
2151,461.922 
2152,502.195 
2153,547.911 
2154,577.469 
2155,509.301 
2156,452.310 
2157,497.005 
2158,543.041 
2159,648.539 
2160,426.379 
2161,872.322 
2162,618.041 
2163,588.283 
2164,576.716 
2165,668.028 
2166,496.868 
2167,492.337 
2168,699.193 
2169,625.540 
2170,422.068 
2171,558.469 
2172,528.742 
2173,585.414 
2174,632.400 
2175,563.515 
2176,608.118 
2177,790.454 
2178,655.276 
2179,379.406 
2180,566.206 
2181,728.632 
2182,625.909 
2183,648.150 
2184,647.829 
2185,790.929 
2186,414.181 
2187,471.258 
2188,624.126 
2189,560.744 
2190,419.941 
2191,452.974 
2192,449.355 
2193,566.973 
2194,748.005 
2195,350.759 
2196,364.186 
2197,556.321 
2198,389.839 
2199,635.173 
2200,540.481 
2201,646.774 
2202,520.039 
2203,774.309 
2204,533.802 
2205,484.222 
2206,531.999 
2207,805.311 
2208,719.345 
2209,588.760 
2210,820.026 
2211,559.074 
2212,722.749 
2213,450.136 
2214,348.545 
2215,407.175 
2216,471.095 
2217,528.763 
2218,561.419 
2219,505.983 
2220,648.950 
2221,674.505 
2222,585.645 
2223,653.263 
2224,544.595 
2225,603.057 
2226,754.156 
2227,595.181 
2228,570.289 
2229,530.097 
2230,513.454 
2231,533.905 
2232,712.734 
2233,474.771 
2234,487.170 
2235,481.920 
2236,517.688 
2237,576.894 
2238,428.993 
2239,405.984 
2240,335.478 
2241,373.780 
2242,401.141 
2243,491.779 
2244,425.236 
2245,507.699 
2246,382.717 
2247,519.674 
2248,361.380 
2249,501.266 
2250,304.989 
2251,418.000 
2252,410.741 
2253,664.440 
2254,601.357 
2255,536.161 
2256,318.596 
2257,658.820 
2258,541.962 
2259,622.581 
2260,586.263 
2261,359.603 
2262,379.810 
2263,446.072 
2264,487.266 
2265,670.148 
2266,401.617 
2267,466.819 
2268,536.382 
2269,653.940 
2270,625.198 
2271,429.427 
2272,453.439 
2273,490.442 
2274,483.615 
2275,450.408 
2276,555.044 
2277,419.938 
2278,363.571 
2279,586.319 
2280,361.034 
2281,524.971 
2282,514.948 
2283,408.274 
2284,572.112 
2285,343.477 
2286,291.111 
2287,347.904 
2288,498.401 
2289,493.352 
2290,444.958 
2291,409.943 
2292,477.106 
2293,423.640 
2294,545.159 
2295,487.270 
2296,391.296 
2297,480.443 
2298,374.379 
2299,513.320 
2300,567.394 
2301,415.503 
2302,640.063 
2303,501.203 
2304,325.765 
2305,639.061 
2306,436.646 
2307,244.189 
2308,398.612 
2309,255.412 
2310,382.688 
2311,458.551 
2312,438.412 
2313,477.159 
2314,465.907 
2315,550.130 
2316,686.127 
2317,472.770 
2318,635.447 
2319,525.063 
2320,506.550 
2321,519.666 
2322,455.011 
2323,481.320 
2324,507.467 
2325,370.445 
2326,536.400 
2327,334.451 
2328,559.467 
2329,536.277 
2330,473.743 
2331,617.618 
2332,676.271 
2333,383.552 
2334,524.360 
2335,457.083 
2336,672.526 
2337,547.135 
2338,349.570 
2339,504.161 
2340,562.274 
2341,412.300 
2342,657.060 
2343,443.748 
2344,391.929 
2345,255.716 
2346,550.791 
2347,350.481 
2348,503.671 
2349,697.241 
2350,565.717 
2351,394.514 
2352,483.500 
2353,385.714 
2354,409.756 
2355,420.315 
2356,543.436 
2357,392.170 
2358,543.204 
2359,363.096 
2360,720.769 
2361,760.324 
2362,374.628 
2363,497.815 
2364,409.872 
2365,561.440 
2366,273.118 
2367,349.242 
2368,506.894 
2369,420.927 
2370,548.966 
2371,393.126 
2372,546.763 
2373,457.386 
2374,455.914 
2375,291.101 
2376,526.881 
2377,519.861 
2378,424.109 
2379,657.983 
2380,519.021 
2381,294.595 
2382,388.906 
2383,435.393 
2384,370.749 
2385,570.620 
2386,555.187 
2387,389.052 
2388,522.309 
2389,322.636 
2390,642.579 
2391,420.845 
2392,546.092 
2393,495.220 
2394,620.188 
2395,345.552 
2396,416.124 
2397,499.579 
2398,508.346 
2399,416.151 
2400,449.636 
2401,305.712 
2402,466.526 
2403,583.410 
2404,388.797 
2405,539.158 
2406,534.578 
2407,512.608 
2408,629.682 
2409,355.998 
2410,495.512 
2411,398.590 
2412,445.102 
2413,502.664 
2414,515.225 
2415,459.507 
2416,484.545 
2417,508.887 
2418,375.312 
2419,481.313 
2420,334.130 
2421,487.849 
2422,398.760 
2423,438.535 
2424,314.010 
2425,244.543 
2426,249.540 
2427,522.601 
2428,382.650 
2429,414.634 
2430,512.916 
2431,356.014 
2432,470.295 
2433,522.214 
2434,551.829 
2435,474.527 
2436,305.498 
2437,469.415 
2438,403.832 
2439,622.487 
2440,348.647 
2441,192.086 
2442,425.633 
2443,483.407 
2444,605.786 
2445,459.295 
2446,424.212 
2447,434.104 
2448,353.863 
2449,528.791 
2450,536.041 
2451,506.248 
2452,327.177 
2453,485.826 
2454,609.752 
2455,534.139 
2456,388.260 
2457,508.646 
2458,454.467 
2459,401.089 
2460,445.413 
2461,443.371 
2462,554.894 
2463,334.180 
2464,265.175 
2465,516.339 
2466,494.672 
2467,438.296 
2468,382.835 
2469,576.147 
2470,395.616 
2471,359.805 
2472,420.770 
2473,524.125 
2474,365.143 
2475,546.907 
2476,404.709 
2477,357.858 
2478,448.863 
2479,480.102 
2480,424.425 
2481,301.497 
2482,441.255 
2483,365.816 
2484,374.490 
2485,433.640 
2486,420.598 
2487,373.977 
2488,360.441 
2489,459.883 
2490,380.744 
2491,642.655 
2492,517.651 
2493,305.109 
2494,345.430 
2495,544.752 
2496,338.508 
2497,325.247 
2498,395.857 
2499,474.564 
2500,400.851 
2501,444.964 
2502,401.059 
2503,527.867 
2504,396.906 
2505,395.768 
2506,471.391 
2507,559.903 
2508,507.122 
2509,430.568 
2510,351.046 
2511,310.402 
2512,286.332 
2513,532.653 
2514,492.133 
2515,406.355 
2516,398.882 
2517,400.749 
2518,554.100 
2519,374.219 
2520,507.200 
2521,325.007 
2522,291.099 
2523,400.217 
2524,412.783 
2525,476.395 
2526,388.632 
2527,494.684 
2528,359.826 
2529,325.140 
2530,460.054 
2531,577.423 
2532,333.482 
2533,310.195 
2534,329.204 
2535,416.631 
2536,537.433 
2537,486.319 
2538,455.095 
2539,439.645 
2540,477.309 
2541,408.433 
2542,378.917 
2543,555.508 
2544,535.629 
2545,480.260 
2546,458.234 
2547,607.459 
2548,428.821 
2549,452.692 
2550,401.184 
2551,445.208 
2552,495.257 
2553,417.848 
2554,337.127 
2555,400.778 
2556,626.286 
2557,352.064 
2558,276.797 
2559,381.078 
2560,446.819 
2561,531.076 
2562,574.457 
2563,463.216 
2564,619.800 
2565,438.074 
2566,579.657 
2567,317.572 
2568,470.800 
2569,441.461 
2570,436.302 
2571,601.123 
2572,408.968 
2573,506.845 
2574,353.067 
2575,399.895 
2576,474.511 
2577,407.609 
2578,581.336 
2579,455.452 
2580,497.426 
2581,570.067 
2582,591.224 
2583,390.391 
2584,299.576 
2585,325.122 
2586,495.607 
2587,539.482 
2588,451.275 
2589,355.358 
2590,505.164 
2591,291.059 
2592,328.536 
2593,430.932 
2594,560.876 
2595,468.063 
2596,483.400 
2597,517.361 
2598,364.190 
2599,369.004 
2600,526.299 
2601,347.677 
2602,495.871 
2603,378.577 
2604,431.611 
2605,256.333 
2606,314.273 
2607,371.566 
2608,380.860 
2609,543.475 
2610,276.493 
2611,380.842 
2612,376.738 
2613,497.068 
2614,629.799 
2615,508.614 
2616,391.353 
2617,472.645 
2618,373.739 
2619,434.201 
2620,577.844 
2621,473.681 
2622,548.800 
2623,457.711 
2624,396.671 
2625,419.804 
2626,405.406 
2627,379.761 
2628,404.443 
2629,581.315 
2630,356.929 
2631,497.996 
2632,433.677 
2633,427.463 
2634,471.408 
2635,370.329 
2636,529.676 
2637,437.595 
2638,373.702 
2639,502.045 
2640,377.122 
2641,459.386 
2642,463.293 
2643,475.570 
2644,497.047 
2645,462.663 
2646,331.868 
2647,461.454 
2648,334.449 
2649,398.328 
2650,427.767 
2651,478.713 
2652,383.508 
2653,369.073 
2654,396.491 
2655,363.446 
2656,448.979 
2657,631.936 
2658,408.706 
2659,508.086 
2660,311.677 
2661,422.596 
2662,363.249 
2663,440.517 
2664,539.641 
2665,298.122 
2666,694.296 
2667,405.525 
2668,514.729 
2669,476.331 
2670,585.905 
2671,454.916 
2672,312.189 
2673,323.235 
2674,381.924 
2675,465.734 
2676,447.276 
2677,406.629 
2678,510.331 
2679,469.156 
2680,461.247 
2681,442.502 
2682,380.191 
2683,428.434 
2684,527.002 
2685,395.175 
2686,336.138 
2687,421.099 
2688,246.040 
2689,425.889 
2690,523.126 
2691,449.723 
2692,403.535 
2693,414.562 
2694,441.290 
2695,327.895 
2696,543.809 
2697,383.892 
2698,414.113 
2699,585.208 
2700,512.715 
2701,409.978 
2702,435.074 
2703,371.107 
2704,458.734 
2705,385.141 
2706,406.608 
2707,292.240 
2708,469.306 
2709,462.406 
2710,494.378 
2711,454.368 
2712,582.977 
2713,456.478 
2714,429.868 
2715,607.036 
2716,412.965 
2717,429.612 
2718,350.468 
2719,579.158 
2720,539.814 
2721,317.837 
2722,412.738 
2723,530.816 
2724,361.255 
2725,446.341 
2726,493.950 
2727,428.340 
2728,465.438 
2729,548.913 
2730,377.459 
2731,269.009 
2732,690.991 
2733,417.922 
2734,405.105 
2735,393.889 
2736,456.427 
2737,408.671 
2738,412.838 
2739,547.466 
2740,498.399 
2741,449.333 
2742,459.708 
2743,563.147 
2744,368.942 
2745,660.565 
2746,317.941 
2747,417.514 
2748,409.671 
2749,523.295 
2750,296.810 
2751,550.459 
2752,466.703 
2753,462.181 
2754,315.196 
2755,296.008 
2756,413.788 
2757,352.214 
2758,453.454 
2759,333.565 
2760,452.297 
2761,400.317 
2762,327.082 
2763,503.930 
2764,432.535 
2765,428.243 
2766,400.822 
2767,447.239 
2768,342.356 
2769,580.415 
2770,321.946 
2771,621.097 
2772,508.249 
2773,384.732 
2774,539.067 
2775,422.598 
2776,567.427 
2777,378.448 
2778,437.039 
2779,511.082 
2780,452.165 
2781,415.227 
2782,516.987 
2783,626.868 
2784,386.938 
2785,564.570 
2786,473.844 
2787,562.018 
2788,348.295 
2789,548.396 
2790,461.534 
2791,344.763 
2792,323.461 
2793,327.153 
2794,490.693 
2795,465.300 
2796,477.350 
2797,478.307 
2798,396.043 
2799,539.681 
2800,421.100 
2801,554.296 
2802,280.409 
2803,460.552 
2804,481.544 
2805,398.996 
2806,564.495 
2807,328.919 
2808,427.048 
2809,299.162 
2810,233.346 
2811,271.958 
2812,419.035 
2813,482.813 
2814,556.925 
2815,379.755 
2816,514.784 
2817,443.584 
2818,512.180 
2819,337.802 
2820,689.736 
2821,375.993 
2822,508.303 
2823,402.755 
2824,459.071 
2825,508.664 
2826,462.230 
2827,416.286 
2828,428.652 
2829,546.550 
2830,544.778 
2831,659.947 
2832,467.082 
2833,270.638 
2834,411.152 
2835,398.877 
2836,580.564 
2837,332.187 
2838,594.204 
2839,347.470 
2840,355.634 
2841,420.989 
2842,508.332 
2843,531.167 
2844,381.504 
2845,488.645 
2846,227.882 
2847,433.149 
2848,421.203 
2849,453.571 
2850,485.551 
2851,551.815 
2852,322.446 
2853,423.641 
2854,531.456 
2855,349.514 
2856,363.664 
2857,476.411 
2858,522.647 
2859,433.766 
2860,426.275 
2861,579.399 
2862,503.883 
2863,558.159 
2864,464.668 
2865,428.458 
2866,451.091 
2867,618.772 
2868,522.097 
2869,458.860 
2870,567.846 
2871,411.061 
2872,500.508 
2873,573.676 
2874,442.872 
2875,453.962 
2876,452.459 
2877,408.733 
2878,580.694 
2879,437.369 
2880,535.606 
2881,439.419 
2882,449.927 
2883,493.694 
2884,587.698 
2885,351.861 
2886,586.482 
2887,352.134 
2888,525.377 
2889,455.025 
2890,504.135 
2891,529.062 
2892,489.749 
2893,385.115 
2894,392.985 
2895,378.161 
2896,425.245 
2897,472.714 
2898,504.195 
2899,376.016 
2900,404.849 
2901,464.455 
2902,434.441 
2903,357.269 
2904,558.173 
2905,473.191 
2906,401.912 
2907,374.731 
2908,370.979 
2909,473.038 
2910,332.942 
2911,407.737 
2912,420.275 
2913,340.761 
2914,536.460 
2915,377.690 
2916,509.853 
2917,358.638 
2918,364.937 
2919,563.321 
2920,441.686 
2921,435.307 
2922,546.014 
2923,389.894 
2924,546.447 
2925,478.670 
2926,445.646 
2927,384.691 
2928,489.471 
2929,311.700 
2930,386.848 
2931,365.521 
2932,478.456 
2933,500.538 
2934,326.987 
2935,308.480 
2936,578.586 
2937,524.623 
2938,303.089 
2939,423.062 
2940,355.511 
2941,575.261 
2942,552.385 
2943,436.302 
2944,412.894 
2945,509.251 
2946,348.653 
2947,360.105 
2948,314.630 
2949,432.523 
2950,472.186 
2951,452.703 
2952,277.120 
2953,516.096 
2954,452.362 
2955,410.356 
2956,515.782 
2957,430.986 
2958,627.609 
2959,532.637 
2960,436.366 
2961,540.188 
2962,409.563 
2963,357.550 
2964,370.198 
2965,441.116 
2966,545.693 
2967,539.740 
2968,537.538 
2969,427.856 
2970,497.376 
2971,456.579 
2972,542.161 
2973,518.848 
2974,401.791 
2975,561.073 
2976,388.914 
2977,560.128 
2978,407.567 
2979,456.633 
2980,338.406 
2981,460.389 
2982,442.003 
2983,507.609 
2984,222.684 
2985,543.495 
2986,490.579 
2987,317.413 
2988,515.591 
2989,435.813 
2990,520.387 
2991,491.193 
2992,421.059 
2993,396.552 
2994,434.125 
2995,499.555 
2996,518.079 
2997,452.684 
2998,428.595 
2999,397.756 
3000,488.109 
3001,449.906 
3002,412.420 
3003,472.174 
3004,462.639 
3005,534.437 
3006,498.708 
3007,432.158 
3008,477.584 
3009,246.864 
3010,364.062 
3011,384.848 
3012,292.389 
3013,369.271 
3014,272.003 
3015,345.547 
3016,600.737 
3017,453.483 
3018,414.067 
3019,568.411 
3020,366.167 
3021,409.844 
3022,387.470 
3023,556.742 
3024,294.878 
3025,415.564 
3026,223.047 
3027,558.135 
3028,412.977 
3029,331.657 
3030,311.390 
3031,362.636 
3032,409.073 
3033,382.740 
3034,366.628 
3035,672.651 
3036,471.469 
3037,435.619 
3038,588.709 
3039,485.370 
3040,440.761 
3041,603.341 
3042,362.385 
3043,340.393 
3044,353.804 
3045,359.962 
3046,448.109 
3047,318.400 
3048,491.895 
3049,461.362 
3050,539.397 
3051,595.722 
3052,320.329 
3053,510.019 
3054,584.120 
3055,310.225 
3056,295.812 
3057,454.078 
3058,392.008 
3059,487.391 
3060,667.191 
3061,315.967 
3062,550.151 
3063,474.181 
3064,326.997 
3065,672.157 
3066,375.695 
3067,322.427 
3068,507.707 
3069,574.887 
3070,372.838 
3071,357.951 
3072,385.480 
3073,373.923 
3074,514.893 
3075,425.188 
3076,539.777 
3077,415.485 
3078,613.162 
3079,461.003 
3080,407.592 
3081,383.082 
3082,409.589 
3083,527.123 
3084,390.981 
3085,408.835 
3086,554.035 
3087,431.904 
3088,502.130 
3089,414.132 
3090,587.275 
3091,500.821 
3092,469.451 
3093,506.772 
3094,436.023 
3095,573.925 
3096,518.882 
3097,533.986 
3098,299.800 
3099,398.464 
3100,303.001 
3101,472.949 
3102,433.503 
3103,463.212 
3104,322.013 
3105,275.348 
3106,351.878 
3107,293.763 
3108,584.004 
3109,620.606 
3110,469.635 
3111,361.547 
3112,499.415 
3113,450.892 
3114,546.165 
3115,506.525 
3116,330.560 
3117,494.531 
3118,302.416 
3119,343.298 
3120,448.411 
3121,380.332 
3122,347.558 
3123,415.985 
3124,394.477 
3125,561.929 
3126,451.573 
3127,408.321 
3128,717.818 
3129,504.811 
3130,621.520 
3131,374.544 
3132,424.159 
3133,482.692 
3134,402.133 
3135,402.982 
3136,471.427 
3137,381.221 
3138,470.186 
3139,355.054 
3140,462.176 
3141,480.151 
3142,412.576 
3143,462.975 
3144,425.696 
3145,400.165 
3146,480.730 
3147,425.890 
3148,386.906 
3149,238.482 
3150,431.642 
3151,599.376 
3152,526.848 
3153,320.190 
3154,584.153 
3155,418.729 
3156,463.549 
3157,662.063 
3158,628.007 
3159,477.925 
3160,374.412 
3161,445.354 
3162,623.952 
3163,361.102 
3164,271.310 
3165,388.920 
3166,600.691 
3167,469.278 
3168,422.845 
3169,501.966 
3170,458.798 
3171,384.071 
3172,373.913 
3173,447.192 
3174,383.358 
3175,406.529 
3176,396.025 
3177,369.900 
3178,393.832 
3179,433.884 
3180,346.812 
3181,399.997 
3182,459.573 
3183,378.608 
3184,321.088 
3185,688.024 
3186,343.434 
3187,527.754 
3188,319.857 
3189,420.795 
3190,375.485 
3191,450.062 
3192,458.783 
3193,344.508 
3194,424.453 
3195,455.959 
3196,320.418 
3197,641.150 
3198,522.293 
3199,318.496 
3200,350.225 
3201,370.069 
3202,579.676 
3203,483.623 
3204,406.122 
3205,401.060 
3206,459.782 
3207,451.824 
3208,515.676 
3209,407.819 
3210,454.502 
3211,686.114 
3212,460.194 
3213,455.418 
3214,355.859 
3215,494.381 
3216,433.837 
3217,612.749 
3218,395.998 
3219,490.680 
3220,429.832 
3221,410.912 
3222,361.552 
3223,428.569 
3224,415.893 
3225,312.681 
3226,423.886 
3227,398.304 
3228,552.120 
3229,490.028 
3230,584.120 
3231,265.823 
3232,582.216 
3233,518.479 
3234,495.744 
3235,433.001 
3236,353.047 
3237,373.687 
3238,653.235 
3239,258.818 
3240,493.130 
3241,482.164 
3242,219.488 
3243,429.865 
3244,323.229 
3245,500.037 
3246,502.457 
3247,498.716 
3248,520.173 
3249,301.289 
3250,414.544 
3251,310.224 
3252,501.577 
3253,387.656 
3254,355.562 
3255,490.258 
3256,589.655 
3257,540.589 
3258,395.050 
3259,547.827 
3260,579.297 
3261,399.469 
3262,414.179 
3263,410.231 
3264,384.505 
3265,718.515 
3266,533.304 
3267,594.492 
3268,460.185 
3269,491.652 
3270,506.469 
3271,353.383 
3272,643.513 
3273,473.881 
3274,470.127 
3275,563.587 
3276,415.548 
3277,300.917 
3278,529.653 
3279,731.084 
3280,452.658 
3281,497.656 
3282,481.723 
3283,469.028 
3284,316.896 
3285,313.588 
3286,394.132 
3287,383.869 
3288,576.690 
3289,220.114 
3290,412.444 
3291,383.491 
3292,636.475 
3293,588.504 
3294,476.459 
3295,473.078 
3296,430.190 
3297,399.819 
3298,461.361 
3299,414.920 
3300,417.418 
3301,452.956 
3302,292.672 
3303,409.244 
3304,423.194 
3305,516.249 
3306,468.786 
3307,319.728 
3308,470.545 
3309,278.887 
3310,489.886 
3311,442.710 
3312,357.413 
3313,493.424 
3314,857.509 
3315,392.966 
3316,574.625 
3317,602.830 
3318,311.539 
3319,249.866 
3320,391.048 
3321,348.451 
3322,516.242 
3323,385.377 
3324,323.076 
3325,449.213 
3326,349.082 
3327,370.149 
3328,599.237 
3329,490.349 
3330,376.398 
3331,464.519 
3332,446.371 
3333,357.577 
3334,490.717 
3335,495.773 
3336,523.784 
3337,429.183 
3338,433.115 
3339,350.551 
3340,425.561 
3341,527.828 
3342,428.728 
3343,426.428 
3344,405.165 
3345,385.527 
3346,523.445 
3347,458.208 
3348,468.127 
3349,375.050 
3350,446.875 
3351,376.667 
3352,585.723 
3353,736.078 
3354,357.069 
3355,347.517 
3356,525.346 
3357,385.533 
3358,496.606 
3359,511.976 
3360,441.719 
3361,357.590 
3362,371.654 
3363,445.186 
3364,438.707 
3365,539.719 
3366,492.830 
3367,485.103 
3368,350.119 
3369,457.336 
3370,361.707 
3371,573.117 
3372,357.128 
3373,377.505 
3374,316.919 
3375,285.869 
3376,466.059 
3377,442.456 
3378,628.002 
3379,465.365 
3380,507.488 
3381,455.738 
3382,464.137 
3383,468.724 
3384,499.111 
3385,339.338 
3386,569.844 
3387,590.722 
3388,373.770 
3389,428.253 
3390,507.831 
3391,498.003 
3392,631.540 
3393,551.300 
3394,395.576 
3395,477.740 
3396,418.583 
3397,437.810 
3398,352.015 
3399,480.664 
3400,398.556 
3401,336.002 
3402,468.864 
3403,371.806 
3404,609.239 
3405,249.737 
3406,423.914 
3407,548.810 
3408,442.460 
3409,410.530 
3410,375.462 
3411,456.732 
3412,551.558 
3413,212.394 
3414,303.996 
3415,469.334 
3416,493.394 
3417,643.655 
3418,526.927 
3419,517.143 
3420,370.436 
3421,528.959 
3422,383.482 
3423,478.678 
3424,464.600 
3425,456.975 
3426,284.091 
3427,438.460 
3428,385.436 
3429,576.535 
3430,442.490 
3431,428.372 
3432,564.143 
3433,563.602 
3434,391.994 
3435,469.737 
3436,526.632 
3437,355.157 
3438,518.327 
3439,374.377 
3440,593.236 
3441,447.376 
3442,381.223 
3443,503.587 
3444,442.032 
3445,461.761 
3446,562.905 
3447,449.839 
3448,459.117 
3449,380.659 
3450,378.727 
3451,627.591 
3452,357.703 
3453,329.902 
3454,447.543 
3455,410.171 
3456,542.358 
3457,352.932 
3458,489.428 
3459,422.706 
3460,366.262 
3461,465.305 
3462,524.559 
3463,657.946 
3464,567.617 
3465,432.175 
3466,448.440 
3467,379.500 
3468,436.681 
3469,325.922 
3470,516.263 
3471,457.641 
3472,446.606 
3473,855.924 
3474,520.585 
3475,545.182 
3476,516.200 
3477,323.438 
3478,372.687 
3479,451.978 
3480,382.448 
3481,571.910 
3482,565.860 
3483,384.023 
3484,393.585 
3485,455.003 
3486,535.668 
3487,508.080 
3488,372.520 
3489,400.361 
3490,337.891 
3491,300.469 
3492,507.120 
3493,439.168 
3494,477.987 
3495,446.078 
3496,478.935 
3497,479.690 
3498,437.844 
3499,614.077 
3500,315.699 
3501,481.564 
3502,330.185 
3503,469.494 
3504,468.074 
3505,363.110 
3506,449.066 
3507,356.888 
3508,234.194 
3509,276.021 
3510,474.084 
3511,382.362 
3512,315.413 
3513,338.406 
3514,396.059 
3515,516.407 
3516,338.696 
3517,384.363 
3518,506.631 
3519,470.812 
3520,411.642 
3521,427.084 
3522,314.475 
3523,492.745 
3524,408.971 
3525,361.033 
3526,643.209 
3527,409.158 
3528,701.952 
3529,549.615 
3530,584.718 
3531,607.403 
3532,583.205 
3533,413.850 
3534,427.145 
3535,322.894 
3536,456.738 
3537,442.720 
3538,455.327 
3539,561.387 
3540,409.114 
3541,352.298 
3542,193.513 
3543,583.330 
3544,434.710 
3545,339.676 
3546,353.905 
3547,388.205 
3548,282.998 
3549,332.410 
3550,623.986 
3551,632.400 
3552,308.083 
3553,330.122 
3554,402.798 
3555,639.457 
3556,438.860 
3557,318.831 
3558,563.211 
3559,468.940 
3560,583.311 
3561,372.954 
3562,294.622 
3563,503.679 
3564,475.050 
3565,378.304 
3566,587.152 
3567,472.887 
3568,498.885 
3569,474.860 
3570,388.902 
3571,361.400 
3572,455.655 
3573,647.640 
3574,344.928 
3575,432.185 
3576,443.325 
3577,441.233 
3578,612.643 
3579,401.590 
3580,541.729 
3581,458.438 
3582,511.025 
3583,485.751 
3584,432.073 
3585,419.644 
3586,354.771 
3587,413.060 
3588,497.522 
3589,380.656 
3590,578.621 
3591,367.704 
3592,504.796 
3593,539.974 
3594,382.485 
3595,394.581 
3596,420.775 
3597,505.455 
3598,478.472 
3599,427.872 
3600,409.733 
3601,417.967 
3602,582.007 
3603,564.640 
3604,367.545 
3605,353.146 
3606,420.983 
3607,524.260 
3608,473.195 
3609,354.227 
3610,425.557 
3611,473.699 
3612,434.242 
3613,454.384 
3614,521.393 
3615,224.643 
3616,439.310 
3617,309.917 
3618,406.368 
3619,476.263 
3620,441.405 
3621,364.635 
3622,616.398 
3623,344.246 
3624,376.083 
3625,330.931 
3626,531.799 
3627,359.555 
3628,494.526 
3629,275.361 
3630,600.785 
3631,288.434 
3632,394.747 
3633,351.452 
3634,467.199 
3635,407.576 
3636,405.051 
3637,530.606 
3638,440.780 
3639,545.314 
3640,404.548 
3641,671.595 
3642,483.364 
3643,421.796 
3644,553.455 
3645,439.614 
3646,398.606 
3647,511.037 
3648,364.374 
3649,465.630 
3650,487.824 
3651,431.356 
3652,310.978 
3653,410.675 
3654,477.753 
3655,495.382 
3656,398.424 
3657,449.010 
3658,572.478 
3659,516.894 
3660,373.254 
3661,413.419 
3662,567.672 
3663,545.443 
3664,322.340 
3665,536.389 
3666,353.700 
3667,353.615 
3668,500.340 
3669,545.683 
3670,534.684 
3671,388.220 
3672,460.000 
3673,333.492 
3674,396.742 
3675,350.044 
3676,492.212 
3677,676.320 
3678,455.531 
3679,506.828 
3680,410.006 
3681,367.475 
3682,552.173 
3683,452.853 
3684,416.767 
3685,476.444 
3686,443.143 
3687,309.961 
3688,359.029 
3689,565.803 
3690,451.084 
3691,493.253 
3692,588.518 
3693,457.289 
3694,529.216 
3695,266.215 
3696,696.280 
3697,529.727 
3698,448.490 
3699,461.414 
3700,579.998 
3701,367.738 
3702,406.199 
3703,541.160 
3704,551.081 
3705,249.426 
3706,530.439 
3707,464.185 
3708,359.963 
3709,459.934 
3710,492.319 
3711,475.494 
3712,575.385 
3713,450.911 
3714,497.535 
3715,398.113 
3716,284.036 
3717,554.663 
3718,399.637 
3719,598.645 
3720,317.417 
3721,399.580 
3722,341.722 
3723,587.880 
3724,509.782 
3725,500.355 
3726,567.992 
3727,541.030 
3728,530.233 
3729,453.522 
3730,368.647 
3731,530.681 
3732,304.256 
3733,267.363 
3734,451.915 
3735,416.966 
3736,292.157 
3737,408.733 
3738,447.857 
3739,314.202 
3740,383.634 
3741,492.534 
3742,365.734 
3743,380.104 
3744,384.897 
3745,354.208 
3746,340.065 
3747,589.432 
3748,453.761 
3749,599.620 
3750,462.297 
3751,507.633 
3752,442.935 
3753,427.732 
3754,355.971 
3755,470.322 
3756,424.817 
3757,524.507 
3758,409.547 
3759,373.107 
3760,476.269 
3761,357.631 
3762,285.522 
3763,397.936 
3764,402.916 
3765,600.086 
3766,519.672 
3767,682.471 
3768,270.187 
3769,324.390 
3770,400.471 
3771,422.983 
3772,470.373 
3773,604.351 
3774,456.056 
3775,759.473 
3776,525.614 
3777,464.483 
3778,358.725 
3779,449.946 
3780,564.290 
3781,392.255 
3782,454.303 
3783,603.396 
3784,502.070 
3785,567.587 
3786,501.531 
3787,526.569 
3788,456.624 
3789,411.018 
3790,469.016 
3791,502.785 
3792,280.541 
3793,527.507 
3794,592.527 
3795,368.431 
3796,388.685 
3797,436.049 
3798,439.263 
3799,305.763 
3800,457.036 
3801,400.689 
3802,396.602 
3803,443.541 
3804,363.719 
3805,504.786 
3806,226.095 
3807,590.279 
3808,558.068 
3809,552.307 
3810,367.887 
3811,456.699 
3812,509.796 
3813,412.656 
3814,344.090 
3815,427.961 
3816,472.054 
3817,435.112 
3818,422.308 
3819,474.044 
3820,351.337 
3821,560.184 
3822,418.639 
3823,187.792 
3824,434.928 
3825,465.676 
3826,576.670 
3827,446.360 
3828,484.122 
3829,739.612 
3830,503.604 
3831,490.213 
3832,404.794 
3833,676.982 
3834,518.709 
3835,618.582 
3836,508.221 
3837,490.165 
3838,435.500 
3839,427.592 
3840,528.835 
3841,458.041 
3842,467.109 
3843,533.056 
3844,582.928 
3845,392.957 
3846,526.762 
3847,441.727 
3848,357.421 
3849,450.301 
3850,350.699 
3851,475.002 
3852,491.413 
3853,387.259 
3854,507.192 
3855,392.761 
3856,439.146 
3857,373.056 
3858,569.858 
3859,473.455 
3860,600.018 
3861,650.245 
3862,630.678 
3863,544.071 
3864,378.256 
3865,277.825 
3866,403.655 
3867,527.550 
3868,479.271 
3869,460.782 
3870,429.569 
3871,450.513 
3872,537.504 
3873,347.004 
3874,473.090 
3875,411.290 
3876,423.545 
3877,538.034 
3878,384.965 
3879,459.607 
3880,379.828 
3881,470.765 
3882,434.771 
3883,348.423 
3884,576.138 
3885,445.606 
3886,335.908 
3887,445.557 
3888,609.896 
3889,429.896 
3890,679.442 
3891,388.823 
3892,359.939 
3893,406.294 
3894,366.863 
3895,470.328 
3896,441.001 
3897,442.787 
3898,637.089 
3899,263.014 
3900,329.040 
3901,287.128 
3902,447.865 
3903,535.896 
3904,363.601 
3905,451.432 
3906,519.136 
3907,423.030 
3908,579.909 
3909,365.754 
3910,453.341 
3911,420.478 
3912,289.182 
3913,417.324 
3914,274.516 
3915,355.384 
3916,376.336 
3917,192.854 
3918,302.637 
3919,414.931 
3920,467.088 
3921,464.614 
3922,441.193 
3923,319.112 
3924,436.291 
3925,437.989 
3926,396.464 
3927,379.708 
3928,486.630 
3929,516.089 
3930,473.015 
3931,509.727 
3932,382.383 
3933,469.522 
3934,258.370 
3935,390.005 
3936,523.502 
3937,458.374 
3938,435.975 
3939,413.393 
3940,348.465 
3941,273.022 
3942,398.269 
3943,388.770 
3944,401.193 
3945,373.662 
3946,473.697 
3947,533.640 
3948,335.076 
3949,559.903 
3950,492.718 
3951,449.865 
3952,514.191 
3953,554.830 
3954,404.474 
3955,369.018 
3956,559.872 
3957,381.928 
3958,257.264 
3959,683.296 
3960,269.133 
3961,478.650 
3962,458.635 
3963,381.748 
3964,521.193 
3965,379.758 
3966,416.982 
3967,508.561 
3968,461.649 
3969,528.375 
3970,325.135 
3971,343.925 
3972,465.700 
3973,439.042 
3974,397.697 
3975,325.053 
3976,559.060 
3977,674.203 
3978,501.681 
3979,516.760 
3980,444.388 
3981,614.198 
3982,447.515 
3983,565.061 
3984,350.825 
3985,413.013 
3986,472.962 
3987,422.843 
3988,332.207 
3989,466.485 
3990,480.134 
3991,526.708 
3992,436.746 
3993,437.699 
3994,487.440 
3995,701.294 
3996,297.759 
3997,460.935 
3998,447.894 
3999,454.836 
4000,524.053 
4001,406.838 
4002,338.400 
4003,421.475 
4004,367.279 
4005,355.905 
4006,455.897 
4007,436.699 
4008,448.778 
4009,240.689 
4010,500.546 
4011,412.232 
4012,413.314 
4013,604.647 
4014,470.324 
4015,486.737 
4016,326.704 
4017,423.893 
4018,506.471 
4019,484.909 
4020,410.219 
4021,469.188 
4022,494.238 
4023,367.814 
4024,443.726 
4025,548.051 
4026,509.692 
4027,366.219 
4028,501.668 
4029,392.491 
4030,419.136 
4031,470.023 
4032,645.456 
4033,318.962 
4034,333.634 
4035,457.633 
4036,781.702 
4037,541.583 
4038,539.657 
4039,541.513 
4040,329.133 
4041,451.558 
4042,359.522 
4043,315.818 
4044,475.194 
4045,299.219 
4046,517.763 
4047,387.764 
4048,541.354 
4049,385.792 
4050,537.975 
4051,366.514 
4052,463.740 
4053,364.505 
4054,559.819 
4055,353.368 
4056,546.244 
4057,371.826 
4058,420.570 
4059,461.411 
4060,493.655 
4061,395.645 
4062,642.807 
4063,450.618 
4064,509.266 
4065,357.870 
4066,418.130 
4067,504.322 
4068,424.701 
4069,623.929 
4070,486.953 
4071,379.026 
4072,508.181 
4073,650.250 
4074,553.172 
4075,397.449 
4076,526.665 
4077,479.707 
4078,393.002 
4079,376.940 
4080,405.580 
4081,626.486 
4082,335.572 
4083,406.339 
4084,523.379 
4085,586.583 
4086,466.189 
4087,414.450 
4088,385.775 
4089,509.035 
4090,406.160 
4091,455.506 
4092,547.061 
4093,505.319 
4094,347.395 
4095,567.936 
4096,409.378 
4097,459.950 
4098,397.102 
4099,279.182 
4100,348.232 
4101,449.435 
4102,472.627 
4103,296.433 
4104,268.354 
4105,380.320 
4106,489.699 
4107,384.986 
4108,460.885 
4109,460.101 
4110,507.655 
4111,538.731 
4112,335.256 
4113,492.421 
4114,468.021 
4115,388.936 
4116,446.094 
4117,381.081 
4118,346.737 
4119,563.204 
4120,516.729 
4121,536.546 
4122,586.793 
4123,379.784 
4124,385.673 
4125,598.723 
4126,301.167 
4127,388.191 
4128,526.273 
4129,336.041 
4130,481.961 
4131,360.369 
4132,486.666 
4133,691.174 
4134,494.063 
4135,577.448 
4136,309.901 
4137,450.667 
4138,284.000 
4139,380.725 
4140,580.460 
4141,488.807 
4142,385.889 
4143,434.387 
4144,387.024 
4145,492.092 
4146,589.118 
4147,504.705 
4148,629.107 
4149,273.811 
4150,499.506 
4151,467.614 
4152,477.576 
4153,560.529 
4154,459.519 
4155,594.186 
4156,513.583 
4157,434.119 
4158,545.193 
4159,369.554 
4160,373.771 
4161,382.881 
4162,364.105 
4163,382.576 
4164,611.079 
4165,351.369 
4166,430.803 
4167,479.931 
4168,353.312 
4169,534.063 
4170,692.598 
4171,490.305 
4172,395.912 
4173,510.525 
4174,345.719 
4175,394.444 
4176,334.920 
4177,645.804 
4178,426.683 
4179,479.151 
4180,414.545 
4181,312.605 
4182,511.383 
4183,387.764 
4184,292.495 
4185,272.160 
4186,295.326 
4187,506.978 
4188,484.012 
4189,581.514 
4190,439.101 
4191,465.147 
4192,464.512 
4193,274.812 
4194,452.014 
4195,718.356 
4196,418.832 
4197,448.772 
4198,377.407 
4199,440.232 
4200,400.536 
4201,480.715 
4202,479.232 
4203,411.161 
4204,410.336 
4205,702.058 
4206,401.137 
4207,477.876 
4208,300.182 
4209,534.599 
4210,496.971 
4211,475.664 
4212,329.813 
4213,552.539 
4214,497.472 
4215,595.864 
4216,544.675 
4217,473.403 
4218,454.577 
4219,418.987 
4220,350.125 
4221,417.030 
4222,645.907 
4223,425.293 
4224,449.100 
4225,324.015 
4226,383.382 
4227,412.809 
4228,404.693 
4229,619.294 
4230,474.343 
4231,430.106 
4232,359.106 
4233,597.359 
4234,546.428 
4235,355.158 
4236,464.159 
4237,589.778 
4238,473.130 
4239,484.663 
4240,464.969 
4241,555.733 
4242,377.266 
4243,704.908 
4244,578.946 
4245,475.318 
4246,400.205 
4247,295.133 
4248,523.815 
4249,444.901 
4250,460.135 
4251,504.439 
4252,366.389 
4253,470.578 
4254,511.091 
4255,312.136 
4256,458.687 
4257,333.776 
4258,457.938 
4259,483.257 
4260,411.868 
4261,330.893 
4262,603.817 
4263,406.506 
4264,471.180 
4265,457.241 
4266,573.990 
4267,400.157 
4268,473.422 
4269,674.886 
4270,394.602 
4271,457.560 
4272,657.657 
4273,503.927 
4274,582.688 
4275,408.960 
4276,471.139 
4277,366.739 
4278,446.197 
4279,416.797 
4280,617.927 
4281,525.238 
4282,462.584 
4283,397.092 
4284,691.648 
4285,286.741 
4286,412.152 
4287,510.793 
4288,436.083 
4289,375.925 
4290,516.145 
4291,521.578 
4292,474.938 
4293,461.363 
4294,489.790 
4295,485.073 
4296,487.253 
4297,643.449 
4298,329.394 
4299,536.221 
4300,306.867 
4301,492.229 
4302,416.150 
4303,372.838 
4304,383.901 
4305,366.731 
4306,300.131 
4307,472.641 
4308,368.460 
4309,415.430 
4310,363.317 
4311,391.788 
4312,441.872 
4313,476.607 
4314,417.529 
4315,260.665 
4316,524.043 
4317,501.787 
4318,493.411 
4319,500.193 
4320,416.328 
4321,401.699 
4322,388.879 
4323,502.824 
4324,515.615 
4325,368.742 
4326,464.956 
4327,520.127 
4328,364.670 
4329,566.760 
4330,401.791 
4331,477.047 
4332,297.263 
4333,603.554 
4334,378.352 
4335,716.753 
4336,352.135 
4337,417.734 
4338,573.023 
4339,344.723 
4340,384.561 
4341,401.740 
4342,589.444 
4343,374.588 
4344,534.571 
4345,485.519 
4346,494.234 
4347,561.681 
4348,503.616 
4349,419.536 
4350,353.551 
4351,503.670 
4352,499.772 
4353,614.286 
4354,486.988 
4355,385.039 
4356,634.578 
4357,518.026 
4358,512.026 
4359,409.228 
4360,322.221 
4361,418.522 
4362,515.471 
4363,445.887 
4364,342.380 
4365,267.548 
4366,532.424 
4367,464.477 
4368,429.610 
4369,526.251 
4370,491.798 
4371,572.839 
4372,382.828 
4373,420.122 
4374,352.428 
4375,486.311 
4376,336.328 
4377,522.507 
4378,395.574 
4379,351.411 
4380,486.721 
4381,524.797 
4382,378.327 
4383,323.862 
4384,605.561 
4385,297.116 
4386,299.232 
4387,613.070 
4388,441.491 
4389,496.587 
4390,456.628 
4391,381.456 
4392,448.574 
4393,316.692 
4394,640.145 
4395,306.065 
4396,429.399 
4397,497.719 
4398,453.714 
4399,601.382 
4400,468.235 
4401,352.036 
4402,423.614 
4403,530.417 
4404,472.434 
4405,441.080 
4406,489.177 
4407,524.595 
4408,424.002 
4409,526.222 
4410,482.822 
4411,365.161 
4412,550.010 
4413,385.243 
4414,493.901 
4415,455.291 
4416,551.388 
4417,445.486 
4418,574.445 
4419,345.739 
4420,397.222 
4421,315.160 
4422,332.579 
4423,419.334 
4424,256.375 
4425,441.216 
4426,258.298 
4427,334.206 
4428,498.443 
4429,523.615 
4430,461.617 
4431,375.495 
4432,370.512 
4433,380.668 
4434,331.396 
4435,460.510 
4436,288.394 
4437,407.368 
4438,562.735 
4439,502.272 
4440,354.100 
4441,442.705 
4442,549.318 
4443,381.269 
4444,486.081 
4445,457.396 
4446,453.172 
4447,476.174 
4448,337.965 
4449,525.571 
4450,417.050 
4451,388.773 
4452,234.687 
4453,550.896 
4454,518.542 
4455,507.722 
4456,380.513 
4457,584.367 
4458,316.524 
4459,553.825 
4460,455.116 
4461,472.110 
4462,490.731 
4463,484.558 
4464,400.559 
4465,487.535 
4466,363.831 
4467,446.086 
4468,418.383 
4469,515.272 
4470,440.998 
4471,497.449 
4472,344.263 
4473,421.402 
4474,422.723 
4475,461.299 
4476,426.206 
4477,469.318 
4478,709.690 
4479,341.385 
4480,548.278 
4481,492.829 
4482,434.072 
4483,386.810 
4484,642.695 
4485,585.802 
4486,487.033 
4487,418.684 
4488,427.443 
4489,273.725 
4490,441.705 
4491,432.692 
4492,446.914 
4493,297.593 
4494,379.153 
4495,612.925 
4496,489.915 
4497,256.214 
4498,420.552 
4499,454.365 
4500,374.316 
4501,601.900 
4502,502.448 
4503,545.876 
4504,357.636 
4505,558.992 
4506,349.952 
4507,358.737 
4508,302.088 
4509,427.701 
4510,430.798 
4511,448.316 
4512,407.304 
4513,530.783 
4514,427.733 
4515,530.587 
4516,368.871 
4517,454.420 
4518,590.703 
4519,506.265 
4520,402.225 
4521,581.087 
4522,440.066 
4523,455.452 
4524,321.168 
4525,555.958 
4526,445.738 
4527,481.309 
4528,580.635 
4529,497.568 
4530,447.333 
4531,345.802 
4532,308.477 
4533,483.363 
4534,455.284 
4535,388.226 
4536,289.291 
4537,368.524 
4538,419.098 
4539,322.199 
4540,444.151 
4541,324.148 
4542,477.914 
4543,471.435 
4544,394.284 
4545,359.919 
4546,386.660 
4547,417.788 
4548,477.031 
4549,208.581 
4550,534.938 
4551,534.212 
4552,351.789 
4553,476.285 
4554,267.590 
4555,330.462 
4556,442.309 
4557,439.629 
4558,328.643 
4559,495.173 
4560,332.676 
4561,503.266 
4562,400.849 
4563,532.440 
4564,370.876 
4565,534.234 
4566,283.610 
4567,315.374 
4568,375.335 
4569,510.684 
4570,604.314 
4571,364.703 
4572,560.535 
4573,473.616 
4574,279.136 
4575,428.510 
4576,519.748 
4577,313.398 
4578,397.796 
4579,469.298 
4580,523.500 
4581,398.815 
4582,563.806 
4583,515.173 
4584,360.516 
4585,508.319 
4586,448.111 
4587,376.949 
4588,387.152 
4589,503.823 
4590,502.955 
4591,514.491 
4592,445.508 
4593,408.543 
4594,437.666 
4595,343.329 
4596,675.236 
4597,461.510 
4598,401.920 
4599,282.934 
4600,510.959 
4601,277.947 
4602,341.911 
4603,453.754 
4604,383.550 
4605,295.160 
4606,369.971 
4607,464.349 
4608,467.510 
4609,704.733 
4610,378.969 
4611,330.978 
4612,668.390 
4613,444.763 
4614,351.359 
4615,446.822 
4616,431.314 
4617,421.389 
4618,442.689 
4619,428.831 
4620,577.021 
4621,508.162 
4622,443.348 
4623,617.633 
4624,333.121 
4625,412.950 
4626,469.680 
4627,522.359 
4628,457.974 
4629,449.704 
4630,472.767 
4631,244.855 
4632,520.797 
4633,336.532 
4634,476.440 
4635,343.629 
4636,427.174 
4637,500.819 
4638,356.767 
4639,395.979 
4640,279.329 
4641,378.944 
4642,413.946 
4643,374.961 
4644,516.573 
4645,431.480 
4646,573.068 
4647,685.984 
4648,390.086 
4649,411.697 
4650,344.299 
4651,327.830 
4652,565.326 
4653,403.182 
4654,547.047 
4655,409.427 
4656,450.951 
4657,485.488 
4658,466.361 
4659,535.706 
4660,347.496 
4661,516.247 
4662,255.489 
4663,541.316 
4664,344.963 
4665,576.536 
4666,510.392 
4667,380.319 
4668,436.164 
4669,547.328 
4670,403.377 
4671,369.469 
4672,458.887 
4673,534.873 
4674,411.929 
4675,390.238 
4676,388.597 
4677,419.145 
4678,466.131 
4679,389.646 
4680,452.389 
4681,440.349 
4682,549.168 
4683,491.654 
4684,568.856 
4685,536.309 
4686,607.509 
4687,437.499 
4688,372.044 
4689,497.981 
4690,421.791 
4691,351.608 
4692,538.627 
4693,433.863 
4694,472.167 
4695,378.742 
4696,578.618 
4697,453.828 
4698,375.856 
4699,465.183 
4700,546.388 
4701,526.289 
4702,866.282 
4703,442.399 
4704,375.334 
4705,544.432 
4706,491.702 
4707,334.975 
4708,471.584 
4709,510.214 
4710,532.604 
4711,308.279 
4712,509.603 
4713,344.760 
4714,499.796 
4715,458.628 
4716,287.855 
4717,456.797 
4718,518.597 
4719,443.282 
4720,504.756 
4721,459.713 
4722,497.380 
4723,609.697 
4724,376.320 
4725,278.998 
4726,515.266 
4727,348.999 
4728,373.290 
4729,529.740 
4730,371.603 
4731,339.342 
4732,572.057 
4733,317.726 
4734,435.129 
4735,445.181 
4736,408.747 
4737,474.197 
4738,435.490 
4739,700.001 
4740,487.714 
4741,592.176 
4742,480.796 
4743,358.904 
4744,415.700 
4745,396.641 
4746,463.855 
4747,439.785 
4748,577.795 
4749,405.803 
4750,425.687 
4751,582.170 
4752,459.266 
4753,341.703 
4754,529.151 
4755,424.197 
4756,517.040 
4757,513.607 
4758,474.043 
4759,345.503 
4760,404.504 
4761,407.310 
4762,335.861 
4763,446.060 
4764,417.955 
4765,522.139 
4766,670.233 
4767,424.229 
4768,464.829 
4769,445.554 
4770,434.444 
4771,523.250 
4772,668.532 
4773,395.112 
4774,446.758 
4775,347.615 
4776,513.001 
4777,452.585 
4778,494.052 
4779,432.617 
4780,490.293 
4781,497.539 
4782,399.690 
4783,388.959 
4784,461.604 
4785,392.630 
4786,384.138 
4787,359.420 
4788,359.562 
4789,482.594 
4790,367.658 
4791,485.138 
4792,420.340 
4793,465.841 
4794,483.665 
4795,520.513 
4796,288.064 
4797,458.939 
4798,569.164 
4799,371.326 
4800,491.083 
4801,282.691 
4802,432.315 
4803,473.199 
4804,324.197 
4805,374.999 
4806,325.093 
4807,306.081 
4808,277.318 
4809,314.342 
4810,350.077 
4811,454.947 
4812,546.222 
4813,586.674 
4814,369.714 
4815,598.400 
4816,431.470 
4817,380.286 
4818,424.588 
4819,383.208 
4820,381.482 
4821,423.972 
4822,440.483 
4823,381.652 
4824,250.289 
4825,478.077 
4826,332.115 
4827,424.418 
4828,420.601 
4829,469.824 
4830,419.559 
4831,565.011 
4832,344.126 
4833,458.727 
4834,387.803 
4835,434.492 
4836,599.995 
4837,387.658 
4838,276.229 
4839,529.144 
4840,532.646 
4841,565.779 
4842,508.768 
4843,448.417 
4844,360.438 
4845,407.553 
4846,413.982 
4847,434.578 
4848,455.502 
4849,447.161 
4850,382.203 
4851,366.371 
4852,384.586 
4853,524.699 
4854,388.732 
4855,290.472 
4856,294.235 
4857,346.582 
4858,376.306 
4859,458.246 
4860,540.048 
4861,429.263 
4862,437.963 
4863,362.248 
4864,463.485 
4865,429.805 
4866,471.277 
4867,451.077 
4868,385.345 
4869,562.652 
4870,369.002 
4871,470.036 
4872,338.546 
4873,466.760 
4874,471.232 
4875,321.717 
4876,327.485 
4877,425.436 
4878,687.383 
4879,333.279 
4880,396.685 
4881,305.131 
4882,385.941 
4883,498.317 
4884,317.170 
4885,514.695 
4886,535.625 
4887,421.967 
4888,331.277 
4889,371.139 
4890,501.642 
4891,391.739 
4892,342.620 
4893,461.994 
4894,490.502 
4895,368.745 
4896,333.347 
4897,464.757 
4898,377.058 
4899,388.144 
4900,500.621 
4901,338.822 
4902,559.359 
4903,560.321 
4904,365.632 
4905,423.261 
4906,420.905 
4907,311.104 
4908,360.352 
4909,422.184 
4910,578.417 
4911,474.889 
4912,514.247 
4913,499.969 
4914,430.109 
4915,595.036 
4916,529.308 
4917,439.893 
4918,344.802 
4919,503.177 
4920,563.197 
4921,517.024 
4922,422.655 
4923,399.316 
4924,375.140 
4925,533.556 
4926,461.087 
4927,388.991 
4928,462.931 
4929,535.139 
4930,345.566 
4931,635.496 
4932,436.579 
4933,505.372 
4934,484.292 
4935,450.897 
4936,438.376 
4937,459.002 
4938,481.492 
4939,464.692 
4940,456.872 
4941,349.344 
4942,696.289 
4943,414.754 
4944,430.225 
4945,472.315 
4946,373.425 
4947,500.484 
4948,327.010 
4949,585.750 
4950,431.953 
4951,489.209 
4952,495.135 
4953,343.263 
4954,407.538 
4955,439.481 
4956,477.957 
4957,481.993 
4958,525.175 
4959,485.086 
4960,363.154 
4961,437.982 
4962,292.914 
4963,385.398 
4964,666.295 
4965,302.224 
4966,346.786 
4967,403.743 
4968,293.383 
4969,431.425 
4970,469.929 
4971,555.003 
4972,424.075 
4973,403.362 
4974,488.807 
4975,496.142 
4976,444.194 
4977,423.853 
4978,560.457 
4979,292.948 
4980,403.881 
4981,377.698 
4982,255.897 
4983,686.525 
4984,509.432 
4985,352.468 
4986,403.315 
4987,481.374 
4988,289.865 
4989,567.110 
4990,493.623 
4991,561.380 
4992,369.886 
4993,591.725 
4994,476.144 
4995,564.853 
4996,402.444 
4997,556.466 
4998,459.517 
4999,351.276 
10,7426225.500 
11,3817.312 
12,1483.235 
13,743.282 
14,559.466 
15,404.872 
16,570.217 
17,367.404 
18,494.030 
19,430.353 
20,343.135 
21,384.105 
22,280.768 
23,372.499 
24,367.525 
25,382.857 
26,452.168 
27,452.169 
28,387.519 
29,486.832 
30,437.577 
31,475.597 
32,351.338 
33,4099548.000 
34,390.650 
35,1048.071 
36,690.532 
37,576.465 
38,510.389 
39,403.828 
40,481.987 
41,482.651 
42,482.411 
43,409.601 
44,526.416 
45,396.817 
46,570.444 
47,495.143 
48,415.397 
49,690.305 
50,467.220 
51,470.859 
52,549.686 
53,501.909 
54,540.791 
55,524.429 
56,390.979 
57,435.016 
58,577.923 
59,608.032 
60,377.667 
61,553.627 
62,446.240 
63,585.039 
64,460.247 
65,411.799 
66,520.855 
67,628.580 
68,448.435 
69,418.468 
70,524.372 
71,539.351 
72,569.114 
73,532.197 
74,648.515 
75,669.942 
76,406.236 
77,625.854 
78,380.147 
79,601.141 
80,450.485 
81,554.792 
82,672.333 
83,437.058 
84,611.874 
85,650.216 
86,384.883 
87,658.558 
88,604.262 
89,589.705 
90,710.209 
91,603.229 
92,620.416 
93,499.287 
94,475.318 
95,545.435 
96,510.366 
97,503.754 
98,521.387 
99,788.894 
100,538.834 
101,640.430 
102,550.311 
103,481.488 
104,712.723 
105,554.663 
106,628.629 
107,409.910 
108,477.898 
109,505.038 
110,509.886 
111,359.137 
112,468.158 
113,455.971 
114,353.278 
115,480.513 
116,391.608 
117,438.777 
118,581.181 
119,714.857 
120,622.556 
121,343.451 
122,457.574 
123,663.027 
124,596.795 
125,565.192 
126,672.215 
127,445.673 
128,623.838 
129,548.853 
130,457.160 
131,651.895 
132,394.135 
133,421.156 
134,474.812 
135,519.297 
136,369.539 
137,460.729 
138,518.152 
139,459.296 
140,445.715 
141,665.484 
142,585.206 
143,573.835 
144,421.533 
145,360.345 
146,519.336 
147,660.754 
148,410.583 
149,360.570 
150,445.037 
151,445.662 
152,556.561 
153,593.801 
154,516.157 
155,549.613 
156,596.291 
157,411.335 
158,412.549 
159,642.591 
160,720.304 
161,576.227 
162,439.104 
163,627.592 
164,553.596 
165,467.772 
166,473.483 
167,434.463 
168,618.030 
169,482.896 
170,630.971 
171,586.311 
172,580.500 
173,554.236 
174,616.063 
175,488.568 
176,687.106 
177,534.463 
178,568.522 
179,521.437 
180,603.301 
181,476.296 
182,627.575 
183,576.066 
184,461.979 
185,504.195 
186,409.243 
187,588.477 
188,725.610 
189,462.629 
190,559.970 
191,735.145 
192,418.200 
193,466.474 
194,590.028 
195,512.445 
196,460.281 
197,627.198 
198,631.215 
199,585.059 
200,392.145 
201,613.479 
202,387.736 
203,757.609 
204,554.388 
205,495.636 
206,593.745 
207,566.924 
208,651.229 
209,455.653 
210,591.136 
211,526.845 
212,377.662 
213,577.812 
214,528.723 
215,356.485 
216,457.087 
217,638.162 
218,449.996 
219,521.043 
220,575.277 
221,547.694 
222,588.147 
223,489.271 
224,621.738 
225,643.613 
226,460.879 
227,736.637 
228,667.001 
229,718.315 
230,433.202 
231,511.389 
232,734.910 
233,569.909 
234,692.125 
235,453.061 
236,393.347 
237,553.275 
238,570.562 
239,706.015 
240,559.464 
241,619.385 
242,586.182 
243,518.660 
244,619.446 
245,449.916 
246,651.808 
247,562.550 
248,567.344 
249,475.386 
250,366.383 
251,558.242 
252,614.645 
253,804.315 
254,570.897 
255,738.770 
256,917.045 
257,487.931 
258,504.481 
259,594.637 
260,540.189 
261,636.031 
262,714.397 
263,694.615 
264,557.896 
265,397.178 
266,550.465 
267,333.920 
268,510.226 
269,556.336 
270,492.064 
271,878.210 
272,474.298 
273,342.019 
274,544.256 
275,659.644 
276,722.109 
277,433.782 
278,422.541 
279,598.132 
280,522.885 
281,545.156 
282,702.033 
283,504.918 
284,730.408 
285,729.416 
286,546.337 
287,561.507 
288,432.522 
289,399.618 
290,378.374 
291,816.082 
292,480.383 
293,567.223 
294,611.472 
295,454.363 
296,352.582 
297,548.741 
298,828.952 
299,728.694 
300,641.436 
301,639.975 
302,511.038 
303,439.156 
304,543.269 
305,716.299 
306,507.257 
307,694.397 
308,574.654 
309,487.769 
310,596.703 
311,586.541 
312,454.691 
313,651.798 
314,395.329 
315,777.552 
316,493.301 
317,929.717 
318,633.372 
319,723.339 
320,582.594 
321,642.310 
322,635.209 
323,511.941 
324,708.097 
325,498.549 
326,558.720 
327,518.347 
328,569.881 
329,353.358 
330,714.227 
331,683.769 
332,549.122 
333,582.835 
334,499.765 
335,468.567 
336,567.567 
337,567.033 
338,549.954 
339,653.777 
340,648.089 
341,675.311 
342,525.122 
343,524.973 
344,544.137 
345,678.121 
346,516.631 
347,516.536 
348,694.740 
349,567.290 
350,717.331 
351,563.570 
352,522.299 
353,428.017 
354,725.273 
355,606.057 
356,454.240 
357,634.784 
358,589.638 
359,718.165 
360,428.567 
361,427.374 
362,392.923 
363,501.120 
364,578.571 
365,548.209 
366,619.671 
367,770.060 
368,707.686 
369,504.261 
370,643.816 
371,533.820 
372,811.714 
373,521.118 
374,605.142 
375,687.568 
376,521.935 
377,633.121 
378,400.688 
379,569.194 
380,791.703 
381,529.503 
382,470.921 
383,7434.017 
384,42453.852 
385,44536.500 
386,11374.072 
387,2893.375 
388,4103.842 
389,2318.718 
390,864.767 
391,981.316 
392,942.776 
393,594.216 
394,742.482 
395,732.694 
396,907.502 
397,793.882 
398,725.397 
399,475.770 
400,478.639 
401,599.457 
402,488.229 
403,602.558 
404,440.489 
405,630.155 
406,740.996 
407,446.141 
408,497.829 
409,478.129 
410,488.737 
411,444.862 
412,422.159 
413,529.872 
414,460.591 
415,782.024 
416,701.041 
417,855.285 
418,638.597 
419,662.691 
420,476.129 
421,547.999 
422,509.045 
423,652.918 
424,701.266 
425,457.255 
426,348.648 
427,754.207 
428,706.500 
429,410.574 
430,639.029 
431,516.115 
432,743.291 
433,493.434 
434,669.914 
435,604.813 
436,738.468 
437,699.480 
438,564.222 
439,517.284 
440,745.432 
441,503.478 
442,461.020 
443,718.926 
444,616.685 
445,680.982 
446,458.074 
447,595.279 
448,496.126 
449,598.525 
450,659.092 
451,681.130 
452,749.816 
453,632.666 
454,670.972 
455,778.952 
456,673.154 
457,521.654 
458,699.882 
459,502.382 
460,622.400 
461,713.638 
462,701.855 
463,455.149 
464,486.185 
465,622.316 
466,590.214 
467,400.469 
468,523.152 
469,627.983 
470,665.619 
471,463.935 
472,592.264 
473,619.551 
474,525.216 
475,678.980 
476,595.668 
477,726.468 
478,622.539 
479,538.440 
480,569.414 
481,667.312 
482,413.559 
483,511.543 
484,460.111 
485,531.620 
486,671.230 
487,728.023 
488,534.573 
489,749.371 
490,558.181 
491,581.571 
492,699.461 
493,530.892 
494,741.454 
495,595.688 
496,719.202 
497,666.490 
498,603.523 
499,702.527 
500,653.421 
501,656.736 
502,675.202 
503,511.288 
504,465.947 
505,492.597 
506,724.693 
507,421.662 
508,656.329 
509,652.686 
510,694.114 
511,487.871 
512,763.514 
513,625.263 
514,861.532 
515,516.884 
516,542.544 
517,661.035 
518,612.936 
519,690.873 
520,571.155 
521,584.521 
522,491.937 
523,553.248 
524,763.328 
525,516.787 
526,624.719 
527,593.603 
528,822.775 
529,682.459 
530,651.162 
531,428.590 
532,653.294 
533,500.846 
534,575.208 
535,618.410 
536,426.884 
537,657.916 
538,492.117 
539,674.113 
540,684.742 
541,484.239 
542,637.102 
543,544.643 
544,637.022 
545,657.755 
546,572.985 
547,756.349 
548,703.279 
549,745.985 
550,653.528 
551,436.710 
552,440.610 
553,639.291 
554,634.943 
555,628.863 
556,835.844 
557,657.822 
558,659.715 
559,476.607 
560,850.542 
561,834.017 
562,721.022 
563,689.468 
564,795.591 
565,731.027 
566,640.008 
567,660.740 
568,988.504 
569,630.828 
570,552.447 
571,683.721 
572,544.702 
573,810.727 
574,584.110 
575,609.737 
576,468.805 
577,641.129 
578,402.209 
579,589.570 
580,585.986 
581,636.893 
582,669.622 
583,617.773 
584,536.849 
585,485.789 
586,726.538 
587,633.503 
588,512.204 
589,729.253 
590,591.812 
591,642.869 
592,668.602 
593,614.665 
594,798.209 
595,421.624 
596,688.211 
597,622.500 
598,684.415 
599,441.972 
600,755.397 
601,527.529 
602,651.556 
603,601.801 
604,631.370 
605,605.532 
606,612.690 
607,678.496 
608,716.511 
609,500.819 
610,649.859 
611,539.136 
612,643.712 
613,606.792 
614,580.933 
615,602.648 
616,612.479 
617,602.132 
618,571.500 
619,809.096 
620,630.579 
621,636.743 
622,538.096 
623,858.750 
624,727.824 
625,661.265 
626,907.825 
627,582.677 
628,666.366 
629,511.221 
630,736.926 
631,766.099 
632,597.023 
633,594.238 
634,451.282 
635,694.825 
636,459.989 
637,339.982 
638,759.867 
639,815.574 
640,765.347 
641,731.664 
642,569.737 
643,483.768 
644,602.481 
645,913.252 
646,649.889 
647,662.706 
648,549.249 
649,620.865 
650,413.378 
651,350.614 
652,396.514 
653,630.534 
654,612.028 
655,442.627 
656,737.720 
657,597.602 
658,598.242 
659,702.746 
660,795.993 
661,852.579 
662,758.398 
663,722.659 
664,621.893 
665,617.536 
666,454.674 
667,600.129 
668,721.459 
669,624.659 
670,517.275 
671,740.825 
672,520.566 
673,472.592 
674,645.698 
675,512.246 
676,556.935 
677,651.921 
678,493.548 
679,664.498 
680,780.868 
681,711.906 
682,680.663 
683,669.082 
684,549.409 
685,529.225 
686,733.063 
687,757.351 
688,710.876 
689,527.057 
690,810.887 
691,561.649 
692,515.855 
693,631.388 
694,609.148 
695,648.370 
696,557.901 
697,589.870 
698,729.256 
699,611.452 
700,376.591 
701,610.226 
702,503.063 
703,586.039 
704,526.425 
705,487.703 
706,680.646 
707,506.586 
708,651.183 
709,712.149 
710,570.134 
711,741.482 
712,1008.504 
713,632.416 
714,482.686 
715,570.416 
716,666.704 
717,525.594 
718,532.801 
719,971.160 
720,455.132 
721,603.067 
722,380.026 
723,549.223 
724,286.026 
725,516.855 
726,621.406 
727,710.270 
728,697.935 
729,692.520 
730,680.166 
731,709.554 
732,635.855 
733,557.144 
734,569.396 
735,627.452 
736,572.337 
737,808.172 
738,650.604 
739,588.247 
740,703.022 
741,474.443 
742,812.106 
743,569.413 
744,530.707 
745,643.795 
746,881.115 
747,675.401 
748,592.273 
749,780.410 
750,718.080 
751,611.078 
752,602.647 
753,607.438 
754,464.379 
755,685.553 
756,553.150 
757,581.621 
758,656.868 
759,554.742 
760,659.292 
761,639.383 
762,753.634 
763,918.519 
764,535.967 
765,628.339 
766,514.833 
767,401.736 
768,603.762 
769,686.760 
770,441.379 
771,645.486 
772,669.676 
773,539.185 
774,654.568 
775,500.801 
776,511.420 
777,733.656 
778,518.063 
779,580.960 
780,480.828 
781,531.967 
782,699.332 
783,413.078 
784,624.470 
785,597.517 
786,697.123 
787,716.955 
788,475.222 
789,478.141 
790,726.251 
791,695.542 
792,739.142 
793,525.505 
794,489.461 
795,679.526 
796,595.507 
797,760.565 
798,894.460 
799,829.651 
800,895.924 
801,512.003 
802,741.696 
803,695.343 
804,783.750 
805,737.189 
806,597.014 
807,805.007 
808,584.250 
809,716.588 
810,613.080 
811,652.880 
812,396.540 
813,720.142 
814,867.150 
815,691.077 
816,531.499 
817,774.424 
818,789.385 
819,761.262 
820,757.959 
821,667.440 
822,664.158 
823,641.019 
824,622.143 
825,449.598 
826,694.500 
827,573.040 
828,576.598 
829,803.918 
830,807.166 
831,609.706 
832,642.242 
833,675.630 
834,641.546 
835,833.045 
836,490.599 
837,833.381 
838,620.381 
839,540.945 
840,715.292 
841,617.413 
842,752.917 
843,645.838 
844,693.426 
845,997.388 
846,505.782 
847,458.650 
848,726.465 
849,762.980 
850,647.387 
851,522.269 
852,491.447 
853,361.152 
854,680.062 
855,579.254 
856,464.874 
857,611.022 
858,627.308 
859,618.409 
860,583.999 
861,738.155 
862,735.629 
863,888.415 
864,659.084 
865,705.700 
866,532.756 
867,645.128 
868,488.860 
869,425.748 
870,601.320 
871,714.812 
872,813.585 
873,596.275 
874,541.100 
875,557.611 
876,581.063 
877,444.410 
878,699.167 
879,816.729 
880,543.016 
881,371.038 
882,670.445 
883,653.865 
884,740.762 
885,596.752 
886,597.500 
887,491.397 
888,636.855 
889,709.819 
890,531.654 
891,981.680 
892,507.687 
893,430.115 
894,591.566 
895,546.837 
896,730.210 
897,519.340 
898,483.739 
899,442.719 
900,596.615 
901,561.814 
902,547.872 
903,560.468 
904,621.784 
905,597.710 
906,588.781 
907,607.069 
908,433.807 
909,590.989 
910,553.069 
911,636.035 
912,638.764 
913,603.940 
914,704.223 
915,577.793 
916,599.075 
917,653.889 
918,581.865 
919,643.288 
920,656.264 
921,693.510 
922,717.975 
923,788.467 
924,722.176 
925,494.247 
926,714.384 
927,703.017 
928,518.085 
929,679.082 
930,789.620 
931,840.312 
932,320.165 
933,441.362 
934,458.725 
935,589.411 
936,543.839 
937,763.652 
938,466.995 
939,575.229 
940,775.255 
941,798.363 
942,706.984 
943,492.635 
944,747.999 
945,543.619 
946,475.194 
947,938.197 
948,608.346 
949,531.248 
950,470.263 
951,832.736 
952,613.103 
953,602.543 
954,435.263 
955,699.645 
956,616.558 
957,493.697 
958,749.042 
959,434.202 
960,761.662 
961,656.716 
962,611.344 
963,515.836 
964,421.894 
965,719.055 
966,514.310 
967,575.621 
968,487.115 
969,504.230 
970,621.846 
971,727.234 
972,332.532 
973,805.306 
974,714.708 
975,748.586 
976,693.927 
977,854.642 
978,608.502 
979,884.721 
980,461.122 
981,467.614 
982,452.419 
983,597.635 
984,414.724 
985,616.194 
986,540.611 
987,867.898 
988,655.648 
989,689.365 
990,404.090 
991,578.339 
992,661.971 
993,481.105 
994,632.172 
995,488.266 
996,906.408 
997,569.771 
998,494.927 
999,817.670 
1000,580.189 
1001,572.185 
1002,480.353 
1003,751.246 
1004,611.346 
1005,819.285 
1006,503.496 
1007,733.853 
1008,485.816 
1009,667.695 
1010,605.204 
1011,564.792 
1012,591.344 
1013,521.628 
1014,742.525 
1015,619.838 
1016,708.191 
1017,637.914 
1018,478.031 
1019,404.577 
1020,669.826 
1021,607.720 
1022,692.491 
1023,798.125 
1024,535.583 
1025,483.345 
1026,407.578 
1027,506.635 
1028,809.123 
1029,553.787 
1030,759.681 
1031,608.527 
1032,654.705 
1033,610.816 
1034,869.581 
1035,538.269 
1036,568.788 
1037,668.430 
1038,717.165 
1039,665.168 
1040,743.610 
1041,348.652 
1042,804.067 
1043,462.174 
1044,548.166 
1045,515.503 
1046,582.685 
1047,525.764 
1048,878.803 
1049,535.289 
1050,624.558 
1051,799.045 
1052,654.929 
1053,712.653 
1054,653.535 
1055,677.454 
1056,861.141 
1057,504.346 
1058,460.419 
1059,660.879 
1060,540.216 
1061,743.439 
1062,612.197 
1063,527.752 
1064,525.873 
1065,1059.442 
1066,554.979 
1067,810.000 
1068,928.419 
1069,422.526 
1070,606.966 
1071,1055.700 
1072,543.538 
1073,482.914 
1074,564.623 
1075,655.996 
1076,475.931 
1077,934.877 
1078,656.007 
1079,558.900 
1080,636.473 
1081,424.110 
1082,645.721 
1083,687.337 
1084,389.595 
1085,498.799 
1086,557.821 
1087,592.103 
1088,542.694 
1089,674.700 
1090,579.958 
1091,472.738 
1092,470.720 
1093,687.102 
1094,975.942 
1095,683.753 
1096,698.886 
1097,588.337 
1098,559.626 
1099,690.639 
1100,405.343 
1101,851.590 
1102,887.571 
1103,571.417 
1104,884.969 
1105,723.250 
1106,274.029 
1107,523.238 
1108,433.864 
1109,687.386 
1110,615.340 
1111,407.248 
1112,412.140 
1113,579.383 
1114,693.392 
1115,629.090 
1116,809.858 
1117,643.215 
1118,423.350 
1119,663.540 
1120,702.973 
1121,536.067 
1122,646.277 
1123,916.873 
1124,671.045 
1125,524.348 
1126,620.799 
1127,684.818 
1128,782.294 
1129,600.240 
1130,496.550 
1131,879.363 
1132,630.993 
1133,537.074 
1134,543.997 
1135,655.334 
1136,802.526 
1137,567.033 
1138,524.856 
1139,788.051 
1140,534.980 
1141,673.804 
1142,590.937 
1143,561.156 
1144,612.957 
1145,368.643 
1146,656.554 
1147,585.576 
1148,677.733 
1149,655.270 
1150,614.981 
1151,475.379 
1152,666.031 
1153,486.450 
1154,433.097 
1155,616.275 
1156,673.979 
1157,507.558 
1158,646.154 
1159,709.659 
1160,393.004 
1161,621.098 
1162,408.416 
1163,618.083 
10,1782180.125 
11,2016.252 
12,1554.046 
13,1391.169 
14,1270.293 
15,1502.250 
16,1313.148 
17,1366.392 
18,1283.894 
19,1108.533 
20,1562.689 
21,1408.152 
22,1220.732 
23,1583.333 
24,1214.262 
25,1556.530 
26,1240.621 
27,1212.853 
28,1025.261 
29,1317.277 
30,1385.712 
31,1678.296 
32,1901.637 
33,1409.612 
34,1660418.750 
35,1391.456 
36,1743.349 
37,1245.537 
38,1720.629 
39,1665.519 
40,1525.501 
41,1500.420 
42,1303.738 
43,979.505 
44,1717.995 
45,1171.894 
46,1873.107 
47,1498.628 
48,1217.974 
49,1180.161 
50,1351.046 
51,1436.266 
52,1121.046 
53,1452.860 
54,1448.629 
55,1157.733 
56,1557.839 
57,1320.412 
58,1893.771 
59,1295.872 
60,2100.274 
61,1862.302 
62,1561.955 
63,1415.227 
64,1861.872 
65,1182.607 
66,1205.635 
67,1631.075 
68,1362.595 
69,1547.684 
70,1504.217 
71,1426.151 
72,1244.813 
73,840.915 
74,1655.538 
75,1268.593 
76,1200.087 
77,1202.134 
78,1698.863 
79,1654.282 
80,1320.143 
81,1577.268 
82,1461.649 
83,1256.900 
84,1307.495 
85,1759.476 
86,1542.987 
87,1670.692 
88,1430.588 
89,1470.002 
90,1669.347 
91,995.829 
92,1850.994 
93,1288.825 
94,1977.708 
95,1248.271 
96,1501.361 
97,1583.168 
98,1386.455 
99,1497.648 
100,1181.631 
101,1422.665 
102,1411.235 
103,1111.462 
104,1614.919 
105,1348.690 
106,1457.471 
107,1016.687 
108,1103.818 
109,921.204 
110,1201.649 
111,1322.406 
112,1933.834 
113,1376.130 
114,1014.955 
115,1462.728 
116,1305.431 
117,1032.844 
118,1039.833 
119,1007.167 
120,1351.246 
121,1329.735 
122,1078.521 
123,875.588 
124,1615.866 
125,1342.146 
126,891.649 
127,1702.036 
128,1252.546 
129,1825.152 
130,1129.000 
131,1519.350 
132,1164.412 
133,1795.125 
134,1383.463 
135,1685.746 
136,1637.274 
137,1212.161 
138,1789.172 
139,1329.897 
140,1318.253 
141,1330.578 
142,1505.178 
143,1314.928 
144,1419.124 
145,1113.558 
146,1404.094 
147,1274.783 
148,1201.634 
149,991.967 
150,1314.683 
151,1089.320 
152,891.545 
153,1722.284 
154,1283.000 
155,2143.409 
156,1199.654 
157,1150.730 
158,1270.478 
159,1537.049 
160,1723.104 
161,1013.573 
162,1428.391 
163,1963.745 
164,1672.655 
165,915.551 
166,814.155 
167,1178.834 
168,1471.397 
169,1633.981 
170,1629.943 
171,2249.308 
172,1491.885 
173,1435.912 
174,1627.702 
175,1307.120 
176,1190.058 
177,706.597 
178,1411.911 
179,1311.366 
180,1933.064 
181,1608.773 
182,1279.115 
183,1008.838 
184,944.250 
185,1738.014 
186,1723.153 
187,1596.182 
188,1231.814 
189,1625.012 
190,1634.603 
191,646.947 
192,1209.316 
193,1169.140 
194,1645.218 
195,1119.077 
196,1347.136 
197,1697.707 
198,1124.761 
199,1524.290 
200,1512.390 
201,1323.458 
202,1254.358 
203,1070.940 
204,1638.194 
205,1573.709 
206,1415.139 
207,1728.031 
208,1267.689 
209,1401.689 
210,1237.209 
211,1317.967 
212,1665.844 
213,1178.445 
214,1608.231 
215,1162.490 
216,1267.920 
217,1319.383 
218,1071.041 
219,1410.756 
220,1621.521 
221,1628.994 
222,2051.007 
223,1389.583 
224,1164.823 
225,1395.934 
226,1083.185 
227,1314.068 
228,1300.436 
229,2244.415 
230,1157.825 
231,1510.413 
232,1020.006 
233,1284.031 
234,1287.948 
235,1545.234 
236,1599.731 
237,1427.664 
238,1550.251 
239,1422.069 
240,1145.544 
241,1630.374 
242,1529.682 
243,1715.127 
244,935.246 
245,1760.667 
246,1393.212 
247,782.226 
248,1030.659 
249,1543.783 
250,1224.466 
251,1343.914 
252,1853.638 
253,1648.712 
254,1763.023 
255,1694.987 
256,1240.695 
257,1484.841 
258,1012.951 
259,1481.817 
260,1599.288 
261,1555.492 
262,1053.205 
263,1663.805 
264,1982.637 
265,1195.850 
266,1570.097 
267,1196.017 
268,1236.051 
269,1675.592 
270,1386.328 
271,1257.710 
272,1384.887 
273,1834.846 
274,1363.193 
275,1206.150 
276,1423.828 
277,1275.459 
278,1422.794 
279,1154.599 
280,1595.871 
281,1695.450 
282,1514.386 
283,1202.662 
284,1779.719 
285,1562.206 
286,1164.789 
287,1259.278 
288,1295.849 
289,1400.390 
290,1679.442 
291,1025.324 
292,1536.280 
293,1428.928 
294,971.043 
295,2204.291 
296,1128.055 
297,1209.227 
298,1952.226 
299,1212.845 
300,1189.460 
301,1211.196 
302,1246.266 
303,1231.804 
304,1878.467 
305,1216.550 
306,1669.937 
307,883.509 
308,2005.010 
309,1459.730 
310,1606.360 
311,1042.867 
312,1330.596 
313,1390.624 
314,1407.928 
315,1399.152 
316,1482.324 
317,1448.101 
318,1440.329 
319,979.520 
320,1552.488 
321,1156.466 
322,1130.024 
323,1480.715 
324,1327.411 
325,1502.074 
326,865.171 
327,1106.823 
328,972.681 
329,1640.635 
330,1574.748 
331,1004.303 
332,1310.208 
333,1679.710 
334,1334.062 
335,1102.402 
336,925.713 
337,999.718 
338,1356.922 
339,1161.431 
340,1532.678 
341,1376.701 
342,1411.949 
343,1025.346 
344,1231.042 
345,1328.460 
346,1224.221 
347,1553.760 
348,1298.577 
349,1209.991 
350,680.415 
351,1329.028 
352,1467.516 
353,1303.262 
354,1837.894 
355,1092.774 
356,1455.705 
357,1504.600 
358,1380.921 
359,1553.123 
360,1689.987 
361,1114.536 
362,1509.028 
363,1786.980 
364,1518.450 
365,1589.762 
366,1131.903 
367,1315.304 
368,1420.926 
369,1193.277 
370,1715.607 
371,1342.369 
372,1257.173 
373,1028.659 
374,1485.448 
375,1566.571 
376,1271.715 
377,1454.637 
378,1384.823 
379,1447.763 
380,1390.710 
381,1690.637 
382,1269.023 
383,1380.456 
384,1331.398 
385,1592.781 
386,1460.042 
387,1244.248 
388,1078.915 
389,1823.967 
390,1460.325 
391,1061.880 
392,744.122 
393,2260.302 
394,1333.872 
395,1326.725 
396,1364.730 
397,1125.004 
398,1380.836 
399,1863.718 
400,1076.711 
401,1137.993 
402,1605.367 
403,1184.765 
404,1332.968 
405,1422.610 
406,1535.576 
407,1300.883 
408,1271.761 
409,1735.364 
410,1013.120 
411,1502.769 
412,1082.976 
413,1123.019 
414,1460.530 
415,1062.991 
416,1419.940 
417,1162.730 
418,1386.566 
419,1152.507 
420,968.923 
421,907.508 
422,1444.287 
423,1491.207 
424,1326.996 
425,1347.972 
426,1128.666 
427,1282.556 
428,1392.596 
429,1087.109 
430,1083.933 
431,1251.593 
432,2012.427 
433,1168.528 
434,1313.257 
435,1065.292 
436,1202.296 
437,1272.016 
438,733.237 
439,1603.157 
440,1198.650 
441,1093.419 
442,1212.568 
443,1347.620 
444,1082.230 
445,945.121 
446,1539.081 
447,1138.530 
448,1218.919 
449,1611.366 
450,1446.973 
451,1392.064 
452,1544.688 
453,1624.864 
454,1008.516 
455,1727.182 
456,1595.480 
457,1075.208 
458,1641.618 
459,1368.946 
460,1158.127 
461,1058.806 
462,1140.072 
463,1315.725 
464,835.908 
465,1754.930 
466,1439.366 
467,1636.241 
468,1608.590 
469,1196.732 
470,701.064 
471,1317.297 
472,1403.765 
473,1301.699 
474,1114.862 
475,1179.640 
476,933.035 
477,1470.046 
478,996.430 
479,1047.026 
480,1320.776 
481,1340.922 
482,1180.701 
483,1351.158 
484,1403.869 
485,1709.862 
486,1352.420 
487,1505.384 
488,1331.425 
489,1206.635 
490,1384.267 
491,1550.917 
492,1128.606 
493,997.108 
494,1486.302 
495,990.936 
496,1622.250 
497,930.680 
498,1164.947 
499,1738.407 
500,1365.150 
501,988.308 
502,1256.668 
503,1652.124 
504,1026.296 
505,1529.139 
506,1796.069 
507,1653.021 
508,1028.760 
509,1105.009 
510,1644.876 
511,1128.802 
512,918.598 
513,1277.304 
514,1717.407 
515,1169.080 
516,1358.690 
517,1412.524 
518,1355.191 
519,1573.072 
520,1550.486 
521,1997.562 
522,1667.271 
523,1172.229 
524,1701.369 
525,907.080 
526,1199.256 
527,1181.416 
528,1567.249 
529,1023.453 
530,1611.973 
531,1779.091 
532,1227.170 
533,1420.713 
534,1096.308 
535,1286.540 
536,1306.010 
537,1165.555 
538,1331.166 
539,1437.042 
540,1207.538 
541,1553.759 
542,1017.755 
543,1292.919 
544,1787.581 
545,1447.470 
546,1326.718 
547,1236.962 
548,1426.306 
549,1721.063 
550,1537.105 
551,1505.939 
552,1226.996 
553,1370.358 
554,1173.405 
555,1663.554 
556,1602.369 
557,1803.331 
558,1448.707 
559,1060.648 
560,1130.396 
561,1793.293 
562,1323.657 
563,1550.874 
564,2080.755 
565,1553.004 
566,1895.860 
567,1090.308 
568,1747.477 
569,1013.154 
570,950.621 
571,1606.068 
572,1434.691 
573,1366.762 
574,1239.066 
575,1589.267 
576,1245.601 
577,1556.365 
578,1373.117 
579,1616.214 
580,1955.876 
581,1115.953 
582,1565.063 
583,1221.985 
584,1447.697 
585,1133.600 
586,1414.586 
587,1564.281 
588,1288.823 
589,1288.975 
590,1276.859 
591,1532.440 
592,1463.876 
593,1398.857 
594,2160.448 
595,1056.490 
596,1045.424 
597,1646.062 
598,1530.915 
599,1316.505 
600,1213.056 
601,1463.286 
602,1240.711 
603,1279.642 
604,1082.166 
605,1353.767 
606,1774.900 
607,1634.662 
608,1313.453 
609,1183.078 
610,1209.935 
611,1329.093 
612,1140.471 
613,1201.445 
614,1296.458 
615,1189.295 
616,1747.601 
617,1563.380 
618,1436.367 
619,1575.894 
620,1048.082 
621,1831.523 
622,1449.942 
623,986.180 
624,1328.596 
625,1718.670 
626,1786.786 
627,1651.104 
628,1183.276 
629,1184.998 
630,1836.605 
631,879.782 
632,1629.602 
633,1344.301 
634,1018.881 
635,1397.676 
636,2063.689 
637,1216.260 
638,1316.208 
639,1408.658 
640,1253.475 
641,1476.972 
642,1696.868 
643,1557.394 
644,1147.691 
645,1187.075 
646,1201.704 
647,1322.928 
648,1667.094 
649,1312.953 
650,1121.866 
651,1134.212 
652,1370.557 
653,1225.033 
654,1275.966 
655,1459.900 
656,1193.633 
657,1358.120 
658,1176.645 
659,1168.729 
660,1612.558 
661,1672.397 
662,1547.960 
663,1155.810 
664,1350.276 
665,1008.738 
666,1609.030 
667,1621.141 
668,1693.341 
669,1143.295 
670,1280.606 
671,1491.360 
672,1347.551 
673,1276.521 
674,1567.998 
675,1298.172 
676,1672.855 
677,1405.628 
678,1773.904 
679,1351.674 
680,1156.399 
681,955.925 
682,1437.689 
683,1434.236 
684,1788.792 
685,1416.652 
686,1347.341 
687,1603.641 
688,1162.442 
689,1545.082 
690,1051.730 
691,1209.067 
692,1182.218 
693,1306.177 
694,1285.696 
695,1615.108 
696,1191.116 
697,1429.367 
698,1271.202 
699,1340.378 
700,1652.383 
701,1643.493 
702,1783.468 
703,1237.379 
704,1464.423 
705,1184.369 
706,1663.951 
707,1581.441 
708,1544.926 
709,1291.980 
710,1527.058 
711,1863.161 
712,1059.795 
713,1785.699 
714,1167.563 
715,1224.005 
716,1727.690 
717,1131.860 
718,1166.844 
719,1299.615 
720,1519.316 
721,749.938 
722,1085.702 
723,1193.347 
724,1403.083 
725,1148.923 
726,1359.014 
727,1518.416 
728,1016.413 
729,1758.643 
730,1265.428 
731,1377.886 
732,962.866 
733,1246.468 
734,1021.944 
735,1135.206 
736,1946.261 
737,1650.450 
738,1268.663 
739,1059.209 
740,967.587 
741,1283.434 
742,1864.533 
743,1066.375 
744,1915.775 
745,1109.606 
746,1394.892 
747,1498.024 
748,1102.574 
749,1559.280 
750,1154.591 
751,1581.811 
752,1485.676 
753,1104.497 
754,1355.659 
755,1506.000 
756,1229.818 
757,1290.926 
758,1264.830 
759,1214.065 
760,1144.581 
761,1283.956 
762,1256.487 
763,1389.050 
764,1259.601 
765,1604.689 
766,1412.726 
767,1050.661 
768,1635.209 
769,1431.262 
770,1503.099 
771,839.611 
772,1046.876 
773,1344.634 
774,1219.200 
775,1540.291 
776,1348.020 
777,1265.868 
778,1323.538 
779,1212.498 
780,1161.791 
781,1030.568 
782,1567.602 
783,1182.330 
784,1281.669 
785,1371.024 
786,1186.327 
787,1071.276 
788,1708.754 
789,1059.008 
790,1238.090 
791,1890.196 
792,1324.814 
793,941.381 
794,1437.750 
795,1529.918 
796,1136.256 
797,1281.112 
798,1311.583 
799,1293.946 
800,1248.718 
801,990.472 
802,1089.248 
803,998.408 
804,1470.522 
805,1278.754 
806,901.832 
807,1626.856 
808,1084.637 
809,1811.307 
810,1373.188 
811,1117.189 
812,1309.482 
813,1068.781 
814,832.291 
815,1339.539 
816,1389.129 
817,1574.002 
818,1256.970 
819,1230.392 
820,1363.913 
821,1000.122 
822,1524.856 
823,1725.080 
824,1562.978 
825,952.983 
826,989.201 
827,1094.762 
828,1405.957 
829,1126.162 
830,1368.290 
831,1980.169 
832,1245.855 
833,1021.355 
834,1583.334 
835,1227.732 
836,1222.725 
837,1282.939 
838,2067.880 
839,1625.572 
840,1158.946 
841,1736.580 
842,1430.769 
843,1358.716 
844,1483.333 
845,1204.108 
846,1904.094 
847,916.610 
848,1371.708 
849,1616.477 
850,1022.209 
851,1374.616 
852,1285.759 
853,1222.601 
854,955.602 
855,1460.952 
856,1615.180 
857,1223.717 
858,1611.875 
859,1201.722 
860,1500.396 
861,1356.636 
862,1735.593 
863,1056.304 
864,1619.776 
865,1668.293 
866,990.285 
867,1322.598 
868,1747.320 
869,1489.393 
870,1369.900 
871,1000.889 
872,1334.290 
873,1409.916 
874,1126.640 
875,1211.911 
876,1271.762 
877,1124.622 
878,1132.763 
879,690.392 
880,1408.434 
881,1177.690 
882,1488.337 
883,1043.649 
884,1464.826 
885,1347.665 
886,1159.762 
887,1540.587 
888,1250.412 
889,1019.025 
890,1537.686 
891,1376.692 
892,963.027 
893,1202.411 
894,994.826 
895,1167.275 
896,1607.106 
897,1109.240 
898,1693.671 
899,1266.673 
900,1283.536 
901,1179.276 
902,1165.215 
903,1334.462 
904,1410.663 
905,1162.403 
906,1057.984 
907,1417.831 
908,1704.777 
909,1532.014 
910,1459.622 
911,1113.740 
912,1547.558 
913,1357.865 
914,1180.488 
915,573.439 
916,1141.397 
917,1513.192 
918,1128.400 
919,658.862 
920,1066.460 
921,1205.348 
922,1046.780 
923,1359.263 
924,992.921 
925,1341.067 
926,1165.479 
927,1256.006 
928,1263.827 
929,1274.156 
930,1572.931 
931,1421.503 
932,1376.649 
933,972.378 
934,869.587 
935,1697.884 
936,1440.245 
937,1557.695 
938,1490.581 
939,1542.199 
940,1688.566 
941,1053.869 
942,1315.655 
943,892.232 
944,1124.925 
945,1546.271 
946,1356.422 
947,834.567 
948,1154.366 
949,1033.285 
950,1211.589 
951,1408.059 
952,1134.995 
953,1479.749 
954,1032.233 
955,932.149 
956,1137.109 
957,1054.584 
958,1032.279 
959,1048.674 
960,1471.477 
961,1867.670 
962,1219.660 
963,1238.336 
964,1527.297 
965,1419.426 
966,1344.140 
967,1330.995 
968,1094.696 
969,866.839 
970,1127.858 
971,1408.179 
972,1453.510 
973,1378.714 
974,1474.128 
975,1600.127 
976,1032.006 
977,1116.620 
978,1915.687 
979,1464.947 
980,1104.408 
981,1346.584 
982,1262.062 
983,1320.248 
984,1446.642 
985,1417.151 
986,1419.793 
987,1284.042 
988,1196.132 
989,1405.580 
990,1474.103 
991,950.013 
992,1709.352 
993,2103.503 
994,1375.348 
995,1556.838 
996,1179.069 
997,1639.912 
998,898.537 
999,1236.890 
1000,1209.639 
1001,647.479 
1002,1037.880 
1003,1391.677 
1004,1472.044 
1005,1137.275 
1006,1248.756 
1007,1071.386 
1008,1207.157 
1009,1315.093 
1010,917.093 
1011,1694.941 
1012,1392.293 
1013,1705.202 
1014,830.809 
1015,1075.299 
1016,1012.081 
1017,1274.873 
1018,1397.690 
1019,1519.654 
1020,1362.738 
1021,1683.773 
1022,1303.959 
1023,1451.569 
1024,1084.445 
1025,1423.398 
1026,977.176 
1027,1481.328 
1028,1104.680 
1029,1511.672 
1030,819.055 
1031,1349.824 
1032,1490.007 
1033,1245.939 
1034,1615.870 
1035,1080.819 
1036,1369.622 
1037,1355.136 
1038,1254.393 
1039,1818.886 
1040,1282.683 
1041,1371.934 
1042,1238.638 
1043,1750.805 
1044,1332.500 
1045,1738.303 
1046,1557.412 
1047,1618.138 
1048,1128.974 
1049,907.512 
1050,1287.231 
1051,1360.911 
1052,1164.399 
1053,1200.359 
1054,1176.699 
1055,872.499 
1056,1514.027 
1057,1193.023 
1058,1224.388 
1059,1167.888 
1060,1290.146 
1061,1566.902 
1062,1286.271 
1063,1203.152 
1064,989.868 
1065,1686.736 
1066,1675.106 
1067,1409.672 
1068,1144.169 
1069,1028.823 
1070,1733.738 
1071,1054.158 
1072,1152.973 
1073,1067.875 
1074,1207.571 
1075,1671.494 
1076,1406.625 
1077,1602.881 
1078,1391.510 
1079,924.602 
1080,1294.362 
1081,1345.153 
1082,1083.911 
1083,935.820 
1084,1360.636 
1085,1550.073 
1086,898.280 
1087,1487.122 
1088,953.935 
1089,1266.570 
1090,1315.650 
1091,1425.238 
1092,1329.090 
1093,1049.309 
1094,1269.662 
1095,1639.413 
1096,1080.246 
1097,996.226 
1098,2106.370 
1099,1067.930 
1100,1311.881 
1101,1291.256 
1102,1067.141 
1103,1515.295 
1104,1334.654 
1105,1685.583 
1106,1935.432 
1107,839.393 
1108,1665.313 
1109,1553.879 
1110,1337.122 
1111,1511.423 
1112,905.418 
1113,1594.966 
1114,1885.882 
1115,1333.975 
1116,1496.061 
1117,1406.900 
1118,1306.727 
1119,1377.411 
1120,1023.596 
1121,1048.985 
1122,1235.239 
1123,1345.629 
1124,1007.389 
1125,1230.174 
1126,1424.099 
1127,1256.794 
1128,1004.411 
1129,1794.456 
1130,1415.333 
1131,1994.069 
1132,1407.209 
1133,1147.432 
1134,1736.584 
1135,830.548 
1136,1453.325 
1137,1676.620 
1138,1495.745 
1139,1194.504 
1140,1402.687 
1141,1239.034 
1142,1109.382 
1143,1750.314 
1144,1230.298 
1145,1366.622 
1146,958.964 
1147,1150.721 
1148,1851.300 
1149,1216.453 
1150,999.847 
1151,1261.343 
1152,1049.777 
1153,1465.846 
1154,1270.697 
1155,1208.533 
1156,1112.495 
1157,1416.252 
1158,1008.247 
1159,1187.570 
1160,1258.785 
1161,1189.445 
1162,1180.966 
1163,1440.631 
1164,1152.991 
1165,1155.244 
1166,1262.891 
1167,1629.540 
1168,991.584 
1169,1765.670 
1170,1319.310 
1171,1631.781 
1172,1314.790 
1173,917.821 
1174,994.081 
1175,1134.289 
1176,1204.130 
1177,835.416 
1178,1143.276 
1179,1371.040 
1180,1382.882 
1181,1557.787 
1182,1083.099 
1183,1008.192 
1184,980.163 
1185,1148.324 
1186,1243.972 
1187,1104.050 
1188,986.366 
1189,1207.079 
1190,997.821 
1191,1247.739 
1192,943.957 
1193,990.822 
1194,1586.334 
1195,969.577 
1196,1256.235 
1197,980.951 
1198,990.294 
1199,1277.072 
1200,1269.606 
1201,1163.054 
1202,1058.592 
1203,1308.245 
1204,1002.576 
1205,988.640 
1206,1457.390 
1207,1640.001 
1208,1272.497 
1209,1675.196 
1210,1058.882 
1211,1198.047 
1212,1133.036 
1213,1471.809 
1214,1462.570 
1215,1234.061 
1216,1721.355 
1217,930.783 
1218,1576.336 
1219,1110.747 
1220,1102.060 
1221,1191.954 
1222,1060.209 
1223,1270.823 
1224,1243.683 
1225,1458.249 
1226,1383.564 
1227,1652.254 
1228,954.370 
1229,1032.855 
1230,1985.094 
1231,1476.263 
1232,1378.291 
1233,1025.110 
1234,1971.097 
1235,1454.989 
1236,1378.822 
1237,1464.396 
1238,1258.176 
1239,1026.529 
1240,1682.013 
1241,1252.808 
1242,1302.196 
1243,984.295 
1244,1032.550 
1245,1575.696 
1246,957.722 
1247,1296.620 
1248,1844.333 
1249,1297.068 
1250,1119.656 
1251,1164.287 
1252,1151.170 
1253,1903.112 
1254,1375.170 
1255,1405.507 
1256,1592.083 
1257,1234.272 
1258,1681.498 
1259,1454.718 
1260,1377.015 
1261,1627.873 
1262,1673.212 
1263,1936.506 
1264,1588.507 
1265,1051.601 
1266,1326.126 
1267,1620.551 
1268,1451.161 
1269,1546.245 
1270,1385.243 
1271,1267.531 
1272,1359.297 
1273,1167.578 
1274,1176.525 
1275,1040.952 
1276,1287.259 
1277,1578.328 
1278,1156.392 
1279,1355.002 
1280,1375.196 
1281,1034.113 
1282,1564.298 
1283,981.614 
1284,1127.615 
1285,775.575 
1286,1017.189 
1287,1115.003 
1288,1311.952 
1289,1201.256 
1290,1409.665 
1291,1022.919 
1292,1205.027 
1293,991.303 
1294,1447.080 
1295,1330.894 
1296,1537.714 
1297,1092.447 
1298,1058.868 
1299,1051.914 
1300,1139.298 
1301,1061.074 
1302,1381.300 
1303,1574.247 
1304,1295.895 
1305,1139.115 
1306,919.647 
1307,1503.468 
1308,1649.525 
1309,942.794 
1310,1176.299 
1311,1019.739 
1312,1050.383 
1313,1263.295 
1314,1285.528 
1315,1899.318 
1316,1494.716 
1317,1551.302 
1318,1092.151 
1319,1954.803 
1320,1073.293 
1321,1335.364 
1322,1498.669 
1323,1421.458 
1324,1012.865 
1325,1231.129 
1326,1527.049 
1327,1030.055 
1328,1418.365 
1329,1452.101 
1330,1387.986 
1331,1061.056 
1332,1183.118 
1333,1018.142 
1334,946.701 
1335,1492.225 
1336,1521.992 
1337,1083.481 
1338,1323.237 
1339,1557.723 
1340,880.120 
1341,1526.201 
1342,1483.703 
1343,1718.710 
1344,1123.424 
1345,696.130 
1346,1029.875 
1347,1063.504 
1348,928.191 
1349,1412.291 
1350,1218.013 
1351,1250.456 
1352,1830.216 
1353,1495.516 
1354,1285.726 
1355,1424.332 
1356,1023.267 
1357,1123.128 
1358,1135.388 
1359,1133.357 
1360,1525.932 
1361,1317.990 
1362,1170.951 
1363,1699.548 
1364,1203.499 
1365,1198.981 
1366,1418.226 
1367,1405.842 
1368,1291.583 
1369,1365.070 
1370,807.887 
1371,1151.534 
1372,1895.397 
1373,1607.352 
1374,1450.251 
1375,1678.671 
1376,1197.670 
1377,1192.783 
1378,1058.976 
1379,1302.260 
1380,1169.511 
1381,857.592 
1382,940.039 
1383,1059.537 
1384,1589.968 
1385,1663.557 
1386,1624.445 
1387,1278.772 
1388,1601.930 
1389,903.768 
1390,1491.662 
1391,1412.689 
1392,1826.596 
1393,1338.916 
1394,1648.765 
1395,1015.019 
1396,1274.554 
1397,1460.247 
1398,1184.510 
1399,941.309 
1400,1666.707 
1401,1194.565 
1402,878.278 
1403,1248.579 
1404,1317.277 
1405,1122.591 
1406,1257.809 
1407,1173.355 
1408,1326.439 
1409,975.356 
1410,1163.021 
1411,639.416 
1412,1005.454 
1413,1392.636 
1414,939.094 
1415,782.573 
1416,1216.743 
1417,1165.207 
1418,1145.551 
1419,1094.655 
1420,1713.598 
1421,1819.831 
1422,950.819 
1423,1037.143 
1424,1458.316 
1425,1902.057 
1426,1223.873 
1427,1426.333 
1428,1385.905 
1429,1314.645 
1430,984.877 
1431,1155.883 
1432,872.961 
1433,1377.396 
1434,1086.312 
1435,1264.981 
1436,926.387 
1437,1610.020 
1438,999.569 
1439,1396.854 
1440,1535.670 
1441,1499.184 
1442,1277.068 
1443,909.163 
1444,1597.861 
1445,1001.884 
1446,952.590 
1447,1746.410 
1448,1198.807 
1449,1190.660 
1450,1259.772 
1451,1098.697 
1452,1227.459 
1453,1217.255 
1454,1297.726 
1455,1344.695 
1456,1610.326 
1457,1172.254 
1458,1353.220 
1459,1064.580 
1460,976.669 
1461,990.041 
1462,1005.843 
1463,1350.377 
1464,1131.821 
1465,973.576 
1466,1001.963 
1467,1066.521 
1468,1414.027 
1469,1733.683 
1470,832.088 
1471,1463.738 
1472,952.474 
1473,993.384 
1474,1031.275 
1475,1193.116 
1476,1451.475 
1477,1098.969 
1478,1302.021 
1479,1257.959 
1480,1337.912 
1481,1053.752 
1482,1305.382 
1483,1374.617 
1484,1744.333 
1485,1252.467 
1486,1207.248 
1487,1252.929 
1488,1618.189 
1489,1215.541 
1490,1444.497 
1491,1271.194 
1492,1718.805 
1493,1304.508 
1494,1277.091 
1495,1048.586 
1496,1200.305 
1497,1353.528 
1498,1194.385 
1499,1199.527 
1500,1684.763 
1501,1191.339 
1502,766.274 
1503,1078.061 
1504,1248.486 
1505,1278.149 
1506,1613.218 
1507,1473.609 
1508,1464.359 
1509,1597.271 
1510,1244.901 
1511,1838.613 
1512,950.546 
1513,1353.207 
1514,909.183 
1515,1226.555 
1516,1352.016 
1517,1559.472 
1518,1034.245 
1519,1289.802 
1520,1475.201 
1521,1456.907 
1522,1425.776 
1523,1286.900 
1524,1125.346 
1525,1326.539 
1526,1029.812 
1527,1246.138 
1528,1440.574 
1529,1479.467 
1530,1508.699 
1531,1196.693 
1532,1317.339 
1533,1340.418 
1534,1010.660 
1535,1282.031 
1536,1625.218 
1537,1543.811 
1538,1415.201 
1539,1203.208 
1540,1452.190 
1541,807.393 
1542,1275.501 
1543,1111.903 
1544,1388.147 
1545,1184.188 
1546,1446.701 
1547,1169.461 
1548,1569.389 
1549,1255.767 
1550,1090.062 
1551,1114.368 
1552,1549.793 
1553,1304.269 
1554,1106.167 
1555,1678.621 
1556,1133.399 
1557,1059.549 
1558,849.756 
1559,1208.665 
1560,1667.014 
1561,1088.830 
1562,803.127 
1563,1169.217 
1564,1416.122 
1565,1153.479 
1566,1290.764 
1567,1453.094 
1568,1216.008 
1569,1329.182 
1570,1376.490 
1571,1339.353 
1572,1202.930 
1573,1351.797 
1574,1285.096 
1575,896.786 
1576,1510.395 
1577,1304.558 
1578,1673.125 
1579,1381.192 
1580,1056.959 
1581,1325.047 
1582,1277.404 
1583,1245.480 
1584,1221.535 
1585,1393.828 
1586,1501.397 
1587,1061.811 
1588,1285.025 
1589,1439.279 
1590,1012.459 
1591,892.224 
1592,1243.475 
1593,1681.113 
1594,1201.636 
1595,1482.786 
1596,1295.661 
1597,1403.094 
1598,1165.885 
1599,1453.427 
1600,1597.922 
1601,1974.891 
1602,1276.782 
1603,1139.597 
1604,1168.191 
1605,1241.448 
1606,1366.162 
1607,1537.320 
1608,835.533 
1609,1652.417 
1610,1112.196 
1611,1379.315 
1612,1277.324 
1613,1539.809 
1614,1470.576 
1615,964.937 
1616,1378.960 
1617,1245.491 
1618,1324.761 
1619,822.915 
1620,1414.132 
1621,1088.371 
1622,1284.938 
1623,1329.007 
1624,1141.263 
1625,1459.087 
1626,1338.557 
1627,1186.114 
1628,1424.144 
1629,1367.611 
1630,1133.229 
1631,1526.950 
1632,1340.772 
1633,840.414 
1634,1847.925 
1635,1395.109 
1636,1658.558 
1637,1046.013 
1638,1100.986 
1639,1097.849 
1640,1026.219 
1641,1495.473 
1642,879.010 
1643,1089.390 
1644,1205.123 
1645,1204.999 
1646,1531.542 
1647,937.201 
1648,1366.546 
1649,1326.979 
1650,1564.479 
1651,1356.136 
1652,761.277 
1653,886.492 
1654,1240.271 
1655,1014.767 
1656,1480.083 
1657,1375.693 
1658,1340.490 
1659,1407.883 
1660,1654.954 
1661,1226.289 
1662,1246.458 
1663,1038.278 
1664,1126.351 
1665,1356.880 
1666,1028.653 
1667,1365.295 
1668,1306.178 
1669,1235.163 
1670,1065.243 
1671,1197.434 
1672,1282.548 
1673,1031.667 
1674,1523.756 
1675,1451.803 
1676,1075.028 
1677,1079.300 
1678,916.381 
1679,676.983 
1680,1266.459 
1681,1148.594 
1682,866.086 
1683,1589.769 
1684,1366.126 
1685,844.135 
1686,1310.279 
1687,1615.615 
1688,1377.560 
1689,1528.452 
1690,1563.445 
1691,913.443 
1692,1097.785 
1693,1254.035 
1694,1055.174 
1695,1340.426 
1696,1382.047 
1697,1335.360 
1698,1817.106 
1699,1117.925 
1700,1021.616 
1701,1470.175 
1702,1448.533 
1703,1048.073 
1704,1353.556 
1705,1348.072 
1706,1387.996 
1707,1172.269 
1708,1183.577 
1709,1145.552 
1710,1248.062 
1711,1406.103 
1712,987.982 
1713,1060.432 
1714,1571.116 
1715,1017.200 
1716,1638.143 
1717,1373.676 
1718,1325.268 
1719,1104.901 
1720,1105.119 
1721,1297.506 
1722,1182.185 
1723,1100.898 
1724,1411.668 
1725,1319.999 
1726,1048.045 
1727,1727.127 
1728,1354.435 
1729,1146.931 
1730,896.726 
1731,1108.278 
1732,1425.357 
1733,985.070 
1734,1229.919 
1735,897.159 
1736,822.540 
1737,1403.004 
1738,1476.002 
1739,970.448 
1740,1221.774 
1741,1030.586 
1742,1176.823 
1743,1035.987 
1744,1758.843 
1745,1453.253 
1746,1626.207 
1747,1261.636 
1748,1306.313 
1749,1166.148 
1750,974.423 
1751,1292.338 
1752,1276.837 
1753,1464.262 
1754,1416.714 
1755,1318.837 
1756,1348.669 
1757,1682.283 
1758,1302.511 
1759,1089.219 
1760,1864.100 
1761,1186.109 
1762,1242.592 
1763,1225.026 
1764,1380.187 
1765,1142.930 
1766,1456.094 
1767,1256.897 
1768,1346.442 
1769,1296.593 
1770,961.025 
1771,850.760 
1772,1189.229 
1773,1165.627 
1774,1114.704 
1775,1404.449 
1776,1434.555 
1777,1253.364 
1778,1418.662 
1779,1235.735 
1780,1312.250 
1781,1275.485 
1782,1072.480 
1783,1700.009 
1784,1172.085 
1785,1171.429 
1786,1347.354 
1787,1343.363 
1788,1597.697 
1789,1373.298 
1790,1393.892 
1791,1396.632 
1792,1646.262 
1793,843.881 
1794,1602.857 
1795,1632.697 
1796,1027.336 
1797,1278.219 
1798,1352.632 
1799,950.188 
1800,1177.876 
1801,1937.500 
1802,1169.563 
1803,1158.184 
1804,1400.103 
1805,1133.282 
1806,746.994 
1807,1280.681 
1808,1022.283 
1809,1354.612 
1810,1430.159 
1811,1000.007 
1812,1280.780 
1813,1071.821 
1814,789.309 
1815,1047.141 
1816,1163.069 
1817,1097.130 
1818,1210.694 
1819,1288.623 
1820,1157.749 
1821,1306.823 
1822,1187.583 
1823,1177.336 
1824,1448.070 
1825,1435.680 
1826,1487.783 
1827,1246.018 
1828,1072.653 
1829,1038.718 
1830,1239.700 
1831,1153.206 
1832,1116.428 
1833,1738.095 
1834,1465.827 
1835,843.271 
1836,1015.749 
1837,1063.644 
1838,1565.714 
1839,996.473 
1840,1565.591 
1841,1467.884 
1842,1289.715 
1843,1248.612 
1844,1097.016 
1845,1209.055 
1846,1307.299 
1847,1438.672 
1848,899.091 
1849,1431.645 
1850,938.147 
1851,1385.907 
1852,985.236 
1853,1934.153 
1854,887.570 
1855,1303.409 
1856,1206.018 
1857,1336.094 
1858,1664.122 
1859,1284.314 
1860,1326.394 
1861,1357.357 
1862,1497.441 
1863,1250.561 
1864,988.609 
1865,1517.344 
1866,1629.132 
1867,1197.943 
1868,849.956 
1869,1202.070 
1870,1330.345 
1871,1210.334 
1872,1157.756 
1873,1141.354 
1874,1512.708 
1875,1287.214 
1876,1429.841 
1877,1573.461 
1878,956.727 
1879,1710.255 
1880,1658.951 
1881,1300.739 
1882,1321.976 
1883,1400.016 
1884,902.963 
1885,1377.753 
1886,1400.165 
1887,839.515 
1888,1301.679 
1889,1266.994 
1890,973.109 
1891,1193.329 
1892,1132.147 
1893,1256.702 
1894,1132.242 
1895,1223.806 
1896,938.250 
1897,1108.981 
1898,1169.078 
1899,1072.469 
1900,1361.726 
1901,1258.878 
1902,1457.786 
1903,1401.556 
1904,1585.135 
1905,1243.648 
1906,1486.032 
1907,1005.659 
1908,1511.498 
1909,1012.747 
1910,1044.317 
1911,1220.788 
1912,1298.454 
1913,935.339 
1914,1325.511 
1915,1197.669 
1916,1665.930 
1917,1108.525 
1918,967.258 
1919,1296.699 
1920,1313.437 
1921,937.604 
1922,985.825 
1923,1212.564 
1924,1339.753 
1925,1554.326 
1926,1438.571 
1927,1101.313 
1928,975.806 
1929,1048.993 
1930,1534.096 
1931,1164.203 
1932,1323.895 
1933,1604.638 
1934,1543.603 
1935,875.384 
1936,862.826 
1937,1375.815 
1938,1515.291 
1939,1544.063 
1940,1131.896 
1941,1001.263 
1942,1294.329 
1943,918.856 
1944,1569.125 
1945,1595.190 
1946,1623.307 
1947,993.403 
1948,1346.571 
1949,1350.599 
1950,1134.347 
1951,1072.621 
1952,998.772 
1953,1565.464 
1954,1639.398 
1955,1113.992 
1956,1324.373 
1957,1137.308 
1958,1613.280 
1959,1114.148 
1960,1840.153 
1961,967.286 
1962,1707.550 
1963,1340.238 
1964,1356.999 
1965,1450.824 
1966,1473.778 
1967,799.921 
1968,1413.287 
1969,1083.609 
1970,1107.704 
1971,1593.370 
1972,1087.265 
1973,1253.342 
1974,1232.916 
1975,1080.080 
1976,1483.712 
1977,1448.938 
1978,1210.763 
1979,1074.449 
1980,1260.576 
1981,1121.792 
1982,1270.905 
1983,1278.863 
1984,1270.697 
1985,994.204 
1986,1148.657 
1987,1453.603 
1988,781.297 
1989,856.450 
1990,1356.026 
1991,1219.460 
1992,1088.655 
1993,1687.209 
1994,1091.315 
1995,1105.662 
1996,1496.047 
1997,1563.313 
1998,1207.401 
1999,1549.075 
