0,4.853 
0,4.620 
0,4.635 
0,3.504 
0,1.927 
0,4.069 
0,4.066 
0,3.990 
0,2.802 
0,21.656 
1,4.762 
1,4.740 
1,4.666 
1,4.648 
1,4.569 
1,4.531 
1,4.466 
1,3.403 
1,4.270 
1,26.655 
2,4.691 
2,4.620 
2,4.506 
2,4.605 
2,4.619 
2,4.487 
2,4.482 
2,3.109 
2,3.370 
2,26.844 
3,4.921 
3,4.684 
3,4.690 
3,4.115 
3,2.859 
3,4.229 
3,2.171 
3,3.645 
3,3.729 
3,21.695 
4,4.921 
4,4.740 
4,4.588 
4,4.371 
4,4.074 
4,4.141 
4,4.232 
4,1.395 
4,3.766 
4,21.521 
5,4.921 
5,4.875 
5,4.480 
5,3.916 
5,2.873 
5,3.865 
5,4.026 
5,2.235 
5,-10.000 
6,4.921 
6,4.740 
6,4.480 
6,4.279 
6,2.583 
6,3.870 
6,3.846 
6,1.936 
6,4.381 
6,21.521 
7,4.921 
7,4.875 
7,3.554 
7,4.707 
7,4.607 
7,4.680 
7,3.477 
7,4.204 
7,2.788 
7,25.071 
8,4.762 
8,4.740 
8,4.371 
8,4.311 
8,3.725 
8,3.852 
8,2.122 
8,2.914 
8,3.937 
8,23.295 
9,4.921 
9,4.704 
9,4.519 
9,4.380 
9,4.186 
9,3.514 
9,3.981 
9,2.931 
9,2.581 
9,24.758 
10,4.921 
10,4.875 
10,4.670 
10,4.137 
10,4.664 
10,3.981 
10,4.407 
10,4.033 
10,2.303 
10,23.808 
11,4.921 
11,3.551 
11,4.597 
11,4.497 
11,4.294 
11,2.019 
11,2.719 
11,3.486 
11,3.843 
11,21.927 
12,4.921 
12,4.875 
12,3.554 
12,3.855 
12,3.968 
12,4.298 
12,4.642 
12,4.057 
12,2.816 
12,25.063 
13,4.921 
13,4.785 
13,4.567 
13,3.936 
13,4.649 
13,4.056 
13,4.422 
13,4.140 
13,3.377 
13,26.650 
14,4.691 
14,4.574 
14,3.638 
14,2.902 
14,4.569 
14,4.324 
14,4.292 
14,4.228 
14,3.835 
14,21.637 
15,4.921 
15,4.819 
15,4.520 
15,4.498 
15,4.327 
15,2.549 
15,4.096 
15,2.262 
15,3.923 
15,21.793 
16,4.921 
16,4.875 
16,4.625 
16,4.622 
16,4.671 
16,4.018 
16,2.946 
16,4.212 
16,-10.000 
17,4.853 
17,4.694 
17,4.710 
17,4.754 
17,4.548 
17,4.490 
17,4.457 
17,4.086 
17,1.448 
17,21.859 
18,4.921 
18,4.875 
18,4.747 
18,4.782 
18,4.727 
18,4.558 
18,4.482 
18,3.535 
18,4.253 
18,21.915 
19,4.921 
19,4.795 
19,4.792 
19,2.320 
19,4.424 
19,3.914 
19,2.891 
19,4.036 
19,4.456 
19,21.894 
20,4.691 
20,4.574 
20,4.597 
20,3.540 
20,1.554 
20,4.398 
20,4.532 
20,4.253 
20,3.936 
20,22.039 
21,4.921 
21,4.704 
21,3.146 
21,4.552 
21,4.078 
21,4.234 
21,4.166 
21,4.330 
21,4.155 
21,26.887 
22,4.921 
22,2.977 
22,4.121 
22,2.371 
22,4.004 
22,4.415 
22,4.367 
22,4.063 
22,4.462 
22,21.842 
23,4.853 
23,4.123 
23,4.650 
23,2.332 
23,3.956 
23,3.096 
23,4.237 
23,2.865 
23,4.449 
23,21.623 
24,4.921 
24,4.684 
24,4.594 
24,3.911 
24,4.533 
24,4.475 
24,4.157 
24,4.018 
24,2.765 
24,22.194 
25,4.921 
25,4.704 
25,4.612 
25,3.490 
25,3.806 
25,4.031 
25,4.062 
25,3.633 
25,4.003 
25,26.666 
26,4.921 
26,4.684 
26,4.860 
26,4.137 
26,4.266 
26,2.940 
26,2.344 
26,4.593 
26,4.072 
26,21.876 
27,4.921 
27,2.977 
27,4.053 
27,4.136 
27,4.525 
27,4.501 
27,1.949 
27,4.324 
27,3.583 
27,21.596 
28,4.921 
28,4.670 
28,3.522 
28,4.552 
28,2.091 
28,4.613 
28,2.847 
28,3.778 
28,4.382 
28,22.131 
29,4.921 
29,4.670 
29,4.506 
29,4.598 
29,3.903 
29,4.334 
29,4.013 
29,1.967 
29,2.868 
29,22.313 
30,4.921 
30,4.203 
30,4.569 
30,4.509 
30,4.421 
30,4.194 
30,3.762 
30,2.705 
30,4.304 
30,24.857 
31,4.691 
31,4.670 
31,4.675 
31,4.707 
31,4.497 
31,2.700 
31,2.011 
31,3.974 
31,4.673 
31,22.239 
32,4.921 
32,4.785 
32,4.618 
32,3.886 
32,2.813 
32,2.296 
32,3.173 
32,4.502 
32,4.250 
32,21.719 
33,4.762 
33,4.574 
33,3.825 
33,2.810 
33,1.942 
33,4.246 
33,4.257 
33,4.390 
33,3.872 
33,22.212 
34,4.921 
34,4.875 
34,4.690 
34,4.672 
34,3.509 
34,2.115 
34,3.909 
34,2.846 
34,4.191 
34,22.194 
35,4.853 
35,4.620 
35,4.254 
35,4.197 
35,4.315 
35,4.237 
35,3.269 
35,1.315 
35,4.108 
35,21.617 
36,4.853 
36,4.819 
36,4.815 
36,4.754 
36,3.642 
36,4.640 
36,4.292 
36,2.875 
36,-10.000 
37,4.921 
37,4.123 
37,4.815 
37,4.053 
37,4.746 
37,4.412 
37,4.350 
37,1.954 
37,4.042 
37,23.661 
38,4.921 
38,4.704 
38,4.519 
38,4.414 
38,4.459 
38,4.432 
38,4.262 
38,3.410 
38,2.319 
38,25.197 
39,4.921 
39,4.474 
39,4.355 
39,4.367 
39,4.448 
39,4.485 
39,3.451 
39,4.429 
39,4.362 
39,22.076 
40,4.762 
40,4.694 
40,4.710 
40,4.056 
40,2.316 
40,2.920 
40,4.493 
40,4.220 
40,4.515 
40,22.408 
41,4.762 
41,4.740 
41,4.620 
41,4.616 
41,4.418 
41,4.551 
41,4.616 
41,4.562 
41,3.521 
41,22.152 
42,4.921 
42,4.787 
42,4.690 
42,4.540 
42,4.660 
42,4.759 
42,4.595 
42,3.625 
42,4.702 
42,23.826 
43,4.853 
43,4.819 
43,4.815 
43,4.840 
43,4.722 
43,4.289 
43,3.537 
43,4.482 
43,4.688 
43,25.050 
44,4.691 
44,3.551 
44,3.947 
44,4.393 
44,4.219 
44,3.976 
44,4.207 
44,3.904 
44,3.746 
44,27.187 
45,4.691 
45,4.670 
45,4.506 
45,4.364 
45,4.269 
45,3.198 
45,4.072 
45,4.125 
45,1.303 
45,21.426 
46,4.921 
46,4.740 
46,4.666 
46,4.648 
46,4.582 
46,3.463 
46,4.466 
46,1.984 
46,2.923 
46,22.391 
47,4.921 
47,4.704 
47,4.519 
47,4.594 
47,4.540 
47,2.444 
47,2.329 
47,4.575 
47,4.451 
47,21.884 
48,4.762 
48,4.740 
48,4.501 
48,4.540 
48,4.605 
48,4.700 
48,4.662 
48,4.181 
48,-10.000 
49,4.921 
49,4.740 
49,4.747 
49,3.540 
49,4.569 
49,1.997 
49,3.970 
49,4.598 
49,4.432 
49,23.696 
50,4.921 
50,4.819 
50,4.815 
50,2.891 
50,4.173 
50,4.136 
50,4.279 
50,3.815 
50,3.811 
50,22.049 
51,4.853 
51,4.620 
51,4.635 
51,4.431 
51,4.709 
51,4.533 
51,4.590 
51,2.382 
51,4.248 
51,21.965 
52,4.762 
52,4.694 
52,4.710 
52,4.754 
52,4.105 
52,2.920 
52,4.143 
52,4.264 
52,2.288 
52,22.313 
53,4.921 
53,4.875 
53,4.480 
53,4.485 
53,4.548 
53,4.490 
53,4.114 
53,4.535 
53,1.448 
53,21.937 
54,4.691 
54,4.670 
54,4.597 
54,4.019 
54,4.444 
54,4.415 
54,2.769 
54,4.465 
54,3.973 
54,22.333 
55,4.921 
55,4.875 
55,4.480 
55,4.485 
55,4.182 
55,4.381 
55,4.534 
55,2.383 
55,1.973 
55,22.358 
56,4.921 
56,4.704 
56,4.010 
56,2.281 
56,3.088 
56,4.475 
56,4.155 
56,2.835 
56,4.141 
56,21.796 
57,4.853 
57,4.123 
57,4.650 
57,4.317 
57,3.088 
57,4.068 
57,3.891 
57,3.938 
57,3.746 
57,24.887 
58,4.921 
58,4.740 
58,4.480 
58,4.338 
58,2.634 
58,4.427 
58,3.891 
58,4.448 
58,3.168 
58,24.988 
59,4.921 
59,4.717 
59,4.781 
59,4.604 
59,2.947 
59,4.731 
59,4.102 
59,2.295 
59,3.732 
59,21.664 
60,4.762 
60,4.574 
60,4.352 
60,4.395 
60,2.441 
60,4.246 
60,3.846 
60,4.617 
60,1.985 
60,21.870 
61,4.921 
61,4.819 
61,4.710 
61,4.594 
61,4.371 
61,3.313 
61,4.041 
61,3.792 
61,3.728 
61,23.344 
62,4.921 
62,4.875 
62,4.690 
62,4.704 
62,1.690 
62,3.830 
62,3.996 
62,4.150 
62,3.759 
62,21.521 
63,4.921 
63,4.875 
63,4.860 
63,1.713 
63,4.567 
63,3.217 
63,4.338 
63,4.475 
63,4.150 
63,22.259 
64,4.921 
64,4.795 
64,4.690 
64,2.840 
64,4.195 
64,4.298 
64,3.867 
64,3.551 
64,3.595 
64,21.941 
65,4.921 
65,4.717 
65,4.480 
65,4.367 
65,3.461 
65,2.805 
65,4.403 
65,4.251 
65,4.225 
65,24.781 
66,4.921 
66,4.597 
66,3.972 
66,3.911 
66,4.089 
66,2.610 
66,3.993 
66,3.169 
66,3.576 
66,24.309 
67,4.853 
67,4.597 
67,4.399 
67,4.190 
67,4.202 
67,4.205 
67,4.227 
67,3.399 
67,1.417 
67,21.694 
68,4.921 
68,3.551 
68,4.635 
68,4.373 
68,4.448 
68,4.409 
68,4.534 
68,1.390 
68,4.731 
68,21.953 
69,4.921 
69,4.819 
69,4.650 
69,4.594 
69,4.459 
69,4.545 
69,3.510 
69,4.225 
69,2.196 
69,24.843 
70,4.921 
70,4.684 
70,4.690 
70,3.158 
70,4.339 
70,4.073 
70,4.202 
70,2.766 
70,4.054 
70,25.036 
71,4.853 
71,4.694 
71,4.027 
71,4.165 
71,2.251 
71,4.440 
71,2.867 
71,4.350 
71,3.902 
71,22.190 
72,4.921 
72,4.717 
72,4.781 
72,4.530 
72,3.968 
72,4.510 
72,4.146 
72,2.915 
72,-10.000 
73,4.921 
73,4.704 
73,4.522 
73,4.416 
73,3.953 
73,1.977 
73,4.489 
73,4.597 
73,4.424 
73,24.097 
74,4.921 
74,4.875 
74,4.480 
74,4.509 
74,3.443 
74,4.558 
74,4.482 
74,4.489 
74,1.363 
74,21.875 
75,4.921 
75,4.819 
75,4.635 
75,3.584 
75,4.568 
75,4.680 
75,2.900 
75,3.999 
75,4.109 
75,24.997 
76,4.691 
76,4.670 
76,3.998 
76,4.136 
76,4.646 
76,3.894 
76,4.141 
76,2.824 
76,1.884 
76,21.516 
77,4.921 
77,4.819 
77,4.594 
77,3.448 
77,1.934 
77,4.475 
77,4.586 
77,4.092 
77,4.334 
77,22.043 
78,4.921 
78,4.740 
78,4.597 
78,4.395 
78,4.462 
78,3.446 
78,4.180 
78,4.530 
78,4.226 
78,23.947 
79,4.853 
79,4.597 
79,2.636 
79,4.287 
79,4.327 
79,4.141 
79,3.696 
79,4.168 
79,1.944 
79,22.088 
80,4.921 
80,4.670 
80,4.435 
80,3.419 
80,4.421 
80,4.293 
80,4.273 
80,4.094 
80,4.053 
80,21.553 
81,4.921 
81,4.740 
81,4.710 
81,4.485 
81,4.548 
81,4.640 
81,1.977 
81,4.593 
81,4.086 
81,23.833 
82,4.921 
82,3.551 
82,4.675 
82,4.395 
82,4.462 
82,4.551 
82,1.993 
82,4.261 
82,4.503 
82,22.362 
83,4.691 
83,4.574 
83,4.352 
83,4.292 
83,4.213 
83,4.105 
83,4.160 
83,3.380 
83,4.507 
83,22.194 
84,4.921 
84,4.717 
84,4.612 
84,4.631 
84,4.421 
84,4.415 
84,3.376 
84,3.323 
84,3.543 
84,24.619 
85,4.921 
85,4.740 
85,4.747 
85,2.698 
85,2.268 
85,3.770 
85,3.067 
85,4.336 
85,4.027 
85,21.683 
86,4.921 
86,4.875 
86,4.860 
86,4.704 
86,4.423 
86,4.458 
86,4.227 
86,1.508 
86,-10.000 
87,4.921 
87,4.740 
87,4.747 
87,4.782 
87,4.564 
87,2.659 
87,4.305 
87,4.224 
87,3.843 
87,25.303 
88,4.921 
88,4.819 
88,4.460 
88,4.547 
88,4.605 
88,3.537 
88,4.585 
88,2.351 
88,-10.000 
89,4.921 
89,4.795 
89,4.792 
89,3.570 
89,4.607 
89,4.613 
89,4.657 
89,1.565 
89,3.984 
89,21.903 
90,4.921 
90,4.819 
90,4.594 
90,2.140 
90,4.358 
90,4.158 
90,3.128 
90,4.064 
90,2.787 
90,22.117 
91,4.853 
91,4.819 
91,4.526 
0,4.691 
0,4.670 
0,4.675 
0,4.395 
0,4.462 
0,4.301 
0,3.470 
0,1.945 
0,3.973 
0,6.208 
1,4.921 
1,2.379 
1,4.690 
1,3.158 
1,4.607 
1,4.153 
1,2.901 
1,4.295 
1,4.371 
0,4.921 
0,4.795 
0,4.773 
0,4.717 
0,4.533 
0,4.525 
0,4.561 
0,4.817 
0,-10.000 
1,4.691 
1,4.049 
1,4.000 
1,3.475 
1,4.425 
1,4.387 
1,3.921 
1,2.703 
1,3.728 
0,4.691 
0,3.551 
0,4.675 
0,2.168 
0,4.769 
0,4.623 
0,4.425 
0,4.018 
0,4.334 
0,15.208 
1,4.921 
1,4.875 
1,4.690 
1,4.704 
1,2.828 
1,4.105 
1,3.890 
0,4.921 
0,4.875 
0,4.747 
0,4.619 
0,1.584 
0,4.767 
0,1.575 
0,4.539 
0,1.488 
0,12.041 
1,4.691 
1,4.670 
1,4.675 
1,4.472 
1,2.490 
1,2.406 
1,3.487 
1,1.360 
0,5.000 
0,5.000 
0,2.207 
0,4.505 
0,4.439 
0,4.697 
0,4.671 
0,4.468 
0,0.595 
0,169.542 
1,5.000 
1,5.000 
1,2.207 
1,5.000 
1,5.000 
1,5.000 
1,-0.476 
1,4.205 
1,3.940 
0,5.000 
0,5.000 
0,2.207 
0,5.000 
0,5.000 
0,-0.388 
0,4.671 
0,3.940 
0,3.085 
0,107.757 
1,5.000 
1,5.000 
1,5.000 
1,5.000 
1,5.000 
1,-0.411 
1,5.000 
1,3.732 
1,5.000 
1,107.421 
2,5.000 
2,5.000 
2,5.000 
2,5.000 
2,4.199 
2,4.468 
2,4.738 
2,4.505 
2,-0.362 
0,4.762 
0,4.474 
0,-0.247 
0,-1.036 
0,-1.115 
0,-1.094 
0,-1.998 
0,-0.757 
0,-1.833 
0,-1.210 
0,-69.693 
0,-15.593 
0,10.880 
1,-1.036 
1,-1.115 
1,-1.094 
1,-2.227 
1,-2.529 
1,-2.166 
1,-69.589 
1,-2.205 
1,-5.570 
1,10.368 
2,-0.247 
2,-0.396 
2,-1.496 
2,-0.511 
2,-1.583 
2,-1.227 
2,-2.301 
2,-1.406 
2,-1.940 
2,38.389 
3,-0.247 
3,-3.296 
3,-1.038 
3,-0.989 
3,-1.434 
3,-11.431 
3,-2.036 
3,-1.556 
3,-10.110 
3,24.251 
4,-0.247 
4,-0.396 
4,-0.596 
4,-1.104 
4,-2.107 
4,-12.831 
4,-5.956 
4,-9.332 
4,-4.599 
4,12.433 
5,-0.247 
5,-0.582 
5,-0.596 
5,-0.511 
5,-0.837 
5,-1.291 
5,-42.103 
5,-5.085 
5,-0.665 
5,33.409 
6,-0.247 
6,-1.115 
6,-1.094 
6,-1.568 
6,-1.350 
6,-1.626 
6,-1.213 
6,-4.578 
6,-110.200 
6,14.318 
7,-0.247 
7,-0.857 
7,-41.504 
7,-11.816 
0,-0.100 
0,-0.100 
0,-0.100 
0,-0.100 
0,-0.100 
0,-0.100 
0,-0.100 
0,-0.100 
0,-0.100 
0,81.434 
1,-0.100 
1,-0.100 
1,-0.100 
1,-0.100 
1,-0.100 
1,-0.100 
1,-0.100 
1,-0.100 
1,-0.100 
1,-5.000 
2,-0.100 
2,-0.100 
2,-0.100 
2,-0.100 
2,-0.100 
2,-0.100 
2,-0.100 
2,-0.100 
2,-0.100 
2,-5.000 
3,-0.100 
3,-0.100 
3,-0.100 
3,-0.100 
3,-0.100 
3,-0.100 
3,-0.100 
3,-0.100 
3,-0.100 
3,246.376 
4,-0.100 
4,-0.100 
4,-0.100 
4,-0.100 
4,-0.100 
4,-0.100 
4,-0.100 
4,-0.100 
4,-0.100 
4,-5.000 
5,-0.100 
5,-0.100 
5,-0.100 
5,-0.100 
5,-0.100 
5,-0.100 
5,-0.100 
5,-0.100 
5,-5.000 
6,-0.100 
6,-0.100 
6,-0.100 
6,-0.100 
6,-0.100 
6,-0.100 
6,-0.100 
6,-0.100 
6,-0.100 
6,-5.000 
7,-0.100 
7,-0.100 
7,-0.100 
7,-0.100 
7,-0.100 
7,-0.100 
7,-0.100 
7,-0.100 
7,-0.100 
7,-5.000 
8,-0.100 
8,-0.100 
8,-0.100 
8,-0.100 
8,-0.100 
8,-0.100 
8,-0.100 
8,-0.100 
8,-5.000 
9,-0.100 
9,-0.100 
9,-0.100 
9,-0.100 
9,-0.100 
9,-0.100 
9,-0.100 
9,-0.100 
9,-0.100 
9,-5.000 
10,-0.100 
10,-0.100 
10,-0.100 
10,-0.100 
10,-0.100 
10,-0.100 
10,-0.100 
10,-0.100 
10,-0.100 
10,-5.000 
11,-0.100 
11,-0.100 
11,-0.100 
11,-0.100 
11,-0.100 
11,-0.100 
11,-0.100 
11,-0.100 
11,-0.100 
11,-5.000 
12,-0.100 
12,-0.100 
12,-0.100 
12,-0.100 
12,-0.100 
12,-0.100 
12,-0.100 
12,-0.100 
12,-0.100 
12,-5.000 
13,-0.100 
13,-0.100 
13,-0.100 
13,-0.100 
13,-0.100 
13,-0.100 
13,-0.100 
13,-0.100 
13,-5.000 
14,-0.100 
14,-0.100 
14,-0.100 
14,-0.100 
14,-0.100 
14,-0.100 
14,-0.100 
14,-0.100 
14,-0.100 
14,-5.000 
15,-0.100 
15,-0.100 
15,-0.100 
15,-0.100 
15,-0.100 
15,-0.100 
15,-0.100 
15,-0.100 
15,-0.100 
15,-5.000 
16,-0.100 
16,-0.100 
16,-0.100 
16,-0.100 
16,-0.100 
16,-0.100 
16,-0.100 
16,-0.100 
16,-0.100 
16,-5.000 
17,-0.100 
17,-0.100 
17,-0.100 
17,-0.100 
17,-0.100 
17,-0.100 
17,-0.100 
17,-0.100 
17,-0.100 
17,-5.000 
18,-0.100 
18,-0.100 
18,-0.100 
18,-0.100 
18,-0.100 
18,-0.100 
18,-0.100 
18,-0.100 
18,-0.100 
18,-5.000 
19,-0.100 
19,-0.100 
19,-0.100 
19,-0.100 
19,-0.100 
19,-0.100 
19,-0.100 
19,-0.100 
19,-0.100 
19,-5.000 
20,-0.100 
20,-0.100 
20,-0.100 
20,-0.100 
20,-0.100 
20,-0.100 
20,-0.100 
20,-0.100 
20,-0.100 
20,-5.000 
21,-0.100 
21,-0.100 
21,-0.100 
21,-0.100 
21,-0.100 
21,-0.100 
21,-0.100 
21,-0.100 
21,-0.100 
21,-5.000 
22,-0.100 
22,-0.100 
22,-0.100 
22,-0.100 
22,-0.100 
22,-0.100 
22,-0.100 
22,-0.100 
22,-0.100 
22,-5.000 
23,-0.100 
23,-0.100 
23,-0.100 
23,-0.100 
23,-0.100 
23,-0.100 
23,-0.100 
23,-0.100 
23,-5.000 
24,-0.100 
24,-0.100 
24,-0.100 
24,-0.100 
24,-0.100 
24,-0.100 
24,-0.100 
24,-0.100 
24,-0.100 
24,-5.000 
25,-0.100 
25,-0.100 
25,-0.100 
25,-0.100 
25,-0.100 
25,-0.100 
25,-0.100 
25,-0.100 
25,-0.100 
25,121.033 
26,-0.100 
26,-0.100 
26,-0.100 
26,-0.100 
26,-0.100 
26,-0.100 
26,-0.100 
26,-0.100 
26,-0.100 
26,-5.000 
27,-0.100 
27,-0.100 
27,-0.100 
27,-0.100 
27,-0.100 
27,-0.100 
27,-0.100 
27,-0.100 
27,-0.100 
27,-5.000 
28,-0.100 
28,-0.100 
28,-0.100 
28,-0.100 
28,-0.100 
28,-0.100 
28,-0.100 
28,-0.100 
28,-0.100 
28,-5.000 
29,-0.100 
29,-0.100 
29,-0.100 
29,-0.100 
29,-0.100 
29,-0.100 
29,-0.100 
29,-0.100 
29,-0.100 
29,-5.000 
30,-0.100 
30,-0.100 
30,-0.100 
30,-0.100 
30,-0.100 
30,-0.100 
30,-0.100 
30,-0.100 
30,-0.100 
30,-5.000 
31,-0.100 
31,-0.100 
31,-0.100 
31,-0.100 
31,-0.100 
31,-0.100 
31,-0.100 
31,-0.100 
31,-0.100 
31,-5.000 
32,-0.100 
32,-0.100 
32,-0.100 
32,-0.100 
32,-0.100 
32,-0.100 
32,-0.100 
32,-0.100 
32,-0.100 
32,-5.000 
33,-0.100 
33,-0.100 
33,-0.100 
33,-0.100 
33,-0.100 
33,-0.100 
33,-0.100 
33,-0.100 
33,-0.100 
33,127.759 
34,-0.100 
34,-0.100 
34,-0.100 
34,-0.100 
34,-0.100 
34,-0.100 
34,-0.100 
34,-0.100 
34,-5.000 
35,-0.100 
35,-0.100 
35,-0.100 
35,-0.100 
35,-0.100 
35,-0.100 
35,-0.100 
35,-0.100 
35,-0.100 
35,-5.000 
36,-0.100 
36,-0.100 
36,-0.100 
36,-0.100 
36,-0.100 
36,-0.100 
36,-0.100 
36,-0.100 
36,-0.100 
36,-5.000 
37,-0.100 
37,-0.100 
37,-0.100 
37,-0.100 
37,-0.100 
37,-0.100 
37,-0.100 
37,-0.100 
37,-0.100 
37,-5.000 
38,-0.100 
38,-0.100 
38,-0.100 
38,-0.100 
38,-0.100 
38,-0.100 
38,-0.100 
38,-0.100 
38,-0.100 
38,-5.000 
39,-0.100 
39,-0.100 
39,-0.100 
39,-0.100 
39,-0.100 
39,-0.100 
39,-0.100 
39,-0.100 
39,-0.100 
39,-5.000 
40,-0.100 
40,-0.100 
40,-0.100 
40,-0.100 
40,-0.100 
40,-0.100 
40,-0.100 
40,-0.100 
40,-0.100 
40,-5.000 
41,-0.100 
41,-0.100 
41,-0.100 
41,-0.100 
41,-0.100 
41,-0.100 
41,-0.100 
41,-0.100 
41,-0.100 
41,-5.000 
42,-0.100 
42,-0.100 
42,-0.100 
42,-0.100 
42,-0.100 
42,-0.100 
42,-0.100 
42,-0.100 
42,-0.100 
42,-5.000 
43,-0.100 
43,-0.100 
43,-0.100 
43,-0.100 
43,-0.100 
43,-0.100 
43,-0.100 
43,-0.100 
43,-0.100 
43,-5.000 
44,-0.100 
44,-0.100 
44,-0.100 
44,-0.100 
44,-0.100 
44,-0.100 
44,-0.100 
44,-0.100 
44,-5.000 
45,-0.100 
45,-0.100 
45,-0.100 
45,-0.100 
45,-0.100 
45,-0.100 
45,-0.100 
45,-0.100 
45,-5.000 
46,-0.100 
46,-0.100 
46,-0.100 
46,-0.100 
46,-0.100 
46,-0.100 
46,-0.100 
46,-0.100 
46,-0.100 
46,-5.000 
47,-0.100 
47,-0.100 
47,-0.100 
47,-0.100 
47,-0.100 
47,-0.100 
47,-0.100 
47,-0.100 
47,-0.100 
47,-5.000 
48,-0.100 
48,-0.100 
48,-0.100 
48,-0.100 
48,-0.100 
48,-0.100 
48,-0.100 
48,-0.100 
48,-5.000 
49,-0.100 
49,-0.100 
49,-0.100 
49,-0.100 
49,-0.100 
49,-0.100 
49,-0.100 
49,-0.100 
49,-0.100 
49,-5.000 
50,-0.100 
50,-0.100 
50,-0.100 
50,-0.100 
50,-0.100 
50,-0.100 
50,-0.100 
50,-0.100 
50,-0.100 
50,-5.000 
51,-0.100 
51,-0.100 
51,-0.100 
51,-0.100 
51,-0.100 
51,-0.100 
51,-0.100 
51,-0.100 
51,-0.100 
51,-5.000 
52,-0.100 
52,-0.100 
52,-0.100 
52,-0.100 
52,-0.100 
52,-0.100 
52,-0.100 
52,-0.100 
52,-0.100 
52,-5.000 
53,-0.100 
53,-0.100 
53,-0.100 
53,-0.100 
53,-0.100 
53,-0.100 
53,-0.100 
53,-0.100 
53,-0.100 
53,-5.000 
54,-0.100 
54,-0.100 
54,-0.100 
54,-0.100 
54,-0.100 
54,-0.100 
54,-0.100 
54,-0.100 
54,-0.100 
54,-5.000 
55,-0.100 
55,-0.100 
55,-0.100 
55,-0.100 
55,-0.100 
55,-0.100 
55,-0.100 
55,-0.100 
55,-0.100 
55,-5.000 
56,-0.100 
56,-0.100 
56,-0.100 
56,-0.100 
56,-0.100 
56,-0.100 
56,-0.100 
56,-0.100 
56,-0.100 
56,-5.000 
57,-0.100 
57,-0.100 
57,-0.100 
57,-0.100 
57,-0.100 
57,-0.100 
57,-0.100 
57,-0.100 
57,-0.100 
57,-5.000 
58,-0.100 
58,-0.100 
58,-0.100 
58,-0.100 
58,-0.100 
58,-0.100 
58,-0.100 
58,-0.100 
58,-0.100 
58,-5.000 
59,-0.100 
59,-0.100 
59,-0.100 
59,-0.100 
59,-0.100 
59,-0.100 
59,-0.100 
59,-0.100 
59,-5.000 
60,-0.100 
60,-0.100 
60,-0.100 
60,-0.100 
60,-0.100 
60,-0.100 
60,-0.100 
60,-0.100 
60,-0.100 
60,-5.000 
61,-0.100 
61,-0.100 
61,-0.100 
61,-0.100 
61,-0.100 
61,-0.100 
61,-0.100 
61,-0.100 
61,-5.000 
62,-0.100 
62,-0.100 
62,-0.100 
62,-0.100 
62,-0.100 
62,-0.100 
62,-0.100 
62,-0.100 
62,-0.100 
62,-5.000 
63,-0.100 
63,-0.100 
63,-0.100 
63,-0.100 
63,-0.100 
63,-0.100 
63,-0.100 
63,-0.100 
63,-0.100 
63,-5.000 
64,-0.100 
64,-0.100 
64,-0.100 
64,-0.100 
64,-0.100 
64,-0.100 
64,-0.100 
64,-0.100 
64,-0.100 
64,-5.000 
65,-0.100 
65,-0.100 
65,-0.100 
65,-0.100 
65,-0.100 
65,-0.100 
65,-0.100 
65,-0.100 
65,-0.100 
65,-5.000 
66,-0.100 
66,-0.100 
66,-0.100 
66,-0.100 
66,-0.100 
66,-0.100 
66,-0.100 
66,-0.100 
66,-5.000 
67,-0.100 
67,-0.100 
67,-0.100 
67,-0.100 
67,-0.100 
67,-0.100 
67,-0.100 
67,-0.100 
67,-0.100 
67,-5.000 
68,-0.100 
68,-0.100 
68,-0.100 
68,-0.100 
68,-0.100 
68,-0.100 
68,-0.100 
68,-0.100 
68,-0.100 
68,-5.000 
69,-0.100 
69,-0.100 
69,-0.100 
69,-0.100 
69,-0.100 
69,-0.100 
69,-0.100 
69,-0.100 
69,-0.100 
69,249.959 
70,-0.100 
70,-0.100 
70,-0.100 
70,-0.100 
70,-0.100 
70,-0.100 
70,-0.100 
70,-0.100 
70,-0.100 
70,-5.000 
71,-0.100 
71,-0.100 
71,-0.100 
71,-0.100 
71,-0.100 
71,-0.100 
71,-0.100 
71,-0.100 
71,-0.100 
71,-5.000 
72,-0.100 
72,-0.100 
72,-0.100 
72,-0.100 
72,-0.100 
72,-0.100 
72,-0.100 
72,-0.100 
72,-0.100 
72,-5.000 
73,-0.100 
73,-0.100 
73,-0.100 
73,-0.100 
73,-0.100 
73,-0.100 
73,-0.100 
73,-0.100 
73,-0.100 
73,-5.000 
74,-0.100 
74,-0.100 
74,-0.100 
74,-0.100 
74,-0.100 
74,-0.100 
74,-0.100 
74,-0.100 
74,-5.000 
75,-0.100 
75,-0.100 
75,-0.100 
75,-0.100 
75,-0.100 
75,-0.100 
75,-0.100 
75,-0.100 
75,-0.100 
75,-5.000 
76,-0.100 
76,-0.100 
76,-0.100 
76,-0.100 
76,-0.100 
76,-0.100 
76,-0.100 
76,-0.100 
76,-0.100 
76,-5.000 
77,-0.100 
77,-0.100 
77,-0.100 
77,-0.100 
77,-0.100 
77,-0.100 
77,-0.100 
77,-0.100 
77,-0.100 
77,-5.000 
78,-0.100 
78,-0.100 
78,-0.100 
78,-0.100 
78,-0.100 
78,-0.100 
78,-0.100 
78,-0.100 
78,-0.100 
78,-5.000 
79,-0.100 
79,-0.100 
79,-0.100 
79,-0.100 
79,-0.100 
79,-0.100 
79,-0.100 
79,-0.100 
79,-0.100 
79,-5.000 
80,-0.100 
80,-0.100 
80,-0.100 
80,-0.100 
80,-0.100 
80,-0.100 
80,-0.100 
80,-0.100 
80,-0.100 
80,-5.000 
81,-0.100 
81,-0.100 
81,-0.100 
81,-0.100 
81,-0.100 
81,-0.100 
81,-0.100 
81,-0.100 
81,-0.100 
81,-5.000 
82,-0.100 
82,-0.100 
82,-0.100 
82,-0.100 
82,-0.100 
82,-0.100 
82,-0.100 
82,-0.100 
82,-0.100 
82,-5.000 
83,-0.100 
83,-0.100 
83,-0.100 
83,-0.100 
83,-0.100 
83,-0.100 
83,-0.100 
83,-0.100 
83,-0.100 
83,-5.000 
84,-0.100 
84,-0.100 
84,-0.100 
84,-0.100 
84,-0.100 
84,-0.100 
84,-0.100 
84,-0.100 
84,-0.100 
84,-5.000 
85,-0.100 
85,-0.100 
85,-0.100 
85,-0.100 
85,-0.100 
85,-0.100 
85,-0.100 
85,-0.100 
85,-0.100 
85,-5.000 
86,-0.100 
86,-0.100 
86,-0.100 
86,-0.100 
86,-0.100 
86,-0.100 
86,-0.100 
86,-0.100 
86,-0.100 
86,-5.000 
87,-0.100 
87,-0.100 
87,-0.100 
87,-0.100 
87,-0.100 
87,-0.100 
87,-0.100 
87,-0.100 
87,-0.100 
87,-5.000 
88,-0.100 
88,-0.100 
88,-0.100 
88,-0.100 
88,-0.100 
88,-0.100 
88,-0.100 
88,-0.100 
88,-5.000 
89,-0.100 
89,-0.100 
89,-0.100 
89,-0.100 
89,-0.100 
89,-0.100 
89,-0.100 
89,-0.100 
89,-0.100 
89,-5.000 
90,-0.100 
90,-0.100 
90,-0.100 
90,-0.100 
90,-0.100 
90,-0.100 
90,-0.100 
90,-0.100 
90,-0.100 
90,131.694 
91,-0.100 
91,-0.100 
91,-0.100 
91,-0.100 
91,-0.100 
91,-0.100 
91,-0.100 
91,-0.100 
91,-0.100 
91,-5.000 
92,-0.100 
92,-0.100 
92,-0.100 
92,-0.100 
92,-0.100 
92,-0.100 
92,-0.100 
92,-0.100 
92,-0.100 
92,-5.000 
93,-0.100 
93,-0.100 
93,-0.100 
93,-0.100 
93,-0.100 
93,-0.100 
93,-0.100 
93,-0.100 
93,-0.100 
93,131.433 
94,-0.100 
94,-0.100 
94,-0.100 
94,-0.100 
94,-0.100 
94,-0.100 
94,-0.100 
94,-0.100 
94,-5.000 
95,-0.100 
95,-0.100 
95,-0.100 
95,-0.100 
95,-0.100 
95,-0.100 
95,-0.100 
95,-0.100 
95,-0.100 
95,-5.000 
96,-0.100 
96,-0.100 
96,-0.100 
96,-0.100 
96,-0.100 
96,-0.100 
96,-0.100 
96,-0.100 
96,-5.000 
97,-0.100 
97,-0.100 
97,-0.100 
97,-0.100 
97,-0.100 
97,-0.100 
97,-0.100 
97,-0.100 
97,-0.100 
97,-5.000 
98,-0.100 
98,-0.100 
98,-0.100 
98,-0.100 
98,-0.100 
98,-0.100 
98,-0.100 
98,-0.100 
98,-5.000 
99,-0.100 
99,-0.100 
99,-0.100 
99,-0.100 
99,-0.100 
99,-0.100 
99,-0.100 
99,-0.100 
99,-0.100 
99,-5.000 
100,-0.100 
100,-0.100 
100,-0.100 
100,-0.100 
100,-0.100 
100,-0.100 
100,-0.100 
100,-0.100 
100,-0.100 
100,149.959 
101,-0.100 
101,-0.100 
101,-0.100 
101,-0.100 
101,-0.100 
101,-0.100 
101,-0.100 
101,-0.100 
101,-0.100 
101,-5.000 
102,-0.100 
102,-0.100 
102,-0.100 
102,-0.100 
102,-0.100 
102,-0.100 
102,-0.100 
102,-0.100 
102,-0.100 
102,-5.000 
103,-0.100 
103,-0.100 
103,-0.100 
103,-0.100 
103,-0.100 
103,-0.100 
103,-0.100 
103,-0.100 
103,-0.100 
103,-5.000 
104,-0.100 
104,-0.100 
104,-0.100 
104,-0.100 
104,-0.100 
104,-0.100 
104,-0.100 
104,-0.100 
104,-0.100 
104,-5.000 
105,-0.100 
105,-0.100 
105,-0.100 
105,-0.100 
105,-0.100 
105,-0.100 
105,-0.100 
105,-0.100 
105,-0.100 
105,-5.000 
106,-0.100 
106,-0.100 
106,-0.100 
106,-0.100 
106,-0.100 
106,-0.100 
106,-0.100 
106,-0.100 
106,-0.100 
106,-5.000 
107,-0.100 
107,-0.100 
107,-0.100 
107,-0.100 
107,-0.100 
107,-0.100 
107,-0.100 
107,-0.100 
107,-5.000 
108,-0.100 
108,-0.100 
108,-0.100 
108,-0.100 
108,-0.100 
108,-0.100 
108,-0.100 
108,-0.100 
108,-0.100 
108,-5.000 
109,-0.100 
109,-0.100 
109,-0.100 
109,-0.100 
109,-0.100 
109,-0.100 
109,-0.100 
109,-0.100 
109,-5.000 
110,-0.100 
110,-0.100 
110,-0.100 
110,-0.100 
110,-0.100 
110,-0.100 
110,-0.100 
110,-0.100 
110,-0.100 
110,-5.000 
111,-0.100 
111,-0.100 
111,-0.100 
111,-0.100 
111,-0.100 
111,-0.100 
111,-0.100 
111,-0.100 
111,-0.100 
111,127.671 
112,-0.100 
112,-0.100 
112,-0.100 
112,-0.100 
112,-0.100 
112,-0.100 
112,-0.100 
112,-0.100 
112,-0.100 
112,-5.000 
113,-0.100 
113,-0.100 
113,-0.100 
113,-0.100 
113,-0.100 
113,-0.100 
113,-0.100 
113,-0.100 
113,-0.100 
113,-5.000 
114,-0.100 
114,-0.100 
114,-0.100 
114,-0.100 
114,-0.100 
114,-0.100 
114,-0.100 
114,-0.100 
114,-0.100 
114,-5.000 
115,-0.100 
115,-0.100 
115,-0.100 
115,-0.100 
115,-0.100 
115,-0.100 
115,-0.100 
115,-0.100 
115,-0.100 
115,123.889 
116,-0.100 
116,-0.100 
116,-0.100 
116,-0.100 
116,-0.100 
116,-0.100 
116,-0.100 
116,-0.100 
116,-0.100 
116,-5.000 
117,-0.100 
117,-0.100 
117,-0.100 
117,-0.100 
117,-0.100 
117,-0.100 
117,-0.100 
117,-0.100 
117,-0.100 
117,-5.000 
118,-0.100 
118,-0.100 
118,-0.100 
118,-0.100 
118,-0.100 
118,-0.100 
118,-0.100 
118,-0.100 
118,-0.100 
118,-5.000 
119,-0.100 
119,-0.100 
119,-0.100 
119,-0.100 
119,-0.100 
119,-0.100 
119,-0.100 
119,-0.100 
119,-0.100 
119,-5.000 
120,-0.100 
120,-0.100 
120,-0.100 
120,-0.100 
120,-0.100 
120,-0.100 
120,-0.100 
120,-0.100 
120,-0.100 
120,-5.000 
121,-0.100 
121,-0.100 
121,-0.100 
121,-0.100 
121,-0.100 
121,-0.100 
121,-0.100 
121,-0.100 
121,-0.100 
121,-5.000 
122,-0.100 
122,-0.100 
122,-0.100 
122,-0.100 
122,-0.100 
122,-0.100 
122,-0.100 
122,-0.100 
122,-0.100 
122,122.344 
123,-0.100 
123,-0.100 
123,-0.100 
123,-0.100 
123,-0.100 
123,-0.100 
123,-0.100 
123,-0.100 
123,-0.100 
123,-5.000 
124,-0.100 
124,-0.100 
124,-0.100 
124,-0.100 
124,-0.100 
124,-0.100 
124,-0.100 
124,-0.100 
124,-0.100 
124,-5.000 
125,-0.100 
125,-0.100 
125,-0.100 
125,-0.100 
125,-0.100 
125,-0.100 
125,-0.100 
125,-0.100 
125,-0.100 
125,-5.000 
126,-0.100 
126,-0.100 
126,-0.100 
126,-0.100 
126,-0.100 
126,-0.100 
126,-0.100 
126,-0.100 
126,-0.100 
126,-5.000 
127,-0.100 
127,-0.100 
127,-0.100 
127,-0.100 
127,-0.100 
127,-0.100 
127,-0.100 
127,-0.100 
127,-0.100 
127,-5.000 
128,-0.100 
128,-0.100 
128,-0.100 
128,-0.100 
128,-0.100 
128,-0.100 
128,-0.100 
128,-0.100 
128,-0.100 
128,-5.000 
129,-0.100 
129,-0.100 
129,-0.100 
129,-0.100 
129,-0.100 
129,-0.100 
129,-0.100 
129,-0.100 
129,-0.100 
129,-5.000 
130,-0.100 
130,-0.100 
130,-0.100 
130,-0.100 
130,-0.100 
130,-0.100 
130,-0.100 
130,-0.100 
130,-0.100 
130,-5.000 
131,-0.100 
131,-0.100 
131,-0.100 
131,-0.100 
131,-0.100 
131,-0.100 
131,-0.100 
131,-0.100 
131,-0.100 
131,-5.000 
132,-0.100 
132,-0.100 
132,-0.100 
132,-0.100 
132,-0.100 
132,-0.100 
132,-0.100 
132,-0.100 
132,-0.100 
132,-5.000 
133,-0.100 
133,-0.100 
133,-0.100 
133,-0.100 
133,-0.100 
133,-0.100 
133,-0.100 
133,-0.100 
133,-0.100 
133,-5.000 
134,-0.100 
134,-0.100 
134,-0.100 
134,-0.100 
134,-0.100 
134,-0.100 
134,-0.100 
134,-0.100 
134,-0.100 
134,263.161 
135,-0.100 
135,-0.100 
135,-0.100 
135,-0.100 
135,-0.100 
135,-0.100 
135,-0.100 
135,-0.100 
135,-0.100 
135,-5.000 
136,-0.100 
136,-0.100 
136,-0.100 
136,-0.100 
136,-0.100 
136,-0.100 
136,-0.100 
136,-0.100 
136,-0.100 
136,-5.000 
137,-0.100 
137,-0.100 
137,-0.100 
137,-0.100 
137,-0.100 
137,-0.100 
137,-0.100 
137,-0.100 
137,-0.100 
137,266.856 
138,-0.100 
138,-0.100 
138,-0.100 
138,-0.100 
138,-0.100 
138,-0.100 
138,-0.100 
138,-0.100 
138,-0.100 
138,-5.000 
139,-0.100 
139,-0.100 
139,-0.100 
139,-0.100 
139,-0.100 
139,-0.100 
139,-0.100 
139,-0.100 
139,-0.100 
139,-5.000 
140,-0.100 
140,-0.100 
140,-0.100 
140,-0.100 
140,-0.100 
140,-0.100 
140,-0.100 
140,-0.100 
140,-5.000 
141,-0.100 
141,-0.100 
141,-0.100 
141,-0.100 
141,-0.100 
141,-0.100 
141,-0.100 
141,-0.100 
141,-0.100 
141,160.178 
142,-0.100 
142,-0.100 
142,-0.100 
142,-0.100 
142,-0.100 
142,-0.100 
142,-0.100 
142,-0.100 
142,-0.100 
142,-5.000 
143,-0.100 
143,-0.100 
143,-0.100 
143,-0.100 
143,-0.100 
143,-0.100 
143,-0.100 
143,-0.100 
143,-0.100 
143,-5.000 
144,-0.100 
144,-0.100 
144,-0.100 
144,-0.100 
144,-0.100 
144,-0.100 
144,-0.100 
144,-0.100 
144,-0.100 
144,-5.000 
145,-0.100 
145,-0.100 
145,-0.100 
145,-0.100 
145,-0.100 
145,-0.100 
145,-0.100 
145,-0.100 
145,-0.100 
145,-5.000 
146,-0.100 
146,-0.100 
146,-0.100 
146,-0.100 
146,-0.100 
146,-0.100 
146,-0.100 
146,-0.100 
146,-0.100 
146,-5.000 
147,-0.100 
147,-0.100 
147,-0.100 
147,-0.100 
147,-0.100 
147,-0.100 
147,-0.100 
147,-0.100 
147,-5.000 
148,-0.100 
148,-0.100 
148,-0.100 
148,-0.100 
148,-0.100 
148,-0.100 
148,-0.100 
148,-0.100 
148,-0.100 
148,-5.000 
149,-0.100 
149,-0.100 
149,-0.100 
149,-0.100 
149,-0.100 
149,-0.100 
149,-0.100 
149,-0.100 
149,-0.100 
149,-5.000 
150,-0.100 
150,-0.100 
150,-0.100 
150,-0.100 
150,-0.100 
150,-0.100 
150,-0.100 
150,-0.100 
150,-0.100 
150,-5.000 
151,-0.100 
151,-0.100 
151,-0.100 
151,-0.100 
151,-0.100 
151,-0.100 
151,-0.100 
151,-0.100 
151,-0.100 
151,-5.000 
152,-0.100 
152,-0.100 
152,-0.100 
152,-0.100 
152,-0.100 
152,-0.100 
152,-0.100 
152,-0.100 
152,-0.100 
152,-5.000 
153,-0.100 
153,-0.100 
153,-0.100 
153,-0.100 
153,-0.100 
153,-0.100 
153,-0.100 
153,-0.100 
153,-0.100 
153,-5.000 
154,-0.100 
154,-0.100 
154,-0.100 
154,-0.100 
154,-0.100 
154,-0.100 
154,-0.100 
154,-0.100 
154,-0.100 
154,135.995 
155,-0.100 
155,-0.100 
155,-0.100 
155,-0.100 
155,-0.100 
155,-0.100 
155,-0.100 
155,-0.100 
155,-0.100 
155,-5.000 
156,-0.100 
156,-0.100 
156,-0.100 
156,-0.100 
156,-0.100 
156,-0.100 
156,-0.100 
156,-0.100 
156,-0.100 
156,-5.000 
157,-0.100 
157,-0.100 
157,-0.100 
157,-0.100 
157,-0.100 
157,-0.100 
157,-0.100 
157,-0.100 
157,-0.100 
157,-5.000 
158,-0.100 
158,-0.100 
158,-0.100 
158,-0.100 
158,-0.100 
158,-0.100 
158,-0.100 
158,-0.100 
158,-0.100 
158,-5.000 
159,-0.100 
159,-0.100 
159,-0.100 
159,-0.100 
159,-0.100 
159,-0.100 
159,-0.100 
159,-0.100 
159,-5.000 
160,-0.100 
160,-0.100 
160,-0.100 
160,-0.100 
160,-0.100 
160,-0.100 
160,-0.100 
160,-0.100 
160,-0.100 
160,-5.000 
161,-0.100 
161,-0.100 
161,-0.100 
161,-0.100 
161,-0.100 
161,-0.100 
161,-0.100 
161,-0.100 
161,-0.100 
161,-5.000 
162,-0.100 
162,-0.100 
162,-0.100 
162,-0.100 
162,-0.100 
162,-0.100 
162,-0.100 
162,-0.100 
162,-5.000 
163,-0.100 
163,-0.100 
163,-0.100 
163,-0.100 
163,-0.100 
163,-0.100 
163,-0.100 
163,-0.100 
163,-0.100 
163,-5.000 
164,-0.100 
164,-0.100 
164,-0.100 
164,-0.100 
164,-0.100 
164,-0.100 
164,-0.100 
164,-0.100 
164,-0.100 
164,-5.000 
165,-0.100 
165,-0.100 
165,-0.100 
165,-0.100 
165,-0.100 
165,-0.100 
165,-0.100 
165,-0.100 
165,-5.000 
166,-0.100 
166,-0.100 
166,-0.100 
166,-0.100 
166,-0.100 
166,-0.100 
166,-0.100 
166,-0.100 
166,-0.100 
166,-5.000 
167,-0.100 
167,-0.100 
167,-0.100 
167,-0.100 
167,-0.100 
0,-0.100 
0,-0.100 
0,-0.100 
0,-0.100 
0,-0.100 
0,-0.100 
0,-0.100 
0,-0.100 
0,-0.100 
0,137.888 
1,-0.100 
1,-0.100 
1,-0.100 
1,-0.100 
1,-0.100 
1,-0.100 
1,-0.100 
1,-0.100 
1,-5.000 
2,-0.100 
2,-0.100 
2,-0.100 
2,-0.100 
2,-0.100 
2,-0.100 
2,-0.100 
2,-0.100 
2,-0.100 
2,-5.000 
3,-0.100 
3,-0.100 
3,-0.100 
3,-0.100 
3,-0.100 
3,-0.100 
3,-0.100 
3,-0.100 
3,-0.100 
3,-5.000 
4,-0.100 
4,-0.100 
4,-0.100 
4,-0.100 
4,-0.100 
4,-0.100 
4,-0.100 
4,-0.100 
4,-0.100 
4,267.251 
5,-0.100 
5,-0.100 
5,-0.100 
5,-0.100 
5,-0.100 
5,-0.100 
5,-0.100 
5,-0.100 
5,-0.100 
5,-5.000 
6,-0.100 
6,-0.100 
6,-0.100 
6,-0.100 
6,-0.100 
6,-0.100 
6,-0.100 
6,-0.100 
6,-0.100 
6,-5.000 
7,-0.100 
7,-0.100 
7,-0.100 
7,-0.100 
7,-0.100 
7,-0.100 
7,-0.100 
7,-0.100 
7,-0.100 
7,162.608 
8,-0.100 
8,-0.100 
8,-0.100 
8,-0.100 
8,-0.100 
8,-0.100 
8,-0.100 
8,-0.100 
8,-0.100 
8,-5.000 
9,-0.100 
9,-0.100 
9,-0.100 
9,-0.100 
9,-0.100 
9,-0.100 
9,-0.100 
9,-0.100 
9,-0.100 
9,-5.000 
10,-0.100 
10,-0.100 
10,-0.100 
10,-0.100 
10,-0.100 
10,-0.100 
10,-0.100 
10,-0.100 
10,-0.100 
10,-5.000 
11,-0.100 
11,-0.100 
11,-0.100 
11,-0.100 
11,-0.100 
11,-0.100 
11,-0.100 
11,-0.100 
11,-0.100 
11,-5.000 
12,-0.100 
12,-0.100 
12,-0.100 
12,-0.100 
12,-0.100 
12,-0.100 
12,-0.100 
12,-0.100 
12,-0.100 
12,-5.000 
13,-0.100 
13,-0.100 
13,-0.100 
13,-0.100 
13,-0.100 
13,-0.100 
13,-0.100 
13,-0.100 
13,-0.100 
13,-5.000 
14,-0.100 
14,-0.100 
14,-0.100 
14,-0.100 
14,-0.100 
14,-0.100 
14,-0.100 
14,-0.100 
14,-0.100 
14,-5.000 
15,-0.100 
15,-0.100 
15,-0.100 
15,-0.100 
15,-0.100 
15,-0.100 
15,-0.100 
15,-0.100 
15,-5.000 
16,-0.100 
16,-0.100 
16,-0.100 
16,-0.100 
16,-0.100 
16,-0.100 
16,-0.100 
16,-0.100 
16,-0.100 
16,-5.000 
17,-0.100 
17,-0.100 
17,-0.100 
17,-0.100 
17,-0.100 
17,-0.100 
17,-0.100 
17,-0.100 
17,-0.100 
17,-5.000 
18,-0.100 
18,-0.100 
18,-0.100 
18,-0.100 
18,-0.100 
18,-0.100 
18,-0.100 
18,-0.100 
18,-0.100 
18,-5.000 
19,-0.100 
19,-0.100 
19,-0.100 
19,-0.100 
19,-0.100 
19,-0.100 
19,-0.100 
19,-0.100 
19,-0.100 
19,-5.000 
20,-0.100 
20,-0.100 
20,-0.100 
20,-0.100 
20,-0.100 
20,-0.100 
20,-0.100 
20,-0.100 
20,-0.100 
20,-5.000 
21,-0.100 
21,-0.100 
21,-0.100 
21,-0.100 
21,-0.100 
21,-0.100 
21,-0.100 
21,-0.100 
21,-5.000 
22,-0.100 
22,-0.100 
22,-0.100 
22,-0.100 
22,-0.100 
22,-0.100 
22,-0.100 
22,-0.100 
22,-0.100 
22,-5.000 
23,-0.100 
23,-0.100 
23,-0.100 
23,-0.100 
23,-0.100 
23,-0.100 
23,-0.100 
23,-0.100 
23,-0.100 
23,-5.000 
24,-0.100 
24,-0.100 
24,-0.100 
24,-0.100 
24,-0.100 
24,-0.100 
24,-0.100 
24,-0.100 
24,-0.100 
24,-5.000 
25,-0.100 
25,-0.100 
25,-0.100 
25,-0.100 
25,-0.100 
25,-0.100 
25,-0.100 
25,-0.100 
25,-0.100 
25,-5.000 
26,-0.100 
26,-0.100 
26,-0.100 
26,-0.100 
26,-0.100 
26,-0.100 
26,-0.100 
26,-0.100 
26,-0.100 
0,-0.100 
0,-0.100 
0,-0.100 
0,-0.100 
0,-0.100 
0,-0.100 
0,-0.100 
0,-0.100 
0,-0.100 
0,22.847 
1,-0.100 
1,-0.100 
1,-0.100 
1,-0.100 
1,-0.100 
1,-0.100 
1,-0.100 
1,-0.100 
1,-0.100 
1,147.435 
2,-0.100 
2,-0.100 
2,-0.100 
2,-0.100 
2,-0.100 
2,-0.100 
2,-0.100 
2,-0.100 
2,-0.100 
2,195.275 
3,-0.100 
3,-0.100 
3,-0.100 
3,-0.100 
3,-0.100 
3,-0.100 
3,-0.100 
3,-0.100 
3,-0.100 
3,-5.000 
4,-0.100 
4,-0.100 
4,-0.100 
4,-0.100 
4,-0.100 
4,-0.100 
4,-0.100 
4,-0.100 
4,-0.100 
4,-5.000 
5,-0.100 
5,-0.100 
5,-0.100 
5,-0.100 
5,-0.100 
5,-0.100 
5,-0.100 
5,-0.100 
5,-0.100 
5,-5.000 
6,-0.100 
6,-0.100 
6,-0.100 
6,-0.100 
6,-0.100 
6,-0.100 
6,-0.100 
6,-0.100 
6,-0.100 
6,216.395 
7,-0.100 
7,-0.100 
7,-0.100 
7,-0.100 
7,-0.100 
7,-0.100 
7,-0.100 
7,-0.100 
7,-0.100 
7,-5.000 
8,-0.100 
8,-0.100 
8,-0.100 
8,-0.100 
8,-0.100 
8,-0.100 
8,-0.100 
8,-0.100 
8,-0.100 
8,-5.000 
9,-0.100 
9,-0.100 
9,-0.100 
9,-0.100 
9,-0.100 
9,-0.100 
9,-0.100 
9,-0.100 
9,-0.100 
9,-5.000 
10,-0.100 
10,-0.100 
10,-0.100 
10,-0.100 
10,-0.100 
10,-0.100 
10,-0.100 
10,-0.100 
10,-0.100 
10,-5.000 
11,-0.100 
11,-0.100 
11,-0.100 
11,-0.100 
11,-0.100 
11,-0.100 
11,-0.100 
11,-0.100 
11,-0.100 
11,-5.000 
12,-0.100 
12,-0.100 
12,-0.100 
12,-0.100 
12,-0.100 
12,-0.100 
12,-0.100 
12,-0.100 
12,-0.100 
12,-5.000 
13,-0.100 
13,-0.100 
13,-0.100 
13,-0.100 
13,-0.100 
13,-0.100 
13,-0.100 
13,-0.100 
13,-0.100 
13,-5.000 
14,-0.100 
14,-0.100 
14,-0.100 
14,-0.100 
14,-0.100 
14,-0.100 
14,-0.100 
14,-0.100 
14,-0.100 
14,-5.000 
15,-0.100 
15,-0.100 
15,-0.100 
15,-0.100 
15,-0.100 
15,-0.100 
15,-0.100 
15,-0.100 
15,-0.100 
15,-5.000 
16,-0.100 
16,-0.100 
16,-0.100 
16,-0.100 
16,-0.100 
16,-0.100 
16,-0.100 
16,-0.100 
16,-0.100 
16,-5.000 
17,-0.100 
17,-0.100 
17,-0.100 
17,-0.100 
17,-0.100 
17,-0.100 
17,-0.100 
17,-0.100 
17,-0.100 
17,-5.000 
18,-0.100 
18,-0.100 
18,-0.100 
18,-0.100 
18,-0.100 
18,-0.100 
18,-0.100 
18,-0.100 
18,-0.100 
18,-5.000 
19,-0.100 
19,-0.100 
19,-0.100 
19,-0.100 
19,-0.100 
19,-0.100 
19,-0.100 
19,-0.100 
19,-0.100 
19,-5.000 
20,-0.100 
20,-0.100 
20,-0.100 
20,-0.100 
20,-0.100 
20,-0.100 
20,-0.100 
20,-0.100 
20,-0.100 
20,-5.000 
21,-0.100 
21,-0.100 
21,-0.100 
21,-0.100 
21,-0.100 
21,-0.100 
21,-0.100 
21,-0.100 
21,-0.100 
21,-5.000 
22,-0.100 
22,-0.100 
22,-0.100 
22,-0.100 
22,-0.100 
22,-0.100 
22,-0.100 
22,-0.100 
22,-0.100 
22,-5.000 
23,-0.100 
23,-0.100 
23,-0.100 
23,-0.100 
23,-0.100 
23,-0.100 
23,-0.100 
23,-0.100 
23,-0.100 
23,-5.000 
24,-0.100 
24,-0.100 
24,-0.100 
24,-0.100 
24,-0.100 
24,-0.100 
24,-0.100 
24,-0.100 
24,-0.100 
24,-5.000 
25,-0.100 
25,-0.100 
25,-0.100 
25,-0.100 
25,-0.100 
25,-0.100 
25,-0.100 
25,-0.100 
25,-0.100 
25,235.995 
26,-0.100 
26,-0.100 
26,-0.100 
26,-0.100 
26,-0.100 
26,-0.100 
26,-0.100 
26,-0.100 
26,-5.000 
27,-0.100 
27,-0.100 
27,-0.100 
27,-0.100 
27,-0.100 
27,-0.100 
27,-0.100 
27,-0.100 
27,-5.000 
28,-0.100 
28,-0.100 
28,-0.100 
28,-0.100 
28,-0.100 
28,-0.100 
28,-0.100 
28,-0.100 
28,-0.100 
28,-5.000 
29,-0.100 
29,-0.100 
29,-0.100 
29,-0.100 
29,-0.100 
29,-0.100 
29,-0.100 
29,-0.100 
29,-0.100 
29,-5.000 
30,-0.100 
30,-0.100 
30,-0.100 
30,-0.100 
30,-0.100 
30,-0.100 
30,-0.100 
30,-0.100 
30,-0.100 
30,-5.000 
31,-0.100 
31,-0.100 
31,-0.100 
31,-0.100 
31,-0.100 
31,-0.100 
31,-0.100 
31,-0.100 
31,-0.100 
31,-5.000 
32,-0.100 
32,-0.100 
32,-0.100 
32,-0.100 
32,-0.100 
32,-0.100 
32,-0.100 
32,-0.100 
32,-5.000 
33,-0.100 
33,-0.100 
33,-0.100 
33,-0.100 
33,-0.100 
33,-0.100 
33,-0.100 
33,-0.100 
33,-5.000 
34,-0.100 
34,-0.100 
34,-0.100 
34,-0.100 
34,-0.100 
34,-0.100 
34,-0.100 
34,-0.100 
34,-0.100 
34,-5.000 
35,-0.100 
35,-0.100 
35,-0.100 
35,-0.100 
35,-0.100 
35,-0.100 
35,-0.100 
35,-0.100 
35,-0.100 
35,-5.000 
36,-0.100 
36,-0.100 
36,-0.100 
36,-0.100 
36,-0.100 
36,-0.100 
36,-0.100 
36,-0.100 
36,-0.100 
36,-5.000 
37,-0.100 
37,-0.100 
37,-0.100 
37,-0.100 
37,-0.100 
37,-0.100 
37,-0.100 
37,-0.100 
37,-0.100 
37,-5.000 
38,-0.100 
38,-0.100 
38,-0.100 
38,-0.100 
38,-0.100 
38,-0.100 
38,-0.100 
38,-0.100 
38,-5.000 
39,-0.100 
39,-0.100 
39,-0.100 
39,-0.100 
39,-0.100 
39,-0.100 
39,-0.100 
39,-0.100 
39,-0.100 
39,-5.000 
40,-0.100 
40,-0.100 
40,-0.100 
40,-0.100 
40,-0.100 
40,-0.100 
40,-0.100 
40,-0.100 
40,-5.000 
41,-0.100 
41,-0.100 
41,-0.100 
41,-0.100 
41,-0.100 
41,-0.100 
41,-0.100 
41,-0.100 
41,-0.100 
41,-5.000 
42,-0.100 
42,-0.100 
42,-0.100 
42,-0.100 
42,-0.100 
42,-0.100 
42,-0.100 
42,-0.100 
42,-0.100 
42,-5.000 
43,-0.100 
43,-0.100 
43,-0.100 
43,-0.100 
43,-0.100 
43,-0.100 
43,-0.100 
43,-0.100 
43,-0.100 
43,-5.000 
44,-0.100 
44,-0.100 
44,-0.100 
44,-0.100 
44,-0.100 
44,-0.100 
44,-0.100 
44,-0.100 
44,-5.000 
45,-0.100 
45,-0.100 
45,-0.100 
45,-0.100 
45,-0.100 
45,-0.100 
45,-0.100 
45,-0.100 
45,-0.100 
45,-5.000 
46,-0.100 
46,-0.100 
46,-0.100 
46,-0.100 
46,-0.100 
46,-0.100 
46,-0.100 
46,-0.100 
46,-0.100 
46,-5.000 
47,-0.100 
47,-0.100 
47,-0.100 
47,-0.100 
47,-0.100 
47,-0.100 
47,-0.100 
47,-0.100 
47,-0.100 
47,-5.000 
48,-0.100 
48,-0.100 
48,-0.100 
48,-0.100 
48,-0.100 
48,-0.100 
48,-0.100 
48,-0.100 
48,-0.100 
48,-5.000 
49,-0.100 
49,-0.100 
49,-0.100 
49,-0.100 
49,-0.100 
49,-0.100 
49,-0.100 
49,-0.100 
49,-0.100 
49,-5.000 
50,-0.100 
50,-0.100 
50,-0.100 
50,-0.100 
50,-0.100 
50,-0.100 
50,-0.100 
50,-0.100 
50,-0.100 
50,-5.000 
51,-0.100 
51,-0.100 
51,-0.100 
51,-0.100 
51,-0.100 
51,-0.100 
51,-0.100 
51,-0.100 
51,-0.100 
51,-5.000 
52,-0.100 
52,-0.100 
52,-0.100 
52,-0.100 
52,-0.100 
52,-0.100 
52,-0.100 
52,-0.100 
52,-0.100 
52,-5.000 
53,-0.100 
53,-0.100 
53,-0.100 
53,-0.100 
53,-0.100 
53,-0.100 
53,-0.100 
53,-0.100 
53,-0.100 
53,-5.000 
54,-0.100 
54,-0.100 
54,-0.100 
54,-0.100 
54,-0.100 
54,-0.100 
54,-0.100 
54,-0.100 
54,-0.100 
54,-5.000 
55,-0.100 
55,-0.100 
55,-0.100 
55,-0.100 
55,-0.100 
55,-0.100 
55,-0.100 
55,-0.100 
55,-0.100 
55,-5.000 
56,-0.100 
56,-0.100 
56,-0.100 
56,-0.100 
56,-0.100 
56,-0.100 
56,-0.100 
56,-0.100 
56,-0.100 
56,-5.000 
57,-0.100 
57,-0.100 
57,-0.100 
57,-0.100 
57,-0.100 
57,-0.100 
57,-0.100 
57,-0.100 
57,-0.100 
57,-5.000 
58,-0.100 
58,-0.100 
58,-0.100 
58,-0.100 
58,-0.100 
58,-0.100 
58,-0.100 
58,-0.100 
58,-0.100 
58,-5.000 
59,-0.100 
59,-0.100 
59,-0.100 
59,-0.100 
59,-0.100 
59,-0.100 
59,-0.100 
59,-0.100 
59,-0.100 
59,304.468 
60,-0.100 
60,-0.100 
60,-0.100 
60,-0.100 
60,-0.100 
60,-0.100 
60,-0.100 
60,-0.100 
60,-0.100 
60,-5.000 
61,-0.100 
61,-0.100 
61,-0.100 
61,-0.100 
61,-0.100 
61,-0.100 
61,-0.100 
61,-0.100 
61,-0.100 
61,-5.000 
62,-0.100 
62,-0.100 
62,-0.100 
62,-0.100 
62,-0.100 
62,-0.100 
62,-0.100 
62,-0.100 
62,-0.100 
62,-5.000 
63,-0.100 
63,-0.100 
63,-0.100 
63,-0.100 
63,-0.100 
63,-0.100 
63,-0.100 
63,-0.100 
63,-0.100 
63,-5.000 
64,-0.100 
64,-0.100 
64,-0.100 
64,-0.100 
64,-0.100 
64,-0.100 
64,-0.100 
64,-0.100 
64,-0.100 
64,-5.000 
65,-0.100 
65,-0.100 
65,-0.100 
65,-0.100 
65,-0.100 
65,-0.100 
65,-0.100 
65,-0.100 
65,-0.100 
65,-5.000 
66,-0.100 
66,-0.100 
66,-0.100 
66,-0.100 
66,-0.100 
66,-0.100 
66,-0.100 
66,-0.100 
66,-0.100 
66,193.596 
67,-0.100 
67,-0.100 
67,-0.100 
67,-0.100 
67,-0.100 
67,-0.100 
67,-0.100 
67,-0.100 
67,-0.100 
67,-5.000 
68,-0.100 
68,-0.100 
68,-0.100 
68,-0.100 
68,-0.100 
68,-0.100 
68,-0.100 
68,-0.100 
68,-0.100 
68,-5.000 
69,-0.100 
69,-0.100 
69,-0.100 
69,-0.100 
69,-0.100 
69,-0.100 
69,-0.100 
69,-0.100 
69,-0.100 
69,-5.000 
70,-0.100 
70,-0.100 
70,-0.100 
70,-0.100 
70,-0.100 
70,-0.100 
70,-0.100 
70,-0.100 
70,-5.000 
71,-0.100 
71,-0.100 
71,-0.100 
71,-0.100 
71,-0.100 
71,-0.100 
71,-0.100 
71,-0.100 
71,-0.100 
71,-5.000 
72,-0.100 
72,-0.100 
72,-0.100 
72,-0.100 
72,-0.100 
72,-0.100 
72,-0.100 
72,-0.100 
72,-5.000 
73,-0.100 
73,-0.100 
73,-0.100 
73,-0.100 
73,-0.100 
73,-0.100 
73,-0.100 
73,-0.100 
73,-0.100 
73,-5.000 
74,-0.100 
74,-0.100 
74,-0.100 
74,-0.100 
74,-0.100 
74,-0.100 
74,-0.100 
74,-0.100 
74,-0.100 
74,-5.000 
75,-0.100 
75,-0.100 
75,-0.100 
75,-0.100 
75,-0.100 
75,-0.100 
75,-0.100 
75,-0.100 
75,-0.100 
75,-5.000 
76,-0.100 
76,-0.100 
76,-0.100 
76,-0.100 
76,-0.100 
76,-0.100 
76,-0.100 
76,-0.100 
76,-0.100 
76,-5.000 
77,-0.100 
77,-0.100 
77,-0.100 
77,-0.100 
77,-0.100 
77,-0.100 
77,-0.100 
77,-0.100 
77,-0.100 
77,-5.000 
78,-0.100 
78,-0.100 
78,-0.100 
78,-0.100 
78,-0.100 
78,-0.100 
78,-0.100 
78,-0.100 
78,-0.100 
78,-5.000 
79,-0.100 
79,-0.100 
79,-0.100 
79,-0.100 
79,-0.100 
79,-0.100 
79,-0.100 
79,-0.100 
79,-5.000 
80,-0.100 
80,-0.100 
80,-0.100 
80,-0.100 
80,-0.100 
80,-0.100 
80,-0.100 
80,-0.100 
80,-0.100 
80,-5.000 
81,-0.100 
81,-0.100 
81,-0.100 
81,-0.100 
81,-0.100 
81,-0.100 
81,-0.100 
81,-0.100 
81,-0.100 
81,-5.000 
82,-0.100 
82,-0.100 
82,-0.100 
82,-0.100 
82,-0.100 
82,-0.100 
82,-0.100 
82,-0.100 
82,-0.100 
82,-5.000 
83,-0.100 
83,-0.100 
83,-0.100 
83,-0.100 
83,-0.100 
83,-0.100 
83,-0.100 
83,-0.100 
83,-0.100 
83,-5.000 
84,-0.100 
84,-0.100 
84,-0.100 
84,-0.100 
84,-0.100 
84,-0.100 
84,-0.100 
84,-0.100 
84,-0.100 
84,-5.000 
85,-0.100 
85,-0.100 
85,-0.100 
85,-0.100 
85,-0.100 
85,-0.100 
85,-0.100 
85,-0.100 
85,-0.100 
85,-5.000 
86,-0.100 
86,-0.100 
86,-0.100 
86,-0.100 
86,-0.100 
86,-0.100 
86,-0.100 
86,-0.100 
86,-5.000 
87,-0.100 
87,-0.100 
87,-0.100 
87,-0.100 
87,-0.100 
87,-0.100 
87,-0.100 
87,-0.100 
87,-0.100 
87,-5.000 
88,-0.100 
88,-0.100 
88,-0.100 
88,-0.100 
88,-0.100 
88,-0.100 
88,-0.100 
88,-0.100 
88,-0.100 
88,-5.000 
89,-0.100 
89,-0.100 
89,-0.100 
89,-0.100 
89,-0.100 
89,-0.100 
89,-0.100 
89,-0.100 
89,-0.100 
89,-5.000 
90,-0.100 
90,-0.100 
90,-0.100 
90,-0.100 
90,-0.100 
90,-0.100 
90,-0.100 
90,-0.100 
90,-0.100 
90,-5.000 
91,-0.100 
91,-0.100 
91,-0.100 
91,-0.100 
91,-0.100 
91,-0.100 
91,-0.100 
91,-0.100 
91,-0.100 
91,-5.000 
92,-0.100 
92,-0.100 
92,-0.100 
92,-0.100 
92,-0.100 
92,-0.100 
92,-0.100 
92,-0.100 
92,-0.100 
92,-5.000 
93,-0.100 
93,-0.100 
93,-0.100 
93,-0.100 
93,-0.100 
93,-0.100 
93,-0.100 
93,-0.100 
93,-0.100 
93,-5.000 
94,-0.100 
94,-0.100 
94,-0.100 
94,-0.100 
94,-0.100 
94,-0.100 
94,-0.100 
94,-0.100 
94,-0.100 
94,-5.000 
95,-0.100 
95,-0.100 
95,-0.100 
95,-0.100 
95,-0.100 
95,-0.100 
95,-0.100 
95,-0.100 
95,-0.100 
95,-5.000 
96,-0.100 
96,-0.100 
96,-0.100 
96,-0.100 
96,-0.100 
96,-0.100 
96,-0.100 
96,-0.100 
96,-0.100 
96,-5.000 
97,-0.100 
97,-0.100 
97,-0.100 
97,-0.100 
97,-0.100 
97,-0.100 
97,-0.100 
97,-0.100 
97,-0.100 
97,-5.000 
98,-0.100 
98,-0.100 
98,-0.100 
98,-0.100 
98,-0.100 
98,-0.100 
98,-0.100 
98,-0.100 
98,-5.000 
99,-0.100 
99,-0.100 
99,-0.100 
99,-0.100 
99,-0.100 
99,-0.100 
99,-0.100 
99,-0.100 
99,-0.100 
99,-5.000 
100,-0.100 
100,-0.100 
100,-0.100 
100,-0.100 
100,-0.100 
100,-0.100 
100,-0.100 
100,-0.100 
100,-0.100 
100,-5.000 
101,-0.100 
101,-0.100 
101,-0.100 
101,-0.100 
101,-0.100 
101,-0.100 
101,-0.100 
101,-0.100 
101,-0.100 
101,-5.000 
102,-0.100 
102,-0.100 
102,-0.100 
102,-0.100 
102,-0.100 
102,-0.100 
102,-0.100 
102,-0.100 
102,-0.100 
102,-5.000 
103,-0.100 
103,-0.100 
103,-0.100 
103,-0.100 
103,-0.100 
103,-0.100 
103,-0.100 
103,-0.100 
103,-0.100 
103,-5.000 
104,-0.100 
104,-0.100 
104,-0.100 
104,-0.100 
104,-0.100 
104,-0.100 
104,-0.100 
104,-0.100 
104,-0.100 
104,-5.000 
105,-0.100 
105,-0.100 
105,-0.100 
105,-0.100 
105,-0.100 
105,-0.100 
105,-0.100 
105,-0.100 
105,-0.100 
105,-5.000 
106,-0.100 
106,-0.100 
106,-0.100 
106,-0.100 
106,-0.100 
106,-0.100 
106,-0.100 
106,-0.100 
106,-0.100 
106,-5.000 
107,-0.100 
107,-0.100 
107,-0.100 
107,-0.100 
107,-0.100 
107,-0.100 
107,-0.100 
107,-0.100 
107,-0.100 
107,-5.000 
108,-0.100 
108,-0.100 
108,-0.100 
108,-0.100 
108,-0.100 
108,-0.100 
108,-0.100 
108,-0.100 
108,-0.100 
108,-5.000 
109,-0.100 
109,-0.100 
109,-0.100 
109,-0.100 
109,-0.100 
109,-0.100 
109,-0.100 
109,-0.100 
109,-0.100 
109,-5.000 
110,-0.100 
110,-0.100 
110,-0.100 
110,-0.100 
110,-0.100 
110,-0.100 
110,-0.100 
110,-0.100 
110,-0.100 
110,-5.000 
111,-0.100 
111,-0.100 
111,-0.100 
111,-0.100 
111,-0.100 
111,-0.100 
111,-0.100 
111,-0.100 
111,-0.100 
111,-5.000 
112,-0.100 
112,-0.100 
112,-0.100 
112,-0.100 
112,-0.100 
112,-0.100 
112,-0.100 
112,-0.100 
112,-0.100 
112,-5.000 
113,-0.100 
113,-0.100 
113,-0.100 
113,-0.100 
113,-0.100 
113,-0.100 
113,-0.100 
113,-0.100 
113,-0.100 
113,-5.000 
114,-0.100 
114,-0.100 
114,-0.100 
114,-0.100 
114,-0.100 
114,-0.100 
114,-0.100 
114,-0.100 
114,-0.100 
114,-5.000 
115,-0.100 
115,-0.100 
115,-0.100 
115,-0.100 
115,-0.100 
115,-0.100 
115,-0.100 
115,-0.100 
115,-0.100 
115,-5.000 
116,-0.100 
116,-0.100 
116,-0.100 
116,-0.100 
116,-0.100 
116,-0.100 
116,-0.100 
116,-0.100 
116,-0.100 
116,-5.000 
117,-0.100 
117,-0.100 
117,-0.100 
117,-0.100 
117,-0.100 
117,-0.100 
117,-0.100 
117,-0.100 
117,-0.100 
117,-5.000 
118,-0.100 
118,-0.100 
118,-0.100 
118,-0.100 
118,-0.100 
118,-0.100 
118,-0.100 
118,-0.100 
118,-5.000 
119,-0.100 
119,-0.100 
119,-0.100 
119,-0.100 
119,-0.100 
119,-0.100 
119,-0.100 
119,-0.100 
119,-0.100 
119,-5.000 
120,-0.100 
120,-0.100 
120,-0.100 
120,-0.100 
120,-0.100 
120,-0.100 
120,-0.100 
120,-0.100 
120,-0.100 
120,-5.000 
121,-0.100 
121,-0.100 
121,-0.100 
121,-0.100 
121,-0.100 
121,-0.100 
121,-0.100 
121,-0.100 
121,-0.100 
121,-5.000 
122,-0.100 
122,-0.100 
122,-0.100 
122,-0.100 
122,-0.100 
122,-0.100 
122,-0.100 
122,-0.100 
122,-5.000 
123,-0.100 
123,-0.100 
123,-0.100 
123,-0.100 
123,-0.100 
123,-0.100 
123,-0.100 
123,-0.100 
123,-0.100 
123,-5.000 
124,-0.100 
124,-0.100 
124,-0.100 
124,-0.100 
124,-0.100 
124,-0.100 
124,-0.100 
124,-0.100 
124,-0.100 
124,-5.000 
125,-0.100 
125,-0.100 
125,-0.100 
125,-0.100 
125,-0.100 
125,-0.100 
125,-0.100 
125,-0.100 
125,-0.100 
125,-5.000 
126,-0.100 
126,-0.100 
126,-0.100 
126,-0.100 
126,-0.100 
126,-0.100 
126,-0.100 
126,-0.100 
126,-0.100 
126,-5.000 
127,-0.100 
127,-0.100 
127,-0.100 
127,-0.100 
127,-0.100 
127,-0.100 
127,-0.100 
127,-0.100 
127,-0.100 
127,-5.000 
128,-0.100 
128,-0.100 
128,-0.100 
128,-0.100 
128,-0.100 
128,-0.100 
128,-0.100 
128,-0.100 
128,-0.100 
128,-5.000 
129,-0.100 
129,-0.100 
129,-0.100 
129,-0.100 
129,-0.100 
129,-0.100 
129,-0.100 
129,-0.100 
129,-0.100 
129,-5.000 
130,-0.100 
130,-0.100 
130,-0.100 
130,-0.100 
130,-0.100 
130,-0.100 
130,-0.100 
130,-0.100 
130,-5.000 
131,-0.100 
131,-0.100 
131,-0.100 
131,-0.100 
131,-0.100 
131,-0.100 
131,-0.100 
131,-0.100 
131,-0.100 
131,-5.000 
132,-0.100 
132,-0.100 
132,-0.100 
132,-0.100 
132,-0.100 
132,-0.100 
132,-0.100 
132,-0.100 
132,-0.100 
132,-5.000 
133,-0.100 
133,-0.100 
133,-0.100 
133,-0.100 
133,-0.100 
133,-0.100 
133,-0.100 
133,-0.100 
133,-0.100 
133,-5.000 
134,-0.100 
134,-0.100 
134,-0.100 
134,-0.100 
134,-0.100 
134,-0.100 
134,-0.100 
134,-0.100 
134,-0.100 
134,-5.000 
135,-0.100 
135,-0.100 
135,-0.100 
135,-0.100 
135,-0.100 
135,-0.100 
135,-0.100 
135,-0.100 
135,-5.000 
136,-0.100 
136,-0.100 
136,-0.100 
136,-0.100 
136,-0.100 
136,-0.100 
136,-0.100 
136,-0.100 
136,-5.000 
137,-0.100 
137,-0.100 
137,-0.100 
137,-0.100 
137,-0.100 
137,-0.100 
137,-0.100 
137,-0.100 
137,-0.100 
137,-5.000 
138,-0.100 
138,-0.100 
138,-0.100 
138,-0.100 
138,-0.100 
138,-0.100 
138,-0.100 
138,-0.100 
138,-5.000 
139,-0.100 
139,-0.100 
139,-0.100 
139,-0.100 
139,-0.100 
139,-0.100 
139,-0.100 
139,-0.100 
139,-0.100 
139,-5.000 
140,-0.100 
140,-0.100 
140,-0.100 
140,-0.100 
140,-0.100 
140,-0.100 
140,-0.100 
140,-0.100 
140,-0.100 
140,-5.000 
141,-0.100 
141,-0.100 
141,-0.100 
141,-0.100 
141,-0.100 
141,-0.100 
141,-0.100 
141,-0.100 
141,-0.100 
141,-5.000 
142,-0.100 
142,-0.100 
142,-0.100 
142,-0.100 
142,-0.100 
142,-0.100 
142,-0.100 
142,-0.100 
142,-0.100 
142,-5.000 
143,-0.100 
143,-0.100 
143,-0.100 
143,-0.100 
143,-0.100 
143,-0.100 
143,-0.100 
143,-0.100 
143,-0.100 
143,-5.000 
144,-0.100 
144,-0.100 
144,-0.100 
144,-0.100 
144,-0.100 
144,-0.100 
144,-0.100 
144,-0.100 
144,-5.000 
145,-0.100 
145,-0.100 
145,-0.100 
145,-0.100 
145,-0.100 
145,-0.100 
145,-0.100 
145,-0.100 
145,-0.100 
145,-5.000 
146,-0.100 
146,-0.100 
146,-0.100 
146,-0.100 
146,-0.100 
146,-0.100 
146,-0.100 
146,-0.100 
146,-0.100 
146,-5.000 
147,-0.100 
147,-0.100 
147,-0.100 
147,-0.100 
147,-0.100 
147,-0.100 
147,-0.100 
147,-0.100 
147,-0.100 
147,-5.000 
148,-0.100 
148,-0.100 
148,-0.100 
148,-0.100 
148,-0.100 
148,-0.100 
148,-0.100 
148,-0.100 
148,-0.100 
148,-5.000 
149,-0.100 
149,-0.100 
149,-0.100 
149,-0.100 
149,-0.100 
149,-0.100 
149,-0.100 
149,-0.100 
149,-0.100 
149,-5.000 
150,-0.100 
150,-0.100 
150,-0.100 
150,-0.100 
150,-0.100 
150,-0.100 
150,-0.100 
150,-0.100 
150,-0.100 
150,-5.000 
151,-0.100 
151,-0.100 
151,-0.100 
151,-0.100 
151,-0.100 
151,-0.100 
151,-0.100 
151,-0.100 
151,-0.100 
151,-5.000 
152,-0.100 
152,-0.100 
152,-0.100 
152,-0.100 
152,-0.100 
152,-0.100 
152,-0.100 
152,-0.100 
152,-0.100 
152,-5.000 
153,-0.100 
153,-0.100 
153,-0.100 
153,-0.100 
153,-0.100 
153,-0.100 
153,-0.100 
153,-0.100 
153,-5.000 
154,-0.100 
154,-0.100 
154,-0.100 
154,-0.100 
154,-0.100 
154,-0.100 
154,-0.100 
154,-0.100 
154,-0.100 
154,-5.000 
155,-0.100 
155,-0.100 
155,-0.100 
155,-0.100 
155,-0.100 
155,-0.100 
155,-0.100 
155,-0.100 
155,-0.100 
155,-5.000 
156,-0.100 
156,-0.100 
156,-0.100 
156,-0.100 
156,-0.100 
156,-0.100 
156,-0.100 
156,-0.100 
156,-5.000 
157,-0.100 
157,-0.100 
157,-0.100 
157,-0.100 
157,-0.100 
157,-0.100 
157,-0.100 
157,-0.100 
157,-0.100 
157,-5.000 
158,-0.100 
158,-0.100 
158,-0.100 
158,-0.100 
158,-0.100 
158,-0.100 
158,-0.100 
158,-0.100 
158,-0.100 
158,-5.000 
159,-0.100 
159,-0.100 
159,-0.100 
159,-0.100 
159,-0.100 
159,-0.100 
159,-0.100 
159,-0.100 
159,-0.100 
159,-5.000 
160,-0.100 
160,-0.100 
160,-0.100 
160,-0.100 
160,-0.100 
160,-0.100 
160,-0.100 
160,-0.100 
160,-0.100 
160,-5.000 
161,-0.100 
161,-0.100 
161,-0.100 
161,-0.100 
161,-0.100 
161,-0.100 
161,-0.100 
161,-0.100 
161,-0.100 
161,-5.000 
162,-0.100 
162,-0.100 
162,-0.100 
162,-0.100 
162,-0.100 
162,-0.100 
162,-0.100 
162,-0.100 
162,-0.100 
162,-5.000 
163,-0.100 
163,-0.100 
163,-0.100 
163,-0.100 
163,-0.100 
163,-0.100 
163,-0.100 
163,-0.100 
163,-0.100 
163,-5.000 
164,-0.100 
164,-0.100 
164,-0.100 
164,-0.100 
164,-0.100 
164,-0.100 
164,-0.100 
164,-0.100 
164,-0.100 
164,-5.000 
165,-0.100 
165,-0.100 
165,-0.100 
165,-0.100 
165,-0.100 
165,-0.100 
165,-0.100 
165,-0.100 
165,-0.100 
165,-5.000 
166,-0.100 
166,-0.100 
166,-0.100 
166,-0.100 
166,-0.100 
166,-0.100 
166,-0.100 
166,-0.100 
166,-0.100 
166,-5.000 
167,-0.100 
167,-0.100 
167,-0.100 
167,-0.100 
167,-0.100 
167,-0.100 
167,-0.100 
167,-0.100 
167,-0.100 
167,-5.000 
168,-0.100 
168,-0.100 
168,-0.100 
168,-0.100 
168,-0.100 
168,-0.100 
168,-0.100 
168,-0.100 
168,-0.100 
168,-5.000 
169,-0.100 
169,-0.100 
169,-0.100 
169,-0.100 
169,-0.100 
169,-0.100 
169,-0.100 
169,-0.100 
169,-0.100 
169,-5.000 
170,-0.100 
170,-0.100 
170,-0.100 
170,-0.100 
170,-0.100 
170,-0.100 
170,-0.100 
170,-0.100 
170,-0.100 
170,-5.000 
171,-0.100 
171,-0.100 
171,-0.100 
171,-0.100 
171,-0.100 
171,-0.100 
171,-0.100 
171,-0.100 
171,-0.100 
171,-5.000 
172,-0.100 
172,-0.100 
172,-0.100 
172,-0.100 
172,-0.100 
172,-0.100 
172,-0.100 
172,-0.100 
172,-0.100 
172,-5.000 
173,-0.100 
173,-0.100 
173,-0.100 
173,-0.100 
173,-0.100 
173,-0.100 
173,-0.100 
173,-0.100 
173,-0.100 
173,-5.000 
174,-0.100 
174,-0.100 
174,-0.100 
174,-0.100 
174,-0.100 
174,-0.100 
174,-0.100 
174,-0.100 
174,-5.000 
175,-0.100 
175,-0.100 
175,-0.100 
175,-0.100 
175,-0.100 
175,-0.100 
175,-0.100 
175,-0.100 
175,-0.100 
175,-5.000 
176,-0.100 
176,-0.100 
176,-0.100 
176,-0.100 
176,-0.100 
176,-0.100 
176,-0.100 
176,-0.100 
176,-0.100 
176,-5.000 
177,-0.100 
177,-0.100 
177,-0.100 
177,-0.100 
177,-0.100 
177,-0.100 
177,-0.100 
177,-0.100 
177,-0.100 
177,-5.000 
178,-0.100 
178,-0.100 
178,-0.100 
178,-0.100 
178,-0.100 
178,-0.100 
178,-0.100 
178,-0.100 
178,-0.100 
178,-5.000 
179,-0.100 
179,-0.100 
179,-0.100 
179,-0.100 
179,-0.100 
179,-0.100 
179,-0.100 
179,-0.100 
179,-0.100 
179,-5.000 
180,-0.100 
180,-0.100 
180,-0.100 
180,-0.100 
180,-0.100 
180,-0.100 
180,-0.100 
180,-0.100 
180,-5.000 
181,-0.100 
181,-0.100 
181,-0.100 
181,-0.100 
181,-0.100 
181,-0.100 
181,-0.100 
181,-0.100 
181,-0.100 
181,-5.000 
182,-0.100 
182,-0.100 
182,-0.100 
182,-0.100 
182,-0.100 
182,-0.100 
182,-0.100 
182,-0.100 
182,-0.100 
182,-5.000 
183,-0.100 
183,-0.100 
183,-0.100 
183,-0.100 
183,-0.100 
183,-0.100 
183,-0.100 
183,-0.100 
183,-0.100 
183,-5.000 
184,-0.100 
184,-0.100 
184,-0.100 
184,-0.100 
184,-0.100 
184,-0.100 
184,-0.100 
184,-0.100 
184,-0.100 
184,-5.000 
185,-0.100 
185,-0.100 
185,-0.100 
185,-0.100 
185,-0.100 
185,-0.100 
185,-0.100 
185,-0.100 
185,-0.100 
185,-5.000 
186,-0.100 
186,-0.100 
186,-0.100 
186,-0.100 
186,-0.100 
186,-0.100 
186,-0.100 
186,-0.100 
186,-0.100 
186,-5.000 
187,-0.100 
187,-0.100 
187,-0.100 
187,-0.100 
187,-0.100 
187,-0.100 
187,-0.100 
187,-0.100 
187,-0.100 
187,-5.000 
188,-0.100 
188,-0.100 
188,-0.100 
188,-0.100 
188,-0.100 
188,-0.100 
188,-0.100 
188,-0.100 
188,-5.000 
189,-0.100 
189,-0.100 
189,-0.100 
189,-0.100 
189,-0.100 
189,-0.100 
189,-0.100 
189,-0.100 
189,-0.100 
189,-5.000 
190,-0.100 
190,-0.100 
190,-0.100 
190,-0.100 
190,-0.100 
190,-0.100 
190,-0.100 
190,-0.100 
190,-0.100 
190,-5.000 
191,-0.100 
191,-0.100 
191,-0.100 
191,-0.100 
191,-0.100 
191,-0.100 
191,-0.100 
191,-0.100 
191,-0.100 
191,-5.000 
192,-0.100 
192,-0.100 
192,-0.100 
192,-0.100 
192,-0.100 
192,-0.100 
192,-0.100 
192,-0.100 
192,-0.100 
192,-5.000 
193,-0.100 
193,-0.100 
193,-0.100 
193,-0.100 
193,-0.100 
193,-0.100 
193,-0.100 
193,-0.100 
193,-0.100 
193,-5.000 
194,-0.100 
194,-0.100 
194,-0.100 
194,-0.100 
194,-0.100 
194,-0.100 
194,-0.100 
194,-0.100 
194,-0.100 
194,-5.000 
195,-0.100 
195,-0.100 
195,-0.100 
195,-0.100 
195,-0.100 
195,-0.100 
195,-0.100 
195,-0.100 
195,-0.100 
195,-5.000 
196,-0.100 
196,-0.100 
196,-0.100 
196,-0.100 
196,-0.100 
196,-0.100 
196,-0.100 
196,-0.100 
196,-0.100 
196,-5.000 
197,-0.100 
197,-0.100 
197,-0.100 
197,-0.100 
197,-0.100 
197,-0.100 
197,-0.100 
197,-0.100 
197,-0.100 
197,-5.000 
198,-0.100 
198,-0.100 
198,-0.100 
198,-0.100 
198,-0.100 
198,-0.100 
198,-0.100 
198,-0.100 
198,-0.100 
198,-5.000 
199,-0.100 
199,-0.100 
199,-0.100 
199,-0.100 
199,-0.100 
199,-0.100 
199,-0.100 
199,-0.100 
199,-0.100 
199,-5.000 
200,-0.100 
200,-0.100 
200,-0.100 
200,-0.100 
200,-0.100 
200,-0.100 
200,-0.100 
200,-0.100 
200,-0.100 
200,-5.000 
201,-0.100 
201,-0.100 
201,-0.100 
201,-0.100 
201,-0.100 
201,-0.100 
201,-0.100 
201,-0.100 
201,-0.100 
201,-5.000 
202,-0.100 
202,-0.100 
202,-0.100 
202,-0.100 
202,-0.100 
202,-0.100 
202,-0.100 
202,-0.100 
202,-0.100 
202,-5.000 
203,-0.100 
203,-0.100 
203,-0.100 
203,-0.100 
203,-0.100 
203,-0.100 
203,-0.100 
203,-0.100 
203,-0.100 
203,-5.000 
204,-0.100 
204,-0.100 
204,-0.100 
204,-0.100 
204,-0.100 
204,-0.100 
204,-0.100 
204,-0.100 
204,-0.100 
204,-5.000 
205,-0.100 
205,-0.100 
205,-0.100 
205,-0.100 
205,-0.100 
205,-0.100 
205,-0.100 
205,-0.100 
205,-0.100 
205,-5.000 
206,-0.100 
206,-0.100 
206,-0.100 
206,-0.100 
206,-0.100 
206,-0.100 
206,-0.100 
206,-0.100 
206,-0.100 
206,-5.000 
207,-0.100 
207,-0.100 
207,-0.100 
207,-0.100 
207,-0.100 
207,-0.100 
207,-0.100 
207,-0.100 
207,-0.100 
207,-5.000 
208,-0.100 
208,-0.100 
208,-0.100 
208,-0.100 
208,-0.100 
208,-0.100 
208,-0.100 
208,-0.100 
208,-0.100 
208,-5.000 
209,-0.100 
209,-0.100 
209,-0.100 
209,-0.100 
209,-0.100 
209,-0.100 
209,-0.100 
209,-0.100 
209,-0.100 
209,-5.000 
210,-0.100 
210,-0.100 
210,-0.100 
210,-0.100 
210,-0.100 
210,-0.100 
210,-0.100 
210,-0.100 
210,-0.100 
210,-5.000 
211,-0.100 
211,-0.100 
211,-0.100 
211,-0.100 
211,-0.100 
211,-0.100 
211,-0.100 
211,-0.100 
211,-0.100 
211,-5.000 
212,-0.100 
212,-0.100 
212,-0.100 
212,-0.100 
212,-0.100 
212,-0.100 
212,-0.100 
212,-0.100 
212,-5.000 
213,-0.100 
213,-0.100 
213,-0.100 
213,-0.100 
213,-0.100 
213,-0.100 
213,-0.100 
213,-0.100 
213,-0.100 
213,-5.000 
214,-0.100 
214,-0.100 
214,-0.100 
214,-0.100 
214,-0.100 
214,-0.100 
214,-0.100 
214,-0.100 
214,-0.100 
214,-5.000 
215,-0.100 
215,-0.100 
215,-0.100 
215,-0.100 
215,-0.100 
215,-0.100 
215,-0.100 
215,-0.100 
215,-0.100 
215,-5.000 
216,-0.100 
216,-0.100 
216,-0.100 
216,-0.100 
216,-0.100 
216,-0.100 
216,-0.100 
216,-0.100 
216,-0.100 
216,-5.000 
217,-0.100 
217,-0.100 
217,-0.100 
217,-0.100 
217,-0.100 
217,-0.100 
217,-0.100 
217,-0.100 
217,-0.100 
217,-5.000 
218,-0.100 
218,-0.100 
218,-0.100 
218,-0.100 
218,-0.100 
218,-0.100 
218,-0.100 
218,-0.100 
218,-0.100 
218,-5.000 
219,-0.100 
219,-0.100 
219,-0.100 
219,-0.100 
219,-0.100 
219,-0.100 
219,-0.100 
219,-0.100 
219,-0.100 
219,-5.000 
220,-0.100 
220,-0.100 
220,-0.100 
220,-0.100 
220,-0.100 
220,-0.100 
220,-0.100 
220,-0.100 
220,-5.000 
221,-0.100 
221,-0.100 
221,-0.100 
221,-0.100 
221,-0.100 
221,-0.100 
221,-0.100 
221,-0.100 
221,-0.100 
221,-5.000 
222,-0.100 
222,-0.100 
222,-0.100 
222,-0.100 
222,-0.100 
222,-0.100 
222,-0.100 
222,-0.100 
222,-0.100 
222,-5.000 
223,-0.100 
223,-0.100 
223,-0.100 
223,-0.100 
223,-0.100 
223,-0.100 
223,-0.100 
223,-0.100 
223,-0.100 
223,-5.000 
224,-0.100 
224,-0.100 
224,-0.100 
224,-0.100 
224,-0.100 
224,-0.100 
224,-0.100 
224,-0.100 
224,-0.100 
224,-5.000 
225,-0.100 
225,-0.100 
225,-0.100 
225,-0.100 
225,-0.100 
225,-0.100 
225,-0.100 
225,-0.100 
225,-0.100 
225,-5.000 
226,-0.100 
226,-0.100 
226,-0.100 
226,-0.100 
226,-0.100 
226,-0.100 
226,-0.100 
226,-0.100 
226,-0.100 
226,-5.000 
227,-0.100 
227,-0.100 
227,-0.100 
227,-0.100 
227,-0.100 
227,-0.100 
227,-0.100 
227,-0.100 
227,-0.100 
227,-5.000 
228,-0.100 
228,-0.100 
228,-0.100 
228,-0.100 
228,-0.100 
228,-0.100 
228,-0.100 
228,-0.100 
228,-0.100 
228,-5.000 
229,-0.100 
229,-0.100 
229,-0.100 
229,-0.100 
229,-0.100 
229,-0.100 
229,-0.100 
229,-0.100 
229,-0.100 
229,-5.000 
230,-0.100 
230,-0.100 
230,-0.100 
230,-0.100 
230,-0.100 
230,-0.100 
230,-0.100 
230,-0.100 
230,-0.100 
230,-5.000 
231,-0.100 
231,-0.100 
231,-0.100 
231,-0.100 
231,-0.100 
231,-0.100 
231,-0.100 
231,-0.100 
231,-0.100 
231,-5.000 
232,-0.100 
232,-0.100 
232,-0.100 
232,-0.100 
232,-0.100 
232,-0.100 
232,-0.100 
232,-0.100 
232,-0.100 
232,-5.000 
233,-0.100 
233,-0.100 
233,-0.100 
233,-0.100 
233,-0.100 
233,-0.100 
233,-0.100 
233,-0.100 
233,-0.100 
233,-5.000 
234,-0.100 
234,-0.100 
234,-0.100 
234,-0.100 
234,-0.100 
234,-0.100 
234,-0.100 
234,-0.100 
234,-0.100 
234,-5.000 
235,-0.100 
235,-0.100 
235,-0.100 
235,-0.100 
235,-0.100 
235,-0.100 
235,-0.100 
235,-0.100 
235,-0.100 
235,193.596 
236,-0.100 
236,-0.100 
236,-0.100 
236,-0.100 
236,-0.100 
236,-0.100 
236,-0.100 
236,-0.100 
236,-0.100 
236,-5.000 
237,-0.100 
237,-0.100 
237,-0.100 
237,-0.100 
237,-0.100 
237,-0.100 
237,-0.100 
237,-0.100 
237,-0.100 
237,-5.000 
238,-0.100 
238,-0.100 
238,-0.100 
238,-0.100 
238,-0.100 
238,-0.100 
238,-0.100 
238,-0.100 
238,-0.100 
238,-5.000 
239,-0.100 
239,-0.100 
239,-0.100 
239,-0.100 
239,-0.100 
239,-0.100 
239,-0.100 
239,-0.100 
239,-0.100 
239,-5.000 
240,-0.100 
240,-0.100 
240,-0.100 
240,-0.100 
240,-0.100 
240,-0.100 
240,-0.100 
240,-0.100 
240,-5.000 
241,-0.100 
241,-0.100 
241,-0.100 
241,-0.100 
241,-0.100 
241,-0.100 
241,-0.100 
241,-0.100 
241,-0.100 
241,-5.000 
242,-0.100 
242,-0.100 
242,-0.100 
242,-0.100 
242,-0.100 
242,-0.100 
242,-0.100 
242,-0.100 
242,-0.100 
242,-5.000 
243,-0.100 
243,-0.100 
243,-0.100 
243,-0.100 
243,-0.100 
243,-0.100 
243,-0.100 
243,-0.100 
243,-0.100 
243,-5.000 
244,-0.100 
244,-0.100 
244,-0.100 
244,-0.100 
244,-0.100 
244,-0.100 
244,-0.100 
244,-0.100 
244,-0.100 
244,-5.000 
245,-0.100 
245,-0.100 
245,-0.100 
245,-0.100 
245,-0.100 
245,-0.100 
245,-0.100 
245,-0.100 
245,-0.100 
245,-5.000 
246,-0.100 
246,-0.100 
246,-0.100 
246,-0.100 
246,-0.100 
246,-0.100 
246,-0.100 
246,-0.100 
246,-0.100 
246,-5.000 
247,-0.100 
247,-0.100 
247,-0.100 
247,-0.100 
247,-0.100 
247,-0.100 
247,-0.100 
247,-0.100 
247,-0.100 
247,-5.000 
248,-0.100 
248,-0.100 
248,-0.100 
248,-0.100 
248,-0.100 
248,-0.100 
248,-0.100 
248,-0.100 
248,-0.100 
248,-5.000 
249,-0.100 
249,-0.100 
249,-0.100 
249,-0.100 
249,-0.100 
249,-0.100 
249,-0.100 
249,-0.100 
249,-0.100 
249,-5.000 
250,-0.100 
250,-0.100 
250,-0.100 
250,-0.100 
250,-0.100 
250,-0.100 
250,-0.100 
250,-0.100 
250,-0.100 
250,-5.000 
251,-0.100 
251,-0.100 
251,-0.100 
251,-0.100 
251,-0.100 
251,-0.100 
251,-0.100 
251,-0.100 
251,-0.100 
251,-5.000 
252,-0.100 
252,-0.100 
252,-0.100 
252,-0.100 
252,-0.100 
252,-0.100 
252,-0.100 
252,-0.100 
252,-0.100 
252,-5.000 
253,-0.100 
253,-0.100 
253,-0.100 
253,-0.100 
253,-0.100 
253,-0.100 
253,-0.100 
253,-0.100 
253,-0.100 
253,-5.000 
254,-0.100 
254,-0.100 
254,-0.100 
254,-0.100 
254,-0.100 
254,-0.100 
254,-0.100 
254,-0.100 
254,-0.100 
254,-5.000 
255,-0.100 
255,-0.100 
255,-0.100 
255,-0.100 
255,-0.100 
255,-0.100 
255,-0.100 
255,-0.100 
255,-0.100 
255,-5.000 
256,-0.100 
256,-0.100 
256,-0.100 
256,-0.100 
256,-0.100 
256,-0.100 
256,-0.100 
256,-0.100 
256,-0.100 
256,-5.000 
257,-0.100 
257,-0.100 
257,-0.100 
257,-0.100 
257,-0.100 
257,-0.100 
257,-0.100 
257,-0.100 
257,-0.100 
257,-5.000 
258,-0.100 
258,-0.100 
258,-0.100 
258,-0.100 
258,-0.100 
258,-0.100 
258,-0.100 
258,-0.100 
258,-0.100 
258,-5.000 
259,-0.100 
259,-0.100 
259,-0.100 
259,-0.100 
259,-0.100 
259,-0.100 
259,-0.100 
259,-0.100 
259,-0.100 
259,-5.000 
260,-0.100 
260,-0.100 
260,-0.100 
260,-0.100 
260,-0.100 
260,-0.100 
260,-0.100 
260,-0.100 
260,-0.100 
260,-5.000 
261,-0.100 
261,-0.100 
261,-0.100 
261,-0.100 
261,-0.100 
261,-0.100 
261,-0.100 
261,-0.100 
261,-0.100 
261,-5.000 
262,-0.100 
262,-0.100 
262,-0.100 
262,-0.100 
262,-0.100 
262,-0.100 
262,-0.100 
262,-0.100 
262,-0.100 
262,-5.000 
263,-0.100 
263,-0.100 
263,-0.100 
263,-0.100 
263,-0.100 
263,-0.100 
263,-0.100 
263,-0.100 
263,-0.100 
263,-5.000 
264,-0.100 
264,-0.100 
264,-0.100 
264,-0.100 
264,-0.100 
264,-0.100 
264,-0.100 
264,-0.100 
264,-0.100 
264,-5.000 
265,-0.100 
265,-0.100 
265,-0.100 
265,-0.100 
265,-0.100 
265,-0.100 
265,-0.100 
265,-0.100 
265,-0.100 
265,-5.000 
266,-0.100 
266,-0.100 
266,-0.100 
266,-0.100 
266,-0.100 
266,-0.100 
266,-0.100 
266,-0.100 
266,-0.100 
266,-5.000 
267,-0.100 
267,-0.100 
267,-0.100 
267,-0.100 
267,-0.100 
267,-0.100 
267,-0.100 
267,-0.100 
267,-0.100 
267,-5.000 
268,-0.100 
268,-0.100 
268,-0.100 
268,-0.100 
268,-0.100 
268,-0.100 
268,-0.100 
268,-0.100 
268,-0.100 
268,-5.000 
269,-0.100 
269,-0.100 
269,-0.100 
269,-0.100 
269,-0.100 
269,-0.100 
269,-0.100 
269,-0.100 
269,-0.100 
269,-5.000 
270,-0.100 
270,-0.100 
270,-0.100 
270,-0.100 
270,-0.100 
270,-0.100 
270,-0.100 
270,-0.100 
270,-0.100 
270,-5.000 
271,-0.100 
271,-0.100 
271,-0.100 
271,-0.100 
271,-0.100 
271,-0.100 
271,-0.100 
271,-0.100 
271,-0.100 
271,-5.000 
272,-0.100 
272,-0.100 
272,-0.100 
272,-0.100 
272,-0.100 
272,-0.100 
272,-0.100 
272,-0.100 
272,-0.100 
272,-5.000 
273,-0.100 
273,-0.100 
273,-0.100 
273,-0.100 
273,-0.100 
273,-0.100 
273,-0.100 
273,-0.100 
273,-0.100 
273,-5.000 
274,-0.100 
274,-0.100 
274,-0.100 
274,-0.100 
274,-0.100 
274,-0.100 
274,-0.100 
274,-0.100 
274,-0.100 
274,-5.000 
275,-0.100 
275,-0.100 
275,-0.100 
275,-0.100 
275,-0.100 
275,-0.100 
275,-0.100 
275,-0.100 
275,-0.100 
275,-5.000 
276,-0.100 
276,-0.100 
276,-0.100 
276,-0.100 
276,-0.100 
276,-0.100 
276,-0.100 
276,-0.100 
276,-0.100 
276,-5.000 
277,-0.100 
277,-0.100 
277,-0.100 
277,-0.100 
277,-0.100 
277,-0.100 
277,-0.100 
277,-0.100 
277,-0.100 
277,-5.000 
278,-0.100 
278,-0.100 
278,-0.100 
278,-0.100 
278,-0.100 
278,-0.100 
278,-0.100 
278,-0.100 
278,-0.100 
278,-5.000 
279,-0.100 
279,-0.100 
279,-0.100 
279,-0.100 
279,-0.100 
279,-0.100 
279,-0.100 
279,-0.100 
279,-0.100 
279,-5.000 
280,-0.100 
280,-0.100 
280,-0.100 
280,-0.100 
280,-0.100 
280,-0.100 
280,-0.100 
280,-0.100 
280,-0.100 
280,-5.000 
281,-0.100 
281,-0.100 
281,-0.100 
281,-0.100 
281,-0.100 
281,-0.100 
281,-0.100 
281,-0.100 
281,-0.100 
281,-5.000 
282,-0.100 
282,-0.100 
282,-0.100 
282,-0.100 
282,-0.100 
282,-0.100 
282,-0.100 
282,-0.100 
282,-0.100 
282,-5.000 
283,-0.100 
283,-0.100 
283,-0.100 
283,-0.100 
283,-0.100 
283,-0.100 
283,-0.100 
283,-0.100 
283,-0.100 
283,-5.000 
284,-0.100 
284,-0.100 
284,-0.100 
284,-0.100 
284,-0.100 
284,-0.100 
284,-0.100 
284,-0.100 
284,-0.100 
284,-5.000 
285,-0.100 
285,-0.100 
285,-0.100 
285,-0.100 
285,-0.100 
285,-0.100 
285,-0.100 
285,-0.100 
285,-0.100 
285,-5.000 
286,-0.100 
286,-0.100 
286,-0.100 
286,-0.100 
286,-0.100 
286,-0.100 
286,-0.100 
286,-0.100 
286,-0.100 
286,-5.000 
287,-0.100 
287,-0.100 
287,-0.100 
287,-0.100 
287,-0.100 
287,-0.100 
287,-0.100 
287,-0.100 
287,-0.100 
287,-5.000 
288,-0.100 
288,-0.100 
288,-0.100 
288,-0.100 
288,-0.100 
288,-0.100 
288,-0.100 
288,-0.100 
288,-0.100 
288,-5.000 
289,-0.100 
289,-0.100 
289,-0.100 
289,-0.100 
289,-0.100 
289,-0.100 
289,-0.100 
289,-0.100 
289,-0.100 
289,-5.000 
290,-0.100 
290,-0.100 
290,-0.100 
290,-0.100 
290,-0.100 
290,-0.100 
290,-0.100 
290,-0.100 
290,-0.100 
290,-5.000 
291,-0.100 
291,-0.100 
291,-0.100 
291,-0.100 
291,-0.100 
291,-0.100 
291,-0.100 
291,-0.100 
291,-5.000 
292,-0.100 
292,-0.100 
292,-0.100 
292,-0.100 
292,-0.100 
292,-0.100 
292,-0.100 
292,-0.100 
292,-0.100 
292,-5.000 
293,-0.100 
293,-0.100 
293,-0.100 
293,-0.100 
293,-0.100 
293,-0.100 
293,-0.100 
293,-0.100 
293,-0.100 
293,-5.000 
294,-0.100 
294,-0.100 
294,-0.100 
294,-0.100 
294,-0.100 
294,-0.100 
294,-0.100 
294,-0.100 
294,-0.100 
294,-5.000 
295,-0.100 
295,-0.100 
295,-0.100 
295,-0.100 
295,-0.100 
295,-0.100 
295,-0.100 
295,-0.100 
295,-0.100 
295,-5.000 
296,-0.100 
296,-0.100 
296,-0.100 
296,-0.100 
296,-0.100 
296,-0.100 
296,-0.100 
296,-0.100 
296,-0.100 
296,-5.000 
297,-0.100 
297,-0.100 
297,-0.100 
297,-0.100 
297,-0.100 
297,-0.100 
297,-0.100 
297,-0.100 
297,-0.100 
297,-5.000 
298,-0.100 
298,-0.100 
298,-0.100 
298,-0.100 
298,-0.100 
298,-0.100 
298,-0.100 
298,-0.100 
298,-5.000 
299,-0.100 
299,-0.100 
299,-0.100 
299,-0.100 
299,-0.100 
299,-0.100 
299,-0.100 
299,-0.100 
299,-0.100 
299,-5.000 
300,-0.100 
300,-0.100 
300,-0.100 
300,-0.100 
300,-0.100 
300,-0.100 
300,-0.100 
300,-0.100 
300,-0.100 
300,-5.000 
301,-0.100 
301,-0.100 
301,-0.100 
301,-0.100 
301,-0.100 
301,-0.100 
301,-0.100 
301,-0.100 
301,-0.100 
301,-5.000 
302,-0.100 
302,-0.100 
302,-0.100 
302,-0.100 
302,-0.100 
302,-0.100 
302,-0.100 
302,-0.100 
302,-0.100 
302,-5.000 
303,-0.100 
303,-0.100 
303,-0.100 
303,-0.100 
303,-0.100 
303,-0.100 
303,-0.100 
303,-0.100 
303,-0.100 
303,-5.000 
304,-0.100 
304,-0.100 
304,-0.100 
304,-0.100 
304,-0.100 
304,-0.100 
304,-0.100 
304,-0.100 
304,-0.100 
304,-5.000 
305,-0.100 
305,-0.100 
305,-0.100 
305,-0.100 
305,-0.100 
305,-0.100 
305,-0.100 
305,-0.100 
305,-0.100 
305,-5.000 
306,-0.100 
306,-0.100 
306,-0.100 
306,-0.100 
306,-0.100 
306,-0.100 
306,-0.100 
306,-0.100 
306,-0.100 
306,-5.000 
307,-0.100 
307,-0.100 
307,-0.100 
307,-0.100 
307,-0.100 
307,-0.100 
307,-0.100 
307,-0.100 
307,-0.100 
307,-5.000 
308,-0.100 
308,-0.100 
308,-0.100 
308,-0.100 
308,-0.100 
308,-0.100 
308,-0.100 
308,-0.100 
308,-0.100 
308,-5.000 
309,-0.100 
309,-0.100 
309,-0.100 
309,-0.100 
309,-0.100 
309,-0.100 
309,-0.100 
309,-0.100 
309,-0.100 
309,-5.000 
310,-0.100 
310,-0.100 
310,-0.100 
310,-0.100 
310,-0.100 
310,-0.100 
310,-0.100 
310,-0.100 
310,-0.100 
310,-5.000 
311,-0.100 
311,-0.100 
311,-0.100 
311,-0.100 
311,-0.100 
311,-0.100 
311,-0.100 
311,-0.100 
311,-0.100 
311,-5.000 
312,-0.100 
312,-0.100 
312,-0.100 
312,-0.100 
312,-0.100 
312,-0.100 
312,-0.100 
312,-0.100 
312,-0.100 
312,-5.000 
313,-0.100 
313,-0.100 
313,-0.100 
313,-0.100 
313,-0.100 
313,-0.100 
313,-0.100 
313,-0.100 
313,-0.100 
313,-5.000 
314,-0.100 
314,-0.100 
314,-0.100 
314,-0.100 
314,-0.100 
314,-0.100 
314,-0.100 
314,-0.100 
314,-0.100 
314,-5.000 
315,-0.100 
315,-0.100 
315,-0.100 
315,-0.100 
315,-0.100 
315,-0.100 
315,-0.100 
315,-0.100 
315,-0.100 
315,-5.000 
316,-0.100 
316,-0.100 
316,-0.100 
316,-0.100 
316,-0.100 
316,-0.100 
316,-0.100 
316,-0.100 
316,-0.100 
316,-5.000 
317,-0.100 
317,-0.100 
317,-0.100 
317,-0.100 
317,-0.100 
317,-0.100 
317,-0.100 
317,-0.100 
317,-0.100 
317,-5.000 
318,-0.100 
318,-0.100 
318,-0.100 
318,-0.100 
318,-0.100 
318,-0.100 
318,-0.100 
318,-0.100 
318,-0.100 
318,-5.000 
319,-0.100 
319,-0.100 
319,-0.100 
319,-0.100 
319,-0.100 
319,-0.100 
319,-0.100 
319,-0.100 
319,-5.000 
320,-0.100 
320,-0.100 
320,-0.100 
320,-0.100 
320,-0.100 
320,-0.100 
320,-0.100 
320,-0.100 
320,-5.000 
321,-0.100 
321,-0.100 
321,-0.100 
321,-0.100 
321,-0.100 
321,-0.100 
321,-0.100 
321,-0.100 
321,-0.100 
321,-5.000 
322,-0.100 
322,-0.100 
322,-0.100 
322,-0.100 
322,-0.100 
322,-0.100 
322,-0.100 
322,-0.100 
322,-0.100 
322,-5.000 
323,-0.100 
323,-0.100 
323,-0.100 
323,-0.100 
323,-0.100 
323,-0.100 
323,-0.100 
323,-0.100 
323,-0.100 
323,-5.000 
324,-0.100 
324,-0.100 
324,-0.100 
324,-0.100 
324,-0.100 
324,-0.100 
324,-0.100 
324,-0.100 
324,-0.100 
324,-5.000 
325,-0.100 
325,-0.100 
325,-0.100 
325,-0.100 
325,-0.100 
325,-0.100 
325,-0.100 
325,-0.100 
325,-0.100 
325,-5.000 
326,-0.100 
326,-0.100 
326,-0.100 
326,-0.100 
326,-0.100 
326,-0.100 
326,-0.100 
326,-0.100 
326,-0.100 
326,-5.000 
327,-0.100 
327,-0.100 
327,-0.100 
327,-0.100 
327,-0.100 
327,-0.100 
327,-0.100 
327,-0.100 
327,-0.100 
327,-5.000 
328,-0.100 
328,-0.100 
328,-0.100 
328,-0.100 
328,-0.100 
328,-0.100 
328,-0.100 
328,-0.100 
328,-0.100 
328,-5.000 
329,-0.100 
329,-0.100 
329,-0.100 
329,-0.100 
329,-0.100 
329,-0.100 
329,-0.100 
329,-0.100 
329,-0.100 
329,-5.000 
330,-0.100 
330,-0.100 
330,-0.100 
330,-0.100 
330,-0.100 
330,-0.100 
330,-0.100 
330,-0.100 
330,-0.100 
330,-5.000 
331,-0.100 
331,-0.100 
331,-0.100 
331,-0.100 
331,-0.100 
331,-0.100 
331,-0.100 
331,-0.100 
331,-0.100 
331,-5.000 
332,-0.100 
332,-0.100 
332,-0.100 
332,-0.100 
332,-0.100 
332,-0.100 
332,-0.100 
332,-0.100 
332,-0.100 
332,-5.000 
333,-0.100 
333,-0.100 
333,-0.100 
333,-0.100 
333,-0.100 
333,-0.100 
333,-0.100 
333,-0.100 
333,-0.100 
333,-5.000 
334,-0.100 
334,-0.100 
334,-0.100 
334,-0.100 
334,-0.100 
334,-0.100 
334,-0.100 
334,-0.100 
334,-0.100 
334,-5.000 
335,-0.100 
335,-0.100 
335,-0.100 
335,-0.100 
335,-0.100 
335,-0.100 
335,-0.100 
335,-0.100 
335,-0.100 
335,-5.000 
336,-0.100 
336,-0.100 
336,-0.100 
336,-0.100 
336,-0.100 
336,-0.100 
336,-0.100 
336,-0.100 
336,-0.100 
336,-5.000 
337,-0.100 
337,-0.100 
337,-0.100 
337,-0.100 
337,-0.100 
337,-0.100 
337,-0.100 
337,-0.100 
337,-0.100 
337,-5.000 
338,-0.100 
338,-0.100 
338,-0.100 
338,-0.100 
338,-0.100 
338,-0.100 
338,-0.100 
338,-0.100 
338,-0.100 
338,-5.000 
339,-0.100 
339,-0.100 
339,-0.100 
339,-0.100 
339,-0.100 
339,-0.100 
339,-0.100 
339,-0.100 
339,-0.100 
339,-5.000 
340,-0.100 
340,-0.100 
340,-0.100 
340,-0.100 
340,-0.100 
340,-0.100 
340,-0.100 
340,-0.100 
340,-0.100 
340,-5.000 
341,-0.100 
341,-0.100 
341,-0.100 
341,-0.100 
341,-0.100 
341,-0.100 
341,-0.100 
341,-0.100 
341,-0.100 
341,-5.000 
342,-0.100 
342,-0.100 
342,-0.100 
342,-0.100 
342,-0.100 
342,-0.100 
342,-0.100 
342,-0.100 
342,-0.100 
342,-5.000 
343,-0.100 
343,-0.100 
343,-0.100 
343,-0.100 
343,-0.100 
343,-0.100 
343,-0.100 
343,-0.100 
343,-0.100 
343,-5.000 
344,-0.100 
344,-0.100 
344,-0.100 
344,-0.100 
344,-0.100 
344,-0.100 
344,-0.100 
344,-0.100 
344,-0.100 
344,-5.000 
345,-0.100 
345,-0.100 
345,-0.100 
345,-0.100 
345,-0.100 
345,-0.100 
345,-0.100 
345,-0.100 
345,-0.100 
345,-5.000 
346,-0.100 
346,-0.100 
346,-0.100 
346,-0.100 
346,-0.100 
346,-0.100 
346,-0.100 
346,-0.100 
346,-0.100 
346,-5.000 
347,-0.100 
347,-0.100 
347,-0.100 
347,-0.100 
347,-0.100 
347,-0.100 
347,-0.100 
347,-0.100 
347,-0.100 
347,-5.000 
348,-0.100 
348,-0.100 
348,-0.100 
348,-0.100 
348,-0.100 
348,-0.100 
348,-0.100 
348,-0.100 
348,-0.100 
348,-5.000 
349,-0.100 
349,-0.100 
349,-0.100 
349,-0.100 
349,-0.100 
349,-0.100 
349,-0.100 
349,-0.100 
349,-0.100 
349,-5.000 
350,-0.100 
350,-0.100 
350,-0.100 
350,-0.100 
350,-0.100 
350,-0.100 
350,-0.100 
350,-0.100 
350,-0.100 
350,-5.000 
351,-0.100 
351,-0.100 
351,-0.100 
351,-0.100 
351,-0.100 
351,-0.100 
351,-0.100 
351,-0.100 
351,-0.100 
351,-5.000 
352,-0.100 
352,-0.100 
352,-0.100 
352,-0.100 
352,-0.100 
352,-0.100 
352,-0.100 
352,-0.100 
352,-0.100 
352,-5.000 
353,-0.100 
353,-0.100 
353,-0.100 
353,-0.100 
353,-0.100 
353,-0.100 
353,-0.100 
353,-0.100 
353,-0.100 
353,-5.000 
354,-0.100 
354,-0.100 
354,-0.100 
354,-0.100 
354,-0.100 
354,-0.100 
354,-0.100 
354,-0.100 
354,-0.100 
354,-5.000 
355,-0.100 
355,-0.100 
355,-0.100 
355,-0.100 
355,-0.100 
355,-0.100 
355,-0.100 
355,-0.100 
355,-0.100 
355,-5.000 
356,-0.100 
356,-0.100 
356,-0.100 
356,-0.100 
356,-0.100 
356,-0.100 
356,-0.100 
356,-0.100 
356,-0.100 
356,-5.000 
357,-0.100 
357,-0.100 
357,-0.100 
357,-0.100 
357,-0.100 
357,-0.100 
357,-0.100 
357,-0.100 
357,-0.100 
357,-5.000 
358,-0.100 
358,-0.100 
358,-0.100 
358,-0.100 
358,-0.100 
358,-0.100 
358,-0.100 
358,-0.100 
358,-0.100 
358,-5.000 
359,-0.100 
359,-0.100 
359,-0.100 
359,-0.100 
359,-0.100 
359,-0.100 
359,-0.100 
359,-0.100 
359,-0.100 
359,-5.000 
360,-0.100 
360,-0.100 
360,-0.100 
360,-0.100 
360,-0.100 
360,-0.100 
360,-0.100 
360,-0.100 
360,-0.100 
360,-5.000 
361,-0.100 
361,-0.100 
361,-0.100 
361,-0.100 
361,-0.100 
361,-0.100 
361,-0.100 
361,-0.100 
361,-0.100 
361,-5.000 
362,-0.100 
362,-0.100 
362,-0.100 
362,-0.100 
362,-0.100 
362,-0.100 
362,-0.100 
362,-0.100 
362,-0.100 
362,-5.000 
363,-0.100 
363,-0.100 
363,-0.100 
363,-0.100 
363,-0.100 
363,-0.100 
363,-0.100 
363,-0.100 
363,-0.100 
363,-5.000 
364,-0.100 
364,-0.100 
364,-0.100 
364,-0.100 
364,-0.100 
364,-0.100 
364,-0.100 
364,-0.100 
364,-0.100 
364,-5.000 
365,-0.100 
365,-0.100 
365,-0.100 
365,-0.100 
365,-0.100 
365,-0.100 
365,-0.100 
365,-0.100 
365,-0.100 
365,-5.000 
366,-0.100 
366,-0.100 
366,-0.100 
366,-0.100 
366,-0.100 
366,-0.100 
366,-0.100 
366,-0.100 
366,-0.100 
366,-5.000 
367,-0.100 
367,-0.100 
367,-0.100 
367,-0.100 
367,-0.100 
367,-0.100 
367,-0.100 
367,-0.100 
367,-5.000 
368,-0.100 
368,-0.100 
368,-0.100 
368,-0.100 
368,-0.100 
368,-0.100 
368,-0.100 
368,-0.100 
368,-0.100 
368,-5.000 
369,-0.100 
369,-0.100 
369,-0.100 
369,-0.100 
369,-0.100 
369,-0.100 
369,-0.100 
369,-0.100 
369,-0.100 
369,-5.000 
370,-0.100 
370,-0.100 
370,-0.100 
370,-0.100 
370,-0.100 
370,-0.100 
370,-0.100 
370,-0.100 
370,-0.100 
370,-5.000 
371,-0.100 
371,-0.100 
371,-0.100 
371,-0.100 
371,-0.100 
371,-0.100 
371,-0.100 
371,-0.100 
371,-0.100 
371,-5.000 
372,-0.100 
372,-0.100 
372,-0.100 
372,-0.100 
372,-0.100 
372,-0.100 
372,-0.100 
372,-0.100 
372,-0.100 
372,-5.000 
373,-0.100 
373,-0.100 
373,-0.100 
373,-0.100 
373,-0.100 
373,-0.100 
373,-0.100 
373,-0.100 
373,-0.100 
373,-5.000 
374,-0.100 
374,-0.100 
374,-0.100 
374,-0.100 
374,-0.100 
374,-0.100 
374,-0.100 
374,-0.100 
374,-0.100 
374,-5.000 
375,-0.100 
375,-0.100 
375,-0.100 
375,-0.100 
375,-0.100 
375,-0.100 
375,-0.100 
375,-0.100 
375,-0.100 
375,-5.000 
376,-0.100 
376,-0.100 
376,-0.100 
376,-0.100 
376,-0.100 
376,-0.100 
376,-0.100 
376,-0.100 
376,-0.100 
376,-5.000 
377,-0.100 
377,-0.100 
377,-0.100 
377,-0.100 
377,-0.100 
377,-0.100 
377,-0.100 
377,-0.100 
377,-0.100 
377,-5.000 
378,-0.100 
378,-0.100 
378,-0.100 
378,-0.100 
378,-0.100 
378,-0.100 
378,-0.100 
378,-0.100 
378,-0.100 
378,-5.000 
379,-0.100 
379,-0.100 
379,-0.100 
379,-0.100 
379,-0.100 
379,-0.100 
379,-0.100 
379,-0.100 
379,-0.100 
379,-5.000 
380,-0.100 
380,-0.100 
380,-0.100 
380,-0.100 
380,-0.100 
380,-0.100 
380,-0.100 
380,-0.100 
380,-0.100 
380,309.716 
381,-0.100 
381,-0.100 
381,-0.100 
381,-0.100 
381,-0.100 
381,-0.100 
381,-0.100 
381,-0.100 
381,-0.100 
381,-5.000 
382,-0.100 
382,-0.100 
382,-0.100 
382,-0.100 
382,-0.100 
382,-0.100 
382,-0.100 
382,-0.100 
382,-0.100 
382,-5.000 
383,-0.100 
383,-0.100 
383,-0.100 
383,-0.100 
383,-0.100 
383,-0.100 
383,-0.100 
383,-0.100 
383,-0.100 
383,-5.000 
384,-0.100 
384,-0.100 
384,-0.100 
384,-0.100 
384,-0.100 
384,-0.100 
384,-0.100 
384,-0.100 
384,-0.100 
384,-5.000 
385,-0.100 
385,-0.100 
385,-0.100 
385,-0.100 
385,-0.100 
385,-0.100 
385,-0.100 
385,-0.100 
385,-0.100 
385,-5.000 
386,-0.100 
386,-0.100 
386,-0.100 
386,-0.100 
386,-0.100 
386,-0.100 
386,-0.100 
386,-0.100 
386,-0.100 
386,-5.000 
387,-0.100 
387,-0.100 
387,-0.100 
387,-0.100 
387,-0.100 
387,-0.100 
387,-0.100 
387,-0.100 
387,-0.100 
387,-5.000 
388,-0.100 
388,-0.100 
388,-0.100 
388,-0.100 
388,-0.100 
388,-0.100 
388,-0.100 
388,-0.100 
388,-0.100 
388,-5.000 
389,-0.100 
389,-0.100 
389,-0.100 
389,-0.100 
389,-0.100 
389,-0.100 
389,-0.100 
389,-0.100 
389,-5.000 
390,-0.100 
390,-0.100 
390,-0.100 
390,-0.100 
390,-0.100 
390,-0.100 
390,-0.100 
390,-0.100 
390,-0.100 
390,-5.000 
391,-0.100 
391,-0.100 
391,-0.100 
391,-0.100 
391,-0.100 
391,-0.100 
391,-0.100 
391,-0.100 
391,-0.100 
391,-5.000 
392,-0.100 
392,-0.100 
392,-0.100 
392,-0.100 
392,-0.100 
392,-0.100 
392,-0.100 
392,-0.100 
392,-0.100 
392,-5.000 
393,-0.100 
393,-0.100 
393,-0.100 
393,-0.100 
393,-0.100 
393,-0.100 
393,-0.100 
393,-0.100 
393,-0.100 
393,171.430 
394,-0.100 
394,-0.100 
394,-0.100 
394,-0.100 
394,-0.100 
394,-0.100 
394,-0.100 
394,-0.100 
394,-0.100 
394,-5.000 
395,-0.100 
395,-0.100 
395,-0.100 
395,-0.100 
395,-0.100 
395,-0.100 
395,-0.100 
395,-0.100 
395,-0.100 
395,-5.000 
396,-0.100 
396,-0.100 
396,-0.100 
396,-0.100 
396,-0.100 
396,-0.100 
396,-0.100 
396,-0.100 
396,-0.100 
396,-5.000 
397,-0.100 
397,-0.100 
397,-0.100 
397,-0.100 
397,-0.100 
397,-0.100 
397,-0.100 
397,-0.100 
397,-0.100 
397,-5.000 
398,-0.100 
398,-0.100 
398,-0.100 
398,-0.100 
398,-0.100 
398,-0.100 
398,-0.100 
398,-0.100 
398,-0.100 
398,-5.000 
399,-0.100 
399,-0.100 
399,-0.100 
399,-0.100 
399,-0.100 
399,-0.100 
399,-0.100 
399,-0.100 
399,-0.100 
399,-5.000 
400,-0.100 
400,-0.100 
400,-0.100 
400,-0.100 
400,-0.100 
400,-0.100 
400,-0.100 
400,-0.100 
400,-0.100 
400,-5.000 
401,-0.100 
401,-0.100 
401,-0.100 
401,-0.100 
401,-0.100 
401,-0.100 
401,-0.100 
401,-0.100 
401,-0.100 
401,-5.000 
402,-0.100 
402,-0.100 
402,-0.100 
402,-0.100 
402,-0.100 
402,-0.100 
402,-0.100 
402,-0.100 
402,-0.100 
402,-5.000 
403,-0.100 
403,-0.100 
403,-0.100 
403,-0.100 
403,-0.100 
403,-0.100 
403,-0.100 
403,-0.100 
403,-0.100 
403,-5.000 
404,-0.100 
404,-0.100 
404,-0.100 
404,-0.100 
404,-0.100 
404,-0.100 
404,-0.100 
404,-0.100 
404,-0.100 
404,-5.000 
405,-0.100 
405,-0.100 
405,-0.100 
405,-0.100 
405,-0.100 
405,-0.100 
405,-0.100 
405,-0.100 
405,-0.100 
405,-5.000 
406,-0.100 
406,-0.100 
406,-0.100 
406,-0.100 
406,-0.100 
406,-0.100 
406,-0.100 
406,-0.100 
406,-0.100 
406,-5.000 
407,-0.100 
407,-0.100 
407,-0.100 
407,-0.100 
407,-0.100 
407,-0.100 
407,-0.100 
407,-0.100 
407,-0.100 
407,-5.000 
408,-0.100 
408,-0.100 
408,-0.100 
408,-0.100 
408,-0.100 
408,-0.100 
408,-0.100 
408,-0.100 
408,-0.100 
408,-5.000 
409,-0.100 
409,-0.100 
409,-0.100 
409,-0.100 
409,-0.100 
409,-0.100 
409,-0.100 
409,-0.100 
409,-0.100 
409,-5.000 
410,-0.100 
410,-0.100 
410,-0.100 
410,-0.100 
410,-0.100 
410,-0.100 
410,-0.100 
410,-0.100 
410,-0.100 
410,-5.000 
411,-0.100 
411,-0.100 
411,-0.100 
411,-0.100 
411,-0.100 
411,-0.100 
411,-0.100 
411,-0.100 
411,-0.100 
411,-5.000 
412,-0.100 
412,-0.100 
412,-0.100 
412,-0.100 
412,-0.100 
412,-0.100 
412,-0.100 
412,-0.100 
412,-0.100 
412,-5.000 
413,-0.100 
413,-0.100 
413,-0.100 
413,-0.100 
413,-0.100 
413,-0.100 
413,-0.100 
413,-0.100 
413,-0.100 
413,-5.000 
414,-0.100 
414,-0.100 
414,-0.100 
414,-0.100 
414,-0.100 
414,-0.100 
414,-0.100 
414,-0.100 
414,-0.100 
414,-5.000 
415,-0.100 
415,-0.100 
415,-0.100 
415,-0.100 
415,-0.100 
415,-0.100 
415,-0.100 
415,-0.100 
415,-0.100 
415,-5.000 
416,-0.100 
416,-0.100 
416,-0.100 
416,-0.100 
416,-0.100 
416,-0.100 
416,-0.100 
416,-0.100 
416,-5.000 
417,-0.100 
417,-0.100 
417,-0.100 
417,-0.100 
417,-0.100 
417,-0.100 
417,-0.100 
417,-0.100 
417,-0.100 
417,-5.000 
418,-0.100 
418,-0.100 
418,-0.100 
418,-0.100 
418,-0.100 
418,-0.100 
418,-0.100 
418,-0.100 
418,-0.100 
418,-5.000 
419,-0.100 
419,-0.100 
419,-0.100 
419,-0.100 
419,-0.100 
419,-0.100 
419,-0.100 
419,-0.100 
419,-0.100 
419,-5.000 
420,-0.100 
420,-0.100 
420,-0.100 
420,-0.100 
420,-0.100 
420,-0.100 
420,-0.100 
420,-0.100 
420,-0.100 
420,-5.000 
421,-0.100 
421,-0.100 
421,-0.100 
421,-0.100 
421,-0.100 
421,-0.100 
421,-0.100 
421,-0.100 
421,-0.100 
421,-5.000 
422,-0.100 
422,-0.100 
422,-0.100 
422,-0.100 
422,-0.100 
422,-0.100 
422,-0.100 
422,-0.100 
422,-0.100 
422,-5.000 
423,-0.100 
423,-0.100 
423,-0.100 
423,-0.100 
423,-0.100 
423,-0.100 
423,-0.100 
423,-0.100 
423,-0.100 
423,-5.000 
424,-0.100 
424,-0.100 
424,-0.100 
424,-0.100 
424,-0.100 
424,-0.100 
424,-0.100 
424,-0.100 
424,-0.100 
424,-5.000 
425,-0.100 
425,-0.100 
425,-0.100 
425,-0.100 
425,-0.100 
425,-0.100 
425,-0.100 
425,-0.100 
425,-0.100 
425,-5.000 
426,-0.100 
426,-0.100 
426,-0.100 
426,-0.100 
426,-0.100 
426,-0.100 
426,-0.100 
426,-0.100 
426,-0.100 
426,-5.000 
427,-0.100 
427,-0.100 
427,-0.100 
427,-0.100 
427,-0.100 
427,-0.100 
427,-0.100 
427,-0.100 
427,-0.100 
427,-5.000 
428,-0.100 
428,-0.100 
428,-0.100 
428,-0.100 
428,-0.100 
428,-0.100 
428,-0.100 
428,-0.100 
428,-0.100 
428,-5.000 
429,-0.100 
429,-0.100 
429,-0.100 
429,-0.100 
429,-0.100 
429,-0.100 
429,-0.100 
429,-0.100 
429,-0.100 
429,-5.000 
430,-0.100 
430,-0.100 
430,-0.100 
430,-0.100 
430,-0.100 
430,-0.100 
430,-0.100 
430,-0.100 
430,-0.100 
430,-5.000 
431,-0.100 
431,-0.100 
431,-0.100 
431,-0.100 
431,-0.100 
431,-0.100 
431,-0.100 
431,-0.100 
431,-0.100 
431,-5.000 
432,-0.100 
432,-0.100 
432,-0.100 
432,-0.100 
432,-0.100 
432,-0.100 
432,-0.100 
432,-0.100 
432,-0.100 
432,-5.000 
433,-0.100 
433,-0.100 
433,-0.100 
433,-0.100 
433,-0.100 
433,-0.100 
433,-0.100 
433,-0.100 
433,-0.100 
433,-5.000 
434,-0.100 
434,-0.100 
434,-0.100 
434,-0.100 
434,-0.100 
434,-0.100 
434,-0.100 
434,-0.100 
434,-0.100 
434,-5.000 
435,-0.100 
435,-0.100 
435,-0.100 
435,-0.100 
435,-0.100 
435,-0.100 
435,-0.100 
435,-0.100 
435,-0.100 
435,-5.000 
436,-0.100 
436,-0.100 
436,-0.100 
436,-0.100 
436,-0.100 
436,-0.100 
436,-0.100 
436,-0.100 
436,-0.100 
436,-5.000 
437,-0.100 
437,-0.100 
437,-0.100 
437,-0.100 
437,-0.100 
437,-0.100 
437,-0.100 
437,-0.100 
437,-0.100 
437,-5.000 
438,-0.100 
438,-0.100 
438,-0.100 
438,-0.100 
438,-0.100 
438,-0.100 
438,-0.100 
438,-0.100 
438,-0.100 
438,-5.000 
439,-0.100 
439,-0.100 
439,-0.100 
439,-0.100 
439,-0.100 
439,-0.100 
439,-0.100 
439,-0.100 
439,-0.100 
439,-5.000 
440,-0.100 
440,-0.100 
440,-0.100 
440,-0.100 
440,-0.100 
440,-0.100 
440,-0.100 
440,-0.100 
440,-0.100 
440,-5.000 
441,-0.100 
441,-0.100 
441,-0.100 
441,-0.100 
441,-0.100 
441,-0.100 
441,-0.100 
441,-0.100 
441,-0.100 
441,-5.000 
442,-0.100 
442,-0.100 
442,-0.100 
442,-0.100 
442,-0.100 
442,-0.100 
442,-0.100 
442,-0.100 
442,-0.100 
442,-5.000 
443,-0.100 
443,-0.100 
443,-0.100 
443,-0.100 
443,-0.100 
443,-0.100 
443,-0.100 
443,-0.100 
443,-0.100 
443,-5.000 
444,-0.100 
444,-0.100 
444,-0.100 
444,-0.100 
444,-0.100 
444,-0.100 
444,-0.100 
444,-0.100 
444,-0.100 
444,-5.000 
445,-0.100 
445,-0.100 
445,-0.100 
445,-0.100 
445,-0.100 
445,-0.100 
445,-0.100 
445,-0.100 
445,-5.000 
446,-0.100 
446,-0.100 
446,-0.100 
446,-0.100 
446,-0.100 
446,-0.100 
446,-0.100 
446,-0.100 
446,-0.100 
446,-5.000 
447,-0.100 
447,-0.100 
447,-0.100 
447,-0.100 
447,-0.100 
447,-0.100 
447,-0.100 
447,-0.100 
447,-0.100 
447,-5.000 
448,-0.100 
448,-0.100 
448,-0.100 
448,-0.100 
448,-0.100 
448,-0.100 
448,-0.100 
448,-0.100 
448,-5.000 
449,-0.100 
449,-0.100 
449,-0.100 
449,-0.100 
449,-0.100 
449,-0.100 
449,-0.100 
449,-0.100 
449,-5.000 
450,-0.100 
450,-0.100 
450,-0.100 
450,-0.100 
450,-0.100 
450,-0.100 
450,-0.100 
450,-0.100 
450,-0.100 
450,-5.000 
451,-0.100 
451,-0.100 
451,-0.100 
451,-0.100 
451,-0.100 
451,-0.100 
451,-0.100 
451,-0.100 
451,-0.100 
451,-5.000 
452,-0.100 
452,-0.100 
452,-0.100 
452,-0.100 
452,-0.100 
452,-0.100 
452,-0.100 
452,-0.100 
452,-0.100 
452,-5.000 
453,-0.100 
453,-0.100 
453,-0.100 
453,-0.100 
453,-0.100 
453,-0.100 
453,-0.100 
453,-0.100 
453,-5.000 
454,-0.100 
454,-0.100 
454,-0.100 
454,-0.100 
454,-0.100 
454,-0.100 
454,-0.100 
454,-0.100 
454,-0.100 
454,-5.000 
455,-0.100 
455,-0.100 
455,-0.100 
455,-0.100 
455,-0.100 
455,-0.100 
455,-0.100 
455,-0.100 
455,-0.100 
455,-5.000 
456,-0.100 
456,-0.100 
456,-0.100 
456,-0.100 
456,-0.100 
456,-0.100 
456,-0.100 
456,-0.100 
456,-0.100 
456,-5.000 
457,-0.100 
457,-0.100 
457,-0.100 
457,-0.100 
457,-0.100 
457,-0.100 
457,-0.100 
457,-0.100 
457,-0.100 
457,-5.000 
458,-0.100 
458,-0.100 
458,-0.100 
458,-0.100 
458,-0.100 
458,-0.100 
458,-0.100 
458,-0.100 
458,-0.100 
458,-5.000 
459,-0.100 
459,-0.100 
459,-0.100 
459,-0.100 
459,-0.100 
459,-0.100 
459,-0.100 
459,-0.100 
459,-0.100 
459,-5.000 
460,-0.100 
460,-0.100 
460,-0.100 
460,-0.100 
460,-0.100 
460,-0.100 
460,-0.100 
460,-0.100 
460,-0.100 
460,-5.000 
461,-0.100 
461,-0.100 
461,-0.100 
461,-0.100 
461,-0.100 
461,-0.100 
461,-0.100 
461,-0.100 
461,-0.100 
461,-5.000 
462,-0.100 
462,-0.100 
462,-0.100 
462,-0.100 
462,-0.100 
462,-0.100 
462,-0.100 
462,-0.100 
462,-0.100 
462,-5.000 
463,-0.100 
463,-0.100 
463,-0.100 
463,-0.100 
463,-0.100 
463,-0.100 
463,-0.100 
463,-0.100 
463,-0.100 
463,-5.000 
464,-0.100 
464,-0.100 
464,-0.100 
464,-0.100 
464,-0.100 
464,-0.100 
464,-0.100 
464,-0.100 
464,-0.100 
464,-5.000 
465,-0.100 
465,-0.100 
465,-0.100 
465,-0.100 
465,-0.100 
465,-0.100 
465,-0.100 
465,-0.100 
465,-0.100 
465,-5.000 
466,-0.100 
466,-0.100 
466,-0.100 
466,-0.100 
466,-0.100 
466,-0.100 
466,-0.100 
466,-0.100 
466,-0.100 
466,-5.000 
467,-0.100 
467,-0.100 
467,-0.100 
467,-0.100 
467,-0.100 
467,-0.100 
467,-0.100 
467,-0.100 
467,-0.100 
467,-5.000 
468,-0.100 
468,-0.100 
468,-0.100 
468,-0.100 
468,-0.100 
468,-0.100 
468,-0.100 
468,-0.100 
468,-0.100 
468,-5.000 
469,-0.100 
469,-0.100 
469,-0.100 
469,-0.100 
469,-0.100 
469,-0.100 
469,-0.100 
469,-0.100 
469,-0.100 
469,-5.000 
470,-0.100 
470,-0.100 
470,-0.100 
470,-0.100 
470,-0.100 
470,-0.100 
470,-0.100 
470,-0.100 
470,-0.100 
470,-5.000 
471,-0.100 
471,-0.100 
471,-0.100 
471,-0.100 
471,-0.100 
471,-0.100 
471,-0.100 
471,-0.100 
471,-0.100 
471,-5.000 
472,-0.100 
472,-0.100 
472,-0.100 
472,-0.100 
472,-0.100 
472,-0.100 
472,-0.100 
472,-0.100 
472,-0.100 
472,-5.000 
473,-0.100 
473,-0.100 
473,-0.100 
473,-0.100 
473,-0.100 
473,-0.100 
473,-0.100 
473,-0.100 
473,-0.100 
473,-5.000 
474,-0.100 
474,-0.100 
474,-0.100 
474,-0.100 
474,-0.100 
474,-0.100 
474,-0.100 
474,-0.100 
474,-0.100 
474,-5.000 
475,-0.100 
475,-0.100 
475,-0.100 
475,-0.100 
475,-0.100 
475,-0.100 
475,-0.100 
475,-0.100 
475,-0.100 
475,-5.000 
476,-0.100 
476,-0.100 
476,-0.100 
476,-0.100 
476,-0.100 
476,-0.100 
476,-0.100 
476,-0.100 
476,-0.100 
476,-5.000 
477,-0.100 
477,-0.100 
477,-0.100 
477,-0.100 
477,-0.100 
477,-0.100 
477,-0.100 
477,-0.100 
477,-0.100 
477,-5.000 
478,-0.100 
478,-0.100 
478,-0.100 
478,-0.100 
478,-0.100 
478,-0.100 
478,-0.100 
478,-0.100 
478,-0.100 
478,-5.000 
479,-0.100 
479,-0.100 
479,-0.100 
479,-0.100 
479,-0.100 
479,-0.100 
479,-0.100 
479,-0.100 
479,-0.100 
479,-5.000 
480,-0.100 
480,-0.100 
480,-0.100 
480,-0.100 
480,-0.100 
480,-0.100 
480,-0.100 
480,-0.100 
480,-0.100 
480,-5.000 
481,-0.100 
481,-0.100 
481,-0.100 
481,-0.100 
481,-0.100 
481,-0.100 
481,-0.100 
481,-0.100 
481,-0.100 
481,-5.000 
482,-0.100 
482,-0.100 
482,-0.100 
482,-0.100 
482,-0.100 
482,-0.100 
482,-0.100 
482,-0.100 
482,-0.100 
482,-5.000 
483,-0.100 
483,-0.100 
483,-0.100 
483,-0.100 
483,-0.100 
483,-0.100 
483,-0.100 
483,-0.100 
483,-0.100 
483,-5.000 
484,-0.100 
484,-0.100 
484,-0.100 
484,-0.100 
484,-0.100 
484,-0.100 
484,-0.100 
484,-0.100 
484,-0.100 
484,-5.000 
485,-0.100 
485,-0.100 
485,-0.100 
485,-0.100 
485,-0.100 
485,-0.100 
485,-0.100 
485,-0.100 
485,-0.100 
485,-5.000 
486,-0.100 
486,-0.100 
486,-0.100 
486,-0.100 
486,-0.100 
486,-0.100 
486,-0.100 
486,-0.100 
486,-5.000 
487,-0.100 
487,-0.100 
487,-0.100 
487,-0.100 
487,-0.100 
487,-0.100 
487,-0.100 
487,-0.100 
487,-0.100 
487,-5.000 
488,-0.100 
488,-0.100 
488,-0.100 
488,-0.100 
488,-0.100 
488,-0.100 
488,-0.100 
488,-0.100 
488,-0.100 
488,-5.000 
489,-0.100 
489,-0.100 
489,-0.100 
489,-0.100 
489,-0.100 
489,-0.100 
489,-0.100 
489,-0.100 
489,-0.100 
489,-5.000 
490,-0.100 
490,-0.100 
490,-0.100 
490,-0.100 
490,-0.100 
490,-0.100 
490,-0.100 
490,-0.100 
490,-0.100 
490,-5.000 
491,-0.100 
491,-0.100 
491,-0.100 
491,-0.100 
491,-0.100 
491,-0.100 
491,-0.100 
491,-0.100 
491,-0.100 
491,-5.000 
492,-0.100 
492,-0.100 
492,-0.100 
492,-0.100 
492,-0.100 
492,-0.100 
492,-0.100 
492,-0.100 
492,-0.100 
492,-5.000 
493,-0.100 
493,-0.100 
493,-0.100 
493,-0.100 
493,-0.100 
493,-0.100 
493,-0.100 
493,-0.100 
493,-0.100 
493,-5.000 
494,-0.100 
494,-0.100 
494,-0.100 
494,-0.100 
494,-0.100 
494,-0.100 
494,-0.100 
494,-0.100 
494,-0.100 
494,-5.000 
495,-0.100 
495,-0.100 
495,-0.100 
495,-0.100 
495,-0.100 
495,-0.100 
495,-0.100 
495,-0.100 
495,-0.100 
495,-5.000 
496,-0.100 
496,-0.100 
496,-0.100 
496,-0.100 
496,-0.100 
496,-0.100 
496,-0.100 
496,-0.100 
496,-0.100 
496,-5.000 
497,-0.100 
497,-0.100 
497,-0.100 
497,-0.100 
497,-0.100 
497,-0.100 
497,-0.100 
497,-0.100 
497,-0.100 
497,-5.000 
498,-0.100 
498,-0.100 
498,-0.100 
498,-0.100 
498,-0.100 
498,-0.100 
498,-0.100 
498,-0.100 
498,-0.100 
498,-5.000 
499,-0.100 
499,-0.100 
499,-0.100 
499,-0.100 
499,-0.100 
499,-0.100 
499,-0.100 
499,-0.100 
499,-5.000 
500,-0.100 
500,-0.100 
500,-0.100 
500,-0.100 
500,-0.100 
500,-0.100 
500,-0.100 
500,-0.100 
500,-0.100 
500,-5.000 
501,-0.100 
501,-0.100 
501,-0.100 
501,-0.100 
501,-0.100 
501,-0.100 
501,-0.100 
501,-0.100 
501,-0.100 
501,-5.000 
502,-0.100 
502,-0.100 
502,-0.100 
502,-0.100 
502,-0.100 
502,-0.100 
502,-0.100 
502,-0.100 
502,-0.100 
502,-5.000 
503,-0.100 
503,-0.100 
503,-0.100 
503,-0.100 
503,-0.100 
503,-0.100 
503,-0.100 
503,-0.100 
503,-0.100 
503,-5.000 
504,-0.100 
504,-0.100 
504,-0.100 
504,-0.100 
504,-0.100 
504,-0.100 
504,-0.100 
504,-0.100 
504,-0.100 
504,-5.000 
505,-0.100 
505,-0.100 
505,-0.100 
505,-0.100 
505,-0.100 
505,-0.100 
505,-0.100 
505,-0.100 
505,-0.100 
505,-5.000 
506,-0.100 
506,-0.100 
506,-0.100 
506,-0.100 
506,-0.100 
506,-0.100 
506,-0.100 
506,-0.100 
506,-0.100 
506,-5.000 
507,-0.100 
507,-0.100 
507,-0.100 
507,-0.100 
507,-0.100 
507,-0.100 
507,-0.100 
507,-0.100 
507,-0.100 
507,-5.000 
508,-0.100 
508,-0.100 
508,-0.100 
508,-0.100 
508,-0.100 
508,-0.100 
508,-0.100 
508,-0.100 
508,-5.000 
509,-0.100 
509,-0.100 
509,-0.100 
509,-0.100 
509,-0.100 
509,-0.100 
509,-0.100 
509,-0.100 
509,-0.100 
509,-5.000 
510,-0.100 
510,-0.100 
510,-0.100 
510,-0.100 
510,-0.100 
510,-0.100 
510,-0.100 
510,-0.100 
510,-0.100 
510,-5.000 
511,-0.100 
511,-0.100 
511,-0.100 
511,-0.100 
511,-0.100 
511,-0.100 
511,-0.100 
511,-0.100 
511,-0.100 
511,-5.000 
512,-0.100 
512,-0.100 
512,-0.100 
512,-0.100 
512,-0.100 
512,-0.100 
512,-0.100 
512,-0.100 
512,-0.100 
512,-5.000 
513,-0.100 
513,-0.100 
513,-0.100 
513,-0.100 
513,-0.100 
513,-0.100 
513,-0.100 
513,-0.100 
513,-0.100 
513,-5.000 
514,-0.100 
514,-0.100 
514,-0.100 
514,-0.100 
514,-0.100 
514,-0.100 
514,-0.100 
514,-0.100 
514,-0.100 
514,-5.000 
515,-0.100 
515,-0.100 
515,-0.100 
515,-0.100 
515,-0.100 
515,-0.100 
515,-0.100 
515,-0.100 
515,-0.100 
515,-5.000 
516,-0.100 
516,-0.100 
516,-0.100 
516,-0.100 
516,-0.100 
516,-0.100 
516,-0.100 
516,-0.100 
516,-0.100 
516,-5.000 
517,-0.100 
517,-0.100 
517,-0.100 
517,-0.100 
517,-0.100 
517,-0.100 
517,-0.100 
517,-0.100 
517,-0.100 
517,-5.000 
518,-0.100 
518,-0.100 
518,-0.100 
518,-0.100 
518,-0.100 
518,-0.100 
518,-0.100 
518,-0.100 
518,-0.100 
518,-5.000 
519,-0.100 
519,-0.100 
519,-0.100 
519,-0.100 
519,-0.100 
519,-0.100 
519,-0.100 
519,-0.100 
519,-0.100 
519,-5.000 
520,-0.100 
520,-0.100 
520,-0.100 
520,-0.100 
520,-0.100 
520,-0.100 
520,-0.100 
520,-0.100 
520,-0.100 
520,-5.000 
521,-0.100 
521,-0.100 
521,-0.100 
521,-0.100 
521,-0.100 
521,-0.100 
521,-0.100 
521,-0.100 
521,-0.100 
521,-5.000 
522,-0.100 
522,-0.100 
522,-0.100 
522,-0.100 
522,-0.100 
522,-0.100 
522,-0.100 
522,-0.100 
522,-0.100 
522,-5.000 
523,-0.100 
523,-0.100 
523,-0.100 
523,-0.100 
523,-0.100 
523,-0.100 
523,-0.100 
523,-0.100 
523,-0.100 
523,-5.000 
524,-0.100 
524,-0.100 
524,-0.100 
524,-0.100 
524,-0.100 
524,-0.100 
524,-0.100 
524,-0.100 
524,-0.100 
524,-5.000 
525,-0.100 
525,-0.100 
525,-0.100 
525,-0.100 
525,-0.100 
525,-0.100 
525,-0.100 
525,-0.100 
525,-0.100 
525,-5.000 
526,-0.100 
526,-0.100 
526,-0.100 
526,-0.100 
526,-0.100 
526,-0.100 
526,-0.100 
526,-0.100 
526,-0.100 
526,-5.000 
527,-0.100 
527,-0.100 
527,-0.100 
527,-0.100 
527,-0.100 
527,-0.100 
527,-0.100 
527,-0.100 
527,-0.100 
527,-5.000 
528,-0.100 
528,-0.100 
528,-0.100 
528,-0.100 
528,-0.100 
528,-0.100 
528,-0.100 
528,-0.100 
528,-0.100 
528,-5.000 
529,-0.100 
529,-0.100 
529,-0.100 
529,-0.100 
529,-0.100 
529,-0.100 
529,-0.100 
529,-0.100 
529,-0.100 
529,-5.000 
530,-0.100 
530,-0.100 
530,-0.100 
530,-0.100 
530,-0.100 
530,-0.100 
530,-0.100 
530,-0.100 
530,-0.100 
530,-5.000 
531,-0.100 
531,-0.100 
531,-0.100 
531,-0.100 
531,-0.100 
531,-0.100 
531,-0.100 
531,-0.100 
531,-0.100 
531,-5.000 
532,-0.100 
532,-0.100 
532,-0.100 
532,-0.100 
532,-0.100 
532,-0.100 
532,-0.100 
532,-0.100 
532,-0.100 
532,-5.000 
533,-0.100 
533,-0.100 
533,-0.100 
533,-0.100 
533,-0.100 
533,-0.100 
533,-0.100 
533,-0.100 
533,-0.100 
533,-5.000 
534,-0.100 
534,-0.100 
534,-0.100 
534,-0.100 
534,-0.100 
534,-0.100 
534,-0.100 
534,-0.100 
534,-0.100 
534,-5.000 
535,-0.100 
535,-0.100 
535,-0.100 
535,-0.100 
535,-0.100 
535,-0.100 
535,-0.100 
535,-0.100 
535,-5.000 
536,-0.100 
536,-0.100 
536,-0.100 
536,-0.100 
536,-0.100 
536,-0.100 
536,-0.100 
536,-0.100 
536,-0.100 
536,-5.000 
537,-0.100 
537,-0.100 
537,-0.100 
537,-0.100 
537,-0.100 
537,-0.100 
537,-0.100 
537,-0.100 
537,-0.100 
537,-5.000 
538,-0.100 
538,-0.100 
538,-0.100 
538,-0.100 
538,-0.100 
538,-0.100 
538,-0.100 
538,-0.100 
538,-0.100 
538,-5.000 
539,-0.100 
539,-0.100 
539,-0.100 
539,-0.100 
539,-0.100 
539,-0.100 
539,-0.100 
539,-0.100 
539,-0.100 
539,-5.000 
540,-0.100 
540,-0.100 
540,-0.100 
540,-0.100 
540,-0.100 
540,-0.100 
540,-0.100 
540,-0.100 
540,-0.100 
540,-5.000 
541,-0.100 
541,-0.100 
541,-0.100 
541,-0.100 
541,-0.100 
541,-0.100 
541,-0.100 
541,-0.100 
541,-0.100 
541,-5.000 
542,-0.100 
542,-0.100 
542,-0.100 
542,-0.100 
542,-0.100 
542,-0.100 
542,-0.100 
542,-0.100 
542,-0.100 
542,-5.000 
543,-0.100 
543,-0.100 
543,-0.100 
543,-0.100 
543,-0.100 
543,-0.100 
543,-0.100 
543,-0.100 
543,-0.100 
543,-5.000 
544,-0.100 
544,-0.100 
544,-0.100 
544,-0.100 
544,-0.100 
544,-0.100 
544,-0.100 
544,-0.100 
544,-0.100 
544,-5.000 
545,-0.100 
545,-0.100 
545,-0.100 
545,-0.100 
545,-0.100 
545,-0.100 
545,-0.100 
545,-0.100 
545,-0.100 
545,-5.000 
546,-0.100 
546,-0.100 
546,-0.100 
546,-0.100 
546,-0.100 
546,-0.100 
546,-0.100 
546,-0.100 
546,-0.100 
546,-5.000 
547,-0.100 
547,-0.100 
547,-0.100 
547,-0.100 
547,-0.100 
547,-0.100 
547,-0.100 
547,-0.100 
547,-0.100 
547,-5.000 
548,-0.100 
548,-0.100 
548,-0.100 
548,-0.100 
548,-0.100 
548,-0.100 
548,-0.100 
548,-0.100 
548,-0.100 
548,-5.000 
549,-0.100 
549,-0.100 
549,-0.100 
549,-0.100 
549,-0.100 
549,-0.100 
549,-0.100 
549,-0.100 
549,-0.100 
549,-5.000 
550,-0.100 
550,-0.100 
550,-0.100 
550,-0.100 
550,-0.100 
550,-0.100 
550,-0.100 
550,-0.100 
550,-0.100 
550,-5.000 
551,-0.100 
551,-0.100 
551,-0.100 
551,-0.100 
551,-0.100 
551,-0.100 
551,-0.100 
551,-0.100 
551,-0.100 
551,-5.000 
552,-0.100 
552,-0.100 
552,-0.100 
552,-0.100 
552,-0.100 
552,-0.100 
552,-0.100 
552,-0.100 
552,-0.100 
552,-5.000 
553,-0.100 
553,-0.100 
553,-0.100 
553,-0.100 
553,-0.100 
553,-0.100 
553,-0.100 
553,-0.100 
553,-0.100 
553,-5.000 
554,-0.100 
554,-0.100 
554,-0.100 
554,-0.100 
554,-0.100 
554,-0.100 
554,-0.100 
554,-0.100 
554,-0.100 
554,-5.000 
555,-0.100 
555,-0.100 
555,-0.100 
555,-0.100 
555,-0.100 
555,-0.100 
555,-0.100 
555,-0.100 
555,-5.000 
556,-0.100 
556,-0.100 
556,-0.100 
556,-0.100 
556,-0.100 
556,-0.100 
556,-0.100 
556,-0.100 
556,-0.100 
556,-5.000 
557,-0.100 
557,-0.100 
557,-0.100 
557,-0.100 
557,-0.100 
557,-0.100 
557,-0.100 
557,-0.100 
557,-0.100 
557,-5.000 
558,-0.100 
558,-0.100 
558,-0.100 
558,-0.100 
558,-0.100 
558,-0.100 
558,-0.100 
558,-0.100 
558,-0.100 
558,-5.000 
559,-0.100 
559,-0.100 
559,-0.100 
559,-0.100 
559,-0.100 
559,-0.100 
559,-0.100 
559,-0.100 
559,-0.100 
559,-5.000 
560,-0.100 
560,-0.100 
560,-0.100 
560,-0.100 
560,-0.100 
560,-0.100 
560,-0.100 
560,-0.100 
560,-0.100 
560,-5.000 
561,-0.100 
561,-0.100 
561,-0.100 
561,-0.100 
561,-0.100 
561,-0.100 
561,-0.100 
561,-0.100 
561,-0.100 
561,-5.000 
562,-0.100 
562,-0.100 
562,-0.100 
562,-0.100 
562,-0.100 
562,-0.100 
562,-0.100 
562,-0.100 
562,-0.100 
562,-5.000 
563,-0.100 
563,-0.100 
563,-0.100 
563,-0.100 
563,-0.100 
563,-0.100 
563,-0.100 
563,-0.100 
563,-0.100 
563,-5.000 
564,-0.100 
564,-0.100 
564,-0.100 
564,-0.100 
564,-0.100 
564,-0.100 
564,-0.100 
564,-0.100 
564,-0.100 
564,-5.000 
565,-0.100 
565,-0.100 
565,-0.100 
565,-0.100 
565,-0.100 
565,-0.100 
565,-0.100 
565,-0.100 
565,-0.100 
565,-5.000 
566,-0.100 
566,-0.100 
566,-0.100 
566,-0.100 
566,-0.100 
566,-0.100 
566,-0.100 
566,-0.100 
566,-0.100 
566,-5.000 
567,-0.100 
567,-0.100 
567,-0.100 
567,-0.100 
567,-0.100 
567,-0.100 
567,-0.100 
567,-0.100 
567,-0.100 
567,-5.000 
568,-0.100 
568,-0.100 
568,-0.100 
568,-0.100 
568,-0.100 
568,-0.100 
568,-0.100 
568,-0.100 
568,-0.100 
568,-5.000 
569,-0.100 
569,-0.100 
569,-0.100 
569,-0.100 
569,-0.100 
569,-0.100 
569,-0.100 
569,-0.100 
569,-0.100 
569,-5.000 
570,-0.100 
570,-0.100 
570,-0.100 
570,-0.100 
570,-0.100 
570,-0.100 
570,-0.100 
570,-0.100 
570,-0.100 
570,-5.000 
571,-0.100 
571,-0.100 
571,-0.100 
571,-0.100 
571,-0.100 
571,-0.100 
571,-0.100 
571,-0.100 
571,-0.100 
571,-5.000 
572,-0.100 
572,-0.100 
572,-0.100 
572,-0.100 
572,-0.100 
572,-0.100 
572,-0.100 
572,-0.100 
572,-0.100 
572,-5.000 
573,-0.100 
573,-0.100 
573,-0.100 
573,-0.100 
573,-0.100 
573,-0.100 
573,-0.100 
573,-0.100 
573,-0.100 
573,-5.000 
574,-0.100 
574,-0.100 
574,-0.100 
574,-0.100 
574,-0.100 
574,-0.100 
574,-0.100 
574,-0.100 
574,-0.100 
574,-5.000 
575,-0.100 
575,-0.100 
575,-0.100 
575,-0.100 
575,-0.100 
575,-0.100 
575,-0.100 
575,-0.100 
575,-0.100 
575,-5.000 
576,-0.100 
576,-0.100 
576,-0.100 
576,-0.100 
576,-0.100 
576,-0.100 
576,-0.100 
576,-0.100 
576,-0.100 
576,-5.000 
577,-0.100 
577,-0.100 
577,-0.100 
577,-0.100 
577,-0.100 
577,-0.100 
577,-0.100 
577,-0.100 
577,-0.100 
577,-5.000 
578,-0.100 
578,-0.100 
578,-0.100 
578,-0.100 
578,-0.100 
578,-0.100 
578,-0.100 
578,-0.100 
578,-0.100 
578,-5.000 
579,-0.100 
579,-0.100 
579,-0.100 
579,-0.100 
579,-0.100 
579,-0.100 
579,-0.100 
579,-0.100 
579,-0.100 
579,-5.000 
580,-0.100 
580,-0.100 
580,-0.100 
580,-0.100 
580,-0.100 
580,-0.100 
580,-0.100 
580,-0.100 
580,-0.100 
580,-5.000 
581,-0.100 
581,-0.100 
581,-0.100 
581,-0.100 
581,-0.100 
581,-0.100 
581,-0.100 
581,-0.100 
581,-0.100 
581,-5.000 
582,-0.100 
582,-0.100 
582,-0.100 
582,-0.100 
582,-0.100 
582,-0.100 
582,-0.100 
582,-0.100 
582,-0.100 
582,-5.000 
583,-0.100 
583,-0.100 
583,-0.100 
583,-0.100 
583,-0.100 
583,-0.100 
583,-0.100 
583,-0.100 
583,-0.100 
583,-5.000 
584,-0.100 
584,-0.100 
584,-0.100 
584,-0.100 
584,-0.100 
584,-0.100 
584,-0.100 
584,-0.100 
584,-0.100 
584,-5.000 
585,-0.100 
585,-0.100 
585,-0.100 
585,-0.100 
585,-0.100 
585,-0.100 
585,-0.100 
585,-0.100 
585,-0.100 
585,-5.000 
586,-0.100 
586,-0.100 
586,-0.100 
586,-0.100 
586,-0.100 
586,-0.100 
586,-0.100 
586,-0.100 
586,-0.100 
586,-5.000 
587,-0.100 
587,-0.100 
587,-0.100 
587,-0.100 
587,-0.100 
587,-0.100 
587,-0.100 
587,-0.100 
587,-0.100 
587,-5.000 
588,-0.100 
588,-0.100 
588,-0.100 
588,-0.100 
588,-0.100 
588,-0.100 
588,-0.100 
588,-0.100 
588,-5.000 
589,-0.100 
589,-0.100 
589,-0.100 
589,-0.100 
589,-0.100 
589,-0.100 
589,-0.100 
589,-0.100 
589,-0.100 
589,-5.000 
590,-0.100 
590,-0.100 
590,-0.100 
590,-0.100 
590,-0.100 
590,-0.100 
590,-0.100 
590,-0.100 
590,-0.100 
590,-5.000 
591,-0.100 
591,-0.100 
591,-0.100 
591,-0.100 
591,-0.100 
591,-0.100 
591,-0.100 
591,-0.100 
591,-0.100 
591,-5.000 
592,-0.100 
592,-0.100 
592,-0.100 
592,-0.100 
592,-0.100 
592,-0.100 
592,-0.100 
592,-0.100 
592,-0.100 
592,-5.000 
593,-0.100 
593,-0.100 
593,-0.100 
593,-0.100 
593,-0.100 
593,-0.100 
593,-0.100 
593,-0.100 
593,-0.100 
593,-5.000 
594,-0.100 
594,-0.100 
594,-0.100 
594,-0.100 
594,-0.100 
594,-0.100 
594,-0.100 
594,-0.100 
594,-0.100 
594,-5.000 
595,-0.100 
595,-0.100 
595,-0.100 
595,-0.100 
595,-0.100 
595,-0.100 
595,-0.100 
595,-0.100 
595,-0.100 
595,-5.000 
596,-0.100 
596,-0.100 
596,-0.100 
596,-0.100 
596,-0.100 
596,-0.100 
596,-0.100 
596,-0.100 
596,-0.100 
596,-5.000 
597,-0.100 
597,-0.100 
597,-0.100 
597,-0.100 
597,-0.100 
597,-0.100 
597,-0.100 
597,-0.100 
597,-0.100 
597,-5.000 
598,-0.100 
598,-0.100 
598,-0.100 
598,-0.100 
598,-0.100 
598,-0.100 
598,-0.100 
598,-0.100 
598,-0.100 
598,-5.000 
599,-0.100 
599,-0.100 
599,-0.100 
599,-0.100 
599,-0.100 
599,-0.100 
599,-0.100 
599,-0.100 
599,-0.100 
599,-5.000 
600,-0.100 
600,-0.100 
600,-0.100 
600,-0.100 
600,-0.100 
600,-0.100 
600,-0.100 
600,-0.100 
600,-0.100 
600,-5.000 
601,-0.100 
601,-0.100 
601,-0.100 
601,-0.100 
601,-0.100 
601,-0.100 
601,-0.100 
601,-0.100 
601,-0.100 
601,-5.000 
602,-0.100 
602,-0.100 
602,-0.100 
602,-0.100 
602,-0.100 
602,-0.100 
602,-0.100 
602,-0.100 
602,-0.100 
602,-5.000 
603,-0.100 
603,-0.100 
603,-0.100 
603,-0.100 
603,-0.100 
603,-0.100 
603,-0.100 
603,-0.100 
603,-0.100 
603,-5.000 
604,-0.100 
604,-0.100 
604,-0.100 
604,-0.100 
604,-0.100 
604,-0.100 
604,-0.100 
604,-0.100 
604,-0.100 
604,-5.000 
605,-0.100 
605,-0.100 
605,-0.100 
605,-0.100 
605,-0.100 
605,-0.100 
605,-0.100 
605,-0.100 
605,-0.100 
605,-5.000 
606,-0.100 
606,-0.100 
606,-0.100 
606,-0.100 
606,-0.100 
606,-0.100 
606,-0.100 
606,-0.100 
606,-0.100 
606,-5.000 
607,-0.100 
607,-0.100 
607,-0.100 
607,-0.100 
607,-0.100 
607,-0.100 
607,-0.100 
607,-0.100 
607,-0.100 
607,-5.000 
608,-0.100 
608,-0.100 
608,-0.100 
608,-0.100 
608,-0.100 
608,-0.100 
608,-0.100 
608,-0.100 
608,-0.100 
608,-5.000 
609,-0.100 
609,-0.100 
609,-0.100 
609,-0.100 
609,-0.100 
609,-0.100 
609,-0.100 
609,-0.100 
609,-0.100 
609,-5.000 
610,-0.100 
610,-0.100 
610,-0.100 
610,-0.100 
610,-0.100 
610,-0.100 
610,-0.100 
610,-0.100 
610,-0.100 
610,-5.000 
611,-0.100 
611,-0.100 
611,-0.100 
611,-0.100 
611,-0.100 
611,-0.100 
611,-0.100 
611,-0.100 
611,-0.100 
611,-5.000 
612,-0.100 
612,-0.100 
612,-0.100 
612,-0.100 
612,-0.100 
612,-0.100 
612,-0.100 
612,-0.100 
612,-0.100 
612,-5.000 
613,-0.100 
613,-0.100 
613,-0.100 
613,-0.100 
613,-0.100 
613,-0.100 
613,-0.100 
613,-0.100 
613,-5.000 
614,-0.100 
614,-0.100 
614,-0.100 
614,-0.100 
614,-0.100 
614,-0.100 
614,-0.100 
614,-0.100 
614,-0.100 
614,-5.000 
615,-0.100 
615,-0.100 
615,-0.100 
615,-0.100 
615,-0.100 
615,-0.100 
615,-0.100 
615,-0.100 
615,-0.100 
615,-5.000 
616,-0.100 
616,-0.100 
616,-0.100 
616,-0.100 
616,-0.100 
616,-0.100 
616,-0.100 
616,-0.100 
616,-0.100 
616,-5.000 
617,-0.100 
617,-0.100 
617,-0.100 
617,-0.100 
617,-0.100 
617,-0.100 
617,-0.100 
617,-0.100 
617,-0.100 
617,-5.000 
618,-0.100 
618,-0.100 
618,-0.100 
618,-0.100 
618,-0.100 
618,-0.100 
618,-0.100 
618,-0.100 
618,-0.100 
618,-5.000 
619,-0.100 
619,-0.100 
619,-0.100 
619,-0.100 
619,-0.100 
619,-0.100 
619,-0.100 
619,-0.100 
619,-0.100 
619,-5.000 
620,-0.100 
620,-0.100 
620,-0.100 
620,-0.100 
620,-0.100 
620,-0.100 
620,-0.100 
620,-0.100 
620,-0.100 
620,-5.000 
621,-0.100 
621,-0.100 
621,-0.100 
621,-0.100 
621,-0.100 
621,-0.100 
621,-0.100 
621,-0.100 
621,-0.100 
621,-5.000 
622,-0.100 
622,-0.100 
622,-0.100 
622,-0.100 
622,-0.100 
622,-0.100 
622,-0.100 
622,-0.100 
622,-0.100 
622,-5.000 
623,-0.100 
623,-0.100 
623,-0.100 
623,-0.100 
623,-0.100 
623,-0.100 
623,-0.100 
623,-0.100 
623,-0.100 
623,-5.000 
624,-0.100 
624,-0.100 
624,-0.100 
624,-0.100 
624,-0.100 
624,-0.100 
624,-0.100 
624,-0.100 
624,-0.100 
624,-5.000 
625,-0.100 
625,-0.100 
625,-0.100 
625,-0.100 
625,-0.100 
625,-0.100 
625,-0.100 
625,-0.100 
625,-0.100 
625,-5.000 
626,-0.100 
626,-0.100 
626,-0.100 
626,-0.100 
626,-0.100 
626,-0.100 
626,-0.100 
626,-0.100 
626,-0.100 
626,-5.000 
627,-0.100 
627,-0.100 
627,-0.100 
627,-0.100 
627,-0.100 
627,-0.100 
627,-0.100 
627,-0.100 
627,-0.100 
627,-5.000 
628,-0.100 
628,-0.100 
628,-0.100 
628,-0.100 
628,-0.100 
628,-0.100 
628,-0.100 
628,-0.100 
628,-0.100 
628,-5.000 
629,-0.100 
629,-0.100 
629,-0.100 
629,-0.100 
629,-0.100 
629,-0.100 
629,-0.100 
629,-0.100 
629,-0.100 
629,-5.000 
630,-0.100 
630,-0.100 
630,-0.100 
630,-0.100 
630,-0.100 
630,-0.100 
630,-0.100 
630,-0.100 
630,-0.100 
630,-5.000 
631,-0.100 
631,-0.100 
631,-0.100 
631,-0.100 
631,-0.100 
631,-0.100 
631,-0.100 
631,-0.100 
631,-0.100 
631,-5.000 
632,-0.100 
632,-0.100 
632,-0.100 
632,-0.100 
632,-0.100 
632,-0.100 
632,-0.100 
632,-0.100 
632,-0.100 
632,-5.000 
633,-0.100 
633,-0.100 
633,-0.100 
633,-0.100 
633,-0.100 
633,-0.100 
633,-0.100 
633,-0.100 
633,-0.100 
633,-5.000 
634,-0.100 
634,-0.100 
634,-0.100 
634,-0.100 
634,-0.100 
634,-0.100 
634,-0.100 
634,-0.100 
634,-0.100 
634,-5.000 
635,-0.100 
635,-0.100 
635,-0.100 
635,-0.100 
635,-0.100 
635,-0.100 
635,-0.100 
635,-0.100 
635,-0.100 
635,-5.000 
636,-0.100 
636,-0.100 
636,-0.100 
636,-0.100 
636,-0.100 
636,-0.100 
636,-0.100 
636,-0.100 
636,-0.100 
636,-5.000 
637,-0.100 
637,-0.100 
637,-0.100 
637,-0.100 
637,-0.100 
637,-0.100 
637,-0.100 
637,-0.100 
637,-0.100 
637,-5.000 
638,-0.100 
638,-0.100 
638,-0.100 
638,-0.100 
638,-0.100 
638,-0.100 
638,-0.100 
638,-0.100 
638,-0.100 
638,-5.000 
639,-0.100 
639,-0.100 
639,-0.100 
639,-0.100 
639,-0.100 
639,-0.100 
639,-0.100 
639,-0.100 
639,-0.100 
639,-5.000 
640,-0.100 
640,-0.100 
640,-0.100 
640,-0.100 
640,-0.100 
640,-0.100 
640,-0.100 
640,-0.100 
640,-0.100 
640,-5.000 
641,-0.100 
641,-0.100 
641,-0.100 
641,-0.100 
641,-0.100 
641,-0.100 
641,-0.100 
641,-0.100 
641,-0.100 
641,-5.000 
642,-0.100 
642,-0.100 
642,-0.100 
642,-0.100 
642,-0.100 
642,-0.100 
642,-0.100 
642,-0.100 
642,-0.100 
642,-5.000 
643,-0.100 
643,-0.100 
643,-0.100 
643,-0.100 
643,-0.100 
643,-0.100 
643,-0.100 
643,-0.100 
643,-0.100 
643,-5.000 
644,-0.100 
644,-0.100 
644,-0.100 
644,-0.100 
644,-0.100 
644,-0.100 
644,-0.100 
644,-0.100 
644,-0.100 
644,-5.000 
645,-0.100 
645,-0.100 
645,-0.100 
645,-0.100 
645,-0.100 
645,-0.100 
645,-0.100 
645,-0.100 
645,-0.100 
645,-5.000 
646,-0.100 
646,-0.100 
646,-0.100 
646,-0.100 
646,-0.100 
646,-0.100 
646,-0.100 
646,-0.100 
646,-0.100 
646,-5.000 
647,-0.100 
647,-0.100 
647,-0.100 
647,-0.100 
647,-0.100 
647,-0.100 
647,-0.100 
647,-0.100 
647,-0.100 
647,-5.000 
648,-0.100 
648,-0.100 
648,-0.100 
648,-0.100 
648,-0.100 
648,-0.100 
648,-0.100 
648,-0.100 
648,-0.100 
648,-5.000 
649,-0.100 
649,-0.100 
649,-0.100 
649,-0.100 
649,-0.100 
649,-0.100 
649,-0.100 
649,-0.100 
649,-0.100 
649,-5.000 
650,-0.100 
650,-0.100 
650,-0.100 
650,-0.100 
650,-0.100 
650,-0.100 
650,-0.100 
650,-0.100 
650,-0.100 
650,-5.000 
651,-0.100 
651,-0.100 
651,-0.100 
651,-0.100 
651,-0.100 
651,-0.100 
651,-0.100 
651,-0.100 
651,-0.100 
651,-5.000 
652,-0.100 
652,-0.100 
652,-0.100 
652,-0.100 
652,-0.100 
652,-0.100 
652,-0.100 
652,-0.100 
652,-0.100 
652,-5.000 
653,-0.100 
653,-0.100 
653,-0.100 
653,-0.100 
653,-0.100 
653,-0.100 
653,-0.100 
653,-0.100 
653,-0.100 
653,-5.000 
654,-0.100 
654,-0.100 
654,-0.100 
654,-0.100 
654,-0.100 
654,-0.100 
654,-0.100 
654,-0.100 
654,-0.100 
654,-5.000 
655,-0.100 
655,-0.100 
655,-0.100 
655,-0.100 
655,-0.100 
655,-0.100 
655,-0.100 
655,-0.100 
655,-0.100 
655,-5.000 
656,-0.100 
656,-0.100 
656,-0.100 
656,-0.100 
656,-0.100 
656,-0.100 
656,-0.100 
656,-0.100 
656,-0.100 
656,-5.000 
657,-0.100 
657,-0.100 
657,-0.100 
657,-0.100 
657,-0.100 
657,-0.100 
657,-0.100 
657,-0.100 
657,-0.100 
657,-5.000 
658,-0.100 
658,-0.100 
658,-0.100 
658,-0.100 
658,-0.100 
658,-0.100 
658,-0.100 
658,-0.100 
658,-0.100 
658,-5.000 
659,-0.100 
659,-0.100 
659,-0.100 
659,-0.100 
659,-0.100 
659,-0.100 
659,-0.100 
659,-0.100 
659,-0.100 
659,-5.000 
660,-0.100 
660,-0.100 
660,-0.100 
660,-0.100 
660,-0.100 
660,-0.100 
660,-0.100 
660,-0.100 
660,-0.100 
660,-5.000 
661,-0.100 
661,-0.100 
661,-0.100 
661,-0.100 
661,-0.100 
661,-0.100 
661,-0.100 
661,-0.100 
661,-0.100 
661,-5.000 
662,-0.100 
662,-0.100 
662,-0.100 
662,-0.100 
662,-0.100 
662,-0.100 
662,-0.100 
662,-0.100 
662,-0.100 
662,-5.000 
663,-0.100 
663,-0.100 
663,-0.100 
663,-0.100 
663,-0.100 
663,-0.100 
663,-0.100 
663,-0.100 
663,-0.100 
663,-5.000 
664,-0.100 
664,-0.100 
664,-0.100 
664,-0.100 
664,-0.100 
664,-0.100 
664,-0.100 
664,-0.100 
664,-0.100 
664,-5.000 
665,-0.100 
665,-0.100 
665,-0.100 
665,-0.100 
665,-0.100 
665,-0.100 
665,-0.100 
665,-0.100 
665,-0.100 
665,-5.000 
666,-0.100 
666,-0.100 
666,-0.100 
666,-0.100 
666,-0.100 
666,-0.100 
666,-0.100 
666,-0.100 
666,-0.100 
666,-5.000 
667,-0.100 
667,-0.100 
667,-0.100 
667,-0.100 
667,-0.100 
667,-0.100 
667,-0.100 
667,-0.100 
667,-0.100 
667,-5.000 
668,-0.100 
668,-0.100 
668,-0.100 
668,-0.100 
668,-0.100 
668,-0.100 
668,-0.100 
668,-0.100 
668,-0.100 
668,-5.000 
669,-0.100 
669,-0.100 
669,-0.100 
669,-0.100 
669,-0.100 
669,-0.100 
669,-0.100 
669,-0.100 
669,-5.000 
670,-0.100 
670,-0.100 
670,-0.100 
670,-0.100 
670,-0.100 
670,-0.100 
670,-0.100 
670,-0.100 
670,-0.100 
670,-5.000 
671,-0.100 
671,-0.100 
671,-0.100 
671,-0.100 
671,-0.100 
671,-0.100 
671,-0.100 
671,-0.100 
671,-0.100 
671,-5.000 
672,-0.100 
672,-0.100 
672,-0.100 
672,-0.100 
672,-0.100 
672,-0.100 
672,-0.100 
672,-0.100 
672,-0.100 
672,-5.000 
673,-0.100 
673,-0.100 
673,-0.100 
673,-0.100 
673,-0.100 
673,-0.100 
673,-0.100 
673,-0.100 
673,-5.000 
674,-0.100 
674,-0.100 
674,-0.100 
674,-0.100 
674,-0.100 
674,-0.100 
674,-0.100 
674,-0.100 
674,-0.100 
674,-5.000 
675,-0.100 
675,-0.100 
675,-0.100 
675,-0.100 
675,-0.100 
675,-0.100 
675,-0.100 
675,-0.100 
675,-0.100 
675,-5.000 
676,-0.100 
676,-0.100 
676,-0.100 
676,-0.100 
676,-0.100 
676,-0.100 
676,-0.100 
676,-0.100 
676,-0.100 
676,-5.000 
677,-0.100 
677,-0.100 
677,-0.100 
677,-0.100 
677,-0.100 
677,-0.100 
677,-0.100 
677,-0.100 
677,-0.100 
677,-5.000 
678,-0.100 
678,-0.100 
678,-0.100 
678,-0.100 
678,-0.100 
678,-0.100 
678,-0.100 
678,-0.100 
678,-0.100 
678,-5.000 
679,-0.100 
679,-0.100 
679,-0.100 
679,-0.100 
679,-0.100 
679,-0.100 
679,-0.100 
679,-0.100 
679,-0.100 
679,-5.000 
680,-0.100 
680,-0.100 
680,-0.100 
680,-0.100 
680,-0.100 
680,-0.100 
680,-0.100 
680,-0.100 
680,-0.100 
680,-5.000 
681,-0.100 
681,-0.100 
681,-0.100 
681,-0.100 
681,-0.100 
681,-0.100 
681,-0.100 
681,-0.100 
681,-0.100 
681,-5.000 
682,-0.100 
682,-0.100 
682,-0.100 
682,-0.100 
682,-0.100 
682,-0.100 
682,-0.100 
682,-0.100 
682,-0.100 
682,-5.000 
683,-0.100 
683,-0.100 
683,-0.100 
683,-0.100 
683,-0.100 
683,-0.100 
683,-0.100 
683,-0.100 
683,-0.100 
683,-5.000 
684,-0.100 
684,-0.100 
684,-0.100 
684,-0.100 
684,-0.100 
684,-0.100 
684,-0.100 
684,-0.100 
684,-0.100 
684,-5.000 
685,-0.100 
685,-0.100 
685,-0.100 
685,-0.100 
685,-0.100 
685,-0.100 
685,-0.100 
685,-0.100 
685,-0.100 
685,-5.000 
686,-0.100 
686,-0.100 
686,-0.100 
686,-0.100 
686,-0.100 
686,-0.100 
686,-0.100 
686,-0.100 
686,-0.100 
686,-5.000 
687,-0.100 
687,-0.100 
687,-0.100 
687,-0.100 
687,-0.100 
687,-0.100 
687,-0.100 
687,-0.100 
687,-0.100 
687,-5.000 
688,-0.100 
688,-0.100 
688,-0.100 
688,-0.100 
688,-0.100 
688,-0.100 
688,-0.100 
688,-0.100 
688,-0.100 
688,-5.000 
689,-0.100 
689,-0.100 
689,-0.100 
689,-0.100 
689,-0.100 
689,-0.100 
689,-0.100 
689,-0.100 
689,-0.100 
689,-5.000 
690,-0.100 
690,-0.100 
690,-0.100 
690,-0.100 
690,-0.100 
690,-0.100 
690,-0.100 
690,-0.100 
690,-0.100 
690,-5.000 
691,-0.100 
691,-0.100 
691,-0.100 
691,-0.100 
691,-0.100 
691,-0.100 
691,-0.100 
691,-0.100 
691,-0.100 
691,-5.000 
692,-0.100 
692,-0.100 
692,-0.100 
692,-0.100 
692,-0.100 
692,-0.100 
692,-0.100 
692,-0.100 
692,-0.100 
692,-5.000 
693,-0.100 
693,-0.100 
693,-0.100 
693,-0.100 
693,-0.100 
693,-0.100 
693,-0.100 
693,-0.100 
693,-0.100 
693,-5.000 
694,-0.100 
694,-0.100 
694,-0.100 
694,-0.100 
694,-0.100 
694,-0.100 
694,-0.100 
694,-0.100 
694,-0.100 
694,-5.000 
695,-0.100 
695,-0.100 
695,-0.100 
695,-0.100 
695,-0.100 
695,-0.100 
695,-0.100 
695,-0.100 
695,-0.100 
695,-5.000 
696,-0.100 
696,-0.100 
696,-0.100 
696,-0.100 
696,-0.100 
696,-0.100 
696,-0.100 
696,-0.100 
696,-0.100 
696,-5.000 
697,-0.100 
697,-0.100 
697,-0.100 
697,-0.100 
697,-0.100 
697,-0.100 
697,-0.100 
697,-0.100 
697,-0.100 
697,-5.000 
698,-0.100 
698,-0.100 
698,-0.100 
698,-0.100 
698,-0.100 
698,-0.100 
698,-0.100 
698,-0.100 
698,-0.100 
698,-5.000 
699,-0.100 
699,-0.100 
699,-0.100 
699,-0.100 
699,-0.100 
699,-0.100 
699,-0.100 
699,-0.100 
699,-0.100 
699,-5.000 
700,-0.100 
700,-0.100 
700,-0.100 
700,-0.100 
700,-0.100 
700,-0.100 
700,-0.100 
700,-0.100 
700,-0.100 
700,-5.000 
701,-0.100 
701,-0.100 
701,-0.100 
701,-0.100 
701,-0.100 
701,-0.100 
701,-0.100 
701,-0.100 
701,-0.100 
701,-5.000 
702,-0.100 
702,-0.100 
702,-0.100 
702,-0.100 
702,-0.100 
702,-0.100 
702,-0.100 
702,-0.100 
702,-0.100 
702,-5.000 
703,-0.100 
703,-0.100 
703,-0.100 
703,-0.100 
703,-0.100 
703,-0.100 
703,-0.100 
703,-0.100 
703,-0.100 
703,-5.000 
704,-0.100 
704,-0.100 
704,-0.100 
704,-0.100 
704,-0.100 
704,-0.100 
704,-0.100 
704,-0.100 
704,-0.100 
704,-5.000 
705,-0.100 
705,-0.100 
705,-0.100 
705,-0.100 
705,-0.100 
705,-0.100 
705,-0.100 
705,-0.100 
705,-0.100 
705,-5.000 
706,-0.100 
706,-0.100 
706,-0.100 
706,-0.100 
706,-0.100 
706,-0.100 
706,-0.100 
706,-0.100 
706,-0.100 
706,-5.000 
707,-0.100 
707,-0.100 
707,-0.100 
707,-0.100 
707,-0.100 
707,-0.100 
707,-0.100 
707,-0.100 
707,-0.100 
707,-5.000 
708,-0.100 
708,-0.100 
708,-0.100 
708,-0.100 
708,-0.100 
708,-0.100 
708,-0.100 
708,-0.100 
708,-0.100 
708,-5.000 
709,-0.100 
709,-0.100 
709,-0.100 
709,-0.100 
709,-0.100 
709,-0.100 
709,-0.100 
709,-0.100 
709,-0.100 
709,-5.000 
710,-0.100 
710,-0.100 
710,-0.100 
710,-0.100 
710,-0.100 
710,-0.100 
710,-0.100 
710,-0.100 
710,-0.100 
710,-5.000 
711,-0.100 
711,-0.100 
711,-0.100 
711,-0.100 
711,-0.100 
711,-0.100 
711,-0.100 
711,-0.100 
711,-0.100 
711,-5.000 
712,-0.100 
712,-0.100 
712,-0.100 
712,-0.100 
712,-0.100 
712,-0.100 
712,-0.100 
712,-0.100 
712,-0.100 
712,-5.000 
713,-0.100 
713,-0.100 
713,-0.100 
713,-0.100 
713,-0.100 
713,-0.100 
713,-0.100 
713,-0.100 
713,-0.100 
713,-5.000 
714,-0.100 
714,-0.100 
714,-0.100 
714,-0.100 
714,-0.100 
714,-0.100 
714,-0.100 
714,-0.100 
714,-0.100 
714,-5.000 
715,-0.100 
715,-0.100 
715,-0.100 
715,-0.100 
715,-0.100 
715,-0.100 
715,-0.100 
715,-0.100 
715,-0.100 
715,-5.000 
716,-0.100 
716,-0.100 
716,-0.100 
716,-0.100 
716,-0.100 
716,-0.100 
716,-0.100 
716,-0.100 
716,-0.100 
716,-5.000 
717,-0.100 
717,-0.100 
717,-0.100 
717,-0.100 
717,-0.100 
717,-0.100 
717,-0.100 
717,-0.100 
717,-5.000 
718,-0.100 
718,-0.100 
718,-0.100 
718,-0.100 
718,-0.100 
718,-0.100 
718,-0.100 
718,-0.100 
718,-0.100 
718,-5.000 
719,-0.100 
719,-0.100 
719,-0.100 
719,-0.100 
719,-0.100 
719,-0.100 
719,-0.100 
719,-0.100 
719,-0.100 
719,-5.000 
720,-0.100 
720,-0.100 
720,-0.100 
720,-0.100 
720,-0.100 
720,-0.100 
720,-0.100 
720,-0.100 
720,-0.100 
720,-5.000 
721,-0.100 
721,-0.100 
721,-0.100 
721,-0.100 
721,-0.100 
721,-0.100 
721,-0.100 
721,-0.100 
721,-0.100 
721,-5.000 
722,-0.100 
722,-0.100 
722,-0.100 
722,-0.100 
722,-0.100 
722,-0.100 
722,-0.100 
722,-0.100 
722,-0.100 
722,-5.000 
723,-0.100 
723,-0.100 
723,-0.100 
723,-0.100 
723,-0.100 
723,-0.100 
723,-0.100 
723,-0.100 
723,-0.100 
723,-5.000 
724,-0.100 
724,-0.100 
724,-0.100 
724,-0.100 
724,-0.100 
724,-0.100 
724,-0.100 
724,-0.100 
724,-0.100 
724,-5.000 
725,-0.100 
725,-0.100 
725,-0.100 
725,-0.100 
725,-0.100 
725,-0.100 
725,-0.100 
725,-0.100 
725,-0.100 
725,-5.000 
726,-0.100 
726,-0.100 
726,-0.100 
726,-0.100 
726,-0.100 
726,-0.100 
726,-0.100 
726,-0.100 
726,-0.100 
726,-5.000 
727,-0.100 
727,-0.100 
727,-0.100 
727,-0.100 
727,-0.100 
727,-0.100 
727,-0.100 
727,-0.100 
727,-0.100 
727,-5.000 
728,-0.100 
728,-0.100 
728,-0.100 
728,-0.100 
728,-0.100 
728,-0.100 
728,-0.100 
728,-0.100 
728,-0.100 
728,-5.000 
729,-0.100 
729,-0.100 
729,-0.100 
729,-0.100 
729,-0.100 
729,-0.100 
729,-0.100 
729,-0.100 
729,-0.100 
729,-5.000 
730,-0.100 
730,-0.100 
730,-0.100 
730,-0.100 
730,-0.100 
730,-0.100 
730,-0.100 
730,-0.100 
730,-0.100 
730,-5.000 
731,-0.100 
731,-0.100 
731,-0.100 
731,-0.100 
731,-0.100 
731,-0.100 
731,-0.100 
731,-0.100 
731,-0.100 
731,-5.000 
732,-0.100 
732,-0.100 
732,-0.100 
732,-0.100 
732,-0.100 
732,-0.100 
732,-0.100 
732,-0.100 
732,-0.100 
732,-5.000 
733,-0.100 
733,-0.100 
733,-0.100 
733,-0.100 
733,-0.100 
733,-0.100 
733,-0.100 
733,-0.100 
733,-0.100 
733,-5.000 
734,-0.100 
734,-0.100 
734,-0.100 
734,-0.100 
734,-0.100 
734,-0.100 
734,-0.100 
734,-0.100 
734,-0.100 
734,-5.000 
735,-0.100 
735,-0.100 
735,-0.100 
735,-0.100 
735,-0.100 
735,-0.100 
735,-0.100 
735,-0.100 
735,-0.100 
735,-5.000 
736,-0.100 
736,-0.100 
736,-0.100 
736,-0.100 
736,-0.100 
736,-0.100 
736,-0.100 
736,-0.100 
736,-0.100 
736,-5.000 
737,-0.100 
737,-0.100 
737,-0.100 
737,-0.100 
737,-0.100 
737,-0.100 
737,-0.100 
737,-0.100 
737,-0.100 
737,-5.000 
738,-0.100 
738,-0.100 
738,-0.100 
738,-0.100 
738,-0.100 
738,-0.100 
738,-0.100 
738,-0.100 
738,-0.100 
738,-5.000 
739,-0.100 
739,-0.100 
739,-0.100 
739,-0.100 
739,-0.100 
739,-0.100 
739,-0.100 
739,-0.100 
739,-0.100 
739,-5.000 
740,-0.100 
740,-0.100 
740,-0.100 
740,-0.100 
740,-0.100 
740,-0.100 
740,-0.100 
740,-0.100 
740,-0.100 
740,-5.000 
741,-0.100 
741,-0.100 
741,-0.100 
741,-0.100 
741,-0.100 
741,-0.100 
741,-0.100 
741,-0.100 
741,-0.100 
741,-5.000 
742,-0.100 
742,-0.100 
742,-0.100 
742,-0.100 
742,-0.100 
742,-0.100 
742,-0.100 
742,-0.100 
742,-0.100 
742,-5.000 
743,-0.100 
743,-0.100 
743,-0.100 
743,-0.100 
743,-0.100 
743,-0.100 
743,-0.100 
743,-0.100 
743,-0.100 
743,-5.000 
744,-0.100 
744,-0.100 
744,-0.100 
744,-0.100 
744,-0.100 
744,-0.100 
744,-0.100 
744,-0.100 
744,-0.100 
744,-5.000 
745,-0.100 
745,-0.100 
745,-0.100 
745,-0.100 
745,-0.100 
745,-0.100 
745,-0.100 
745,-0.100 
745,-0.100 
745,-5.000 
746,-0.100 
746,-0.100 
746,-0.100 
746,-0.100 
746,-0.100 
746,-0.100 
746,-0.100 
746,-0.100 
746,-0.100 
746,-5.000 
747,-0.100 
747,-0.100 
747,-0.100 
747,-0.100 
747,-0.100 
747,-0.100 
747,-0.100 
747,-0.100 
747,-0.100 
747,-5.000 
748,-0.100 
748,-0.100 
748,-0.100 
748,-0.100 
748,-0.100 
748,-0.100 
748,-0.100 
748,-0.100 
748,-0.100 
748,-5.000 
749,-0.100 
749,-0.100 
749,-0.100 
749,-0.100 
749,-0.100 
749,-0.100 
749,-0.100 
749,-0.100 
749,-0.100 
749,-5.000 
750,-0.100 
750,-0.100 
750,-0.100 
750,-0.100 
750,-0.100 
750,-0.100 
750,-0.100 
750,-0.100 
750,-0.100 
750,-5.000 
751,-0.100 
751,-0.100 
751,-0.100 
751,-0.100 
751,-0.100 
751,-0.100 
751,-0.100 
751,-0.100 
751,-0.100 
751,-5.000 
752,-0.100 
752,-0.100 
752,-0.100 
752,-0.100 
752,-0.100 
752,-0.100 
752,-0.100 
752,-0.100 
752,-0.100 
752,-5.000 
753,-0.100 
753,-0.100 
753,-0.100 
753,-0.100 
753,-0.100 
753,-0.100 
753,-0.100 
753,-0.100 
753,-0.100 
753,-5.000 
754,-0.100 
754,-0.100 
754,-0.100 
754,-0.100 
754,-0.100 
754,-0.100 
754,-0.100 
754,-0.100 
754,-0.100 
754,-5.000 
755,-0.100 
755,-0.100 
755,-0.100 
755,-0.100 
755,-0.100 
755,-0.100 
755,-0.100 
755,-0.100 
755,-0.100 
755,-5.000 
756,-0.100 
756,-0.100 
756,-0.100 
756,-0.100 
756,-0.100 
756,-0.100 
756,-0.100 
756,-0.100 
756,-0.100 
756,-5.000 
757,-0.100 
757,-0.100 
757,-0.100 
757,-0.100 
757,-0.100 
757,-0.100 
757,-0.100 
757,-0.100 
757,-0.100 
757,-5.000 
758,-0.100 
758,-0.100 
758,-0.100 
758,-0.100 
758,-0.100 
758,-0.100 
758,-0.100 
758,-0.100 
758,-0.100 
758,-5.000 
759,-0.100 
759,-0.100 
759,-0.100 
759,-0.100 
759,-0.100 
759,-0.100 
759,-0.100 
759,-0.100 
759,-0.100 
759,-5.000 
760,-0.100 
760,-0.100 
760,-0.100 
760,-0.100 
760,-0.100 
760,-0.100 
760,-0.100 
760,-0.100 
760,-0.100 
760,-5.000 
761,-0.100 
761,-0.100 
761,-0.100 
761,-0.100 
761,-0.100 
761,-0.100 
761,-0.100 
761,-0.100 
761,-0.100 
761,-5.000 
762,-0.100 
762,-0.100 
762,-0.100 
762,-0.100 
762,-0.100 
762,-0.100 
762,-0.100 
762,-0.100 
762,-0.100 
762,-5.000 
763,-0.100 
763,-0.100 
763,-0.100 
763,-0.100 
763,-0.100 
763,-0.100 
763,-0.100 
763,-0.100 
763,-0.100 
763,-5.000 
764,-0.100 
764,-0.100 
764,-0.100 
764,-0.100 
764,-0.100 
764,-0.100 
764,-0.100 
764,-0.100 
764,-0.100 
764,-5.000 
765,-0.100 
765,-0.100 
765,-0.100 
765,-0.100 
765,-0.100 
765,-0.100 
765,-0.100 
765,-0.100 
765,-0.100 
765,-5.000 
766,-0.100 
766,-0.100 
766,-0.100 
766,-0.100 
766,-0.100 
766,-0.100 
766,-0.100 
766,-0.100 
766,-0.100 
766,-5.000 
767,-0.100 
767,-0.100 
767,-0.100 
767,-0.100 
767,-0.100 
767,-0.100 
767,-0.100 
767,-0.100 
767,-0.100 
767,-5.000 
768,-0.100 
768,-0.100 
768,-0.100 
768,-0.100 
768,-0.100 
768,-0.100 
768,-0.100 
768,-0.100 
768,-0.100 
768,-5.000 
769,-0.100 
769,-0.100 
769,-0.100 
769,-0.100 
769,-0.100 
769,-0.100 
769,-0.100 
769,-0.100 
769,-0.100 
769,-5.000 
770,-0.100 
770,-0.100 
770,-0.100 
770,-0.100 
770,-0.100 
770,-0.100 
770,-0.100 
770,-0.100 
770,-0.100 
770,-5.000 
771,-0.100 
771,-0.100 
771,-0.100 
771,-0.100 
771,-0.100 
771,-0.100 
771,-0.100 
771,-0.100 
771,-0.100 
771,-5.000 
772,-0.100 
772,-0.100 
772,-0.100 
772,-0.100 
772,-0.100 
772,-0.100 
772,-0.100 
772,-0.100 
772,-0.100 
772,-5.000 
773,-0.100 
773,-0.100 
773,-0.100 
773,-0.100 
773,-0.100 
773,-0.100 
773,-0.100 
773,-0.100 
773,-0.100 
773,-5.000 
774,-0.100 
774,-0.100 
774,-0.100 
774,-0.100 
774,-0.100 
774,-0.100 
774,-0.100 
774,-0.100 
774,-0.100 
774,-5.000 
775,-0.100 
775,-0.100 
775,-0.100 
775,-0.100 
775,-0.100 
775,-0.100 
775,-0.100 
775,-0.100 
775,-5.000 
776,-0.100 
776,-0.100 
776,-0.100 
776,-0.100 
776,-0.100 
776,-0.100 
776,-0.100 
776,-0.100 
776,-0.100 
776,-5.000 
777,-0.100 
777,-0.100 
777,-0.100 
777,-0.100 
777,-0.100 
777,-0.100 
777,-0.100 
777,-0.100 
777,-0.100 
777,-5.000 
778,-0.100 
778,-0.100 
778,-0.100 
778,-0.100 
778,-0.100 
778,-0.100 
778,-0.100 
778,-0.100 
778,-0.100 
778,-5.000 
779,-0.100 
779,-0.100 
779,-0.100 
779,-0.100 
779,-0.100 
779,-0.100 
779,-0.100 
779,-0.100 
779,-0.100 
779,-5.000 
780,-0.100 
780,-0.100 
780,-0.100 
780,-0.100 
780,-0.100 
780,-0.100 
780,-0.100 
780,-0.100 
780,-0.100 
780,-5.000 
781,-0.100 
781,-0.100 
781,-0.100 
781,-0.100 
781,-0.100 
781,-0.100 
781,-0.100 
781,-0.100 
781,-0.100 
781,-5.000 
782,-0.100 
782,-0.100 
782,-0.100 
782,-0.100 
782,-0.100 
782,-0.100 
782,-0.100 
782,-0.100 
782,-0.100 
782,-5.000 
783,-0.100 
783,-0.100 
783,-0.100 
783,-0.100 
783,-0.100 
783,-0.100 
783,-0.100 
783,-0.100 
783,-0.100 
783,-5.000 
784,-0.100 
784,-0.100 
784,-0.100 
784,-0.100 
784,-0.100 
784,-0.100 
784,-0.100 
784,-0.100 
784,-0.100 
784,-5.000 
785,-0.100 
785,-0.100 
785,-0.100 
785,-0.100 
785,-0.100 
785,-0.100 
785,-0.100 
785,-0.100 
785,-0.100 
785,-5.000 
786,-0.100 
786,-0.100 
786,-0.100 
786,-0.100 
786,-0.100 
786,-0.100 
786,-0.100 
786,-0.100 
786,-0.100 
786,-5.000 
787,-0.100 
787,-0.100 
787,-0.100 
787,-0.100 
787,-0.100 
787,-0.100 
787,-0.100 
787,-0.100 
787,-0.100 
787,-5.000 
788,-0.100 
788,-0.100 
788,-0.100 
788,-0.100 
788,-0.100 
788,-0.100 
788,-0.100 
788,-0.100 
788,-0.100 
788,-5.000 
789,-0.100 
789,-0.100 
789,-0.100 
789,-0.100 
789,-0.100 
789,-0.100 
789,-0.100 
789,-0.100 
789,-0.100 
789,-5.000 
790,-0.100 
790,-0.100 
790,-0.100 
790,-0.100 
790,-0.100 
790,-0.100 
790,-0.100 
790,-0.100 
790,-0.100 
790,-5.000 
791,-0.100 
791,-0.100 
791,-0.100 
791,-0.100 
791,-0.100 
791,-0.100 
791,-0.100 
791,-0.100 
791,-0.100 
791,-5.000 
792,-0.100 
792,-0.100 
792,-0.100 
792,-0.100 
792,-0.100 
792,-0.100 
792,-0.100 
792,-0.100 
792,-0.100 
792,-5.000 
793,-0.100 
793,-0.100 
793,-0.100 
793,-0.100 
793,-0.100 
793,-0.100 
793,-0.100 
793,-0.100 
793,-0.100 
793,-5.000 
794,-0.100 
794,-0.100 
794,-0.100 
794,-0.100 
794,-0.100 
794,-0.100 
794,-0.100 
794,-0.100 
794,-0.100 
794,-5.000 
795,-0.100 
795,-0.100 
795,-0.100 
795,-0.100 
795,-0.100 
795,-0.100 
795,-0.100 
795,-0.100 
795,-0.100 
795,-5.000 
796,-0.100 
796,-0.100 
796,-0.100 
796,-0.100 
796,-0.100 
796,-0.100 
796,-0.100 
796,-0.100 
796,-0.100 
796,-5.000 
797,-0.100 
797,-0.100 
797,-0.100 
797,-0.100 
797,-0.100 
797,-0.100 
797,-0.100 
797,-0.100 
797,-0.100 
797,-5.000 
798,-0.100 
798,-0.100 
798,-0.100 
798,-0.100 
798,-0.100 
798,-0.100 
798,-0.100 
798,-0.100 
798,-0.100 
798,-5.000 
799,-0.100 
799,-0.100 
799,-0.100 
799,-0.100 
799,-0.100 
799,-0.100 
799,-0.100 
799,-0.100 
799,-5.000 
800,-0.100 
800,-0.100 
800,-0.100 
800,-0.100 
800,-0.100 
800,-0.100 
800,-0.100 
800,-0.100 
800,-0.100 
800,-5.000 
801,-0.100 
801,-0.100 
801,-0.100 
801,-0.100 
801,-0.100 
801,-0.100 
801,-0.100 
801,-0.100 
801,-0.100 
801,-5.000 
802,-0.100 
802,-0.100 
802,-0.100 
802,-0.100 
802,-0.100 
802,-0.100 
802,-0.100 
802,-0.100 
802,-0.100 
802,-5.000 
803,-0.100 
803,-0.100 
803,-0.100 
803,-0.100 
803,-0.100 
803,-0.100 
803,-0.100 
803,-0.100 
803,-0.100 
803,-5.000 
804,-0.100 
804,-0.100 
804,-0.100 
804,-0.100 
804,-0.100 
804,-0.100 
804,-0.100 
804,-0.100 
804,-0.100 
804,-5.000 
805,-0.100 
805,-0.100 
805,-0.100 
805,-0.100 
805,-0.100 
805,-0.100 
805,-0.100 
805,-0.100 
805,-0.100 
805,-5.000 
806,-0.100 
806,-0.100 
806,-0.100 
806,-0.100 
806,-0.100 
806,-0.100 
806,-0.100 
806,-0.100 
806,-0.100 
806,-5.000 
807,-0.100 
807,-0.100 
807,-0.100 
807,-0.100 
807,-0.100 
807,-0.100 
807,-0.100 
807,-0.100 
807,-0.100 
807,-5.000 
808,-0.100 
808,-0.100 
808,-0.100 
808,-0.100 
808,-0.100 
808,-0.100 
808,-0.100 
808,-0.100 
808,-0.100 
808,-5.000 
809,-0.100 
809,-0.100 
809,-0.100 
809,-0.100 
809,-0.100 
809,-0.100 
809,-0.100 
809,-0.100 
809,-5.000 
810,-0.100 
810,-0.100 
810,-0.100 
810,-0.100 
810,-0.100 
810,-0.100 
810,-0.100 
810,-0.100 
810,-0.100 
810,-5.000 
811,-0.100 
811,-0.100 
811,-0.100 
811,-0.100 
811,-0.100 
811,-0.100 
811,-0.100 
811,-0.100 
811,-0.100 
811,-5.000 
812,-0.100 
812,-0.100 
812,-0.100 
812,-0.100 
812,-0.100 
812,-0.100 
812,-0.100 
812,-0.100 
812,-0.100 
812,-5.000 
813,-0.100 
813,-0.100 
813,-0.100 
813,-0.100 
813,-0.100 
813,-0.100 
813,-0.100 
813,-0.100 
813,-0.100 
813,-5.000 
814,-0.100 
814,-0.100 
814,-0.100 
814,-0.100 
814,-0.100 
814,-0.100 
814,-0.100 
814,-0.100 
814,-0.100 
814,-5.000 
815,-0.100 
815,-0.100 
815,-0.100 
815,-0.100 
815,-0.100 
815,-0.100 
815,-0.100 
815,-0.100 
815,-0.100 
815,-5.000 
816,-0.100 
816,-0.100 
816,-0.100 
816,-0.100 
816,-0.100 
816,-0.100 
816,-0.100 
816,-0.100 
816,-0.100 
816,-5.000 
817,-0.100 
817,-0.100 
817,-0.100 
817,-0.100 
817,-0.100 
817,-0.100 
817,-0.100 
817,-0.100 
817,-0.100 
817,-5.000 
818,-0.100 
818,-0.100 
818,-0.100 
818,-0.100 
818,-0.100 
818,-0.100 
818,-0.100 
818,-0.100 
818,-0.100 
818,-5.000 
819,-0.100 
819,-0.100 
819,-0.100 
819,-0.100 
819,-0.100 
819,-0.100 
819,-0.100 
819,-0.100 
819,-0.100 
819,-5.000 
820,-0.100 
820,-0.100 
820,-0.100 
820,-0.100 
820,-0.100 
820,-0.100 
820,-0.100 
820,-0.100 
820,-0.100 
820,-5.000 
821,-0.100 
821,-0.100 
821,-0.100 
821,-0.100 
821,-0.100 
821,-0.100 
821,-0.100 
821,-0.100 
821,-0.100 
821,-5.000 
822,-0.100 
822,-0.100 
822,-0.100 
822,-0.100 
822,-0.100 
822,-0.100 
822,-0.100 
822,-0.100 
822,-0.100 
822,-5.000 
823,-0.100 
823,-0.100 
823,-0.100 
823,-0.100 
823,-0.100 
823,-0.100 
823,-0.100 
823,-0.100 
823,-0.100 
823,-5.000 
824,-0.100 
824,-0.100 
824,-0.100 
824,-0.100 
824,-0.100 
824,-0.100 
824,-0.100 
824,-0.100 
824,-0.100 
824,-5.000 
825,-0.100 
825,-0.100 
825,-0.100 
825,-0.100 
825,-0.100 
825,-0.100 
825,-0.100 
825,-0.100 
825,-0.100 
825,-5.000 
826,-0.100 
826,-0.100 
826,-0.100 
826,-0.100 
826,-0.100 
826,-0.100 
826,-0.100 
826,-0.100 
826,-5.000 
827,-0.100 
827,-0.100 
827,-0.100 
827,-0.100 
827,-0.100 
827,-0.100 
827,-0.100 
827,-0.100 
827,-0.100 
827,-5.000 
828,-0.100 
828,-0.100 
828,-0.100 
828,-0.100 
828,-0.100 
828,-0.100 
828,-0.100 
828,-0.100 
828,-5.000 
829,-0.100 
829,-0.100 
829,-0.100 
829,-0.100 
829,-0.100 
829,-0.100 
829,-0.100 
829,-0.100 
829,-0.100 
829,-5.000 
830,-0.100 
830,-0.100 
830,-0.100 
830,-0.100 
830,-0.100 
830,-0.100 
830,-0.100 
830,-0.100 
830,-0.100 
830,-5.000 
831,-0.100 
831,-0.100 
831,-0.100 
831,-0.100 
831,-0.100 
831,-0.100 
831,-0.100 
831,-0.100 
831,-0.100 
831,-5.000 
832,-0.100 
832,-0.100 
832,-0.100 
832,-0.100 
832,-0.100 
832,-0.100 
832,-0.100 
832,-0.100 
832,-0.100 
832,-5.000 
833,-0.100 
833,-0.100 
833,-0.100 
833,-0.100 
833,-0.100 
833,-0.100 
833,-0.100 
833,-0.100 
833,-0.100 
833,-5.000 
834,-0.100 
834,-0.100 
834,-0.100 
834,-0.100 
834,-0.100 
834,-0.100 
834,-0.100 
834,-0.100 
834,-0.100 
834,-5.000 
835,-0.100 
835,-0.100 
835,-0.100 
835,-0.100 
835,-0.100 
835,-0.100 
835,-0.100 
835,-0.100 
835,-0.100 
835,-5.000 
836,-0.100 
836,-0.100 
836,-0.100 
836,-0.100 
836,-0.100 
836,-0.100 
836,-0.100 
836,-0.100 
836,-0.100 
836,-5.000 
837,-0.100 
837,-0.100 
837,-0.100 
837,-0.100 
837,-0.100 
837,-0.100 
837,-0.100 
837,-0.100 
837,-0.100 
837,-5.000 
838,-0.100 
838,-0.100 
838,-0.100 
838,-0.100 
838,-0.100 
838,-0.100 
838,-0.100 
838,-0.100 
838,-0.100 
838,-5.000 
839,-0.100 
839,-0.100 
839,-0.100 
839,-0.100 
839,-0.100 
839,-0.100 
839,-0.100 
839,-0.100 
839,-0.100 
839,-5.000 
840,-0.100 
840,-0.100 
840,-0.100 
840,-0.100 
840,-0.100 
840,-0.100 
840,-0.100 
840,-0.100 
840,-0.100 
840,-5.000 
841,-0.100 
841,-0.100 
841,-0.100 
841,-0.100 
841,-0.100 
841,-0.100 
841,-0.100 
841,-0.100 
841,-0.100 
841,-5.000 
842,-0.100 
842,-0.100 
842,-0.100 
842,-0.100 
842,-0.100 
842,-0.100 
842,-0.100 
842,-0.100 
842,-0.100 
842,-5.000 
843,-0.100 
843,-0.100 
843,-0.100 
843,-0.100 
843,-0.100 
843,-0.100 
843,-0.100 
843,-0.100 
843,-0.100 
843,-5.000 
844,-0.100 
844,-0.100 
844,-0.100 
844,-0.100 
844,-0.100 
844,-0.100 
844,-0.100 
844,-0.100 
844,-0.100 
844,-5.000 
845,-0.100 
845,-0.100 
845,-0.100 
845,-0.100 
845,-0.100 
845,-0.100 
845,-0.100 
845,-0.100 
845,-0.100 
845,-5.000 
846,-0.100 
846,-0.100 
846,-0.100 
846,-0.100 
846,-0.100 
846,-0.100 
846,-0.100 
846,-0.100 
846,-0.100 
846,-5.000 
847,-0.100 
847,-0.100 
847,-0.100 
847,-0.100 
847,-0.100 
847,-0.100 
847,-0.100 
847,-0.100 
847,-0.100 
847,-5.000 
848,-0.100 
848,-0.100 
848,-0.100 
848,-0.100 
848,-0.100 
848,-0.100 
848,-0.100 
848,-0.100 
848,-0.100 
848,-5.000 
849,-0.100 
849,-0.100 
849,-0.100 
849,-0.100 
849,-0.100 
849,-0.100 
849,-0.100 
849,-0.100 
849,-0.100 
849,-5.000 
850,-0.100 
850,-0.100 
850,-0.100 
850,-0.100 
850,-0.100 
850,-0.100 
850,-0.100 
850,-0.100 
850,-0.100 
850,-5.000 
851,-0.100 
851,-0.100 
851,-0.100 
851,-0.100 
851,-0.100 
851,-0.100 
851,-0.100 
851,-0.100 
851,-0.100 
851,-5.000 
852,-0.100 
852,-0.100 
852,-0.100 
852,-0.100 
852,-0.100 
852,-0.100 
852,-0.100 
852,-0.100 
852,-0.100 
852,-5.000 
853,-0.100 
853,-0.100 
853,-0.100 
853,-0.100 
853,-0.100 
853,-0.100 
853,-0.100 
853,-0.100 
853,-0.100 
853,-5.000 
854,-0.100 
854,-0.100 
854,-0.100 
854,-0.100 
854,-0.100 
854,-0.100 
854,-0.100 
854,-0.100 
854,-0.100 
854,-5.000 
855,-0.100 
855,-0.100 
855,-0.100 
855,-0.100 
855,-0.100 
855,-0.100 
855,-0.100 
855,-0.100 
855,-0.100 
855,-5.000 
856,-0.100 
856,-0.100 
856,-0.100 
856,-0.100 
856,-0.100 
856,-0.100 
856,-0.100 
856,-0.100 
856,-0.100 
856,-5.000 
857,-0.100 
857,-0.100 
857,-0.100 
857,-0.100 
857,-0.100 
857,-0.100 
857,-0.100 
857,-0.100 
857,-0.100 
857,-5.000 
858,-0.100 
858,-0.100 
858,-0.100 
858,-0.100 
858,-0.100 
858,-0.100 
858,-0.100 
858,-0.100 
858,-0.100 
858,-5.000 
859,-0.100 
859,-0.100 
859,-0.100 
859,-0.100 
859,-0.100 
859,-0.100 
859,-0.100 
859,-0.100 
859,-0.100 
859,-5.000 
860,-0.100 
860,-0.100 
860,-0.100 
860,-0.100 
860,-0.100 
860,-0.100 
860,-0.100 
860,-0.100 
860,-0.100 
860,-5.000 
861,-0.100 
861,-0.100 
861,-0.100 
861,-0.100 
861,-0.100 
861,-0.100 
861,-0.100 
861,-0.100 
861,-0.100 
861,-5.000 
862,-0.100 
862,-0.100 
862,-0.100 
862,-0.100 
862,-0.100 
862,-0.100 
862,-0.100 
862,-0.100 
862,-0.100 
862,-5.000 
863,-0.100 
863,-0.100 
863,-0.100 
863,-0.100 
863,-0.100 
863,-0.100 
863,-0.100 
863,-0.100 
863,-0.100 
863,-5.000 
864,-0.100 
864,-0.100 
864,-0.100 
864,-0.100 
864,-0.100 
864,-0.100 
864,-0.100 
864,-0.100 
864,-0.100 
864,-5.000 
865,-0.100 
865,-0.100 
865,-0.100 
865,-0.100 
865,-0.100 
865,-0.100 
865,-0.100 
865,-0.100 
865,-0.100 
865,-5.000 
866,-0.100 
866,-0.100 
866,-0.100 
866,-0.100 
866,-0.100 
866,-0.100 
866,-0.100 
866,-0.100 
866,-0.100 
866,-5.000 
867,-0.100 
867,-0.100 
867,-0.100 
867,-0.100 
867,-0.100 
867,-0.100 
867,-0.100 
867,-0.100 
867,-0.100 
867,-5.000 
868,-0.100 
868,-0.100 
868,-0.100 
868,-0.100 
868,-0.100 
868,-0.100 
868,-0.100 
868,-0.100 
868,-0.100 
868,-5.000 
869,-0.100 
869,-0.100 
869,-0.100 
869,-0.100 
869,-0.100 
869,-0.100 
869,-0.100 
869,-0.100 
869,-0.100 
869,-5.000 
870,-0.100 
870,-0.100 
870,-0.100 
870,-0.100 
870,-0.100 
870,-0.100 
870,-0.100 
870,-0.100 
870,-0.100 
870,-5.000 
871,-0.100 
871,-0.100 
871,-0.100 
871,-0.100 
871,-0.100 
871,-0.100 
871,-0.100 
871,-0.100 
871,-0.100 
871,-5.000 
872,-0.100 
872,-0.100 
872,-0.100 
872,-0.100 
872,-0.100 
872,-0.100 
872,-0.100 
872,-0.100 
872,-0.100 
872,-5.000 
873,-0.100 
873,-0.100 
873,-0.100 
873,-0.100 
873,-0.100 
873,-0.100 
873,-0.100 
873,-0.100 
873,-0.100 
873,-5.000 
874,-0.100 
874,-0.100 
874,-0.100 
874,-0.100 
874,-0.100 
874,-0.100 
874,-0.100 
874,-0.100 
874,-0.100 
874,-5.000 
875,-0.100 
875,-0.100 
875,-0.100 
875,-0.100 
875,-0.100 
875,-0.100 
875,-0.100 
875,-0.100 
875,-0.100 
875,-5.000 
876,-0.100 
876,-0.100 
876,-0.100 
876,-0.100 
876,-0.100 
876,-0.100 
876,-0.100 
876,-0.100 
876,-0.100 
876,-5.000 
877,-0.100 
877,-0.100 
877,-0.100 
877,-0.100 
877,-0.100 
877,-0.100 
877,-0.100 
877,-0.100 
877,-0.100 
877,-5.000 
878,-0.100 
878,-0.100 
878,-0.100 
878,-0.100 
878,-0.100 
878,-0.100 
878,-0.100 
878,-0.100 
878,-0.100 
878,-5.000 
879,-0.100 
879,-0.100 
879,-0.100 
879,-0.100 
879,-0.100 
879,-0.100 
879,-0.100 
879,-0.100 
879,-0.100 
879,-5.000 
880,-0.100 
880,-0.100 
880,-0.100 
880,-0.100 
880,-0.100 
880,-0.100 
880,-0.100 
880,-0.100 
880,-0.100 
880,-5.000 
881,-0.100 
881,-0.100 
881,-0.100 
881,-0.100 
881,-0.100 
881,-0.100 
881,-0.100 
881,-0.100 
881,-0.100 
881,-5.000 
882,-0.100 
882,-0.100 
882,-0.100 
882,-0.100 
882,-0.100 
882,-0.100 
882,-0.100 
882,-0.100 
882,-0.100 
882,-5.000 
883,-0.100 
883,-0.100 
883,-0.100 
883,-0.100 
883,-0.100 
883,-0.100 
883,-0.100 
883,-0.100 
883,-0.100 
883,-5.000 
884,-0.100 
884,-0.100 
884,-0.100 
884,-0.100 
884,-0.100 
884,-0.100 
884,-0.100 
884,-0.100 
884,-0.100 
884,-5.000 
885,-0.100 
885,-0.100 
885,-0.100 
885,-0.100 
885,-0.100 
885,-0.100 
885,-0.100 
885,-0.100 
885,-0.100 
885,-5.000 
886,-0.100 
886,-0.100 
886,-0.100 
886,-0.100 
886,-0.100 
886,-0.100 
886,-0.100 
886,-0.100 
886,-0.100 
886,-5.000 
887,-0.100 
887,-0.100 
887,-0.100 
887,-0.100 
887,-0.100 
887,-0.100 
887,-0.100 
887,-0.100 
887,-0.100 
887,-5.000 
888,-0.100 
888,-0.100 
888,-0.100 
888,-0.100 
888,-0.100 
888,-0.100 
888,-0.100 
888,-0.100 
888,-0.100 
888,-5.000 
889,-0.100 
889,-0.100 
889,-0.100 
889,-0.100 
889,-0.100 
889,-0.100 
889,-0.100 
889,-0.100 
889,-0.100 
889,-5.000 
890,-0.100 
890,-0.100 
890,-0.100 
890,-0.100 
890,-0.100 
890,-0.100 
890,-0.100 
890,-0.100 
890,-0.100 
890,-5.000 
891,-0.100 
891,-0.100 
891,-0.100 
891,-0.100 
891,-0.100 
891,-0.100 
891,-0.100 
891,-0.100 
891,-0.100 
891,-5.000 
892,-0.100 
892,-0.100 
892,-0.100 
892,-0.100 
892,-0.100 
892,-0.100 
892,-0.100 
892,-0.100 
892,-0.100 
892,-5.000 
893,-0.100 
893,-0.100 
893,-0.100 
893,-0.100 
893,-0.100 
893,-0.100 
893,-0.100 
893,-0.100 
893,-0.100 
893,-5.000 
894,-0.100 
894,-0.100 
894,-0.100 
894,-0.100 
894,-0.100 
894,-0.100 
894,-0.100 
894,-0.100 
894,-0.100 
894,-5.000 
895,-0.100 
895,-0.100 
895,-0.100 
895,-0.100 
895,-0.100 
895,-0.100 
895,-0.100 
895,-0.100 
895,-0.100 
895,-5.000 
896,-0.100 
896,-0.100 
896,-0.100 
896,-0.100 
896,-0.100 
896,-0.100 
896,-0.100 
896,-0.100 
896,-0.100 
896,-5.000 
897,-0.100 
897,-0.100 
897,-0.100 
897,-0.100 
897,-0.100 
897,-0.100 
897,-0.100 
897,-0.100 
897,-0.100 
897,-5.000 
898,-0.100 
898,-0.100 
898,-0.100 
898,-0.100 
898,-0.100 
898,-0.100 
898,-0.100 
898,-0.100 
898,-0.100 
898,-5.000 
899,-0.100 
899,-0.100 
899,-0.100 
899,-0.100 
899,-0.100 
899,-0.100 
899,-0.100 
899,-0.100 
899,-0.100 
899,-5.000 
900,-0.100 
900,-0.100 
900,-0.100 
900,-0.100 
900,-0.100 
900,-0.100 
900,-0.100 
900,-0.100 
900,-0.100 
900,-5.000 
901,-0.100 
901,-0.100 
901,-0.100 
901,-0.100 
901,-0.100 
901,-0.100 
901,-0.100 
901,-0.100 
901,-0.100 
901,-5.000 
902,-0.100 
902,-0.100 
902,-0.100 
902,-0.100 
902,-0.100 
902,-0.100 
902,-0.100 
902,-0.100 
902,-0.100 
902,-5.000 
903,-0.100 
903,-0.100 
903,-0.100 
903,-0.100 
903,-0.100 
903,-0.100 
903,-0.100 
903,-0.100 
903,-0.100 
903,-5.000 
904,-0.100 
904,-0.100 
904,-0.100 
904,-0.100 
904,-0.100 
904,-0.100 
904,-0.100 
904,-0.100 
904,-0.100 
904,-5.000 
905,-0.100 
905,-0.100 
905,-0.100 
905,-0.100 
905,-0.100 
905,-0.100 
905,-0.100 
905,-0.100 
905,-0.100 
905,-5.000 
906,-0.100 
906,-0.100 
906,-0.100 
906,-0.100 
906,-0.100 
906,-0.100 
906,-0.100 
906,-0.100 
906,-0.100 
906,-5.000 
907,-0.100 
907,-0.100 
907,-0.100 
907,-0.100 
907,-0.100 
907,-0.100 
907,-0.100 
907,-0.100 
907,-0.100 
907,-5.000 
908,-0.100 
908,-0.100 
908,-0.100 
908,-0.100 
908,-0.100 
908,-0.100 
908,-0.100 
908,-0.100 
908,-0.100 
908,-5.000 
909,-0.100 
909,-0.100 
909,-0.100 
909,-0.100 
909,-0.100 
909,-0.100 
909,-0.100 
909,-0.100 
909,-0.100 
909,-5.000 
910,-0.100 
910,-0.100 
910,-0.100 
910,-0.100 
910,-0.100 
910,-0.100 
910,-0.100 
910,-0.100 
910,-0.100 
910,-5.000 
911,-0.100 
911,-0.100 
911,-0.100 
911,-0.100 
911,-0.100 
911,-0.100 
911,-0.100 
911,-0.100 
911,-0.100 
911,-5.000 
912,-0.100 
912,-0.100 
912,-0.100 
912,-0.100 
912,-0.100 
912,-0.100 
912,-0.100 
912,-0.100 
912,-0.100 
912,-5.000 
913,-0.100 
913,-0.100 
913,-0.100 
913,-0.100 
913,-0.100 
913,-0.100 
913,-0.100 
913,-0.100 
913,-0.100 
913,-5.000 
914,-0.100 
914,-0.100 
914,-0.100 
914,-0.100 
914,-0.100 
914,-0.100 
914,-0.100 
914,-0.100 
914,-0.100 
914,-5.000 
915,-0.100 
915,-0.100 
915,-0.100 
915,-0.100 
915,-0.100 
915,-0.100 
915,-0.100 
915,-0.100 
915,-0.100 
915,-5.000 
916,-0.100 
916,-0.100 
916,-0.100 
916,-0.100 
916,-0.100 
916,-0.100 
916,-0.100 
916,-0.100 
916,-0.100 
916,-5.000 
917,-0.100 
917,-0.100 
917,-0.100 
917,-0.100 
917,-0.100 
917,-0.100 
917,-0.100 
917,-0.100 
917,-0.100 
917,-5.000 
918,-0.100 
918,-0.100 
918,-0.100 
918,-0.100 
918,-0.100 
918,-0.100 
918,-0.100 
918,-0.100 
918,-0.100 
918,-5.000 
919,-0.100 
919,-0.100 
919,-0.100 
919,-0.100 
919,-0.100 
919,-0.100 
919,-0.100 
919,-0.100 
919,-0.100 
919,-5.000 
920,-0.100 
920,-0.100 
920,-0.100 
920,-0.100 
920,-0.100 
920,-0.100 
920,-0.100 
920,-0.100 
920,-0.100 
920,-5.000 
921,-0.100 
921,-0.100 
921,-0.100 
921,-0.100 
921,-0.100 
921,-0.100 
921,-0.100 
921,-0.100 
921,-0.100 
921,-5.000 
922,-0.100 
922,-0.100 
922,-0.100 
922,-0.100 
922,-0.100 
922,-0.100 
922,-0.100 
922,-0.100 
922,-0.100 
922,-5.000 
923,-0.100 
923,-0.100 
923,-0.100 
923,-0.100 
923,-0.100 
923,-0.100 
923,-0.100 
923,-0.100 
923,-0.100 
923,-5.000 
924,-0.100 
924,-0.100 
924,-0.100 
924,-0.100 
924,-0.100 
924,-0.100 
924,-0.100 
924,-0.100 
924,-0.100 
924,-5.000 
925,-0.100 
925,-0.100 
925,-0.100 
925,-0.100 
925,-0.100 
925,-0.100 
925,-0.100 
925,-0.100 
925,-0.100 
925,-5.000 
926,-0.100 
926,-0.100 
926,-0.100 
926,-0.100 
926,-0.100 
926,-0.100 
926,-0.100 
926,-0.100 
926,-0.100 
926,-5.000 
927,-0.100 
927,-0.100 
927,-0.100 
927,-0.100 
927,-0.100 
927,-0.100 
927,-0.100 
927,-0.100 
927,-0.100 
927,-5.000 
928,-0.100 
928,-0.100 
928,-0.100 
928,-0.100 
928,-0.100 
928,-0.100 
928,-0.100 
928,-0.100 
928,-0.100 
928,-5.000 
929,-0.100 
929,-0.100 
929,-0.100 
929,-0.100 
929,-0.100 
929,-0.100 
929,-0.100 
929,-0.100 
929,-0.100 
929,-5.000 
930,-0.100 
930,-0.100 
930,-0.100 
930,-0.100 
930,-0.100 
930,-0.100 
930,-0.100 
930,-0.100 
930,-0.100 
930,-5.000 
931,-0.100 
931,-0.100 
931,-0.100 
931,-0.100 
931,-0.100 
931,-0.100 
931,-0.100 
931,-0.100 
931,-0.100 
931,-5.000 
932,-0.100 
932,-0.100 
932,-0.100 
932,-0.100 
932,-0.100 
932,-0.100 
932,-0.100 
932,-0.100 
932,-0.100 
932,-5.000 
933,-0.100 
933,-0.100 
933,-0.100 
933,-0.100 
933,-0.100 
933,-0.100 
933,-0.100 
933,-0.100 
933,-0.100 
933,-5.000 
934,-0.100 
934,-0.100 
934,-0.100 
934,-0.100 
934,-0.100 
934,-0.100 
934,-0.100 
934,-0.100 
934,-0.100 
934,-5.000 
935,-0.100 
935,-0.100 
935,-0.100 
935,-0.100 
935,-0.100 
935,-0.100 
935,-0.100 
935,-0.100 
935,-0.100 
935,-5.000 
936,-0.100 
936,-0.100 
936,-0.100 
936,-0.100 
936,-0.100 
936,-0.100 
936,-0.100 
936,-0.100 
936,-0.100 
936,-5.000 
937,-0.100 
937,-0.100 
937,-0.100 
937,-0.100 
937,-0.100 
937,-0.100 
937,-0.100 
937,-0.100 
937,-0.100 
937,-5.000 
938,-0.100 
938,-0.100 
938,-0.100 
938,-0.100 
938,-0.100 
938,-0.100 
938,-0.100 
938,-0.100 
938,-0.100 
938,-5.000 
939,-0.100 
939,-0.100 
939,-0.100 
939,-0.100 
939,-0.100 
939,-0.100 
939,-0.100 
939,-0.100 
939,-0.100 
939,-5.000 
940,-0.100 
940,-0.100 
940,-0.100 
940,-0.100 
940,-0.100 
940,-0.100 
940,-0.100 
940,-0.100 
940,-0.100 
940,-5.000 
941,-0.100 
941,-0.100 
941,-0.100 
941,-0.100 
941,-0.100 
941,-0.100 
941,-0.100 
941,-0.100 
941,-0.100 
941,-5.000 
942,-0.100 
942,-0.100 
942,-0.100 
942,-0.100 
942,-0.100 
942,-0.100 
942,-0.100 
942,-0.100 
942,-0.100 
942,-5.000 
943,-0.100 
943,-0.100 
943,-0.100 
943,-0.100 
943,-0.100 
943,-0.100 
943,-0.100 
943,-0.100 
943,-0.100 
943,-5.000 
944,-0.100 
944,-0.100 
944,-0.100 
944,-0.100 
944,-0.100 
944,-0.100 
944,-0.100 
944,-0.100 
944,-0.100 
944,-5.000 
945,-0.100 
945,-0.100 
945,-0.100 
945,-0.100 
945,-0.100 
945,-0.100 
945,-0.100 
945,-0.100 
945,-0.100 
945,-5.000 
946,-0.100 
946,-0.100 
946,-0.100 
946,-0.100 
946,-0.100 
946,-0.100 
946,-0.100 
946,-0.100 
946,-0.100 
946,-5.000 
947,-0.100 
947,-0.100 
947,-0.100 
947,-0.100 
947,-0.100 
947,-0.100 
947,-0.100 
947,-0.100 
947,-0.100 
947,315.710 
948,-0.100 
948,-0.100 
948,-0.100 
948,-0.100 
948,-0.100 
948,-0.100 
948,-0.100 
948,-0.100 
948,-0.100 
948,-5.000 
949,-0.100 
949,-0.100 
949,-0.100 
949,-0.100 
949,-0.100 
949,-0.100 
949,-0.100 
949,-0.100 
949,-0.100 
949,-5.000 
950,-0.100 
950,-0.100 
950,-0.100 
950,-0.100 
950,-0.100 
950,-0.100 
950,-0.100 
950,-0.100 
950,-5.000 
951,-0.100 
951,-0.100 
951,-0.100 
951,-0.100 
951,-0.100 
951,-0.100 
951,-0.100 
951,-0.100 
951,-0.100 
951,-5.000 
952,-0.100 
952,-0.100 
952,-0.100 
952,-0.100 
952,-0.100 
952,-0.100 
952,-0.100 
952,-0.100 
952,-0.100 
952,-5.000 
953,-0.100 
953,-0.100 
953,-0.100 
953,-0.100 
953,-0.100 
953,-0.100 
953,-0.100 
953,-0.100 
953,-0.100 
953,-5.000 
954,-0.100 
954,-0.100 
954,-0.100 
954,-0.100 
954,-0.100 
954,-0.100 
954,-0.100 
954,-0.100 
954,-0.100 
954,-5.000 
955,-0.100 
955,-0.100 
955,-0.100 
955,-0.100 
955,-0.100 
955,-0.100 
955,-0.100 
955,-0.100 
955,-0.100 
955,-5.000 
956,-0.100 
956,-0.100 
956,-0.100 
956,-0.100 
956,-0.100 
956,-0.100 
956,-0.100 
956,-0.100 
956,-0.100 
956,-5.000 
957,-0.100 
957,-0.100 
957,-0.100 
957,-0.100 
957,-0.100 
957,-0.100 
957,-0.100 
957,-0.100 
957,-0.100 
957,-5.000 
958,-0.100 
958,-0.100 
958,-0.100 
958,-0.100 
958,-0.100 
958,-0.100 
958,-0.100 
958,-0.100 
958,-0.100 
958,-5.000 
959,-0.100 
959,-0.100 
959,-0.100 
959,-0.100 
959,-0.100 
959,-0.100 
959,-0.100 
959,-0.100 
959,-0.100 
959,-5.000 
960,-0.100 
960,-0.100 
960,-0.100 
960,-0.100 
960,-0.100 
960,-0.100 
960,-0.100 
960,-0.100 
960,-0.100 
960,-5.000 
961,-0.100 
961,-0.100 
961,-0.100 
961,-0.100 
961,-0.100 
961,-0.100 
961,-0.100 
961,-0.100 
961,-0.100 
961,-5.000 
962,-0.100 
962,-0.100 
962,-0.100 
962,-0.100 
962,-0.100 
962,-0.100 
962,-0.100 
962,-0.100 
962,-0.100 
962,-5.000 
963,-0.100 
963,-0.100 
963,-0.100 
963,-0.100 
963,-0.100 
963,-0.100 
963,-0.100 
963,-0.100 
963,-0.100 
963,-5.000 
964,-0.100 
964,-0.100 
964,-0.100 
964,-0.100 
964,-0.100 
964,-0.100 
964,-0.100 
964,-0.100 
964,-0.100 
964,-5.000 
965,-0.100 
965,-0.100 
965,-0.100 
965,-0.100 
965,-0.100 
965,-0.100 
965,-0.100 
965,-0.100 
965,-0.100 
965,-5.000 
966,-0.100 
966,-0.100 
966,-0.100 
966,-0.100 
966,-0.100 
966,-0.100 
966,-0.100 
966,-0.100 
966,-0.100 
966,-5.000 
967,-0.100 
967,-0.100 
967,-0.100 
967,-0.100 
967,-0.100 
967,-0.100 
967,-0.100 
967,-0.100 
967,-0.100 
967,-5.000 
968,-0.100 
968,-0.100 
968,-0.100 
968,-0.100 
968,-0.100 
968,-0.100 
968,-0.100 
968,-0.100 
968,-0.100 
968,-5.000 
969,-0.100 
969,-0.100 
969,-0.100 
969,-0.100 
969,-0.100 
969,-0.100 
969,-0.100 
969,-0.100 
969,-0.100 
969,-5.000 
970,-0.100 
970,-0.100 
970,-0.100 
970,-0.100 
970,-0.100 
970,-0.100 
970,-0.100 
970,-0.100 
970,-0.100 
970,-5.000 
971,-0.100 
971,-0.100 
971,-0.100 
971,-0.100 
971,-0.100 
971,-0.100 
971,-0.100 
971,-0.100 
971,-0.100 
971,-5.000 
972,-0.100 
972,-0.100 
972,-0.100 
972,-0.100 
972,-0.100 
972,-0.100 
972,-0.100 
972,-0.100 
972,-0.100 
972,-5.000 
973,-0.100 
973,-0.100 
973,-0.100 
973,-0.100 
973,-0.100 
973,-0.100 
973,-0.100 
973,-0.100 
973,-0.100 
973,-5.000 
974,-0.100 
974,-0.100 
974,-0.100 
974,-0.100 
974,-0.100 
974,-0.100 
974,-0.100 
974,-0.100 
974,-0.100 
974,-5.000 
975,-0.100 
975,-0.100 
975,-0.100 
975,-0.100 
975,-0.100 
975,-0.100 
975,-0.100 
975,-0.100 
975,-0.100 
975,-5.000 
976,-0.100 
976,-0.100 
976,-0.100 
976,-0.100 
976,-0.100 
976,-0.100 
976,-0.100 
976,-0.100 
976,-0.100 
976,-5.000 
977,-0.100 
977,-0.100 
977,-0.100 
977,-0.100 
977,-0.100 
977,-0.100 
977,-0.100 
977,-0.100 
977,-0.100 
977,-5.000 
978,-0.100 
978,-0.100 
978,-0.100 
978,-0.100 
978,-0.100 
978,-0.100 
978,-0.100 
978,-0.100 
978,-0.100 
978,-5.000 
979,-0.100 
979,-0.100 
979,-0.100 
979,-0.100 
979,-0.100 
979,-0.100 
979,-0.100 
979,-0.100 
979,-0.100 
979,-5.000 
980,-0.100 
980,-0.100 
980,-0.100 
980,-0.100 
980,-0.100 
980,-0.100 
980,-0.100 
980,-0.100 
980,-0.100 
980,-5.000 
981,-0.100 
981,-0.100 
981,-0.100 
981,-0.100 
981,-0.100 
981,-0.100 
981,-0.100 
981,-0.100 
981,-0.100 
981,-5.000 
982,-0.100 
982,-0.100 
982,-0.100 
982,-0.100 
982,-0.100 
982,-0.100 
982,-0.100 
982,-0.100 
982,-0.100 
982,-5.000 
983,-0.100 
983,-0.100 
983,-0.100 
983,-0.100 
983,-0.100 
983,-0.100 
983,-0.100 
983,-0.100 
983,-0.100 
983,-5.000 
984,-0.100 
984,-0.100 
984,-0.100 
984,-0.100 
984,-0.100 
984,-0.100 
984,-0.100 
984,-0.100 
984,-0.100 
984,-5.000 
985,-0.100 
985,-0.100 
985,-0.100 
985,-0.100 
985,-0.100 
985,-0.100 
985,-0.100 
985,-0.100 
985,-0.100 
985,-5.000 
986,-0.100 
986,-0.100 
986,-0.100 
986,-0.100 
986,-0.100 
986,-0.100 
986,-0.100 
986,-0.100 
986,-0.100 
986,-5.000 
987,-0.100 
987,-0.100 
987,-0.100 
987,-0.100 
987,-0.100 
987,-0.100 
987,-0.100 
987,-0.100 
987,-0.100 
987,-5.000 
988,-0.100 
988,-0.100 
988,-0.100 
988,-0.100 
988,-0.100 
988,-0.100 
988,-0.100 
988,-0.100 
988,-0.100 
988,-5.000 
989,-0.100 
989,-0.100 
989,-0.100 
989,-0.100 
989,-0.100 
989,-0.100 
989,-0.100 
989,-0.100 
989,-0.100 
989,-5.000 
990,-0.100 
990,-0.100 
990,-0.100 
990,-0.100 
990,-0.100 
990,-0.100 
990,-0.100 
990,-0.100 
990,-0.100 
990,-5.000 
991,-0.100 
991,-0.100 
991,-0.100 
991,-0.100 
991,-0.100 
991,-0.100 
991,-0.100 
991,-0.100 
991,-5.000 
992,-0.100 
992,-0.100 
992,-0.100 
992,-0.100 
992,-0.100 
992,-0.100 
992,-0.100 
992,-0.100 
992,-0.100 
992,-5.000 
993,-0.100 
993,-0.100 
993,-0.100 
993,-0.100 
993,-0.100 
993,-0.100 
993,-0.100 
993,-0.100 
993,-0.100 
993,-5.000 
994,-0.100 
994,-0.100 
994,-0.100 
994,-0.100 
994,-0.100 
994,-0.100 
994,-0.100 
994,-0.100 
994,-0.100 
994,-5.000 
995,-0.100 
995,-0.100 
995,-0.100 
995,-0.100 
995,-0.100 
995,-0.100 
995,-0.100 
995,-0.100 
995,-0.100 
995,-5.000 
996,-0.100 
996,-0.100 
996,-0.100 
996,-0.100 
996,-0.100 
996,-0.100 
996,-0.100 
996,-0.100 
996,-0.100 
996,-5.000 
997,-0.100 
997,-0.100 
997,-0.100 
997,-0.100 
997,-0.100 
997,-0.100 
997,-0.100 
997,-0.100 
997,-0.100 
997,-5.000 
998,-0.100 
998,-0.100 
998,-0.100 
998,-0.100 
998,-0.100 
998,-0.100 
998,-0.100 
998,-0.100 
998,-0.100 
998,-5.000 
999,-0.100 
999,-0.100 
999,-0.100 
999,-0.100 
999,-0.100 
999,-0.100 
999,-0.100 
999,-0.100 
999,-0.100 
999,-5.000 
1000,-0.100 
1000,-0.100 
1000,-0.100 
1000,-0.100 
1000,-0.100 
1000,-0.100 
1000,-0.100 
1000,-0.100 
1000,-0.100 
1000,-5.000 
1001,-0.100 
1001,-0.100 
1001,-0.100 
1001,-0.100 
1001,-0.100 
1001,-0.100 
1001,-0.100 
1001,-0.100 
1001,-0.100 
1001,-5.000 
1002,-0.100 
1002,-0.100 
1002,-0.100 
1002,-0.100 
1002,-0.100 
1002,-0.100 
1002,-0.100 
1002,-0.100 
1002,-0.100 
1002,-5.000 
1003,-0.100 
1003,-0.100 
1003,-0.100 
1003,-0.100 
1003,-0.100 
1003,-0.100 
1003,-0.100 
1003,-0.100 
1003,-0.100 
1003,-5.000 
1004,-0.100 
1004,-0.100 
1004,-0.100 
1004,-0.100 
1004,-0.100 
1004,-0.100 
1004,-0.100 
1004,-0.100 
1004,-0.100 
1004,-5.000 
1005,-0.100 
1005,-0.100 
1005,-0.100 
1005,-0.100 
1005,-0.100 
1005,-0.100 
1005,-0.100 
1005,-0.100 
1005,-0.100 
1005,-5.000 
1006,-0.100 
1006,-0.100 
1006,-0.100 
1006,-0.100 
1006,-0.100 
1006,-0.100 
1006,-0.100 
1006,-0.100 
1006,-0.100 
1006,-5.000 
1007,-0.100 
1007,-0.100 
1007,-0.100 
1007,-0.100 
1007,-0.100 
1007,-0.100 
1007,-0.100 
1007,-0.100 
1007,-0.100 
1007,-5.000 
1008,-0.100 
1008,-0.100 
1008,-0.100 
1008,-0.100 
1008,-0.100 
1008,-0.100 
1008,-0.100 
1008,-0.100 
1008,-0.100 
1008,-5.000 
1009,-0.100 
1009,-0.100 
1009,-0.100 
1009,-0.100 
1009,-0.100 
1009,-0.100 
1009,-0.100 
1009,-0.100 
1009,-0.100 
1009,-5.000 
1010,-0.100 
1010,-0.100 
1010,-0.100 
1010,-0.100 
1010,-0.100 
1010,-0.100 
1010,-0.100 
1010,-0.100 
1010,-0.100 
1010,-5.000 
1011,-0.100 
1011,-0.100 
1011,-0.100 
1011,-0.100 
1011,-0.100 
1011,-0.100 
1011,-0.100 
1011,-0.100 
1011,-0.100 
1011,-5.000 
1012,-0.100 
1012,-0.100 
1012,-0.100 
1012,-0.100 
1012,-0.100 
1012,-0.100 
1012,-0.100 
1012,-0.100 
1012,-0.100 
1012,-5.000 
1013,-0.100 
1013,-0.100 
1013,-0.100 
1013,-0.100 
1013,-0.100 
1013,-0.100 
1013,-0.100 
1013,-0.100 
1013,-0.100 
1013,-5.000 
1014,-0.100 
1014,-0.100 
1014,-0.100 
1014,-0.100 
1014,-0.100 
1014,-0.100 
1014,-0.100 
1014,-0.100 
1014,-0.100 
1014,-5.000 
1015,-0.100 
1015,-0.100 
1015,-0.100 
1015,-0.100 
1015,-0.100 
1015,-0.100 
1015,-0.100 
1015,-0.100 
1015,-0.100 
1015,-5.000 
1016,-0.100 
1016,-0.100 
1016,-0.100 
1016,-0.100 
1016,-0.100 
1016,-0.100 
1016,-0.100 
1016,-0.100 
1016,-0.100 
1016,-5.000 
1017,-0.100 
1017,-0.100 
1017,-0.100 
1017,-0.100 
1017,-0.100 
1017,-0.100 
1017,-0.100 
1017,-0.100 
1017,-0.100 
1017,-5.000 
1018,-0.100 
1018,-0.100 
1018,-0.100 
1018,-0.100 
1018,-0.100 
1018,-0.100 
1018,-0.100 
1018,-0.100 
1018,-0.100 
1018,-5.000 
1019,-0.100 
1019,-0.100 
1019,-0.100 
1019,-0.100 
1019,-0.100 
1019,-0.100 
1019,-0.100 
1019,-0.100 
1019,-0.100 
1019,-5.000 
1020,-0.100 
1020,-0.100 
1020,-0.100 
1020,-0.100 
1020,-0.100 
1020,-0.100 
1020,-0.100 
1020,-0.100 
1020,-0.100 
1020,-5.000 
1021,-0.100 
1021,-0.100 
1021,-0.100 
1021,-0.100 
1021,-0.100 
1021,-0.100 
1021,-0.100 
1021,-0.100 
1021,-0.100 
1021,-5.000 
1022,-0.100 
1022,-0.100 
1022,-0.100 
1022,-0.100 
1022,-0.100 
1022,-0.100 
1022,-0.100 
1022,-0.100 
1022,-0.100 
1022,-5.000 
1023,-0.100 
1023,-0.100 
1023,-0.100 
1023,-0.100 
1023,-0.100 
1023,-0.100 
1023,-0.100 
1023,-0.100 
1023,-0.100 
1023,-5.000 
1024,-0.100 
1024,-0.100 
1024,-0.100 
1024,-0.100 
1024,-0.100 
1024,-0.100 
1024,-0.100 
1024,-0.100 
1024,-0.100 
1024,-5.000 
1025,-0.100 
1025,-0.100 
1025,-0.100 
1025,-0.100 
1025,-0.100 
1025,-0.100 
1025,-0.100 
1025,-0.100 
1025,-0.100 
1025,-5.000 
1026,-0.100 
1026,-0.100 
1026,-0.100 
1026,-0.100 
1026,-0.100 
1026,-0.100 
1026,-0.100 
1026,-0.100 
1026,-0.100 
1026,-5.000 
1027,-0.100 
1027,-0.100 
1027,-0.100 
1027,-0.100 
1027,-0.100 
1027,-0.100 
1027,-0.100 
1027,-0.100 
1027,-0.100 
1027,-5.000 
1028,-0.100 
1028,-0.100 
1028,-0.100 
1028,-0.100 
1028,-0.100 
1028,-0.100 
1028,-0.100 
1028,-0.100 
1028,-0.100 
1028,-5.000 
1029,-0.100 
1029,-0.100 
1029,-0.100 
1029,-0.100 
1029,-0.100 
1029,-0.100 
1029,-0.100 
1029,-0.100 
1029,-0.100 
1029,-5.000 
1030,-0.100 
1030,-0.100 
1030,-0.100 
1030,-0.100 
1030,-0.100 
1030,-0.100 
1030,-0.100 
1030,-0.100 
1030,-0.100 
1030,-5.000 
1031,-0.100 
1031,-0.100 
1031,-0.100 
1031,-0.100 
1031,-0.100 
1031,-0.100 
1031,-0.100 
1031,-0.100 
1031,-0.100 
1031,-5.000 
1032,-0.100 
1032,-0.100 
1032,-0.100 
1032,-0.100 
1032,-0.100 
1032,-0.100 
1032,-0.100 
1032,-0.100 
1032,-0.100 
1032,-5.000 
1033,-0.100 
1033,-0.100 
1033,-0.100 
1033,-0.100 
1033,-0.100 
1033,-0.100 
1033,-0.100 
1033,-0.100 
1033,-0.100 
1033,-5.000 
1034,-0.100 
1034,-0.100 
1034,-0.100 
1034,-0.100 
1034,-0.100 
1034,-0.100 
1034,-0.100 
1034,-0.100 
1034,-0.100 
1034,-5.000 
1035,-0.100 
1035,-0.100 
1035,-0.100 
1035,-0.100 
1035,-0.100 
1035,-0.100 
1035,-0.100 
1035,-0.100 
1035,-0.100 
1035,-5.000 
1036,-0.100 
1036,-0.100 
1036,-0.100 
1036,-0.100 
1036,-0.100 
1036,-0.100 
1036,-0.100 
1036,-0.100 
1036,-0.100 
1036,-5.000 
1037,-0.100 
1037,-0.100 
1037,-0.100 
1037,-0.100 
1037,-0.100 
1037,-0.100 
1037,-0.100 
1037,-0.100 
1037,-0.100 
1037,-5.000 
1038,-0.100 
1038,-0.100 
1038,-0.100 
1038,-0.100 
1038,-0.100 
1038,-0.100 
1038,-0.100 
1038,-0.100 
1038,-0.100 
1038,-5.000 
1039,-0.100 
1039,-0.100 
1039,-0.100 
1039,-0.100 
1039,-0.100 
1039,-0.100 
1039,-0.100 
1039,-0.100 
1039,-0.100 
1039,-5.000 
1040,-0.100 
1040,-0.100 
1040,-0.100 
1040,-0.100 
1040,-0.100 
1040,-0.100 
1040,-0.100 
1040,-0.100 
1040,-0.100 
1040,-5.000 
1041,-0.100 
1041,-0.100 
1041,-0.100 
1041,-0.100 
1041,-0.100 
1041,-0.100 
1041,-0.100 
1041,-0.100 
1041,-0.100 
1041,-5.000 
1042,-0.100 
1042,-0.100 
1042,-0.100 
1042,-0.100 
1042,-0.100 
1042,-0.100 
1042,-0.100 
1042,-0.100 
1042,-0.100 
1042,-5.000 
1043,-0.100 
1043,-0.100 
1043,-0.100 
1043,-0.100 
1043,-0.100 
1043,-0.100 
1043,-0.100 
1043,-0.100 
1043,-0.100 
1043,-5.000 
1044,-0.100 
1044,-0.100 
1044,-0.100 
1044,-0.100 
1044,-0.100 
1044,-0.100 
1044,-0.100 
1044,-0.100 
1044,-0.100 
1044,-5.000 
1045,-0.100 
1045,-0.100 
1045,-0.100 
1045,-0.100 
1045,-0.100 
1045,-0.100 
1045,-0.100 
1045,-0.100 
1045,-0.100 
1045,-5.000 
1046,-0.100 
1046,-0.100 
1046,-0.100 
1046,-0.100 
1046,-0.100 
1046,-0.100 
1046,-0.100 
1046,-0.100 
1046,-0.100 
1046,-5.000 
1047,-0.100 
1047,-0.100 
1047,-0.100 
1047,-0.100 
1047,-0.100 
1047,-0.100 
1047,-0.100 
1047,-0.100 
1047,-0.100 
1047,-5.000 
1048,-0.100 
1048,-0.100 
1048,-0.100 
1048,-0.100 
1048,-0.100 
1048,-0.100 
1048,-0.100 
1048,-0.100 
1048,-0.100 
1048,-5.000 
1049,-0.100 
1049,-0.100 
1049,-0.100 
1049,-0.100 
1049,-0.100 
1049,-0.100 
1049,-0.100 
1049,-0.100 
1049,-0.100 
1049,-5.000 
1050,-0.100 
1050,-0.100 
1050,-0.100 
1050,-0.100 
1050,-0.100 
1050,-0.100 
1050,-0.100 
1050,-0.100 
1050,-0.100 
1050,-5.000 
1051,-0.100 
1051,-0.100 
1051,-0.100 
1051,-0.100 
1051,-0.100 
1051,-0.100 
1051,-0.100 
1051,-0.100 
1051,-0.100 
1051,-5.000 
1052,-0.100 
1052,-0.100 
1052,-0.100 
1052,-0.100 
1052,-0.100 
1052,-0.100 
1052,-0.100 
1052,-0.100 
1052,-0.100 
1052,-5.000 
1053,-0.100 
1053,-0.100 
1053,-0.100 
1053,-0.100 
1053,-0.100 
1053,-0.100 
1053,-0.100 
1053,-0.100 
1053,-0.100 
1053,-5.000 
1054,-0.100 
1054,-0.100 
1054,-0.100 
1054,-0.100 
1054,-0.100 
1054,-0.100 
1054,-0.100 
1054,-0.100 
1054,-0.100 
1054,-5.000 
1055,-0.100 
1055,-0.100 
1055,-0.100 
1055,-0.100 
1055,-0.100 
1055,-0.100 
1055,-0.100 
1055,-0.100 
1055,-0.100 
1055,-5.000 
1056,-0.100 
1056,-0.100 
1056,-0.100 
1056,-0.100 
1056,-0.100 
1056,-0.100 
1056,-0.100 
1056,-0.100 
1056,-0.100 
1056,-5.000 
1057,-0.100 
1057,-0.100 
1057,-0.100 
1057,-0.100 
1057,-0.100 
1057,-0.100 
1057,-0.100 
1057,-0.100 
1057,-0.100 
1057,-5.000 
1058,-0.100 
1058,-0.100 
1058,-0.100 
1058,-0.100 
1058,-0.100 
1058,-0.100 
1058,-0.100 
1058,-0.100 
1058,-0.100 
1058,-5.000 
1059,-0.100 
1059,-0.100 
1059,-0.100 
1059,-0.100 
1059,-0.100 
1059,-0.100 
1059,-0.100 
1059,-0.100 
1059,-0.100 
1059,-5.000 
1060,-0.100 
1060,-0.100 
1060,-0.100 
1060,-0.100 
1060,-0.100 
1060,-0.100 
1060,-0.100 
1060,-0.100 
1060,-5.000 
1061,-0.100 
1061,-0.100 
1061,-0.100 
1061,-0.100 
1061,-0.100 
1061,-0.100 
1061,-0.100 
1061,-0.100 
1061,-0.100 
1061,-5.000 
1062,-0.100 
1062,-0.100 
1062,-0.100 
1062,-0.100 
1062,-0.100 
1062,-0.100 
1062,-0.100 
1062,-0.100 
1062,-0.100 
1062,-5.000 
1063,-0.100 
1063,-0.100 
1063,-0.100 
1063,-0.100 
1063,-0.100 
1063,-0.100 
1063,-0.100 
1063,-0.100 
1063,-0.100 
1063,-5.000 
1064,-0.100 
1064,-0.100 
1064,-0.100 
1064,-0.100 
1064,-0.100 
1064,-0.100 
1064,-0.100 
1064,-0.100 
1064,-0.100 
1064,-5.000 
1065,-0.100 
1065,-0.100 
1065,-0.100 
1065,-0.100 
1065,-0.100 
1065,-0.100 
1065,-0.100 
1065,-0.100 
1065,-0.100 
1065,-5.000 
1066,-0.100 
1066,-0.100 
1066,-0.100 
1066,-0.100 
1066,-0.100 
1066,-0.100 
1066,-0.100 
1066,-0.100 
1066,-0.100 
1066,-5.000 
1067,-0.100 
1067,-0.100 
1067,-0.100 
1067,-0.100 
1067,-0.100 
1067,-0.100 
1067,-0.100 
1067,-0.100 
1067,-0.100 
1067,-5.000 
1068,-0.100 
1068,-0.100 
1068,-0.100 
1068,-0.100 
1068,-0.100 
1068,-0.100 
1068,-0.100 
1068,-0.100 
1068,-0.100 
1068,-5.000 
1069,-0.100 
1069,-0.100 
1069,-0.100 
1069,-0.100 
1069,-0.100 
1069,-0.100 
1069,-0.100 
1069,-0.100 
1069,-0.100 
1069,-5.000 
1070,-0.100 
1070,-0.100 
1070,-0.100 
1070,-0.100 
1070,-0.100 
1070,-0.100 
1070,-0.100 
1070,-0.100 
1070,-0.100 
1070,-5.000 
1071,-0.100 
1071,-0.100 
1071,-0.100 
1071,-0.100 
1071,-0.100 
1071,-0.100 
1071,-0.100 
1071,-0.100 
1071,-0.100 
1071,-5.000 
1072,-0.100 
1072,-0.100 
1072,-0.100 
1072,-0.100 
1072,-0.100 
1072,-0.100 
1072,-0.100 
1072,-0.100 
1072,-0.100 
1072,-5.000 
1073,-0.100 
1073,-0.100 
1073,-0.100 
1073,-0.100 
1073,-0.100 
1073,-0.100 
1073,-0.100 
1073,-0.100 
1073,-0.100 
1073,-5.000 
1074,-0.100 
1074,-0.100 
1074,-0.100 
1074,-0.100 
1074,-0.100 
1074,-0.100 
1074,-0.100 
1074,-0.100 
1074,-0.100 
1074,-5.000 
1075,-0.100 
1075,-0.100 
1075,-0.100 
1075,-0.100 
1075,-0.100 
1075,-0.100 
1075,-0.100 
1075,-0.100 
1075,-0.100 
1075,-5.000 
1076,-0.100 
1076,-0.100 
1076,-0.100 
1076,-0.100 
1076,-0.100 
1076,-0.100 
1076,-0.100 
1076,-0.100 
1076,-0.100 
1076,-5.000 
1077,-0.100 
1077,-0.100 
1077,-0.100 
1077,-0.100 
1077,-0.100 
1077,-0.100 
1077,-0.100 
1077,-0.100 
1077,-0.100 
1077,-5.000 
1078,-0.100 
1078,-0.100 
1078,-0.100 
1078,-0.100 
1078,-0.100 
1078,-0.100 
1078,-0.100 
1078,-0.100 
1078,-0.100 
1078,-5.000 
1079,-0.100 
1079,-0.100 
1079,-0.100 
1079,-0.100 
1079,-0.100 
1079,-0.100 
1079,-0.100 
1079,-0.100 
1079,-0.100 
1079,-5.000 
1080,-0.100 
1080,-0.100 
1080,-0.100 
1080,-0.100 
1080,-0.100 
1080,-0.100 
1080,-0.100 
1080,-0.100 
1080,-0.100 
1080,-5.000 
1081,-0.100 
1081,-0.100 
1081,-0.100 
1081,-0.100 
1081,-0.100 
1081,-0.100 
1081,-0.100 
1081,-0.100 
1081,-0.100 
1081,-5.000 
1082,-0.100 
1082,-0.100 
1082,-0.100 
1082,-0.100 
1082,-0.100 
1082,-0.100 
1082,-0.100 
1082,-0.100 
1082,-0.100 
1082,-5.000 
1083,-0.100 
1083,-0.100 
1083,-0.100 
1083,-0.100 
1083,-0.100 
1083,-0.100 
1083,-0.100 
1083,-0.100 
1083,-0.100 
1083,-5.000 
1084,-0.100 
1084,-0.100 
1084,-0.100 
1084,-0.100 
1084,-0.100 
1084,-0.100 
1084,-0.100 
1084,-0.100 
1084,-0.100 
1084,-5.000 
1085,-0.100 
1085,-0.100 
1085,-0.100 
1085,-0.100 
1085,-0.100 
1085,-0.100 
1085,-0.100 
1085,-0.100 
1085,-0.100 
1085,-5.000 
1086,-0.100 
1086,-0.100 
1086,-0.100 
1086,-0.100 
1086,-0.100 
1086,-0.100 
1086,-0.100 
1086,-0.100 
1086,-0.100 
1086,-5.000 
1087,-0.100 
1087,-0.100 
1087,-0.100 
1087,-0.100 
1087,-0.100 
1087,-0.100 
1087,-0.100 
1087,-0.100 
1087,-0.100 
1087,-5.000 
1088,-0.100 
1088,-0.100 
1088,-0.100 
1088,-0.100 
1088,-0.100 
1088,-0.100 
1088,-0.100 
1088,-0.100 
1088,-0.100 
1088,-5.000 
1089,-0.100 
1089,-0.100 
1089,-0.100 
1089,-0.100 
1089,-0.100 
1089,-0.100 
1089,-0.100 
1089,-0.100 
1089,-0.100 
1089,-5.000 
1090,-0.100 
1090,-0.100 
1090,-0.100 
1090,-0.100 
1090,-0.100 
1090,-0.100 
1090,-0.100 
1090,-0.100 
1090,-0.100 
1090,-5.000 
1091,-0.100 
1091,-0.100 
1091,-0.100 
1091,-0.100 
1091,-0.100 
1091,-0.100 
1091,-0.100 
1091,-0.100 
1091,-0.100 
1091,-5.000 
1092,-0.100 
1092,-0.100 
1092,-0.100 
1092,-0.100 
1092,-0.100 
1092,-0.100 
1092,-0.100 
1092,-0.100 
1092,-0.100 
1092,-5.000 
1093,-0.100 
1093,-0.100 
1093,-0.100 
1093,-0.100 
1093,-0.100 
1093,-0.100 
1093,-0.100 
1093,-0.100 
1093,-0.100 
1093,-5.000 
1094,-0.100 
1094,-0.100 
1094,-0.100 
1094,-0.100 
1094,-0.100 
1094,-0.100 
1094,-0.100 
1094,-0.100 
1094,-0.100 
1094,-5.000 
1095,-0.100 
1095,-0.100 
1095,-0.100 
1095,-0.100 
1095,-0.100 
1095,-0.100 
1095,-0.100 
1095,-0.100 
1095,-0.100 
1095,-5.000 
1096,-0.100 
1096,-0.100 
1096,-0.100 
1096,-0.100 
1096,-0.100 
1096,-0.100 
1096,-0.100 
1096,-0.100 
1096,-0.100 
1096,-5.000 
1097,-0.100 
1097,-0.100 
1097,-0.100 
1097,-0.100 
1097,-0.100 
1097,-0.100 
1097,-0.100 
1097,-0.100 
1097,-0.100 
1097,-5.000 
1098,-0.100 
1098,-0.100 
1098,-0.100 
1098,-0.100 
1098,-0.100 
1098,-0.100 
1098,-0.100 
1098,-0.100 
1098,-0.100 
1098,-5.000 
1099,-0.100 
1099,-0.100 
1099,-0.100 
1099,-0.100 
1099,-0.100 
1099,-0.100 
1099,-0.100 
1099,-0.100 
1099,-0.100 
1099,-5.000 
1100,-0.100 
1100,-0.100 
1100,-0.100 
1100,-0.100 
1100,-0.100 
1100,-0.100 
1100,-0.100 
1100,-0.100 
1100,-0.100 
1100,-5.000 
1101,-0.100 
1101,-0.100 
1101,-0.100 
1101,-0.100 
1101,-0.100 
1101,-0.100 
1101,-0.100 
1101,-0.100 
1101,-0.100 
1101,-5.000 
1102,-0.100 
1102,-0.100 
1102,-0.100 
1102,-0.100 
1102,-0.100 
1102,-0.100 
1102,-0.100 
1102,-0.100 
1102,-0.100 
1102,-5.000 
1103,-0.100 
1103,-0.100 
1103,-0.100 
1103,-0.100 
1103,-0.100 
1103,-0.100 
1103,-0.100 
1103,-0.100 
1103,-0.100 
1103,-5.000 
1104,-0.100 
1104,-0.100 
1104,-0.100 
1104,-0.100 
1104,-0.100 
1104,-0.100 
1104,-0.100 
1104,-0.100 
1104,-0.100 
1104,-5.000 
1105,-0.100 
1105,-0.100 
1105,-0.100 
1105,-0.100 
1105,-0.100 
1105,-0.100 
1105,-0.100 
1105,-0.100 
1105,-0.100 
1105,-5.000 
1106,-0.100 
1106,-0.100 
1106,-0.100 
1106,-0.100 
1106,-0.100 
1106,-0.100 
1106,-0.100 
1106,-0.100 
1106,-0.100 
1106,-5.000 
1107,-0.100 
1107,-0.100 
1107,-0.100 
1107,-0.100 
1107,-0.100 
1107,-0.100 
1107,-0.100 
1107,-0.100 
1107,-0.100 
1107,-5.000 
1108,-0.100 
1108,-0.100 
1108,-0.100 
1108,-0.100 
1108,-0.100 
1108,-0.100 
1108,-0.100 
1108,-0.100 
1108,-0.100 
1108,-5.000 
1109,-0.100 
1109,-0.100 
1109,-0.100 
1109,-0.100 
1109,-0.100 
1109,-0.100 
1109,-0.100 
1109,-0.100 
1109,-0.100 
1109,-5.000 
1110,-0.100 
1110,-0.100 
1110,-0.100 
1110,-0.100 
1110,-0.100 
1110,-0.100 
1110,-0.100 
1110,-0.100 
1110,-0.100 
1110,-5.000 
1111,-0.100 
1111,-0.100 
1111,-0.100 
1111,-0.100 
1111,-0.100 
1111,-0.100 
1111,-0.100 
1111,-0.100 
1111,-0.100 
1111,-5.000 
1112,-0.100 
1112,-0.100 
1112,-0.100 
1112,-0.100 
1112,-0.100 
1112,-0.100 
1112,-0.100 
1112,-0.100 
1112,-0.100 
1112,-5.000 
1113,-0.100 
1113,-0.100 
1113,-0.100 
1113,-0.100 
1113,-0.100 
1113,-0.100 
1113,-0.100 
1113,-0.100 
1113,-0.100 
1113,-5.000 
1114,-0.100 
1114,-0.100 
1114,-0.100 
1114,-0.100 
1114,-0.100 
1114,-0.100 
1114,-0.100 
1114,-0.100 
1114,-0.100 
1114,-5.000 
1115,-0.100 
1115,-0.100 
1115,-0.100 
1115,-0.100 
1115,-0.100 
1115,-0.100 
1115,-0.100 
1115,-0.100 
1115,-0.100 
1115,-5.000 
1116,-0.100 
1116,-0.100 
1116,-0.100 
1116,-0.100 
1116,-0.100 
1116,-0.100 
1116,-0.100 
1116,-0.100 
1116,-0.100 
1116,-5.000 
1117,-0.100 
1117,-0.100 
1117,-0.100 
1117,-0.100 
1117,-0.100 
1117,-0.100 
1117,-0.100 
1117,-0.100 
1117,-0.100 
1117,-5.000 
1118,-0.100 
1118,-0.100 
1118,-0.100 
1118,-0.100 
1118,-0.100 
1118,-0.100 
1118,-0.100 
1118,-0.100 
1118,-0.100 
1118,-5.000 
1119,-0.100 
1119,-0.100 
1119,-0.100 
1119,-0.100 
1119,-0.100 
1119,-0.100 
1119,-0.100 
1119,-0.100 
1119,-0.100 
1119,-5.000 
1120,-0.100 
1120,-0.100 
1120,-0.100 
1120,-0.100 
1120,-0.100 
1120,-0.100 
1120,-0.100 
1120,-0.100 
1120,-0.100 
1120,-5.000 
1121,-0.100 
1121,-0.100 
1121,-0.100 
1121,-0.100 
1121,-0.100 
1121,-0.100 
1121,-0.100 
1121,-0.100 
1121,-0.100 
1121,-5.000 
1122,-0.100 
1122,-0.100 
1122,-0.100 
1122,-0.100 
1122,-0.100 
1122,-0.100 
1122,-0.100 
1122,-0.100 
1122,-0.100 
1122,-5.000 
1123,-0.100 
1123,-0.100 
1123,-0.100 
1123,-0.100 
1123,-0.100 
1123,-0.100 
1123,-0.100 
1123,-0.100 
1123,-0.100 
1123,-5.000 
1124,-0.100 
1124,-0.100 
1124,-0.100 
1124,-0.100 
1124,-0.100 
1124,-0.100 
1124,-0.100 
1124,-0.100 
1124,-0.100 
1124,-5.000 
1125,-0.100 
1125,-0.100 
1125,-0.100 
1125,-0.100 
1125,-0.100 
1125,-0.100 
1125,-0.100 
1125,-0.100 
1125,-0.100 
1125,-5.000 
1126,-0.100 
1126,-0.100 
1126,-0.100 
1126,-0.100 
1126,-0.100 
1126,-0.100 
1126,-0.100 
1126,-0.100 
1126,-0.100 
1126,-5.000 
1127,-0.100 
1127,-0.100 
1127,-0.100 
1127,-0.100 
1127,-0.100 
1127,-0.100 
1127,-0.100 
1127,-0.100 
1127,-0.100 
1127,-5.000 
1128,-0.100 
1128,-0.100 
1128,-0.100 
1128,-0.100 
1128,-0.100 
1128,-0.100 
1128,-0.100 
1128,-0.100 
1128,-0.100 
1128,-5.000 
1129,-0.100 
1129,-0.100 
1129,-0.100 
1129,-0.100 
1129,-0.100 
1129,-0.100 
1129,-0.100 
1129,-0.100 
1129,-0.100 
1129,-5.000 
1130,-0.100 
1130,-0.100 
1130,-0.100 
1130,-0.100 
1130,-0.100 
1130,-0.100 
1130,-0.100 
1130,-0.100 
1130,-0.100 
1130,-5.000 
1131,-0.100 
1131,-0.100 
1131,-0.100 
1131,-0.100 
1131,-0.100 
1131,-0.100 
1131,-0.100 
1131,-0.100 
1131,-5.000 
1132,-0.100 
1132,-0.100 
1132,-0.100 
1132,-0.100 
1132,-0.100 
1132,-0.100 
1132,-0.100 
1132,-0.100 
1132,-0.100 
1132,-5.000 
1133,-0.100 
1133,-0.100 
1133,-0.100 
1133,-0.100 
1133,-0.100 
1133,-0.100 
1133,-0.100 
1133,-0.100 
1133,-0.100 
1133,-5.000 
1134,-0.100 
1134,-0.100 
1134,-0.100 
1134,-0.100 
1134,-0.100 
1134,-0.100 
1134,-0.100 
1134,-0.100 
1134,-0.100 
1134,-5.000 
1135,-0.100 
1135,-0.100 
1135,-0.100 
1135,-0.100 
1135,-0.100 
1135,-0.100 
1135,-0.100 
1135,-0.100 
1135,-0.100 
1135,-5.000 
1136,-0.100 
1136,-0.100 
1136,-0.100 
1136,-0.100 
1136,-0.100 
1136,-0.100 
1136,-0.100 
1136,-0.100 
1136,-0.100 
1136,-5.000 
1137,-0.100 
1137,-0.100 
1137,-0.100 
1137,-0.100 
1137,-0.100 
1137,-0.100 
1137,-0.100 
1137,-0.100 
1137,-0.100 
1137,-5.000 
1138,-0.100 
1138,-0.100 
1138,-0.100 
1138,-0.100 
1138,-0.100 
1138,-0.100 
1138,-0.100 
1138,-0.100 
1138,-0.100 
1138,-5.000 
1139,-0.100 
1139,-0.100 
1139,-0.100 
1139,-0.100 
1139,-0.100 
1139,-0.100 
1139,-0.100 
1139,-0.100 
1139,-0.100 
1139,-5.000 
1140,-0.100 
1140,-0.100 
1140,-0.100 
1140,-0.100 
1140,-0.100 
1140,-0.100 
1140,-0.100 
1140,-0.100 
1140,-0.100 
1140,-5.000 
1141,-0.100 
1141,-0.100 
1141,-0.100 
1141,-0.100 
1141,-0.100 
1141,-0.100 
1141,-0.100 
1141,-0.100 
1141,-0.100 
1141,-5.000 
1142,-0.100 
1142,-0.100 
1142,-0.100 
1142,-0.100 
1142,-0.100 
1142,-0.100 
1142,-0.100 
1142,-0.100 
1142,-0.100 
1142,-5.000 
1143,-0.100 
1143,-0.100 
1143,-0.100 
1143,-0.100 
1143,-0.100 
1143,-0.100 
1143,-0.100 
1143,-0.100 
1143,-0.100 
1143,-5.000 
1144,-0.100 
1144,-0.100 
1144,-0.100 
1144,-0.100 
1144,-0.100 
1144,-0.100 
1144,-0.100 
1144,-0.100 
1144,-0.100 
1144,-5.000 
1145,-0.100 
1145,-0.100 
1145,-0.100 
1145,-0.100 
1145,-0.100 
1145,-0.100 
1145,-0.100 
1145,-0.100 
1145,-0.100 
1145,-5.000 
1146,-0.100 
1146,-0.100 
1146,-0.100 
1146,-0.100 
1146,-0.100 
1146,-0.100 
1146,-0.100 
1146,-0.100 
1146,-0.100 
1146,-5.000 
1147,-0.100 
1147,-0.100 
1147,-0.100 
1147,-0.100 
1147,-0.100 
1147,-0.100 
1147,-0.100 
1147,-0.100 
1147,-0.100 
1147,-5.000 
1148,-0.100 
1148,-0.100 
1148,-0.100 
1148,-0.100 
1148,-0.100 
1148,-0.100 
1148,-0.100 
1148,-0.100 
1148,-0.100 
1148,-5.000 
1149,-0.100 
1149,-0.100 
1149,-0.100 
1149,-0.100 
1149,-0.100 
1149,-0.100 
1149,-0.100 
1149,-0.100 
1149,-5.000 
1150,-0.100 
1150,-0.100 
1150,-0.100 
1150,-0.100 
1150,-0.100 
1150,-0.100 
1150,-0.100 
1150,-0.100 
1150,-0.100 
1150,-5.000 
1151,-0.100 
1151,-0.100 
1151,-0.100 
1151,-0.100 
1151,-0.100 
1151,-0.100 
1151,-0.100 
1151,-0.100 
1151,-0.100 
1151,-5.000 
1152,-0.100 
1152,-0.100 
1152,-0.100 
1152,-0.100 
1152,-0.100 
1152,-0.100 
1152,-0.100 
1152,-0.100 
1152,-0.100 
1152,-5.000 
1153,-0.100 
1153,-0.100 
1153,-0.100 
1153,-0.100 
1153,-0.100 
1153,-0.100 
1153,-0.100 
1153,-0.100 
1153,-0.100 
1153,-5.000 
1154,-0.100 
1154,-0.100 
1154,-0.100 
1154,-0.100 
1154,-0.100 
1154,-0.100 
1154,-0.100 
1154,-0.100 
1154,-0.100 
1154,-5.000 
1155,-0.100 
1155,-0.100 
1155,-0.100 
1155,-0.100 
1155,-0.100 
1155,-0.100 
1155,-0.100 
1155,-0.100 
1155,-0.100 
1155,-5.000 
1156,-0.100 
1156,-0.100 
1156,-0.100 
1156,-0.100 
1156,-0.100 
1156,-0.100 
1156,-0.100 
1156,-0.100 
1156,-0.100 
1156,-5.000 
1157,-0.100 
1157,-0.100 
1157,-0.100 
1157,-0.100 
1157,-0.100 
1157,-0.100 
1157,-0.100 
1157,-0.100 
1157,-0.100 
1157,-5.000 
1158,-0.100 
1158,-0.100 
1158,-0.100 
1158,-0.100 
1158,-0.100 
1158,-0.100 
1158,-0.100 
1158,-0.100 
1158,-0.100 
1158,-5.000 
1159,-0.100 
1159,-0.100 
1159,-0.100 
1159,-0.100 
1159,-0.100 
1159,-0.100 
1159,-0.100 
1159,-0.100 
1159,-0.100 
1159,-5.000 
1160,-0.100 
1160,-0.100 
1160,-0.100 
1160,-0.100 
1160,-0.100 
1160,-0.100 
1160,-0.100 
1160,-0.100 
1160,-0.100 
1160,-5.000 
1161,-0.100 
1161,-0.100 
1161,-0.100 
1161,-0.100 
1161,-0.100 
1161,-0.100 
1161,-0.100 
1161,-0.100 
1161,-0.100 
1161,-5.000 
1162,-0.100 
1162,-0.100 
1162,-0.100 
1162,-0.100 
1162,-0.100 
1162,-0.100 
1162,-0.100 
1162,-0.100 
1162,-0.100 
1162,-5.000 
1163,-0.100 
1163,-0.100 
1163,-0.100 
1163,-0.100 
1163,-0.100 
1163,-0.100 
1163,-0.100 
1163,-0.100 
1163,-0.100 
1163,-5.000 
1164,-0.100 
1164,-0.100 
1164,-0.100 
1164,-0.100 
1164,-0.100 
1164,-0.100 
1164,-0.100 
1164,-0.100 
1164,-0.100 
1164,-5.000 
1165,-0.100 
1165,-0.100 
1165,-0.100 
1165,-0.100 
1165,-0.100 
1165,-0.100 
1165,-0.100 
1165,-0.100 
1165,-0.100 
1165,-5.000 
1166,-0.100 
1166,-0.100 
1166,-0.100 
1166,-0.100 
1166,-0.100 
1166,-0.100 
1166,-0.100 
1166,-0.100 
1166,-0.100 
1166,-5.000 
1167,-0.100 
1167,-0.100 
1167,-0.100 
1167,-0.100 
1167,-0.100 
1167,-0.100 
1167,-0.100 
1167,-0.100 
1167,-0.100 
1167,-5.000 
1168,-0.100 
1168,-0.100 
1168,-0.100 
1168,-0.100 
1168,-0.100 
1168,-0.100 
1168,-0.100 
1168,-0.100 
1168,-0.100 
1168,-5.000 
1169,-0.100 
1169,-0.100 
1169,-0.100 
1169,-0.100 
1169,-0.100 
1169,-0.100 
1169,-0.100 
1169,-0.100 
1169,-0.100 
1169,-5.000 
1170,-0.100 
1170,-0.100 
1170,-0.100 
1170,-0.100 
1170,-0.100 
1170,-0.100 
1170,-0.100 
1170,-0.100 
1170,-0.100 
1170,-5.000 
1171,-0.100 
1171,-0.100 
1171,-0.100 
1171,-0.100 
1171,-0.100 
1171,-0.100 
1171,-0.100 
1171,-0.100 
1171,-0.100 
1171,-5.000 
1172,-0.100 
1172,-0.100 
1172,-0.100 
1172,-0.100 
1172,-0.100 
1172,-0.100 
1172,-0.100 
1172,-0.100 
1172,-0.100 
1172,-5.000 
1173,-0.100 
1173,-0.100 
1173,-0.100 
1173,-0.100 
1173,-0.100 
1173,-0.100 
1173,-0.100 
1173,-0.100 
1173,-0.100 
1173,-5.000 
1174,-0.100 
1174,-0.100 
1174,-0.100 
1174,-0.100 
1174,-0.100 
1174,-0.100 
1174,-0.100 
1174,-0.100 
1174,-0.100 
1174,-5.000 
1175,-0.100 
1175,-0.100 
1175,-0.100 
1175,-0.100 
1175,-0.100 
1175,-0.100 
1175,-0.100 
1175,-0.100 
1175,-0.100 
1175,-5.000 
1176,-0.100 
1176,-0.100 
1176,-0.100 
1176,-0.100 
1176,-0.100 
1176,-0.100 
1176,-0.100 
1176,-0.100 
1176,-0.100 
1176,-5.000 
1177,-0.100 
1177,-0.100 
1177,-0.100 
1177,-0.100 
1177,-0.100 
1177,-0.100 
1177,-0.100 
1177,-0.100 
1177,-0.100 
1177,-5.000 
1178,-0.100 
1178,-0.100 
1178,-0.100 
1178,-0.100 
1178,-0.100 
1178,-0.100 
1178,-0.100 
1178,-0.100 
1178,-0.100 
1178,-5.000 
1179,-0.100 
1179,-0.100 
1179,-0.100 
1179,-0.100 
1179,-0.100 
1179,-0.100 
1179,-0.100 
1179,-0.100 
1179,-0.100 
1179,-5.000 
1180,-0.100 
1180,-0.100 
1180,-0.100 
1180,-0.100 
1180,-0.100 
1180,-0.100 
1180,-0.100 
1180,-0.100 
1180,-0.100 
1180,-5.000 
1181,-0.100 
1181,-0.100 
1181,-0.100 
1181,-0.100 
1181,-0.100 
1181,-0.100 
1181,-0.100 
1181,-0.100 
1181,-0.100 
1181,-5.000 
1182,-0.100 
1182,-0.100 
1182,-0.100 
1182,-0.100 
1182,-0.100 
1182,-0.100 
1182,-0.100 
1182,-0.100 
1182,-0.100 
1182,-5.000 
1183,-0.100 
1183,-0.100 
1183,-0.100 
1183,-0.100 
1183,-0.100 
1183,-0.100 
1183,-0.100 
1183,-0.100 
1183,-0.100 
1183,-5.000 
1184,-0.100 
1184,-0.100 
1184,-0.100 
1184,-0.100 
1184,-0.100 
1184,-0.100 
1184,-0.100 
1184,-0.100 
1184,-0.100 
1184,-5.000 
1185,-0.100 
1185,-0.100 
1185,-0.100 
1185,-0.100 
1185,-0.100 
1185,-0.100 
1185,-0.100 
1185,-0.100 
1185,-0.100 
1185,-5.000 
1186,-0.100 
1186,-0.100 
1186,-0.100 
1186,-0.100 
1186,-0.100 
1186,-0.100 
1186,-0.100 
1186,-0.100 
1186,-0.100 
1186,-5.000 
1187,-0.100 
1187,-0.100 
1187,-0.100 
1187,-0.100 
1187,-0.100 
1187,-0.100 
1187,-0.100 
1187,-0.100 
1187,-0.100 
1187,-5.000 
1188,-0.100 
1188,-0.100 
1188,-0.100 
1188,-0.100 
1188,-0.100 
1188,-0.100 
1188,-0.100 
1188,-0.100 
1188,-0.100 
1188,-5.000 
1189,-0.100 
1189,-0.100 
1189,-0.100 
1189,-0.100 
1189,-0.100 
1189,-0.100 
1189,-0.100 
1189,-0.100 
1189,-0.100 
1189,-5.000 
1190,-0.100 
1190,-0.100 
1190,-0.100 
1190,-0.100 
1190,-0.100 
1190,-0.100 
1190,-0.100 
1190,-0.100 
1190,-0.100 
1190,-5.000 
1191,-0.100 
1191,-0.100 
1191,-0.100 
1191,-0.100 
1191,-0.100 
1191,-0.100 
1191,-0.100 
1191,-0.100 
1191,-0.100 
1191,-5.000 
1192,-0.100 
1192,-0.100 
1192,-0.100 
1192,-0.100 
1192,-0.100 
1192,-0.100 
1192,-0.100 
1192,-0.100 
1192,-0.100 
1192,-5.000 
1193,-0.100 
1193,-0.100 
1193,-0.100 
1193,-0.100 
1193,-0.100 
1193,-0.100 
1193,-0.100 
1193,-0.100 
1193,-0.100 
1193,-5.000 
1194,-0.100 
1194,-0.100 
1194,-0.100 
1194,-0.100 
1194,-0.100 
1194,-0.100 
1194,-0.100 
1194,-0.100 
1194,-0.100 
1194,-5.000 
1195,-0.100 
1195,-0.100 
1195,-0.100 
1195,-0.100 
1195,-0.100 
1195,-0.100 
1195,-0.100 
1195,-0.100 
1195,-0.100 
1195,-5.000 
1196,-0.100 
1196,-0.100 
1196,-0.100 
1196,-0.100 
1196,-0.100 
1196,-0.100 
1196,-0.100 
1196,-0.100 
1196,-0.100 
1196,-5.000 
1197,-0.100 
1197,-0.100 
1197,-0.100 
1197,-0.100 
1197,-0.100 
1197,-0.100 
1197,-0.100 
1197,-0.100 
1197,-0.100 
1197,-5.000 
1198,-0.100 
1198,-0.100 
1198,-0.100 
1198,-0.100 
1198,-0.100 
1198,-0.100 
1198,-0.100 
1198,-0.100 
1198,-0.100 
1198,-5.000 
1199,-0.100 
1199,-0.100 
1199,-0.100 
1199,-0.100 
1199,-0.100 
1199,-0.100 
1199,-0.100 
1199,-0.100 
1199,-0.100 
1199,-5.000 
1200,-0.100 
1200,-0.100 
1200,-0.100 
1200,-0.100 
1200,-0.100 
1200,-0.100 
1200,-0.100 
1200,-0.100 
1200,-0.100 
1200,-5.000 
1201,-0.100 
1201,-0.100 
1201,-0.100 
1201,-0.100 
1201,-0.100 
1201,-0.100 
1201,-0.100 
1201,-0.100 
1201,-0.100 
1201,-5.000 
1202,-0.100 
1202,-0.100 
1202,-0.100 
1202,-0.100 
1202,-0.100 
1202,-0.100 
1202,-0.100 
1202,-0.100 
1202,-0.100 
1202,-5.000 
1203,-0.100 
1203,-0.100 
1203,-0.100 
1203,-0.100 
1203,-0.100 
1203,-0.100 
1203,-0.100 
1203,-0.100 
1203,-0.100 
1203,-5.000 
1204,-0.100 
1204,-0.100 
1204,-0.100 
1204,-0.100 
1204,-0.100 
1204,-0.100 
1204,-0.100 
1204,-0.100 
1204,-0.100 
1204,-5.000 
1205,-0.100 
1205,-0.100 
1205,-0.100 
1205,-0.100 
1205,-0.100 
1205,-0.100 
1205,-0.100 
1205,-0.100 
1205,-0.100 
1205,-5.000 
1206,-0.100 
1206,-0.100 
1206,-0.100 
1206,-0.100 
1206,-0.100 
1206,-0.100 
1206,-0.100 
1206,-0.100 
1206,-0.100 
1206,-5.000 
1207,-0.100 
1207,-0.100 
1207,-0.100 
1207,-0.100 
1207,-0.100 
1207,-0.100 
1207,-0.100 
1207,-0.100 
1207,-0.100 
1207,-5.000 
1208,-0.100 
1208,-0.100 
1208,-0.100 
1208,-0.100 
1208,-0.100 
1208,-0.100 
1208,-0.100 
1208,-0.100 
1208,-0.100 
1208,-5.000 
1209,-0.100 
1209,-0.100 
1209,-0.100 
1209,-0.100 
1209,-0.100 
1209,-0.100 
1209,-0.100 
1209,-0.100 
1209,-0.100 
1209,-5.000 
1210,-0.100 
1210,-0.100 
1210,-0.100 
1210,-0.100 
1210,-0.100 
1210,-0.100 
1210,-0.100 
1210,-0.100 
1210,-0.100 
1210,-5.000 
1211,-0.100 
1211,-0.100 
1211,-0.100 
1211,-0.100 
1211,-0.100 
1211,-0.100 
1211,-0.100 
1211,-0.100 
1211,-0.100 
1211,-5.000 
1212,-0.100 
1212,-0.100 
1212,-0.100 
1212,-0.100 
1212,-0.100 
1212,-0.100 
1212,-0.100 
1212,-0.100 
1212,-0.100 
1212,-5.000 
1213,-0.100 
1213,-0.100 
1213,-0.100 
1213,-0.100 
1213,-0.100 
1213,-0.100 
1213,-0.100 
1213,-0.100 
1213,-0.100 
1213,-5.000 
1214,-0.100 
1214,-0.100 
1214,-0.100 
1214,-0.100 
1214,-0.100 
1214,-0.100 
1214,-0.100 
1214,-0.100 
1214,-0.100 
1214,-5.000 
1215,-0.100 
1215,-0.100 
1215,-0.100 
1215,-0.100 
1215,-0.100 
1215,-0.100 
1215,-0.100 
1215,-0.100 
1215,-0.100 
1215,-5.000 
1216,-0.100 
1216,-0.100 
1216,-0.100 
1216,-0.100 
1216,-0.100 
1216,-0.100 
1216,-0.100 
1216,-0.100 
1216,-0.100 
1216,-5.000 
1217,-0.100 
1217,-0.100 
1217,-0.100 
1217,-0.100 
1217,-0.100 
1217,-0.100 
1217,-0.100 
1217,-0.100 
1217,-0.100 
1217,-5.000 
1218,-0.100 
1218,-0.100 
1218,-0.100 
1218,-0.100 
1218,-0.100 
1218,-0.100 
1218,-0.100 
1218,-0.100 
1218,-0.100 
1218,-5.000 
1219,-0.100 
1219,-0.100 
1219,-0.100 
1219,-0.100 
1219,-0.100 
1219,-0.100 
1219,-0.100 
1219,-0.100 
1219,-0.100 
1219,-5.000 
1220,-0.100 
1220,-0.100 
1220,-0.100 
1220,-0.100 
1220,-0.100 
1220,-0.100 
1220,-0.100 
1220,-0.100 
1220,-0.100 
1220,-5.000 
1221,-0.100 
1221,-0.100 
1221,-0.100 
1221,-0.100 
1221,-0.100 
1221,-0.100 
1221,-0.100 
1221,-0.100 
1221,-0.100 
1221,-5.000 
1222,-0.100 
1222,-0.100 
1222,-0.100 
1222,-0.100 
1222,-0.100 
1222,-0.100 
1222,-0.100 
1222,-0.100 
1222,-0.100 
1222,-5.000 
1223,-0.100 
1223,-0.100 
1223,-0.100 
1223,-0.100 
1223,-0.100 
1223,-0.100 
1223,-0.100 
1223,-0.100 
1223,-0.100 
1223,-5.000 
1224,-0.100 
1224,-0.100 
1224,-0.100 
1224,-0.100 
1224,-0.100 
1224,-0.100 
1224,-0.100 
1224,-0.100 
1224,-0.100 
1224,-5.000 
1225,-0.100 
1225,-0.100 
1225,-0.100 
1225,-0.100 
1225,-0.100 
1225,-0.100 
1225,-0.100 
1225,-0.100 
1225,-0.100 
1225,-5.000 
1226,-0.100 
1226,-0.100 
1226,-0.100 
1226,-0.100 
1226,-0.100 
1226,-0.100 
1226,-0.100 
1226,-0.100 
1226,-0.100 
1226,-5.000 
1227,-0.100 
1227,-0.100 
1227,-0.100 
1227,-0.100 
1227,-0.100 
1227,-0.100 
1227,-0.100 
1227,-0.100 
1227,-0.100 
1227,-5.000 
1228,-0.100 
1228,-0.100 
1228,-0.100 
1228,-0.100 
1228,-0.100 
1228,-0.100 
1228,-0.100 
1228,-0.100 
1228,-0.100 
1228,-5.000 
1229,-0.100 
1229,-0.100 
1229,-0.100 
1229,-0.100 
1229,-0.100 
1229,-0.100 
1229,-0.100 
1229,-0.100 
1229,-0.100 
1229,-5.000 
1230,-0.100 
1230,-0.100 
1230,-0.100 
1230,-0.100 
1230,-0.100 
1230,-0.100 
1230,-0.100 
1230,-0.100 
1230,-0.100 
1230,-5.000 
1231,-0.100 
1231,-0.100 
1231,-0.100 
1231,-0.100 
1231,-0.100 
1231,-0.100 
1231,-0.100 
1231,-0.100 
1231,-0.100 
1231,-5.000 
1232,-0.100 
1232,-0.100 
1232,-0.100 
1232,-0.100 
1232,-0.100 
1232,-0.100 
1232,-0.100 
1232,-0.100 
1232,-0.100 
1232,-5.000 
1233,-0.100 
1233,-0.100 
1233,-0.100 
1233,-0.100 
1233,-0.100 
1233,-0.100 
1233,-0.100 
1233,-0.100 
1233,-0.100 
1233,-5.000 
1234,-0.100 
1234,-0.100 
1234,-0.100 
1234,-0.100 
1234,-0.100 
1234,-0.100 
1234,-0.100 
1234,-0.100 
1234,-0.100 
1234,-5.000 
1235,-0.100 
1235,-0.100 
1235,-0.100 
1235,-0.100 
1235,-0.100 
1235,-0.100 
1235,-0.100 
1235,-0.100 
1235,-0.100 
1235,-5.000 
1236,-0.100 
1236,-0.100 
1236,-0.100 
1236,-0.100 
1236,-0.100 
1236,-0.100 
1236,-0.100 
1236,-0.100 
1236,-0.100 
1236,-5.000 
1237,-0.100 
1237,-0.100 
1237,-0.100 
1237,-0.100 
1237,-0.100 
1237,-0.100 
1237,-0.100 
1237,-0.100 
1237,-0.100 
1237,-5.000 
1238,-0.100 
1238,-0.100 
1238,-0.100 
1238,-0.100 
1238,-0.100 
1238,-0.100 
1238,-0.100 
1238,-0.100 
1238,-0.100 
1238,-5.000 
1239,-0.100 
1239,-0.100 
1239,-0.100 
1239,-0.100 
1239,-0.100 
1239,-0.100 
1239,-0.100 
1239,-0.100 
1239,-0.100 
1239,-5.000 
1240,-0.100 
1240,-0.100 
1240,-0.100 
1240,-0.100 
1240,-0.100 
1240,-0.100 
1240,-0.100 
1240,-0.100 
1240,-0.100 
1240,-5.000 
1241,-0.100 
1241,-0.100 
1241,-0.100 
1241,-0.100 
1241,-0.100 
1241,-0.100 
1241,-0.100 
1241,-0.100 
1241,-0.100 
1241,-5.000 
1242,-0.100 
1242,-0.100 
1242,-0.100 
1242,-0.100 
1242,-0.100 
1242,-0.100 
1242,-0.100 
1242,-0.100 
1242,-5.000 
1243,-0.100 
1243,-0.100 
1243,-0.100 
1243,-0.100 
1243,-0.100 
1243,-0.100 
1243,-0.100 
1243,-0.100 
1243,-0.100 
1243,-5.000 
1244,-0.100 
1244,-0.100 
1244,-0.100 
1244,-0.100 
1244,-0.100 
1244,-0.100 
1244,-0.100 
1244,-0.100 
1244,-5.000 
1245,-0.100 
1245,-0.100 
1245,-0.100 
1245,-0.100 
1245,-0.100 
1245,-0.100 
1245,-0.100 
1245,-0.100 
1245,-5.000 
1246,-0.100 
1246,-0.100 
1246,-0.100 
1246,-0.100 
1246,-0.100 
1246,-0.100 
1246,-0.100 
1246,-0.100 
1246,-0.100 
1246,-5.000 
1247,-0.100 
1247,-0.100 
1247,-0.100 
1247,-0.100 
1247,-0.100 
1247,-0.100 
1247,-0.100 
1247,-0.100 
1247,-0.100 
1247,-5.000 
1248,-0.100 
1248,-0.100 
1248,-0.100 
1248,-0.100 
1248,-0.100 
1248,-0.100 
1248,-0.100 
1248,-0.100 
1248,-0.100 
1248,-5.000 
1249,-0.100 
1249,-0.100 
1249,-0.100 
1249,-0.100 
1249,-0.100 
1249,-0.100 
1249,-0.100 
1249,-0.100 
1249,-0.100 
1249,-5.000 
1250,-0.100 
1250,-0.100 
1250,-0.100 
1250,-0.100 
1250,-0.100 
1250,-0.100 
1250,-0.100 
1250,-0.100 
1250,-0.100 
1250,-5.000 
1251,-0.100 
1251,-0.100 
1251,-0.100 
1251,-0.100 
1251,-0.100 
1251,-0.100 
1251,-0.100 
1251,-0.100 
1251,-0.100 
1251,-5.000 
1252,-0.100 
1252,-0.100 
1252,-0.100 
1252,-0.100 
1252,-0.100 
1252,-0.100 
1252,-0.100 
1252,-0.100 
1252,-0.100 
1252,-5.000 
1253,-0.100 
1253,-0.100 
1253,-0.100 
1253,-0.100 
1253,-0.100 
1253,-0.100 
1253,-0.100 
1253,-0.100 
1253,-0.100 
1253,-5.000 
1254,-0.100 
1254,-0.100 
1254,-0.100 
1254,-0.100 
1254,-0.100 
1254,-0.100 
1254,-0.100 
1254,-0.100 
1254,-0.100 
1254,-5.000 
1255,-0.100 
1255,-0.100 
1255,-0.100 
1255,-0.100 
1255,-0.100 
1255,-0.100 
1255,-0.100 
1255,-0.100 
1255,-0.100 
1255,-5.000 
1256,-0.100 
1256,-0.100 
1256,-0.100 
1256,-0.100 
1256,-0.100 
1256,-0.100 
1256,-0.100 
1256,-0.100 
1256,-0.100 
1256,-5.000 
1257,-0.100 
1257,-0.100 
1257,-0.100 
1257,-0.100 
1257,-0.100 
1257,-0.100 
1257,-0.100 
1257,-0.100 
1257,-0.100 
1257,-5.000 
1258,-0.100 
1258,-0.100 
1258,-0.100 
1258,-0.100 
1258,-0.100 
1258,-0.100 
1258,-0.100 
1258,-0.100 
1258,-0.100 
1258,-5.000 
1259,-0.100 
1259,-0.100 
1259,-0.100 
1259,-0.100 
0,-0.049 
0,-0.223 
0,-0.278 
0,-0.239 
0,-52.907 
0,30.331 
0,-7.205 
0,121.734 
0,137.837 
0,366.761 
1,-0.207 
1,-0.296 
1,-0.484 
1,-3.516 
1,4.739 
1,-6.121 
1,-3.175 
1,-60.157 
1,-5.375 
1,-100.000 
2,-0.207 
2,-62.254 
2,-0.219 
2,-0.195 
2,0.171 
2,-3.277 
2,-239.652 
2,23.338 
2,-117.450 
2,-100.000 
3,-0.207 
3,-62.254 
3,-0.219 
3,-236.572 
3,-0.270 
3,30.224 
3,2.259 
3,23.273 
3,-117.508 
3,-100.000 
4,-0.049 
4,-29.398 
4,2.814 
4,-36.238 
4,-127.172 
4,-12.943 
4,-23.834 
4,-265.077 
4,2.613 
4,-100.000 
5,-0.207 
5,-0.223 
5,-0.337 
5,-0.314 
5,85.408 
5,137.807 
5,7.106 
5,-3.447 
5,35.337 
5,441.397 
6,-0.207 
6,-29.398 
6,-30.850 
6,6.584 
6,-122.298 
6,-138.627 
6,-0.566 
6,-15.001 
6,2.388 
6,-100.000 
7,-0.207 
7,-0.223 
7,-0.219 
7,-29.489 
7,-9.297 
7,-23.772 
7,-117.380 
7,-136.213 
7,-12.997 
7,-100.000 
8,-0.049 
8,-0.079 
8,-0.089 
8,-0.079 
8,-0.065 
8,-3.986 
8,-0.273 
8,-2.967 
8,0.000 
9,-0.049 
9,-29.398 
9,-3.370 
9,-3.385 
9,-12.836 
9,23.329 
9,-117.380 
9,135.519 
9,-25.802 
9,-100.000 
10,-0.049 
10,-0.223 
10,-5.093 
10,-5.959 
10,2.534 
10,-3.515 
10,-5.662 
10,-0.441 
10,-64.727 
10,-100.000 
11,-0.049 
11,-62.254 
11,170.887 
11,-30.819 
11,-11.019 
11,1.061 
11,2.560 
11,2.937 
11,-117.379 
11,-100.000 
12,-0.156 
12,-23.722 
12,-31.064 
12,-0.432 
12,0.157 
12,-3.499 
12,-12.903 
12,202.217 
12,0.000 
13,-0.207 
13,-0.223 
13,-0.219 
13,-62.226 
13,-0.181 
13,-0.309 
13,-0.430 
13,-5.665 
13,-3.025 
13,-100.000 
14,-0.049 
14,-0.116 
14,0.226 
14,-3.173 
14,4.690 
14,-101.772 
14,28.889 
14,-265.007 
14,-23.890 
14,-100.000 
15,-0.049 
15,-0.079 
15,-0.373 
15,16.281 
15,-122.435 
15,-17.101 
15,197.488 
15,-25.744 
15,-3.354 
15,-100.000 
16,-0.207 
16,-0.223 
16,-3.023 
16,-5.959 
16,-5.144 
16,4.923 
16,-66.572 
16,-3.646 
16,263.868 
16,210.068 
17,-0.156 
17,-0.171 
17,-0.373 
17,-0.348 
17,-13.894 
17,5.054 
17,-119.004 
17,202.281 
17,0.000 
18,-0.049 
18,-0.079 
18,-193.449 
18,30.337 
18,121.505 
18,-0.849 
18,-92.052 
18,-0.855 
18,-17.029 
18,-100.000 
19,-0.049 
19,5.183 
19,-5.764 
19,-2.502 
19,159.423 
19,-23.915 
19,116.627 
19,-3.471 
19,-3.430 
19,1070.180 
20,-0.094 
20,-5.416 
20,-5.925 
20,4.611 
20,87.296 
20,-3.093 
20,202.231 
20,-91.620 
20,23.093 
20,334.277 
21,-0.156 
21,-0.171 
21,2.637 
21,-5.787 
21,5.028 
21,1.919 
21,202.774 
21,-3.955 
21,126.014 
21,435.199 
22,-0.049 
22,-0.116 
22,-0.238 
22,-0.280 
22,-0.390 
22,-0.557 
22,-330.015 
22,-15.859 
22,-91.664 
22,-100.000 
23,-0.049 
23,-0.116 
23,-0.626 
23,-3.334 
23,-41.019 
23,197.355 
23,-91.730 
23,-127.419 
23,23.180 
23,-100.000 
24,-0.094 
24,-0.116 
24,-0.119 
24,-0.218 
24,-0.464 
24,-90.745 
24,-5.352 
24,-3.428 
24,140.171 
24,221.761 
25,-0.094 
25,-0.475 
25,-0.463 
25,-8.536 
25,-51.381 
25,202.253 
25,-127.223 
25,2.726 
25,0.000 
26,-0.207 
26,-0.223 
26,-0.278 
26,4.635 
26,2.771 
26,-6.073 
26,2.355 
26,-60.199 
26,-385.523 
26,-100.000 
27,-0.094 
27,-0.205 
27,-0.193 
27,-0.162 
27,-0.110 
27,-207.371 
27,-122.122 
27,-15.416 
27,0.000 
28,-0.049 
28,-62.254 
28,-0.278 
28,-0.239 
28,-0.181 
28,-0.103 
28,-0.024 
28,35.372 
28,-36.153 
28,-100.000 
29,-0.049 
29,-0.079 
29,-0.281 
29,-0.264 
29,-0.507 
29,-238.253 
29,-91.654 
29,-10.383 
29,-127.213 
29,-100.000 
30,-0.049 
30,-30.717 
30,-122.131 
30,23.183 
30,-0.317 
30,-0.364 
30,-29.504 
30,-262.677 
30,-7.260 
30,-100.000 
31,-0.049 
31,-0.079 
31,-62.249 
31,-0.218 
31,-2.341 
31,-5.090 
31,-3.048 
31,-272.884 
31,2.668 
31,-100.000 
32,-0.049 
32,-23.722 
32,-30.794 
32,-0.280 
32,-122.447 
32,6.557 
32,-0.273 
32,-14.570 
32,0.000 
33,-0.049 
33,-0.079 
33,28.956 
33,-0.661 
33,-36.187 
33,23.117 
33,-3.561 
33,-127.251 
33,-1.734 
33,-100.000 
34,-0.207 
34,28.952 
34,-0.219 
34,-0.314 
34,-7.191 
34,-23.772 
34,-262.554 
34,-122.137 
34,-30.895 
34,-100.000 
35,-0.049 
35,-0.171 
35,-0.278 
35,-62.389 
35,-0.312 
35,-0.227 
35,170.648 
35,121.571 
35,-0.297 
35,333.314 
36,-0.156 
36,-0.171 
36,-0.167 
36,169.667 
36,-0.304 
36,-122.371 
36,1.889 
36,-91.418 
36,-3.265 
36,-100.000 
37,-0.156 
37,-23.722 
37,199.996 
37,-0.261 
37,-8.839 
37,24.820 
37,90.761 
37,-3.523 
37,-117.918 
37,186.441 
38,-0.049 
38,2.873 
38,-0.337 
38,63.880 
38,-0.537 
38,-3.469 
38,-5.442 
38,-331.519 
38,-26.082 
38,-100.000 
39,-0.049 
39,-0.198 
39,-0.285 
39,-0.261 
39,-0.217 
39,-0.153 
39,-62.155 
39,262.521 
39,-30.895 
39,212.719 
40,-0.049 
40,-0.079 
40,2.633 
40,9.637 
40,-127.292 
40,35.536 
40,-203.088 
40,32.484 
40,23.071 
40,-100.000 
41,-0.156 
41,-0.171 
41,5.107 
41,5.322 
41,-3.076 
41,2.752 
41,-64.571 
41,-127.329 
41,-29.514 
41,-100.000 
42,-0.049 
42,-5.724 
42,-3.279 
42,-3.239 
42,-4.294 
42,201.969 
42,-127.885 
42,-24.465 
42,-92.024 
42,-100.000 
43,-0.049 
43,-0.079 
43,-0.281 
43,-0.382 
43,-0.345 
43,-0.319 
43,-186.818 
43,5.424 
43,-127.360 
43,-100.000 
44,-0.049 
44,-0.198 
44,-0.285 
44,-0.261 
44,-0.499 
44,-62.528 
44,-0.511 
44,-0.624 
44,-354.670 
44,-100.000 
45,-0.049 
45,-0.079 
45,-200.370 
45,-122.091 
45,-23.855 
45,-30.846 
45,-6.892 
45,2.790 
45,12.178 
45,-100.000 
46,-0.049 
46,-0.079 
46,-0.089 
46,-0.198 
46,-0.217 
46,-4.705 
46,-5.808 
46,-62.469 
46,-369.092 
46,-100.000 
47,-0.049 
47,200.083 
47,-122.219 
47,-0.198 
47,-23.767 
47,-2.280 
47,-36.238 
47,2.726 
47,0.000 
48,-0.049 
48,-2.479 
48,-2.893 
48,4.795 
48,-325.613 
48,-36.028 
48,-3.283 
48,23.433 
48,0.000 
49,-0.049 
49,-2.883 
49,5.437 
49,-5.191 
49,-2.687 
49,-3.308 
49,-0.394 
49,-336.298 
49,35.513 
49,-100.000 
50,-0.049 
50,-0.079 
50,-0.119 
50,-0.264 
50,-0.272 
50,-193.550 
50,32.572 
50,-7.199 
50,-122.382 
50,-100.000 
51,-0.049 
51,-0.079 
51,-5.293 
51,5.198 
51,-0.110 
51,5.444 
51,-3.387 
51,135.733 
51,-127.198 
51,117.092 
52,-0.049 
52,-0.079 
52,-0.208 
52,-62.344 
52,-0.270 
52,-0.444 
52,-358.869 
52,29.907 
52,-4.765 
52,-100.000 
53,-0.207 
53,-0.223 
53,-0.219 
53,-0.195 
53,-0.387 
53,-0.539 
53,-5.510 
53,14.658 
53,-260.132 
53,-100.000 
54,-0.049 
54,-0.198 
54,-23.836 
54,-30.881 
54,-11.485 
54,-1.553 
54,-198.304 
54,-3.621 
54,-33.302 
54,-100.000 
55,-0.049 
55,-0.198 
55,-200.489 
55,-2.250 
55,-36.408 
55,-24.031 
55,-127.482 
55,-3.955 
55,11.694 
55,-100.000 
56,-0.049 
56,-0.079 
56,-0.089 
56,-0.079 
56,0.198 
56,-62.237 
56,2.710 
56,4.564 
56,-0.574 
56,-100.000 
57,-0.049 
57,-200.360 
57,-0.208 
57,-30.822 
57,-0.184 
57,-6.446 
57,116.968 
57,0.965 
57,-23.939 
57,-100.000 
58,-0.049 
58,-0.079 
58,-0.119 
58,-0.102 
58,-0.184 
58,-359.943 
58,-32.981 
58,-23.754 
58,-8.996 
58,-100.000 
59,-0.156 
59,-0.378 
59,-0.373 
59,-0.348 
59,-62.418 
59,25.116 
59,6.472 
59,8.558 
59,35.002 
59,-100.000 
60,-0.094 
60,30.485 
60,-0.119 
60,-23.712 
60,-7.150 
60,-0.158 
60,-200.467 
60,-122.087 
60,0.000 
61,-0.049 
61,-0.116 
61,-0.119 
61,-6.291 
61,2.216 
61,287.558 
61,-3.254 
61,-24.112 
61,-91.664 
61,224.335 
62,-0.049 
62,-0.079 
62,-0.281 
62,-0.264 
62,-62.359 
62,-0.258 
62,-0.168 
62,316.621 
62,-23.771 
62,377.303 
63,-0.049 
63,-0.223 
63,-0.219 
63,-10.714 
63,2.801 
63,-0.222 
63,72.813 
63,135.488 
63,-3.235 
63,234.103 
64,-0.049 
64,-0.116 
64,-0.119 
64,-0.162 
64,-0.229 
64,-71.538 
64,6.413 
64,-91.645 
64,-0.294 
64,-100.000 
65,-0.049 
65,2.606 
65,-3.279 
65,-5.843 
65,-0.270 
65,-39.454 
65,116.895 
65,-136.227 
65,24.737 
65,-100.000 
66,-0.049 
66,-2.883 
66,2.192 
66,-5.521 
66,-0.229 
66,-257.742 
66,-91.328 
66,2.867 
66,1.098 
66,-100.000 
67,-0.049 
67,-0.378 
67,-0.373 
67,97.994 
67,-0.660 
67,-7.517 
67,199.413 
67,-31.357 
67,-16.581 
67,1076.787 
68,-0.049 
68,-5.724 
68,4.785 
68,-3.002 
68,-3.239 
68,118.005 
68,-36.071 
68,-202.992 
68,-23.939 
68,-100.000 
69,-0.094 
69,-0.116 
69,-0.119 
69,-11.277 
69,-4.940 
69,-2.528 
69,288.371 
69,-23.896 
69,0.824 
69,197.991 
70,-0.094 
70,-0.116 
70,-0.119 
70,-0.102 
70,47.484 
70,-0.365 
70,6.276 
70,-17.194 
70,-24.176 
70,119.198 
71,-0.049 
71,-0.079 
71,-0.119 
71,-0.102 
71,-8.655 
71,-113.005 
71,-3.478 
71,2.137 
71,23.013 
71,-100.000 
72,-0.049 
72,4.677 
72,-2.608 
72,-0.261 
72,-3.406 
72,4.701 
72,-3.313 
72,20.331 
72,0.772 
72,-100.000 
73,-0.049 
73,-5.416 
73,-0.249 
73,-3.022 
73,-3.238 
73,-0.379 
73,-60.023 
73,4.607 
73,-5.887 
73,-100.000 
74,-0.049 
74,-122.091 
74,-7.010 
74,-30.865 
74,-12.894 
74,-23.751 
74,-2.914 
74,2.953 
74,0.000 
75,-0.094 
75,-0.116 
75,-0.193 
75,-0.280 
75,-0.466 
75,-176.559 
75,28.816 
75,-262.903 
75,-22.253 
75,-100.000 
76,-0.049 
76,2.606 
76,-0.285 
76,2.810 
76,4.748 
76,-2.881 
76,-257.974 
76,-1.674 
76,-33.150 
76,-100.000 
77,-0.049 
77,-0.378 
77,-3.177 
77,-2.748 
77,-227.287 
77,-3.430 
77,1.001 
77,-36.225 
77,-91.426 
77,-100.000 
78,-0.049 
78,-0.079 
78,-0.089 
78,-5.358 
78,-5.694 
78,-3.190 
78,-5.512 
78,-62.207 
78,14.558 
78,-100.000 
79,-0.049 
79,-7.000 
79,-200.370 
79,-23.693 
79,-0.217 
79,-0.271 
79,-5.585 
79,-127.414 
79,-36.289 
79,-100.000 
80,-0.049 
80,-200.360 
80,-0.208 
80,3.121 
80,126.125 
80,-3.902 
80,-24.331 
80,35.233 
80,11.867 
80,-100.000 
81,-0.049 
81,-4.953 
81,-125.252 
81,1.197 
81,3.021 
81,-35.910 
81,2.753 
81,-198.074 
81,0.000 
82,-0.049 
82,-0.116 
82,-0.119 
82,-0.162 
82,6.779 
82,28.905 
82,-7.086 
82,-122.171 
82,-9.741 
82,-100.000 
83,-0.049 
83,-30.717 
83,2.029 
83,-23.983 
83,116.638 
83,0.611 
83,-3.379 
83,197.417 
83,0.000 
84,-0.049 
84,28.952 
84,-7.140 
84,-0.195 
84,-122.282 
84,-23.978 
84,30.111 
84,-0.645 
84,-9.989 
84,-100.000 
85,-0.049 
85,-7.000 
85,-0.089 
85,-200.360 
85,-0.168 
85,-122.249 
85,-30.932 
85,-23.787 
85,-32.988 
85,-100.000 
86,-0.049 
86,-0.079 
86,-29.394 
86,121.817 
86,-30.768 
86,138.035 
86,-0.125 
86,-23.818 
86,-0.991 
86,213.196 
87,-0.049 
87,-0.223 
87,-0.219 
87,21.941 
87,29.992 
87,-122.550 
87,261.465 
87,-15.163 
87,-24.125 
87,187.885 
88,-0.049 
88,-0.171 
88,-0.193 
88,6.727 
88,-200.759 
88,-3.773 
88,-127.321 
88,-91.571 
88,-1.734 
88,-100.000 
89,-0.049 
89,-2.883 
89,3.063 
89,35.637 
89,-12.793 
89,-3.360 
89,202.189 
89,-127.283 
89,0.000 
90,-0.049 
90,-0.079 
90,-200.370 
90,30.499 
90,-122.077 
90,-13.049 
90,1.064 
90,2.954 
90,0.000 
91,-0.049 
91,-3.231 
91,-202.770 
91,-1.355 
91,-23.855 
91,-3.163 
91,-127.398 
91,24.740 
91,-3.858 
91,-100.000 
92,-0.049 
92,-0.079 
92,-30.720 
92,-23.712 
92,-5.876 
92,-3.229 
92,-117.442 
92,0.964 
92,-203.024 
92,-100.000 
93,-0.049 
93,-2.883 
93,-5.734 
93,3.572 
93,-3.239 
93,197.644 
93,-23.738 
93,-117.221 
93,0.000 
94,-0.049 
94,-0.079 
94,-0.089 
94,-0.198 
94,-0.168 
94,-0.359 
94,-0.596 
94,-65.182 
94,32.075 
94,-100.000 
95,-0.049 
95,-0.198 
95,-0.208 
95,-7.119 
95,8.082 
95,-36.147 
95,-127.217 
95,-29.470 
95,135.685 
95,-100.000 
96,-0.049 
96,-0.079 
96,-0.089 
96,-3.654 
96,-0.304 
96,-0.309 
96,4.929 
96,-3.317 
96,-157.281 
96,-100.000 
97,-0.094 
97,-0.116 
97,-62.280 
97,-0.218 
97,-0.286 
97,-0.334 
97,-328.193 
97,23.273 
97,-0.370 
97,-100.000 
98,-0.049 
98,-0.079 
98,-0.219 
98,-0.239 
98,-0.181 
98,-13.427 
98,-3.282 
98,-5.546 
98,-64.812 
98,359.985 
99,-0.156 
99,-0.171 
99,-223.998 
99,-7.269 
99,-30.918 
99,-1.461 
99,-91.534 
99,2.630 
99,2.152 
99,-100.000 
100,-0.049 
100,-0.079 
100,-0.089 
100,-0.079 
100,-0.168 
100,1.888 
100,-5.750 
100,-0.561 
100,-62.488 
100,-100.000 
101,-0.049 
101,-0.116 
101,-0.249 
101,-8.322 
101,2.785 
101,-59.846 
101,143.294 
101,-127.139 
101,12.087 
101,-100.000 
102,-0.049 
102,-0.079 
102,-0.373 
102,-0.445 
102,2.187 
102,-5.184 
102,-185.022 
102,-25.547 
102,-140.871 
102,-100.000 
103,-0.049 
103,-5.724 
103,-2.893 
103,-0.195 
103,4.971 
103,-3.329 
103,-0.371 
103,-5.239 
103,-90.056 
103,-100.000 
104,-0.094 
104,-30.717 
104,-7.040 
104,-3.760 
104,-117.644 
104,-24.237 
104,2.208 
104,-203.166 
104,-3.544 
104,-100.000 
105,-0.049 
105,-0.079 
105,5.667 
105,-5.521 
105,5.342 
105,-40.920 
105,-127.217 
105,-198.354 
105,-23.894 
105,-100.000 
106,-0.156 
106,-0.171 
106,-0.167 
106,-0.162 
106,-193.503 
106,-7.328 
106,-2.993 
106,-33.382 
106,-3.571 
106,-100.000 
107,-0.049 
107,-0.079 
107,121.804 
107,-23.811 
107,5.005 
107,2.681 
107,-29.537 
107,140.288 
107,-36.380 
107,225.319 
108,-0.049 
108,-0.079 
108,-8.034 
108,-2.598 
108,-62.301 
108,-5.970 
108,-5.866 
108,2.229 
108,251.999 
108,287.586 
109,-0.049 
109,-2.479 
109,196.922 
109,2.873 
109,-1.563 
109,-36.147 
109,-23.736 
109,2.610 
109,0.000 
110,-0.049 
110,-0.079 
110,-0.089 
110,-0.264 
110,-0.272 
110,-0.319 
110,16.850 
110,-4.063 
110,-3.383 
110,115.315 
111,-0.049 
111,-0.171 
111,-0.285 
111,-0.498 
111,-11.570 
111,-187.399 
111,32.288 
111,-3.610 
111,-117.806 
111,-100.000 
112,-0.049 
112,-0.079 
112,-7.010 
112,-30.703 
112,-23.661 
112,-4.880 
112,-202.867 
112,-3.085 
112,-91.384 
112,-100.000 
113,-0.049 
113,3.072 
113,35.620 
113,-3.068 
113,12.220 
113,-3.478 
113,-127.217 
113,-203.154 
113,-91.608 
113,-100.000 
114,-0.094 
114,-0.116 
114,-0.119 
114,-0.221 
114,-17.004 
114,-5.002 
114,-0.273 
114,-2.800 
114,27.499 
114,-100.000 
115,-0.049 
115,-0.171 
115,-177.103 
115,-0.348 
115,-8.660 
115,-3.311 
115,-36.217 
115,-12.890 
115,0.000 
116,-0.049 
116,-0.198 
116,-0.208 
116,-0.198 
116,-0.168 
116,-315.728 
116,-12.484 
116,-23.959 
116,-33.168 
116,-100.000 
117,-0.049 
117,-0.116 
117,-0.193 
117,-0.280 
117,-3.806 
117,2.485 
117,-3.747 
117,-29.571 
117,135.393 
117,-100.000 
118,-0.049 
118,30.485 
118,-8.571 
118,1.013 
118,-127.113 
118,197.431 
118,2.697 
118,-24.036 
118,-91.588 
118,-100.000 
119,-0.094 
119,30.323 
119,-0.281 
119,-7.185 
119,121.785 
119,-0.450 
119,-25.220 
119,-203.078 
119,-24.024 
119,-100.000 
120,-0.094 
120,30.323 
120,6.360 
120,121.070 
120,-24.501 
120,-19.850 
120,28.332 
120,2.352 
120,2.111 
120,-100.000 
121,-0.094 
121,30.323 
121,-29.586 
121,-0.379 
121,121.403 
121,-24.100 
121,6.357 
121,-0.439 
121,137.557 
121,376.578 
122,-0.094 
122,-0.116 
122,-0.119 
122,-0.221 
122,-0.184 
122,-0.364 
122,-0.435 
122,-125.942 
122,-6.296 
122,-100.000 
123,-0.094 
123,-0.278 
123,-0.281 
123,-10.768 
123,-0.272 
123,5.444 
123,-3.181 
123,-244.478 
123,0.000 
124,-0.049 
124,-0.198 
124,-0.445 
124,-0.498 
124,-0.466 
124,-0.395 
124,-383.670 
124,-18.332 
124,0.000 
125,-0.207 
125,-0.223 
125,-0.278 
125,-5.114 
125,-131.175 
125,-141.078 
125,-3.372 
125,24.860 
125,0.818 
125,-100.000 
126,-0.049 
126,-0.116 
126,-152.732 
126,-0.221 
126,-23.780 
126,-7.285 
126,199.771 
126,-0.400 
126,-17.077 
126,-100.000 
127,-0.049 
127,-0.079 
127,-0.089 
127,-0.079 
127,71.180 
127,-0.356 
127,-24.063 
127,90.756 
127,-31.059 
127,110.643 
128,-0.049 
128,-0.079 
128,-0.208 
128,-0.261 
128,-0.390 
128,-17.139 
128,-5.103 
128,-111.590 
128,0.000 
129,-0.049 
129,-0.116 
129,-0.119 
129,-352.996 
129,-0.184 
129,6.556 
129,-0.407 
129,-11.666 
129,-23.939 
129,-100.000 
130,-0.049 
130,-0.278 
130,-0.281 
130,158.990 
130,-0.507 
130,-29.713 
130,15.053 
130,-3.541 
130,-24.125 
130,-100.000 
131,-0.094 
131,-0.116 
131,-0.238 
131,-0.221 
131,-0.345 
131,-9.338 
131,-5.604 
131,-62.724 
131,-0.738 
131,-100.000 
132,-0.094 
132,-0.260 
132,-0.249 
132,7.767 
132,-3.357 
132,5.192 
132,10.975 
132,126.116 
132,-24.158 
132,-100.000 
133,-0.094 
133,-0.260 
133,-0.575 
133,-0.529 
133,10.363 
133,-3.301 
133,-35.441 
133,-127.154 
133,-264.954 
133,-100.000 
134,-0.207 
134,-29.398 
134,-0.219 
134,-23.790 
134,-0.300 
134,-138.472 
134,-7.251 
134,0.532 
134,-127.199 
134,-100.000 
135,-0.049 
135,-0.278 
135,-231.163 
135,-122.275 
135,-0.345 
135,-7.210 
135,-33.142 
135,6.435 
135,-3.088 
135,-100.000 
136,-0.156 
136,-0.296 
136,-0.278 
136,2.565 
136,-5.262 
136,-172.014 
136,35.250 
136,139.726 
136,-13.346 
136,-100.000 
137,-0.156 
137,-0.171 
137,16.257 
137,-122.360 
137,-0.423 
137,199.922 
137,-30.874 
137,-13.738 
137,0.000 
138,-0.207 
138,-62.254 
138,-0.278 
138,-0.239 
138,-0.181 
138,-0.309 
138,-0.330 
138,-14.207 
138,21.580 
138,-100.000 
139,-0.049 
139,2.725 
139,-3.241 
139,-29.370 
139,-3.341 
139,-1.601 
139,-117.498 
139,-25.876 
139,-260.594 
139,-100.000 
140,-0.094 
140,5.183 
140,-0.249 
140,2.734 
140,-63.214 
140,23.324 
140,135.610 
140,-127.002 
140,-2.982 
140,-100.000 
141,-0.207 
141,-0.223 
141,-0.249 
141,-0.218 
141,-0.286 
141,-0.377 
141,-21.981 
141,-0.159 
141,-64.682 
141,-100.000 
142,-0.049 
142,-0.079 
142,-0.089 
142,-0.794 
142,-5.813 
142,-3.042 
142,-318.692 
142,-23.841 
142,-25.774 
142,-100.000 
143,-0.049 
143,-0.198 
143,8.271 
143,4.358 
143,-3.305 
143,-62.967 
143,-0.844 
143,-3.523 
143,-5.567 
143,-100.000 
144,-0.049 
144,-0.079 
144,-0.089 
144,3.377 
144,2.784 
144,-0.271 
144,88.082 
144,25.107 
144,197.657 
144,401.485 
145,-0.049 
145,2.873 
145,-5.538 
145,-5.866 
145,-34.792 
145,201.960 
145,22.890 
145,-91.797 
145,-127.494 
145,-100.000 
146,-0.049 
146,-0.223 
146,-0.219 
146,-0.445 
146,-0.506 
146,122.643 
146,-262.879 
146,13.269 
146,-3.858 
146,-100.000 
147,-0.207 
147,-0.260 
147,-1.675 
147,261.975 
147,-0.523 
147,-3.670 
147,0.396 
147,-3.841 
147,-118.057 
147,130.397 
148,-0.207 
148,-29.398 
148,-30.850 
148,-0.379 
148,-23.905 
148,-0.388 
148,121.491 
148,2.241 
148,-13.454 
148,-100.000 
149,-0.207 
149,-0.223 
149,-0.278 
149,-0.239 
149,-6.262 
149,-5.614 
149,-64.759 
149,-5.967 
149,167.745 
149,-100.000 
150,-0.049 
150,-0.171 
150,2.637 
150,-0.239 
150,-6.032 
150,-3.380 
150,-64.642 
150,4.662 
150,4.918 
150,-100.000 
151,-0.094 
151,-0.260 
151,-0.249 
151,1.046 
151,10.808 
151,-3.448 
151,-127.173 
151,-12.742 
151,-264.877 
151,-100.000 
152,-0.156 
152,-0.171 
152,-0.285 
152,-0.261 
152,176.277 
152,-7.517 
152,-91.773 
152,5.213 
152,35.163 
152,452.681 
153,-0.207 
153,-0.223 
153,61.812 
153,-0.195 
153,-6.586 
153,-0.222 
153,-2.928 
153,4.631 
153,-5.660 
153,-100.000 
154,-0.049 
154,-0.198 
154,-5.679 
154,-5.843 
154,2.517 
154,-5.546 
154,-5.282 
154,-0.518 
154,318.527 
154,326.395 
155,-0.049 
155,-2.479 
155,-203.522 
155,-23.899 
155,-36.217 
155,-3.478 
155,2.488 
155,-127.371 
155,0.000 
156,-0.156 
156,-0.171 
156,-0.373 
156,-3.593 
156,-3.375 
156,-234.144 
156,116.863 
156,24.816 
156,0.000 
157,-0.094 
157,-30.717 
157,-0.119 
157,-7.023 
157,-0.184 
157,-8.809 
157,116.968 
157,23.476 
157,0.000 
158,-0.094 
158,-0.116 
158,230.602 
158,-11.115 
158,-3.031 
158,-1.446 
158,-3.283 
158,-23.874 
158,-117.450 
158,-100.000 
159,-0.049 
159,-0.223 
159,-0.249 
159,-0.379 
159,-67.026 
159,-262.850 
159,-122.578 
159,17.445 
159,1.842 
159,-100.000 
160,-0.049 
160,-0.171 
160,-0.193 
160,-0.497 
160,-200.759 
160,-0.407 
160,-0.316 
160,-1.687 
160,-91.426 
160,-100.000 
161,-0.049 
161,-0.079 
161,-0.089 
161,-7.119 
161,121.606 
161,-30.966 
161,-13.963 
161,-29.546 
161,-260.390 
161,-100.000 
162,-0.049 
162,-0.079 
162,7.471 
162,-0.261 
162,-148.931 
162,-3.224 
162,-36.238 
162,-12.911 
162,197.548 
162,109.690 
163,-0.049 
163,-0.198 
163,-0.208 
163,-0.316 
163,-0.625 
163,-19.018 
163,-0.715 
163,-6.486 
163,-62.768 
163,345.237 
164,-0.049 
164,-0.079 
164,-0.281 
164,-0.323 
164,-0.272 
164,-0.319 
164,-0.284 
164,-15.830 
164,-209.478 
164,-100.000 
165,-0.049 
165,-0.278 
165,36.961 
165,-200.825 
165,121.106 
165,-0.968 
165,-24.458 
165,-92.043 
165,-0.693 
165,-100.000 
166,-0.049 
166,-2.883 
166,-5.419 
166,5.543 
166,-3.136 
166,2.272 
166,-5.087 
166,-0.324 
166,-81.765 
166,-100.000 
167,-0.049 
167,-0.171 
167,-5.812 
167,-5.732 
167,43.698 
167,-117.566 
167,-203.137 
167,-3.387 
167,-3.642 
167,-100.000 
168,-0.049 
168,-0.079 
168,-0.119 
168,-0.102 
168,-0.106 
168,-0.215 
168,-59.993 
168,-5.245 
168,28.206 
168,-100.000 
169,-0.156 
169,-0.171 
169,-5.812 
169,2.258 
169,-5.178 
169,-5.545 
169,-62.240 
169,-3.275 
169,2.626 
169,-100.000 
170,-0.049 
170,-23.722 
170,-0.167 
170,-0.348 
170,199.858 
170,-7.280 
170,121.500 
170,-16.746 
170,-25.732 
170,1176.453 
171,-0.049 
171,-0.079 
171,-0.208 
171,-11.047 
171,-3.476 
171,61.587 
171,4.937 
171,-256.540 
171,-23.847 
171,-100.000 
172,-0.049 
172,-2.479 
172,-5.734 
172,-0.348 
172,-62.418 
172,4.824 
172,-5.364 
172,2.159 
172,-100.214 
172,-100.000 
173,-0.049 
173,-0.079 
173,-0.089 
173,-0.198 
173,-0.423 
173,-0.687 
173,-0.715 
173,91.238 
173,-22.510 
173,-100.000 
174,-0.049 
174,-0.079 
174,-0.281 
174,-62.410 
174,-0.329 
174,-253.513 
174,-0.286 
174,0.535 
174,-127.170 
174,-100.000 
175,-0.049 
175,-0.079 
175,-0.281 
175,-0.264 
175,-0.227 
175,-0.201 
175,-62.195 
175,-0.159 
175,-24.315 
175,317.816 
176,-0.049 
176,-0.079 
176,-2.930 
176,-3.967 
176,-3.239 
176,-29.382 
176,-36.026 
176,140.517 
176,-23.728 
176,224.786 
177,-0.049 
177,-0.116 
177,-0.119 
177,-23.782 
177,-23.661 
177,-11.538 
177,-198.154 
177,-3.352 
177,-127.198 
177,-100.000 
178,-0.049 
178,-0.079 
178,-0.119 
178,-0.162 
178,-3.055 
178,-2.962 
178,2.798 
178,5.245 
178,-75.873 
178,-100.000 
179,-0.049 
179,2.992 
179,2.192 
179,4.439 
179,-62.538 
179,2.242 
179,-5.781 
179,-6.016 
179,-0.415 
179,-100.000 
180,-0.049 
180,-0.198 
180,-200.489 
180,-7.119 
180,23.334 
180,-7.969 
180,-36.409 
180,2.467 
180,126.175 
180,-100.000 
181,-0.049 
181,-0.116 
181,-0.193 
181,-0.323 
181,-0.272 
181,-0.481 
181,-261.743 
181,-16.627 
181,-117.611 
181,-100.000 
182,-0.049 
182,30.323 
182,-8.732 
182,-29.555 
182,116.809 
182,-3.062 
182,-12.852 
182,-23.709 
182,-3.323 
182,317.186 
183,-0.207 
183,-0.223 
183,-3.023 
183,59.436 
183,-5.915 
183,2.746 
183,-5.866 
183,-0.439 
183,239.583 
183,207.614 
184,-0.049 
184,-0.079 
184,-0.208 
184,-0.198 
184,0.769 
184,-3.546 
184,-5.868 
184,-343.650 
184,-33.614 
184,-100.000 
185,-0.049 
185,-0.198 
185,61.693 
185,-0.314 
185,-0.270 
185,-222.742 
185,23.220 
185,121.681 
185,30.100 
185,-100.000 
186,-0.049 
186,-0.079 
186,2.752 
186,-3.269 
186,-0.217 
186,-5.458 
186,-17.190 
186,-117.213 
186,0.000 
187,-0.049 
187,-0.171 
187,-0.373 
187,-138.990 
187,199.858 
187,5.845 
187,-3.198 
187,-91.537 
187,35.400 
187,-100.000 
188,-0.049 
188,-3.150 
188,-0.167 
188,20.051 
188,197.577 
188,-1.516 
188,-36.217 
188,-3.009 
188,0.000 
189,-0.049 
189,-0.278 
189,-0.561 
189,-0.544 
189,-9.282 
189,-62.569 
189,-0.445 
189,-6.171 
189,-5.655 
189,-100.000 
190,-0.094 
190,-0.116 
190,-0.119 
190,-0.264 
190,-0.507 
190,-0.849 
190,-55.362 
190,-24.434 
190,-23.199 
190,-100.000 
191,-0.049 
191,-3.150 
191,-0.219 
191,-2.999 
191,-32.478 
191,25.043 
191,-23.922 
191,135.486 
191,0.818 
191,-100.000 
192,-0.156 
192,-23.722 
192,-7.088 
192,28.936 
192,-0.181 
192,-30.871 
192,-122.177 
192,-262.558 
192,3.103 
192,-100.000 
193,-0.094 
193,-0.116 
193,-0.238 
193,-0.382 
193,61.583 
193,-2.439 
193,-263.733 
193,116.724 
193,-23.802 
193,-100.000 
194,-0.156 
194,-0.475 
194,-5.763 
194,-0.529 
194,-3.535 
194,-64.809 
194,-6.037 
194,-294.067 
194,-3.283 
194,-100.000 
195,-0.156 
195,-0.171 
195,-145.729 
195,-0.142 
195,6.704 
195,-200.434 
195,-0.275 
195,-30.925 
195,-11.667 
195,-100.000 
196,-0.156 
196,-0.171 
196,-0.285 
196,-0.261 
196,-10.501 
196,-5.825 
196,2.636 
196,-6.249 
196,332.241 
196,370.821 
197,-0.049 
197,-0.079 
197,-62.249 
197,-0.314 
197,-0.506 
197,-0.665 
197,-0.567 
197,-0.441 
197,8.042 
197,-100.000 
198,-0.207 
198,-0.223 
198,-0.410 
198,61.371 
198,-0.609 
198,-0.937 
198,-267.825 
198,-23.108 
198,-24.331 
198,-100.000 
199,-0.207 
199,-29.398 
199,-7.140 
199,-0.314 
199,-138.521 
199,23.329 
199,30.209 
199,-122.517 
199,-7.751 
199,-100.000 
200,-0.049 
200,-0.079 
200,-0.119 
200,-0.102 
200,-115.857 
200,-5.446 
200,-3.122 
200,-23.713 
200,0.000 
201,-0.049 
201,-0.171 
201,-0.373 
201,-0.467 
201,-145.985 
201,6.444 
201,29.886 
201,-29.820 
201,2.448 
201,-100.000 
202,-0.156 
202,-0.378 
202,-0.373 
202,0.422 
202,-3.375 
202,4.893 
202,-186.671 
202,28.810 
202,2.465 
202,123.069 
203,-0.049 
203,-0.079 
203,-0.089 
203,6.723 
203,199.876 
203,-31.127 
203,-22.821 
203,116.665 
203,-91.608 
203,198.847 
204,-0.049 
204,-0.079 
204,-8.538 
204,2.321 
204,-62.182 
204,5.042 
204,-5.161 
204,2.776 
204,-392.307 
204,-100.000 
205,-0.049 
205,-0.079 
205,-0.167 
205,-0.432 
205,-0.381 
205,-0.428 
205,-0.337 
205,-369.869 
205,-17.290 
205,-100.000 
206,-0.207 
206,-0.223 
206,-0.410 
206,-0.659 
206,-1.007 
206,-0.937 
206,-17.051 
206,-186.650 
206,22.620 
206,-100.000 
207,-0.207 
207,-0.223 
207,-0.249 
207,-8.322 
207,-5.974 
207,-5.412 
207,-3.637 
207,63.856 
207,-73.519 
207,-100.000 
208,-0.207 
208,-0.296 
208,-5.902 
208,-3.391 
208,135.551 
208,24.804 
208,2.293 
208,-1.900 
208,-127.365 
208,-100.000 
209,-0.156 
209,-0.171 
209,-0.167 
209,-0.261 
209,-0.454 
209,-0.390 
209,-305.970 
209,30.137 
209,4.854 
209,-100.000 
210,-0.049 
210,-0.079 
210,-0.089 
210,-5.439 
210,2.903 
210,4.637 
210,-5.631 
210,-113.112 
210,-23.894 
210,-100.000 
211,-0.049 
211,-0.198 
211,-0.561 
211,-0.603 
211,-0.552 
211,-0.550 
211,-62.594 
211,-0.645 
211,-47.271 
211,-100.000 
212,-0.049 
212,-23.722 
212,-0.373 
212,-30.969 
212,-122.328 
212,3.854 
212,2.560 
212,-29.616 
212,135.554 
212,-100.000 
213,-0.049 
213,-0.171 
213,-0.167 
213,-0.432 
213,-0.595 
213,-62.528 
213,119.595 
213,11.942 
213,126.051 
213,281.030 
214,-0.049 
214,-0.198 
214,-0.445 
214,-0.458 
214,-0.466 
214,-0.464 
214,-0.521 
214,0.950 
214,147.633 
214,1801.900 
215,-0.049 
215,-0.079 
215,-2.159 
215,-5.724 
215,111.771 
215,28.969 
215,-3.194 
215,-36.077 
215,-264.877 
215,-100.000 
216,-0.156 
216,-0.171 
216,-0.167 
216,-0.162 
216,-5.006 
216,-3.272 
216,-251.510 
216,126.650 
216,-12.952 
216,-100.000 
217,-0.156 
217,-0.171 
217,5.360 
217,-3.271 
217,-34.046 
217,-29.603 
217,24.811 
217,-3.716 
217,-265.212 
217,-100.000 
218,-0.156 
218,-23.722 
218,-3.524 
218,-12.914 
218,-29.562 
218,116.710 
218,2.474 
218,25.097 
218,-260.090 
218,-100.000 
219,-0.049 
219,2.873 
219,4.739 
219,-6.188 
219,1.495 
219,-5.723 
219,-0.788 
219,-373.353 
219,0.000 
220,-0.049 
220,-0.079 
220,-0.208 
220,-0.261 
220,-0.390 
220,-0.525 
220,61.541 
220,15.888 
220,-91.135 
220,-100.000 
221,-0.094 
221,-0.116 
221,-0.119 
221,-91.674 
221,199.774 
221,-7.371 
221,90.758 
221,-3.208 
221,-3.796 
221,209.299 
222,-0.049 
222,-0.116 
222,-0.193 
222,2.173 
222,-10.680 
222,-203.088 
222,-91.577 
222,-1.802 
222,-127.387 
222,-100.000 
223,-0.049 
223,-0.079 
223,-0.281 
223,-0.264 
223,145.185 
223,-22.225 
223,197.389 
223,-23.948 
223,2.685 
223,335.959 
224,-0.049 
224,-62.254 
224,-0.337 
224,-0.314 
224,9.571 
224,-0.665 
224,-5.866 
224,-3.512 
224,288.566 
224,347.114 
225,-0.049 
225,-3.150 
225,-0.219 
225,-5.069 
225,2.653 
225,-0.309 
225,59.301 
225,-6.095 
225,-5.596 
225,-100.000 
226,-0.049 
226,-2.479 
226,-197.337 
226,-3.387 
226,-127.410 
226,35.417 
226,-3.567 
226,-24.219 
226,32.290 
226,-100.000 
227,-0.049 
227,2.873 
227,5.200 
227,-0.551 
227,-64.938 
227,-3.248 
227,-0.361 
227,-5.237 
227,4.607 
227,224.233 
228,-0.207 
228,-0.223 
228,-5.093 
228,5.331 
228,-3.193 
228,-103.234 
228,-36.145 
228,2.937 
228,-23.792 
228,-100.000 
229,-0.049 
229,-2.479 
229,-5.734 
229,-3.002 
229,-3.239 
229,-5.427 
229,-0.337 
229,-62.298 
229,4.632 
229,-100.000 
230,-0.049 
230,-2.479 
230,-3.279 
230,196.694 
230,-3.210 
230,24.775 
230,-91.730 
230,-117.670 
230,0.594 
230,-100.000 
231,-0.207 
231,-0.223 
231,-151.406 
231,1.528 
231,2.534 
231,2.627 
231,0.797 
231,135.237 
231,-26.264 
231,-100.000 
232,-0.049 
232,2.992 
232,-2.893 
232,-4.953 
232,-2.568 
232,-5.427 
232,-0.337 
232,-5.871 
232,0.000 
233,-0.049 
233,-0.079 
233,-0.219 
233,-29.370 
233,-262.463 
233,-30.859 
233,-7.369 
233,-122.468 
233,-21.269 
233,-100.000 
234,-0.156 
234,-0.171 
234,-62.308 
234,-0.239 
234,-0.300 
234,-0.222 
234,-8.021 
234,4.512 
234,-5.779 
234,-100.000 
235,-0.049 
235,-0.171 
235,5.360 
235,2.543 
235,1.946 
235,2.562 
235,-5.723 
235,155.534 
235,-127.424 
235,-100.000 
236,-0.049 
236,-0.198 
236,-0.561 
236,-31.145 
236,199.656 
236,-91.863 
236,5.057 
236,-117.993 
236,-24.450 
236,-100.000 
237,-0.049 
237,-0.171 
237,-0.167 
237,-0.142 
237,-0.217 
237,-5.003 
237,-5.573 
237,-133.231 
237,-203.069 
237,-100.000 
238,-0.207 
238,-0.223 
238,-0.249 
238,-0.762 
238,-3.252 
238,-64.807 
238,-0.490 
238,5.043 
238,-296.878 
238,-100.000 
239,-0.049 
239,5.447 
239,4.739 
239,-3.348 
239,-5.500 
239,-0.657 
239,-0.564 
239,63.593 
239,-4.001 
239,-100.000 
240,-0.049 
240,-0.171 
240,23.178 
240,-0.348 
240,-200.704 
240,6.562 
240,121.618 
240,29.997 
240,-91.706 
240,-100.000 
241,-0.049 
241,4.677 
241,-0.285 
241,-5.906 
241,2.183 
241,4.981 
241,-3.239 
241,-372.999 
241,-3.383 
241,-100.000 
242,-0.049 
242,-0.171 
242,2.786 
242,-5.906 
242,-3.021 
242,5.142 
242,2.977 
242,-127.199 
242,202.338 
242,-100.000 
243,-0.049 
243,-0.079 
243,-0.119 
243,-5.669 
243,-5.058 
243,5.399 
243,2.111 
243,-58.095 
243,-91.490 
243,-100.000 
244,-0.049 
244,-0.079 
244,-0.208 
244,-7.119 
244,-29.445 
244,-8.694 
244,-141.011 
244,-127.144 
244,-23.863 
244,-100.000 
245,-0.049 
245,-0.079 
245,-0.373 
245,-8.294 
245,-3.108 
245,-142.770 
245,-12.960 
245,-36.182 
245,-202.951 
245,-100.000 
246,-0.049 
246,-0.198 
246,-0.445 
246,-0.435 
246,-0.454 
246,-62.490 
246,-0.480 
246,-323.952 
246,-31.133 
246,-100.000 
247,-0.049 
247,-0.378 
247,-5.247 
247,-3.538 
247,-0.506 
247,-119.967 
247,-36.552 
247,0.631 
247,259.174 
247,113.260 
248,-0.207 
248,-0.223 
248,-0.219 
248,7.632 
248,59.361 
248,-0.428 
248,-378.500 
248,2.354 
248,25.005 
248,-100.000 
249,-0.094 
249,-0.116 
249,-0.119 
249,-0.102 
249,-0.167 
249,-62.246 
249,-208.872 
249,-23.667 
249,-0.572 
249,-100.000 
250,-0.049 
250,-0.079 
250,-0.089 
250,-0.264 
250,-0.329 
250,-62.407 
250,261.993 
250,-23.947 
250,-1.001 
250,269.568 
251,-0.049 
251,-0.198 
251,-0.445 
251,-0.435 
251,-62.538 
251,-0.614 
251,-324.243 
251,-23.947 
251,-7.453 
251,-100.000 
252,-0.049 
252,-0.079 
252,1.981 
252,-125.242 
252,-198.049 
252,-23.909 
252,-36.174 
252,-3.352 
252,-33.033 
252,-100.000 
253,-0.049 
253,-2.883 
253,-2.489 
253,-5.563 
253,-5.872 
253,-234.822 
253,23.235 
253,-3.276 
253,0.000 
254,-0.049 
254,-0.116 
254,-0.193 
254,-0.162 
254,-5.262 
254,-2.558 
254,-204.484 
254,-12.878 
254,126.498 
254,-100.000 
255,-0.049 
255,-3.150 
255,-2.489 
255,-0.348 
255,-3.108 
255,-62.340 
255,191.175 
255,-12.897 
255,-36.401 
255,-100.000 
256,-0.207 
256,61.808 
256,-0.249 
256,-0.337 
256,-199.141 
256,-122.465 
256,-2.151 
256,-23.947 
256,12.195 
256,-100.000 
257,-0.207 
257,61.808 
257,-0.278 
257,-0.358 
257,-328.423 
257,-7.349 
257,-0.449 
257,-4.895 
257,-36.316 
257,-100.000 
258,-0.049 
258,-0.079 
258,-0.208 
258,128.616 
258,-29.564 
258,29.944 
258,-262.878 
258,-0.855 
258,-23.290 
258,-100.000 
259,-0.207 
259,-0.223 
259,61.812 
259,-0.314 
259,-11.119 
259,-5.318 
259,-6.146 
259,-3.807 
259,-0.781 
259,-100.000 
260,-0.049 
260,-0.171 
260,23.384 
260,-7.063 
260,-11.699 
260,2.918 
260,197.606 
260,-117.546 
260,0.000 
261,-0.049 
261,-0.378 
261,-0.373 
261,-55.067 
261,-5.930 
261,2.712 
261,-3.079 
261,0.986 
261,-25.774 
261,-100.000 
262,-0.049 
262,-0.198 
262,6.713 
262,-12.065 
262,-29.445 
262,24.924 
262,116.571 
262,-23.989 
262,-3.336 
262,-100.000 
263,-0.049 
263,-0.079 
263,-0.373 
263,2.107 
263,4.865 
263,-3.168 
263,1.965 
263,4.313 
263,-387.066 
263,-100.000 
264,-0.049 
264,-0.198 
264,-10.727 
264,-0.261 
264,4.801 
264,-3.499 
264,-3.141 
264,-2.745 
264,0.000 
265,-0.207 
265,-0.223 
265,-0.278 
265,-5.884 
265,2.623 
265,-56.717 
265,-264.836 
265,-127.011 
265,35.768 
265,-100.000 
266,-0.049 
266,-0.079 
266,-0.167 
266,0.006 
266,-5.210 
266,5.374 
266,-2.588 
266,91.545 
266,24.915 
266,-100.000 
267,-0.049 
267,-0.079 
267,-0.167 
267,-6.223 
267,-27.125 
267,116.779 
267,197.488 
267,-91.537 
267,24.801 
267,312.258 
268,-0.049 
268,-0.079 
268,-5.964 
268,5.198 
268,-5.058 
268,-0.364 
268,-2.673 
268,5.321 
268,-305.482 
268,-100.000 
269,-0.049 
269,-0.079 
269,200.192 
269,-8.702 
269,25.074 
269,0.987 
269,-3.135 
269,-23.787 
269,116.752 
269,362.266 
270,-0.049 
270,-0.079 
270,-0.089 
270,30.337 
270,-8.412 
270,-1.565 
270,-198.331 
270,-33.269 
270,-117.540 
270,-100.000 
271,-0.207 
271,61.808 
271,-0.249 
271,-0.218 
271,-0.329 
271,2.909 
271,195.417 
271,-117.433 
271,-1.679 
271,136.197 
272,-0.049 
272,-0.198 
272,-322.501 
272,-0.198 
272,23.128 
272,-33.283 
272,-30.929 
272,-7.286 
272,-2.773 
272,-100.000 
273,-0.049 
273,-0.198 
273,-0.445 
273,-322.728 
273,-24.005 
273,-0.390 
273,-7.433 
273,-91.656 
273,30.143 
273,-100.000 
274,-0.156 
274,-0.171 
274,-0.167 
274,-0.261 
274,-0.499 
274,-0.428 
274,-376.900 
274,-21.946 
274,-13.018 
274,-100.000 
275,-0.049 
275,-0.198 
275,-0.208 
275,-0.544 
275,-0.507 
275,-0.450 
275,-360.189 
275,-17.234 
275,-91.532 
275,-100.000 
276,-0.049 
276,-0.378 
276,-6.018 
276,-3.419 
276,2.096 
276,-234.263 
276,-127.161 
276,-3.213 
276,-36.332 
276,-100.000 
277,-0.049 
277,-0.116 
277,-0.119 
277,-0.102 
277,-0.317 
277,-0.364 
277,-0.511 
277,1.449 
277,-325.940 
277,-100.000 
278,-0.049 
278,-0.223 
278,2.852 
278,4.561 
278,-5.915 
278,-64.637 
278,5.013 
278,-0.365 
278,-104.621 
278,-100.000 
279,-0.049 
279,-0.223 
279,-0.337 
279,61.717 
279,-0.300 
279,-8.703 
279,-256.726 
279,-25.742 
279,0.980 
279,-100.000 
280,-0.049 
280,30.323 
280,-122.292 
280,-0.264 
280,-0.852 
280,-198.289 
280,-3.135 
280,-12.801 
280,-23.863 
280,-100.000 
281,-0.049 
281,-0.079 
281,-0.089 
281,-0.079 
281,-0.168 
281,-62.237 
281,-0.124 
281,-0.268 
281,-18.194 
281,210.320 
282,-0.207 
282,-0.223 
282,-3.290 
282,2.491 
282,-5.586 
282,4.659 
282,-0.392 
282,-60.136 
282,-6.005 
282,221.781 
283,-0.049 
283,-0.079 
283,-0.373 
283,-0.348 
283,-11.420 
283,-5.707 
283,-258.637 
283,2.480 
283,0.000 
284,-0.049 
284,-0.079 
284,-0.089 
284,-0.102 
284,-10.606 
284,-4.883 
284,-356.715 
284,2.997 
284,0.000 
285,-0.049 
285,-0.079 
285,61.812 
285,-229.651 
285,-2.323 
285,23.329 
285,12.236 
285,-36.266 
285,2.613 
285,-100.000 
286,-0.049 
286,-7.000 
286,-30.720 
286,-200.383 
286,-33.023 
286,-0.258 
286,-122.180 
286,-23.797 
286,-0.221 
286,-100.000 
287,-0.049 
287,-2.883 
287,-2.489 
287,197.050 
287,-3.239 
287,-25.429 
287,-23.888 
287,-117.483 
287,0.824 
287,-100.000 
288,-0.049 
288,-0.079 
288,-8.538 
288,-10.152 
288,-117.187 
288,-3.190 
288,-198.049 
288,-36.136 
288,0.000 
289,-0.049 
289,-0.278 
289,-0.281 
289,-0.379 
289,-0.609 
289,-0.550 
289,-62.594 
289,-366.085 
289,-18.372 
289,-100.000 
290,-0.049 
290,2.992 
290,-0.219 
290,4.561 
290,-0.300 
290,-5.527 
290,-5.973 
290,-3.169 
290,-157.281 
290,-100.000 
291,-0.049 
291,-0.079 
291,-0.119 
291,-0.102 
291,98.148 
291,-200.409 
291,-91.331 
291,-0.252 
291,-23.911 
291,-100.000 
292,-0.049 
292,-0.198 
292,-0.445 
292,-0.791 
292,-0.761 
292,-9.876 
292,-0.781 
292,4.309 
292,-340.277 
292,-100.000 
293,-0.049 
293,-0.171 
293,-0.193 
293,7.419 
293,-5.874 
293,4.555 
293,2.296 
293,-62.469 
293,-3.484 
293,-100.000 
294,-0.049 
294,-0.079 
294,0.315 
294,-3.150 
294,-5.365 
294,166.401 
294,-23.824 
294,0.876 
294,90.909 
294,113.983 
295,-0.049 
295,-0.079 
295,-0.208 
295,-5.576 
295,4.954 
295,-0.377 
295,-64.954 
295,4.181 
295,-0.532 
295,-100.000 
296,-0.049 
296,-0.171 
296,-0.373 
296,-0.467 
296,-0.506 
296,-62.458 
296,3.866 
296,2.265 
296,-324.817 
296,-100.000 
297,-0.049 
297,-2.883 
297,3.063 
297,-12.645 
297,202.513 
297,-36.190 
297,2.740 
297,-127.240 
297,-23.775 
297,-100.000 
298,-0.049 
298,-0.079 
298,-0.089 
298,-0.142 
298,-0.447 
298,-5.146 
298,1.975 
298,64.114 
298,-36.600 
298,-100.000 
299,-0.094 
299,-0.116 
299,-0.119 
299,-0.162 
299,-0.229 
299,152.655 
299,2.432 
299,-3.621 
299,90.759 
299,134.181 
300,-0.049 
300,-0.079 
300,200.073 
300,30.057 
300,121.505 
300,-13.105 
300,-23.940 
300,-91.526 
300,0.702 
300,376.578 
301,-0.049 
301,-0.079 
301,-0.208 
301,206.886 
301,-14.554 
301,-91.531 
301,24.735 
301,-127.343 
301,-3.529 
301,-100.000 
302,-0.207 
302,-0.296 
302,-0.278 
302,-6.070 
302,-0.853 
302,2.406 
302,-36.467 
302,-117.934 
302,-265.364 
302,-100.000 
303,-0.094 
303,-0.116 
303,-0.281 
303,-0.323 
303,-0.272 
303,-0.319 
303,-0.228 
303,-2.142 
303,60.760 
303,-100.000 
304,-0.049 
304,-0.223 
304,-29.513 
304,-122.325 
304,-23.850 
304,-1.422 
304,-1.725 
304,2.502 
304,-260.699 
304,-100.000 
305,-0.049 
305,-0.378 
305,-0.373 
305,-0.348 
305,-0.317 
305,-6.223 
305,135.622 
305,116.695 
305,-3.354 
305,191.060 
306,-0.049 
306,-0.079 
306,-0.356 
306,-2.479 
306,4.706 
306,-75.474 
306,35.128 
306,-13.361 
306,-91.931 
306,-100.000 
307,-0.049 
307,-0.079 
307,-0.089 
307,-1.199 
307,4.793 
307,-2.969 
307,-0.508 
307,-6.249 
307,61.530 
307,-100.000 
308,-0.049 
308,-0.079 
308,-0.089 
308,-11.195 
308,-2.854 
308,5.130 
308,-0.316 
308,-197.485 
308,-127.360 
308,-100.000 
309,-0.049 
309,-0.079 
309,-0.089 
309,-0.079 
309,-0.227 
309,-0.201 
309,-13.394 
309,-203.788 
309,-127.360 
309,-100.000 
310,-0.049 
310,-0.079 
310,-0.167 
310,-8.393 
310,-3.227 
310,-5.664 
310,-3.463 
310,-211.382 
310,0.000 
311,-0.049 
311,-0.079 
311,-0.373 
311,-0.348 
311,-0.423 
311,183.055 
311,-11.976 
311,-91.656 
311,-25.759 
311,232.415 
312,-0.049 
312,-7.000 
312,-0.208 
312,-0.198 
312,-200.568 
312,-122.486 
312,-16.167 
312,35.148 
312,-24.174 
312,-100.000 
313,-0.049 
313,6.723 
313,-29.513 
313,-0.314 
313,5.485 
313,126.086 
313,-36.781 
313,-141.420 
313,-24.364 
313,-100.000 
314,-0.049 
314,-0.079 
314,-0.373 
314,-1.138 
314,-6.068 
314,-5.352 
314,2.411 
314,50.422 
314,-91.637 
314,-100.000 
315,-0.049 
315,-0.079 
315,-62.249 
315,-0.218 
315,-0.329 
315,-0.258 
315,-0.371 
315,-8.295 
315,4.416 
315,-100.000 
316,-0.049 
316,2.873 
316,2.359 
316,4.083 
316,-6.077 
316,-95.283 
316,-203.326 
316,-13.233 
316,-24.089 
316,-100.000 
317,-0.049 
317,-0.079 
317,-0.208 
317,-10.543 
317,2.636 
317,-5.764 
317,-5.351 
317,-356.737 
317,0.000 
318,-0.049 
318,-0.171 
318,-0.278 
318,-0.239 
318,-0.355 
318,-11.445 
318,5.361 
318,-26.549 
318,-127.138 
318,-100.000 
319,-0.049 
319,-0.079 
319,-0.089 
319,-129.012 
319,-10.916 
319,-25.471 
319,-23.866 
319,197.676 
319,0.000 
320,-0.049 
320,-0.079 
320,-207.291 
320,-0.198 
320,-0.168 
320,-91.412 
320,-23.675 
320,-30.869 
320,-122.254 
320,-100.000 
321,-0.049 
321,2.873 
321,2.192 
321,4.756 
321,3.969 
321,-62.967 
321,-3.651 
321,-6.500 
321,-334.517 
321,-100.000 
322,-0.049 
322,-0.079 
322,-0.089 
322,-0.079 
322,-62.182 
322,-0.207 
322,-0.286 
322,-0.159 
322,34.902 
322,-100.000 
323,-0.049 
323,2.873 
323,-3.359 
323,197.565 
323,-3.091 
323,0.801 
323,-23.975 
323,24.989 
323,-91.415 
323,385.957 
324,-0.094 
324,-0.278 
324,-152.893 
324,-7.405 
324,-12.911 
324,2.545 
324,23.085 
324,201.970 
324,-91.814 
324,-100.000 
325,-0.049 
325,-0.079 
325,-0.167 
325,-0.142 
325,-0.217 
325,-231.024 
325,32.613 
325,0.619 
325,-36.380 
325,-100.000 
326,-0.049 
326,-0.171 
326,-3.444 
326,-0.445 
326,-5.262 
326,-3.232 
326,-5.790 
326,-209.093 
326,-265.450 
326,-100.000 
327,-0.207 
327,-0.223 
327,-0.219 
327,-0.314 
327,-62.301 
327,-107.651 
327,-7.044 
327,-30.777 
327,-0.721 
327,-100.000 
328,-0.049 
328,-2.883 
328,-3.160 
328,-5.843 
328,-2.568 
328,-5.230 
328,-0.512 
328,91.339 
328,-36.654 
328,-100.000 
329,-0.049 
329,-0.079 
329,-62.249 
329,-0.218 
329,-0.167 
329,-0.258 
329,-13.246 
329,4.698 
329,-141.980 
329,-100.000 
330,-0.049 
330,-0.198 
330,-0.208 
330,-7.119 
330,-200.449 
330,-1.219 
330,-36.393 
330,-24.154 
330,116.545 
330,-100.000 
331,-0.049 
331,-0.198 
331,-0.238 
331,30.143 
331,-200.703 
331,121.291 
331,32.137 
331,6.151 
331,-24.158 
331,-100.000 
332,-0.049 
332,2.606 
332,4.739 
332,4.703 
332,-5.780 
332,-0.879 
332,-0.844 
332,-134.783 
332,139.957 
332,-100.000 
333,-0.049 
333,-0.378 
333,-0.373 
333,-0.368 
333,-2.291 
333,-3.435 
333,2.370 
333,-88.795 
333,-1.749 
333,-100.000 
334,-0.049 
334,-0.378 
334,-0.373 
334,-6.223 
334,-5.778 
334,3.212 
334,196.887 
334,-92.131 
334,116.357 
334,341.596 
335,-0.049 
335,-0.116 
335,-0.119 
335,-0.221 
335,-237.987 
335,23.187 
335,-122.404 
335,-0.518 
335,32.440 
335,-100.000 
336,-0.049 
336,-0.079 
336,0.140 
336,-3.387 
336,-23.886 
336,126.378 
336,201.900 
336,11.889 
336,-91.787 
336,531.059 
337,-0.049 
337,-0.378 
337,-0.373 
337,-0.348 
337,-0.317 
337,-0.364 
337,-62.359 
337,-229.692 
337,-0.479 
337,-100.000 
338,-0.049 
338,-0.079 
338,-0.208 
338,5.477 
338,-2.805 
338,-5.665 
338,-0.304 
338,-5.187 
338,-319.809 
338,-100.000 
339,-0.207 
339,-0.223 
339,-0.219 
339,-0.445 
339,-8.066 
339,64.003 
339,-5.790 
339,-6.290 
339,-3.571 
339,-100.000 
340,-0.156 
340,-23.722 
340,-0.167 
340,-29.415 
340,-0.300 
340,-138.591 
340,0.242 
340,12.204 
340,126.305 
340,-100.000 
341,-0.207 
341,-0.223 
341,5.426 
341,-59.944 
341,180.671 
341,-3.248 
341,-36.263 
341,-127.300 
341,2.431 
341,-100.000 
342,-0.049 
342,-0.171 
342,-2.567 
342,61.791 
342,-5.945 
342,-3.530 
342,-257.256 
342,-127.455 
342,-36.316 
342,-100.000 
343,-0.156 
343,-0.171 
343,-0.278 
343,4.880 
343,-3.159 
343,-64.819 
343,-6.135 
343,-3.673 
343,167.011 
343,-100.000 
344,-0.156 
344,-0.296 
344,-0.575 
344,24.447 
344,6.339 
344,-122.509 
344,8.592 
344,-3.576 
344,-3.283 
344,-100.000 
345,-0.156 
345,-0.378 
345,145.190 
345,-0.348 
345,-7.225 
345,-200.640 
345,-0.275 
345,-0.538 
345,-25.774 
345,-100.000 
346,-0.049 
346,-4.953 
346,2.597 
346,4.756 
346,-2.907 
346,-3.640 
346,61.464 
346,4.790 
346,-311.520 
346,-100.000 
347,-0.049 
347,2.873 
347,2.359 
347,-6.080 
347,-0.507 
347,-25.968 
347,-260.747 
347,24.574 
347,22.715 
347,-100.000 
348,-0.049 
348,-0.171 
348,-0.167 
348,-2.064 
348,-5.799 
348,-2.947 
348,-6.338 
348,-3.387 
348,-386.969 
348,-100.000 
349,-0.156 
349,-0.171 
349,-0.167 
349,-0.142 
349,-0.181 
349,-0.108 
349,-62.195 
349,-290.688 
349,121.879 
349,-100.000 
350,-0.049 
350,-0.198 
350,6.713 
350,-23.811 
350,-31.100 
350,-6.729 
350,-29.568 
350,-3.339 
350,135.490 
350,219.740 
351,-0.049 
351,-0.198 
351,-0.337 
351,7.898 
351,4.011 
351,-3.871 
351,-6.018 
351,-131.267 
351,135.211 
351,-100.000 
352,-0.049 
352,-0.198 
352,-0.238 
352,-0.458 
352,-62.554 
352,-0.464 
352,-0.521 
352,-18.846 
352,-6.177 
352,-100.000 
353,-0.049 
353,-0.198 
353,-0.285 
353,-0.498 
353,183.198 
353,-14.657 
353,-25.767 
353,2.449 
353,116.557 
353,230.807 
354,-0.049 
354,5.447 
354,4.429 
354,4.358 
354,-163.591 
354,-24.430 
354,-30.019 
354,-141.576 
354,-3.703 
354,-100.000 
355,-0.049 
355,-0.171 
355,-0.167 
355,-0.348 
355,-0.317 
355,-0.245 
355,-1.662 
355,-0.246 
355,-201.790 
355,-100.000 
356,-0.207 
356,-0.223 
356,-0.219 
356,-0.314 
356,-62.301 
356,-178.234 
356,-122.373 
356,-6.232 
356,-23.982 
356,-100.000 
357,-0.049 
357,-0.116 
357,-0.119 
357,5.483 
357,-5.058 
357,-5.891 
357,-62.274 
357,-0.322 
357,-348.602 
357,-100.000 
358,-0.049 
358,2.873 
358,-5.082 
358,-2.716 
358,-5.603 
358,-3.212 
358,-6.256 
358,-0.516 
358,-380.600 
358,-100.000 
359,-0.049 
359,-0.223 
359,-0.337 
359,-151.501 
359,-0.270 
359,-262.518 
359,-0.771 
359,-1.890 
359,22.882 
359,-100.000 
360,-0.156 
360,-0.171 
360,-0.193 
360,-0.323 
360,-68.338 
360,-7.328 
360,-0.435 
360,-200.842 
360,-27.677 
360,-100.000 
361,-0.156 
361,-0.171 
361,-0.373 
361,-0.445 
361,61.978 
361,-0.309 
361,-1.020 
361,-140.863 
361,35.680 
361,-100.000 
362,-0.156 
362,-0.171 
362,-0.285 
362,-0.551 
362,-62.613 
362,-13.842 
362,-3.463 
362,-3.191 
362,4.514 
362,-100.000 
363,-0.049 
363,2.606 
363,-0.337 
363,5.331 
363,-5.586 
363,-5.090 
363,-0.328 
363,2.630 
363,-64.846 
363,217.337 
364,-0.049 
364,5.566 
364,-4.963 
364,-2.883 
364,-0.304 
364,-88.747 
364,-3.465 
364,35.297 
364,-29.676 
364,-100.000 
365,-0.049 
365,2.725 
365,4.667 
365,-3.269 
365,-125.450 
365,-25.709 
365,0.945 
365,-202.916 
365,-23.863 
365,-100.000 
366,-0.049 
366,2.873 
366,-0.337 
366,4.641 
366,61.920 
366,-265.649 
366,-3.651 
366,-24.476 
366,-13.465 
366,-100.000 
367,-0.049 
367,-4.953 
367,2.982 
367,118.781 
367,-23.855 
367,0.917 
367,-29.505 
367,135.401 
367,24.843 
367,373.183 
368,-0.156 
368,-0.171 
368,-0.285 
368,7.951 
368,1.590 
368,-5.620 
368,2.203 
368,-6.056 
368,-143.238 
368,-100.000 
369,-0.049 
369,-0.079 
369,5.667 
369,4.439 
369,-125.569 
369,-1.988 
369,-29.892 
369,22.951 
369,-25.909 
369,-100.000 
370,-0.207 
370,-0.296 
370,-0.278 
370,2.446 
370,-5.174 
370,-5.688 
370,5.361 
370,-157.220 
370,-265.006 
370,-100.000 
371,-0.049 
371,-0.171 
371,-0.373 
371,-0.529 
371,-0.758 
371,-0.687 
371,134.989 
371,-201.165 
371,32.075 
371,-100.000 
372,-0.049 
372,-0.171 
372,-0.285 
372,-16.890 
372,30.049 
372,-29.725 
372,-17.612 
372,116.419 
372,135.157 
372,368.962 
373,-0.049 
373,-0.079 
373,-0.208 
373,-0.467 
373,-0.423 
373,-5.911 
373,-112.523 
373,-36.419 
373,-3.620 
373,-100.000 
374,-0.207 
374,-0.223 
374,4.656 
374,-0.239 
374,-3.458 
374,72.010 
374,35.250 
374,-265.238 
374,12.065 
374,-100.000 
375,-0.156 
375,-0.378 
375,-0.373 
375,-0.467 
375,-0.660 
375,-0.596 
375,-353.396 
375,3.009 
375,-26.045 
375,-100.000 
376,-0.049 
376,-5.724 
376,2.715 
376,-0.348 
376,-5.616 
376,-2.807 
376,2.636 
376,-5.198 
376,-380.526 
376,-100.000 
377,-0.049 
377,-0.198 
377,-0.208 
377,-0.198 
377,114.685 
377,199.569 
377,-31.407 
377,-91.976 
377,-27.886 
377,171.997 
378,-0.207 
378,-0.296 
378,-0.278 
378,-62.476 
378,-0.506 
378,72.217 
378,-13.827 
378,-13.016 
378,-36.681 
378,-100.000 
379,-0.049 
379,-0.198 
379,5.430 
379,4.083 
379,-6.077 
379,-0.751 
379,-133.080 
379,-29.972 
379,-1.929 
379,-100.000 
380,-0.049 
380,-0.079 
380,-122.101 
380,6.842 
380,-0.168 
380,-2.190 
380,-23.738 
380,-202.765 
380,0.000 
381,-0.207 
381,-0.223 
381,-0.337 
381,-0.337 
381,61.507 
381,-0.614 
381,-5.072 
381,-3.218 
381,-0.458 
381,-100.000 
382,-0.156 
382,-0.296 
382,-62.308 
382,-0.445 
382,-0.387 
382,-0.309 
382,-0.371 
382,-0.246 
382,62.684 
382,-100.000 
383,-0.049 
383,-0.378 
383,-0.399 
383,-0.368 
383,192.796 
383,-91.639 
383,-7.411 
383,-0.365 
383,-122.351 
383,-100.000 
384,-0.049 
384,-0.079 
384,-0.373 
384,-0.348 
384,-0.423 
384,-9.479 
384,-5.896 
384,-5.758 
384,-62.811 
384,-100.000 
385,-0.049 
385,-0.079 
385,-0.089 
385,-0.198 
385,-13.318 
385,-5.750 
385,-6.019 
385,-357.060 
385,-33.182 
385,-100.000 
386,-0.049 
386,-0.198 
386,-62.368 
386,292.567 
386,-10.933 
386,-3.515 
386,-3.521 
386,-36.509 
386,-13.206 
386,170.786 
387,-0.049 
387,2.606 
387,-0.337 
387,4.561 
387,-3.341 
387,-60.075 
387,4.453 
387,-327.725 
387,-24.450 
387,-100.000 
388,-0.049 
388,2.873 
388,5.200 
388,4.439 
388,4.394 
388,-3.653 
388,161.794 
388,-203.595 
388,-24.335 
388,-100.000 
389,-0.049 
389,-0.116 
389,-0.193 
389,-0.280 
389,-0.390 
389,-0.319 
389,-0.228 
389,-14.582 
389,-136.534 
389,-100.000 
390,-0.049 
390,-0.116 
390,-0.119 
390,-0.221 
390,-0.421 
390,-9.146 
390,61.507 
390,-5.288 
390,-134.679 
390,-100.000 
391,-0.049 
391,-0.116 
391,-0.238 
391,-231.103 
391,-0.184 
391,-23.915 
391,6.529 
391,-122.530 
391,-7.833 
391,-100.000 
392,-0.049 
392,-0.223 
392,-0.219 
392,-0.195 
392,-62.301 
392,-0.207 
392,285.955 
392,-30.896 
392,-16.121 
392,194.129 
393,-0.049 
393,-0.116 
393,2.215 
393,-5.138 
393,-5.990 
393,-163.093 
393,2.460 
393,23.034 
393,197.258 
393,-100.000 
394,-0.049 
394,-0.079 
394,-0.119 
394,-0.102 
394,-0.184 
394,-0.289 
394,-14.677 
394,-62.326 
394,69.220 
394,-100.000 
395,-0.049 
395,-0.079 
395,-0.119 
395,5.303 
395,1.893 
395,5.076 
395,240.225 
395,-127.520 
395,-24.261 
395,-100.000 
396,-0.156 
396,-0.205 
396,-0.399 
396,-0.368 
396,-0.317 
396,-0.364 
396,-0.511 
396,-92.759 
396,-91.621 
396,-100.000 
397,-0.049 
397,-0.079 
397,6.832 
397,-0.198 
397,23.128 
397,-29.603 
397,137.802 
397,4.753 
397,-127.555 
397,-100.000 
398,-0.049 
398,-3.150 
398,5.437 
398,-0.314 
398,-3.074 
398,-5.677 
398,-8.933 
398,116.842 
398,-23.890 
398,-100.000 
399,-0.049 
399,-0.278 
399,7.810 
399,3.932 
399,-156.670 
399,-24.430 
399,-198.670 
399,-3.601 
399,0.610 
399,-100.000 
400,-0.049 
400,-0.198 
400,-0.561 
400,-0.942 
400,-0.905 
400,-0.937 
400,-22.541 
400,112.629 
400,-136.576 
400,-100.000 
401,-0.207 
401,-62.254 
401,-0.219 
401,-0.239 
401,-0.300 
401,-0.459 
401,-0.521 
401,-4.422 
401,-280.652 
401,-100.000 
402,-0.049 
402,-0.079 
402,-0.281 
402,30.057 
402,-7.428 
402,199.432 
402,10.190 
402,-127.681 
402,-24.423 
402,-100.000 
403,-0.049 
403,-0.079 
403,-5.964 
403,-4.953 
403,5.477 
403,111.702 
403,197.713 
403,-36.136 
403,-91.371 
403,309.133 
404,-0.207 
404,-0.296 
404,-0.484 
404,-62.476 
404,-0.387 
404,-0.639 
404,4.929 
404,2.706 
404,-5.984 
404,-100.000 
405,-0.049 
405,-0.198 
405,-322.501 
405,-0.198 
405,-7.214 
405,12.329 
405,-3.358 
405,35.547 
405,-23.775 
405,-100.000 
406,-0.049 
406,-7.000 
406,2.404 
406,-25.565 
406,-3.031 
406,-198.170 
406,-127.099 
406,-3.187 
406,0.000 
407,-0.049 
407,23.173 
407,-0.373 
407,-7.269 
407,-0.423 
407,-200.877 
407,-31.112 
407,-122.412 
407,-15.189 
407,-100.000 
408,-0.094 
408,-0.278 
408,-0.281 
408,37.140 
408,121.429 
408,-24.107 
408,21.220 
408,-203.392 
408,-3.503 
408,-100.000 
409,-0.049 
409,-2.479 
409,2.597 
409,-5.521 
409,-62.317 
409,-0.227 
409,-233.715 
409,2.630 
409,-127.183 
409,-100.000 
410,-0.049 
410,2.606 
410,-5.853 
410,-3.269 
410,-0.217 
410,13.119 
410,-198.156 
410,24.977 
410,-127.198 
410,-100.000 
411,-0.049 
411,-0.079 
411,-0.089 
411,-0.079 
411,-0.049 
411,61.943 
411,-2.020 
411,-5.476 
411,-372.280 
411,-100.000 
412,-0.049 
412,2.606 
412,-3.359 
412,-3.387 
412,-36.204 
412,-29.509 
412,-260.156 
412,-1.647 
412,-117.735 
412,-100.000 
413,-0.049 
413,2.606 
413,2.707 
413,2.280 
413,-30.039 
413,126.086 
413,139.815 
413,-24.269 
413,-13.353 
413,452.681 
414,-0.049 
414,-0.079 
414,-0.208 
414,128.498 
414,-31.022 
414,-0.365 
414,-200.570 
414,-23.744 
414,0.000 
415,-0.049 
415,-0.079 
415,-0.219 
415,-0.195 
415,-0.387 
415,-0.309 
415,-123.638 
415,-30.966 
415,-262.812 
415,-100.000 
416,-0.049 
416,-0.079 
416,-6.045 
416,-36.164 
416,2.725 
416,116.730 
416,-1.607 
416,-23.993 
416,28.836 
416,-100.000 
417,-0.049 
417,-0.223 
417,-3.290 
417,5.450 
417,2.534 
417,-0.428 
417,4.426 
417,4.655 
417,109.060 
417,535.095 
418,-0.049 
418,-0.079 
418,121.804 
418,-7.119 
418,30.094 
418,-22.225 
418,-3.445 
418,23.065 
418,-203.155 
418,-100.000 
419,-0.049 
419,-0.378 
419,-62.514 
419,-0.445 
419,0.017 
419,5.217 
419,-205.059 
419,116.806 
419,-25.802 
419,-100.000 
420,-0.049 
420,-0.378 
420,-62.514 
420,-2.845 
420,4.487 
420,-128.271 
420,35.411 
420,-3.169 
420,-12.905 
420,-100.000 
421,-0.049 
421,-0.378 
421,-5.247 
421,-2.748 
421,-5.616 
421,-5.890 
421,2.650 
421,-333.275 
421,0.000 
422,-0.156 
422,-0.378 
422,-0.373 
422,-0.348 
422,-0.304 
422,-0.359 
422,61.127 
422,-31.162 
422,-91.664 
422,-100.000 
423,-0.049 
423,-0.079 
423,-129.022 
423,-0.198 
423,-31.108 
423,-200.731 
423,22.955 
423,-0.884 
423,-23.318 
423,-100.000 
424,-0.049 
424,-0.198 
424,-0.561 
424,-0.942 
424,-0.905 
424,-0.879 
424,-0.788 
424,-18.081 
424,-17.710 
424,-100.000 
425,-0.049 
425,-0.079 
425,-7.129 
425,-0.435 
425,-31.022 
425,199.916 
425,121.605 
425,-16.386 
425,-91.566 
425,192.199 
426,-0.049 
426,-0.079 
426,-0.219 
426,-62.226 
426,-0.181 
426,-0.270 
426,-0.445 
426,-101.113 
426,-17.494 
426,-100.000 
427,-0.049 
427,-0.198 
427,-0.561 
427,-0.942 
427,-14.480 
427,-228.579 
427,22.556 
427,-92.131 
427,-13.346 
427,-100.000 
428,-0.049 
428,5.183 
428,-0.193 
428,-5.036 
428,2.842 
428,5.326 
428,1.934 
428,2.093 
428,94.532 
428,-100.000 
429,-0.207 
429,-0.223 
429,-0.484 
429,-0.465 
429,-8.504 
429,-86.793 
429,-12.937 
429,-117.502 
429,-136.308 
429,-100.000 
430,-0.049 
430,-0.079 
430,-10.608 
430,2.992 
430,-0.304 
430,-155.875 
430,-25.617 
430,197.557 
430,2.331 
430,117.184 
431,-0.094 
431,-0.475 
431,-0.463 
431,-146.561 
431,-91.669 
431,5.554 
431,-3.197 
431,-12.834 
431,-3.313 
431,-100.000 
432,-0.049 
432,-3.150 
432,-5.853 
432,3.334 
432,2.399 
432,24.452 
432,-127.659 
432,-24.434 
432,-203.553 
432,-100.000 
433,-0.156 
433,-0.378 
433,-0.373 
433,-8.797 
433,2.648 
433,-20.259 
433,-198.275 
433,116.610 
433,-33.287 
433,-100.000 
434,-0.156 
434,-0.378 
434,-0.373 
434,10.052 
434,-5.735 
434,-2.925 
434,-3.785 
434,-3.807 
434,61.131 
434,-100.000 
435,-0.049 
435,-0.171 
435,-177.103 
435,32.410 
435,-7.427 
435,-5.321 
435,2.355 
435,-127.217 
435,2.640 
435,-100.000 
436,-0.049 
436,-0.378 
436,-0.373 
436,-0.871 
436,-6.068 
436,-62.458 
436,-191.336 
436,-3.402 
436,-117.569 
436,-100.000 
437,-0.049 
437,-0.079 
437,-0.089 
437,121.814 
437,-8.579 
437,-29.500 
437,-36.306 
437,-260.207 
437,-1.679 
437,-100.000 
438,-0.049 
438,-0.223 
438,-0.484 
438,-0.465 
438,-0.400 
438,-62.345 
438,-0.210 
438,-0.246 
438,-13.906 
438,-100.000 
439,-0.049 
439,-0.378 
439,-0.484 
439,-60.076 
439,-6.032 
439,-249.665 
439,-3.401 
439,-36.266 
439,-127.387 
439,-100.000 
440,-0.049 
440,-0.079 
440,23.384 
440,199.933 
440,-0.423 
440,-7.280 
440,-30.874 
440,0.269 
440,-117.763 
440,-100.000 
441,-0.049 
441,2.606 
441,-0.337 
441,31.776 
441,-3.578 
441,126.086 
441,-13.283 
441,-265.444 
441,-24.132 
441,-100.000 
442,-0.049 
442,-2.479 
442,-2.893 
442,5.036 
442,-5.101 
442,-5.815 
442,-0.316 
442,257.745 
442,-3.383 
442,192.808 
443,-0.049 
443,2.606 
443,2.626 
443,-5.758 
443,1.623 
443,-62.839 
443,-0.986 
443,-229.270 
443,-1.993 
443,-100.000 
444,-0.049 
444,-0.198 
444,-0.445 
444,-11.185 
444,-6.205 
444,-156.613 
444,-24.339 
444,-29.894 
444,0.702 
444,-100.000 
445,-0.156 
445,23.379 
445,6.636 
445,29.998 
445,-0.552 
445,-29.725 
445,121.168 
445,-16.885 
445,-141.225 
445,-100.000 
446,-0.049 
446,-0.079 
446,-0.208 
446,321.858 
446,-0.405 
446,-7.277 
446,-16.210 
446,24.829 
446,-91.608 
446,332.309 
447,-0.207 
447,-0.296 
447,-0.278 
447,-0.445 
447,61.643 
447,7.691 
447,-3.401 
447,-5.665 
447,-3.305 
447,-100.000 
448,-0.049 
448,-0.079 
448,2.752 
448,-10.152 
448,-35.966 
448,117.129 
448,-23.769 
448,-198.108 
448,0.000 
449,-0.049 
449,-0.116 
449,-0.119 
449,-0.368 
449,-0.478 
449,-8.373 
449,-204.615 
449,-13.170 
449,-127.758 
449,-100.000 
450,-0.049 
450,-0.079 
450,30.320 
450,199.738 
450,-8.406 
450,-13.135 
450,-3.297 
450,-117.534 
450,-24.024 
450,-100.000 
451,-0.049 
451,-0.079 
451,-0.167 
451,61.791 
451,-0.387 
451,-0.428 
451,-0.328 
451,-0.441 
451,-19.710 
451,104.515 
452,-0.049 
452,-0.171 
452,-0.463 
452,-54.584 
452,-0.381 
452,199.853 
452,-11.574 
452,0.694 
452,116.567 
452,208.186 
453,-0.049 
453,-0.079 
453,-6.311 
453,-117.335 
453,-25.808 
453,2.354 
453,197.507 
453,-12.844 
453,0.000 
454,-0.049 
454,-0.079 
454,1.596 
454,-125.480 
454,-23.886 
454,-12.837 
454,-36.248 
454,-3.041 
454,-203.067 
454,-100.000 
455,-0.049 
455,-0.198 
455,-0.208 
455,321.977 
455,-30.904 
455,6.437 
455,-23.974 
455,-24.754 
455,2.504 
455,210.554 
456,-0.049 
456,2.606 
456,-0.337 
456,-64.744 
456,167.566 
456,116.575 
456,24.820 
456,-1.647 
456,-3.312 
456,585.660 
457,-0.049 
457,-0.223 
457,-62.249 
457,4.891 
457,173.750 
457,22.885 
457,125.963 
457,-3.877 
457,-13.353 
457,348.145 
458,-0.049 
458,2.606 
458,1.955 
458,-203.868 
458,-1.682 
458,-91.650 
458,-36.263 
458,2.463 
458,-117.735 
458,-100.000 
459,-0.049 
459,-0.198 
459,-0.208 
459,121.695 
459,1.627 
459,-36.384 
459,-203.250 
459,-13.276 
459,-24.131 
459,-100.000 
460,-0.207 
460,-62.254 
460,170.768 
460,121.461 
460,-0.507 
460,-0.444 
460,29.755 
460,-24.269 
460,-22.381 
460,306.892 
461,-0.207 
461,-0.223 
461,-29.513 
461,121.461 
461,-0.507 
461,-24.216 
461,-31.167 
461,-9.203 
461,0.462 
461,-100.000 
462,-0.156 
462,-0.205 
462,-0.193 
462,-0.280 
462,-0.261 
462,-0.584 
462,2.457 
462,-203.155 
462,126.306 
462,-100.000 
463,-0.156 
463,-0.171 
463,-0.285 
463,-0.498 
463,-0.454 
463,9.725 
463,308.153 
463,-91.806 
463,-3.652 
463,270.190 
464,-0.156 
464,-0.378 
464,-0.373 
464,-0.368 
464,-13.295 
464,-2.764 
464,-373.566 
464,2.790 
464,-91.384 
464,-100.000 
465,-0.049 
465,-0.171 
465,-0.167 
465,-0.348 
465,-0.317 
465,61.716 
465,-229.698 
465,-122.377 
465,2.399 
465,-100.000 
466,-0.094 
466,-0.116 
466,-0.238 
466,-0.221 
466,-6.161 
466,-5.163 
466,-0.228 
466,-128.888 
466,-91.339 
466,-100.000 
467,-0.049 
467,-0.278 
467,-0.281 
467,-0.323 
467,-0.478 
467,-61.598 
467,-4.198 
467,-198.485 
467,-118.010 
467,-100.000 
468,-0.049 
468,-0.079 
468,-0.089 
468,-0.198 
468,-0.507 
468,-0.481 
468,-15.923 
468,-340.020 
468,-3.943 
468,-100.000 
469,-0.049 
469,2.606 
469,2.626 
469,-0.551 
469,-5.823 
469,-5.327 
469,-64.954 
469,-141.729 
469,0.636 
469,-100.000 
470,-0.049 
470,-0.079 
470,-0.208 
470,-0.198 
470,-2.917 
470,-5.546 
470,4.704 
470,-363.040 
470,0.000 
471,-0.049 
471,-0.079 
471,-5.964 
471,5.036 
471,-33.979 
471,-1.446 
471,23.235 
471,-198.205 
471,0.000 
472,-0.049 
472,-0.079 
472,-0.208 
472,-0.544 
472,229.977 
472,-122.861 
472,5.471 
472,-91.942 
472,-13.291 
472,-100.000 
473,-0.049 
473,-0.198 
473,-0.208 
473,-0.261 
473,-3.810 
473,226.506 
473,-91.655 
473,126.318 
473,35.002 
473,637.147 
474,-0.049 
474,-0.198 
474,-0.208 
474,2.526 
474,-25.808 
474,-117.706 
474,-2.167 
474,22.548 
474,-30.074 
474,-100.000 
475,-0.049 
475,-0.198 
475,-6.083 
475,-5.843 
475,-2.907 
475,-5.443 
475,-0.715 
475,-6.249 
475,-62.531 
475,309.961 
476,-0.049 
476,-0.198 
476,-0.285 
476,-0.498 
476,-0.660 
476,61.365 
476,-0.567 
476,-368.548 
476,-12.510 
476,-100.000 
477,-0.049 
477,-0.198 
477,-0.561 
477,-0.544 
477,-0.905 
477,-0.937 
477,-62.877 
477,-0.719 
477,-12.672 
477,-100.000 
478,-0.049 
478,-0.198 
478,-0.561 
478,-0.659 
478,-0.609 
478,-0.550 
478,-0.844 
478,20.857 
478,58.938 
478,-100.000 
479,-0.049 
479,-0.198 
479,-0.561 
479,-0.942 
479,-1.007 
479,129.422 
479,-0.965 
479,-25.701 
479,-136.694 
479,-100.000 
480,-0.049 
480,-0.198 
480,-0.208 
480,-0.544 
480,-0.905 
480,20.727 
480,-0.907 
480,1.366 
480,-62.961 
480,555.738 
481,-0.049 
481,-0.198 
481,-200.489 
481,32.542 
481,-122.282 
481,6.596 
481,-0.361 
481,30.026 
481,23.138 
481,-100.000 
482,-0.049 
482,-0.198 
482,-8.924 
482,-10.270 
482,-25.647 
482,-3.330 
482,-29.699 
482,-141.420 
482,-118.057 
482,-100.000 
483,-0.049 
483,-0.198 
483,8.271 
483,4.083 
483,-0.810 
483,-0.815 
483,-60.348 
483,-327.341 
483,-36.617 
483,-100.000 
484,-0.049 
484,5.447 
484,4.667 
484,-0.314 
484,4.691 
484,132.853 
484,-265.278 
484,-3.646 
484,-3.249 
484,-100.000 
485,-0.049 
485,-0.079 
485,-0.373 
485,-0.348 
485,-0.304 
485,-6.886 
485,-142.068 
485,-198.171 
485,-91.400 
485,-100.000 
486,-0.049 
486,-5.724 
486,-5.082 
486,-3.269 
486,-5.807 
486,155.932 
486,2.430 
486,-203.078 
486,-24.024 
486,-100.000 
487,-0.049 
487,2.992 
487,2.192 
487,2.369 
487,4.113 
487,-326.157 
487,22.888 
487,0.599 
487,24.441 
487,-100.000 
488,-0.207 
488,-0.223 
488,-29.394 
488,-0.314 
488,-9.297 
488,-23.772 
488,0.915 
488,-117.500 
488,24.608 
488,-100.000 
489,-0.049 
489,-0.079 
489,121.804 
489,-29.489 
489,-31.048 
489,-0.299 
489,-140.937 
489,-1.732 
489,2.346 
489,-100.000 
490,-0.049 
490,-0.116 
490,-8.223 
490,-5.747 
490,3.005 
490,-0.245 
490,-0.210 
490,-79.761 
490,116.960 
490,-100.000 
491,-0.049 
491,2.992 
491,-4.963 
491,-5.724 
491,-0.098 
491,2.652 
491,-5.528 
491,-180.288 
491,-203.024 
491,-100.000 
492,-0.049 
492,2.992 
492,-5.419 
492,-0.162 
492,2.171 
492,-5.803 
492,2.500 
492,-5.068 
492,0.000 
493,-0.156 
493,-0.378 
493,-0.373 
493,-0.348 
493,-0.317 
493,-0.364 
493,-0.273 
493,-78.464 
493,0.000 
494,-0.207 
494,-62.254 
494,-0.219 
494,-0.195 
494,-0.151 
494,-0.207 
494,-0.448 
494,-18.409 
494,-0.501 
494,-100.000 
495,-0.094 
495,-0.278 
495,-0.561 
495,229.940 
495,-7.826 
495,-0.849 
495,-122.903 
495,-92.061 
495,22.858 
495,-100.000 
496,-0.049 
496,-0.198 
496,-0.208 
496,4.843 
496,74.712 
496,-3.427 
496,0.871 
496,-26.096 
496,-24.423 
496,-100.000 
497,-0.049 
497,-0.198 
497,-0.208 
497,128.616 
497,-23.886 
497,30.002 
497,-22.550 
497,-198.398 
497,-3.190 
497,-100.000 
498,-0.049 
498,-0.079 
498,-0.089 
498,-200.360 
498,-30.666 
498,23.305 
498,-7.194 
498,-122.412 
498,-16.692 
498,-100.000 
499,-0.049 
499,2.606 
499,-5.853 
499,-0.261 
499,19.358 
499,-127.245 
499,-36.174 
499,-3.395 
499,202.250 
499,-100.000 
500,-0.049 
500,2.606 
500,1.955 
500,-203.868 
500,-91.713 
500,-3.633 
500,-1.755 
500,24.930 
500,116.735 
500,-100.000 
501,-0.049 
501,-0.223 
501,-32.546 
501,1.081 
501,24.972 
501,135.312 
501,-117.585 
501,2.348 
501,-24.051 
501,-100.000 
502,-0.049 
502,2.202 
502,4.429 
502,325.009 
502,2.309 
502,-36.622 
502,-24.211 
502,-91.797 
502,-13.174 
502,221.245 
503,-0.049 
503,-3.150 
503,-5.734 
503,-3.002 
503,-3.938 
503,-36.190 
503,-203.174 
503,-127.283 
503,23.077 
503,-100.000 
504,-0.049 
504,-0.198 
504,-0.238 
504,0.354 
504,-0.229 
504,-2.719 
504,5.179 
504,-217.759 
504,-127.391 
504,-100.000 
505,-0.049 
505,-0.198 
505,6.713 
505,199.965 
505,-0.287 
505,30.032 
505,-24.059 
505,-22.769 
505,0.000 
506,-0.049 
506,2.992 
506,2.192 
506,203.116 
506,-3.091 
506,-12.803 
506,35.408 
506,-23.948 
506,126.220 
506,445.400 
507,-0.094 
507,-5.416 
507,-2.519 
507,-0.368 
507,-5.191 
507,-6.009 
507,2.798 
507,-2.967 
507,0.000 
508,-0.049 
508,-0.198 
508,-0.208 
508,-122.210 
508,3.747 
508,35.375 
508,-13.016 
508,-29.589 
508,-23.802 
508,-100.000 
509,-0.049 
509,2.606 
509,2.944 
509,-12.764 
509,202.276 
509,-36.266 
509,126.242 
509,-24.100 
509,-3.609 
509,223.282 
510,-0.049 
510,-0.198 
510,-0.445 
510,-0.791 
510,-0.810 
510,-62.846 
510,-14.073 
510,-6.451 
510,-5.952 
510,-100.000 
511,-0.049 
511,-0.223 
511,-0.278 
511,2.713 
511,-3.310 
511,-9.204 
511,-25.629 
511,0.954 
511,-117.477 
511,-100.000 
512,-0.049 
512,-0.079 
512,-5.293 
512,-5.843 
512,-3.358 
512,203.576 
512,-127.292 
512,-23.872 
512,-25.753 
512,-100.000 
513,-0.049 
513,-0.223 
513,-0.249 
513,-0.337 
513,61.583 
513,252.480 
513,-0.566 
513,-0.025 
513,-24.288 
513,213.479 
514,-0.156 
514,23.379 
514,199.908 
514,-30.969 
514,-7.238 
514,-0.407 
514,-122.328 
514,-0.324 
514,-0.060 
514,-100.000 
515,-0.049 
515,3.072 
515,-12.655 
515,202.483 
515,-23.767 
515,2.414 
515,35.435 
515,2.360 
515,-127.467 
515,-100.000 
516,-0.207 
516,-0.260 
516,-5.549 
516,5.308 
516,-0.312 
516,14.515 
516,-3.561 
516,-127.251 
516,-3.143 
516,-100.000 
517,-0.049 
517,-0.171 
517,-0.463 
517,-0.432 
517,-0.381 
517,-75.209 
517,-0.337 
517,-2.265 
517,-203.133 
517,-100.000 
518,-0.049 
518,61.808 
518,-0.219 
518,-0.314 
518,-351.738 
518,-23.772 
518,-0.243 
518,30.162 
518,-16.493 
518,-100.000 
519,-0.049 
519,2.992 
519,5.019 
519,4.331 
519,-3.311 
519,-2.969 
519,-356.538 
519,23.153 
519,0.890 
519,-100.000 
520,-0.049 
520,2.606 
520,1.955 
520,-3.506 
520,4.394 
520,-62.967 
520,-5.721 
520,4.909 
520,-334.398 
520,-100.000 
521,-0.049 
521,2.202 
521,-5.538 
521,-3.186 
521,-5.990 
521,-3.360 
521,4.424 
521,-0.355 
521,-325.820 
521,-100.000 
522,-0.049 
522,-5.724 
522,-3.160 
522,-0.348 
522,2.500 
522,-20.140 
522,116.863 
522,-25.625 
522,-198.193 
522,-100.000 
523,-0.049 
523,5.447 
523,9.865 
523,35.519 
523,2.179 
523,-127.455 
523,2.341 
523,-24.186 
523,201.821 
523,-100.000 
524,-0.049 
524,-0.198 
524,-8.924 
524,-5.072 
524,-3.210 
524,-0.444 
524,-5.824 
524,-0.396 
524,103.125 
524,-100.000 
525,-0.049 
525,-0.198 
525,8.271 
525,4.083 
525,-3.161 
525,-62.831 
525,-6.180 
525,-128.743 
525,-24.158 
525,-100.000 
526,-0.049 
526,-0.079 
526,-0.089 
526,-0.198 
526,-0.184 
526,-13.739 
526,-241.006 
526,117.064 
526,0.000 
527,-0.049 
527,-0.198 
527,-0.208 
527,-62.344 
527,-0.507 
527,-0.800 
527,-359.225 
527,-24.269 
527,-22.733 
527,-100.000 
528,-0.049 
528,-0.079 
528,200.073 
528,-23.811 
528,30.211 
528,-122.331 
528,-0.466 
528,-91.602 
528,-7.173 
528,-100.000 
529,-0.156 
529,-0.378 
529,-0.399 
529,6.683 
529,121.577 
529,9.996 
529,11.851 
529,-203.285 
529,2.360 
529,-100.000 
530,-0.156 
530,-0.171 
530,-0.285 
530,-0.498 
530,-0.810 
530,-1.021 
530,-12.025 
530,70.810 
530,-203.371 
530,-100.000 
531,-0.049 
531,-0.171 
531,-2.567 
531,-3.419 
531,-5.178 
531,2.564 
531,51.292 
531,0.867 
531,0.000 
532,-0.049 
532,-0.171 
532,-0.285 
532,-0.261 
532,-0.454 
532,-0.746 
532,-306.326 
532,-31.151 
532,-17.227 
532,-100.000 
533,-0.156 
533,-0.171 
533,-0.285 
533,-0.358 
533,-62.330 
533,-5.886 
533,5.165 
533,4.946 
533,-369.006 
533,-100.000 
534,-0.049 
534,5.447 
534,-3.012 
534,5.079 
534,1.979 
534,240.234 
534,-127.649 
534,-3.975 
534,-92.040 
534,-100.000 
535,-0.156 
535,-23.722 
535,-3.524 
535,197.533 
535,-3.494 
535,24.776 
535,-3.519 
535,116.296 
535,-13.277 
535,309.961 
536,-0.049 
536,2.606 
536,-5.538 
536,-0.337 
536,5.359 
536,-59.965 
536,4.393 
536,-0.354 
536,-307.804 
536,-100.000 
537,-0.049 
537,-0.198 
537,-0.238 
537,-0.221 
537,-98.516 
537,-0.128 
537,-2.094 
537,23.087 
537,-29.536 
537,-100.000 
538,-0.156 
538,-0.296 
538,-0.278 
538,-52.965 
538,-0.181 
538,-122.321 
538,137.920 
538,-7.252 
538,-30.779 
538,-100.000 
539,-0.207 
539,-0.223 
539,64.093 
539,-3.118 
539,-232.878 
539,-25.839 
539,-2.123 
539,-127.623 
539,-3.796 
539,-100.000 
540,-0.049 
540,-7.000 
540,-0.208 
540,-200.479 
540,-30.946 
540,-0.408 
540,-122.623 
540,-2.612 
540,23.165 
540,-100.000 
541,-0.049 
541,-0.079 
541,6.832 
541,30.337 
541,-29.504 
541,23.075 
541,-122.501 
541,-0.365 
541,2.846 
541,-100.000 
542,-0.049 
542,-0.116 
542,-0.249 
542,-0.218 
542,-3.664 
542,-5.903 
542,58.180 
542,140.237 
542,2.164 
542,220.828 
543,-0.049 
543,-0.079 
543,-0.208 
543,-23.811 
543,30.049 
543,6.440 
543,-122.402 
543,-9.353 
543,-198.386 
543,-100.000 
544,-0.049 
544,-0.079 
544,-0.281 
544,-11.034 
544,-3.311 
544,-5.723 
544,-0.788 
544,-333.379 
544,-2.029 
544,-100.000 
545,-0.094 
545,-0.116 
545,-0.238 
545,-0.280 
545,-0.229 
545,-0.277 
545,-11.442 
545,-186.710 
545,-203.262 
545,-100.000 
546,-0.207 
546,-0.296 
546,-0.484 
546,-0.465 
546,-0.400 
546,-90.681 
546,121.446 
546,-0.754 
546,-141.108 
546,-100.000 
547,-0.049 
547,-0.079 
547,-2.782 
547,2.369 
547,-10.478 
547,-23.941 
547,-117.800 
547,-36.451 
547,-198.507 
547,-100.000 
548,-0.049 
548,-0.079 
548,-0.373 
548,-2.419 
548,-149.018 
548,197.641 
548,-36.055 
548,2.908 
548,0.000 
549,-0.049 
549,-0.079 
549,-122.101 
549,200.202 
549,30.374 
549,-0.170 
549,-91.374 
549,-7.097 
549,-17.662 
549,-100.000 
550,-0.049 
550,-0.198 
550,-0.208 
550,328.898 
550,-0.287 
550,-30.847 
550,-0.170 
550,-23.626 
550,0.000 
551,-0.049 
551,-0.223 
551,-3.023 
551,-64.744 
551,-3.578 
551,4.847 
551,5.164 
551,129.705 
551,116.540 
551,211.077 
552,-0.049 
552,5.447 
552,1.955 
552,4.358 
552,-3.710 
552,-241.804 
552,-3.962 
552,-127.681 
552,-33.581 
552,-100.000 
553,-0.049 
553,-0.378 
553,-0.399 
553,-0.465 
553,-83.726 
553,-0.433 
553,-4.055 
553,0.835 
553,135.198 
553,-100.000 
554,-0.049 
554,-4.953 
554,2.863 
554,5.210 
554,-112.345 
554,-3.160 
554,-29.536 
554,35.487 
554,-265.114 
554,-100.000 
555,-0.049 
555,3.072 
555,202.473 
555,-127.084 
555,23.128 
555,35.214 
555,-3.667 
555,-13.051 
555,0.000 
556,-0.049 
556,-3.150 
556,2.311 
556,-0.348 
556,-5.178 
556,5.286 
556,-5.573 
556,-325.639 
556,2.373 
556,-100.000 
557,-0.049 
557,-0.116 
557,-0.281 
557,-0.264 
557,-0.478 
557,-0.525 
557,307.650 
557,-0.917 
557,-92.020 
557,269.486 
558,-0.049 
558,-0.198 
558,5.430 
558,4.083 
558,-0.810 
558,-6.321 
558,-3.331 
558,4.825 
558,-62.747 
558,-100.000 
559,-0.049 
559,-5.724 
559,2.597 
559,5.079 
559,26.486 
559,-24.076 
559,126.214 
559,-203.242 
559,-3.620 
559,-100.000 
560,-0.049 
560,-0.079 
560,-200.370 
560,1.855 
560,-23.973 
560,-25.988 
560,-3.667 
560,-2.160 
560,-33.636 
560,-100.000 
561,-0.207 
561,-0.223 
561,-0.219 
561,-0.195 
561,-0.270 
561,-144.473 
561,30.153 
561,23.024 
561,-19.205 
561,-100.000 
562,-0.049 
562,-0.079 
562,8.508 
562,-0.467 
562,-3.227 
562,4.278 
562,-0.567 
562,-5.741 
562,-215.708 
562,-100.000 
563,-0.049 
563,-0.198 
563,-0.445 
563,-0.791 
563,-0.777 
563,-1.021 
563,73.851 
563,199.343 
563,-92.041 
563,293.898 
564,-0.049 
564,-0.079 
564,-0.119 
564,-0.432 
564,-0.499 
564,-6.244 
564,4.418 
564,-28.470 
564,-3.256 
564,-100.000 
565,-0.049 
565,-0.116 
565,-0.463 
565,53.601 
565,121.275 
565,-200.947 
565,-0.575 
565,-17.265 
565,-91.566 
565,-100.000 
566,-0.049 
566,-0.223 
566,28.838 
566,-6.536 
566,-3.312 
566,-13.010 
566,116.421 
566,-265.444 
566,-24.132 
566,-100.000 
567,-0.049 
567,-0.223 
567,-0.219 
567,-0.218 
567,-0.194 
567,-62.258 
567,-0.241 
567,-7.861 
567,-6.015 
567,-100.000 
568,-0.049 
568,2.992 
568,5.019 
568,4.331 
568,1.775 
568,-6.214 
568,348.233 
568,-24.347 
568,-3.470 
568,445.400 
569,-0.049 
569,2.992 
569,2.944 
569,-127.084 
569,-36.085 
569,-23.979 
569,-13.022 
569,-203.026 
569,-3.138 
569,-100.000 
570,-0.049 
570,-0.198 
570,121.804 
570,-200.479 
570,-0.168 
570,-30.729 
570,6.632 
570,-23.950 
570,-91.502 
570,-100.000 
571,-0.049 
571,-0.378 
571,-0.373 
571,-0.348 
571,-224.255 
571,-7.280 
571,-6.175 
571,-25.582 
571,116.749 
571,-100.000 
572,-0.049 
572,-0.198 
572,-0.561 
572,-0.659 
572,-0.609 
572,-0.550 
572,-144.980 
572,-263.149 
572,-7.745 
572,-100.000 
573,-0.049 
573,-0.378 
573,-0.373 
573,-224.180 
573,-7.344 
573,-0.477 
573,-91.655 
573,4.058 
573,-117.925 
573,-100.000 
574,-0.207 
574,61.808 
574,-0.249 
574,-0.465 
574,-284.008 
574,-122.326 
574,-0.328 
574,-0.365 
574,-7.379 
574,-100.000 
575,-0.049 
575,2.873 
575,-5.538 
575,2.346 
575,-0.523 
575,4.066 
575,-124.456 
575,22.690 
575,-13.282 
575,-100.000 
576,-0.049 
576,2.873 
576,-5.853 
576,2.369 
576,4.394 
576,-0.937 
576,-0.844 
576,-5.593 
576,-65.005 
576,-100.000 
577,-0.049 
577,-0.198 
577,5.430 
577,4.083 
577,-125.925 
577,-24.297 
577,-198.749 
577,24.545 
577,0.489 
577,-100.000 
578,-0.049 
578,-0.079 
578,-0.089 
578,-4.668 
578,-5.645 
578,5.356 
578,-57.953 
578,2.717 
578,-23.981 
578,-100.000 
579,-0.049 
579,-0.079 
579,121.804 
579,-0.435 
579,-7.445 
579,-31.085 
579,-200.926 
579,-24.100 
579,-5.471 
579,-100.000 
580,-0.049 
580,2.873 
580,-2.608 
580,2.369 
580,-5.721 
580,166.045 
580,116.493 
580,0.372 
580,-92.040 
580,216.528 
581,-0.049 
581,4.677 
581,2.359 
581,-3.506 
581,-0.454 
581,-5.857 
581,-6.111 
581,-172.868 
581,28.805 
581,-100.000 
582,-0.049 
582,2.606 
582,1.955 
582,-5.309 
582,80.659 
582,-3.783 
582,-13.327 
582,-36.729 
582,-24.250 
582,-100.000 
583,-0.049 
583,-0.198 
583,-0.561 
583,-0.942 
583,-153.518 
583,22.465 
583,-7.916 
583,-14.440 
583,28.395 
583,-100.000 
584,-0.049 
584,-0.198 
584,5.777 
584,126.095 
584,-30.039 
584,11.766 
584,35.021 
584,-3.574 
584,-24.158 
584,-100.000 
585,-0.049 
585,-0.079 
585,-0.208 
585,-0.435 
585,-0.761 
585,12.474 
585,-62.747 
585,4.530 
585,332.871 
585,540.127 
586,-0.049 
586,-0.171 
586,-23.836 
586,-200.542 
586,-7.138 
586,-122.283 
586,-4.720 
586,-3.361 
586,-36.213 
586,-100.000 
587,-0.049 
587,-0.223 
587,-62.249 
587,-0.314 
587,-10.349 
587,289.522 
587,0.797 
587,24.607 
587,-3.635 
587,353.937 
588,-0.049 
588,-0.079 
588,-5.560 
588,-3.002 
588,-5.807 
588,-6.095 
588,-0.596 
588,-62.557 
588,-5.375 
588,-100.000 
589,-0.049 
589,-0.198 
589,-0.445 
589,128.142 
589,-24.361 
589,-17.694 
589,-30.099 
589,-260.718 
589,-3.473 
589,-100.000 
590,-0.049 
590,-2.479 
590,2.863 
590,-197.327 
590,35.555 
590,-3.093 
590,-127.099 
590,12.212 
590,0.000 
591,-0.049 
591,-0.223 
591,-62.368 
591,-0.314 
591,-0.389 
591,-0.325 
591,-8.095 
591,-303.329 
591,-23.744 
591,-100.000 
592,-0.049 
592,-0.198 
592,-0.445 
592,-0.435 
592,-62.538 
592,-0.937 
592,17.528 
592,-24.388 
592,-11.191 
592,-100.000 
593,-0.049 
593,-0.198 
593,-0.285 
593,145.095 
593,-0.660 
593,-200.877 
593,-7.552 
593,-22.473 
593,-25.689 
593,-100.000 
594,-0.049 
594,-0.378 
594,-0.399 
594,6.683 
594,-200.598 
594,2.616 
594,2.294 
594,-127.286 
594,-91.502 
594,-100.000 
595,-0.156 
595,-0.171 
595,-0.463 
595,-0.432 
595,-254.813 
595,-13.965 
595,-127.223 
595,2.844 
595,0.000 
596,-0.207 
596,-0.223 
596,61.693 
596,-0.314 
596,-2.018 
596,-361.866 
596,-3.046 
596,23.219 
596,-36.401 
596,-100.000 
597,-0.049 
597,-0.198 
597,6.713 
597,-0.198 
597,30.256 
597,121.443 
597,-25.338 
597,-198.396 
597,-91.651 
597,-100.000 
598,-0.049 
598,-0.079 
598,-0.167 
598,2.432 
598,5.028 
598,1.919 
598,-5.470 
598,1.920 
598,-62.811 
598,-100.000 
599,-0.049 
599,-0.079 
599,-2.663 
599,5.036 
599,4.368 
599,-2.969 
599,-52.049 
599,-24.067 
599,-3.427 
599,-100.000 
600,-0.049 
600,-0.079 
600,-0.167 
600,-16.772 
600,-200.498 
600,-30.759 
600,121.826 
600,-0.194 
600,-6.005 
600,-100.000 
601,-0.156 
601,-0.171 
601,-0.285 
601,-0.261 
601,-5.476 
601,-142.682 
601,12.141 
601,35.105 
601,201.897 
601,-100.000 
602,-0.094 
602,-0.205 
602,-0.355 
602,-0.323 
602,-13.250 
602,-5.964 
602,132.323 
602,197.085 
602,-91.899 
602,373.242 
603,-0.049 
603,-0.079 
603,-29.394 
603,-30.819 
603,-24.014 
603,-262.809 
603,6.529 
603,-8.893 
603,-3.046 
603,-100.000 
604,-0.049 
604,-0.198 
604,-0.285 
604,-0.261 
604,-0.229 
604,-14.336 
604,-200.792 
604,-1.043 
604,32.398 
604,-100.000 
605,-0.049 
605,-0.116 
605,-0.463 
605,1.797 
605,-2.781 
605,-3.114 
605,-5.982 
605,-150.244 
605,126.434 
605,-100.000 
606,-0.049 
606,2.992 
606,2.192 
606,-203.630 
606,2.399 
606,22.955 
606,-26.296 
606,-127.770 
606,0.523 
606,-100.000 
607,-0.049 
607,-0.378 
607,-23.923 
607,-200.630 
607,-122.435 
607,-33.283 
607,6.626 
607,-36.342 
607,-1.929 
607,-100.000 
608,-0.049 
608,-0.079 
608,-0.089 
608,-0.079 
608,-0.227 
608,-10.575 
608,-2.613 
608,-0.324 
608,257.638 
608,1123.904 
609,-0.049 
609,-0.079 
609,2.485 
609,2.606 
609,9.667 
609,-36.266 
609,202.274 
609,-24.069 
609,-91.621 
609,-100.000 
610,-0.049 
610,200.083 
610,5.344 
610,-36.122 
610,126.583 
610,2.587 
610,11.803 
610,-24.219 
610,-91.771 
610,283.496 
611,-0.049 
611,-0.079 
611,-0.208 
611,-0.198 
611,0.769 
611,-62.475 
611,-342.112 
611,35.293 
611,2.431 
611,-100.000 
612,-0.049 
612,-0.198 
612,-0.208 
612,-30.983 
612,6.338 
612,-29.789 
612,-122.536 
612,-2.414 
612,22.943 
612,-100.000 
613,-0.049 
613,-0.079 
613,0.059 
613,-3.349 
613,23.128 
613,116.779 
613,0.882 
613,-198.409 
613,-91.637 
613,-100.000 
614,-0.049 
614,-0.079 
614,-62.249 
614,-0.314 
614,-0.507 
614,6.741 
614,-6.018 
614,5.037 
614,-273.229 
614,-100.000 
615,-0.049 
615,2.606 
615,4.667 
615,2.754 
615,1.876 
615,324.614 
615,-13.327 
615,-24.228 
615,35.040 
615,461.290 
616,-0.049 
616,2.606 
616,-0.337 
616,-3.385 
616,-5.586 
616,-5.090 
616,-120.649 
616,-12.818 
616,-23.847 
616,110.457 
617,-0.049 
617,-0.079 
617,-0.089 
617,-0.198 
617,70.943 
617,-0.712 
617,-24.213 
617,30.051 
617,-18.035 
617,-100.000 
618,-0.049 
618,-0.079 
618,-0.119 
618,-0.102 
618,91.227 
618,-7.049 
618,-2.941 
618,-203.035 
618,-91.490 
618,-100.000 
619,-0.049 
619,-0.198 
619,10.074 
619,-0.498 
619,1.590 
619,-356.662 
619,-3.733 
619,-3.363 
619,-36.481 
619,-100.000 
620,-0.049 
620,-0.223 
620,-0.337 
620,10.206 
620,-161.530 
620,-260.237 
620,23.102 
620,2.502 
620,24.886 
620,-100.000 
621,-0.049 
621,2.606 
621,4.739 
621,-34.296 
621,22.999 
621,-2.155 
621,-3.859 
621,-29.894 
621,116.357 
621,-100.000 
622,-0.049 
622,2.606 
622,2.944 
622,12.249 
622,126.362 
622,34.933 
622,-24.458 
622,201.647 
622,-3.974 
622,547.165 
623,-0.049 
623,-0.223 
623,2.585 
623,-5.518 
623,4.588 
623,2.737 
623,-60.112 
623,-6.016 
623,-0.209 
623,238.446 
624,-0.049 
624,-0.079 
624,10.312 
624,-3.269 
624,-2.568 
624,-5.589 
624,-0.435 
624,2.243 
624,-76.034 
624,-100.000 
625,-0.049 
625,2.202 
625,-3.012 
625,4.756 
625,233.128 
625,-127.735 
625,-13.338 
625,-3.866 
625,90.481 
625,211.120 
626,-0.049 
626,2.202 
626,-5.538 
626,5.187 
626,-3.226 
626,-180.236 
626,-3.478 
626,-127.197 
626,0.000 
627,-0.049 
627,-200.360 
627,-0.208 
627,-24.018 
627,121.352 
627,-7.517 
627,-91.773 
627,-0.450 
627,30.143 
627,-100.000 
628,-0.049 
628,2.202 
628,-3.012 
628,4.677 
628,-0.217 
628,5.255 
628,308.153 
628,-36.721 
628,-91.922 
628,266.302 
629,-0.049 
629,2.202 
629,-5.082 
629,-3.121 
629,-0.335 
629,-5.847 
629,2.378 
629,4.706 
629,61.195 
629,-100.000 
630,-0.049 
630,-2.883 
630,-0.167 
630,-3.419 
630,4.983 
630,9.838 
630,126.452 
630,-12.890 
630,202.208 
630,427.045 
631,-0.049 
631,-2.883 
631,-3.160 
631,-3.349 
631,-198.049 
631,-23.909 
631,-127.161 
631,24.816 
631,-1.749 
631,-100.000 
632,-0.207 
632,-0.223 
632,-0.219 
632,-8.644 
632,-5.144 
632,-5.515 
632,-3.357 
632,126.751 
632,-265.157 
632,-100.000 
633,-0.207 
633,-0.223 
633,5.307 
633,-0.358 
633,4.368 
633,125.795 
633,34.851 
633,-265.637 
633,-3.851 
633,-100.000 
634,-0.049 
634,-2.479 
634,2.597 
634,2.873 
634,5.239 
634,4.774 
634,-160.337 
634,-127.520 
634,32.292 
634,-100.000 
635,-0.049 
635,-0.223 
635,-62.249 
635,-0.314 
635,-0.389 
635,-16.049 
635,-289.828 
635,-25.833 
635,-3.829 
635,-100.000 
636,-0.049 
636,-2.883 
636,-3.359 
636,116.702 
636,197.120 
636,-92.006 
636,24.583 
636,-24.141 
636,-1.841 
636,344.609 
637,-0.049 
637,-0.079 
637,-0.208 
637,-0.198 
637,-0.287 
637,-2.942 
637,-332.771 
637,23.229 
637,-25.644 
637,-100.000 
638,-0.049 
638,-0.079 
638,-0.089 
638,-0.079 
638,2.039 
638,-0.153 
638,4.910 
638,-68.465 
638,-12.952 
638,-100.000 
639,-0.049 
639,-2.883 
639,-3.160 
639,-3.349 
639,1.108 
639,25.012 
639,-117.469 
639,-23.787 
639,-198.224 
639,-100.000 
640,-0.049 
640,2.202 
640,-0.285 
640,-5.580 
640,-3.239 
640,4.273 
640,-3.743 
640,-6.486 
640,-387.228 
640,-100.000 
641,-0.049 
641,-0.198 
641,-62.368 
641,-0.314 
641,-0.507 
641,-0.459 
641,3.983 
641,2.204 
641,-5.746 
641,-100.000 
642,-0.049 
642,-0.079 
642,-0.208 
642,-0.261 
642,-0.454 
642,-0.596 
642,-0.511 
642,-139.860 
642,-11.582 
642,-100.000 
643,-0.049 
643,-0.116 
643,-0.238 
643,-0.221 
643,-62.317 
643,-0.453 
643,-80.414 
643,-24.141 
643,-17.247 
643,-100.000 
644,-0.094 
644,-0.278 
644,9.614 
644,154.822 
644,-3.976 
644,-13.415 
644,-30.022 
644,-265.567 
644,-3.648 
644,-100.000 
645,-0.049 
645,-5.416 
645,-2.681 
645,-5.418 
645,-0.552 
645,-3.552 
645,2.296 
645,-6.043 
645,332.727 
645,382.690 
646,-0.049 
646,-2.883 
646,-5.082 
646,-125.361 
646,-202.849 
646,-36.190 
646,-23.779 
646,-1.512 
646,-32.988 
646,-100.000 
647,-0.049 
647,2.321 
647,2.863 
647,2.488 
647,-203.719 
647,-117.612 
647,-36.308 
647,-23.863 
647,-1.695 
647,-100.000 
648,-0.049 
648,-0.171 
648,-0.373 
648,-0.348 
648,-0.304 
648,-1.758 
648,-62.361 
648,4.774 
648,-6.027 
648,-100.000 
649,-0.049 
649,2.321 
649,4.667 
649,-0.261 
649,-5.862 
649,-3.224 
649,-342.143 
649,25.183 
649,0.000 
650,-0.049 
650,-0.223 
650,4.537 
650,-5.959 
650,-3.341 
650,-0.428 
650,-64.879 
650,2.473 
650,-135.196 
650,-100.000 
651,-0.156 
651,-0.205 
651,-0.193 
651,-129.224 
651,-0.229 
651,-7.079 
651,-12.212 
651,-202.918 
651,-3.296 
651,-100.000 
652,-0.049 
652,-5.724 
652,-3.977 
652,-29.489 
652,35.615 
652,-3.286 
652,2.442 
652,-141.022 
652,-127.365 
652,-100.000 
653,-0.094 
653,30.323 
653,-23.905 
653,121.409 
653,-29.810 
653,-139.006 
653,-16.377 
653,0.351 
653,-3.585 
653,-100.000 
654,-0.094 
654,-0.205 
654,-0.399 
654,-0.465 
654,-0.400 
654,-0.315 
654,-212.588 
654,-0.204 
654,-3.985 
654,-100.000 
655,-0.049 
655,2.606 
655,-5.853 
655,-5.521 
655,1.979 
655,-0.665 
655,-5.449 
655,19.884 
655,2.382 
655,-100.000 
656,-0.049 
656,-0.079 
656,-0.860 
656,-3.150 
656,5.073 
656,-2.570 
656,-0.316 
656,-75.474 
656,2.051 
656,-100.000 
657,-0.049 
657,-30.717 
657,-122.292 
657,6.657 
657,-19.198 
657,-198.170 
657,-23.779 
657,2.747 
657,-3.278 
657,-100.000 
658,-0.049 
658,2.606 
658,5.437 
658,4.558 
658,-5.603 
658,-3.478 
658,1.831 
658,-302.237 
658,-91.608 
658,-100.000 
659,-0.156 
659,-0.171 
659,-0.285 
659,-152.744 
659,-0.454 
659,-30.996 
659,-0.304 
659,-29.410 
659,-14.543 
659,-100.000 
660,-0.094 
660,5.022 
660,-0.355 
660,-6.174 
660,-3.282 
660,-3.596 
660,2.566 
660,-127.490 
660,28.675 
660,209.299 
661,-0.094 
661,5.022 
661,5.364 
661,40.130 
661,-3.311 
661,126.317 
661,-203.174 
661,-24.154 
661,2.199 
661,-100.000 
662,-0.049 
662,-0.079 
662,-0.219 
662,-0.195 
662,-0.329 
662,-66.955 
662,-23.922 
662,7.162 
662,-117.595 
662,-100.000 
663,-0.049 
663,-0.171 
663,-0.167 
663,-0.348 
663,1.611 
663,-0.428 
663,-64.761 
663,2.740 
663,-135.196 
663,-100.000 
664,-0.049 
664,-0.378 
664,-23.923 
664,-0.120 
664,-203.104 
664,2.475 
664,126.018 
664,-92.012 
664,11.897 
664,-100.000 
665,-0.094 
665,-0.116 
665,10.664 
665,-2.664 
665,-3.031 
665,-5.045 
665,37.383 
665,-91.382 
665,2.744 
665,-100.000 
666,-0.049 
666,-0.198 
666,-0.445 
666,199.490 
666,-31.378 
666,-7.642 
666,-122.775 
666,-5.060 
666,22.807 
666,-100.000 
667,-0.049 
667,-0.079 
667,-5.293 
667,-197.327 
667,-12.853 
667,-36.470 
667,2.341 
667,-33.549 
667,-24.082 
667,-100.000 
668,-0.049 
668,-0.079 
668,-7.363 
668,2.725 
668,-5.527 
668,105.549 
668,-12.660 
668,-3.349 
668,0.000 
669,-0.049 
669,-3.231 
669,-29.394 
669,0.962 
669,-3.341 
669,-25.678 
669,-117.424 
669,-260.368 
669,2.079 
669,-100.000 
670,-0.049 
670,-0.079 
670,-0.119 
670,152.392 
670,-10.824 
670,23.004 
670,197.188 
670,-1.859 
670,-3.523 
670,585.660 
671,-0.049 
671,-5.416 
671,-2.681 
671,-3.334 
671,5.418 
671,-3.093 
671,-0.435 
671,196.655 
671,-127.597 
671,-100.000 
672,-0.049 
672,-2.479 
672,-5.082 
672,-5.843 
672,-5.807 
672,341.973 
672,2.180 
672,-24.347 
672,-3.589 
672,327.195 
673,-0.049 
673,-3.231 
673,-36.020 
673,-23.712 
673,-3.343 
673,197.562 
673,0.810 
673,-117.493 
673,90.954 
673,118.329 
674,-0.049 
674,-0.223 
674,2.733 
674,-64.744 
674,-5.586 
674,2.589 
674,-5.118 
674,-327.004 
674,-1.517 
674,-100.000 
675,-0.049 
675,-4.953 
675,-2.893 
675,-5.724 
675,-5.527 
675,2.901 
675,-0.316 
675,-2.885 
675,0.000 
676,-0.049 
676,-0.079 
676,-7.010 
676,-30.865 
676,-0.227 
676,23.144 
676,-3.826 
676,-127.490 
676,197.408 
676,-100.000 
677,-0.049 
677,-5.724 
677,-2.608 
677,4.918 
677,2.179 
677,-62.687 
677,-3.637 
677,4.418 
677,-0.294 
677,-100.000 
678,-0.049 
678,-0.116 
678,-0.281 
678,-0.379 
678,6.761 
678,63.494 
678,-386.067 
678,0.421 
678,-3.796 
678,-100.000 
679,-0.207 
679,-0.223 
679,-0.219 
679,-0.379 
679,-1.754 
679,1.623 
679,-260.198 
679,-127.063 
679,-12.731 
679,-100.000 
680,-0.049 
680,-0.198 
680,-62.368 
680,-0.358 
680,-0.537 
680,9.886 
680,-6.006 
680,-3.167 
680,-5.779 
680,-100.000 
681,-0.049 
681,-0.079 
681,7.837 
681,4.918 
681,240.329 
681,-91.863 
681,-24.114 
681,-3.510 
681,-3.217 
681,526.289 
682,-0.049 
682,-0.079 
682,-0.089 
682,-0.079 
682,-322.342 
682,30.431 
682,-7.134 
682,-4.597 
682,-91.532 
682,-100.000 
683,-0.049 
683,-0.079 
683,-0.208 
683,9.910 
683,324.683 
683,-36.622 
683,-3.449 
683,-13.114 
683,-24.176 
683,223.572 
684,-0.049 
684,121.933 
684,-0.208 
684,-7.119 
684,5.046 
684,202.206 
684,-91.685 
684,-24.119 
684,-36.316 
684,234.809 
685,-0.049 
685,2.606 
685,-5.853 
685,-0.261 
685,4.452 
685,2.475 
685,-5.810 
685,-111.753 
685,197.332 
685,-100.000 
686,-0.049 
686,-0.223 
686,-0.249 
686,-0.337 
686,-0.447 
686,-62.645 
686,322.915 
686,-22.295 
686,0.356 
686,345.237 
687,-0.094 
687,-0.278 
687,-0.281 
687,-152.876 
687,-0.507 
687,-201.130 
687,22.762 
687,-91.925 
687,-15.991 
687,-100.000 
688,-0.049 
688,-0.079 
688,-0.281 
688,-91.954 
688,-24.102 
688,6.042 
688,-201.276 
688,-92.131 
688,9.112 
688,-100.000 
689,-0.049 
689,-5.416 
689,-5.155 
689,-0.323 
689,-3.076 
689,-6.052 
689,-0.371 
689,147.639 
689,-3.571 
689,-100.000 
690,-0.094 
690,-0.475 
690,-0.463 
690,-0.432 
690,-0.381 
690,-0.428 
690,1.747 
690,-5.338 
690,0.000 
691,-0.094 
691,-0.475 
691,-0.463 
691,-0.551 
691,-0.499 
691,-0.665 
691,-0.575 
691,-14.809 
691,-386.969 
691,-100.000 
692,-0.094 
692,-0.278 
692,-0.281 
692,-0.379 
692,-123.766 
692,-262.570 
692,-14.165 
692,-12.904 
692,-3.131 
692,-100.000 
693,-0.049 
693,-0.116 
693,-0.119 
693,2.462 
693,26.325 
693,-127.455 
693,-3.534 
693,-203.671 
693,22.484 
693,-100.000 
694,-0.049 
694,5.447 
694,9.628 
694,126.095 
694,-3.566 
694,-24.503 
694,-36.767 
694,201.925 
694,-3.696 
694,268.919 
695,-0.049 
695,-2.479 
695,2.715 
695,5.036 
695,-167.035 
695,-127.336 
695,-3.563 
695,11.771 
695,-91.931 
695,-100.000 
696,-0.049 
696,-0.116 
696,2.619 
696,-0.529 
696,-258.062 
696,-91.682 
696,-3.175 
696,2.545 
696,0.776 
696,-100.000 
697,-0.049 
697,-0.116 
697,-0.119 
697,-3.046 
697,44.214 
697,-1.760 
697,2.664 
697,-23.863 
697,2.266 
697,129.698 
698,-0.049 
698,-0.116 
698,-0.193 
698,-0.162 
698,-0.229 
698,-0.364 
698,-2.410 
698,4.889 
698,-96.018 
698,-100.000 
699,-0.049 
699,-0.116 
699,-7.819 
699,-0.368 
699,-6.123 
699,-62.506 
699,-3.442 
699,2.439 
699,-5.375 
699,-100.000 
700,-0.094 
700,-0.116 
700,-0.238 
700,-0.221 
700,-5.634 
700,-2.765 
700,-62.393 
700,-6.016 
700,-76.404 
700,-100.000 
701,-0.049 
701,-0.079 
701,7.837 
701,2.754 
701,2.280 
701,209.523 
701,-36.664 
701,-127.715 
701,-24.250 
701,-100.000 
702,-0.049 
702,-0.116 
702,-169.961 
702,-122.275 
702,0.670 
702,-13.016 
702,2.430 
702,-24.036 
702,-3.544 
702,-100.000 
703,-0.049 
703,-0.171 
703,-2.773 
703,-3.153 
703,173.156 
703,0.680 
703,-3.583 
703,-117.546 
703,24.870 
703,-100.000 
704,-0.049 
704,-0.171 
704,-2.773 
704,-62.476 
704,-3.577 
704,-6.073 
704,150.757 
704,-117.587 
704,24.521 
704,-100.000 
705,-0.049 
705,-0.079 
705,-0.167 
705,-62.270 
705,-0.300 
705,-0.222 
705,6.646 
705,-320.182 
705,-12.791 
705,-100.000 
706,-0.049 
706,-200.360 
706,30.482 
706,23.119 
706,5.552 
706,2.406 
706,-13.259 
706,-127.469 
706,-91.685 
706,-100.000 
707,-0.049 
707,-2.479 
707,5.181 
707,-3.173 
707,-166.755 
707,-127.175 
707,12.073 
707,-3.201 
707,-24.024 
707,-100.000 
708,-0.049 
708,-0.079 
708,-5.293 
708,2.992 
708,5.073 
708,4.585 
708,-45.009 
708,11.932 
708,32.292 
708,-100.000 
709,-0.049 
709,-0.079 
709,-0.281 
709,-0.544 
709,-62.639 
709,-192.871 
709,-0.846 
709,-24.269 
709,11.389 
709,-100.000 
710,-0.049 
710,-0.171 
710,-0.167 
710,5.210 
710,2.350 
710,-5.264 
710,-62.392 
710,28.095 
710,-13.028 
710,-100.000 
711,-0.156 
711,-0.475 
711,-5.763 
711,-3.236 
711,-51.381 
711,-12.875 
711,-3.289 
711,-127.113 
711,0.000 
712,-0.156 
712,-0.171 
712,-0.278 
712,4.880 
712,-5.435 
712,-6.121 
712,-90.207 
712,-265.357 
712,2.172 
712,-100.000 
713,-0.049 
713,-0.171 
713,-0.167 
713,-0.261 
713,-0.423 
713,4.452 
713,-92.260 
713,-36.462 
713,2.255 
713,-100.000 
714,-0.049 
714,-0.171 
714,-0.285 
714,-0.261 
714,-306.086 
714,-16.430 
714,-36.335 
714,-3.408 
714,-3.782 
714,-100.000 
715,-0.049 
715,-0.079 
715,-5.293 
715,-3.150 
715,-5.813 
715,4.756 
715,-318.692 
715,24.905 
715,32.529 
715,-100.000 
716,-0.049 
716,-0.079 
716,-5.964 
716,-0.142 
716,-5.572 
716,-5.846 
716,-2.510 
716,4.669 
716,0.000 
717,-0.049 
717,-3.150 
717,-5.419 
717,27.229 
717,116.792 
717,-3.093 
717,-198.212 
717,0.761 
717,-23.937 
717,-100.000 
718,-0.049 
718,-0.171 
718,-0.285 
718,-0.280 
718,-0.966 
718,-0.388 
718,-5.928 
718,-60.069 
718,4.181 
718,-100.000 
719,-0.049 
719,-3.150 
719,-5.419 
719,-0.162 
719,-3.033 
719,-2.719 
719,4.646 
719,-6.000 
719,88.509 
719,-100.000 
720,-0.049 
720,-0.079 
720,-0.119 
720,-230.984 
720,-23.867 
720,-122.419 
720,-7.517 
720,-0.884 
720,32.075 
720,-100.000 
721,-0.049 
721,-0.079 
721,-0.089 
721,-0.348 
721,91.117 
721,-29.603 
721,-31.091 
721,-5.665 
721,2.465 
721,216.575 
722,-0.156 
722,-0.171 
722,-0.278 
722,-0.358 
722,-0.635 
722,-158.993 
722,-7.971 
722,-22.700 
722,135.070 
722,-100.000 
723,-0.156 
723,-0.171 
723,-0.167 
723,-0.348 
723,-0.304 
723,-1.534 
723,-62.361 
723,-313.230 
723,2.640 
723,-100.000 
724,-0.049 
724,-0.079 
724,-0.281 
724,-0.544 
724,351.989 
724,-92.143 
724,-0.965 
724,20.509 
724,-24.481 
724,450.940 
725,-0.049 
725,-0.079 
725,-0.167 
725,-0.162 
725,-0.229 
725,-0.319 
725,-369.871 
725,-4.330 
725,2.580 
725,-100.000 
726,-0.049 
726,-2.479 
726,-0.373 
726,-5.223 
726,-3.108 
726,-5.885 
726,-5.616 
726,27.563 
726,-3.383 
726,-100.000 
727,-0.156 
727,-23.722 
727,-0.373 
727,-0.348 
727,121.589 
727,-8.651 
727,-203.075 
727,32.524 
727,1.082 
727,-100.000 
728,-0.156 
728,-0.171 
728,-0.167 
728,-0.239 
728,-62.330 
728,-0.428 
728,6.974 
728,271.913 
728,-36.553 
728,223.572 
729,-0.156 
729,-0.171 
729,4.708 
729,-5.462 
729,-0.194 
729,2.844 
729,59.302 
729,-3.169 
729,5.187 
729,-100.000 
730,-0.049 
730,-0.171 
730,-0.285 
730,-0.261 
730,-0.217 
730,-13.302 
730,-5.528 
730,5.409 
730,-62.164 
730,-100.000 
731,-0.156 
731,-0.171 
731,-0.285 
731,-145.823 
731,-7.375 
731,-0.390 
731,-8.059 
731,-36.697 
731,-203.347 
731,-100.000 
732,-0.049 
732,-0.116 
732,23.561 
732,23.183 
732,199.803 
732,-0.407 
732,1.807 
732,-3.675 
732,-127.478 
732,-100.000 
733,-0.094 
733,-0.116 
733,-0.249 
733,-0.218 
733,-0.329 
733,61.492 
733,-389.438 
733,-12.720 
733,-3.796 
733,-100.000 
734,-0.049 
734,2.992 
734,5.019 
734,-0.379 
734,5.036 
734,-3.342 
734,-0.651 
734,3.949 
734,-216.310 
734,-100.000 
735,-0.049 
735,-0.079 
735,-0.167 
735,223.571 
735,121.558 
735,-0.596 
735,-16.813 
735,-13.093 
735,-36.289 
735,275.404 
736,-0.156 
736,-0.378 
736,-0.373 
736,-0.368 
736,-0.435 
736,-0.601 
736,-0.672 
736,77.838 
736,-6.092 
736,-100.000 
737,-0.049 
737,-0.079 
737,-0.167 
737,-8.088 
737,-5.410 
737,-5.684 
737,-2.871 
737,2.238 
737,0.000 
738,-0.049 
738,-0.171 
738,2.698 
738,4.771 
738,-3.282 
738,-0.476 
738,59.141 
738,-5.239 
738,-5.984 
738,-100.000 
739,-0.049 
739,-0.171 
739,-0.373 
739,-0.368 
739,-0.435 
739,-62.464 
739,-0.490 
739,-0.365 
739,-354.411 
739,-100.000 
740,-0.049 
740,-0.079 
740,-0.089 
740,-62.226 
740,-0.270 
740,-114.572 
740,-31.049 
740,-23.871 
740,-8.418 
740,-100.000 
741,-0.049 
741,-0.079 
741,-0.208 
741,4.035 
741,-5.883 
741,2.189 
741,61.151 
741,-385.990 
741,0.636 
741,-100.000 
742,-0.049 
742,-0.198 
742,321.848 
742,90.655 
742,-0.507 
742,-7.799 
742,-25.825 
742,-1.970 
742,-24.288 
742,1163.352 
743,-0.049 
743,-0.079 
743,-0.373 
743,-0.529 
743,4.946 
743,-191.165 
743,-127.881 
743,-33.780 
743,-13.465 
743,-100.000 
744,-0.049 
744,-0.079 
744,-3.453 
744,2.606 
744,-3.239 
744,-210.472 
744,25.089 
744,116.902 
744,-91.371 
744,-100.000 
745,-0.049 
745,-0.198 
745,-0.208 
745,128.498 
745,-200.805 
745,-31.085 
745,-0.569 
745,32.323 
745,23.180 
745,-100.000 
746,-0.049 
746,6.723 
746,121.567 
746,-24.049 
746,-0.810 
746,-201.027 
746,29.941 
746,-0.756 
746,-27.871 
746,-100.000 
747,-0.049 
747,-0.171 
747,-2.773 
747,4.932 
747,-5.191 
747,2.397 
747,264.555 
747,-3.513 
747,-91.545 
747,225.011 
748,-0.049 
748,-0.171 
748,-0.285 
748,-62.389 
748,194.119 
748,-0.665 
748,-7.488 
748,29.676 
748,-122.792 
748,-100.000 
749,-0.049 
749,-0.079 
749,-0.281 
749,-0.382 
749,-0.625 
749,-62.687 
749,-192.501 
749,11.108 
749,-127.849 
749,-100.000 
750,-0.156 
750,-23.722 
750,-7.088 
750,-31.033 
750,-0.499 
750,121.584 
750,-0.575 
750,-9.377 
750,202.110 
750,211.060 
751,-0.049 
751,-0.116 
751,-0.463 
751,-0.432 
751,-0.499 
751,-5.369 
751,4.714 
751,-3.624 
751,-143.302 
751,-100.000 
752,-0.156 
752,-0.378 
752,-0.484 
752,-0.445 
752,-62.536 
752,-0.665 
752,7.744 
752,4.068 
752,278.853 
752,540.127 
753,-0.049 
753,2.321 
753,-2.893 
753,-5.402 
753,4.690 
753,-5.772 
753,287.634 
753,-23.950 
753,2.446 
753,223.572 
754,-0.049 
754,-0.079 
754,-0.119 
754,-231.103 
754,-0.184 
754,-122.139 
754,-23.824 
754,-7.202 
754,-15.722 
754,-100.000 
755,-0.049 
755,-0.116 
755,-0.281 
755,230.339 
755,-0.507 
755,-24.031 
755,6.133 
755,-122.690 
755,0.000 
756,-0.156 
756,-0.171 
756,-0.167 
756,-0.348 
756,145.140 
756,-31.126 
756,-29.665 
756,-7.566 
756,-25.346 
756,270.594 
757,-0.156 
757,-0.171 
757,4.589 
757,2.604 
757,-0.506 
757,-6.073 
757,4.649 
757,1.879 
757,58.850 
757,127.720 
758,-0.049 
758,-0.378 
758,-145.935 
758,-7.269 
758,-7.672 
758,-3.163 
758,-203.193 
758,2.544 
758,-36.289 
758,-100.000 
759,-0.049 
759,-0.198 
759,199.836 
759,-24.049 
759,-0.454 
759,-7.311 
759,-31.067 
759,-122.367 
759,90.954 
759,111.150 
760,-0.049 
760,-0.079 
760,-0.089 
760,-0.264 
760,-0.507 
760,13.851 
760,-160.499 
760,125.854 
760,-24.454 
760,-100.000 
761,-0.049 
761,-0.171 
761,-0.193 
761,-0.368 
761,-0.435 
761,-18.583 
761,-62.359 
761,-3.512 
761,289.443 
761,328.943 
762,-0.049 
762,-0.171 
762,-3.238 
762,-20.541 
762,-202.898 
762,-2.957 
762,-12.841 
762,-127.295 
762,-36.654 
762,-100.000 
763,-0.049 
763,-0.171 
763,-0.373 
763,-0.467 
763,-231.176 
763,-30.965 
763,121.739 
763,-0.162 
763,0.000 
764,-0.049 
764,-0.171 
764,-0.373 
764,-0.368 
764,-0.382 
764,4.958 
764,-3.785 
764,-62.676 
764,153.245 
764,-100.000 
765,-0.156 
765,-0.378 
765,2.431 
765,-3.419 
765,-0.387 
765,-56.187 
765,24.930 
765,-1.641 
765,-127.107 
765,-100.000 
766,-0.156 
766,-0.378 
766,-0.373 
766,-0.348 
766,-0.317 
766,-10.805 
766,1.889 
766,5.245 
766,-325.746 
766,-100.000 
767,-0.156 
767,-0.378 
767,-0.373 
767,-0.348 
767,-0.478 
767,-0.525 
767,-0.435 
767,-17.801 
767,-16.777 
767,-100.000 
768,-0.156 
768,-0.171 
768,4.708 
768,5.384 
768,-2.823 
768,-92.343 
768,-3.583 
768,-36.301 
768,2.416 
768,-100.000 
769,-0.156 
769,-0.171 
769,-0.278 
769,-62.389 
769,-328.423 
769,-31.034 
769,-7.249 
769,3.413 
769,2.570 
769,-100.000 
770,-0.049 
770,-0.079 
770,-0.373 
770,-224.180 
770,-122.316 
770,-31.008 
770,32.484 
770,-7.286 
770,-0.221 
770,-100.000 
771,-0.049 
771,-0.171 
771,-0.193 
771,7.419 
771,-210.712 
771,2.676 
771,-3.109 
771,-127.199 
771,-1.814 
771,-100.000 
772,-0.049 
772,-2.479 
772,-0.373 
772,4.932 
772,-3.387 
772,-5.238 
772,264.717 
772,2.480 
772,0.964 
772,233.704 
773,-0.049 
773,-0.171 
773,-16.915 
773,-0.498 
773,-12.321 
773,197.135 
773,-36.561 
773,2.136 
773,116.600 
773,208.470 
774,-0.049 
774,-0.079 
774,-0.089 
774,-0.142 
774,-0.304 
774,-0.240 
774,-62.242 
774,-124.287 
774,30.380 
774,-100.000 
775,-0.049 
775,-0.171 
775,223.459 
775,-7.269 
775,-0.304 
775,-30.846 
775,2.316 
775,-117.461 
775,-3.383 
775,-100.000 
776,-0.049 
776,-0.079 
776,-0.208 
776,-0.467 
776,-0.423 
776,169.451 
776,-122.287 
776,-5.643 
776,-36.332 
776,-100.000 
777,-0.049 
777,-0.079 
777,-0.208 
777,-0.467 
777,-0.435 
777,-0.364 
777,-0.273 
777,-336.427 
777,0.000 
778,-0.049 
778,-0.079 
778,-0.119 
778,223.740 
778,-0.345 
778,7.442 
778,2.180 
778,-92.061 
778,-127.730 
778,-100.000 
779,-0.049 
779,-0.116 
779,-0.119 
779,-0.102 
779,-0.227 
779,-0.407 
779,-0.596 
779,-62.557 
779,6.162 
779,-100.000 
780,-0.049 
780,-0.079 
780,-7.363 
780,-0.142 
780,2.706 
780,-105.005 
780,-3.140 
780,-12.737 
780,0.000 
781,-0.049 
781,-200.360 
781,-0.208 
781,-7.119 
781,-33.125 
781,-23.772 
781,-0.124 
781,-30.760 
781,4.832 
781,-100.000 
782,-0.156 
782,-0.171 
782,-2.773 
782,-5.223 
782,-3.494 
782,-3.400 
782,-62.598 
782,-6.095 
782,-6.080 
782,-100.000 
783,-0.156 
783,-0.378 
783,-0.373 
783,-0.467 
783,-0.423 
783,-0.359 
783,61.701 
783,-1.813 
783,-365.615 
783,-100.000 
784,-0.049 
784,-0.171 
784,-145.729 
784,200.020 
784,0.223 
784,2.058 
784,-3.939 
784,-13.331 
784,-36.688 
784,-100.000 
785,-0.049 
785,-0.079 
785,-0.208 
785,-0.198 
785,-0.168 
785,-0.153 
785,1.938 
785,-5.655 
785,60.716 
785,-100.000 
786,-0.094 
786,-0.475 
786,-0.463 
786,-0.551 
786,-0.499 
786,-0.428 
786,-0.337 
786,-13.721 
786,0.000 
787,-0.156 
787,-0.171 
787,-0.167 
787,-0.432 
787,-12.955 
787,-373.721 
787,-3.408 
787,-3.149 
787,-13.018 
787,-100.000 
788,-0.156 
788,-0.378 
788,-0.373 
788,-0.445 
788,-62.418 
788,-0.309 
788,-3.071 
788,-5.504 
788,-117.824 
788,-100.000 
789,-0.049 
789,-0.198 
789,-0.208 
789,-0.382 
789,-62.478 
789,-324.096 
789,-19.083 
789,2.509 
789,-13.011 
789,-100.000 
790,-0.156 
790,-0.378 
790,-0.484 
790,-5.320 
790,4.900 
790,5.212 
790,2.505 
790,2.007 
790,-134.878 
790,-100.000 
791,-0.049 
791,-0.079 
791,-0.167 
791,-98.810 
791,-200.704 
791,30.237 
791,-8.128 
791,-12.847 
791,-3.116 
791,-100.000 
792,-0.049 
792,-0.079 
792,61.812 
792,-0.195 
792,229.186 
792,-23.772 
792,-5.527 
792,116.775 
792,-1.501 
792,1215.165 
793,-0.049 
793,-0.116 
793,23.399 
793,-200.545 
793,-0.227 
793,-0.289 
793,-5.961 
793,-33.312 
793,-127.331 
793,-100.000 
794,-0.049 
794,-7.000 
794,30.482 
794,-2.909 
794,-23.867 
794,-29.490 
794,2.743 
794,2.363 
794,-117.790 
794,-100.000 
795,-0.049 
795,-0.171 
795,-0.463 
795,-0.432 
795,-0.381 
795,-169.552 
795,-4.519 
795,-202.908 
795,0.000 
796,-0.049 
796,-0.079 
796,-62.249 
796,-0.195 
796,-0.151 
796,-344.754 
796,-0.242 
796,30.145 
796,12.133 
796,-100.000 
797,-0.156 
797,-0.205 
797,4.945 
797,2.201 
797,1.450 
797,-6.524 
797,-5.663 
797,-143.290 
797,-3.737 
797,-100.000 
798,-0.156 
798,-0.171 
798,-0.167 
798,16.487 
798,-0.217 
798,200.010 
798,121.618 
798,-30.882 
798,-91.384 
798,362.626 
799,-0.156 
799,-0.171 
799,-0.167 
799,-0.261 
799,-0.423 
799,-5.582 
799,134.859 
799,-26.142 
799,-198.991 
799,-100.000 
800,-0.156 
800,-0.378 
800,-0.484 
800,-3.516 
800,-5.700 
800,2.490 
800,-25.647 
800,-260.277 
800,-117.595 
800,-100.000 
801,-0.049 
801,-0.198 
801,-0.208 
801,-0.382 
801,-231.228 
801,-7.210 
801,-23.985 
801,-122.573 
801,-91.664 
801,-100.000 
802,-0.049 
802,-2.479 
802,2.715 
802,5.036 
802,5.138 
802,-3.521 
802,-0.390 
802,-5.272 
802,-339.802 
802,-100.000 
803,-0.156 
803,-0.205 
803,-0.355 
803,-0.603 
803,-0.950 
803,-0.879 
803,-19.444 
803,-327.076 
803,-13.319 
803,-100.000 
804,-0.156 
804,-0.171 
804,-0.463 
804,-0.432 
804,-0.381 
804,-376.754 
804,-0.337 
804,32.588 
804,6.560 
804,-100.000 
805,-0.049 
805,-0.079 
805,-0.281 
805,158.990 
805,-0.507 
805,199.432 
805,-24.339 
805,-91.925 
805,-18.993 
805,389.957 
806,-0.049 
806,-0.198 
806,-8.924 
806,-5.521 
806,-2.584 
806,-166.276 
806,116.688 
806,32.442 
806,-3.207 
806,-100.000 
807,-0.156 
807,-0.171 
807,4.589 
807,2.604 
807,-6.068 
807,-2.877 
807,61.582 
807,2.236 
807,-6.038 
807,236.019 
808,-0.156 
808,-0.171 
808,-5.812 
808,-3.419 
808,-3.108 
808,-0.309 
808,4.929 
808,-64.796 
808,-5.214 
808,218.804 
809,-0.049 
809,-0.171 
809,-5.493 
809,-0.259 
809,-5.229 
809,-3.074 
809,-5.928 
809,-3.436 
809,64.091 
809,-100.000 
810,-0.049 
810,-0.171 
810,-0.373 
810,176.264 
810,-8.779 
810,-127.245 
810,-36.335 
810,-13.170 
810,2.479 
810,-100.000 
811,-0.049 
811,-0.378 
811,-0.373 
811,-0.467 
811,-0.423 
811,-62.458 
811,-201.908 
811,-12.484 
811,-117.331 
811,-100.000 
812,-0.156 
812,-0.171 
812,2.637 
812,-0.239 
812,4.575 
812,4.750 
812,102.475 
812,139.974 
812,-13.304 
812,450.940 
813,-0.156 
813,-0.378 
813,-0.373 
813,-146.029 
813,-11.253 
813,197.522 
813,-91.536 
813,0.826 
813,24.521 
813,-100.000 
814,-0.049 
814,-0.079 
814,-0.281 
814,30.219 
814,-29.623 
814,121.355 
814,137.447 
814,-24.227 
814,-7.453 
814,347.502 
815,-0.156 
815,-0.205 
815,-0.193 
815,-0.162 
815,-0.194 
815,-0.227 
815,-0.284 
815,-5.645 
815,59.410 
815,-100.000 
816,-0.156 
816,-0.205 
816,-0.304 
816,-0.420 
816,-8.459 
816,-28.398 
816,2.700 
816,-265.238 
816,-127.268 
816,-100.000 
817,-0.156 
817,-0.171 
817,-2.971 
817,-0.239 
817,-6.032 
817,-5.184 
817,-120.487 
817,-36.105 
817,-3.291 
817,-100.000 
818,-0.049 
818,-0.116 
818,-0.238 
818,-0.280 
818,-0.562 
818,148.530 
818,-13.432 
818,-3.827 
818,-91.858 
818,-100.000 
819,-0.049 
819,-200.360 
819,-122.101 
819,-0.079 
819,-7.089 
819,23.192 
819,-33.186 
819,-31.127 
819,11.483 
819,-100.000 
820,-0.049 
820,-0.079 
820,-0.208 
820,321.858 
820,-24.005 
820,29.722 
820,-19.318 
820,-3.749 
820,-13.232 
820,310.824 
821,-0.049 
821,-0.116 
821,-0.238 
821,-0.221 
821,-0.184 
821,-0.428 
821,-183.422 
821,199.936 
821,-1.051 
821,-100.000 
822,-0.094 
822,-0.116 
822,-0.249 
822,-53.073 
822,-0.286 
822,6.115 
822,-3.167 
822,126.515 
822,-265.072 
822,-100.000 
823,-0.049 
823,-0.079 
823,-0.089 
823,-0.264 
823,-159.761 
823,-23.957 
823,4.014 
823,-3.128 
823,-198.355 
823,-100.000 
824,-0.049 
824,-0.079 
824,-0.208 
824,-0.382 
824,-0.390 
824,-0.319 
824,-5.895 
824,-339.534 
824,0.000 
825,-0.049 
825,-0.223 
825,-3.023 
825,4.921 
825,-5.974 
825,-2.882 
825,-127.453 
825,-24.196 
825,-265.212 
825,-100.000 
826,-0.094 
826,-0.278 
826,-10.455 
826,-5.908 
826,-3.311 
826,-3.249 
826,342.049 
826,-3.866 
826,-24.217 
826,310.824 
827,-0.049 
827,-0.116 
827,-0.399 
827,-0.793 
827,-3.387 
827,-3.211 
827,-2.716 
827,-379.801 
827,0.000 
828,-0.049 
828,-0.116 
828,-0.119 
828,-0.221 
828,-0.184 
828,-0.246 
828,-0.456 
828,-383.711 
828,-1.741 
828,-100.000 
829,-0.156 
829,23.379 
829,121.726 
829,-0.467 
829,-200.704 
829,-30.965 
829,-7.356 
829,-0.442 
829,-91.545 
829,-100.000 
830,-0.156 
830,-0.378 
830,-0.399 
830,-0.793 
830,-2.878 
830,-62.506 
830,2.581 
830,52.348 
830,0.776 
830,-100.000 
831,-0.049 
831,-0.079 
831,200.073 
831,-30.822 
831,-0.345 
831,6.395 
831,-24.016 
831,-22.727 
831,-127.317 
831,-100.000 
832,-0.049 
832,-0.223 
832,-0.219 
832,-0.239 
832,-0.181 
832,-5.687 
832,-49.168 
832,-25.547 
832,-127.107 
832,-100.000 
833,-0.156 
833,-0.378 
833,-0.484 
833,-0.445 
833,-0.387 
833,-0.309 
833,61.701 
833,-368.310 
833,30.380 
833,-100.000 
834,-0.049 
834,-0.171 
834,-0.285 
834,-0.467 
834,-30.894 
834,-122.608 
834,-31.596 
834,-201.165 
834,9.781 
834,-100.000 
835,-0.156 
835,-0.205 
835,-5.493 
835,-2.966 
835,-5.961 
835,2.826 
835,2.127 
835,-5.156 
835,19.960 
835,-100.000 
836,-0.156 
836,-0.171 
836,23.384 
836,30.278 
836,-7.193 
836,-122.331 
836,-200.510 
836,-91.365 
836,-3.388 
836,-100.000 
837,-0.156 
837,-0.171 
837,-0.373 
837,-0.445 
837,-8.066 
837,-172.014 
837,-265.161 
837,12.235 
837,35.400 
837,-100.000 
838,-0.049 
838,-0.079 
838,-0.281 
838,152.069 
838,-0.507 
838,12.744 
838,-13.338 
838,-203.476 
838,-91.931 
838,-100.000 
839,-0.049 
839,-0.079 
839,-0.208 
839,-0.314 
839,-62.301 
839,-0.428 
839,-0.567 
839,-138.366 
839,30.143 
839,-100.000 
840,-0.049 
840,-122.091 
840,200.192 
840,30.337 
840,-7.266 
840,-23.870 
840,-0.228 
840,2.236 
840,2.728 
840,-100.000 
841,-0.049 
841,-2.883 
841,-0.373 
841,-5.223 
841,2.648 
841,-142.770 
841,-202.956 
841,-36.225 
841,12.254 
841,-100.000 
842,-0.049 
842,-5.416 
842,-5.155 
842,-5.908 
842,2.577 
842,2.111 
842,-3.283 
842,-44.295 
842,23.077 
842,-100.000 
843,-0.156 
843,-0.171 
843,-0.167 
843,-0.261 
843,-306.086 
843,32.428 
843,-0.330 
843,-0.213 
843,-7.710 
843,-100.000 
844,-0.156 
844,-0.378 
844,-0.373 
844,-0.348 
844,-6.353 
844,4.893 
844,-3.505 
844,250.059 
844,126.014 
844,637.147 
845,-0.156 
845,-0.378 
845,-0.484 
845,-3.516 
845,4.487 
845,-5.614 
845,2.476 
845,41.396 
845,-13.024 
845,-100.000 
846,-0.156 
846,-0.378 
846,-0.399 
846,-0.465 
846,-0.400 
846,-0.476 
846,-205.828 
846,137.886 
846,-5.893 
846,-100.000 
847,-0.049 
847,-0.079 
847,-0.089 
847,-10.158 
847,-5.694 
847,-5.470 
847,-3.283 
847,-356.899 
847,-33.021 
847,-100.000 
848,-0.049 
848,200.083 
848,-30.839 
848,-0.382 
848,6.576 
848,-0.289 
848,121.681 
848,-23.787 
848,4.553 
848,273.062 
849,-0.094 
849,-0.116 
849,-0.463 
849,-0.529 
849,-8.834 
849,59.133 
849,4.363 
849,5.021 
849,-152.359 
849,-100.000 
850,-0.156 
850,-0.205 
850,-0.193 
850,-54.313 
850,-7.031 
850,-122.212 
850,-0.228 
850,-13.419 
850,0.000 
851,-0.156 
851,-0.205 
851,-0.193 
851,-0.323 
851,-0.390 
851,-62.419 
851,-225.541 
851,10.027 
851,-117.669 
851,-100.000 
852,-0.049 
852,-0.171 
852,-0.373 
852,-0.368 
852,-0.478 
852,-0.407 
852,16.881 
852,-0.324 
852,-91.426 
852,-100.000 
853,-0.049 
853,-0.198 
853,-0.208 
853,-0.435 
853,328.690 
853,-0.831 
853,20.947 
853,-92.176 
853,-36.735 
853,298.640 
854,-0.049 
854,-2.883 
854,-0.373 
854,2.723 
854,-5.949 
854,-33.863 
854,24.985 
854,-127.210 
854,0.000 
855,-0.049 
855,-2.883 
855,-4.963 
855,118.662 
855,-3.239 
855,-25.590 
855,-1.769 
855,-203.078 
855,0.000 
856,-0.049 
856,-200.360 
856,-0.208 
856,-23.811 
856,-91.506 
856,-122.440 
856,-0.449 
856,6.352 
856,29.702 
856,-100.000 
857,-0.049 
857,-0.116 
857,-0.463 
857,-0.432 
857,-146.510 
857,-9.551 
857,2.467 
857,-12.911 
857,-117.590 
857,-100.000 
858,-0.156 
858,-0.475 
858,53.688 
858,-122.444 
858,-0.381 
858,-200.709 
858,-0.337 
858,6.576 
858,-91.448 
858,-100.000 
859,-0.049 
859,4.677 
859,2.597 
859,-0.261 
859,-5.529 
859,-3.435 
859,1.889 
859,-332.895 
859,-12.997 
859,-100.000 
860,-0.049 
860,-0.079 
860,-0.373 
860,-0.467 
860,-0.660 
860,6.412 
860,301.263 
860,11.801 
860,-36.526 
860,283.945 
861,-0.156 
861,-0.205 
861,-0.399 
861,1.966 
861,-57.781 
861,2.664 
861,-1.872 
861,116.534 
861,-203.155 
861,-100.000 
862,-0.156 
862,-0.171 
862,-0.355 
862,-0.323 
862,-0.390 
862,-0.525 
862,213.538 
862,-122.616 
862,-17.971 
862,-100.000 
863,-0.049 
863,-0.079 
863,-0.119 
863,-0.102 
863,-0.065 
863,-12.850 
863,-0.155 
863,82.006 
863,0.000 
864,-0.156 
864,-0.171 
864,-3.238 
864,-26.963 
864,-36.130 
864,-1.640 
864,-3.077 
864,116.856 
864,-29.353 
864,-100.000 
865,-0.049 
865,-2.883 
865,-0.373 
865,-3.419 
865,4.570 
865,4.893 
865,-2.835 
865,-5.969 
865,0.000 
866,-0.049 
866,-3.231 
866,-23.717 
866,-29.415 
866,-25.656 
866,2.254 
866,116.574 
866,0.837 
866,-141.151 
866,-100.000 
867,-0.049 
867,-0.198 
867,-0.445 
867,12.799 
867,-132.846 
867,-24.297 
867,-3.585 
867,28.457 
867,-36.466 
867,-100.000 
868,-0.049 
868,-2.883 
868,-0.373 
868,-5.829 
868,5.167 
868,-3.478 
868,-0.371 
868,-93.764 
868,116.917 
868,-100.000 
869,-0.049 
869,-0.079 
869,322.085 
869,-7.119 
869,-0.287 
869,-19.379 
869,-25.471 
869,-3.115 
869,-91.447 
869,305.611 
870,-0.049 
870,-0.171 
870,2.233 
870,-5.223 
870,-349.299 
870,-3.044 
870,-36.055 
870,-3.276 
870,0.000 
871,-0.049 
871,-0.079 
871,-0.373 
871,-0.348 
871,-0.423 
871,-1.995 
871,4.789 
871,-312.847 
871,-13.191 
871,-100.000 
872,-0.049 
872,-0.079 
872,-5.293 
872,5.447 
872,189.922 
872,116.900 
872,-3.358 
872,-23.753 
872,0.000 
873,-0.049 
873,-4.953 
873,-0.167 
873,4.977 
873,2.252 
873,2.192 
873,4.650 
873,-0.925 
873,58.850 
873,129.658 
874,-0.049 
874,-0.278 
874,-231.163 
874,4.005 
874,32.247 
874,0.738 
874,-127.334 
874,-3.409 
874,-3.131 
874,-100.000 
875,-0.156 
875,-0.205 
875,-0.304 
875,-0.259 
875,-0.355 
875,-0.550 
875,-62.682 
875,-0.925 
875,-355.090 
875,-100.000 
876,-0.156 
876,-0.378 
876,-0.373 
876,-0.348 
876,-0.478 
876,-0.687 
876,-0.596 
876,-24.579 
876,88.336 
876,-100.000 
877,-0.049 
877,-0.198 
877,61.693 
877,-5.785 
877,225.797 
877,-1.720 
877,2.325 
877,-23.913 
877,24.608 
877,220.372 
878,-0.156 
878,-0.378 
878,-0.373 
878,-0.348 
878,-0.423 
878,-0.428 
878,-62.479 
878,-0.322 
878,231.867 
878,217.337 
879,-0.156 
879,-0.378 
879,-0.373 
879,-139.108 
879,28.669 
879,-31.034 
879,-1.943 
879,-265.153 
879,2.418 
879,-100.000 
880,-0.156 
880,-0.378 
880,-5.247 
880,-3.153 
880,-2.823 
880,61.603 
880,-372.197 
880,-13.016 
880,35.443 
880,-100.000 
881,-0.156 
881,-0.205 
881,-0.193 
881,2.067 
881,9.973 
881,2.409 
881,-203.104 
881,-91.559 
881,126.516 
881,-100.000 
882,-0.156 
882,-0.171 
882,-0.193 
882,-7.862 
882,-3.033 
882,-3.466 
882,-5.340 
882,20.255 
882,-91.814 
882,-100.000 
883,-0.049 
883,2.321 
883,4.667 
883,-3.269 
883,325.039 
883,-36.266 
883,-3.093 
883,23.151 
883,-12.954 
883,337.921 
884,-0.049 
884,-0.171 
884,-0.373 
884,61.585 
884,-0.400 
884,-0.315 
884,-0.371 
884,46.007 
884,-0.458 
884,103.544 
885,-0.049 
885,-2.479 
885,-3.279 
885,-5.072 
885,5.116 
885,-0.364 
885,-3.196 
885,-6.163 
885,-143.119 
885,-100.000 
886,-0.049 
886,-2.883 
886,5.019 
886,5.101 
886,-3.578 
886,1.950 
886,-62.478 
886,211.323 
886,-127.331 
886,-100.000 
887,-0.049 
887,-0.079 
887,-0.281 
887,-0.382 
887,158.908 
887,-0.569 
887,-29.742 
887,-19.279 
887,-23.964 
887,373.242 
888,-0.156 
888,-0.378 
888,-0.484 
888,-60.092 
888,-2.881 
888,2.376 
888,-140.981 
888,-36.105 
888,-3.291 
888,-100.000 
889,-0.207 
889,-0.296 
889,-53.004 
889,-7.366 
889,-31.001 
889,-0.315 
889,-5.317 
889,2.630 
889,140.235 
889,236.125 
890,-0.049 
890,-0.198 
890,-0.208 
890,-62.344 
890,-0.609 
890,-0.937 
890,-0.844 
890,-0.719 
890,-354.883 
890,-100.000 
891,-0.049 
891,-0.198 
891,-0.238 
891,-0.551 
891,182.348 
891,-29.910 
891,-262.941 
891,-17.194 
891,2.354 
891,-100.000 
892,-0.049 
892,-4.953 
892,-0.167 
892,-5.993 
892,87.966 
892,-36.265 
892,-198.273 
892,2.790 
892,-3.116 
892,-100.000 
893,-0.049 
893,-0.079 
893,-0.281 
893,-0.264 
893,4.197 
893,4.796 
893,-3.577 
893,-38.272 
893,32.249 
893,-100.000 
894,-0.049 
894,-0.171 
894,-0.193 
894,-8.068 
894,-3.121 
894,-204.425 
894,126.613 
894,-12.847 
894,2.683 
894,-100.000 
895,-0.156 
895,-0.171 
895,2.431 
895,-5.223 
895,-2.823 
895,-6.004 
895,-3.583 
895,-6.184 
895,-387.270 
895,-100.000 
896,-0.049 
896,2.725 
896,-0.219 
896,-26.337 
896,126.379 
896,139.851 
896,22.627 
896,-13.372 
896,-3.858 
896,348.145 
897,-0.049 
897,5.183 
897,4.636 
897,-0.280 
897,5.178 
897,2.320 
897,-3.060 
897,-61.857 
897,-3.385 
897,-100.000 
898,-0.094 
898,-0.278 
898,-152.893 
898,-0.264 
898,23.073 
898,-0.407 
898,-7.517 
898,-201.165 
898,-22.391 
898,-100.000 
899,-0.094 
899,-0.278 
899,-0.561 
899,14.877 
899,-0.950 
899,-0.948 
899,-65.274 
899,-3.642 
899,-16.060 
899,-100.000 
900,-0.094 
900,-0.278 
900,-0.355 
900,-0.603 
900,-176.715 
900,-201.160 
900,-0.995 
900,-33.780 
900,-16.197 
900,-100.000 
901,-0.049 
901,-4.953 
901,2.715 
901,5.447 
901,4.793 
901,-163.136 
901,28.727 
901,-3.527 
901,-260.357 
901,-100.000 
902,-0.049 
902,-0.171 
902,-3.444 
902,-27.051 
902,2.500 
902,24.894 
902,-198.316 
902,0.672 
902,116.265 
902,-100.000 
903,-0.049 
903,-2.883 
903,5.019 
903,5.101 
903,-3.578 
903,1.551 
903,-241.727 
903,-24.434 
903,-91.986 
903,-100.000 
904,-0.049 
904,-2.883 
904,-0.167 
904,4.977 
904,5.093 
904,-3.552 
904,-64.614 
904,-127.165 
904,0.000 
905,-0.049 
905,2.992 
905,-0.219 
905,-5.840 
905,4.971 
905,-2.720 
905,-24.040 
905,140.048 
905,-3.262 
905,443.630 
906,-0.049 
906,2.992 
906,2.944 
906,126.570 
906,-12.853 
906,-29.500 
906,-36.306 
906,-3.099 
906,-23.684 
906,226.429 
907,-0.049 
907,-0.079 
907,-0.089 
907,-0.198 
907,-0.217 
907,-0.319 
907,-0.347 
907,-24.331 
907,-62.164 
907,316.330 
908,-0.049 
908,-0.079 
908,-0.208 
908,206.767 
908,-0.524 
908,121.537 
908,-10.601 
908,-36.212 
908,-23.939 
908,222.872 
909,-0.049 
909,-0.079 
909,-5.560 
909,-5.563 
909,-5.872 
909,-3.093 
909,-5.206 
909,61.736 
909,-0.339 
909,-100.000 
910,-0.156 
910,-0.171 
910,-0.167 
910,-0.142 
910,-0.110 
910,-0.158 
910,-0.186 
910,17.122 
910,0.000 
911,-0.156 
911,-0.171 
911,2.431 
911,4.771 
911,-6.123 
911,1.713 
911,-3.667 
911,-62.557 
911,220.708 
911,-100.000 
912,-0.156 
912,-0.171 
912,-0.373 
912,-0.348 
912,-0.423 
912,-0.364 
912,-200.586 
912,-122.573 
912,32.398 
912,-100.000 
913,-0.156 
913,-0.171 
913,-5.041 
913,4.977 
913,-5.917 
913,-3.123 
913,2.843 
913,-2.724 
913,-373.106 
913,-100.000 
914,-0.049 
914,-0.198 
914,-0.561 
914,-153.156 
914,22.793 
914,-7.608 
914,-201.276 
914,-92.131 
914,6.068 
914,-100.000 
915,-0.049 
915,2.992 
915,-4.963 
915,2.606 
915,-119.266 
915,201.969 
915,-36.545 
915,-13.276 
915,-24.131 
915,-100.000 
916,-0.049 
916,-0.198 
916,-0.208 
916,-0.221 
916,-0.184 
916,1.995 
916,5.238 
916,-0.518 
916,-325.703 
916,-100.000 
917,-0.049 
917,-0.198 
917,-0.285 
917,-0.467 
917,144.902 
917,-14.497 
917,0.408 
917,-26.057 
917,-29.828 
917,-100.000 
918,-0.049 
918,-0.079 
918,-0.373 
918,-0.348 
918,-231.057 
918,121.653 
918,-0.275 
918,-0.042 
918,-91.400 
918,-100.000 
919,-0.049 
919,-0.378 
919,-0.373 
919,-224.299 
919,-122.435 
919,29.914 
919,-33.506 
919,-0.925 
919,-12.751 
919,-100.000 
920,-0.049 
920,-0.198 
920,-0.285 
920,-0.261 
920,-62.330 
920,-0.497 
920,-0.392 
920,-0.505 
920,-168.996 
920,-100.000 
921,-0.049 
921,2.321 
921,-3.160 
921,2.606 
921,-5.042 
921,4.850 
921,111.249 
921,-91.942 
921,-13.172 
921,-100.000 
922,-0.049 
922,-0.198 
922,-0.208 
922,321.858 
922,22.890 
922,-7.517 
922,-19.387 
922,-91.656 
922,-3.502 
922,302.627 
923,-0.049 
923,61.808 
923,229.119 
923,-0.314 
923,-0.507 
923,-122.456 
923,-30.963 
923,-23.992 
923,-5.851 
923,125.455 
924,-0.049 
924,-0.171 
924,-0.373 
924,-0.467 
924,-0.423 
924,-0.687 
924,-183.799 
924,-13.242 
924,-203.791 
924,-100.000 
925,-0.049 
925,-0.171 
925,30.186 
925,-0.498 
925,-31.067 
925,199.530 
925,-20.228 
925,-127.436 
925,0.000 
926,-0.049 
926,-0.198 
926,128.488 
926,-14.106 
926,2.665 
926,-23.941 
926,-3.110 
926,25.107 
926,0.000 
927,-0.049 
927,-0.116 
927,230.644 
927,121.554 
927,-7.342 
927,-0.365 
927,-0.645 
927,-91.814 
927,-24.203 
927,311.609 
928,-0.207 
928,-0.296 
928,-0.484 
928,-0.465 
928,-62.430 
928,-0.315 
928,-0.328 
928,-2.229 
928,167.626 
928,-100.000 
929,-0.049 
929,-0.079 
929,-0.119 
929,-0.368 
929,-0.317 
929,-0.315 
929,-0.328 
929,78.424 
929,-138.547 
929,-100.000 
930,-0.049 
930,-0.198 
930,7.500 
930,-0.551 
930,4.293 
930,-0.948 
930,-6.488 
930,-3.523 
930,-202.262 
930,-100.000 
931,-0.049 
931,-0.378 
931,-62.514 
931,-0.465 
931,-8.100 
931,-5.959 
931,-219.007 
931,-3.051 
931,2.850 
931,-100.000 
932,-0.049 
932,-0.079 
932,-0.167 
932,-0.323 
932,-11.043 
932,-6.126 
932,-190.250 
932,1.920 
932,-33.636 
932,-100.000 
933,-0.156 
933,-0.378 
933,-0.484 
933,5.179 
933,-122.399 
933,-0.309 
933,30.230 
933,261.785 
933,-6.744 
933,199.984 
934,-0.049 
934,-0.198 
934,-0.285 
934,-0.467 
934,345.183 
934,-14.093 
934,-13.078 
934,2.395 
934,-25.732 
934,322.003 
935,-0.049 
935,-0.198 
935,-0.285 
935,-0.467 
935,-0.435 
935,121.281 
935,-0.867 
935,-15.002 
935,-203.307 
935,-100.000 
936,-0.049 
936,-0.198 
936,-0.208 
936,-0.261 
936,-0.217 
936,-0.319 
936,-0.466 
936,-62.427 
936,292.639 
936,308.508 
937,-0.049 
937,-0.198 
937,-200.489 
937,-8.820 
937,-12.971 
937,-33.299 
937,-24.118 
937,-3.254 
937,-36.359 
937,-100.000 
938,-0.049 
938,-0.079 
938,-0.089 
938,-0.079 
938,-207.370 
938,121.893 
938,-30.652 
938,-5.245 
938,0.000 
939,-0.049 
939,-0.079 
939,-0.208 
939,3.040 
939,-6.050 
939,-0.596 
939,-5.505 
939,-62.599 
939,319.769 
939,385.445 
940,-0.049 
940,-0.079 
940,-0.219 
940,-0.195 
940,-0.329 
940,-1.150 
940,55.160 
940,-265.567 
940,-24.244 
940,-100.000 
941,-0.049 
941,-0.198 
941,-0.285 
941,151.985 
941,-0.454 
941,-0.746 
941,-20.208 
941,-198.558 
941,-36.439 
941,-100.000 
942,-0.049 
942,-0.116 
942,-0.119 
942,-0.432 
942,-0.381 
942,-16.725 
942,-62.304 
942,-5.142 
942,-3.046 
942,-100.000 
943,-0.156 
943,-0.171 
943,2.519 
943,4.697 
943,-2.952 
943,-3.552 
943,-6.035 
943,-251.061 
943,-127.272 
943,-100.000 
944,-0.156 
944,-0.171 
944,-3.177 
944,-5.829 
944,-0.561 
944,4.398 
944,-3.442 
944,-150.386 
944,1.056 
944,-100.000 
945,-0.049 
945,-0.079 
945,-0.208 
945,-8.473 
945,-5.645 
945,-5.401 
945,348.937 
945,-24.262 
945,-13.146 
945,312.482 
946,-0.049 
946,-0.198 
946,-0.285 
946,-0.498 
946,-0.737 
946,182.063 
946,-201.212 
946,-92.067 
946,-0.717 
946,-100.000 
947,-0.049 
947,-0.171 
947,-0.167 
947,-0.142 
947,-0.217 
947,47.408 
947,-0.306 
947,-30.795 
947,0.000 
948,-0.049 
948,-0.079 
948,-0.167 
948,-0.261 
948,-0.217 
948,-0.359 
948,-0.435 
948,124.896 
948,-91.706 
948,-100.000 
949,-0.049 
949,-0.198 
949,-0.285 
949,29.973 
949,-122.466 
949,-200.671 
949,-0.425 
949,1.262 
949,-91.637 
949,-100.000 
950,-0.049 
950,-0.278 
950,-0.281 
950,-11.034 
950,2.459 
950,-228.019 
950,-23.985 
950,126.325 
950,11.779 
950,-100.000 
951,-0.049 
951,-0.079 
951,-0.089 
951,5.347 
951,5.358 
951,-62.356 
951,-5.544 
951,-0.386 
951,2.325 
951,-100.000 
952,-0.094 
952,-0.278 
952,-37.803 
952,-200.825 
952,-0.507 
952,-0.569 
952,3.826 
952,23.153 
952,-91.500 
952,-100.000 
953,-0.049 
953,-0.079 
953,0.463 
953,-5.191 
953,318.617 
953,-24.059 
953,-12.991 
953,-36.375 
953,-3.427 
953,1028.804 
954,-0.049 
954,-0.079 
954,200.073 
954,90.892 
954,-31.048 
954,-23.939 
954,121.491 
954,-0.752 
954,-22.415 
954,896.140 
955,-0.049 
955,-0.079 
955,-0.089 
955,-0.079 
955,-2.909 
955,81.184 
955,-91.448 
955,-36.196 
955,-23.684 
955,-100.000 
956,-0.049 
956,-62.254 
956,-0.219 
956,-0.866 
956,2.534 
956,-5.515 
956,-5.770 
956,4.622 
956,-317.339 
956,-100.000 
957,-0.049 
957,200.202 
957,-0.089 
957,2.283 
957,-127.054 
957,-12.803 
957,-36.071 
957,-3.115 
957,-91.447 
957,-100.000 
958,-0.049 
958,-200.360 
958,-5.641 
958,-25.565 
958,1.049 
958,-23.751 
958,-3.299 
958,116.901 
958,-3.147 
958,-100.000 
959,-0.049 
959,-200.360 
959,30.482 
959,121.748 
959,-0.227 
959,-7.091 
959,-13.246 
959,2.688 
959,0.000 
960,-0.049 
960,-0.116 
960,-0.119 
960,-0.264 
960,-0.227 
960,-0.450 
960,-116.284 
960,-1.351 
960,-24.423 
960,-100.000 
961,-0.049 
961,-0.116 
961,-0.281 
961,-91.674 
961,-23.822 
961,-7.055 
961,2.370 
961,0.672 
961,-203.155 
961,-100.000 
962,-0.049 
962,-0.171 
962,-23.717 
962,5.962 
962,-202.898 
962,-36.059 
962,-2.871 
962,126.692 
962,0.000 
963,-0.049 
963,-0.171 
963,-0.167 
963,5.210 
963,-62.330 
963,-5.527 
963,4.633 
963,241.764 
963,-12.775 
963,237.104 
964,-0.049 
964,-0.171 
964,-0.167 
964,-0.261 
964,-0.335 
964,91.269 
964,199.856 
964,-31.236 
964,-91.738 
964,172.448 
965,-0.049 
965,-0.198 
965,-0.238 
965,-0.458 
965,-0.421 
965,61.578 
965,313.228 
965,-14.612 
965,-24.364 
965,1023.319 
966,-0.049 
966,-2.883 
966,-0.373 
966,2.604 
966,4.985 
966,12.882 
966,-198.393 
966,-26.185 
966,-91.986 
966,-100.000 
967,-0.049 
967,-2.883 
967,-0.373 
967,-2.748 
967,173.156 
967,-91.634 
967,116.570 
967,-1.726 
967,-25.759 
967,214.494 
968,-0.049 
968,-0.223 
968,-0.249 
968,-2.566 
968,2.281 
968,4.422 
968,-6.007 
968,-131.072 
968,-260.314 
968,-100.000 
969,-0.049 
969,-0.079 
969,-200.370 
969,-0.079 
969,-122.180 
969,-31.051 
969,-9.649 
969,32.399 
969,-13.011 
969,-100.000 
970,-0.049 
970,-0.223 
970,-62.249 
970,-0.195 
970,-0.270 
970,-0.325 
970,-0.244 
970,11.438 
970,-10.776 
970,-100.000 
971,-0.049 
971,-0.198 
971,-0.285 
971,-0.551 
971,53.415 
971,-122.677 
971,-7.496 
971,-200.745 
971,-13.149 
971,-100.000 
972,-0.049 
972,-0.223 
972,-0.219 
972,-62.344 
972,-0.270 
972,-0.222 
972,-0.330 
972,-13.517 
972,-320.869 
972,-100.000 
973,-0.049 
973,-0.198 
973,-8.153 
973,-0.261 
973,5.071 
973,-132.578 
973,-3.315 
973,-198.400 
973,-12.954 
973,-100.000 
974,-0.049 
974,-0.198 
974,-0.285 
974,145.064 
974,-200.735 
974,-13.887 
974,24.727 
974,-3.624 
974,-1.965 
974,-100.000 
975,-0.049 
975,-0.198 
975,-0.561 
975,152.069 
975,-0.507 
975,-14.043 
975,-12.940 
975,-198.278 
975,0.000 
976,-0.049 
976,-0.079 
976,-0.167 
976,-0.142 
976,-0.634 
976,-6.004 
976,-356.191 
976,24.977 
976,0.000 
977,-0.049 
977,-0.116 
977,-0.119 
977,-0.264 
977,84.263 
977,-0.289 
977,-3.169 
977,-198.116 
977,-91.371 
977,-100.000 
978,-0.049 
978,-0.198 
978,-0.445 
978,-0.791 
978,-0.810 
978,-306.409 
978,-0.662 
978,9.476 
978,-25.882 
978,-100.000 
979,-0.049 
979,-0.198 
979,-0.285 
979,-0.467 
979,-0.423 
979,-0.364 
979,-0.511 
979,91.485 
979,-27.871 
979,-100.000 
980,-0.049 
980,-0.198 
980,-8.153 
980,-0.261 
980,-5.529 
980,-3.199 
980,-2.704 
980,67.755 
980,-13.104 
980,-100.000 
981,-0.049 
981,-0.198 
981,-0.238 
981,-91.632 
981,-200.465 
981,-7.167 
981,-91.450 
981,-0.134 
981,4.493 
981,-100.000 
982,-0.049 
982,-0.198 
982,-0.208 
982,-10.543 
982,-0.217 
982,-295.862 
982,-36.409 
982,-13.362 
982,-3.470 
982,-100.000 
983,-0.049 
983,-0.079 
983,-0.208 
983,6.486 
983,-8.935 
983,197.525 
983,-117.543 
983,-36.212 
983,0.000 
984,-0.094 
984,-0.278 
984,-0.355 
984,-0.323 
984,-0.478 
984,-0.476 
984,9.418 
984,-60.276 
984,-6.145 
984,-100.000 
985,-0.049 
985,2.202 
985,202.988 
985,23.052 
985,-13.020 
985,-3.461 
985,126.374 
985,-36.462 
985,-91.664 
985,336.950 
986,-0.049 
986,-0.079 
986,-0.219 
986,-0.314 
986,-0.286 
986,7.956 
986,2.323 
986,-0.624 
986,-64.910 
986,-100.000 
987,-0.049 
987,2.873 
987,-3.012 
987,-5.521 
987,1.979 
987,-6.171 
987,-62.554 
987,-270.662 
987,-117.540 
987,-100.000 
988,-0.049 
988,-0.116 
988,-0.193 
988,-0.323 
988,-0.272 
988,-4.618 
988,-132.442 
988,-29.334 
988,-260.045 
988,-100.000 
989,-0.049 
989,-0.079 
989,-0.119 
989,-231.103 
989,-24.050 
989,6.256 
989,-122.586 
989,-0.820 
989,-13.505 
989,-100.000 
990,-0.049 
990,-0.278 
990,-0.561 
990,-0.544 
990,-0.758 
990,-0.687 
990,-62.682 
990,-0.526 
990,292.467 
990,360.188 
991,-0.049 
991,-0.171 
991,-0.167 
991,-0.348 
991,-0.423 
991,47.320 
991,-30.993 
991,-0.442 
991,-91.545 
991,-100.000 
992,-0.049 
992,-0.171 
992,-3.238 
992,20.257 
992,0.972 
992,-3.163 
992,-25.574 
992,197.481 
992,0.000 
993,-0.049 
993,-0.079 
993,-0.208 
993,-0.261 
993,-6.533 
993,172.690 
993,126.580 
993,-36.095 
993,2.504 
993,225.673 
994,-0.049 
994,-0.198 
994,-7.129 
994,-29.489 
994,-262.582 
994,-122.337 
994,-14.702 
994,25.049 
994,2.682 
994,-100.000 
995,-0.049 
995,-3.150 
995,4.667 
995,-0.314 
995,-3.074 
995,-0.428 
995,4.649 
995,4.720 
995,109.179 
995,-100.000 
996,-0.049 
996,-3.150 
996,-2.893 
996,-0.348 
996,4.570 
996,-2.640 
996,5.370 
996,44.356 
996,0.000 
997,-0.049 
997,2.992 
997,-2.893 
997,5.036 
997,5.138 
997,-5.325 
997,80.964 
997,-24.036 
997,-29.557 
997,227.406 
998,-0.049 
998,-0.079 
998,-0.208 
998,-0.221 
998,-0.747 
998,-0.395 
998,4.570 
998,-2.998 
998,0.000 
999,-0.049 
999,-0.116 
999,-0.119 
999,2.524 
999,179.331 
999,-3.330 
999,-3.521 
999,-91.620 
999,-23.802 
999,273.062 
1000,-0.049 
1000,-0.198 
1000,-0.208 
1000,1.194 
1000,4.394 
1000,348.276 
1000,-24.339 
1000,2.008 
1000,-91.899 
1000,435.199 
1001,-0.049 
1001,-0.198 
1001,-0.445 
1001,-62.582 
1001,-0.507 
1001,-0.453 
1001,-0.718 
1001,-2.932 
1001,-311.553 
1001,-100.000 
1002,-0.049 
1002,-0.198 
1002,121.567 
1002,-0.435 
1002,-8.817 
1002,-1.751 
1002,-203.087 
1002,-36.212 
1002,-23.939 
1002,-100.000 
1003,-0.049 
1003,-3.150 
1003,4.785 
1003,2.606 
1003,-0.423 
1003,148.118 
1003,-203.312 
1003,-13.093 
1003,35.029 
1003,-100.000 
1004,-0.049 
1004,5.447 
1004,-0.285 
1004,-5.135 
1004,-2.823 
1004,4.613 
1004,-3.667 
1004,304.566 
1004,-3.278 
1004,339.396 
1005,-0.049 
1005,-0.198 
1005,8.271 
1005,2.369 
1005,9.311 
1005,-29.975 
1005,-36.619 
1005,139.923 
1005,-127.483 
1005,-100.000 
1006,-0.049 
1006,-0.198 
1006,-0.208 
1006,-0.198 
1006,-193.766 
1006,29.752 
1006,-24.545 
1006,11.079 
1006,-127.640 
1006,-100.000 
1007,-0.049 
1007,-0.079 
1007,-0.373 
1007,-0.467 
1007,2.815 
1007,4.698 
1007,-5.385 
1007,4.889 
1007,60.521 
1007,-100.000 
1008,-0.049 
1008,-0.079 
1008,-0.089 
1008,-3.554 
1008,-5.042 
1008,-0.359 
1008,-5.734 
1008,-62.396 
1008,5.306 
1008,-100.000 
1009,-0.049 
1009,-0.079 
1009,-0.281 
1009,-0.264 
1009,-10.253 
1009,149.054 
1009,0.665 
1009,-198.396 
1009,-23.937 
1009,-100.000 
1010,-0.156 
1010,-0.171 
1010,-0.278 
1010,-0.358 
1010,-0.300 
1010,-62.252 
1010,-91.176 
1010,-19.386 
1010,24.727 
1010,-100.000 
1011,-0.049 
1011,-0.198 
1011,121.567 
1011,-200.716 
1011,8.291 
1011,-3.160 
1011,-91.567 
1011,-36.315 
1011,-23.802 
1011,-100.000 
1012,-0.049 
1012,-0.198 
1012,-0.337 
1012,-0.659 
1012,-0.635 
1012,-0.756 
1012,9.391 
1012,-209.415 
1012,0.496 
1012,-100.000 
1013,-0.049 
1013,-0.079 
1013,200.073 
1013,-23.811 
1013,-122.435 
1013,6.325 
1013,-13.631 
1013,90.637 
1013,-3.591 
1013,113.769 
1014,-0.049 
1014,200.202 
1014,5.344 
1014,-91.519 
1014,-36.187 
1014,-24.048 
1014,2.441 
1014,1.943 
1014,-13.282 
1014,-100.000 
1015,-0.049 
1015,-0.171 
1015,-0.167 
1015,-177.079 
1015,-122.316 
1015,-30.846 
1015,32.646 
1015,1.348 
1015,-12.744 
1015,-100.000 
1016,-0.049 
1016,-0.079 
1016,-0.208 
1016,321.977 
1016,-7.208 
1016,-91.531 
1016,-0.479 
1016,-23.913 
1016,10.194 
1016,459.481 
1017,-0.049 
1017,-0.223 
1017,-0.249 
1017,-0.337 
1017,-62.317 
1017,-2.040 
1017,-4.999 
1017,-0.204 
1017,-402.646 
1017,-100.000 
1018,-0.049 
1018,5.447 
1018,4.739 
1018,2.261 
1018,2.165 
1018,-0.879 
1018,3.967 
1018,138.101 
1018,201.422 
1018,555.738 
1019,-0.049 
1019,-0.278 
1019,-0.355 
1019,53.622 
1019,-12.000 
1019,-198.407 
1019,-117.809 
1019,-13.127 
1019,2.017 
1019,-100.000 
1020,-0.049 
1020,-0.171 
1020,-0.167 
1020,-6.223 
1020,26.398 
1020,-29.484 
1020,-264.923 
1020,-127.099 
1020,-12.760 
1020,-100.000 
1021,-0.049 
1021,-2.479 
1021,2.982 
1021,-62.226 
1021,-5.026 
1021,-5.558 
1021,-0.165 
1021,296.696 
1021,-3.099 
1021,375.212 
1022,-0.049 
1022,-0.079 
1022,-0.089 
1022,207.004 
1022,121.606 
1022,-30.966 
1022,-23.855 
1022,-0.550 
1022,-11.618 
1022,230.807 
1023,-0.049 
1023,-200.360 
1023,-0.089 
1023,6.723 
1023,-91.476 
1023,-9.674 
1023,-3.165 
1023,23.101 
1023,-117.569 
1023,-100.000 
1024,-0.049 
1024,-0.079 
1024,-207.291 
1024,-6.594 
1024,2.665 
1024,-127.361 
1024,-3.447 
1024,-26.334 
1024,-24.454 
1024,-100.000 
1025,-0.049 
1025,-0.079 
1025,-0.119 
1025,-5.669 
1025,-0.317 
1025,-2.764 
1025,5.253 
1025,-5.156 
1025,-81.604 
1025,-100.000 
1026,-0.049 
1026,-0.198 
1026,-0.208 
1026,199.846 
1026,-11.832 
1026,-91.650 
1026,-25.825 
1026,116.724 
1026,-12.968 
1026,192.577 
1027,-0.049 
1027,-0.378 
1027,-0.399 
1027,-0.368 
1027,-0.435 
1027,-183.449 
1027,9.353 
1027,2.315 
1027,197.137 
1027,-100.000 
1028,-0.049 
1028,-0.171 
1028,23.384 
1028,121.751 
1028,-0.217 
1028,-7.074 
1028,30.264 
1028,-200.626 
1028,-1.046 
1028,-100.000 
1029,-0.049 
1029,-0.079 
1029,-0.879 
1029,5.210 
1029,4.113 
1029,-333.078 
1029,2.161 
1029,-26.011 
1029,-91.846 
1029,-100.000 
1030,-0.049 
1030,-0.198 
1030,-0.285 
1030,-0.498 
1030,-0.454 
1030,-0.665 
1030,2.475 
1030,-6.227 
1030,61.551 
1030,-100.000 
1031,-0.049 
1031,-0.198 
1031,-0.208 
1031,-5.862 
1031,-0.335 
1031,-6.122 
1031,-3.435 
1031,61.462 
1031,-5.715 
1031,-100.000 
1032,-0.049 
1032,-0.198 
1032,-0.337 
1032,-8.259 
1032,-0.506 
1032,-6.073 
1032,4.972 
1032,2.439 
1032,-101.305 
1032,-100.000 
1033,-0.049 
1033,-3.150 
1033,-0.373 
1033,-2.748 
1033,-3.108 
1033,-5.233 
1033,5.251 
1033,5.019 
1033,304.782 
1033,341.374 
1034,-0.049 
1034,-200.360 
1034,-23.717 
1034,-122.154 
1034,-30.873 
1034,-0.481 
1034,-0.390 
1034,6.523 
1034,-1.955 
1034,-100.000 
1035,-0.049 
1035,-0.171 
1035,-0.463 
1035,-0.432 
1035,61.567 
1035,-0.497 
1035,-0.392 
1035,-0.386 
1035,59.735 
1035,131.390 
1036,-0.049 
1036,-0.079 
1036,-0.119 
1036,8.324 
1036,-241.139 
1036,117.010 
1036,-23.888 
1036,2.340 
1036,-3.523 
1036,-100.000 
1037,-0.049 
1037,-0.223 
1037,-0.219 
1037,-0.218 
1037,-62.317 
1037,-0.433 
1037,-0.566 
1037,-0.602 
1037,-2.320 
1037,-100.000 
1038,-0.049 
1038,-0.079 
1038,-0.373 
1038,0.323 
1038,-5.949 
1038,-5.114 
1038,-5.454 
1038,305.007 
1038,0.000 
1039,-0.049 
1039,-0.079 
1039,-62.249 
1039,-0.866 
1039,-0.387 
1039,-5.184 
1039,2.474 
1039,-5.665 
1039,5.187 
1039,-100.000 
1040,-0.049 
1040,-0.079 
1040,-0.089 
1040,-0.102 
1040,-0.065 
1040,-0.009 
1040,-359.866 
1040,-9.266 
1040,0.000 
1041,-0.049 
1041,-0.198 
1041,-0.445 
1041,-0.498 
1041,12.109 
1041,-3.817 
1041,2.142 
1041,-6.011 
1041,-279.074 
1041,-100.000 
1042,-0.049 
1042,200.083 
1042,121.567 
1042,-91.757 
1042,29.594 
1042,22.602 
1042,-16.569 
1042,-13.285 
1042,2.378 
1042,510.199 
1043,-0.049 
1043,-0.198 
1043,-0.208 
1043,-0.467 
1043,352.104 
1043,-0.596 
1043,-13.779 
1043,-3.480 
1043,-36.332 
1043,332.369 
1044,-0.049 
1044,-0.079 
1044,200.073 
1044,23.084 
1044,-0.423 
1044,-91.634 
1044,-6.148 
1044,-117.469 
1044,0.845 
1044,-100.000 
1045,-0.049 
1045,-0.378 
1045,-0.373 
1045,-0.467 
1045,-11.539 
1045,-62.458 
1045,4.810 
1045,4.229 
1045,-402.588 
1045,-100.000 
1046,-0.049 
1046,200.083 
1046,23.265 
1046,-0.467 
1046,-0.423 
1046,-31.126 
1046,-7.356 
1046,-122.616 
1046,-1.762 
1046,-100.000 
1047,-0.049 
1047,-122.091 
1047,200.073 
1047,-91.519 
1047,-23.850 
1047,-0.340 
1047,-0.480 
1047,-5.560 
1047,-12.997 
1047,-100.000 
1048,-0.049 
1048,-0.171 
1048,-5.041 
1048,-3.332 
1048,2.065 
1048,-5.577 
1048,-3.196 
1048,-6.163 
1048,-129.396 
1048,-100.000 
1049,-0.049 
1049,-0.171 
1049,145.190 
1049,-0.348 
1049,199.858 
1049,-7.280 
1049,-31.036 
1049,-4.151 
1049,2.017 
1049,347.114 
1050,-0.049 
1050,-0.198 
1050,-0.285 
1050,7.447 
1050,101.159 
1050,35.022 
1050,-13.354 
1050,201.885 
1050,1.901 
1050,459.481 
1051,-0.049 
1051,-0.198 
1051,-0.445 
1051,12.799 
1051,131.323 
1051,-203.393 
1051,-24.213 
1051,-36.451 
1051,2.266 
1051,-100.000 
1052,-0.049 
1052,-0.171 
1052,-0.373 
1052,-30.820 
1052,-29.562 
1052,0.150 
1052,35.250 
1052,125.961 
1052,1.905 
1052,-100.000 
1053,-0.049 
1053,-0.079 
1053,-7.363 
1053,-3.269 
1053,-3.091 
1053,-81.658 
1053,24.970 
1053,-23.787 
1053,-12.909 
1053,-100.000 
1054,-0.049 
1054,-0.198 
1054,-0.238 
1054,-0.551 
1054,-62.613 
1054,-0.668 
1054,-228.801 
1054,-3.309 
1054,-117.617 
1054,-100.000 
1055,-0.049 
1055,-0.198 
1055,-0.238 
1055,-0.551 
1055,-0.499 
1055,-0.428 
1055,-62.423 
1055,-0.386 
1055,-7.675 
1055,-100.000 
1056,-0.049 
1056,-62.254 
1056,-0.249 
1056,-0.529 
1056,116.372 
1056,-0.497 
1056,-8.558 
1056,-3.695 
1056,-13.045 
1056,-100.000 
1057,-0.049 
1057,-0.198 
1057,-0.445 
1057,321.502 
1057,-14.258 
1057,-2.107 
1057,-26.387 
1057,-3.794 
1057,-24.617 
1057,1071.050 
1058,-0.049 
1058,-0.171 
1058,-0.285 
1058,-0.603 
1058,-0.552 
1058,-0.481 
1058,9.616 
1058,-0.719 
1058,-65.211 
1058,-100.000 
1059,-0.049 
1059,-0.223 
1059,-29.394 
1059,-262.507 
1059,-3.974 
1059,-1.483 
1059,-3.046 
1059,-127.025 
1059,-23.744 
1059,-100.000 
1060,-0.049 
1060,-0.198 
1060,-0.208 
1060,321.858 
1060,12.735 
1060,-3.516 
1060,35.095 
1060,-13.276 
0,-0.049 
0,-0.116 
0,-0.238 
0,-170.062 
0,-14.268 
0,-3.093 
0,-117.350 
0,-12.920 
0,-23.981 
0,-100.000 
1,-0.049 
1,-0.079 
1,-0.089 
1,-0.079 
1,-5.154 
1,-0.240 
1,-2.675 
1,-5.462 
1,0.000 
2,-0.049 
2,-0.079 
2,-0.008 
2,-2.883 
2,-126.936 
2,23.311 
2,-202.837 
2,-12.737 
2,0.000 
3,-0.156 
3,-0.296 
3,-0.278 
3,-0.239 
3,-0.355 
3,61.555 
3,-7.923 
3,4.272 
3,-6.103 
3,-100.000 
4,-0.094 
4,-0.116 
4,-0.238 
4,-3.637 
4,2.459 
4,-0.377 
4,-60.197 
4,197.362 
4,-127.331 
4,-100.000 
5,-0.049 
5,2.992 
5,2.192 
5,-203.630 
5,-12.734 
5,116.900 
5,-36.071 
5,-3.115 
5,-23.939 
5,-100.000 
6,-0.049 
6,-0.079 
6,-7.010 
6,200.202 
6,-3.332 
6,-127.005 
6,-36.113 
6,2.450 
6,23.120 
6,-100.000 
7,-0.049 
7,-0.079 
7,-122.219 
7,30.380 
7,-29.461 
7,137.874 
7,-19.083 
7,0.862 
7,-3.207 
7,-100.000 
8,-0.049 
8,-5.724 
8,-0.219 
8,-0.445 
8,2.684 
8,-5.184 
8,-178.837 
8,2.354 
8,-265.143 
8,-100.000 
9,-0.049 
9,-0.223 
9,-0.278 
9,4.516 
9,-3.577 
9,-64.858 
9,-128.411 
9,11.760 
9,-36.715 
9,-100.000 
10,-0.049 
10,-0.079 
10,1.862 
10,-0.261 
10,2.648 
10,-2.759 
10,-5.573 
10,-5.969 
10,-311.946 
10,-100.000 
11,-0.156 
11,-0.171 
11,-0.285 
11,-145.823 
11,-11.047 
11,-198.034 
11,-36.291 
11,0.878 
11,2.685 
11,-100.000 
12,-0.049 
12,-0.171 
12,-0.167 
12,-152.626 
12,-200.379 
12,-0.134 
12,-25.529 
12,2.716 
12,-3.147 
12,-100.000 
13,-0.156 
13,-0.171 
13,-0.167 
13,-0.261 
13,1.207 
13,-3.430 
13,-356.191 
13,-3.094 
13,-25.774 
13,-100.000 
14,-0.049 
14,-0.079 
14,-0.089 
14,-62.226 
14,-0.270 
14,-0.207 
14,3.885 
14,4.886 
14,-0.458 
14,-100.000 
15,-0.049 
15,-2.883 
15,-2.608 
15,-5.309 
15,-319.666 
15,-13.041 
15,-91.685 
15,2.695 
15,35.337 
15,-100.000 
16,-0.049 
16,-0.223 
16,-0.219 
16,-151.382 
16,-7.072 
16,-30.859 
16,-0.286 
16,-7.206 
16,-24.008 
16,-100.000 
17,-0.049 
17,-0.079 
17,-0.089 
17,-0.142 
17,-0.217 
17,-8.583 
17,-5.486 
17,-258.277 
17,0.000 
18,-0.049 
18,-0.079 
18,-0.208 
18,-0.316 
18,-13.436 
18,-6.120 
18,-326.587 
18,23.111 
18,-36.685 
18,-100.000 
19,-0.207 
19,-29.398 
19,-0.219 
19,-6.151 
19,135.581 
19,-23.978 
19,24.811 
19,0.631 
19,116.400 
19,344.223 
20,-0.049 
20,-0.079 
20,-5.560 
20,-0.348 
20,-5.616 
20,4.629 
20,5.372 
20,2.404 
20,-122.736 
20,-100.000 
21,-0.049 
21,-0.079 
21,-0.089 
21,-122.091 
21,-6.970 
21,-200.400 
21,-10.706 
21,-25.418 
21,0.000 
22,-0.049 
22,200.083 
22,30.040 
22,-24.154 
22,90.571 
22,-0.948 
22,-7.765 
22,-8.996 
22,-117.831 
22,209.758 
23,-0.094 
23,-0.116 
23,-0.119 
23,4.308 
23,-0.286 
23,2.351 
23,-0.360 
23,-3.306 
23,-110.256 
23,-100.000 
24,-0.049 
24,-0.079 
24,-0.208 
24,-62.344 
24,-0.389 
24,-0.325 
24,-2.376 
24,-0.569 
24,4.401 
24,-100.000 
25,-0.049 
25,-0.079 
25,-0.219 
25,-36.410 
25,-0.848 
25,-3.248 
25,-260.391 
25,-127.263 
25,-23.982 
25,-100.000 
26,-0.049 
26,-0.223 
26,-0.410 
26,10.565 
26,4.266 
26,-64.969 
26,-3.252 
26,-67.227 
26,2.507 
26,-100.000 
27,-0.049 
27,-0.079 
27,-0.089 
27,-0.195 
27,-0.387 
27,-8.024 
27,-59.961 
27,-313.230 
27,-36.240 
27,-100.000 
28,-0.094 
28,30.323 
28,-8.732 
28,197.338 
28,0.769 
28,22.864 
28,-3.667 
28,2.319 
28,-91.588 
28,-100.000 
29,-0.094 
29,-5.416 
29,-0.193 
29,-5.242 
29,-3.121 
29,-2.645 
29,-5.961 
29,-311.797 
29,-3.383 
29,-100.000 
30,-0.049 
30,-0.378 
30,-0.373 
30,-0.348 
30,-6.620 
30,4.893 
30,203.128 
30,2.243 
30,-91.664 
30,-100.000 
31,-0.049 
31,-0.223 
31,-0.249 
31,-53.073 
31,-3.825 
31,-260.170 
31,23.180 
31,2.278 
31,2.290 
31,-100.000 
32,-0.207 
32,-0.223 
32,-0.219 
32,-0.195 
32,-10.901 
32,-154.545 
32,-36.187 
32,-1.571 
32,-23.890 
32,-100.000 
33,-0.049 
33,-7.000 
33,-29.394 
33,-262.507 
33,-5.163 
33,-23.772 
33,-3.047 
33,35.462 
33,2.777 
33,-100.000 
34,-0.049 
34,-0.079 
34,-0.208 
34,-129.249 
34,30.298 
34,-0.246 
34,-23.736 
34,-19.519 
34,-203.069 
34,-100.000 
35,-0.049 
35,-0.171 
35,-0.193 
35,-207.699 
35,-0.435 
35,-0.364 
35,-91.534 
35,-122.453 
35,6.506 
35,-100.000 
36,-0.094 
36,-0.278 
36,-8.651 
36,2.422 
36,-0.390 
36,-51.557 
36,126.420 
36,12.092 
36,-203.231 
36,-100.000 
37,-0.049 
37,-0.116 
37,-30.720 
37,-0.264 
37,121.785 
37,-200.451 
37,23.235 
37,-17.125 
37,0.964 
37,-100.000 
38,-0.049 
38,-0.116 
38,-0.119 
38,-0.264 
38,-0.227 
38,-0.201 
38,74.553 
38,-8.222 
38,0.000 
39,-0.094 
39,-0.116 
39,-30.720 
39,4.998 
39,2.459 
39,-117.664 
39,-2.006 
39,22.916 
39,-29.707 
39,-100.000 
40,-0.049 
40,-5.724 
40,-3.858 
40,-23.693 
40,-202.985 
40,-3.044 
40,126.611 
40,-36.063 
40,0.000 
41,-0.049 
41,-0.378 
41,30.099 
41,-0.348 
41,-31.079 
41,-0.687 
41,-200.877 
41,121.408 
41,32.355 
41,-100.000 
42,-0.049 
42,-3.150 
42,4.785 
42,-3.002 
42,-0.423 
42,-6.004 
42,-2.675 
42,58.198 
42,-36.374 
42,-100.000 
43,-0.049 
43,-0.079 
43,-0.089 
43,-0.348 
43,91.117 
43,-200.759 
43,-7.979 
43,-3.361 
43,-25.613 
43,-100.000 
44,-0.049 
44,-0.116 
44,-0.119 
44,-0.162 
44,-0.229 
44,-0.395 
44,-329.854 
44,-12.252 
44,-1.664 
44,-100.000 
45,-0.049 
45,-0.198 
45,-0.445 
45,-14.025 
45,-0.454 
45,-149.722 
45,2.379 
45,-203.002 
45,32.630 
45,-100.000 
46,-0.049 
46,-0.378 
46,-0.373 
46,30.123 
46,-122.316 
46,-16.982 
46,-25.456 
46,2.599 
46,0.000 
47,-0.049 
47,-0.079 
47,-0.167 
47,-0.142 
47,-0.217 
47,-0.153 
47,-12.840 
47,-111.976 
47,0.000 
48,-0.049 
48,-0.079 
48,-0.208 
48,-0.198 
48,84.904 
48,-0.237 
48,-30.932 
48,-21.991 
48,-23.775 
48,-100.000 
49,-0.049 
49,-0.079 
49,-0.373 
49,-0.368 
49,-61.417 
49,-9.629 
49,2.370 
49,-3.395 
49,-198.312 
49,-100.000 
50,-0.094 
50,-0.278 
50,-0.355 
50,-0.323 
50,-0.272 
50,139.008 
50,-0.316 
50,4.641 
50,-91.588 
50,226.219 
51,-0.049 
51,6.723 
51,-29.513 
51,-122.325 
51,-13.941 
51,-3.277 
51,-3.165 
51,-24.000 
51,-265.024 
51,-100.000 
52,-0.049 
52,2.873 
52,-0.337 
52,-5.188 
52,-64.819 
52,-5.957 
52,320.001 
52,0.421 
52,-24.244 
52,389.957 
53,-0.049 
53,-0.198 
53,-0.208 
53,-0.316 
53,-315.896 
53,-24.059 
53,-19.773 
53,-33.424 
53,2.373 
53,-100.000 
54,-0.049 
54,-0.079 
54,-0.208 
54,6.723 
54,121.725 
54,30.032 
54,-13.826 
54,-29.869 
54,134.888 
54,587.377 
55,-0.049 
55,5.447 
55,2.626 
55,9.637 
55,-24.005 
55,-29.634 
55,-265.073 
55,-36.406 
55,-3.165 
55,-100.000 
56,-0.049 
56,-0.171 
56,-0.285 
56,-5.671 
56,-3.494 
56,-227.461 
56,116.744 
56,24.697 
56,-13.277 
56,-100.000 
57,-0.156 
57,-0.378 
57,-6.018 
57,1.933 
57,-5.297 
57,50.591 
57,-3.198 
57,35.458 
57,-3.383 
57,-100.000 
58,-0.049 
58,-3.150 
58,2.597 
58,-5.521 
58,-0.435 
58,50.475 
58,-127.321 
58,0.672 
58,197.009 
58,-100.000 
59,-0.049 
59,-2.883 
59,-5.734 
59,-0.348 
59,4.822 
59,2.874 
59,2.475 
59,201.797 
59,126.014 
59,437.369 
60,-0.156 
60,-0.205 
60,-0.193 
60,-0.162 
60,-0.229 
60,-16.009 
60,-3.239 
60,-74.932 
60,0.565 
60,-100.000 
61,-0.049 
61,-5.416 
61,-0.249 
61,-59.849 
61,2.518 
61,-5.860 
61,2.708 
61,4.266 
61,-0.446 
61,237.104 
62,-0.049 
62,-0.223 
62,2.733 
62,-59.944 
62,-0.506 
62,2.139 
62,-6.212 
62,-205.179 
62,-36.359 
62,-100.000 
63,-0.094 
63,-0.278 
63,-0.281 
63,-37.786 
63,121.666 
63,-0.289 
63,23.116 
63,-19.680 
63,-202.993 
63,-100.000 
64,-0.049 
64,-2.883 
64,-2.489 
64,4.677 
64,-5.645 
64,-3.360 
64,5.432 
64,-62.207 
64,-128.257 
64,-100.000 
65,-0.049 
65,-0.223 
65,5.426 
65,-59.944 
65,2.682 
65,-0.340 
65,4.394 
65,-5.653 
65,-3.219 
65,-100.000 
66,-0.094 
66,-0.116 
66,-8.223 
66,4.653 
66,2.649 
66,2.035 
66,-0.304 
66,-5.957 
66,264.071 
66,226.867 
67,-0.049 
67,-3.150 
67,-5.580 
67,-3.068 
67,-5.381 
67,1.950 
67,-0.390 
67,-379.994 
67,-1.662 
67,-100.000 
68,-0.094 
68,-5.416 
68,-5.925 
68,4.492 
68,-3.430 
68,-88.609 
68,22.644 
68,-203.478 
68,-3.737 
68,-100.000 
69,-0.049 
69,5.447 
69,-2.608 
69,-210.551 
69,25.117 
69,-23.709 
69,116.952 
69,2.790 
69,-3.116 
69,-100.000 
70,-0.207 
70,-0.223 
70,-0.219 
70,-0.445 
70,0.909 
70,121.584 
70,-30.929 
70,-138.454 
70,-0.297 
70,-100.000 
71,-0.094 
71,-5.416 
71,-33.872 
71,-29.393 
71,-12.895 
71,-265.250 
71,-117.704 
71,2.377 
71,-3.487 
71,-100.000 
72,-0.049 
72,2.606 
72,-5.538 
72,-6.027 
72,-41.019 
72,23.231 
72,-127.395 
72,-203.079 
72,0.000 
73,-0.049 
73,-0.171 
73,-6.018 
73,4.526 
73,-3.494 
73,-3.163 
73,-2.675 
73,-5.624 
73,-373.106 
73,-100.000 
74,-0.049 
74,-2.883 
74,2.863 
74,5.210 
74,-5.721 
74,-5.401 
74,142.090 
74,197.247 
74,-24.055 
74,371.900 
75,-0.094 
75,-0.260 
75,4.890 
75,-5.254 
75,-3.400 
75,59.254 
75,-3.209 
75,-318.011 
75,12.282 
75,-100.000 
76,-0.207 
76,-0.260 
76,-0.304 
76,-0.259 
76,-0.355 
76,-147.258 
76,262.028 
76,-7.286 
76,-0.501 
76,-100.000 
77,-0.049 
77,-0.079 
77,-122.101 
77,-23.899 
77,-31.079 
77,199.874 
77,-7.237 
77,-0.324 
77,-10.313 
77,-100.000 
78,-0.049 
78,-5.416 
78,-5.155 
78,-2.664 
78,2.725 
78,-0.319 
78,-3.151 
78,-373.767 
78,-13.189 
78,-100.000 
79,-0.049 
79,-0.223 
79,-0.249 
79,-0.379 
79,-60.105 
79,23.075 
79,-2.905 
79,140.048 
79,-13.024 
79,347.114 
80,-0.049 
80,-0.223 
80,5.426 
80,4.921 
80,-60.239 
80,1.867 
80,-5.721 
80,-3.926 
80,-0.899 
80,-100.000 
81,-0.094 
81,-0.116 
81,-0.249 
81,-0.218 
81,-0.167 
81,61.815 
81,0.356 
81,2.433 
81,-0.479 
81,122.647 
82,-0.049 
82,-0.116 
82,-0.193 
82,-0.323 
82,-0.552 
82,-0.481 
82,-0.788 
82,91.563 
82,0.000 
83,-0.049 
83,-0.171 
83,-0.278 
83,-52.965 
83,30.407 
83,-5.695 
83,135.480 
83,2.439 
83,-117.595 
83,-100.000 
84,-0.094 
84,-0.116 
84,-0.281 
84,-0.264 
84,-0.345 
84,7.472 
84,-62.597 
84,-6.101 
84,-0.501 
84,-100.000 
85,-0.094 
85,-0.116 
85,-0.281 
85,-152.876 
85,28.847 
85,-7.179 
85,-262.480 
85,-23.797 
85,-18.359 
85,-100.000 
86,-0.207 
86,-62.254 
86,-0.219 
86,-0.599 
86,4.971 
86,-6.022 
86,-5.161 
86,-134.571 
86,-23.684 
86,-100.000 
87,-0.094 
87,-0.116 
87,-0.249 
87,-0.337 
87,-2.931 
87,-126.805 
87,-260.198 
87,-3.218 
87,-24.008 
87,-100.000 
88,-0.094 
88,-0.475 
88,53.688 
88,-7.353 
88,-29.639 
88,-0.379 
88,-262.585 
88,-122.279 
88,-4.260 
88,-100.000 
89,-0.156 
89,-0.171 
89,-0.167 
89,61.791 
89,-0.181 
89,-11.158 
89,2.859 
89,-249.450 
89,-36.121 
89,-100.000 
90,-0.207 
90,-0.223 
90,-5.093 
90,2.609 
90,-5.796 
90,-5.558 
90,-64.598 
90,2.895 
90,-386.004 
90,-100.000 
91,-0.094 
91,-0.205 
91,-0.399 
91,-0.104 
91,111.332 
91,-29.651 
91,-3.294 
91,-12.931 
91,-136.351 
91,-100.000 
92,-0.049 
92,-0.116 
92,-0.249 
92,-62.249 
92,-0.115 
92,-205.074 
92,-117.500 
92,-3.218 
92,-1.679 
92,-100.000 
93,-0.094 
93,-0.116 
93,-0.281 
93,-0.323 
93,-0.272 
93,-0.319 
93,77.705 
93,-91.571 
93,1.709 
93,-100.000 
94,-0.207 
94,-0.223 
94,-151.406 
94,-138.564 
94,-0.270 
94,-31.139 
94,-23.995 
94,-0.439 
94,6.389 
94,-100.000 
95,-0.156 
95,-0.296 
95,-0.278 
95,-0.239 
95,61.643 
95,-368.407 
95,-0.330 
95,-30.805 
95,-0.297 
95,-100.000 
96,-0.207 
96,-62.254 
96,-0.219 
96,-0.314 
96,-0.447 
96,0.440 
96,-3.371 
96,4.790 
96,251.482 
96,349.471 
97,-0.094 
97,-0.260 
97,1.177 
97,-122.230 
97,-0.167 
97,-0.215 
97,-13.303 
97,-23.873 
97,-260.090 
97,-100.000 
98,-0.049 
98,-0.079 
98,-0.208 
98,-0.221 
98,-9.059 
98,2.825 
98,-0.186 
98,-172.706 
98,-198.300 
98,-100.000 
99,-0.049 
99,-0.116 
99,0.226 
99,-0.368 
99,-3.549 
99,-5.281 
99,-0.371 
99,-148.530 
99,-265.051 
99,-100.000 
100,-0.049 
100,-5.724 
100,-3.279 
100,-5.309 
100,4.878 
100,-0.395 
100,-119.154 
100,-3.117 
100,-203.069 
100,-100.000 
101,-0.049 
101,-0.079 
101,-0.089 
101,-0.102 
101,-0.317 
101,-0.407 
101,77.964 
101,-3.579 
101,-91.545 
101,-100.000 
102,-0.094 
102,-0.260 
102,-0.249 
102,-0.379 
102,-0.355 
102,-0.388 
102,-107.298 
102,-0.645 
102,-262.812 
102,-100.000 
103,-0.094 
103,-0.116 
103,-0.119 
103,-0.264 
103,-0.507 
103,-353.344 
103,-16.485 
103,-91.662 
103,-13.011 
103,-100.000 
104,-0.049 
104,-0.079 
104,3.156 
104,-0.348 
104,-167.081 
104,-3.163 
104,-127.161 
104,-3.361 
104,-36.213 
104,-100.000 
105,-0.049 
105,5.566 
105,2.192 
105,4.558 
105,-62.419 
105,302.628 
105,-3.284 
105,-36.433 
105,-23.921 
105,268.949 
106,-0.049 
106,-0.198 
106,-8.924 
106,-2.835 
106,203.645 
106,22.955 
106,-3.316 
106,-91.656 
106,24.521 
106,-100.000 
107,-0.049 
107,-0.223 
107,-3.023 
107,-0.239 
107,-56.177 
107,1.054 
107,-117.468 
107,-36.105 
107,135.554 
107,-100.000 
108,-0.094 
108,-0.116 
108,-0.238 
108,-0.382 
108,-0.345 
108,-0.319 
108,328.835 
108,-7.525 
108,9.637 
108,443.630 
109,-0.049 
109,-0.198 
109,-0.445 
109,328.779 
109,-24.005 
109,-91.665 
109,-0.361 
109,-31.106 
109,7.250 
109,282.471 
110,-0.049 
110,5.447 
110,9.865 
110,202.246 
110,2.309 
110,-3.516 
110,-36.707 
110,126.058 
110,-24.250 
110,284.218 
111,-0.049 
111,-0.079 
111,-0.089 
111,-0.348 
111,-91.963 
111,6.397 
111,-36.411 
111,-203.200 
111,-91.621 
111,-100.000 
112,-0.207 
112,-62.254 
112,-229.675 
112,-30.819 
112,-24.014 
112,-122.509 
112,8.793 
112,-3.695 
112,0.797 
112,-100.000 
113,-0.049 
113,23.173 
113,-7.294 
113,-9.145 
113,2.500 
113,-203.040 
113,2.677 
113,-25.905 
113,-127.360 
113,-100.000 
114,-0.156 
114,-0.475 
114,-0.575 
114,-0.529 
114,-0.464 
114,-62.409 
114,-0.392 
114,5.119 
114,2.592 
114,-100.000 
115,-0.094 
115,-0.116 
115,-0.119 
115,-0.221 
115,-6.566 
115,-27.120 
115,-23.779 
115,116.901 
115,-29.308 
115,-100.000 
116,-0.094 
116,-0.278 
116,-0.561 
116,-0.544 
116,-0.552 
116,5.210 
116,-380.192 
116,-13.170 
116,-3.278 
116,-100.000 
117,-0.094 
117,-0.116 
117,-0.238 
117,-62.367 
117,-0.523 
117,208.014 
117,-20.091 
117,-3.574 
117,-24.364 
117,-100.000 
118,-0.049 
118,-0.116 
118,-0.281 
118,-238.067 
118,-122.357 
118,-23.870 
118,-0.347 
118,-33.133 
118,-12.634 
118,-100.000 
119,-0.094 
119,-5.416 
119,4.636 
119,2.583 
119,5.342 
119,101.000 
119,-3.639 
119,-203.154 
119,32.453 
119,-100.000 
120,-0.049 
120,-0.223 
120,-5.093 
120,2.491 
120,-5.747 
120,-0.388 
120,-64.994 
120,-350.860 
120,-1.808 
120,-100.000 
121,-0.049 
121,-5.416 
121,27.169 
121,116.594 
121,-203.188 
121,-3.254 
121,-3.563 
121,-1.673 
121,-24.024 
121,-100.000 
122,-0.094 
122,-0.116 
122,-0.463 
122,-47.781 
122,28.593 
122,-0.497 
122,-122.404 
122,-0.386 
122,-262.554 
122,-100.000 
123,-0.049 
123,-2.883 
123,2.192 
123,4.756 
123,2.564 
123,-0.687 
123,-258.180 
123,-118.021 
123,0.523 
123,-100.000 
124,-0.049 
124,-0.198 
124,206.757 
124,-0.435 
124,-31.022 
124,-0.484 
124,-0.386 
124,-23.863 
124,-91.415 
124,270.190 
125,-0.049 
125,-0.079 
125,0.682 
125,-0.348 
125,-2.704 
125,-356.156 
125,-36.217 
125,-3.556 
125,-33.237 
125,-100.000 
126,-0.049 
126,-0.198 
126,-0.208 
126,-0.198 
126,-15.892 
126,-3.427 
126,81.633 
126,24.667 
126,-24.261 
126,-100.000 
127,-0.094 
127,-0.205 
127,-54.345 
127,-0.323 
127,-7.473 
127,-201.160 
127,-20.295 
127,-3.955 
127,-127.758 
127,-100.000 
128,-0.049 
128,-0.116 
128,-0.281 
128,-0.323 
128,-0.272 
128,-247.831 
128,-0.228 
128,121.894 
128,0.000 
129,-0.094 
129,-0.116 
129,-0.119 
129,-0.221 
129,-0.345 
129,-0.377 
129,-21.981 
129,-59.926 
129,-320.233 
129,-100.000 
130,-0.049 
130,-0.079 
130,23.178 
130,-122.360 
130,-30.918 
130,-7.166 
130,-0.158 
130,-3.352 
130,-198.269 
130,-100.000 
131,-0.156 
131,-0.171 
131,23.265 
131,-6.483 
131,24.802 
131,-1.704 
131,197.307 
131,2.222 
131,-91.685 
131,-100.000 
132,-0.049 
132,-0.171 
132,2.431 
132,-5.223 
132,-95.732 
132,-12.925 
132,2.559 
132,35.017 
132,-203.435 
132,-100.000 
133,-0.049 
133,-0.198 
133,-0.445 
133,-0.498 
133,183.198 
133,30.044 
133,18.479 
133,-127.597 
133,-3.770 
133,-100.000 
134,-0.049 
134,-0.198 
134,-0.445 
134,-0.435 
134,-0.761 
134,328.502 
134,-22.589 
134,22.786 
134,-91.874 
134,340.509 
135,-0.049 
135,-0.116 
135,-0.119 
135,-62.249 
135,-0.286 
135,-0.215 
135,-330.765 
135,-0.134 
135,-7.020 
135,-100.000 
136,-0.049 
136,-0.223 
136,-0.249 
136,-0.337 
136,61.507 
136,-0.614 
136,-0.524 
136,-389.404 
136,-15.737 
136,-100.000 
137,-0.049 
137,-0.079 
137,-30.720 
137,-7.185 
137,-200.788 
137,-24.031 
137,-0.390 
137,-91.526 
137,-122.586 
137,-100.000 
138,-0.094 
138,-0.116 
138,-7.819 
138,4.772 
138,-3.298 
138,2.515 
138,-0.435 
138,67.744 
138,-1.588 
138,-100.000 
139,-0.049 
139,-0.223 
139,2.733 
139,25.710 
139,-127.156 
139,-12.772 
139,-25.426 
139,-260.164 
139,-3.045 
139,-100.000 
140,-0.207 
140,-0.223 
140,-0.219 
140,-0.314 
140,-0.270 
140,-62.356 
140,-0.243 
140,1.882 
140,4.607 
140,-100.000 
141,-0.094 
141,-0.278 
141,-0.355 
141,-0.323 
141,-0.552 
141,15.550 
141,-62.594 
141,-3.716 
141,-247.080 
141,-100.000 
142,-0.049 
142,-0.079 
142,-0.373 
142,-0.348 
142,-0.317 
142,-0.364 
142,-0.435 
142,-336.588 
142,-6.986 
142,-100.000 
143,-0.049 
143,-0.079 
143,3.037 
143,4.677 
143,-332.534 
143,2.448 
143,-3.476 
143,-36.373 
143,-24.100 
143,-100.000 
144,-0.049 
144,-0.378 
144,-0.373 
144,-2.823 
144,2.648 
144,-3.163 
144,-5.920 
144,-5.624 
144,-62.251 
144,-100.000 
145,-0.049 
145,-3.231 
145,1.068 
145,-23.811 
145,-3.227 
145,-117.496 
145,-198.275 
145,-3.598 
145,24.913 
145,-100.000 
146,-0.049 
146,-0.171 
146,-5.247 
146,-2.748 
146,-62.418 
146,21.964 
146,0.946 
146,24.936 
146,-3.571 
146,-100.000 
147,-0.049 
147,-5.724 
147,-0.373 
147,26.972 
147,-29.562 
147,-117.447 
147,-3.401 
147,2.473 
147,135.419 
147,-100.000 
148,-0.049 
148,-0.079 
148,-0.170 
148,-2.883 
148,-202.731 
148,23.311 
148,-117.412 
148,-25.786 
148,-13.039 
148,-100.000 
149,-0.049 
149,2.725 
149,2.863 
149,-5.072 
149,-5.484 
149,-5.934 
149,-0.228 
149,-111.590 
149,197.215 
149,219.269 
150,-0.094 
150,-0.260 
150,-0.304 
150,-5.765 
150,-64.830 
150,-5.959 
150,-3.133 
150,-3.393 
150,167.745 
150,-100.000 
151,-0.049 
151,-0.171 
151,-0.463 
151,-0.432 
151,-0.499 
151,-4.099 
151,-373.012 
151,-3.149 
151,2.738 
151,-100.000 
152,-0.049 
152,-0.171 
152,-0.193 
152,-0.162 
152,-0.110 
152,-0.158 
152,-7.997 
152,-5.068 
152,0.000 
153,-0.049 
153,4.677 
153,-0.285 
153,2.573 
153,4.835 
153,-3.550 
153,-109.315 
153,196.998 
153,-26.045 
153,-100.000 
154,-0.049 
154,-3.150 
154,-3.359 
154,-25.683 
154,-12.911 
154,2.515 
154,-127.217 
154,28.880 
154,-265.114 
154,-100.000 
155,-0.049 
155,23.379 
155,-122.179 
155,-7.063 
155,-0.217 
155,-6.998 
155,2.883 
155,-25.537 
155,-198.267 
155,-100.000 
156,-0.156 
156,-0.171 
156,-0.285 
156,7.418 
156,2.065 
156,2.562 
156,4.983 
156,4.266 
156,338.157 
156,555.738 
157,-0.049 
157,-0.378 
157,-30.844 
157,-0.348 
157,-200.704 
157,-0.477 
157,-122.643 
157,-33.424 
157,-22.377 
157,-100.000 
158,-0.094 
158,-0.205 
158,-0.355 
158,-0.323 
158,-2.327 
158,243.953 
158,-3.400 
158,-91.732 
158,2.570 
158,-100.000 
159,-0.094 
159,-30.717 
159,-0.119 
159,-0.919 
159,-12.911 
159,-117.426 
159,-3.521 
159,-203.391 
159,-33.495 
159,-100.000 
160,-0.207 
160,-0.260 
160,-0.249 
160,-0.218 
160,-0.286 
160,-0.215 
160,68.913 
160,137.879 
160,-17.049 
160,220.796 
161,-0.049 
161,-0.116 
161,-62.280 
161,-0.218 
161,-0.286 
161,-0.215 
161,-0.328 
161,-1.992 
161,-235.508 
161,-100.000 
162,-0.207 
162,-0.223 
162,-0.337 
162,-0.551 
162,-23.118 
162,-122.812 
162,-24.268 
162,137.651 
162,29.993 
162,-100.000 
163,-0.207 
163,-0.223 
163,-0.219 
163,-0.314 
163,-2.689 
163,-3.129 
163,-0.449 
163,-64.999 
163,-365.615 
163,-100.000 
164,-0.049 
164,-0.079 
164,-0.219 
164,-0.314 
164,-0.447 
164,-0.388 
164,-62.551 
164,-3.408 
164,-5.482 
164,-100.000 
165,-0.094 
165,-0.205 
165,-0.304 
165,-5.559 
165,32.719 
165,-3.354 
165,-127.331 
165,-3.391 
165,-265.006 
165,-100.000 
166,-0.049 
166,5.183 
166,2.162 
166,-5.866 
166,226.767 
166,2.545 
166,-3.254 
166,-91.620 
166,-127.289 
166,-100.000 
167,-0.156 
167,-0.378 
167,-2.773 
167,-5.223 
167,98.364 
167,2.445 
167,-12.960 
167,-25.582 
167,-3.340 
167,-100.000 
168,-0.049 
168,-5.724 
168,-3.279 
168,-5.843 
168,-5.780 
168,-3.249 
168,-0.995 
168,-387.401 
168,1.932 
168,-100.000 
169,-0.049 
169,-0.079 
169,-0.089 
169,-0.264 
169,-163.266 
169,32.317 
169,-15.067 
169,-3.646 
169,116.294 
169,-100.000 
170,-0.049 
170,-0.198 
170,-10.727 
170,-3.269 
170,-2.972 
170,-2.519 
170,-5.674 
170,-44.295 
170,-91.532 
170,-100.000 
171,-0.207 
171,-0.223 
171,-5.864 
171,-59.826 
171,2.801 
171,-0.428 
171,-5.628 
171,4.433 
171,-3.262 
171,-100.000 
172,-0.207 
172,-0.223 
172,-62.249 
172,-0.195 
172,-0.387 
172,-0.476 
172,-10.141 
172,-402.833 
172,2.613 
172,-100.000 
173,-0.049 
173,-3.150 
173,2.311 
173,-0.348 
173,-62.418 
173,4.824 
173,227.758 
173,-13.211 
173,125.987 
173,637.147 
174,-0.049 
174,-0.171 
174,2.027 
174,-62.476 
174,-256.546 
174,2.376 
174,0.827 
174,24.979 
174,2.656 
174,-100.000 
175,-0.049 
175,-0.198 
175,-0.445 
175,-11.284 
175,-3.832 
175,-62.831 
175,174.159 
175,-24.150 
175,-127.555 
175,-100.000 
176,-0.049 
176,-2.883 
176,-0.219 
176,-5.959 
176,2.682 
176,-64.993 
176,-5.781 
176,-264.198 
176,-127.289 
176,-100.000 
177,-0.049 
177,-0.198 
177,-0.208 
177,-0.435 
177,-0.421 
177,144.971 
177,-25.490 
177,-198.548 
177,-24.089 
177,-100.000 
178,-0.049 
178,-0.223 
178,-32.546 
178,135.656 
178,-3.341 
178,-117.463 
178,2.325 
178,24.769 
178,-23.921 
178,-100.000 
179,-0.049 
179,5.566 
179,-2.893 
179,2.202 
179,210.067 
179,126.411 
179,2.309 
179,-24.434 
179,-36.645 
179,283.496 
180,-0.049 
180,2.873 
180,-3.012 
180,-3.349 
180,-1.682 
180,24.936 
180,197.431 
180,-91.620 
180,-127.289 
180,-100.000 
181,-0.049 
181,-0.198 
181,-0.285 
181,-0.261 
181,11.066 
181,4.366 
181,-0.480 
181,-79.927 
181,-36.316 
181,-100.000 
182,-0.207 
182,-0.296 
182,-0.278 
182,-62.270 
182,-0.464 
182,-0.497 
182,123.364 
182,-19.954 
182,116.658 
182,196.147 
183,-0.049 
183,-3.150 
183,-0.219 
183,-64.744 
183,-5.915 
183,-5.838 
183,204.910 
183,116.444 
183,-24.082 
183,350.222 
184,-0.049 
184,-0.079 
184,-129.022 
184,-0.079 
184,30.374 
184,-5.589 
184,201.909 
184,-3.599 
184,-24.423 
184,209.299 
185,-0.049 
185,-0.079 
185,-0.373 
185,-0.445 
185,-62.418 
185,-0.476 
185,-0.490 
185,170.590 
185,-22.872 
185,314.590 
186,-0.207 
186,61.808 
186,-0.219 
186,-0.314 
186,-0.447 
186,-0.635 
186,-0.564 
186,-6.290 
186,109.826 
186,209.299 
187,-0.049 
187,61.808 
187,-0.219 
187,-0.195 
187,-0.151 
187,-4.640 
187,2.948 
187,-0.213 
187,-141.262 
187,-100.000 
188,-0.049 
188,-0.079 
188,-0.208 
188,-0.435 
188,-329.619 
188,-24.147 
188,-0.512 
188,30.040 
188,-22.877 
188,-100.000 
189,-0.049 
189,-0.171 
189,-0.167 
189,-0.323 
189,-0.272 
189,-0.319 
189,-18.884 
189,-326.516 
189,-13.039 
189,-100.000 
190,-0.049 
190,-0.079 
190,-0.373 
190,-7.623 
190,-3.227 
190,-6.004 
190,-62.361 
190,-3.521 
190,-371.562 
190,-100.000 
191,-0.049 
191,2.873 
191,-0.337 
191,5.094 
191,-60.494 
191,-181.978 
191,-36.619 
191,-3.413 
191,-24.203 
191,-100.000 
192,-0.049 
192,-0.198 
192,-0.445 
192,-0.942 
192,-0.950 
192,-0.879 
192,-377.233 
192,-7.599 
192,0.000 
193,-0.049 
193,5.566 
193,-0.373 
193,4.407 
193,-3.494 
193,-3.163 
193,4.704 
193,-3.004 
193,-62.531 
193,-100.000 
194,-0.049 
194,-2.883 
194,-0.373 
194,-27.051 
194,-36.217 
194,2.826 
194,-12.882 
194,-127.371 
194,197.408 
194,-100.000 
195,-0.049 
195,-0.079 
195,-0.119 
195,-0.162 
195,-8.774 
195,4.479 
195,310.963 
195,-3.589 
195,-3.430 
195,332.587 
196,-0.207 
196,-0.223 
196,4.537 
196,-3.118 
196,-64.819 
196,-5.970 
196,4.733 
196,-3.646 
196,-0.413 
196,-100.000 
197,-0.049 
197,-0.079 
197,-0.167 
197,-0.348 
197,-0.478 
197,-0.407 
197,-16.539 
197,-372.880 
197,0.000 
198,-0.049 
198,-0.079 
198,-0.119 
198,-0.102 
198,-0.065 
198,-0.170 
198,-4.120 
198,-349.521 
198,0.000 
199,-0.049 
199,-0.116 
199,-0.249 
199,-0.379 
199,-16.148 
199,59.372 
199,2.784 
199,-3.099 
199,-0.339 
199,-100.000 
200,-0.049 
200,-5.724 
200,-3.858 
200,-202.760 
200,126.718 
200,-2.923 
200,32.732 
200,-23.763 
200,-36.121 
200,-100.000 
201,-0.049 
201,-0.198 
201,-62.368 
201,-0.659 
201,-1.007 
201,207.691 
201,-24.394 
201,-0.719 
201,-23.152 
201,-100.000 
202,-0.049 
202,-5.724 
202,-2.489 
202,-3.002 
202,-3.239 
202,-196.749 
202,-23.944 
202,-36.182 
202,-117.407 
202,-100.000 
203,-0.049 
203,-5.416 
203,-5.764 
203,2.969 
203,-2.988 
203,-26.959 
203,-23.888 
203,-202.908 
203,0.000 
204,-0.049 
204,-0.079 
204,-0.281 
204,-0.379 
204,5.462 
204,-60.169 
204,88.921 
204,-3.541 
204,-24.331 
204,-100.000 
205,-0.094 
205,-0.260 
205,-0.304 
205,-62.496 
205,-0.400 
205,-13.659 
205,2.743 
205,2.363 
205,-174.586 
205,-100.000 
206,-0.049 
206,-2.479 
206,5.019 
206,-0.323 
206,-143.530 
206,-3.552 
206,-3.313 
206,-13.201 
206,-127.509 
206,-100.000 
207,-0.207 
207,-29.398 
207,-23.828 
207,-0.358 
207,-122.312 
207,137.791 
207,-13.798 
207,-1.726 
207,-3.502 
207,-100.000 
208,-0.049 
208,-0.223 
208,-0.249 
208,-0.218 
208,-0.194 
208,-62.258 
208,-0.360 
208,-0.591 
208,-8.451 
208,-100.000 
209,-0.156 
209,-0.171 
209,-0.167 
209,-62.270 
209,-0.355 
209,5.154 
209,-6.090 
209,-280.159 
209,116.843 
209,-100.000 
210,-0.156 
210,-0.171 
210,5.360 
210,-5.135 
210,-5.529 
210,-3.168 
210,-3.344 
210,-2.681 
210,0.000 
211,-0.049 
211,-0.171 
211,-0.285 
211,-0.261 
211,-0.217 
211,-0.024 
211,-5.766 
211,2.510 
211,-325.746 
211,-100.000 
212,-0.049 
212,-0.171 
212,-0.167 
212,-0.348 
212,-0.478 
212,-0.687 
212,84.724 
212,5.360 
212,-91.986 
212,-100.000 
213,-0.156 
213,-0.378 
213,-0.484 
213,-0.465 
213,-0.400 
213,-3.121 
213,2.153 
213,-6.171 
213,59.130 
213,-100.000 
214,-0.049 
214,-0.171 
214,2.027 
214,2.604 
214,-227.406 
214,116.660 
214,-1.907 
214,-3.332 
214,24.913 
214,-100.000 
215,-0.049 
215,-3.150 
215,-0.219 
215,-64.626 
215,-5.915 
215,-5.200 
215,-3.284 
215,-5.671 
215,-386.080 
215,-100.000 
216,-0.049 
216,2.873 
216,2.192 
216,-0.261 
216,-3.021 
216,5.255 
216,-62.392 
216,-263.442 
216,-127.317 
216,-100.000 
217,-0.049 
217,-0.079 
217,-0.089 
217,-0.264 
217,-0.976 
217,4.424 
217,2.298 
217,-363.643 
217,-91.812 
217,-100.000 
218,-0.049 
218,-0.198 
218,-6.430 
218,116.702 
218,-203.087 
218,0.564 
218,-24.213 
218,24.751 
218,0.000 
219,-0.049 
219,-0.079 
219,-0.089 
219,-0.198 
219,-10.539 
219,-0.271 
219,135.184 
219,-198.321 
219,-26.086 
219,-100.000 
220,-0.094 
220,-0.116 
220,2.215 
220,2.527 
220,33.246 
220,126.037 
220,-30.022 
220,-24.269 
220,-13.140 
220,-100.000 
221,-0.049 
221,-2.883 
221,-2.608 
221,-203.630 
221,24.956 
221,116.569 
221,0.784 
221,-3.586 
221,32.410 
221,-100.000 
222,-0.049 
222,2.202 
222,2.626 
222,-5.309 
222,-3.210 
222,4.933 
222,-0.662 
222,-62.630 
222,-6.016 
222,-100.000 
223,-0.049 
223,-0.171 
223,4.589 
223,2.306 
223,-3.731 
223,-6.241 
223,-109.046 
223,-29.625 
223,-136.519 
223,-100.000 
224,-0.049 
224,-3.150 
224,-2.893 
224,-0.348 
224,-5.778 
224,5.119 
224,-44.514 
224,-127.490 
224,202.089 
224,-100.000 
225,-0.049 
225,-2.479 
225,-5.734 
225,-2.883 
225,-5.042 
225,-5.427 
225,-0.273 
225,-3.352 
225,257.681 
225,173.144 
226,-0.049 
226,-0.198 
226,5.026 
226,-62.582 
226,173.750 
226,-13.010 
226,126.169 
226,22.745 
226,-3.591 
226,342.194 
227,-0.156 
227,-0.205 
227,-0.193 
227,67.580 
227,-200.672 
227,-0.525 
227,-7.636 
227,-33.500 
227,-0.501 
227,-100.000 
228,-0.049 
228,-0.223 
228,-5.093 
228,-64.626 
228,5.133 
228,-0.108 
228,-5.767 
228,-3.187 
228,-3.013 
228,-100.000 
229,-0.049 
229,-2.479 
229,-62.249 
229,-2.999 
229,-5.144 
229,-3.277 
229,-296.511 
229,24.845 
229,-13.130 
229,-100.000 
230,-0.049 
230,-0.198 
230,-0.445 
230,206.411 
230,-14.762 
230,-92.006 
230,22.833 
230,-3.877 
230,-117.806 
230,-100.000 
231,-0.049 
231,-0.116 
231,0.306 
231,-2.906 
231,-5.710 
231,-3.198 
231,81.168 
231,-202.755 
231,0.000 
232,-0.049 
232,-0.198 
232,-0.208 
232,-0.221 
232,-0.421 
232,11.225 
232,-0.660 
232,-139.891 
232,-198.668 
232,-100.000 
233,-0.049 
233,-0.079 
233,-0.127 
233,202.246 
233,2.043 
233,22.805 
233,-36.561 
233,-127.555 
233,-91.771 
233,-100.000 
234,-0.049 
234,-2.883 
234,4.667 
234,-2.716 
234,-325.731 
234,23.073 
234,2.440 
234,-2.159 
234,32.068 
234,-100.000 
235,-0.049 
235,-4.953 
235,2.192 
235,-0.261 
235,-3.494 
235,-58.348 
235,-91.655 
235,-25.946 
235,-1.777 
235,-100.000 
236,-0.049 
236,5.183 
236,2.119 
236,233.490 
236,-24.102 
236,11.967 
236,-3.313 
236,126.251 
236,-3.782 
236,530.413 
237,-0.207 
237,-0.296 
237,-62.308 
237,-0.445 
237,-0.387 
237,-0.428 
237,-0.651 
237,9.089 
237,-3.571 
237,441.397 
238,-0.049 
238,-0.223 
238,-0.249 
238,-0.337 
238,-0.523 
238,-0.453 
238,10.613 
238,-0.354 
238,-64.640 
238,-100.000 
239,-0.207 
239,-0.296 
239,-0.278 
239,-0.239 
239,-0.355 
239,-158.626 
239,-262.595 
239,-0.396 
239,-7.453 
239,-100.000 
240,-0.049 
240,-5.724 
240,-3.160 
240,-0.348 
240,-5.616 
240,-3.168 
240,-5.309 
240,-0.365 
240,-59.851 
240,-100.000 
241,-0.094 
241,5.022 
241,-5.155 
241,-0.529 
241,-2.878 
241,-6.170 
241,-3.505 
241,27.326 
241,-3.354 
241,-100.000 
242,-0.049 
242,-5.416 
242,-5.155 
242,-3.334 
242,-5.990 
242,155.856 
242,-24.016 
242,2.449 
242,-198.224 
242,-100.000 
243,-0.049 
243,-0.079 
243,-0.281 
243,-10.768 
243,-3.298 
243,-5.815 
243,-227.325 
243,116.902 
243,-23.863 
243,-100.000 
244,-0.049 
244,-0.223 
244,-0.278 
244,4.429 
244,119.033 
244,-12.994 
244,-265.042 
244,-3.402 
244,-2.998 
244,-100.000 
245,-0.049 
245,-5.724 
245,-5.419 
245,2.702 
245,34.186 
245,-3.436 
245,197.237 
245,-24.306 
245,-127.512 
245,-100.000 
246,-0.049 
246,-5.416 
246,-2.519 
246,-227.951 
246,-12.911 
246,-3.093 
246,23.322 
246,-3.469 
246,-127.272 
246,-100.000 
247,-0.049 
247,-0.079 
247,-200.370 
247,-0.079 
247,-1.186 
247,-23.703 
247,-127.161 
247,-25.786 
247,-2.029 
247,-100.000 
248,-0.207 
248,-0.223 
248,-0.219 
248,-0.379 
248,61.702 
248,76.467 
248,-19.083 
248,2.509 
248,-23.890 
248,113.675 
249,-0.049 
249,2.873 
249,-0.337 
249,-3.118 
249,-59.901 
249,-5.081 
249,-0.330 
249,-5.504 
249,-2.202 
249,-100.000 
250,-0.049 
250,5.022 
250,-3.351 
250,-3.068 
250,33.246 
250,11.717 
250,-127.659 
250,28.439 
250,-265.437 
250,-100.000 
251,-0.049 
251,-2.479 
251,-3.279 
251,-5.309 
251,-3.210 
251,-0.390 
251,-349.301 
251,-25.656 
251,-91.458 
251,-100.000 
252,-0.049 
252,-2.883 
252,-5.734 
252,-2.479 
252,-5.527 
252,-5.325 
252,-62.478 
252,-3.807 
252,-0.574 
252,-100.000 
253,-0.049 
253,-5.724 
253,-3.279 
253,-3.239 
253,-5.636 
253,125.069 
253,-24.213 
253,-198.558 
253,-26.162 
253,-100.000 
254,-0.049 
254,-0.079 
254,6.713 
254,-200.479 
254,-122.299 
254,-0.237 
254,30.108 
254,-91.662 
254,-24.051 
254,-100.000 
255,-0.049 
255,-0.079 
255,200.073 
255,-0.198 
255,-122.180 
255,6.565 
255,5.413 
255,-24.109 
255,-36.481 
255,-100.000 
256,-0.094 
256,-0.116 
256,-0.281 
256,-0.264 
256,-5.086 
256,-0.201 
256,-62.195 
256,-3.230 
256,-235.582 
256,-100.000 
257,-0.049 
257,-5.724 
257,-5.082 
257,5.079 
257,-3.255 
257,2.515 
257,-2.613 
257,-0.118 
257,0.000 
258,-0.049 
258,-5.724 
258,3.680 
258,23.202 
258,-29.562 
258,-3.499 
258,2.355 
258,24.656 
258,-260.412 
258,-100.000 
259,-0.049 
259,-0.116 
259,-0.281 
259,-0.544 
259,-8.473 
259,-6.095 
259,-0.596 
259,-5.478 
259,332.241 
259,368.962 
260,-0.049 
260,-5.724 
260,2.863 
260,-0.314 
260,-59.901 
260,166.893 
260,-23.912 
260,-127.249 
260,35.208 
260,-100.000 
261,-0.049 
261,-2.883 
261,2.192 
261,61.717 
261,-0.300 
261,-5.797 
261,-5.385 
261,-57.068 
261,-13.045 
261,-100.000 
262,-0.049 
262,-3.150 
262,-2.893 
262,5.198 
262,-5.710 
262,-2.528 
262,4.662 
262,-363.083 
262,0.000 
263,-0.156 
263,-0.171 
263,-0.167 
263,-98.603 
263,-30.711 
263,-7.122 
263,-200.510 
263,-18.684 
263,0.000 
264,-0.049 
264,-0.223 
264,61.812 
264,-0.239 
264,-0.387 
264,-0.309 
264,-10.445 
264,73.490 
264,-3.502 
264,109.705 
265,-0.094 
265,-0.116 
265,-0.119 
265,-231.103 
265,-7.266 
265,-0.569 
265,121.282 
265,-33.549 
265,-24.082 
265,-100.000 
266,-0.049 
266,-0.116 
266,23.399 
266,-0.382 
266,-200.627 
266,-122.419 
266,-0.569 
266,-11.095 
266,-91.888 
266,-100.000 
267,-0.049 
267,-4.953 
267,2.311 
267,-0.142 
267,57.654 
267,-36.329 
267,2.615 
267,-12.911 
267,-3.138 
267,-100.000 
268,-0.049 
268,-0.223 
268,-5.549 
268,4.538 
268,5.122 
268,-0.464 
268,-3.637 
268,2.007 
268,-65.083 
268,-100.000 
269,-0.207 
269,-0.260 
269,-0.575 
269,-62.560 
269,-284.072 
269,-7.300 
269,-0.799 
269,2.418 
269,-117.617 
269,-100.000 
270,-0.156 
270,-0.296 
270,-0.278 
270,61.791 
270,-0.387 
270,-0.309 
270,-0.211 
270,-0.246 
270,3.183 
270,-100.000 
271,-0.049 
271,-5.724 
271,-5.419 
271,2.179 
271,-3.416 
271,-5.163 
271,61.744 
271,2.390 
271,-0.458 
271,-100.000 
272,-0.049 
272,2.992 
272,-0.373 
272,4.771 
272,-5.352 
272,-2.807 
272,-265.586 
272,-3.408 
272,11.694 
272,-100.000 
273,-0.207 
273,-0.223 
273,-62.249 
273,-0.218 
273,-0.167 
273,-253.352 
273,-122.256 
273,-0.371 
273,1.500 
273,-100.000 
274,-0.049 
274,-0.223 
274,-0.219 
274,-0.379 
274,-0.609 
274,-0.937 
274,129.393 
274,-139.106 
274,-27.971 
274,-100.000 
275,-0.049 
275,5.022 
275,-5.925 
275,-3.068 
275,-5.220 
275,1.831 
275,-3.801 
275,61.337 
275,-135.196 
275,-100.000 
276,-0.049 
276,4.677 
276,5.437 
276,1.965 
276,331.841 
276,-3.546 
276,2.161 
276,-91.820 
276,-36.379 
276,287.308 
277,-0.049 
277,2.202 
277,-203.640 
277,-1.711 
277,-36.322 
277,-117.858 
277,-3.715 
277,22.795 
277,-3.591 
277,-100.000 
278,-0.049 
278,-0.378 
278,-0.399 
278,-0.529 
278,-62.592 
278,-0.476 
278,-5.349 
278,2.469 
278,4.416 
278,-100.000 
279,-0.049 
279,-0.378 
279,-0.373 
279,-0.445 
279,-8.066 
279,2.643 
279,-5.628 
279,63.990 
279,55.792 
279,110.748 
280,-0.094 
280,-0.260 
280,59.366 
280,-262.691 
280,-0.329 
280,-122.270 
280,-23.922 
280,-8.220 
280,-12.786 
280,-100.000 
281,-0.094 
281,-0.278 
281,36.961 
281,-0.942 
281,-24.501 
281,-0.879 
281,-201.276 
281,-92.131 
281,-23.152 
281,-100.000 
282,-0.094 
282,-0.278 
282,36.961 
282,-0.942 
282,-0.905 
282,121.163 
282,-30.022 
282,-25.582 
282,-141.376 
282,-100.000 
283,-0.094 
283,-0.116 
283,-152.732 
283,-0.102 
283,-200.465 
283,-12.473 
283,-23.736 
283,-12.802 
283,-3.457 
283,-100.000 
284,-0.094 
284,-0.205 
284,-0.399 
284,-0.368 
284,-0.317 
284,-11.091 
284,-62.240 
284,5.441 
284,-110.645 
284,-100.000 
285,-0.049 
285,-2.883 
285,-0.373 
285,-5.668 
285,-3.387 
285,-2.764 
285,-62.359 
285,174.564 
285,116.680 
285,353.937 
286,-0.049 
286,-5.724 
286,-2.893 
286,-2.479 
286,-62.182 
286,-0.103 
286,4.663 
286,15.258 
286,-3.383 
286,-100.000 
287,-0.094 
287,-0.116 
287,152.332 
287,-13.589 
287,-23.822 
287,197.562 
287,2.576 
287,-3.395 
287,-1.588 
287,375.329 
288,-0.094 
288,-0.116 
288,-0.463 
288,-10.606 
288,-6.144 
288,-0.497 
288,-64.823 
288,-3.576 
288,2.325 
288,-100.000 
289,-0.049 
289,-0.171 
289,-0.373 
289,-0.348 
289,-0.317 
289,-0.245 
289,-4.174 
289,-318.557 
289,0.000 
290,-0.049 
290,-0.079 
290,-0.208 
290,-13.521 
290,-5.645 
290,-3.640 
290,-0.508 
290,57.153 
290,197.021 
290,170.356 
291,-0.049 
291,-0.116 
291,30.320 
291,-0.544 
291,-122.637 
291,-7.727 
291,22.805 
291,-25.481 
291,-203.542 
291,-100.000 
292,-0.049 
292,-0.171 
292,-0.373 
292,61.585 
292,-253.394 
292,-0.309 
292,121.682 
292,6.590 
292,11.106 
292,-100.000 
293,-0.049 
293,-5.416 
293,5.526 
293,-20.749 
293,-23.780 
293,-3.229 
293,-29.297 
293,-127.090 
293,-264.890 
293,-100.000 
294,-0.207 
294,-0.223 
294,2.733 
294,-0.358 
294,-5.945 
294,-63.020 
294,25.018 
294,-2.963 
294,-117.389 
294,-100.000 
295,-0.049 
295,-0.116 
295,-0.249 
295,-0.337 
295,-0.523 
295,-62.839 
295,-324.437 
295,6.194 
295,-10.487 
295,-100.000 
296,-0.049 
296,5.566 
296,-10.162 
296,-3.002 
296,-3.239 
296,116.781 
296,-24.063 
296,-203.090 
296,-36.332 
296,-100.000 
297,-0.049 
297,5.022 
297,-5.925 
297,2.527 
297,-5.381 
297,-149.294 
297,-23.940 
297,-202.960 
297,0.000 
298,-0.049 
298,-2.883 
298,4.667 
298,-0.314 
298,5.138 
298,-0.459 
298,-64.911 
298,4.462 
298,-416.385 
298,-100.000 
299,-0.049 
299,-0.079 
299,-0.119 
299,-0.264 
299,91.065 
299,-7.490 
299,-29.742 
299,-25.302 
299,-265.038 
299,-100.000 
300,-0.094 
300,-0.116 
300,-0.238 
300,352.512 
300,-0.583 
300,-19.323 
300,2.354 
300,-23.906 
300,-12.997 
300,333.210 
301,-0.094 
301,-0.116 
301,-0.119 
301,-47.932 
301,-11.271 
301,-3.360 
301,2.354 
301,32.442 
301,-12.850 
301,-100.000 
302,-0.094 
302,-0.116 
302,152.332 
302,-23.874 
302,199.891 
302,-0.319 
302,-0.228 
302,-15.695 
302,-12.790 
302,339.641 
303,-0.049 
303,-200.360 
303,6.713 
303,-0.198 
303,30.417 
303,-19.428 
303,-117.307 
303,-23.832 
303,0.000 
304,-0.049 
304,-2.883 
304,2.944 
304,-127.084 
304,-36.246 
304,-29.552 
304,-12.852 
304,-23.916 
304,-3.410 
304,-100.000 
305,-0.094 
305,-0.116 
305,-0.238 
305,1.754 
305,-2.988 
305,-3.198 
305,-5.857 
305,287.687 
305,0.000 
306,-0.049 
306,-0.079 
306,-0.208 
306,-0.198 
306,-0.184 
306,-8.748 
306,4.662 
306,-51.834 
306,23.077 
306,-100.000 
307,-0.049 
307,-5.724 
307,-0.219 
307,2.757 
307,4.604 
307,-3.011 
307,-147.660 
307,-25.596 
307,23.211 
307,-100.000 
308,-0.094 
308,-0.205 
308,-0.193 
308,-0.280 
308,-0.435 
308,-0.364 
308,-183.476 
308,-12.919 
308,-29.590 
308,-100.000 
309,-0.094 
309,-0.116 
309,-0.193 
309,-61.234 
309,121.901 
309,-0.245 
309,-0.273 
309,-3.467 
309,-202.993 
309,-100.000 
310,-0.094 
310,-0.116 
310,-0.399 
310,-62.496 
310,-0.400 
310,-0.315 
310,-347.598 
310,-0.441 
310,-12.267 
310,-100.000 
311,-0.094 
311,-0.116 
311,-152.732 
311,6.819 
311,-0.065 
311,-1.863 
311,197.669 
311,-2.921 
311,0.000 
312,-0.049 
312,-2.883 
312,-5.734 
312,-0.348 
312,-3.494 
312,-5.352 
312,4.908 
312,-2.681 
312,-373.063 
312,-100.000 
313,-0.049 
313,-0.171 
313,-0.167 
313,-0.261 
313,-11.172 
313,-2.759 
313,-105.246 
313,-12.856 
313,-91.400 
313,-100.000 
314,-0.049 
314,-0.079 
314,10.312 
314,131.649 
314,-3.210 
314,-203.037 
314,-36.189 
314,-3.382 
314,-91.447 
314,-100.000 
315,-0.049 
315,-5.724 
315,-3.279 
315,-0.314 
315,2.416 
315,4.966 
315,-60.112 
315,-0.354 
315,-5.083 
315,-100.000 
316,-0.094 
316,-0.116 
316,-0.249 
316,-0.218 
316,61.745 
316,-0.453 
316,191.216 
316,-11.809 
316,-24.116 
316,114.954 
317,-0.049 
317,2.606 
317,4.739 
317,-6.188 
317,25.926 
317,201.832 
317,-24.339 
317,-91.925 
317,2.378 
317,-100.000 
318,-0.049 
318,-2.883 
318,-0.373 
318,4.932 
318,-5.961 
318,4.468 
318,2.636 
318,-2.724 
318,-372.987 
318,-100.000 
319,-0.049 
319,2.725 
319,2.192 
319,-5.521 
319,-3.255 
319,-5.163 
319,-62.317 
319,21.231 
319,-23.802 
319,-100.000 
320,-0.049 
320,-0.198 
320,199.836 
320,-7.356 
320,-0.405 
320,29.752 
320,-17.121 
320,22.754 
320,-91.899 
320,505.686 
321,-0.049 
321,-0.223 
321,-64.649 
321,2.757 
321,-3.193 
321,4.549 
321,-0.243 
321,5.282 
321,-5.832 
321,-100.000 
322,-0.049 
322,-0.079 
322,5.667 
322,-0.314 
322,-0.300 
322,4.750 
322,5.081 
322,-12.728 
322,139.763 
322,555.738 
323,-0.049 
323,-2.883 
323,-4.963 
323,5.447 
323,-3.358 
323,-0.325 
323,-60.110 
323,4.929 
323,-334.033 
323,-100.000 
324,-0.049 
324,-5.724 
324,-5.082 
324,125.346 
324,-25.723 
324,197.160 
324,22.890 
324,-3.560 
324,-3.696 
324,344.292 
325,-0.049 
325,-3.150 
325,-3.012 
325,-6.080 
325,1.995 
325,-0.390 
325,-62.392 
325,4.512 
325,4.768 
325,-100.000 
326,-0.049 
326,-0.223 
326,-5.549 
326,2.467 
326,-5.322 
326,-6.022 
326,-0.284 
326,-59.996 
326,2.613 
326,-100.000 
327,-0.049 
327,-3.231 
327,-25.582 
327,-3.068 
327,-1.783 
327,-203.131 
327,116.645 
327,-3.705 
327,32.292 
327,-100.000 
328,-0.049 
328,4.677 
328,-3.012 
328,2.202 
328,-325.613 
328,25.012 
328,-3.563 
328,-91.662 
328,23.050 
328,-100.000 
329,-0.049 
329,-3.231 
329,-3.160 
329,23.202 
329,-198.304 
329,-12.925 
329,-127.280 
329,-36.182 
329,32.678 
329,-100.000 
330,-0.207 
330,-0.223 
330,-0.219 
330,-0.218 
330,-5.853 
330,-64.646 
330,-0.328 
330,4.433 
330,-6.060 
330,-100.000 
331,-0.049 
331,2.954 
331,12.358 
331,-3.002 
331,35.555 
331,-202.970 
331,-3.283 
331,-127.121 
331,32.690 
331,-100.000 
332,-0.049 
332,-5.724 
332,-5.580 
332,-5.418 
332,1.893 
332,-0.687 
332,2.090 
332,-3.675 
332,-67.923 
332,-100.000 
333,-0.049 
333,-0.378 
333,-0.484 
333,-0.465 
333,-0.561 
333,-83.803 
333,-122.663 
333,-7.846 
333,137.351 
333,-100.000 
334,-0.156 
334,-0.171 
334,-5.763 
334,2.520 
334,4.138 
334,-3.470 
334,-3.093 
334,20.384 
334,-91.685 
334,-100.000 
335,-0.049 
335,-5.416 
335,2.833 
335,27.067 
335,28.728 
335,116.481 
335,-3.371 
335,-13.141 
335,-260.357 
335,-100.000 
336,-0.207 
336,-62.254 
336,-0.219 
336,-0.314 
336,0.089 
336,2.360 
336,-110.957 
336,-24.000 
336,24.843 
336,-100.000 
337,-0.049 
337,-5.724 
337,-3.279 
337,-10.270 
337,28.905 
337,-264.918 
337,-3.165 
337,23.101 
337,-36.359 
337,-100.000 
338,-0.049 
338,-0.116 
338,-0.463 
338,-11.377 
338,1.901 
338,-3.232 
338,-156.658 
338,2.488 
338,-117.590 
338,-100.000 
339,-0.049 
339,-2.883 
339,-5.734 
339,-3.150 
339,-3.938 
339,-127.123 
339,28.933 
339,-36.196 
339,-264.996 
339,-100.000 
340,-0.049 
340,-0.116 
340,-0.193 
340,-0.368 
340,-0.317 
340,-47.476 
340,-4.036 
340,197.600 
340,0.000 
341,-0.094 
341,-0.116 
341,-0.119 
341,7.653 
341,2.459 
341,40.105 
341,126.156 
341,-24.186 
341,-203.304 
341,-100.000 
342,-0.094 
342,-5.416 
342,-4.994 
342,149.198 
342,-23.822 
342,-12.767 
342,2.488 
342,197.557 
342,-3.502 
342,333.210 
343,-0.049 
343,-0.198 
343,-0.445 
343,-0.791 
343,-0.810 
343,297.996 
343,-91.923 
343,-31.192 
343,-7.367 
343,213.512 
344,-0.049 
344,2.321 
344,5.437 
344,-210.551 
344,-23.767 
344,-117.527 
344,2.142 
344,-36.721 
344,-3.760 
344,-100.000 
345,-0.049 
345,-0.171 
345,-5.247 
345,-149.062 
345,-3.375 
345,-36.308 
345,197.447 
345,90.841 
345,-13.066 
345,-100.000 
346,-0.049 
346,-5.724 
346,3.562 
346,116.940 
346,-25.485 
346,-3.169 
346,-3.359 
346,-24.014 
346,197.192 
346,217.472 
347,-0.049 
347,-0.171 
347,-3.238 
347,-2.542 
347,-5.949 
347,-5.707 
347,-264.940 
347,2.480 
347,0.000 
348,-0.207 
348,-0.260 
348,-5.549 
348,-63.146 
348,1.109 
348,-264.809 
348,-127.054 
348,-23.797 
348,-3.291 
348,-100.000 
349,-0.049 
349,4.677 
349,-5.538 
349,2.179 
349,5.342 
349,-3.050 
349,301.357 
349,2.522 
349,-23.970 
349,288.815 
350,-0.049 
350,2.954 
350,126.441 
350,-203.116 
350,-12.971 
350,-3.546 
350,-3.447 
350,-36.449 
350,-91.684 
350,-100.000 
351,-0.049 
351,-0.079 
351,-0.119 
351,-0.218 
351,-0.329 
351,-0.258 
351,-0.371 
351,61.784 
351,-365.660 
351,-100.000 
352,-0.049 
352,-0.278 
352,-0.561 
352,-0.544 
352,-0.758 
352,-1.085 
352,15.496 
352,61.106 
352,-3.585 
352,-100.000 
353,-0.049 
353,-5.724 
353,-0.373 
353,-27.787 
353,-3.227 
353,-3.430 
353,202.169 
353,126.121 
353,-91.874 
353,209.153 
354,-0.049 
354,-2.883 
354,-3.279 
354,-2.598 
354,-5.280 
354,318.429 
354,-91.923 
354,-36.509 
354,-1.873 
354,190.462 
355,-0.049 
355,2.321 
355,5.019 
355,233.490 
355,-91.814 
355,11.629 
355,-3.917 
355,126.031 
355,-3.529 
355,521.488 
356,-0.049 
356,-0.171 
356,-0.285 
356,-8.977 
356,-5.091 
356,4.872 
356,2.348 
356,-172.739 
356,-203.015 
356,-100.000 
357,-0.049 
357,-5.416 
357,-4.994 
357,-155.867 
357,-23.931 
357,-3.232 
357,-1.613 
357,-3.297 
357,0.000 
358,-0.049 
358,-4.953 
358,5.437 
358,-5.682 
358,-3.150 
358,2.545 
358,141.810 
358,22.709 
358,-203.392 
358,-100.000 
359,-0.094 
359,-0.116 
359,-0.238 
359,352.512 
359,-91.653 
359,-0.657 
359,-19.363 
359,0.421 
359,1.960 
359,371.358 
360,-0.094 
360,-0.116 
360,-0.238 
360,352.512 
360,-91.653 
360,-23.939 
360,6.357 
360,20.695 
360,-3.542 
360,530.413 
361,-0.049 
361,5.447 
361,-3.012 
361,4.756 
361,-0.758 
361,2.384 
361,-0.651 
361,-5.401 
361,86.462 
361,1222.379 
362,-0.049 
362,-2.479 
362,-3.012 
362,-5.072 
362,318.736 
362,-12.922 
362,-91.567 
362,-36.315 
362,-3.473 
362,173.413 
363,-0.049 
363,-5.724 
363,3.562 
363,116.702 
363,-36.322 
363,197.160 
363,-24.211 
363,-3.621 
363,2.266 
363,208.470 
364,-0.049 
364,2.321 
364,5.437 
364,-5.072 
364,4.793 
364,118.374 
364,-24.059 
364,-3.469 
364,-3.190 
364,-100.000 
365,-0.094 
365,-0.116 
365,-0.119 
365,230.619 
365,-7.148 
365,1.847 
365,-127.099 
365,-2.921 
365,0.000 
366,-0.049 
366,-0.278 
366,-37.803 
366,7.250 
366,-198.787 
366,-127.735 
366,-3.962 
366,-24.347 
366,1.932 
366,-100.000 
367,-0.094 
367,30.323 
367,-0.281 
367,4.837 
367,201.776 
367,-3.653 
367,-13.338 
367,-24.228 
367,90.631 
367,211.120 
368,-0.094 
368,-0.116 
368,-8.490 
368,-27.670 
368,-23.780 
368,-203.045 
368,-12.958 
368,126.368 
368,-33.271 
368,-100.000 
369,-0.049 
369,6.842 
369,-0.089 
369,200.083 
369,-30.785 
369,-9.095 
369,-2.974 
369,-23.626 
369,0.000 
370,-0.049 
370,2.873 
370,-3.012 
370,4.677 
370,-5.645 
370,-5.934 
370,-2.613 
370,-0.324 
370,-136.621 
370,-100.000 
371,-0.049 
371,-2.883 
371,2.311 
371,-4.953 
371,-5.694 
371,2.952 
371,-332.534 
371,-36.136 
371,-23.863 
371,-100.000 
372,-0.049 
372,-2.479 
372,-0.373 
372,2.723 
372,-5.949 
372,4.516 
372,-3.079 
372,-5.624 
372,-136.621 
372,-100.000 
373,-0.049 
373,2.873 
373,-0.285 
373,-3.271 
373,-5.297 
373,-5.664 
373,-2.792 
373,-5.926 
373,-278.526 
373,-100.000 
374,-0.049 
374,-2.883 
374,-5.580 
374,26.906 
374,116.232 
374,-24.430 
374,-3.859 
374,0.480 
374,-198.666 
374,-100.000 
375,-0.049 
375,4.795 
375,-0.219 
375,5.331 
375,-0.506 
375,125.795 
375,-3.638 
375,-3.254 
375,-265.024 
375,-100.000 
376,-0.049 
376,2.725 
376,2.192 
376,-0.261 
376,-5.529 
376,-5.238 
376,5.134 
376,2.552 
376,33.446 
376,-100.000 
377,-0.049 
377,-0.198 
377,-0.445 
377,321.858 
377,-13.636 
377,-1.632 
377,-3.358 
377,-23.959 
377,24.548 
377,344.388 
378,-0.049 
378,-0.079 
378,-0.373 
378,-0.445 
378,-0.387 
378,-0.476 
378,-17.191 
378,-87.343 
378,-127.268 
378,-100.000 
379,-0.207 
379,-0.296 
379,61.547 
379,-0.445 
379,-5.591 
379,-6.073 
379,-249.568 
379,-117.469 
379,24.801 
379,-100.000 
380,-0.049 
380,2.954 
380,-23.836 
380,-127.353 
380,-29.681 
380,-12.994 
380,140.083 
380,-36.503 
380,-3.542 
380,-100.000 
381,-0.049 
381,-4.953 
381,-0.167 
381,142.150 
381,2.854 
381,197.522 
381,-91.536 
381,2.473 
381,-36.079 
381,348.093 
382,-0.094 
382,-0.260 
382,-0.249 
382,-0.218 
382,-0.329 
382,66.159 
382,-122.578 
382,261.457 
382,-24.450 
382,205.852 
383,-0.049 
383,-0.223 
383,-0.219 
383,-36.291 
383,-23.732 
383,-30.980 
383,137.858 
383,-14.079 
383,116.896 
383,182.576 
384,-0.049 
384,5.566 
384,-2.893 
384,-0.142 
384,-13.695 
384,126.496 
384,35.113 
384,-203.359 
384,-91.780 
384,-100.000 
385,-0.049 
385,-0.116 
385,-0.281 
385,230.500 
385,-91.653 
385,-122.389 
385,-9.186 
385,-3.603 
385,-23.921 
385,-100.000 
386,-0.049 
386,-5.724 
386,-0.167 
386,-3.213 
386,4.658 
386,94.539 
386,-202.869 
386,35.665 
386,-3.147 
386,-100.000 
387,-0.049 
387,-5.416 
387,-4.994 
387,-5.866 
387,-101.667 
387,-3.198 
387,197.711 
387,-3.039 
387,-23.863 
387,-100.000 
388,-0.049 
388,-3.231 
388,117.048 
388,23.202 
388,-3.375 
388,-3.163 
388,197.369 
388,-91.656 
388,24.521 
388,536.984 
389,-0.049 
389,-4.953 
389,-125.252 
389,2.606 
389,23.128 
389,-203.159 
389,-33.304 
389,-3.639 
389,-25.716 
389,-100.000 
390,-0.049 
390,-0.171 
390,-0.167 
390,-0.142 
390,-0.098 
390,-0.519 
390,-105.896 
390,-3.480 
390,35.148 
390,-100.000 
391,-0.049 
391,4.677 
391,2.359 
391,-3.506 
391,-5.721 
391,-2.884 
391,-62.512 
391,-0.354 
391,-111.759 
391,-100.000 
392,-0.049 
392,-0.223 
392,-0.278 
392,-3.516 
392,-5.700 
392,2.371 
392,-64.759 
392,-5.967 
392,4.459 
392,-100.000 
393,-0.049 
393,-2.883 
393,-0.167 
393,-2.748 
393,4.983 
393,2.664 
393,-5.961 
393,-250.987 
393,-117.611 
393,-100.000 
394,-0.049 
394,-4.953 
394,-0.167 
394,5.297 
394,-3.108 
394,-0.309 
394,2.741 
394,-5.504 
394,-148.461 
394,-100.000 
395,-0.049 
395,-3.231 
395,23.178 
395,-3.419 
395,-25.618 
395,2.397 
395,-1.872 
395,-127.371 
395,0.000 
396,-0.049 
396,2.725 
396,2.192 
396,-5.521 
396,-62.317 
396,-5.860 
396,-0.122 
396,-185.581 
396,2.774 
396,-100.000 
397,-0.049 
397,2.954 
397,126.441 
397,-36.359 
397,-3.492 
397,-3.288 
397,202.274 
397,11.899 
397,-91.803 
397,266.302 
398,-0.049 
398,-5.724 
398,-2.893 
398,-2.479 
398,203.882 
398,-117.256 
398,-23.826 
398,-36.225 
398,-91.426 
398,-100.000 
399,-0.049 
399,-0.079 
399,2.633 
399,1.965 
399,-0.660 
399,4.278 
399,-3.583 
399,-5.861 
399,-386.948 
399,-100.000 
400,-0.049 
400,-0.079 
400,-0.089 
400,-7.119 
400,-30.946 
400,-200.850 
400,-122.903 
400,22.754 
400,-16.206 
400,-100.000 
401,-0.049 
401,-0.079 
401,-0.281 
401,230.339 
401,-91.814 
401,-7.459 
401,-122.460 
401,-23.871 
401,-0.294 
401,-100.000 
402,-0.049 
402,-2.883 
402,-0.167 
402,2.052 
402,-62.418 
402,5.217 
402,2.503 
402,-205.179 
402,-117.806 
402,-100.000 
403,-0.049 
403,-0.171 
403,-0.167 
403,1.809 
403,-5.799 
403,-3.499 
403,-6.101 
403,-172.976 
403,197.073 
403,-100.000 
404,-0.049 
404,-2.883 
404,-5.419 
404,-0.162 
404,2.842 
404,-5.803 
404,4.570 
404,-2.755 
404,-89.670 
404,-100.000 
405,-0.049 
405,-5.724 
405,-2.893 
405,-0.348 
405,-3.375 
405,-33.982 
405,-117.412 
405,-25.625 
405,28.955 
405,115.000 
406,-0.049 
406,-3.231 
406,2.715 
406,25.038 
406,-117.483 
406,-3.360 
406,197.389 
406,0.481 
406,-24.423 
406,224.993 
407,-0.049 
407,-5.416 
407,-5.155 
407,-2.944 
407,5.019 
407,-3.640 
407,-343.551 
407,32.162 
407,-3.767 
407,-100.000 
408,-0.094 
408,-0.116 
408,152.332 
408,-29.555 
408,-0.329 
408,-0.377 
408,-7.207 
408,-262.725 
408,-23.802 
408,-100.000 
409,-0.049 
409,-0.278 
409,152.052 
409,199.738 
409,-0.507 
409,-24.031 
409,-7.311 
409,-24.927 
409,-3.278 
409,314.590 
410,-0.049 
410,-0.198 
410,121.567 
410,29.659 
410,-17.302 
410,-203.530 
410,-13.457 
410,-33.710 
410,-3.529 
410,-100.000 
411,-0.094 
411,-0.278 
411,-0.410 
411,61.371 
411,259.050 
411,-0.937 
411,-17.573 
411,-2.131 
411,-118.100 
411,207.690 
412,-0.049 
412,5.447 
412,4.739 
412,-3.614 
412,-0.552 
412,3.995 
412,-3.593 
412,-3.196 
412,-387.183 
412,-100.000 
413,-0.049 
413,-0.223 
413,4.537 
413,-154.652 
413,-36.187 
413,2.618 
413,-3.167 
413,0.905 
413,-136.448 
413,-100.000 
414,-0.049 
414,-0.378 
414,-0.484 
414,-0.445 
414,-62.536 
414,261.981 
414,-31.167 
414,-0.797 
414,-13.804 
414,190.617 
415,-0.049 
415,-0.079 
415,-0.208 
415,7.280 
415,4.394 
415,-163.653 
415,-30.140 
415,-4.163 
415,-260.874 
415,-100.000 
416,-0.049 
416,-0.079 
416,-0.208 
416,7.013 
416,4.394 
416,161.837 
416,-24.339 
416,-203.478 
416,-91.899 
416,-100.000 
417,-0.049 
417,-0.171 
417,-0.285 
417,230.286 
417,-31.036 
417,-91.639 
417,-122.340 
417,-1.387 
417,-3.529 
417,-100.000 
418,-0.049 
418,-0.223 
418,28.838 
418,-23.909 
418,6.384 
418,-0.665 
418,-31.167 
418,-14.804 
418,-127.344 
418,-100.000 
419,-0.049 
419,-5.416 
419,-5.925 
419,-5.138 
419,155.875 
419,-3.653 
419,22.556 
419,-198.765 
419,-91.986 
419,-100.000 
420,-0.049 
420,-0.198 
420,206.757 
420,121.221 
420,-0.761 
420,-92.006 
420,-24.268 
420,-19.948 
420,-3.473 
420,352.043 
421,-0.049 
421,-0.116 
421,2.215 
421,2.807 
421,4.529 
421,155.238 
421,-13.016 
421,201.971 
421,-91.846 
421,440.659 
422,-0.207 
422,-0.223 
422,-3.023 
422,-0.445 
422,-56.383 
422,-12.994 
422,-265.042 
422,116.688 
422,-36.359 
422,-100.000 
423,-0.049 
423,-0.198 
423,-0.445 
423,206.411 
423,-122.773 
423,90.406 
423,-0.717 
423,-24.150 
423,-12.660 
423,131.356 
424,-0.049 
424,-2.883 
424,-5.580 
424,2.689 
424,-2.745 
424,-5.934 
424,-235.101 
424,-24.112 
424,-33.313 
424,-100.000 
425,-0.049 
425,-0.116 
425,-0.119 
425,-0.221 
425,352.549 
425,-23.870 
425,-7.149 
425,6.922 
425,-91.458 
425,448.812 
426,-0.049 
426,-5.724 
426,-0.373 
426,1.933 
426,-5.297 
426,-3.163 
426,-5.734 
426,-3.675 
426,-82.164 
426,-100.000 
427,-0.049 
427,-0.378 
427,-30.844 
427,2.145 
427,-127.190 
427,-3.163 
427,-36.335 
427,-203.285 
427,-3.782 
427,-100.000 
428,-0.049 
428,-0.378 
428,-0.373 
428,-62.476 
428,-0.400 
428,-0.476 
428,-0.651 
428,12.153 
428,-5.774 
428,-100.000 
429,-0.049 
429,-5.416 
429,2.833 
429,-6.027 
429,-5.220 
429,2.278 
429,-156.832 
429,22.989 
429,-203.112 
429,-100.000 
430,-0.049 
430,6.723 
430,-30.839 
430,-0.221 
430,-122.357 
430,-24.076 
430,-29.665 
430,137.648 
430,-0.458 
430,-100.000 
431,-0.049 
431,-5.724 
431,-5.419 
431,-5.138 
431,-0.329 
431,-3.329 
431,-64.598 
431,-0.246 
431,-97.007 
431,-100.000 
432,-0.049 
432,-5.416 
432,-5.155 
432,-0.379 
432,-3.133 
432,120.028 
432,-3.357 
432,135.555 
432,-1.441 
432,355.185 
433,-0.049 
433,-2.883 
433,-0.167 
433,-3.332 
433,-0.300 
433,5.305 
433,-4.928 
433,116.419 
433,-36.736 
433,-100.000 
434,-0.049 
434,-0.198 
434,-0.208 
434,-0.467 
434,-0.506 
434,-0.665 
434,122.385 
434,-263.118 
434,-31.254 
434,-100.000 
435,-0.049 
435,-0.278 
435,36.961 
435,-24.154 
435,199.331 
435,-0.879 
435,-122.919 
435,-1.034 
435,-92.136 
435,-100.000 
436,-0.049 
436,-5.724 
436,2.597 
436,-5.521 
436,-3.374 
436,-0.334 
436,-64.912 
436,-264.435 
436,23.104 
436,-100.000 
437,-0.049 
437,5.566 
437,2.597 
437,2.084 
437,4.674 
437,240.148 
437,125.800 
437,-92.256 
437,-3.991 
437,549.732 
438,-0.049 
438,-0.079 
438,-5.964 
438,5.447 
438,4.793 
438,-2.850 
438,-0.596 
438,-183.643 
438,-91.588 
438,-100.000 
439,-0.049 
439,-0.079 
439,5.748 
439,-36.122 
439,126.465 
439,-29.628 
439,-141.174 
439,-12.980 
439,2.668 
439,-100.000 
440,-0.049 
440,-5.724 
440,-0.219 
440,2.757 
440,-25.794 
440,-3.129 
440,-25.868 
440,135.394 
440,23.050 
440,-100.000 
441,-0.049 
441,5.447 
441,-10.280 
441,-23.811 
441,-3.288 
441,116.985 
441,25.073 
441,2.449 
441,-203.024 
441,-100.000 
442,-0.049 
442,-0.079 
442,0.563 
442,-5.521 
442,-3.416 
442,1.874 
442,-62.554 
442,2.034 
442,-0.814 
442,-100.000 
443,-0.049 
443,-3.150 
443,-5.580 
443,-34.016 
443,-23.822 
443,-12.767 
443,-117.453 
443,-203.005 
443,-3.278 
443,-100.000 
444,-0.049 
444,2.202 
444,-3.279 
444,4.756 
444,-6.152 
444,-3.373 
444,226.221 
444,-92.061 
444,126.161 
444,637.147 
445,-0.049 
445,-2.883 
445,-5.734 
445,-3.150 
445,-5.042 
445,-5.750 
445,-0.596 
445,-3.284 
445,318.399 
445,306.892 
446,-0.049 
446,3.072 
446,-36.020 
446,126.665 
446,-2.988 
446,2.825 
446,-23.942 
446,-202.962 
446,0.000 
447,-0.049 
447,2.202 
447,4.429 
447,-3.506 
447,-62.538 
447,4.845 
447,-6.018 
447,-3.531 
447,-0.835 
447,-100.000 
448,-0.049 
448,4.795 
448,-5.734 
448,-0.142 
448,2.588 
448,2.010 
448,2.409 
448,-342.633 
448,24.721 
448,-100.000 
449,-0.049 
449,-0.079 
449,-0.208 
449,-0.221 
449,-0.229 
449,-0.395 
449,-11.560 
449,104.415 
449,197.332 
449,302.627 
450,-0.049 
450,-23.722 
450,-122.179 
450,-7.182 
450,-0.454 
450,-0.746 
450,-201.149 
450,-31.357 
450,-91.858 
450,-100.000 
451,-0.049 
451,-0.079 
451,-0.281 
451,-0.323 
451,175.612 
451,-10.736 
451,-1.784 
451,-3.408 
451,-29.676 
451,560.929 
452,-0.049 
452,-0.079 
452,-0.167 
452,-0.323 
452,-13.250 
452,-2.881 
452,5.137 
452,2.673 
452,0.000 
453,-0.049 
453,-0.278 
453,-0.561 
453,-0.603 
453,175.406 
453,-0.687 
453,-29.826 
453,-138.777 
453,-7.422 
453,-100.000 
454,-0.049 
454,-0.079 
454,-0.208 
454,-62.344 
454,9.571 
454,4.363 
454,325.905 
454,-3.926 
454,-24.244 
454,438.537 
455,-0.049 
455,-0.079 
455,-0.208 
455,-0.198 
455,-0.217 
455,-345.996 
455,3.669 
455,-12.856 
455,24.989 
455,-100.000 
456,-0.156 
456,-0.171 
456,-30.638 
456,-30.924 
456,-0.272 
456,-122.419 
456,-10.031 
456,202.120 
456,-91.664 
456,-100.000 
457,-0.156 
457,-0.378 
457,-5.247 
457,4.932 
457,-0.400 
457,2.638 
457,-141.475 
457,2.202 
457,139.837 
457,-100.000 
458,-0.049 
458,-0.278 
458,-0.561 
458,158.990 
458,-0.905 
458,-0.849 
458,-19.595 
458,-30.030 
458,135.007 
458,373.242 
459,-0.049 
459,-0.079 
459,-0.373 
459,-2.419 
459,-0.387 
459,-6.073 
459,-64.761 
459,2.740 
459,-332.118 
459,-100.000 
460,-0.049 
460,-2.883 
460,-0.373 
460,-5.223 
460,4.983 
460,64.345 
460,2.679 
460,-202.962 
460,-1.588 
460,-100.000 
461,-0.049 
461,-0.079 
461,-0.089 
461,-0.198 
461,-0.287 
461,-0.477 
461,-19.188 
461,-5.581 
461,0.000 
462,-0.049 
462,-0.079 
462,-0.089 
462,-0.198 
462,-0.423 
462,-0.596 
462,-14.507 
462,-6.184 
462,-68.203 
462,-100.000 
463,-0.049 
463,-5.724 
463,5.019 
463,4.611 
463,148.337 
463,-3.640 
463,202.070 
463,-24.067 
463,-91.619 
463,444.832 
464,-0.049 
464,5.566 
464,4.667 
464,1.965 
464,331.841 
464,2.092 
464,-91.923 
464,2.101 
464,34.582 
464,555.738 
465,-0.049 
465,-0.198 
465,30.040 
465,-24.154 
465,-7.473 
465,-122.492 
465,0.347 
465,-3.469 
465,202.295 
465,-100.000 
466,-0.049 
466,5.022 
466,1.839 
466,-3.348 
466,-5.381 
466,-6.214 
466,-3.801 
466,61.337 
466,133.314 
466,209.026 
467,-0.156 
467,-0.171 
467,145.190 
467,-0.348 
467,-7.225 
467,-5.425 
467,-198.156 
467,-3.361 
467,-25.774 
467,-100.000 
468,-0.049 
468,-0.378 
468,-3.177 
468,-0.445 
468,4.900 
468,4.441 
468,5.155 
468,109.357 
468,139.837 
468,540.127 
469,-0.049 
469,-0.278 
469,-30.882 
469,-5.216 
469,-202.908 
469,32.597 
469,23.180 
469,2.706 
469,-12.905 
469,-100.000 
470,-0.049 
470,-0.278 
470,-0.281 
470,-0.323 
470,-0.478 
470,-62.506 
470,-5.547 
470,-2.687 
470,1.056 
470,-100.000 
471,-0.049 
471,4.795 
471,-0.219 
471,2.491 
471,-64.701 
471,-3.396 
471,-5.544 
471,-0.386 
471,-158.805 
471,-100.000 
472,-0.049 
472,-0.079 
472,-0.089 
472,-62.226 
472,7.849 
472,4.762 
472,7.973 
472,23.024 
472,-3.453 
472,-100.000 
473,-0.049 
473,-0.223 
473,-0.219 
473,-0.239 
473,-0.464 
473,17.677 
473,-122.285 
473,-1.004 
473,-3.313 
473,-100.000 
474,-0.049 
474,-0.171 
474,26.417 
474,-3.332 
474,-12.783 
474,-36.220 
474,126.452 
474,-3.408 
474,-203.553 
474,-100.000 
475,-0.049 
475,-2.883 
475,-3.279 
475,2.202 
475,203.146 
475,126.530 
475,12.042 
475,-23.991 
475,35.278 
475,535.381 
476,-0.049 
476,-0.079 
476,-0.089 
476,6.723 
476,-122.180 
476,-30.729 
476,-200.494 
476,-23.874 
476,-4.357 
476,-100.000 
477,-0.049 
477,-3.150 
477,-3.241 
477,-126.965 
477,-23.855 
477,-25.547 
477,-198.154 
477,-1.676 
477,0.000 
478,-0.049 
478,-4.953 
478,-2.893 
478,-0.348 
478,-3.494 
478,-142.770 
478,-29.505 
478,140.319 
478,12.135 
478,-100.000 
479,-0.049 
479,-2.883 
479,2.311 
479,-0.348 
479,-3.375 
479,-5.114 
479,-5.616 
479,26.945 
479,-91.426 
479,-100.000 
480,-0.049 
480,2.873 
480,-5.853 
480,-0.261 
480,-0.300 
480,-5.302 
480,-178.837 
480,2.354 
480,-265.143 
480,-100.000 
481,-0.049 
481,-2.479 
481,2.863 
481,-62.344 
481,-6.034 
481,174.313 
481,-117.854 
481,-3.774 
481,-24.369 
481,-100.000 
482,-0.049 
482,2.873 
482,-0.285 
482,-3.065 
482,-5.980 
482,26.843 
482,-203.075 
482,32.524 
482,-25.479 
482,-100.000 
483,-0.049 
483,-0.079 
483,30.320 
483,-29.555 
483,-0.329 
483,-262.570 
483,-122.298 
483,6.626 
483,-21.388 
483,-100.000 
484,-0.049 
484,-0.079 
484,2.752 
484,-0.348 
484,-5.616 
484,-3.478 
484,-17.439 
484,-127.371 
484,0.000 
485,-0.049 
485,4.795 
485,-5.734 
485,2.873 
485,4.954 
485,148.274 
485,-29.742 
485,-3.261 
485,-23.845 
485,-100.000 
486,-0.049 
486,-0.079 
486,-0.208 
486,-0.314 
486,-0.609 
486,-62.967 
486,-19.296 
486,319.831 
486,-2.001 
486,346.475 
487,-0.049 
487,-0.079 
487,-0.167 
487,-7.821 
487,-3.375 
487,2.041 
487,-6.039 
487,-51.477 
487,32.424 
487,-100.000 
488,-0.049 
488,4.677 
488,124.718 
488,12.131 
488,-29.683 
488,2.271 
488,-3.521 
488,-36.509 
488,-141.248 
488,-100.000 
489,-0.049 
489,-3.231 
489,-2.893 
489,-25.565 
489,23.073 
489,116.612 
489,-198.316 
489,-3.395 
489,0.845 
489,-100.000 
490,-0.207 
490,-0.223 
490,-5.864 
490,-5.188 
490,-64.701 
490,-0.222 
490,-3.047 
490,-69.238 
490,2.846 
490,-100.000 
491,-0.049 
491,-2.479 
491,197.041 
491,-1.474 
491,116.851 
491,-91.531 
491,-3.550 
491,2.428 
491,24.576 
491,365.617 
492,-0.049 
492,-0.079 
492,-0.167 
492,-0.348 
492,-0.478 
492,-176.570 
492,-200.877 
492,-10.293 
492,-13.438 
492,-100.000 
493,-0.049 
493,-0.079 
493,-0.373 
493,-0.348 
493,-91.963 
493,-30.965 
493,199.771 
493,-91.647 
493,-4.284 
493,-100.000 
494,-0.207 
494,-0.223 
494,-0.484 
494,-0.445 
494,-0.387 
494,-0.315 
494,-62.359 
494,2.037 
494,4.222 
494,-100.000 
495,-0.049 
495,-0.378 
495,-0.373 
495,-0.445 
495,-62.418 
495,-0.428 
495,-328.248 
495,-7.371 
495,-31.382 
495,-100.000 
496,-0.049 
496,-0.079 
496,-0.119 
496,-0.162 
496,-68.132 
496,0.292 
496,11.778 
496,-203.478 
496,-3.856 
496,-100.000 
497,-0.049 
497,-0.223 
497,-5.864 
497,-2.999 
497,-0.387 
497,-4.757 
497,-117.349 
497,2.858 
497,259.718 
497,122.078 
498,-0.049 
498,-0.079 
498,-0.089 
498,-3.654 
498,-0.098 
498,94.539 
498,35.511 
498,-3.469 
498,202.015 
498,420.135 
499,-0.049 
499,-0.079 
499,-0.219 
499,7.632 
499,-154.609 
499,-3.129 
499,-23.793 
499,-25.579 
499,135.717 
499,-100.000 
500,-0.049 
500,-0.278 
500,-0.561 
500,-0.942 
500,-0.905 
500,236.954 
500,15.338 
500,-24.347 
500,-127.552 
500,-100.000 
501,-0.049 
501,-0.223 
501,2.467 
501,-0.358 
501,-5.945 
501,-60.090 
501,-5.659 
501,-3.467 
501,-185.835 
501,-100.000 
502,-0.049 
502,-0.171 
502,-0.285 
502,-0.261 
502,-0.454 
502,-16.113 
502,104.927 
502,-91.806 
502,-3.739 
502,-100.000 
503,-0.049 
503,-0.116 
503,-0.119 
503,-0.221 
503,-0.184 
503,-0.560 
503,-149.132 
503,-24.014 
503,197.429 
503,-100.000 
504,-0.049 
504,5.447 
504,4.429 
504,4.358 
504,1.495 
504,-0.879 
504,-62.874 
504,-3.790 
504,-3.497 
504,-100.000 
505,-0.049 
505,-4.953 
505,-5.734 
505,-2.598 
505,-0.217 
505,-62.252 
505,-3.165 
505,-3.521 
505,258.826 
505,170.786 
506,-0.049 
506,-5.724 
506,-5.580 
506,33.827 
506,-3.311 
506,197.032 
506,-127.777 
506,-4.103 
506,-24.660 
506,192.211 
507,-0.049 
507,-0.116 
507,-0.119 
507,23.416 
507,-0.227 
507,-23.957 
507,-14.679 
507,-127.210 
507,197.569 
507,-100.000 
508,-0.049 
508,-0.198 
508,-0.445 
508,9.643 
508,-325.850 
508,24.936 
508,2.426 
508,-91.814 
508,-1.873 
508,-100.000 
509,-0.049 
509,-0.079 
509,-3.048 
509,-2.598 
509,5.116 
509,159.480 
509,-91.331 
509,-3.205 
509,116.896 
509,203.181 
510,-0.094 
510,30.323 
510,-0.281 
510,10.979 
510,-13.073 
510,-127.336 
510,-203.055 
510,2.408 
510,-91.532 
510,-100.000 
511,-0.094 
511,-0.116 
511,-8.223 
511,27.186 
511,116.631 
511,2.502 
511,-203.174 
511,0.880 
511,-91.532 
511,-100.000 
512,-0.049 
512,-2.479 
512,-5.734 
512,-5.563 
512,-0.478 
512,2.546 
512,257.488 
512,1.963 
512,-91.944 
512,-100.000 
513,-0.049 
513,-0.171 
513,-0.278 
513,-3.310 
513,-3.191 
513,-50.002 
513,-265.042 
513,-127.217 
513,-12.878 
513,-100.000 
514,-0.049 
514,-0.079 
514,-5.560 
514,-3.002 
514,-5.807 
514,4.424 
514,-356.419 
514,-13.242 
514,-33.462 
514,-100.000 
515,-0.049 
515,-0.116 
515,-0.119 
515,-0.264 
515,-0.507 
515,-163.608 
515,-12.321 
515,116.342 
515,-24.217 
515,-100.000 
516,-0.207 
516,-0.223 
516,-0.219 
516,92.523 
516,6.532 
516,-17.067 
516,-25.706 
516,135.318 
516,2.122 
516,230.353 
517,-0.049 
517,-3.150 
517,-4.963 
517,-2.479 
517,-0.304 
517,-5.707 
517,-3.239 
517,-62.396 
517,-8.667 
517,-100.000 
518,-0.049 
518,-4.953 
518,-3.160 
518,-2.479 
518,5.595 
518,5.130 
518,-119.155 
518,2.569 
518,-23.863 
518,-100.000 
519,-0.049 
519,-4.953 
519,-3.279 
519,-125.361 
519,-36.408 
519,-24.031 
519,-13.354 
519,-29.894 
519,-3.497 
519,-100.000 
520,-0.049 
520,-2.479 
520,-3.160 
520,4.795 
520,-5.694 
520,-5.309 
520,-0.155 
520,13.883 
520,0.000 
521,-0.049 
521,-0.223 
521,-0.249 
521,-2.714 
521,-3.400 
521,-0.270 
521,5.361 
521,4.597 
521,-60.001 
521,-100.000 
522,-0.049 
522,-0.198 
522,121.567 
522,10.395 
522,34.995 
522,-13.415 
522,-24.339 
522,201.885 
522,-3.737 
522,443.149 
523,-0.049 
523,-0.079 
523,-0.281 
523,-0.544 
523,230.257 
523,-7.490 
523,121.121 
523,-24.553 
523,-28.118 
523,306.892 
524,-0.049 
524,-0.223 
524,-0.249 
524,-62.249 
524,-0.194 
524,-347.378 
524,-5.336 
524,2.558 
524,1.056 
524,-100.000 
525,-0.049 
525,-0.223 
525,-0.249 
525,61.899 
525,-23.863 
525,-7.148 
525,137.891 
525,-0.591 
525,-14.228 
525,190.507 
526,-0.049 
526,-0.223 
526,-0.249 
526,-0.379 
526,-0.609 
526,-0.550 
526,15.206 
526,-6.364 
526,-60.324 
526,-100.000 
527,-0.049 
527,-0.223 
527,4.537 
527,-5.959 
527,-3.074 
527,-5.677 
527,-133.797 
527,2.895 
527,-23.771 
527,-100.000 
528,-0.049 
528,4.677 
528,-2.608 
528,-325.642 
528,-25.485 
528,-23.709 
528,2.500 
528,-33.090 
528,-3.280 
528,-100.000 
529,-0.049 
529,5.022 
529,33.192 
529,2.527 
529,-13.073 
529,126.317 
529,-203.174 
529,-3.201 
529,0.000 
530,-0.049 
530,-0.223 
530,-26.361 
530,-3.385 
530,-36.348 
530,23.162 
530,126.365 
530,2.052 
530,-265.320 
530,-100.000 
531,-0.049 
531,-0.079 
531,-0.089 
531,-0.198 
531,-0.168 
531,-4.483 
531,-0.188 
531,-309.136 
531,-91.431 
531,-100.000 
532,-0.049 
532,-0.079 
532,-0.119 
532,23.578 
532,-0.224 
532,2.782 
532,126.394 
532,-203.078 
532,-24.024 
532,-100.000 
533,-0.049 
533,-2.883 
533,-5.853 
533,-5.521 
533,2.887 
533,-2.689 
533,-0.435 
533,196.935 
533,0.000 
534,-0.049 
534,-0.198 
534,-0.208 
534,1.598 
534,-5.883 
534,-3.877 
534,86.555 
534,-24.542 
534,-203.542 
534,-100.000 
535,-0.049 
535,-0.116 
535,-0.238 
535,-291.913 
535,-91.492 
535,-7.374 
535,-0.718 
535,-24.141 
535,-0.608 
535,-100.000 
536,-0.049 
536,-0.079 
536,-0.373 
536,-0.348 
536,-0.317 
536,-6.466 
536,3.008 
536,126.562 
536,202.250 
536,428.606 
537,-0.049 
537,2.202 
537,202.988 
537,-3.239 
537,126.481 
537,-23.941 
537,-36.205 
537,-3.265 
537,0.000 
538,-0.049 
538,-5.416 
538,-33.872 
538,-3.334 
538,-23.822 
538,-3.211 
538,-13.162 
538,-127.770 
538,-198.635 
538,-100.000 
539,-0.049 
539,-0.223 
539,4.537 
539,-5.959 
539,-147.688 
539,-3.129 
539,-3.550 
539,-260.288 
539,-23.776 
539,-100.000 
540,-0.049 
540,-5.724 
540,-3.279 
540,4.558 
540,-0.389 
540,-60.193 
540,-5.781 
540,-0.354 
540,-355.164 
540,-100.000 
541,-0.049 
541,-0.079 
541,2.633 
541,-0.261 
541,4.748 
541,16.642 
541,126.098 
541,-203.359 
541,0.000 
542,-0.049 
542,-0.079 
542,-0.089 
542,-0.102 
542,-62.198 
542,-0.315 
542,-0.371 
542,-0.365 
542,-304.738 
542,-100.000 
543,-0.049 
543,-0.198 
543,8.004 
543,-5.309 
543,1.995 
543,87.630 
543,-24.213 
543,35.190 
543,-3.770 
543,-100.000 
544,-0.049 
544,-0.198 
544,5.430 
544,-5.309 
544,4.394 
544,-3.249 
544,287.649 
544,-24.347 
544,-91.899 
544,241.241 
545,-0.049 
545,5.447 
545,9.628 
545,-29.726 
545,139.787 
545,-24.366 
545,2.087 
545,35.149 
545,-3.679 
545,549.732 
546,-0.049 
546,-0.223 
546,-5.549 
546,-3.022 
546,-0.464 
546,-60.009 
546,119.714 
546,-3.339 
546,12.324 
546,-100.000 
547,-0.049 
547,-0.223 
547,-0.219 
547,-0.379 
547,-0.561 
547,6.894 
547,-60.120 
547,2.469 
547,-6.103 
547,440.659 
548,-0.049 
548,-2.479 
548,2.982 
548,5.447 
548,4.793 
548,-5.325 
548,-0.596 
548,-306.054 
548,-3.558 
548,-100.000 
549,-0.049 
549,-0.079 
549,-0.281 
549,6.560 
549,-0.552 
549,-3.285 
549,1.612 
549,4.967 
549,-387.183 
549,-100.000 
550,-0.049 
550,-0.198 
550,-0.285 
550,-0.498 
550,-11.203 
550,-6.035 
550,-5.604 
550,2.088 
550,-81.635 
550,-100.000 
551,-0.049 
551,-0.116 
551,-0.119 
551,-0.162 
551,-0.110 
551,-0.158 
551,61.908 
551,-0.204 
551,-351.894 
551,-100.000 
552,-0.049 
552,-0.223 
552,31.989 
552,-127.200 
552,-3.074 
552,-264.918 
552,12.205 
552,-36.315 
552,2.431 
552,-100.000 
553,-0.049 
553,5.447 
553,9.628 
553,23.052 
553,-36.367 
553,-203.076 
553,-3.227 
553,2.403 
553,-127.424 
553,-100.000 
554,-0.049 
554,-3.231 
554,28.956 
554,-117.332 
554,-12.717 
554,2.598 
554,23.220 
554,-3.402 
554,-36.079 
554,-100.000 
555,-0.049 
555,-3.150 
555,2.597 
555,-0.261 
555,26.248 
555,-36.296 
555,-12.870 
555,126.336 
555,202.056 
555,351.046 
556,-0.049 
556,2.321 
556,4.667 
556,-62.344 
556,2.564 
556,-0.665 
556,318.896 
556,-13.372 
556,-3.473 
556,348.880 
557,-0.049 
557,5.447 
557,-2.608 
557,-3.121 
557,-5.603 
557,2.825 
557,4.586 
557,61.778 
557,-0.361 
557,122.620 
558,-0.094 
558,5.022 
558,5.084 
558,39.731 
558,-30.183 
558,-24.499 
558,-127.730 
558,-3.908 
558,-265.405 
558,-100.000 
559,-0.049 
559,-2.479 
559,2.863 
559,-203.630 
559,23.334 
559,-3.075 
559,-36.087 
559,116.856 
559,-1.664 
559,-100.000 
560,-0.049 
560,-2.883 
560,-3.279 
560,-5.309 
560,-0.454 
560,-6.179 
560,125.122 
560,-198.559 
560,-1.942 
560,-100.000 
561,-0.049 
561,-0.198 
561,-0.208 
561,-0.382 
561,152.030 
561,-7.447 
561,199.551 
561,-24.392 
561,-91.944 
561,345.403 
562,-0.049 
562,-3.150 
562,-0.167 
562,-5.787 
562,4.776 
562,-108.774 
562,25.147 
562,-202.844 
562,0.000 
563,-0.049 
563,-0.079 
563,-0.208 
563,-0.435 
563,-0.905 
563,-0.849 
563,-360.706 
563,-15.833 
563,-24.454 
563,-100.000 
564,-0.049 
564,-0.116 
564,-0.238 
564,-231.103 
564,-0.184 
564,-23.915 
564,-122.285 
564,6.759 
564,0.000 
565,-0.049 
565,5.183 
565,2.119 
565,-5.138 
565,2.297 
565,5.076 
565,118.213 
565,-91.900 
565,2.151 
565,-100.000 
566,-0.049 
566,-0.198 
566,-7.129 
566,-122.210 
566,199.876 
566,30.236 
566,-0.645 
566,-27.794 
566,-91.684 
566,-100.000 
567,-0.049 
567,-0.198 
567,-0.208 
567,6.486 
567,-31.022 
567,-14.195 
567,197.237 
567,-91.814 
567,-24.267 
567,-100.000 
568,-0.049 
568,-0.079 
568,-0.119 
568,-0.264 
568,-0.345 
568,145.123 
568,-29.742 
568,-23.989 
568,12.863 
568,459.481 
569,-0.049 
569,-0.116 
569,-0.249 
569,-0.218 
569,-13.146 
569,64.215 
569,79.633 
569,-3.442 
569,-12.926 
569,104.635 
570,-0.049 
570,4.677 
570,124.718 
570,-29.726 
570,11.703 
570,-3.871 
570,35.182 
570,-24.141 
570,140.043 
570,537.838 
571,-0.049 
571,-2.479 
571,-3.012 
571,-5.843 
571,-3.578 
571,-228.181 
571,22.955 
571,-13.051 
571,-91.588 
571,-100.000 
572,-0.049 
572,-5.416 
572,-2.519 
572,5.424 
572,-2.988 
572,-221.174 
572,-3.478 
572,-127.316 
572,23.250 
572,-100.000 
573,-0.049 
573,5.566 
573,4.667 
573,2.084 
573,-332.652 
573,-3.308 
573,23.157 
573,-25.905 
573,-3.278 
573,-100.000 
574,-0.049 
574,-0.223 
574,-5.549 
574,5.308 
574,-50.227 
574,126.077 
574,-265.430 
574,-3.531 
574,-24.386 
574,-100.000 
575,-0.049 
575,-0.223 
575,-0.219 
575,-0.239 
575,-0.355 
575,-32.167 
575,10.153 
575,-265.238 
575,-3.453 
575,-100.000 
576,-0.049 
576,5.022 
576,33.192 
576,202.138 
576,-3.578 
576,-3.254 
576,-127.260 
576,-12.844 
576,0.000 
577,-0.207 
577,-0.260 
577,-0.249 
577,-62.249 
577,201.378 
577,121.635 
577,-23.834 
577,-0.439 
577,-7.215 
577,351.160 
578,-0.049 
578,-4.953 
578,-119.068 
578,-3.121 
578,12.279 
578,-36.470 
578,-24.059 
578,-203.285 
578,-3.544 
578,-100.000 
579,-0.049 
579,-3.150 
579,-4.963 
579,-5.563 
579,-6.152 
579,-0.687 
579,1.804 
579,66.846 
579,-91.706 
579,-100.000 
580,-0.049 
580,-3.150 
580,-0.373 
580,4.526 
580,-5.616 
580,2.036 
580,-318.829 
580,-12.890 
580,-3.278 
580,-100.000 
581,-0.049 
581,-0.079 
581,6.832 
581,5.795 
581,-36.085 
581,23.187 
581,2.560 
581,-203.242 
581,126.099 
581,-100.000 
582,-0.049 
582,-0.116 
582,-0.238 
582,-0.221 
582,-9.078 
582,-6.052 
582,4.306 
582,-363.676 
582,-24.131 
582,-100.000 
583,-0.049 
583,-0.198 
583,-0.337 
583,-29.489 
583,137.862 
583,-7.246 
583,-31.167 
583,-122.867 
583,-16.868 
583,-100.000 
584,-0.049 
584,-0.079 
584,-0.089 
584,-0.198 
584,-0.507 
584,345.404 
584,-91.772 
584,-23.989 
584,-13.386 
584,369.496 
585,-0.049 
585,-0.079 
585,-0.373 
585,-0.445 
585,-182.046 
585,-0.309 
585,-0.211 
585,-3.868 
585,135.657 
585,-100.000 
586,-0.049 
586,-0.079 
586,-0.167 
586,-0.348 
586,0.018 
586,-3.430 
586,4.704 
586,-62.557 
586,153.482 
586,-100.000 
587,-0.049 
587,-0.171 
587,-0.278 
587,-6.090 
587,4.368 
587,2.406 
587,-60.554 
587,-324.954 
587,2.136 
587,-100.000 
588,-0.049 
588,-0.079 
588,-0.219 
588,2.527 
588,18.833 
588,2.627 
588,-260.628 
588,22.745 
588,-127.555 
588,-100.000 
589,-0.049 
589,-0.198 
589,-129.140 
589,-0.198 
589,-23.767 
589,-31.082 
589,-201.070 
589,-18.668 
589,-3.943 
589,-100.000 
590,-0.049 
590,-0.198 
590,-10.727 
590,-3.506 
590,-2.805 
590,-5.826 
590,355.934 
590,-91.900 
590,-24.082 
590,375.862 
591,-0.049 
591,-0.198 
591,-0.208 
591,-0.198 
591,-0.168 
591,-329.451 
591,-30.932 
591,-21.873 
591,-23.863 
591,-100.000 
592,-0.049 
592,-0.079 
592,30.482 
592,-5.750 
592,116.911 
592,-1.565 
592,-3.283 
592,-23.668 
592,0.000 
593,-0.156 
593,-0.296 
593,-0.278 
593,-62.270 
593,-8.226 
593,184.275 
593,24.930 
593,2.706 
593,116.637 
593,520.424 
594,-0.049 
594,-7.000 
594,23.178 
594,-29.621 
594,-122.518 
594,-31.034 
594,-0.328 
594,138.047 
594,-0.178 
594,-100.000 
595,-0.156 
595,-0.378 
595,-0.373 
595,-2.941 
595,4.865 
595,-62.464 
595,58.730 
595,-3.512 
595,11.913 
595,-100.000 
596,-0.049 
596,-0.198 
596,-0.445 
596,-0.435 
596,-0.660 
596,-0.596 
596,-0.995 
596,-384.249 
596,-21.696 
596,-100.000 
597,-0.049 
597,-0.378 
597,-0.399 
597,-0.465 
597,-0.400 
597,-5.881 
597,-33.402 
597,12.125 
597,139.998 
597,-100.000 
598,-0.049 
598,-0.378 
598,-0.484 
598,-0.445 
598,-12.933 
598,-0.620 
598,2.741 
598,-140.863 
598,-36.121 
598,-100.000 
599,-0.049 
599,-30.717 
599,-0.119 
599,-0.102 
599,-3.792 
599,-1.404 
599,-202.851 
599,-23.896 
599,-127.338 
599,-100.000 
600,-0.094 
600,-0.278 
600,230.322 
600,-0.544 
600,-0.625 
600,-7.727 
600,121.282 
600,-24.186 
600,-4.916 
600,386.402 
601,-0.049 
601,-0.171 
601,-3.177 
601,-0.445 
601,-64.818 
601,2.762 
601,-5.204 
601,-5.857 
601,5.079 
601,-100.000 
602,-0.094 
602,-0.278 
602,-0.561 
602,-0.942 
602,-0.905 
602,-0.849 
602,-62.877 
602,-24.831 
602,313.040 
602,309.143 
603,-0.049 
603,-0.079 
603,30.320 
603,-29.555 
603,121.565 
603,-262.689 
603,-18.816 
603,0.820 
603,-23.845 
603,-100.000 
604,-0.049 
604,-0.079 
604,-0.281 
604,-0.382 
604,-1.237 
604,-0.657 
604,4.308 
604,-133.967 
604,-265.038 
604,-100.000 
605,-0.049 
605,-0.079 
605,5.748 
605,126.570 
605,-3.358 
605,-202.918 
605,-23.944 
605,-12.856 
605,-91.400 
605,-100.000 
606,-0.049 
606,-0.223 
606,-0.219 
606,-0.314 
606,-62.301 
606,-0.428 
606,-0.449 
606,-0.645 
606,-3.794 
606,-100.000 
607,-0.049 
607,-0.079 
607,-0.089 
607,4.410 
607,-2.568 
607,5.408 
607,-0.394 
607,-62.362 
607,-121.354 
607,-100.000 
608,-0.049 
608,-0.378 
608,-0.373 
608,-0.445 
608,-0.387 
608,-62.340 
608,-0.371 
608,-0.526 
608,-354.572 
608,-100.000 
609,-0.049 
609,-0.378 
609,-145.935 
609,-30.969 
609,-200.598 
609,-0.245 
609,-7.194 
609,-0.281 
609,-15.722 
609,-100.000 
610,-0.049 
610,-0.079 
610,-0.281 
610,-0.264 
610,-0.272 
610,-19.297 
610,-2.996 
610,88.485 
610,-3.278 
610,-100.000 
611,-0.094 
611,-0.260 
611,1.177 
611,121.632 
611,-7.250 
611,137.874 
611,-23.834 
611,-0.278 
611,-24.514 
611,313.092 
612,-0.049 
612,-0.223 
612,-62.249 
612,-0.314 
612,170.836 
612,-0.120 
612,24.777 
612,-127.300 
612,-24.008 
612,-100.000 
613,-0.049 
613,2.725 
613,4.667 
613,4.756 
613,155.139 
613,2.265 
613,-24.296 
613,11.532 
613,-203.584 
613,-100.000 
614,-0.049 
614,-0.116 
614,-0.281 
614,-0.264 
614,-0.478 
614,-376.851 
614,-12.661 
614,12.005 
614,32.398 
614,-100.000 
615,-0.049 
615,4.795 
615,-125.252 
615,-198.079 
615,2.784 
615,2.330 
615,22.920 
615,-13.093 
615,-36.450 
615,-100.000 
616,-0.049 
616,4.795 
616,-2.489 
616,-62.226 
616,-3.341 
616,2.479 
616,-0.243 
616,5.022 
616,-303.659 
616,-100.000 
617,-0.049 
617,-2.883 
617,-5.580 
617,-5.908 
617,20.022 
617,-127.336 
617,-24.146 
617,-198.485 
617,-3.663 
617,-100.000 
618,-0.049 
618,-0.198 
618,-0.238 
618,-0.382 
618,-0.390 
618,-18.943 
618,2.843 
618,-0.159 
618,-209.241 
618,-100.000 
619,-0.049 
619,-0.079 
619,-0.208 
619,-122.210 
619,-7.326 
619,12.768 
619,-203.087 
619,-36.212 
619,23.163 
619,-100.000 
620,-0.049 
620,-0.116 
620,2.215 
620,-5.908 
620,4.368 
620,-0.538 
620,-178.585 
620,-3.646 
620,135.168 
620,-100.000 
621,-0.049 
621,-0.079 
621,-0.119 
621,-0.102 
621,-0.065 
621,-0.128 
621,40.577 
621,-23.832 
621,-91.384 
621,-100.000 
622,-0.049 
622,-0.079 
622,-0.089 
622,-0.198 
622,-0.287 
622,-62.356 
622,-114.608 
622,-31.057 
622,-11.639 
622,-100.000 
623,-0.049 
623,-0.079 
623,4.997 
623,-5.843 
623,-0.217 
623,-5.027 
623,-5.637 
623,2.607 
623,19.659 
623,-100.000 
624,-0.156 
624,-0.378 
624,-0.373 
624,-0.467 
624,-11.172 
624,141.815 
624,-25.812 
624,197.125 
624,-91.858 
624,333.273 
625,-0.156 
625,-0.378 
625,-0.373 
625,-0.348 
625,-0.478 
625,-0.525 
625,-0.715 
625,-24.698 
625,-62.531 
625,-100.000 
626,-0.049 
626,-0.198 
626,-0.238 
626,-0.221 
626,-0.345 
626,284.245 
626,-91.730 
626,-24.589 
626,-3.473 
626,172.182 
627,-0.049 
627,-0.171 
627,-23.717 
627,121.870 
627,5.005 
627,-3.342 
627,35.393 
627,12.050 
627,-29.588 
627,-100.000 
628,-0.049 
628,-0.198 
628,-129.140 
628,-0.316 
628,23.215 
628,-0.271 
628,-14.125 
628,-203.002 
628,0.000 
629,-0.156 
629,-0.378 
629,-0.373 
629,-0.348 
629,-152.788 
629,-0.359 
629,-200.675 
629,-6.146 
629,-36.374 
629,-100.000 
630,-0.156 
630,-0.378 
630,-0.373 
630,-0.348 
630,-0.304 
630,-0.240 
630,-7.661 
630,-335.942 
630,0.000 
631,-0.156 
631,-0.378 
631,-0.373 
631,-0.348 
631,-353.069 
631,-0.359 
631,-2.222 
631,-91.656 
631,-3.117 
631,-100.000 
632,-0.049 
632,-4.953 
632,-2.893 
632,-5.402 
632,2.887 
632,-0.158 
632,-5.873 
632,2.045 
632,-67.954 
632,-100.000 
633,-0.049 
633,-0.079 
633,1.596 
633,-2.598 
633,2.636 
633,-5.427 
633,5.475 
633,-0.075 
633,0.000 
634,-0.049 
634,-2.883 
634,-5.580 
634,-5.418 
634,-6.152 
634,-3.521 
634,-163.178 
634,-203.196 
634,23.165 
634,-100.000 
635,-0.049 
635,-2.883 
635,-2.489 
635,-5.072 
635,-5.484 
635,-356.173 
635,-12.778 
635,2.836 
635,23.239 
635,-100.000 
636,-0.049 
636,-2.883 
636,-3.241 
636,-127.084 
636,-198.049 
636,-36.351 
636,-24.146 
636,-1.880 
636,2.360 
636,-100.000 
637,-0.049 
637,-2.883 
637,-5.734 
637,-5.072 
637,2.784 
637,-5.869 
637,-163.178 
637,22.947 
637,-29.676 
637,-100.000 
638,-0.049 
638,3.072 
638,-2.893 
638,-126.965 
638,-12.734 
638,23.192 
638,-203.075 
638,-3.598 
638,-36.773 
638,-100.000 
639,-0.049 
639,-2.883 
639,-5.734 
639,-5.072 
639,-3.239 
639,-126.019 
639,35.408 
639,28.719 
639,-265.157 
639,-100.000 
640,-0.049 
640,-2.883 
640,-3.241 
640,-29.370 
640,-127.156 
640,-141.094 
640,0.915 
640,23.101 
640,-36.681 
640,-100.000 
641,-0.049 
641,-0.079 
641,-2.682 
641,5.447 
641,2.665 
641,-62.475 
641,4.776 
641,88.998 
641,-3.444 
641,-100.000 
642,-0.049 
642,5.447 
642,4.429 
642,-132.519 
642,-26.207 
642,-3.772 
642,28.210 
642,-265.567 
642,-24.450 
642,-100.000 
643,-0.156 
643,-0.378 
643,-145.935 
643,-30.969 
643,199.965 
643,-0.407 
643,-19.113 
643,-1.600 
643,0.000 
644,-0.207 
644,-0.223 
644,-3.023 
644,-5.069 
644,5.133 
644,-0.108 
644,-5.767 
644,-59.747 
644,-113.409 
644,-100.000 
645,-0.207 
645,-0.223 
645,-0.249 
645,-62.249 
645,-0.167 
645,-0.215 
645,72.488 
645,-7.690 
645,-3.635 
645,-100.000 
646,-0.049 
646,200.083 
646,121.804 
646,-0.198 
646,30.256 
646,-0.526 
646,-7.371 
646,-23.906 
646,-21.447 
646,336.925 
647,-0.156 
647,-0.378 
647,-0.399 
647,-0.529 
647,-0.758 
647,-0.687 
647,-15.863 
647,-3.408 
647,379.342 
647,574.156 
648,-0.207 
648,-0.260 
648,-0.249 
648,-0.218 
648,8.018 
648,-11.402 
648,2.280 
648,-127.300 
648,135.448 
648,-100.000 
649,-0.049 
649,-3.150 
649,-4.963 
649,-3.002 
649,-6.050 
649,125.425 
649,-23.857 
649,-25.656 
649,-198.312 
649,-100.000 
650,-0.156 
650,-0.171 
650,-2.971 
650,-26.844 
650,116.921 
650,-203.040 
650,0.764 
650,2.544 
650,24.752 
650,-100.000 
651,-0.049 
651,2.606 
651,-5.082 
651,-3.269 
651,5.116 
651,-0.158 
651,-0.122 
651,59.514 
651,293.956 
651,1188.383 
652,-0.049 
652,-4.953 
652,-0.373 
652,-95.658 
652,2.381 
652,-3.430 
652,-12.960 
652,202.154 
652,35.029 
652,-100.000 
653,-0.049 
653,-0.198 
653,-0.445 
653,-0.458 
653,158.951 
653,-200.807 
653,-24.625 
653,-23.906 
653,2.728 
653,-100.000 
654,-0.049 
654,-0.198 
654,8.004 
654,-3.506 
654,4.113 
654,-132.796 
654,28.459 
654,22.745 
654,-260.580 
654,-100.000 
655,-0.049 
655,-0.079 
655,-0.089 
655,6.118 
655,-190.614 
655,2.330 
655,-36.308 
655,-127.197 
655,-91.447 
655,-100.000 
656,-0.049 
656,-0.079 
656,-0.208 
656,7.013 
656,-0.507 
656,2.360 
656,-0.361 
656,-5.696 
656,59.099 
656,-100.000 
657,-0.207 
657,-62.254 
657,-0.219 
657,292.804 
657,-0.389 
657,-7.246 
657,30.035 
657,-0.694 
657,-24.288 
657,450.940 
658,-0.049 
658,2.321 
658,4.667 
658,-3.269 
658,2.399 
658,-6.120 
658,4.409 
658,348.211 
658,-92.050 
658,438.537 
659,-0.049 
659,-3.231 
659,-23.923 
659,-3.419 
659,116.715 
659,-36.265 
659,197.608 
659,-12.890 
659,0.000 
660,-0.156 
660,-0.171 
660,26.329 
660,-29.621 
660,35.340 
660,139.895 
660,-3.722 
660,-13.092 
660,-3.305 
660,-100.000 
661,-0.049 
661,-0.079 
661,6.832 
661,121.814 
661,-23.767 
661,30.120 
661,-29.620 
661,-0.719 
661,-19.931 
661,-100.000 
662,-0.156 
662,-0.378 
662,-0.373 
662,-0.348 
662,-0.423 
662,-0.596 
662,2.925 
662,-356.325 
662,0.000 
663,-0.156 
663,-0.378 
663,-0.399 
663,-10.542 
663,-3.121 
663,2.707 
663,-118.505 
663,-12.847 
663,0.000 
664,-0.156 
664,-0.378 
664,-145.935 
664,-8.374 
664,-29.562 
664,-3.380 
664,-260.242 
664,2.354 
664,24.843 
664,-100.000 
665,-0.156 
665,-0.378 
665,-0.484 
665,-0.465 
665,-0.400 
665,-0.433 
665,-8.352 
665,2.749 
665,-157.239 
665,-100.000 
666,-0.156 
666,-0.171 
666,4.589 
666,148.247 
666,-36.336 
666,-203.207 
666,32.366 
666,-3.169 
666,2.613 
666,-100.000 
667,-0.156 
667,-0.171 
667,-2.971 
667,-5.017 
667,2.302 
667,2.918 
667,-5.637 
667,-135.918 
667,0.824 
667,-100.000 
668,-0.156 
668,-0.171 
668,145.190 
668,-0.348 
668,-0.304 
668,-7.280 
668,-2.923 
668,-25.625 
668,197.569 
668,362.626 
669,-0.156 
669,-0.171 
669,145.190 
669,-29.621 
669,-138.638 
669,5.198 
669,-12.896 
669,-3.135 
669,2.640 
669,-100.000 
670,-0.156 
670,-0.171 
670,4.502 
670,2.337 
670,148.054 
670,-3.667 
670,-36.573 
670,-13.407 
670,201.614 
670,340.495 
671,-0.156 
671,-0.171 
671,-5.041 
671,2.139 
671,4.748 
671,-6.332 
671,2.475 
671,-62.557 
671,-111.226 
671,-100.000 
672,-0.094 
672,5.022 
672,-2.681 
672,4.331 
672,-3.311 
672,44.067 
672,-12.940 
672,-23.830 
672,0.000 
673,-0.156 
673,-0.171 
673,145.190 
673,7.559 
673,-36.336 
673,-3.168 
673,-3.344 
673,-202.962 
673,-12.835 
673,-100.000 
674,-0.049 
674,-0.079 
674,-0.119 
674,-23.782 
674,-23.931 
674,121.584 
674,-0.337 
674,-29.443 
674,-19.479 
674,210.264 
675,-0.049 
675,-0.278 
675,-0.281 
675,-0.323 
675,-0.272 
675,-108.360 
675,11.785 
675,-203.079 
675,-3.190 
675,-100.000 
676,-0.049 
676,-5.724 
676,4.667 
676,1.965 
676,-3.476 
676,-0.390 
676,-3.229 
676,4.717 
676,-386.969 
676,-100.000 
677,-0.049 
677,-0.198 
677,-0.285 
677,10.021 
677,154.975 
677,-3.400 
677,34.906 
677,-3.955 
677,-203.553 
677,-100.000 
678,-0.156 
678,-0.205 
678,53.752 
678,-0.368 
678,-200.598 
678,121.605 
678,-91.577 
678,6.395 
678,-0.501 
678,-100.000 
679,-0.156 
679,-0.171 
679,145.190 
679,-29.621 
679,-7.308 
679,1.953 
679,-3.401 
679,-3.135 
679,-36.240 
679,-100.000 
680,-0.156 
680,-0.171 
680,145.190 
680,-30.969 
680,-3.043 
680,-3.316 
680,-3.077 
680,-198.162 
680,1.007 
680,-100.000 
681,-0.156 
681,-0.171 
681,145.190 
681,-30.969 
681,-7.399 
681,-0.407 
681,199.847 
681,-0.604 
681,-91.706 
681,350.234 
682,-0.049 
682,-0.198 
682,-0.285 
682,-0.498 
682,-0.660 
682,304.711 
682,-92.129 
682,-0.806 
682,-16.473 
682,229.813 
683,-0.049 
683,4.677 
683,-3.012 
683,-0.261 
683,5.071 
683,131.894 
683,-3.505 
683,-29.540 
683,140.193 
683,424.290 
684,-0.156 
684,-0.171 
684,145.190 
684,-200.630 
684,5.203 
684,-12.925 
684,-3.346 
684,-3.094 
684,0.000 
685,-0.156 
685,-0.171 
685,-0.285 
685,145.095 
685,-31.036 
685,-0.364 
685,-7.313 
685,-25.127 
685,-198.151 
685,-100.000 
686,-0.156 
686,-0.171 
686,145.277 
686,7.528 
686,34.950 
686,-13.445 
686,-203.588 
686,32.018 
686,2.172 
686,-100.000 
687,-0.156 
687,-0.171 
687,-0.278 
687,2.446 
687,-9.076 
687,2.849 
687,-117.499 
687,135.488 
687,-36.110 
687,-100.000 
688,-0.156 
688,-0.171 
688,-2.773 
688,-3.419 
688,4.570 
688,4.893 
688,67.633 
688,-1.880 
688,2.212 
688,-100.000 
689,-0.156 
689,-0.171 
689,-0.167 
689,-0.323 
689,-0.390 
689,-0.388 
689,-62.314 
689,34.758 
689,-7.735 
689,-100.000 
690,-0.049 
690,-0.223 
690,-36.315 
690,-2.807 
690,126.379 
690,-36.515 
690,139.771 
690,-3.854 
690,2.151 
690,221.245 
691,-0.049 
691,-0.079 
691,-0.089 
691,-0.102 
691,-0.933 
691,226.824 
691,-127.099 
691,-23.874 
691,-91.426 
691,-100.000 
692,-0.049 
692,-0.116 
692,-0.119 
692,2.196 
692,-27.058 
692,-23.751 
692,-3.181 
692,-127.004 
692,0.000 
693,-0.049 
693,-0.198 
693,6.713 
693,-23.811 
693,11.147 
693,202.173 
693,-127.517 
693,-3.598 
693,35.029 
693,-100.000 
694,-0.049 
694,-0.079 
694,-8.805 
694,-3.002 
694,-0.423 
694,-5.825 
694,-50.817 
694,-127.210 
694,-202.993 
694,-100.000 
695,-0.207 
695,-0.223 
695,-62.249 
695,-0.195 
695,-2.403 
695,-0.222 
695,-5.692 
695,-5.913 
695,4.514 
695,-100.000 
696,-0.049 
696,-0.378 
696,-30.844 
696,-200.630 
696,-5.197 
696,32.546 
696,2.741 
696,-3.135 
696,-127.080 
696,-100.000 
697,-0.049 
697,-0.079 
697,-2.930 
697,-0.348 
697,19.358 
697,202.085 
697,-3.583 
697,126.121 
697,-36.688 
697,347.114 
698,-0.049 
698,-0.079 
698,-7.129 
698,-200.598 
698,-2.376 
698,-23.822 
698,-91.448 
698,-3.402 
698,126.455 
698,-100.000 
699,-0.049 
699,-0.079 
699,-0.208 
699,-0.261 
699,-0.499 
699,4.784 
699,-71.586 
699,0.694 
699,-29.654 
699,-100.000 
700,-0.049 
700,-5.724 
700,-5.419 
700,-3.068 
700,-5.381 
700,-3.521 
700,-2.893 
700,356.030 
700,-24.055 
700,359.178 
701,-0.049 
701,-0.223 
701,-0.219 
701,-0.195 
701,-0.181 
701,-5.687 
701,-64.642 
701,-209.888 
701,-127.080 
701,-100.000 
702,-0.207 
702,-0.223 
702,-0.219 
702,-1.084 
702,-161.530 
702,-3.129 
702,-3.432 
702,135.355 
702,-36.583 
702,-100.000 
703,-0.049 
703,-0.223 
703,61.812 
703,-0.195 
703,-0.387 
703,-0.428 
703,-0.490 
703,-0.645 
703,-352.098 
703,-100.000 
704,-0.207 
704,-29.398 
704,-0.219 
704,-30.819 
704,-7.088 
704,-0.215 
704,121.768 
704,-23.667 
704,-3.395 
704,-100.000 
705,-0.207 
705,-0.223 
705,-0.219 
705,-0.445 
705,-8.066 
705,-59.940 
705,2.741 
705,4.935 
705,58.838 
705,-100.000 
706,-0.207 
706,-0.223 
706,-0.337 
706,35.545 
706,-122.519 
706,261.512 
706,-24.268 
706,-0.806 
706,-31.254 
706,114.077 
707,-0.049 
707,-0.223 
707,-29.394 
707,-122.325 
707,137.862 
707,-23.891 
707,-0.243 
707,0.582 
707,11.985 
707,-100.000 
708,-0.049 
708,-122.091 
708,23.178 
708,-0.348 
708,6.617 
708,-31.008 
708,-29.546 
708,-5.546 
708,-260.132 
708,-100.000 
709,-0.049 
709,-0.079 
709,-0.219 
709,-0.195 
709,-0.329 
709,-0.377 
709,-1.632 
709,-60.087 
709,319.224 
709,420.135 
710,-0.049 
710,-0.171 
710,-0.167 
710,-0.348 
710,-145.867 
710,28.866 
710,-7.251 
710,-13.574 
710,264.281 
710,209.299 
711,-0.049 
711,-0.171 
711,-0.373 
711,-0.348 
711,-5.968 
711,4.613 
711,-6.241 
711,-373.279 
711,-3.396 
711,-100.000 
712,-0.207 
712,-0.223 
712,-0.219 
712,-29.370 
712,121.742 
712,30.224 
712,6.355 
712,-262.768 
712,-16.749 
712,-100.000 
713,-0.207 
713,-0.223 
713,-0.219 
713,-2.265 
713,2.801 
713,-154.545 
713,-25.588 
713,-1.690 
713,-260.476 
713,-100.000 
714,-0.207 
714,-0.223 
714,-62.249 
714,-0.195 
714,-0.387 
714,-0.309 
714,-0.371 
714,-215.850 
714,-17.792 
714,-100.000 
715,-0.049 
715,-0.079 
715,-0.281 
715,-0.264 
715,-16.643 
715,-3.093 
715,-179.965 
715,116.741 
715,23.077 
715,-100.000 
716,-0.049 
716,-3.150 
716,-5.580 
716,4.492 
716,-2.745 
716,-106.008 
716,-12.897 
716,-3.319 
716,-23.937 
716,-100.000 
717,-0.207 
717,-0.260 
717,4.890 
717,4.215 
717,-60.239 
717,2.134 
717,325.905 
717,-3.659 
717,-24.244 
717,437.369 
718,-0.207 
718,-0.223 
718,-0.219 
718,61.717 
718,-0.506 
718,-0.665 
718,333.915 
718,-0.806 
718,-16.591 
718,1239.029 
719,-0.207 
719,-0.223 
719,-5.864 
719,4.561 
719,2.297 
719,-0.459 
719,64.799 
719,-3.789 
719,-36.466 
719,-100.000 
720,-0.207 
720,-29.398 
720,6.584 
720,-23.909 
720,-0.300 
720,-12.029 
720,135.402 
720,-127.217 
720,-3.265 
720,-100.000 
721,-0.049 
721,-0.079 
721,-0.208 
721,-0.261 
721,-0.423 
721,-0.596 
721,-19.307 
721,91.220 
721,-36.289 
721,-100.000 
722,-0.049 
722,-0.198 
722,-0.208 
722,-0.198 
722,-0.423 
722,-0.687 
722,-0.596 
722,-13.290 
722,0.000 
723,-0.207 
723,-0.260 
723,4.890 
723,-5.254 
723,2.476 
723,5.268 
723,110.108 
723,-265.007 
723,-23.890 
723,-100.000 
724,-0.207 
724,-0.223 
724,-0.278 
724,0.938 
724,-0.300 
724,121.584 
724,-30.929 
724,137.810 
724,7.314 
724,419.101 
725,-0.207 
725,-0.223 
725,-0.484 
725,-0.445 
725,-0.400 
725,-0.315 
725,-0.210 
725,-6.007 
725,34.738 
725,-100.000 
726,-0.049 
726,-0.198 
726,-0.208 
726,-0.314 
726,-0.389 
726,4.319 
726,-60.110 
726,-303.567 
726,-36.465 
726,-100.000 
727,-0.049 
727,-0.079 
727,-0.089 
727,-0.198 
727,-0.345 
727,-0.408 
727,-285.382 
727,-16.819 
727,-33.301 
727,-100.000 
728,-0.207 
728,-0.223 
728,-0.249 
728,-0.259 
728,-0.355 
728,-62.506 
728,-0.490 
728,0.073 
728,2.257 
728,-100.000 
729,-0.207 
729,-0.223 
729,5.307 
729,2.491 
729,4.367 
729,2.508 
729,-5.781 
729,-0.624 
729,59.151 
729,-100.000 
730,-0.049 
730,200.083 
730,-30.839 
730,-0.221 
730,-7.266 
730,-91.583 
730,1.756 
730,-23.989 
730,-3.217 
730,212.736 
731,-0.207 
731,61.808 
731,-0.219 
731,-0.195 
731,-0.181 
731,-0.222 
731,-0.122 
731,-0.204 
731,-154.972 
731,-100.000 
732,-0.049 
732,-0.079 
732,1.596 
732,-5.521 
732,-5.829 
732,-87.930 
732,197.389 
732,2.408 
732,0.000 
733,-0.049 
733,-0.079 
733,-0.089 
733,-0.079 
733,-0.168 
733,-0.359 
733,-0.435 
733,-62.396 
733,49.003 
733,-100.000 
734,-0.049 
734,-2.883 
734,-3.160 
734,5.447 
734,4.793 
734,40.223 
734,202.189 
734,-127.401 
734,-23.937 
734,-100.000 
735,-0.049 
735,30.485 
735,-122.131 
735,200.018 
735,-24.028 
735,-6.384 
735,-12.882 
735,-3.128 
735,2.759 
735,-100.000 
736,-0.049 
736,-2.883 
736,-5.580 
736,-2.664 
736,5.299 
736,-5.443 
736,37.103 
736,-23.948 
736,0.000 
737,-0.049 
737,4.677 
737,-2.608 
737,-325.642 
737,-25.808 
737,2.222 
737,-33.702 
737,-3.659 
737,-24.244 
737,-100.000 
738,-0.049 
738,-0.198 
738,-0.208 
738,-0.382 
738,-0.583 
738,-292.218 
738,-22.051 
738,-23.906 
738,-1.619 
738,-100.000 
739,-0.049 
739,-0.079 
739,-10.608 
739,125.583 
739,-23.767 
739,197.610 
739,2.617 
739,-3.392 
739,-25.644 
739,233.363 
740,-0.207 
740,-29.398 
740,2.814 
740,-36.238 
740,-3.252 
740,126.509 
740,2.666 
740,-23.828 
740,140.280 
740,226.429 
741,-0.049 
741,-0.079 
741,6.015 
741,-202.879 
741,126.599 
741,-3.160 
741,35.290 
741,32.280 
741,11.883 
741,-100.000 
742,-0.049 
742,-0.198 
742,-7.886 
742,118.425 
742,-198.405 
742,24.334 
742,-13.457 
742,-92.061 
742,-3.796 
742,-100.000 
743,-0.049 
743,-0.198 
743,-0.337 
743,-0.358 
743,7.379 
743,5.186 
743,-3.638 
743,4.698 
743,-64.888 
743,-100.000 
744,-0.049 
744,-0.079 
744,-0.219 
744,-0.314 
744,-13.593 
744,-59.956 
744,-3.313 
744,-5.595 
744,-0.339 
744,-100.000 
745,-0.049 
745,-0.079 
745,-0.089 
745,-0.348 
745,-0.423 
745,345.247 
745,-31.273 
745,-91.808 
745,-7.379 
745,304.662 
746,-0.049 
746,-0.116 
746,-0.281 
746,-0.264 
746,-0.227 
746,108.420 
746,-7.414 
746,-0.699 
746,90.642 
746,222.240 
747,-0.049 
747,-0.079 
747,-0.089 
747,-0.079 
747,-0.227 
747,-0.407 
747,-0.316 
747,30.715 
747,-1.229 
747,-100.000 
748,-0.049 
748,121.933 
748,200.073 
748,9.991 
748,11.804 
748,-92.006 
748,-3.521 
748,-24.150 
748,-36.509 
748,266.605 
749,-0.049 
749,-0.079 
749,-0.089 
749,-0.264 
749,-0.507 
749,9.151 
749,-3.577 
749,-0.884 
749,-326.327 
749,-100.000 
750,-0.049 
750,-0.223 
750,-0.219 
750,-0.239 
750,-0.355 
750,31.348 
750,137.407 
750,-0.719 
750,-11.314 
750,604.223 
751,-0.049 
751,-3.150 
751,-4.963 
751,-2.598 
751,-5.807 
751,-0.481 
751,-6.153 
751,-3.202 
751,-333.499 
751,-100.000 
752,-0.049 
752,-0.079 
752,-0.089 
752,1.935 
752,4.793 
752,-0.481 
752,-257.974 
752,0.878 
752,-127.360 
752,-100.000 
753,-0.049 
753,-0.171 
753,-3.444 
753,-3.153 
753,-0.387 
753,-5.776 
753,-60.002 
753,-287.006 
753,116.917 
753,-100.000 
754,-0.049 
754,-0.079 
754,-5.964 
754,4.795 
754,-5.365 
754,-94.690 
754,-23.824 
754,0.952 
754,-29.396 
754,-100.000 
755,-0.049 
755,-0.079 
755,-0.089 
755,-0.264 
755,-0.345 
755,-21.579 
755,-356.995 
755,-3.277 
755,-24.100 
755,-100.000 
756,-0.049 
756,-0.079 
756,-0.208 
756,-62.344 
756,-351.738 
756,-0.444 
756,-7.282 
756,23.101 
756,-30.898 
756,-100.000 
757,-0.049 
757,-2.883 
757,2.192 
757,203.235 
757,-91.476 
757,-12.891 
757,-127.128 
757,2.813 
757,-36.346 
757,-100.000 
758,-0.094 
758,-0.116 
758,-0.249 
758,-62.249 
758,-0.286 
758,262.183 
758,-0.481 
758,-24.174 
758,-22.080 
758,196.147 
759,-0.049 
759,-0.198 
759,-0.208 
759,-10.276 
759,-5.807 
759,5.076 
759,-58.233 
759,-24.154 
759,32.355 
759,-100.000 
760,-0.049 
760,-0.198 
760,-0.337 
760,-0.314 
760,61.761 
760,-107.888 
760,4.642 
760,22.951 
760,-13.147 
760,-100.000 
761,-0.049 
761,2.606 
761,-2.608 
761,-5.961 
761,-5.398 
761,-62.593 
761,-6.265 
761,-392.997 
761,-3.796 
761,-100.000 
762,-0.094 
762,-0.205 
762,6.857 
762,121.689 
762,-0.272 
762,-200.482 
762,-0.390 
762,-15.944 
762,0.803 
762,-100.000 
763,-0.094 
763,-0.205 
763,-0.304 
763,-62.289 
763,-0.312 
763,-290.756 
763,-10.434 
763,126.770 
763,-3.249 
763,-100.000 
764,-0.207 
764,-0.223 
764,-5.093 
764,-5.840 
764,-64.701 
764,-5.677 
764,326.922 
764,2.348 
764,-23.845 
764,380.145 
765,-0.049 
765,-0.223 
765,-0.278 
765,-52.965 
765,-0.387 
765,121.703 
765,-7.132 
765,-262.524 
765,30.380 
765,-100.000 
766,-0.049 
766,-0.116 
766,-0.119 
766,-13.347 
766,-5.829 
766,-0.364 
766,-2.911 
766,-3.204 
766,0.000 
767,-0.049 
767,-3.150 
767,-0.219 
767,2.491 
767,5.375 
767,4.430 
767,-60.347 
767,-0.806 
767,-6.114 
767,-100.000 
768,-0.049 
768,-0.079 
768,-0.089 
768,-122.210 
768,-7.326 
768,-29.619 
768,23.189 
768,-13.605 
768,35.369 
768,-100.000 
769,-0.049 
769,-0.079 
769,6.713 
769,199.846 
769,-24.211 
769,121.060 
769,-31.468 
769,6.944 
769,-3.430 
769,268.919 
770,-0.049 
770,-0.079 
770,-0.373 
770,-30.939 
770,-200.704 
770,-0.596 
770,-12.903 
770,-25.820 
770,-117.687 
770,-100.000 
771,-0.049 
771,-0.171 
771,-0.278 
771,-0.259 
771,61.631 
771,-13.659 
771,-3.399 
771,-5.239 
771,-3.262 
771,-100.000 
772,-0.156 
772,-0.171 
772,-5.812 
772,-5.017 
772,-3.169 
772,-0.103 
772,-5.574 
772,64.163 
772,-3.046 
772,-100.000 
773,-0.156 
773,-0.296 
773,-0.278 
773,-0.239 
773,0.471 
773,2.643 
773,-60.198 
773,-5.741 
773,-113.734 
773,-100.000 
774,-0.207 
774,-29.398 
774,-7.140 
774,-0.195 
774,30.434 
774,-0.213 
774,-127.011 
774,23.283 
774,140.290 
774,-100.000 
775,-0.049 
775,-0.223 
775,-0.337 
775,35.545 
775,-12.375 
775,-3.248 
775,-260.391 
775,-117.514 
775,-23.776 
775,-100.000 
776,-0.049 
776,-0.198 
776,-0.208 
776,-0.382 
776,-0.625 
776,-62.687 
776,-0.566 
776,-389.565 
776,-15.780 
776,-100.000 
777,-0.049 
777,-0.079 
777,-0.281 
777,-0.544 
777,-0.552 
777,-0.599 
777,-261.862 
777,121.614 
777,-11.580 
777,-100.000 
778,-0.049 
778,-0.171 
778,-0.167 
778,-3.102 
778,-27.774 
778,-203.277 
778,-36.411 
778,-3.589 
778,-33.271 
778,-100.000 
779,-0.049 
779,-0.079 
779,-0.089 
779,-0.079 
779,-6.695 
779,-5.470 
779,-0.316 
779,-186.560 
779,28.955 
779,-100.000 
780,-0.049 
780,2.992 
780,-0.373 
780,-5.993 
780,-5.178 
780,-102.589 
780,-36.174 
780,2.404 
780,-203.069 
780,-100.000 
781,-0.156 
781,-0.171 
781,-0.285 
781,-0.261 
781,-0.454 
781,-0.879 
781,-384.273 
781,11.200 
781,2.020 
781,-100.000 
782,-0.156 
782,-0.205 
782,-0.193 
782,-0.368 
782,-0.400 
782,-62.506 
782,-277.058 
782,-0.365 
782,-7.472 
782,-100.000 
783,-0.049 
783,-0.079 
783,-0.089 
783,-0.079 
783,-0.227 
783,-0.407 
783,-136.299 
783,-200.605 
783,-15.113 
783,-100.000 
784,-0.049 
784,-0.079 
784,-0.219 
784,-62.226 
784,-0.270 
784,-0.215 
784,-0.362 
784,-19.547 
784,-331.181 
784,-100.000 
785,-0.156 
785,-0.171 
785,20.232 
785,2.810 
785,-36.130 
785,-2.962 
785,-202.910 
785,-12.802 
785,-91.339 
785,-100.000 
786,-0.156 
786,-0.171 
786,-0.373 
786,-0.348 
786,-0.478 
786,16.671 
786,-10.702 
786,-91.571 
786,-3.291 
786,-100.000 
787,-0.156 
787,-0.171 
787,-5.041 
787,-3.419 
787,95.006 
787,0.917 
787,-25.574 
787,197.481 
787,-91.502 
787,232.415 
788,-0.156 
788,-0.205 
788,-0.193 
788,-0.368 
788,-0.317 
788,-0.407 
788,-0.371 
788,-62.277 
788,-93.855 
788,-100.000 
789,-0.156 
789,-0.205 
789,-5.493 
789,4.713 
789,-5.961 
789,-0.315 
789,34.587 
789,-3.275 
789,-264.890 
789,-100.000 
790,-0.156 
790,-0.171 
790,61.753 
790,2.042 
790,4.665 
790,-3.354 
790,4.031 
790,-3.790 
790,-6.219 
790,-100.000 
791,-0.156 
791,-0.171 
791,-0.167 
791,-0.348 
791,-145.985 
791,-4.630 
791,-29.624 
791,135.282 
791,24.402 
791,-100.000 
792,-0.156 
792,-0.171 
792,-0.463 
792,-2.928 
792,4.375 
792,5.098 
792,-2.856 
792,2.488 
792,61.551 
792,-100.000 
793,-0.156 
793,23.379 
793,-122.179 
793,30.278 
793,3.025 
793,11.687 
793,-203.470 
793,32.137 
793,2.024 
793,-100.000 
794,-0.156 
794,-0.296 
794,-0.278 
794,-0.445 
794,-0.387 
794,-62.340 
794,1.840 
794,157.178 
794,126.455 
794,521.488 
795,-0.156 
795,-0.171 
795,-0.285 
795,10.258 
795,-0.300 
795,-3.232 
795,-3.401 
795,-5.665 
795,48.418 
795,-100.000 
796,-0.156 
796,-0.171 
796,-0.167 
796,-0.261 
796,-14.013 
796,-3.282 
796,-102.624 
796,-36.182 
796,-203.069 
796,-100.000 
797,-0.049 
797,-0.198 
797,-0.445 
797,-0.791 
797,-0.810 
797,-306.409 
797,-91.923 
797,-13.557 
797,35.013 
797,-100.000 
798,-0.049 
798,-0.198 
798,-0.208 
798,-0.435 
798,14.962 
798,-62.831 
798,-362.257 
798,24.693 
798,-24.203 
798,-100.000 
799,-0.049 
799,-0.079 
799,0.059 
799,-5.191 
799,-5.932 
799,-126.256 
799,-36.308 
799,-203.154 
799,-33.258 
799,-100.000 
0,-0.049 
0,-200.360 
0,30.482 
0,5.831 
0,-3.255 
0,12.201 
0,-23.855 
0,-127.199 
0,-3.192 
0,-100.000 
1,-0.049 
1,-0.079 
1,-30.720 
1,200.179 
1,-122.196 
1,-23.709 
1,-0.304 
1,-11.356 
1,-13.146 
1,-100.000 
2,-0.049 
2,-0.116 
2,-0.193 
2,-0.259 
2,-0.312 
2,-62.258 
2,-0.114 
2,5.054 
2,-3.457 
2,-100.000 
3,-0.049 
3,-30.717 
3,-0.119 
3,-200.383 
3,6.737 
3,23.393 
3,-122.198 
3,-0.312 
3,-10.041 
3,-100.000 
4,-0.049 
4,-30.717 
4,-24.014 
4,-2.580 
4,-3.451 
4,-202.991 
4,-127.223 
4,12.221 
4,32.614 
4,-100.000 
5,-0.207 
5,-0.260 
5,61.782 
5,-0.218 
5,-0.286 
5,-0.377 
5,-0.284 
5,-351.778 
5,-0.532 
5,-100.000 
6,-0.049 
6,-0.198 
6,-0.238 
6,-23.901 
6,-6.646 
6,-198.170 
6,-91.492 
6,-3.485 
6,23.093 
6,-100.000 
7,-0.049 
7,-0.116 
7,-7.819 
7,166.426 
7,23.234 
7,-127.132 
7,-3.120 
7,-1.481 
7,0.000 
8,-0.049 
8,-0.079 
8,200.192 
8,30.337 
8,7.541 
8,-3.521 
8,12.073 
8,-127.283 
8,-91.532 
8,-100.000 
9,-0.049 
9,-0.198 
9,-0.208 
9,-0.435 
9,-16.396 
9,-326.537 
9,35.171 
9,-3.557 
9,-24.174 
9,-100.000 
10,-0.049 
10,2.321 
10,5.019 
10,4.492 
10,5.062 
10,-363.493 
10,-33.379 
10,2.377 
10,-3.368 
10,-100.000 
0,-0.156 
0,-0.049 
0,-0.205 
0,-0.198 
0,-0.193 
0,-0.208 
0,67.698 
0,-0.110 
0,-0.261 
0,-0.229 
0,-0.988 
0,2.885 
0,-5.731 
0,-3.299 
0,1.040 
0,5.333 
0,0.000 
1,-0.049 
1,-0.378 
1,-0.373 
1,-0.368 
1,-0.317 
1,-8.212 
0,-339.804 
1,-5.148 
1,-6.045 
1,-67.880 
0,-100.000 
1,-100.000 
2,-0.094 
2,-30.717 
1,-0.049 
1,-62.254 
2,-23.744 
1,-0.249 
2,-29.434 
2,-0.355 
1,-3.118 
1,-205.026 
1,-12.824 
2,4.683 
2,116.973 
1,-2.972 
2,-3.230 
2,-1.409 
1,-127.224 
1,2.744 
1,-100.000 
2,-0.207 
2,-62.254 
2,-0.219 
2,227.559 
2,-0.218 
2,-0.286 
3,-0.156 
3,-0.171 
3,-0.167 
2,-6.193 
3,-0.348 
2,-0.284 
3,-62.418 
3,25.116 
2,-188.594 
3,-13.827 
2,-117.358 
3,-1.489 
3,2.610 
2,-100.000 
3,-0.049 
3,-100.000 
3,-0.079 
3,0.315 
4,-0.156 
4,-0.205 
3,-5.724 
4,-0.355 
4,-0.323 
3,-5.042 
3,-3.308 
4,-0.355 
3,-0.394 
4,-205.608 
4,-16.295 
3,-5.904 
3,-62.531 
4,1.117 
4,-135.984 
4,-100.000 
5,-0.156 
5,-0.171 
5,-0.167 
5,-145.705 
5,-0.304 
5,1.631 
3,-100.000 
4,-0.049 
4,-0.198 
4,-0.285 
4,-0.261 
4,-0.229 
5,0.882 
4,2.580 
4,-257.889 
5,28.844 
4,-12.966 
5,-25.802 
4,0.000 
5,-0.049 
5,-200.360 
5,-0.208 
5,-31.145 
5,6.296 
5,-122.581 
5,-15.304 
5,32.280 
5,-3.648 
5,139.038 
6,-0.156 
6,-0.171 
6,-0.167 
6,-62.270 
5,-100.000 
6,-0.049 
6,-0.378 
6,-62.514 
6,-0.445 
6,-253.394 
6,-0.387 
6,-122.321 
6,-0.476 
6,-7.132 
6,-7.176 
6,35.680 
6,170.584 
6,-100.000 
6,121.087 
7,-0.049 
7,2.202 
7,-5.853 
6,-0.781 
7,-62.344 
7,5.014 
6,437.369 
7,197.561 
7,-0.156 
7,-23.722 
7,-127.291 
7,-3.318 
7,-29.415 
7,1.095 
7,-3.603 
7,-264.815 
7,-36.066 
7,-127.132 
7,-3.207 
7,-3.186 
7,-100.000 
8,-0.049 
8,-0.079 
8,-0.373 
7,-100.000 
8,-0.467 
8,-0.207 
8,-0.660 
8,-62.254 
8,-0.596 
8,-95.767 
8,-0.249 
8,-0.218 
8,-33.661 
8,201.378 
8,-13.914 
8,23.180 
8,-31.254 
8,-117.502 
8,-100.000 
8,-3.291 
9,-0.049 
9,-0.116 
9,-0.193 
9,-0.323 
9,-247.784 
9,-0.319 
9,121.546 
9,-9.410 
9,-3.576 
8,-100.000 
9,-0.049 
9,-5.724 
9,2.597 
9,-5.072 
9,-2.568 
9,-88.461 
9,-36.113 
9,-3.306 
9,23.239 
9,-100.000 
10,-0.049 
10,-0.116 
10,-0.463 
10,-0.432 
10,-0.381 
10,-0.379 
10,-0.392 
10,31.259 
10,2.477 
10,-100.000 
11,-0.207 
9,-100.000 
11,-29.398 
10,-0.049 
11,-0.219 
10,-0.079 
11,-30.819 
10,-0.208 
11,138.083 
10,-0.198 
11,-7.018 
10,-115.259 
10,200.044 
11,-23.824 
10,-16.624 
11,-122.279 
10,24.786 
11,-8.209 
11,-100.000 
12,-0.049 
12,-0.378 
12,-0.399 
10,-23.937 
12,-0.465 
12,-32.297 
12,261.879 
12,-5.535 
12,-117.460 
12,-3.486 
12,114.954 
13,-0.049 
13,-4.953 
10,-100.000 
13,-5.734 
11,-0.049 
13,-0.142 
11,-0.198 
13,-2.704 
11,-62.368 
13,2.712 
11,-0.314 
11,-0.286 
13,-3.198 
11,-0.215 
13,5.019 
11,-0.244 
13,-142.763 
11,-0.116 
11,-337.706 
11,-100.000 
12,-0.049 
12,-0.198 
12,-0.337 
12,-0.358 
12,-62.330 
12,-0.340 
12,-0.243 
12,-0.278 
12,9.133 
12,-100.000 
13,-0.094 
13,-0.205 
13,-0.193 
13,0.065 
13,-44.308 
13,202.286 
13,-3.537 
13,-3.439 
13,-127.391 
13,-100.000 
13,-100.000 
14,-0.049 
14,-0.049 
14,-0.171 
14,-2.479 
14,4.708 
14,5.181 
14,2.583 
14,-2.946 
14,-3.169 
14,-0.229 
14,5.492 
14,61.804 
14,108.228 
14,-239.781 
14,-3.187 
14,1.067 
14,202.360 
14,-100.000 
15,-0.207 
15,-0.260 
15,-0.304 
15,-62.451 
15,-0.355 
14,35.235 
15,-0.550 
15,-162.160 
15,-3.421 
15,-3.542 
15,-100.000 
16,-0.207 
16,-0.296 
16,-0.484 
16,-0.445 
16,-0.387 
16,61.721 
16,-0.371 
16,-0.246 
16,1.642 
16,-100.000 
17,-0.207 
17,-62.254 
17,-0.278 
17,-0.259 
17,-0.355 
17,-157.684 
17,-12.260 
17,2.128 
17,2.183 
17,-100.000 
18,-0.049 
18,200.202 
18,-5.641 
18,-25.403 
18,-23.931 
18,-3.380 
18,2.467 
18,-127.231 
18,-91.448 
18,-100.000 
19,-0.049 
19,-0.223 
19,-3.023 
19,-5.679 
19,-63.256 
19,-24.026 
19,-3.722 
19,116.611 
19,-13.346 
14,532.946 
15,-0.207 
15,-0.223 
15,-0.278 
15,-0.239 
15,-0.300 
15,120.256 
15,-31.122 
15,-262.708 
15,-24.633 
19,170.290 
15,-100.000 
20,-0.049 
20,-5.416 
16,-0.156 
20,2.685 
16,-0.171 
20,5.424 
16,98.295 
20,1.979 
16,-29.415 
20,2.350 
16,6.621 
20,-5.519 
16,-31.098 
16,137.621 
20,-0.550 
16,-0.861 
20,-81.829 
16,-24.891 
16,196.147 
17,-0.049 
17,-3.231 
17,197.673 
17,-3.002 
17,0.871 
17,-127.242 
17,-24.063 
17,-3.598 
17,-25.689 
17,119.876 
18,-0.156 
18,-0.378 
18,-224.205 
18,30.233 
18,121.577 
18,-0.364 
18,7.611 
18,-3.471 
18,0.000 
19,-0.156 
19,-0.171 
19,-0.285 
19,-0.467 
19,-2.052 
19,-62.458 
19,2.622 
19,4.655 
19,-3.305 
19,227.406 
20,-0.049 
20,-0.278 
20,-0.281 
20,-0.264 
20,-0.345 
20,-0.526 
20,-0.466 
20,-336.619 
20,-21.373 
20,-100.000 
21,-0.049 
21,5.566 
20,-100.000 
21,-0.219 
21,-5.518 
21,-0.094 
21,-59.917 
21,-0.260 
21,-0.249 
21,4.422 
21,-2.566 
21,2.323 
21,-3.090 
21,-5.860 
21,-392.513 
21,-64.717 
21,23.342 
21,-256.583 
21,116.972 
21,-100.000 
22,-0.156 
22,-0.171 
22,-5.493 
22,2.909 
22,-4.985 
21,-100.000 
22,-0.094 
22,5.487 
22,-0.205 
22,2.096 
22,-0.193 
22,-0.162 
22,-325.670 
22,-0.229 
22,-33.107 
22,-11.122 
22,-5.831 
22,-100.000 
23,-0.049 
22,-3.085 
23,-0.079 
23,-0.208 
23,-30.822 
23,28.889 
22,-81.680 
23,-262.527 
23,-7.046 
23,-10.179 
23,-23.847 
22,-100.000 
23,-0.049 
23,-0.079 
23,-200.370 
23,-4.020 
23,-100.000 
23,116.851 
24,-0.049 
23,-1.751 
24,-5.416 
24,-0.249 
23,2.043 
24,2.586 
24,2.785 
24,4.422 
23,-36.568 
24,-0.360 
23,32.258 
24,-60.221 
24,-289.827 
24,-100.000 
25,-0.049 
25,-4.953 
25,-5.580 
25,-3.334 
25,-2.745 
25,-3.093 
25,-349.955 
25,-12.801 
25,23.239 
23,-100.000 
24,-0.049 
24,-0.079 
24,-0.612 
24,4.677 
25,-100.000 
24,-0.217 
26,-0.049 
26,-0.223 
26,-0.219 
24,-3.430 
26,2.260 
26,59.242 
24,4.865 
24,-5.969 
26,-5.437 
26,4.819 
24,-372.987 
26,-0.624 
26,-416.172 
26,-100.000 
27,-0.049 
27,-0.223 
27,-3.290 
27,2.609 
27,-26.294 
27,-127.211 
27,23.102 
27,-12.897 
27,-141.082 
27,-100.000 
28,-0.049 
28,-2.479 
28,-0.373 
28,-5.668 
28,5.328 
28,135.812 
28,-127.202 
28,2.480 
28,-3.383 
24,-100.000 
25,-0.049 
25,-0.079 
25,-62.249 
25,-236.572 
25,-122.282 
25,-10.093 
25,2.562 
25,2.695 
25,23.119 
25,-100.000 
26,-0.049 
26,-0.116 
26,-0.238 
26,-0.280 
26,-3.378 
26,4.555 
28,-100.000 
29,-0.207 
26,-172.622 
29,-0.223 
29,-5.864 
26,2.673 
29,4.921 
29,-5.203 
29,-0.270 
26,197.495 
29,-3.088 
26,-100.000 
27,-0.049 
29,-3.348 
27,-0.223 
27,61.812 
27,2.161 
27,-6.034 
29,42.084 
27,2.479 
29,-100.000 
27,4.733 
30,-0.207 
30,-0.260 
30,-0.249 
27,-392.598 
30,-0.218 
30,-181.955 
30,-138.509 
30,-0.286 
30,-3.961 
27,-3.635 
30,12.163 
27,-100.000 
28,-0.156 
28,-0.378 
28,-0.399 
28,-0.529 
28,-0.478 
30,-100.000 
31,-0.049 
31,3.072 
28,-62.506 
28,-0.371 
31,-202.770 
31,-36.003 
28,-19.466 
31,-3.031 
31,-12.736 
28,-5.256 
31,-3.283 
31,-23.874 
28,-100.000 
29,-0.049 
31,-127.317 
29,-0.079 
29,-62.249 
29,-0.239 
29,-0.387 
29,-0.315 
29,-0.371 
29,-8.295 
29,-215.643 
29,-100.000 
30,-0.049 
30,-0.079 
30,-0.089 
30,-0.142 
30,-0.217 
31,-100.000 
32,-0.049 
30,-0.271 
32,-0.223 
32,-5.864 
32,-5.188 
30,-0.456 
32,-0.300 
32,-3.293 
32,119.827 
30,-275.645 
30,-91.685 
32,-3.135 
30,-100.000 
31,-0.049 
32,-141.082 
31,-0.223 
31,61.693 
31,-0.314 
31,-0.389 
31,-0.563 
32,-100.000 
31,-19.274 
33,-0.207 
33,-0.223 
33,-5.549 
33,-3.289 
33,-5.042 
33,-120.502 
31,-5.994 
33,-264.956 
31,-386.521 
31,-100.000 
33,-12.861 
32,-0.049 
32,-0.171 
32,-0.193 
32,-0.162 
32,-214.569 
33,-3.249 
32,-0.364 
32,-122.522 
32,-18.538 
33,-100.000 
34,-0.049 
34,-5.724 
34,3.680 
32,-3.235 
34,-3.150 
34,-2.854 
34,117.019 
34,-23.826 
34,197.472 
34,-25.732 
32,-100.000 
33,-0.049 
33,-0.223 
33,-0.410 
33,-0.420 
33,-0.561 
33,-16.295 
33,89.443 
33,-3.436 
33,-3.305 
33,-100.000 
34,219.946 
34,-0.049 
35,-0.156 
34,-5.724 
35,-0.171 
34,-3.012 
35,-0.285 
34,-0.261 
35,7.951 
34,-3.288 
35,2.261 
34,2.129 
35,-5.620 
35,1.532 
34,-5.181 
35,-62.836 
34,-342.277 
34,24.915 
35,-5.952 
35,-100.000 
36,-0.049 
36,-0.116 
36,-0.249 
36,0.046 
36,2.196 
36,-60.567 
36,82.000 
34,-100.000 
35,-0.156 
35,-0.296 
36,22.626 
35,-0.278 
35,-0.358 
35,-0.312 
35,-0.227 
36,-3.851 
35,-0.284 
35,61.634 
35,-365.691 
35,-100.000 
36,-0.049 
36,-0.198 
36,-122.219 
36,-29.489 
36,23.251 
36,-5.222 
36,-12.896 
36,-100.000 
37,-0.049 
37,-0.223 
36,-140.863 
37,-62.249 
37,-0.314 
37,-0.286 
37,140.052 
36,-36.283 
36,-100.000 
37,-6.651 
37,-0.049 
37,-127.419 
37,-0.079 
37,-0.208 
37,71.032 
37,-0.524 
37,1.185 
37,-3.447 
37,-24.109 
37,-36.320 
37,-1.959 
37,-100.000 
38,-0.207 
38,-0.223 
38,-0.278 
38,-5.114 
38,-5.493 
38,96.466 
38,0.993 
38,-260.189 
38,-3.175 
38,-100.000 
39,-0.094 
39,-0.260 
39,-0.410 
39,0.766 
39,137.642 
39,-14.194 
39,-117.585 
39,-24.077 
39,2.570 
39,-100.000 
40,-0.049 
40,-0.079 
40,-0.281 
40,-0.264 
40,-0.345 
40,-0.319 
40,74.315 
40,-200.916 
40,5.081 
37,115.819 
38,-0.049 
38,-4.953 
40,-100.000 
38,-2.489 
38,-3.002 
41,-0.049 
38,-5.813 
41,-3.150 
41,-0.219 
38,5.172 
41,4.921 
38,-3.359 
41,5.316 
41,10.960 
41,-127.453 
38,-0.464 
41,22.906 
38,0.000 
39,-0.049 
39,-0.378 
39,-0.373 
39,-0.734 
39,-6.068 
39,4.613 
39,-64.820 
41,-265.212 
39,-198.765 
41,-100.000 
42,-0.049 
42,-0.171 
42,-0.167 
42,-23.693 
42,-7.019 
42,-30.910 
42,199.944 
42,-16.575 
42,116.804 
39,116.265 
39,-100.000 
40,-0.094 
40,-0.116 
40,-0.238 
40,1.920 
40,1.623 
40,-6.366 
40,61.312 
40,-379.027 
40,-3.668 
40,-100.000 
41,-0.094 
41,-0.278 
41,-0.281 
42,184.341 
41,-0.379 
41,61.583 
43,-0.049 
43,-0.223 
41,-0.657 
43,-0.249 
41,-0.564 
43,-60.113 
41,-0.676 
43,-7.207 
43,-0.453 
41,1.125 
43,137.532 
43,-11.690 
43,116.659 
43,303.258 
44,-0.049 
44,-0.171 
44,-0.278 
41,-100.000 
42,-0.094 
44,-9.222 
42,-0.116 
42,-0.119 
42,-0.264 
44,-260.418 
42,6.926 
44,-127.314 
42,-5.325 
44,-25.629 
42,-112.514 
42,-12.962 
44,-12.888 
42,0.000 
43,-0.049 
43,-5.724 
43,-10.162 
43,25.038 
43,-23.822 
44,2.732 
43,2.870 
43,117.028 
43,-2.922 
43,0.000 
44,-0.094 
44,-0.116 
44,30.320 
44,-100.000 
44,121.748 
45,-0.156 
45,-0.171 
44,-200.508 
45,-0.278 
44,-14.019 
45,61.673 
44,-23.985 
45,-0.300 
45,-0.388 
45,-15.662 
45,-3.467 
45,5.274 
44,-3.395 
44,0.000 
45,-0.094 
45,-0.205 
45,-0.399 
45,-0.368 
45,-176.480 
45,-200.688 
45,-100.000 
45,-12.809 
46,-0.049 
46,-0.079 
45,2.480 
46,-0.119 
45,12.135 
46,-0.102 
46,-0.227 
46,-353.183 
46,-6.414 
46,-1.673 
46,-91.532 
46,-100.000 
47,-0.049 
47,-0.116 
47,-0.119 
47,-0.221 
47,-0.499 
47,-176.829 
47,-19.775 
47,0.812 
47,197.192 
45,-100.000 
46,-0.049 
46,-0.171 
46,-2.971 
46,-5.787 
46,-19.998 
46,-198.240 
46,-3.465 
46,-36.182 
46,0.000 
47,-0.049 
47,-0.223 
47,-0.278 
47,-0.445 
47,-0.400 
47,-0.315 
47,-62.402 
47,-0.365 
47,-340.688 
47,-100.000 
48,-0.207 
48,-0.296 
48,-53.004 
48,6.682 
48,-0.300 
48,-0.428 
48,8.614 
48,126.318 
48,-36.316 
48,285.416 
49,-0.049 
49,-0.198 
49,-122.219 
49,-31.145 
49,-200.788 
47,-100.000 
49,-7.490 
48,-0.156 
49,17.409 
48,-0.171 
48,23.178 
49,22.709 
48,199.814 
48,-31.036 
49,-3.515 
48,-3.687 
48,2.412 
48,116.619 
48,-1.901 
49,-100.000 
50,-0.049 
50,-0.171 
50,-0.373 
50,-2.922 
50,-5.297 
50,1.923 
50,-5.692 
50,2.286 
48,354.568 
50,-325.864 
49,-0.156 
49,-0.171 
49,-0.167 
49,-5.346 
49,-3.169 
49,-5.027 
49,5.457 
49,288.349 
49,24.958 
50,-100.000 
51,-0.094 
51,-0.116 
51,-0.119 
51,-0.218 
51,-0.167 
51,-53.071 
51,-23.879 
51,2.907 
51,140.235 
51,283.945 
52,-0.049 
52,-0.223 
52,-0.219 
52,-0.195 
52,61.761 
52,-0.377 
52,-314.513 
52,-0.456 
52,0.222 
52,-100.000 
53,-0.049 
53,-0.116 
53,-30.839 
53,-0.221 
53,-122.196 
53,199.916 
53,-5.001 
53,-91.814 
49,354.399 
50,-0.049 
50,-0.171 
50,-62.308 
50,-0.259 
53,-13.163 
50,-0.194 
50,-2.244 
50,-3.354 
50,-5.922 
50,-3.143 
50,-100.000 
53,-100.000 
51,-0.049 
54,-0.094 
51,-0.079 
54,-0.116 
51,7.738 
54,-0.193 
51,2.084 
54,53.784 
51,2.280 
51,324.733 
54,-29.575 
51,34.772 
54,-0.476 
54,-122.501 
51,-92.298 
54,-7.286 
54,-2.835 
54,-100.000 
55,-0.094 
51,-24.481 
55,-0.116 
55,-0.545 
55,-3.173 
55,-0.381 
55,-71.321 
51,555.738 
52,-0.094 
55,-198.218 
52,-0.116 
52,-0.399 
55,0.931 
52,114.593 
52,-0.478 
52,-200.688 
52,-7.237 
55,2.471 
52,-0.205 
52,0.000 
53,-0.156 
55,-100.000 
53,-23.722 
56,-0.094 
53,-31.064 
56,-0.116 
53,1.716 
56,-0.281 
53,-117.637 
56,-0.323 
56,-0.552 
56,-0.481 
53,197.334 
56,16.688 
56,6.667 
53,-13.022 
53,-3.535 
56,-3.856 
53,-3.138 
56,-100.000 
53,-100.000 
57,-0.094 
54,-0.049 
57,-0.278 
54,-0.079 
54,-0.208 
57,-0.281 
54,-13.521 
57,-0.264 
57,-11.072 
54,-0.423 
57,-2.974 
54,148.736 
57,-51.194 
54,24.307 
57,-24.036 
54,-3.955 
57,-1.749 
54,-29.956 
54,-100.000 
55,-0.207 
55,-0.223 
55,-0.337 
55,-0.659 
57,-100.000 
58,-0.049 
55,-0.609 
58,-3.150 
58,-0.373 
55,-62.569 
58,-3.153 
55,-8.497 
58,-0.387 
55,-5.331 
58,-5.954 
55,-331.266 
58,-64.761 
58,-5.087 
58,-5.520 
58,-100.000 
59,-0.049 
59,-0.116 
59,-0.119 
59,-0.368 
59,-0.317 
59,-186.674 
59,-122.285 
55,-100.000 
59,-0.400 
56,-0.049 
56,-4.953 
56,5.181 
56,-0.218 
56,-0.464 
59,-13.085 
56,-150.518 
56,-3.197 
56,-3.339 
56,-260.154 
56,-100.000 
57,-0.049 
57,-0.079 
57,-0.089 
57,-0.079 
57,0.336 
57,-0.359 
57,-2.675 
57,4.815 
59,-100.000 
60,-0.049 
60,200.202 
60,-30.720 
60,-0.102 
60,121.828 
60,1.690 
57,0.000 
60,23.040 
58,-0.049 
58,-122.091 
58,-30.720 
58,-7.125 
58,202.497 
58,-3.093 
60,-91.647 
58,-13.058 
60,11.913 
58,22.947 
60,419.101 
61,-0.049 
58,-91.706 
61,-0.079 
61,-8.134 
61,-0.348 
61,4.822 
58,-100.000 
59,-0.049 
61,-5.400 
59,-0.171 
59,-0.278 
59,-0.239 
61,-3.505 
59,-175.037 
59,-11.525 
59,-3.372 
61,-319.616 
59,-260.362 
61,-3.278 
59,0.964 
59,-100.000 
60,-0.049 
60,-4.953 
60,-0.373 
60,142.062 
60,-202.985 
60,-3.311 
60,-36.217 
60,-13.051 
60,-3.278 
61,-100.000 
62,-0.049 
62,-7.000 
62,-30.720 
62,-122.114 
62,-200.347 
62,-23.796 
62,-33.065 
62,-0.204 
62,-18.050 
60,-100.000 
61,-0.049 
61,-0.079 
61,-0.373 
61,-0.348 
61,-152.906 
61,-0.359 
62,-100.000 
61,-29.505 
63,-0.207 
63,-62.254 
63,-2.619 
61,137.801 
63,-5.959 
63,-3.074 
61,-1.339 
61,-100.000 
63,174.669 
62,-0.156 
62,-0.205 
63,25.015 
62,-0.193 
63,-23.709 
62,-0.280 
62,-0.466 
62,-16.445 
62,5.134 
63,116.886 
63,359.178 
64,-0.049 
64,-0.079 
64,-0.089 
64,-6.395 
62,-125.595 
64,-2.854 
64,-210.472 
64,24.927 
62,197.170 
64,-24.036 
64,0.000 
65,-0.049 
65,-0.079 
65,-122.101 
65,-0.198 
65,-200.449 
65,6.684 
62,190.408 
63,-0.049 
65,1.502 
63,5.022 
63,33.472 
63,2.527 
63,201.776 
65,-91.464 
63,-127.735 
65,-23.657 
63,11.675 
63,-92.061 
65,-100.000 
66,-0.049 
63,-24.244 
66,-0.198 
66,-0.208 
66,-85.507 
66,-0.524 
66,-19.616 
66,-25.708 
66,-3.115 
63,-100.000 
64,-0.049 
64,-0.171 
66,-23.939 
64,2.904 
64,4.977 
64,1.848 
64,-62.580 
64,-5.319 
64,58.857 
64,-13.066 
64,-100.000 
65,-0.049 
65,-0.223 
65,-5.549 
65,1.389 
65,-264.998 
65,-127.263 
65,-23.834 
65,-12.843 
65,-3.204 
65,-100.000 
66,-100.000 
66,-0.049 
67,-0.094 
66,-0.079 
67,-0.116 
66,-0.208 
67,-0.249 
67,-62.410 
66,-0.261 
67,-0.329 
66,-13.807 
67,-0.258 
67,-0.165 
66,88.236 
67,96.078 
67,-7.231 
66,-198.069 
67,-100.000 
66,-36.137 
68,-0.049 
66,-3.147 
68,-0.079 
68,-0.089 
68,23.202 
68,199.977 
68,-122.252 
68,30.285 
68,-7.245 
66,-100.000 
67,-0.156 
67,-0.171 
67,-0.167 
67,-30.614 
67,-122.316 
67,3.938 
67,-198.393 
68,-0.496 
67,-36.301 
67,-91.502 
67,-100.000 
68,-0.049 
68,-0.171 
68,-0.193 
68,-0.323 
68,213.701 
68,-122.492 
68,-0.508 
68,-9.453 
68,-3.576 
68,-100.000 
69,-0.049 
69,-4.953 
69,-0.167 
69,2.810 
69,-2.735 
69,5.023 
69,-312.438 
68,-100.000 
69,2.288 
69,-0.094 
69,-0.205 
69,-91.619 
69,-5.699 
69,-3.600 
69,-100.000 
69,-5.352 
70,-0.049 
70,-0.116 
69,-126.317 
70,2.781 
70,-4.977 
70,-3.136 
70,2.677 
69,-29.546 
70,-5.696 
69,-264.958 
70,-0.162 
69,-3.186 
69,-100.000 
70,-0.049 
70,-0.079 
70,-0.089 
70,-0.102 
70,-0.110 
70,-4.861 
70,-88.744 
70,0.000 
71,-0.207 
70,-3.128 
71,-0.296 
70,-1.588 
71,-0.278 
71,61.791 
70,-100.000 
71,-0.704 
71,-0.049 
71,-5.215 
71,3.072 
71,-23.717 
71,-5.888 
71,-12.708 
71,-3.021 
71,-203.040 
71,-36.497 
71,-324.392 
71,2.467 
71,24.888 
71,-100.000 
72,-0.049 
72,-3.150 
72,5.556 
72,-5.402 
72,2.216 
72,-0.158 
72,-264.572 
72,-127.004 
72,0.000 
73,-0.049 
71,-127.758 
73,-0.079 
73,-0.281 
73,-3.760 
73,2.055 
71,-100.000 
73,-62.407 
72,-0.049 
72,-0.079 
73,5.240 
72,1.596 
73,-3.379 
72,1.965 
72,5.239 
72,-62.475 
72,2.087 
73,-0.413 
73,-100.000 
72,-5.908 
74,-0.156 
74,-0.171 
74,-0.167 
74,-0.261 
72,-0.717 
74,-8.698 
74,-227.342 
74,-33.186 
74,-25.505 
72,281.030 
73,-0.049 
74,-12.862 
73,-0.079 
73,-0.208 
74,-100.000 
73,78.072 
75,-0.156 
73,-23.973 
75,-0.171 
75,-0.167 
75,-5.613 
75,-5.862 
73,3.004 
75,-2.957 
75,166.470 
73,-36.293 
75,117.054 
73,-3.513 
75,0.000 
76,-0.156 
76,-0.205 
76,-0.399 
76,-0.465 
73,-91.545 
76,-0.400 
76,-0.476 
73,-100.000 
74,-0.156 
74,-0.171 
74,-0.167 
76,-10.931 
74,-145.823 
76,-59.996 
74,-1.417 
76,-2.364 
74,2.800 
74,28.933 
76,-100.000 
74,-1.520 
77,-0.156 
77,-0.205 
74,-36.261 
77,-54.345 
77,121.731 
77,-0.229 
77,-200.558 
77,-0.423 
74,-100.000 
77,-7.439 
75,-0.049 
75,-0.223 
75,-29.394 
75,-0.114 
77,-16.344 
75,-3.074 
75,126.561 
75,35.496 
75,-12.861 
75,-141.053 
75,-100.000 
76,-0.049 
76,-0.378 
77,-100.000 
76,-0.373 
78,-0.049 
76,-0.467 
78,200.083 
76,-0.423 
78,-23.836 
78,-122.273 
76,1.692 
78,-1.100 
78,90.778 
76,233.273 
78,-12.896 
78,-25.666 
76,-36.419 
78,2.304 
76,-91.621 
76,-100.000 
77,-0.207 
77,-62.254 
77,-0.219 
78,121.088 
77,-0.314 
79,-0.049 
77,-8.389 
79,-0.116 
79,-0.463 
77,-3.277 
79,-0.529 
77,-103.917 
79,-83.790 
77,2.546 
79,-138.748 
79,6.410 
77,-25.746 
79,-9.249 
79,116.658 
79,-100.000 
80,-0.156 
80,-0.171 
80,-0.278 
80,4.516 
80,2.534 
80,118.874 
80,-3.372 
80,-36.342 
80,-265.008 
80,-100.000 
81,-0.156 
81,-0.205 
77,-100.000 
81,-0.355 
81,-0.323 
78,-0.207 
81,6.818 
78,-0.296 
81,-179.914 
78,-62.308 
78,-0.445 
78,-5.591 
78,-6.073 
81,-3.579 
78,150.995 
81,197.483 
78,-25.666 
78,-3.410 
81,-12.952 
81,-100.000 
82,-0.049 
82,-0.079 
82,-0.167 
82,-0.261 
82,-0.217 
82,-152.636 
82,-200.556 
82,-1.664 
82,24.870 
78,218.804 
79,-0.094 
79,-5.416 
79,-0.249 
79,-3.450 
79,5.198 
79,-5.251 
79,63.907 
79,-3.337 
79,-392.544 
82,-100.000 
83,-0.207 
83,-0.296 
83,-62.308 
83,-0.239 
83,-0.300 
83,-0.227 
83,-0.241 
83,-185.400 
83,5.053 
83,-100.000 
84,-0.156 
84,-0.171 
84,-0.373 
84,-1.119 
84,-142.216 
84,24.937 
84,-3.315 
84,197.320 
84,-3.502 
79,-100.000 
80,-0.156 
80,23.173 
80,-122.385 
80,-200.630 
80,-0.304 
80,-7.714 
80,-36.335 
84,-100.000 
80,-91.571 
85,-0.049 
80,-3.143 
85,-0.223 
85,-0.337 
85,7.394 
85,-6.152 
85,88.267 
85,139.934 
80,-100.000 
81,-0.156 
85,-36.509 
81,-0.171 
81,-0.278 
81,-5.114 
85,-24.203 
81,-3.252 
81,-171.808 
81,2.680 
81,-140.863 
85,234.809 
86,-0.156 
86,23.379 
86,-3.318 
81,-36.121 
86,116.789 
86,-3.108 
86,-3.311 
81,-100.000 
86,-1.551 
82,-0.156 
82,-0.378 
86,-198.053 
82,-0.373 
82,-0.467 
82,-0.423 
82,-0.359 
86,0.000 
82,7.340 
87,-0.049 
87,-0.079 
87,-0.127 
82,-5.700 
87,-36.122 
87,12.144 
87,-127.412 
87,202.231 
87,2.094 
87,-24.337 
82,60.758 
87,-100.000 
88,-0.207 
88,-0.223 
88,-0.484 
88,-0.445 
88,-6.012 
88,-262.621 
88,-122.342 
88,-16.514 
88,-36.283 
82,-100.000 
88,-100.000 
89,-0.049 
83,-0.156 
89,-0.079 
83,-0.171 
89,-0.373 
83,2.431 
89,-0.529 
89,-62.592 
83,-2.748 
89,-0.476 
83,-5.297 
83,-349.354 
89,-0.651 
83,-3.346 
89,-17.016 
83,-25.625 
83,-1.749 
89,-402.232 
89,-100.000 
90,-0.156 
90,-0.475 
90,-0.463 
90,-0.551 
90,-68.359 
90,-0.547 
90,-7.377 
90,199.699 
90,-16.408 
83,-100.000 
84,-0.049 
84,-122.091 
84,-0.089 
84,-0.079 
84,-29.327 
84,-262.518 
84,-7.282 
84,-12.574 
84,23.326 
84,-100.000 
85,-0.049 
85,-23.722 
85,-200.654 
85,-0.467 
85,-0.423 
85,32.428 
85,-0.083 
85,-36.503 
85,126.428 
85,-100.000 
86,-0.049 
86,-0.171 
86,-0.285 
86,16.369 
86,199.946 
86,30.002 
86,1.688 
86,-127.490 
86,-3.782 
90,-100.000 
91,-0.049 
91,-0.278 
91,-0.355 
91,-7.580 
91,-200.759 
91,2.133 
91,-117.733 
91,-13.170 
91,2.212 
91,-100.000 
92,-0.049 
92,-0.079 
92,-0.119 
92,-0.264 
86,-100.000 
92,-10.501 
92,-227.402 
87,-0.156 
87,-0.475 
92,-23.985 
87,-0.463 
92,-127.210 
87,-0.432 
92,-3.116 
87,-0.381 
87,-0.428 
87,-0.456 
87,-4.520 
87,-373.364 
92,-100.000 
93,-0.049 
93,-0.116 
93,-0.119 
93,-30.822 
93,-2.303 
93,-203.046 
87,-100.000 
93,-12.973 
88,-0.094 
88,-0.116 
93,-23.863 
88,-0.193 
88,-0.162 
88,-0.110 
88,-0.158 
93,-33.064 
88,74.595 
93,-100.000 
88,-14.527 
94,-0.049 
94,-0.223 
88,-29.353 
94,-0.219 
94,-0.218 
94,-0.194 
94,-0.270 
88,-100.000 
94,-62.475 
89,-0.049 
89,-0.079 
89,-0.089 
89,-30.703 
94,-15.941 
94,2.570 
89,-7.148 
89,-23.751 
89,121.783 
89,-200.518 
94,-100.000 
89,0.561 
95,-0.049 
95,-30.717 
95,-0.281 
89,-100.000 
95,-0.264 
95,-122.239 
90,-0.049 
95,-7.045 
90,-0.171 
90,-0.167 
95,12.116 
90,-0.162 
90,-62.224 
95,-29.589 
90,4.626 
90,-3.442 
90,-239.905 
90,-127.107 
95,-265.114 
95,-100.000 
96,-0.049 
96,-0.223 
96,-59.849 
96,2.491 
96,-232.878 
96,0.951 
96,2.710 
90,-100.000 
96,-25.876 
91,-0.049 
96,116.455 
91,-0.079 
91,-2.159 
91,-0.348 
91,142.107 
91,-1.635 
91,197.488 
91,24.697 
91,2.360 
91,601.833 
96,-100.000 
92,-0.049 
92,-62.254 
97,-0.049 
97,-0.116 
92,-0.249 
97,-0.119 
92,-0.337 
97,30.499 
92,-0.523 
97,-8.784 
97,-198.009 
97,-1.446 
92,-199.308 
97,-117.449 
92,-23.910 
92,6.567 
97,0.000 
98,-0.207 
98,-0.223 
98,-0.219 
92,-6.386 
98,-29.370 
98,-138.402 
98,-23.654 
92,-100.000 
93,-0.207 
98,-30.766 
98,121.853 
93,-0.223 
93,-0.410 
93,-0.379 
98,-7.054 
93,-6.399 
93,-60.007 
93,-334.078 
93,2.509 
98,-100.000 
99,-0.049 
93,-3.516 
99,-0.198 
99,-0.445 
99,-122.447 
99,-31.022 
99,-7.286 
99,6.608 
99,-198.591 
99,22.970 
99,-100.000 
100,-0.207 
100,-0.223 
100,-0.219 
100,0.072 
100,-0.387 
100,-6.073 
100,-5.442 
93,-100.000 
94,-0.156 
100,-60.199 
94,-0.296 
94,-5.902 
94,-3.391 
94,24.837 
100,-6.199 
94,-265.090 
94,-3.197 
94,-1.662 
100,-100.000 
101,-0.207 
101,-0.223 
101,-0.219 
101,-0.379 
101,-62.639 
101,-0.657 
101,-0.564 
101,-115.140 
101,-7.820 
94,-3.313 
101,-100.000 
102,-0.207 
102,-0.223 
102,-0.278 
102,-5.884 
102,4.575 
102,-112.958 
94,-100.000 
102,24.738 
95,-0.049 
102,-3.716 
95,-122.091 
95,-0.089 
102,-260.650 
95,-200.479 
95,-13.665 
95,-12.922 
102,-100.000 
95,-36.673 
103,-0.049 
103,-0.116 
95,-24.228 
103,-0.193 
103,-0.323 
103,-13.723 
103,-3.087 
103,-6.241 
95,-3.470 
103,-333.598 
103,2.331 
95,-100.000 
96,-0.049 
96,-0.079 
96,-0.208 
96,-62.344 
96,-107.833 
96,-0.325 
96,-31.167 
96,-24.196 
96,6.183 
96,-100.000 
97,-0.207 
97,-0.223 
97,-0.219 
97,-0.314 
97,-0.270 
97,61.705 
97,-0.566 
97,1.008 
103,-100.000 
104,-0.156 
104,-0.171 
104,-0.167 
97,-392.867 
104,-0.162 
104,-2.085 
104,5.487 
104,-2.990 
97,-100.000 
98,-0.156 
98,-0.171 
104,-3.146 
98,-0.278 
98,-0.239 
98,-0.300 
98,-11.742 
98,-5.236 
98,64.068 
98,-5.779 
104,0.000 
98,-100.000 
105,-0.207 
99,-0.049 
105,-0.223 
99,-0.223 
105,-0.278 
99,2.467 
105,-5.114 
99,4.641 
99,4.638 
105,-6.032 
105,-3.380 
99,-0.948 
105,4.929 
99,-3.914 
105,59.266 
99,-47.223 
105,-3.262 
99,135.070 
99,-100.000 
100,-0.049 
100,-0.079 
100,-0.089 
100,-0.195 
100,-0.181 
100,-0.270 
100,-0.284 
100,-62.427 
105,-100.000 
106,-0.049 
106,-2.883 
100,231.437 
106,-5.853 
106,-0.261 
100,171.997 
106,-2.854 
101,-0.207 
106,-5.470 
101,61.808 
101,-0.219 
101,-0.314 
106,4.628 
101,-0.286 
106,-387.078 
101,-0.334 
106,-3.502 
101,-11.095 
101,-148.413 
101,2.359 
101,-100.000 
102,-0.049 
102,-0.079 
102,-0.555 
102,-127.084 
102,24.956 
102,-29.552 
102,-260.198 
102,-3.247 
102,-1.441 
106,-100.000 
107,-0.049 
107,-0.079 
107,-30.720 
107,-0.221 
107,6.500 
107,-9.737 
107,197.593 
107,-127.197 
107,-23.939 
102,-100.000 
107,-100.000 
108,-0.094 
103,-0.156 
108,-0.278 
103,-0.171 
108,-0.355 
103,-2.971 
108,-10.497 
103,2.258 
108,-3.282 
103,4.658 
108,-0.476 
103,-3.224 
108,-6.016 
108,-209.473 
108,140.430 
108,-100.000 
103,-5.832 
103,-5.698 
109,-0.156 
109,-0.378 
109,-0.373 
103,-264.845 
109,-145.911 
109,30.123 
109,-7.328 
109,-200.597 
109,-0.324 
109,-4.674 
103,-100.000 
104,-0.049 
104,-0.278 
104,-0.281 
104,-0.264 
104,-0.227 
104,-0.450 
104,-2.926 
104,-0.485 
104,-142.967 
109,-100.000 
110,-0.049 
110,-0.198 
110,-0.208 
104,-100.000 
105,-0.156 
110,-0.261 
105,-23.722 
110,-10.295 
105,2.866 
110,-5.728 
105,-127.147 
110,-373.630 
110,-12.911 
105,2.617 
105,202.291 
105,-12.872 
105,-36.256 
110,2.738 
110,-100.000 
105,-3.309 
111,-0.207 
111,-0.223 
111,-0.219 
111,-62.226 
111,-0.329 
111,-0.476 
111,-0.651 
111,11.916 
111,-6.544 
111,-100.000 
105,-100.000 
112,-0.207 
106,-0.094 
112,-0.260 
106,-0.116 
112,-62.441 
106,-0.119 
112,-0.420 
106,-0.368 
106,-6.139 
112,-0.355 
112,-0.550 
106,-3.435 
112,-399.144 
106,148.771 
106,-127.447 
106,-13.115 
112,3.458 
112,-3.099 
112,-100.000 
113,-0.049 
113,-2.479 
113,-0.373 
113,-5.223 
113,-342.996 
113,-3.163 
106,104.682 
107,-0.049 
113,-12.841 
107,-0.079 
107,121.804 
113,-36.225 
107,6.723 
107,-30.785 
107,-23.915 
107,-29.504 
107,-21.979 
107,2.893 
113,-3.502 
113,-100.000 
114,-0.207 
114,-0.223 
114,-0.337 
114,-9.029 
114,-5.382 
114,-155.400 
114,140.171 
107,211.948 
108,-0.207 
114,-3.181 
108,-0.223 
108,-0.337 
108,-9.029 
114,-23.776 
108,2.534 
114,-100.000 
108,-5.081 
115,-0.094 
108,-155.198 
115,-0.260 
115,-0.410 
115,-67.077 
115,7.185 
115,-118.074 
115,-265.558 
108,35.606 
115,22.832 
115,-3.645 
108,-264.996 
115,-100.000 
116,-0.207 
108,-100.000 
116,-0.223 
109,-0.049 
116,-0.219 
109,-0.079 
116,-0.314 
109,-0.089 
116,-62.301 
109,-193.558 
116,-11.515 
109,-122.299 
109,-0.356 
116,-0.243 
109,-11.291 
109,-25.655 
116,-5.739 
116,-64.059 
109,-91.490 
116,-100.000 
117,-0.207 
117,-0.223 
117,-5.864 
117,-5.679 
117,-3.680 
117,2.147 
117,62.581 
117,-24.388 
117,-127.785 
117,-100.000 
118,-0.207 
118,-0.223 
118,-29.394 
118,6.726 
118,-0.270 
118,-30.816 
118,23.222 
118,-9.737 
118,-117.638 
109,-100.000 
110,-0.049 
110,-0.171 
110,-2.971 
110,-5.462 
118,-100.000 
110,5.416 
110,-64.382 
119,-0.207 
110,197.695 
119,-0.296 
119,-0.278 
119,-62.270 
110,-3.383 
119,-316.849 
110,116.600 
119,-0.309 
119,-0.330 
119,-7.134 
119,-1.101 
119,-100.000 
120,-0.207 
110,1097.457 
120,-0.223 
111,-0.156 
120,25.805 
111,-0.205 
120,-264.907 
111,-0.193 
111,-0.280 
120,2.920 
111,-0.466 
120,-23.860 
120,24.930 
111,2.224 
111,-62.746 
120,-127.251 
111,-5.627 
120,-1.615 
111,-104.153 
111,-100.000 
120,-100.000 
112,-0.049 
121,-0.207 
112,-7.000 
121,-0.223 
112,-0.208 
121,-0.410 
121,-0.420 
112,-30.983 
121,-205.693 
121,6.533 
112,-17.246 
121,-262.875 
112,-202.970 
121,-0.645 
112,-23.779 
112,116.782 
121,-0.501 
112,0.000 
113,-0.049 
113,-0.171 
113,-0.193 
113,53.784 
113,-122.328 
113,-1.137 
113,-202.954 
121,-100.000 
113,32.652 
122,-0.207 
122,-0.296 
122,-0.575 
113,1.056 
122,-0.529 
122,-0.464 
113,-100.000 
122,2.652 
114,-0.049 
122,-35.441 
114,-0.079 
122,-117.642 
114,200.073 
114,-7.119 
114,-0.405 
122,-265.072 
114,-122.368 
114,-12.484 
122,-100.000 
123,-0.207 
114,23.142 
123,-0.223 
123,-0.219 
114,24.548 
123,92.523 
123,4.714 
123,-24.010 
123,140.289 
123,-36.297 
123,2.463 
123,221.971 
124,-0.207 
124,-0.296 
124,-0.278 
124,-62.389 
124,-0.506 
124,-0.428 
114,-100.000 
124,-0.449 
115,-0.207 
124,-0.322 
115,-0.223 
115,61.693 
124,-9.152 
115,-0.551 
115,-236.885 
115,-0.444 
115,-5.106 
124,-100.000 
125,-0.207 
115,-127.263 
125,-0.223 
125,-0.337 
115,35.498 
125,-0.314 
115,-100.000 
125,-0.270 
116,-0.049 
116,-0.171 
125,-0.215 
116,-0.373 
125,-127.751 
116,-0.348 
116,-231.176 
125,-7.785 
116,-0.596 
116,-122.643 
116,-11.183 
125,23.071 
116,-36.612 
125,-100.000 
126,-0.049 
126,2.873 
126,1.955 
126,5.210 
126,-62.538 
126,-0.665 
126,-5.866 
116,-100.000 
117,-0.207 
117,-0.223 
117,-0.337 
117,-62.344 
117,-0.507 
117,163.622 
117,23.071 
126,2.007 
117,-31.439 
117,121.113 
126,-5.527 
117,369.270 
118,-0.156 
118,23.379 
118,199.908 
118,-91.651 
118,-0.506 
118,29.845 
118,5.871 
118,-0.925 
126,-100.000 
118,-23.152 
127,-0.049 
127,-0.198 
127,-0.238 
127,-0.221 
127,-0.286 
127,129.906 
127,137.727 
127,-24.589 
127,-24.008 
118,-100.000 
119,-0.049 
127,352.043 
119,-0.079 
128,-0.207 
119,-0.167 
128,-0.223 
119,-8.187 
128,-0.484 
128,-53.171 
119,-2.902 
119,-220.215 
128,-0.387 
119,-3.346 
128,-30.916 
128,121.683 
128,137.810 
128,4.740 
119,24.977 
119,116.664 
119,-100.000 
120,-0.207 
120,-0.296 
120,-0.278 
128,223.572 
120,-0.239 
120,2.393 
129,-0.049 
120,-3.026 
129,23.379 
120,-42.896 
129,121.726 
129,-29.533 
120,-127.217 
129,-7.221 
129,1.922 
129,35.057 
129,-265.549 
129,-3.735 
129,-100.000 
130,-0.094 
130,-0.205 
120,140.219 
130,-0.193 
130,-0.323 
130,207.060 
130,6.440 
120,-100.000 
130,-0.508 
130,-122.616 
121,-0.049 
121,-0.116 
121,-8.223 
121,-33.855 
121,2.887 
130,-21.577 
121,-23.979 
121,-29.568 
121,-127.154 
121,1.034 
121,-100.000 
122,-0.049 
122,-2.883 
122,-5.853 
122,4.677 
122,4.954 
122,-0.377 
122,-64.717 
122,-0.365 
122,-57.563 
130,-100.000 
131,-0.049 
131,-0.079 
122,-100.000 
131,-0.167 
131,-0.142 
123,-0.049 
131,-0.181 
123,-0.079 
131,-0.222 
123,-0.119 
131,75.846 
123,-0.264 
123,61.702 
131,-262.762 
123,-260.434 
131,-11.435 
123,-122.578 
131,-100.000 
132,-0.049 
132,2.954 
123,-7.776 
132,126.441 
132,-13.001 
132,-36.322 
132,-203.046 
132,-23.855 
123,-16.297 
132,2.521 
132,-3.430 
123,-100.000 
124,-0.049 
124,-0.079 
124,-200.370 
124,-23.899 
124,-30.918 
124,-9.487 
124,0.884 
124,116.619 
124,2.416 
124,-100.000 
125,-0.049 
125,200.083 
125,121.567 
125,-10.861 
125,-12.971 
125,-3.279 
125,-36.631 
132,-100.000 
125,-24.186 
133,-0.094 
133,5.022 
133,33.472 
133,-127.150 
133,-3.031 
133,-23.751 
125,2.566 
133,-12.794 
133,-3.426 
133,202.177 
133,-100.000 
134,-0.049 
134,-0.198 
134,-6.083 
134,-5.072 
134,-5.645 
134,-2.689 
134,-6.095 
134,-0.355 
134,-67.954 
134,-100.000 
135,-0.207 
135,-0.296 
135,-0.278 
135,-0.239 
135,-0.387 
135,-2.728 
135,-64.761 
135,-5.665 
135,-3.305 
135,-100.000 
136,-0.049 
136,2.873 
136,4.429 
136,4.358 
136,-6.550 
136,1.955 
136,-3.173 
136,-62.767 
136,-320.675 
136,-100.000 
137,-0.049 
137,-0.079 
137,200.192 
125,1054.553 
137,2.283 
126,-0.049 
137,-2.972 
137,12.210 
126,-0.079 
137,-127.292 
126,-0.208 
137,23.023 
126,-0.198 
126,-0.507 
126,-160.103 
126,-24.265 
126,-29.820 
137,-91.637 
126,11.502 
137,-100.000 
138,-0.207 
138,61.808 
138,-2.619 
138,-5.069 
138,-110.747 
138,23.241 
126,-100.000 
138,-3.401 
127,-0.207 
138,-1.489 
127,-0.223 
127,-0.484 
127,-6.090 
127,-5.262 
127,72.628 
138,-25.522 
127,-36.229 
127,-265.077 
127,-3.025 
138,-100.000 
139,-0.207 
139,-0.223 
139,-0.278 
127,-100.000 
139,-0.259 
128,-0.049 
128,-23.722 
139,-11.138 
128,-200.448 
139,-3.031 
139,-3.399 
128,6.660 
128,-91.506 
128,121.553 
139,-59.834 
128,-31.122 
128,-0.396 
139,-174.349 
139,-100.000 
140,-0.207 
128,-0.608 
140,-0.223 
140,-0.337 
140,-0.358 
140,-0.537 
140,-0.464 
128,-100.000 
140,-19.456 
129,-0.049 
129,-0.079 
140,-154.650 
129,-0.208 
140,-3.219 
129,-0.261 
129,-0.552 
140,-100.000 
129,-0.481 
141,-0.207 
141,-0.223 
141,-0.278 
129,-0.788 
141,-62.389 
141,-0.506 
129,16.400 
141,-0.756 
129,90.513 
141,-347.920 
141,-7.447 
129,-100.000 
141,-13.652 
130,-0.049 
130,-0.079 
130,-0.008 
130,2.606 
130,35.394 
130,-24.031 
141,-100.000 
142,-0.049 
130,11.778 
142,-0.198 
142,-0.208 
142,-7.119 
142,121.725 
142,-30.847 
142,2.549 
142,-203.154 
130,-203.359 
130,-127.552 
142,-91.608 
130,-100.000 
131,-0.049 
131,-0.223 
131,-0.219 
131,2.646 
131,-5.144 
142,-100.000 
131,-59.956 
143,-0.049 
143,-2.479 
131,58.806 
143,196.922 
143,-91.519 
131,-36.476 
143,25.015 
143,0.899 
143,-127.173 
143,-23.916 
131,2.388 
143,-3.262 
143,-100.000 
144,-0.049 
144,-0.079 
144,-0.208 
144,199.846 
144,-122.417 
144,-23.941 
131,-100.000 
132,-0.049 
144,-16.813 
132,-7.000 
144,-13.093 
132,-0.208 
132,-30.822 
132,28.889 
132,121.559 
144,-36.612 
132,-0.481 
132,2.653 
132,-260.594 
144,-100.000 
145,-0.207 
145,-0.223 
145,-0.249 
145,-0.379 
145,-62.478 
145,-0.377 
145,-0.490 
145,-19.585 
145,-287.717 
132,-100.000 
133,-0.156 
133,-0.171 
133,-0.285 
145,-100.000 
133,-62.389 
133,-0.312 
146,-0.207 
146,-0.223 
133,-0.227 
146,-0.278 
146,-0.529 
133,-13.697 
146,-11.408 
146,2.307 
146,-5.385 
133,-222.222 
146,2.685 
133,-12.699 
146,-157.303 
146,-100.000 
147,-0.094 
147,-0.260 
147,-0.249 
147,-0.465 
133,-100.000 
147,-0.400 
134,-0.049 
147,-0.315 
134,-0.079 
134,-0.208 
147,-4.627 
134,-200.479 
134,-23.767 
134,-11.579 
134,-117.325 
147,-60.072 
147,-117.943 
134,25.065 
147,-100.000 
148,-0.049 
148,-0.223 
148,-0.337 
148,-0.314 
148,-0.286 
148,-11.546 
148,-5.118 
134,-32.988 
134,-100.000 
148,-0.116 
135,-0.049 
135,-0.079 
148,59.422 
135,-0.281 
135,-0.382 
135,-62.478 
148,-100.000 
149,-0.207 
135,194.409 
149,-0.223 
135,1.730 
149,-29.394 
149,121.817 
149,30.272 
149,-7.298 
135,-23.828 
135,126.473 
149,-4.896 
149,135.555 
149,-3.207 
135,430.258 
149,370.665 
136,-0.049 
150,-0.207 
150,-0.296 
136,-0.223 
150,61.753 
136,-0.410 
150,-206.351 
136,-62.410 
150,-5.939 
136,5.362 
150,-3.499 
136,-6.183 
150,116.807 
150,-25.666 
136,-5.322 
136,-3.261 
150,0.937 
136,21.817 
150,-100.000 
151,-0.207 
151,-0.223 
151,2.585 
151,4.561 
151,-154.609 
151,-12.772 
151,-36.187 
136,-100.000 
137,-0.049 
137,-0.116 
151,2.776 
137,-169.961 
137,-23.874 
137,6.369 
151,135.685 
137,-0.481 
137,-15.096 
137,-117.741 
151,-100.000 
152,-0.207 
137,-3.663 
152,-0.223 
152,4.537 
152,4.641 
137,-100.000 
152,4.638 
138,-0.207 
152,-4.008 
138,-0.223 
138,-62.249 
138,-0.195 
152,-60.477 
138,-0.270 
138,-0.222 
138,-13.480 
152,-392.997 
152,1.960 
138,-320.151 
138,-12.997 
138,-100.000 
139,-0.156 
139,-0.205 
139,-0.193 
139,-0.259 
139,0.033 
139,4.410 
139,63.715 
139,-3.395 
139,-369.156 
139,-100.000 
140,-0.094 
140,-0.116 
152,-100.000 
140,-8.490 
140,2.583 
153,-0.207 
153,-0.223 
140,-0.499 
153,-29.394 
140,50.572 
153,121.698 
153,-11.367 
140,-13.022 
153,-25.678 
153,-3.328 
153,0.506 
140,-203.026 
153,-24.158 
153,-100.000 
154,-0.156 
154,-0.171 
154,-23.717 
154,-122.154 
154,30.329 
154,6.440 
140,116.804 
154,-29.620 
154,-0.439 
154,3.053 
154,-100.000 
155,-0.049 
155,-0.198 
155,-6.430 
155,-117.454 
155,197.357 
155,-24.059 
155,-1.938 
155,-26.335 
155,-92.136 
155,-100.000 
156,-0.094 
156,-0.278 
156,-0.281 
156,-0.544 
156,-38.029 
156,121.443 
156,-29.742 
156,-23.989 
156,2.493 
156,-100.000 
157,-0.049 
157,-0.198 
157,-0.285 
140,-100.000 
157,-0.280 
141,-0.156 
157,-0.435 
141,-0.171 
157,-0.601 
141,-0.167 
157,61.465 
141,-0.261 
141,-0.454 
141,-3.791 
141,-99.093 
157,296.520 
141,-13.243 
141,-36.439 
157,-22.253 
141,-100.000 
142,-0.207 
142,-0.223 
142,-0.278 
142,-0.445 
142,-0.387 
142,-0.315 
142,-0.328 
142,-62.472 
142,-7.810 
157,1049.954 
158,-0.049 
158,-5.724 
158,-4.963 
142,-100.000 
158,-3.002 
158,-2.805 
143,-0.049 
158,-62.475 
143,5.447 
143,2.359 
143,-0.551 
158,2.710 
143,-64.938 
143,4.363 
158,-0.244 
158,-379.013 
143,129.586 
143,-127.623 
158,-100.000 
159,-0.156 
159,-0.171 
143,-3.677 
159,-0.285 
159,-0.261 
159,98.245 
159,8.021 
159,-36.087 
159,-29.291 
159,12.357 
143,-100.000 
144,-0.049 
144,-0.171 
144,-0.373 
144,-0.348 
159,-100.000 
144,-0.387 
144,-0.476 
160,-0.207 
160,-62.254 
144,-16.420 
144,5.399 
160,-0.219 
160,-0.218 
160,-140.834 
160,-122.389 
144,-96.241 
160,-24.040 
160,-7.286 
144,190.099 
145,-0.207 
145,-0.223 
160,1.324 
145,28.956 
145,-262.507 
160,-100.000 
161,-0.049 
145,23.163 
161,-0.171 
145,-7.230 
161,-0.193 
145,-30.811 
161,-0.368 
145,-122.215 
161,-0.435 
161,-6.180 
145,-0.221 
161,-3.315 
145,-100.000 
161,-251.063 
146,-0.207 
161,116.512 
146,-0.260 
146,-0.249 
146,-62.249 
146,-0.286 
146,0.534 
146,4.512 
146,-0.235 
146,31.762 
146,-100.000 
147,-0.094 
147,-0.116 
147,-0.193 
147,-7.331 
147,121.577 
147,-16.494 
147,-1.668 
147,-3.513 
147,197.332 
147,304.662 
148,-0.049 
148,-0.079 
148,-0.208 
148,-0.221 
148,-8.208 
148,-95.469 
148,-23.779 
148,-3.426 
148,-203.262 
148,-100.000 
149,-0.049 
149,-0.223 
149,-0.219 
149,-0.314 
149,99.488 
149,30.063 
149,-138.698 
149,-24.077 
149,-18.948 
149,-100.000 
150,-0.207 
150,61.808 
150,229.119 
150,-30.938 
150,6.398 
150,-0.453 
150,-122.374 
150,-0.608 
150,-12.486 
161,-100.000 
150,124.346 
162,-0.049 
162,-0.198 
151,-0.207 
162,7.234 
151,-0.223 
162,-2.835 
151,-0.249 
151,-0.218 
162,-6.169 
151,4.243 
162,-3.783 
151,119.291 
162,-333.008 
162,-24.109 
151,-3.209 
151,140.118 
162,-91.668 
151,-3.473 
162,-100.000 
163,-0.156 
163,-0.296 
163,-0.278 
163,-5.884 
163,59.243 
151,431.844 
163,-257.204 
152,-0.049 
163,-127.335 
152,-0.198 
152,-0.285 
163,2.502 
152,-8.306 
152,-3.021 
152,-5.146 
163,-36.316 
152,-3.258 
152,-349.816 
163,-100.000 
152,-36.125 
164,-0.207 
164,-0.223 
164,-0.219 
152,-100.000 
153,-0.049 
164,92.642 
153,-0.171 
164,-0.151 
153,-0.167 
164,-30.859 
153,-0.528 
164,-3.441 
153,4.748 
164,-141.107 
153,-0.550 
153,4.031 
153,-65.268 
164,-13.130 
164,-100.000 
165,-0.049 
165,-0.223 
165,61.693 
165,-0.314 
165,-0.389 
165,-16.049 
165,-3.550 
153,4.746 
165,-5.994 
153,-100.000 
154,-0.049 
165,-0.532 
154,-0.079 
154,-0.208 
154,4.943 
154,1.639 
154,-6.021 
154,-0.660 
154,-203.972 
165,-100.000 
166,-0.207 
166,-0.296 
166,-5.902 
166,-3.391 
154,-91.771 
166,-36.094 
166,-117.365 
154,-100.000 
166,-3.133 
155,-0.207 
155,28.952 
166,-260.115 
155,-30.850 
166,-1.573 
155,-262.691 
166,-100.000 
155,-7.250 
167,-0.049 
155,-0.258 
167,-0.171 
155,-0.286 
167,-2.567 
167,-5.787 
167,2.854 
155,-23.709 
155,-122.264 
167,-5.619 
167,2.576 
167,-5.111 
167,-62.164 
167,-100.000 
168,-0.049 
168,-0.223 
168,-3.023 
168,-5.188 
168,5.256 
168,-64.756 
168,-5.544 
155,-100.000 
168,-0.116 
156,-0.049 
156,-0.198 
156,-0.208 
168,228.803 
156,-0.544 
168,194.216 
156,-62.639 
169,-0.049 
156,-0.937 
169,-0.278 
169,-0.561 
169,-0.942 
156,-0.846 
169,-353.799 
169,-7.770 
156,-0.925 
169,-18.911 
156,-413.321 
156,-100.000 
157,-0.049 
169,-3.481 
157,-3.150 
157,2.715 
157,5.036 
157,-5.872 
169,0.000 
170,-0.049 
157,-0.258 
170,-0.198 
157,-2.630 
170,-0.238 
170,-0.280 
157,140.237 
170,61.718 
170,-0.293 
157,-24.008 
170,2.089 
170,-6.397 
170,-172.423 
170,-100.000 
171,-0.049 
171,-0.198 
171,-0.238 
171,-0.221 
157,-100.000 
171,-9.687 
158,-0.207 
171,-0.364 
158,28.952 
158,-3.370 
171,-6.079 
158,-3.266 
171,332.509 
158,-127.037 
158,-3.011 
158,-36.349 
171,-3.676 
158,-13.302 
158,-24.331 
171,370.821 
158,-100.000 
172,-0.156 
159,-0.207 
172,-0.296 
159,28.952 
172,-53.004 
159,-23.828 
172,-122.251 
159,-262.757 
172,-7.308 
172,-0.428 
159,-7.308 
159,30.125 
172,30.111 
159,-0.371 
172,-262.914 
159,-122.258 
159,-13.987 
172,-0.738 
172,-100.000 
173,-0.049 
173,-0.198 
173,-0.208 
173,-0.544 
173,-0.507 
173,-353.463 
173,2.656 
173,-24.347 
173,-91.899 
159,-100.000 
160,-0.049 
160,-0.079 
160,-0.089 
160,-10.158 
173,-100.000 
160,5.073 
174,-0.049 
160,-0.407 
174,-3.150 
174,-3.012 
160,-62.402 
174,2.954 
160,-3.436 
174,-127.292 
174,35.375 
174,-203.131 
174,-91.620 
174,-12.850 
160,-341.767 
174,-100.000 
175,-0.049 
175,-0.198 
175,-0.208 
175,-0.261 
175,-0.217 
175,-0.428 
175,267.686 
160,-100.000 
161,-0.207 
175,4.810 
161,-0.223 
175,11.758 
161,-0.219 
161,-0.218 
161,-2.893 
161,-0.315 
161,-35.259 
161,-260.115 
161,-127.064 
161,-100.000 
162,-0.207 
175,282.471 
162,28.952 
176,-0.049 
162,2.814 
176,-0.079 
162,-23.909 
176,-0.089 
162,-265.218 
176,-0.195 
176,-0.387 
162,-3.232 
176,-4.151 
162,-36.391 
162,-127.531 
176,4.929 
162,-3.571 
176,-143.584 
162,-100.000 
163,-0.049 
163,-0.079 
163,-0.089 
176,-260.251 
163,-2.964 
163,1.108 
163,-23.909 
163,-127.161 
163,-202.971 
176,-100.000 
177,-0.049 
177,-0.198 
163,24.989 
177,28.838 
177,121.461 
177,-262.819 
177,-31.054 
177,-14.478 
177,0.549 
177,-3.563 
177,-100.000 
178,-0.049 
178,-0.079 
178,-0.119 
178,-0.264 
178,-152.840 
178,-200.570 
163,-100.000 
178,9.240 
164,-0.207 
164,-62.254 
178,-91.620 
164,-0.219 
164,-0.218 
178,-23.802 
164,-0.286 
178,-100.000 
164,-0.334 
179,-0.094 
164,-206.181 
179,-0.116 
179,-0.119 
179,-30.703 
179,-23.867 
164,121.437 
179,-122.257 
179,200.008 
164,-16.987 
164,-100.000 
165,-0.049 
165,2.992 
165,-0.167 
179,-91.409 
165,2.139 
179,-7.142 
165,-3.021 
165,-227.255 
165,1.089 
165,-25.699 
179,-100.000 
180,-0.094 
165,-127.360 
180,-0.205 
180,-0.193 
180,128.782 
180,-0.229 
180,6.602 
180,-0.228 
180,-29.334 
180,-138.471 
165,-100.000 
166,-0.156 
166,-0.171 
166,4.945 
166,5.042 
166,-3.356 
166,-0.550 
166,-46.862 
180,-100.000 
181,-0.207 
181,28.952 
181,-0.337 
181,-7.235 
181,261.804 
181,-14.445 
166,-265.151 
181,-24.118 
181,24.376 
181,-117.918 
166,-127.181 
181,197.864 
182,-0.049 
182,-0.378 
166,-100.000 
182,-5.699 
167,-0.049 
182,-3.172 
167,-0.079 
167,-0.089 
182,-2.878 
167,-10.158 
182,5.238 
167,-0.304 
182,196.663 
167,-5.707 
182,-117.741 
167,-62.402 
182,-3.544 
167,-6.010 
167,-3.571 
167,-100.000 
168,-0.049 
168,-0.278 
168,-0.281 
168,-12.838 
182,211.466 
168,-5.872 
183,-0.049 
168,2.782 
183,-5.724 
168,342.329 
183,-2.893 
183,-0.195 
183,-5.144 
168,2.408 
168,-91.532 
183,-3.515 
183,-0.361 
168,352.736 
183,-131.768 
169,-0.094 
169,-0.116 
183,-265.056 
169,-0.119 
169,-0.264 
169,37.177 
183,-100.000 
169,-20.260 
184,-0.049 
184,-0.079 
184,-0.281 
169,-203.012 
184,-0.544 
169,-117.373 
184,-18.726 
184,-349.575 
184,-91.654 
169,0.000 
170,-0.094 
170,-0.278 
170,152.332 
170,-23.874 
170,12.774 
184,2.348 
170,-3.552 
170,-203.277 
184,-3.516 
170,-3.289 
170,-13.039 
170,-100.000 
171,-0.207 
171,-0.223 
171,-0.219 
171,-0.445 
171,-0.387 
171,-4.269 
171,-5.790 
171,-64.796 
171,-341.149 
171,-100.000 
172,-0.049 
172,-0.171 
172,2.115 
172,-5.906 
172,-5.799 
172,-3.499 
172,-264.842 
172,-3.149 
172,116.804 
184,-100.000 
185,-0.049 
185,-0.079 
185,-0.219 
185,-62.344 
185,-222.924 
185,3.000 
172,-100.000 
185,35.496 
173,-0.207 
173,-0.223 
173,-0.337 
173,-0.337 
173,-0.312 
185,-127.181 
173,-11.402 
173,-59.959 
173,-6.086 
185,2.402 
173,-5.332 
173,-100.000 
174,-0.049 
174,-0.116 
174,-0.119 
174,-0.162 
185,-100.000 
186,-0.049 
186,2.725 
174,-0.110 
186,2.192 
186,-3.269 
174,-193.431 
186,203.146 
174,-122.240 
186,-12.803 
174,-11.429 
186,126.481 
186,-23.872 
186,35.396 
174,0.000 
175,-0.049 
175,-0.278 
175,152.052 
175,-24.154 
175,6.369 
175,-0.687 
175,199.287 
175,-0.884 
175,-22.391 
175,372.221 
186,449.578 
176,-0.207 
187,-0.049 
176,28.952 
187,-0.079 
176,-0.219 
187,-0.208 
176,-0.195 
187,-62.344 
187,-0.270 
187,-0.325 
176,-30.930 
176,23.075 
176,-122.663 
176,-7.447 
187,55.536 
176,11.900 
176,-100.000 
177,-0.049 
177,-5.724 
187,-31.133 
177,-3.279 
187,6.139 
177,-5.072 
177,-2.972 
177,111.821 
177,-202.849 
177,-36.297 
177,23.077 
187,-100.000 
188,-0.049 
188,-0.079 
188,-0.474 
188,4.756 
188,-34.378 
188,0.470 
188,-118.266 
188,22.517 
177,-100.000 
188,196.772 
178,-0.207 
188,-100.000 
178,28.952 
189,-0.049 
189,-0.171 
178,-0.219 
189,-0.167 
178,-6.151 
189,-6.017 
178,-25.630 
189,5.428 
178,-3.329 
189,2.010 
189,-5.299 
178,0.990 
178,-127.181 
189,-112.451 
189,-36.320 
178,-23.684 
178,-100.000 
179,-0.049 
179,-200.360 
179,30.482 
179,-122.114 
179,0.950 
179,-91.464 
179,2.784 
179,-3.099 
189,-100.000 
190,-0.094 
190,-0.475 
190,-0.463 
190,-0.206 
179,12.121 
190,-64.723 
190,-117.566 
190,-3.408 
190,-3.149 
190,28.933 
190,-100.000 
191,-0.156 
191,-23.722 
191,-0.167 
191,121.751 
191,30.049 
191,199.402 
191,-0.788 
191,-7.717 
191,-27.912 
179,-100.000 
180,-0.207 
180,28.952 
180,-122.231 
180,-7.116 
180,-30.930 
180,1.120 
180,-264.880 
180,-2.981 
180,-3.236 
191,310.824 
192,-0.049 
192,-0.079 
180,-100.000 
192,61.812 
181,-0.207 
192,-0.195 
181,-0.223 
181,-0.219 
192,-0.167 
181,-0.314 
192,5.483 
181,-0.286 
192,4.427 
181,61.696 
192,66.315 
181,-0.481 
181,-0.354 
181,-24.303 
192,-24.051 
192,135.011 
193,-0.207 
193,-29.398 
193,-30.850 
193,-0.218 
193,-0.167 
193,-3.985 
193,23.180 
193,-12.812 
193,-127.107 
181,-100.000 
182,-0.049 
182,-0.198 
182,-0.238 
182,-0.221 
182,-0.421 
182,-62.483 
182,-0.360 
182,245.652 
182,-0.209 
182,285.363 
183,-0.207 
183,-0.223 
183,2.733 
183,25.710 
183,-260.419 
183,-13.010 
183,-127.247 
193,-100.000 
183,2.546 
194,-0.049 
194,-0.079 
194,-0.089 
183,-25.908 
194,-0.079 
194,-0.227 
194,-0.407 
183,-100.000 
194,-0.435 
184,-0.156 
184,-0.378 
184,-0.399 
194,-369.847 
184,-0.529 
184,-0.758 
184,-377.131 
184,-13.208 
194,4.422 
184,-91.851 
184,-13.465 
184,-100.000 
185,-0.207 
185,-0.223 
185,-29.394 
185,-6.151 
185,1.006 
185,-23.772 
185,116.776 
185,-36.136 
185,-3.280 
185,-100.000 
186,-0.094 
186,-0.278 
186,-0.561 
186,-0.544 
186,-16.152 
194,-100.000 
186,2.354 
195,-0.049 
186,-62.478 
195,-3.150 
195,-5.734 
186,320.111 
195,2.606 
186,0.551 
195,-2.687 
186,368.962 
195,-5.112 
187,-0.207 
187,-0.223 
187,-0.219 
195,-88.629 
187,-0.195 
187,21.984 
187,121.568 
187,261.595 
187,-31.371 
195,-91.464 
195,25.179 
187,-6.276 
187,1120.525 
188,-0.207 
188,28.952 
188,-7.140 
188,-30.819 
188,-262.598 
188,23.117 
188,-122.577 
188,-0.797 
188,6.886 
188,-100.000 
189,-0.207 
195,-100.000 
189,-0.260 
196,-0.049 
189,-0.249 
196,-29.398 
189,2.116 
196,-0.219 
189,63.822 
196,-6.151 
189,-5.531 
196,-264.863 
189,-0.564 
196,-36.159 
196,23.180 
189,116.809 
196,-3.597 
189,-3.764 
189,209.026 
190,-0.049 
190,-3.150 
190,-2.893 
190,-0.195 
190,-0.387 
190,-5.302 
190,-178.338 
196,116.637 
190,-36.223 
196,-100.000 
197,-0.094 
197,-0.260 
197,-0.249 
197,-8.589 
197,5.478 
197,4.659 
197,-3.091 
197,59.336 
197,-0.339 
190,0.861 
197,-100.000 
198,-0.049 
198,-0.198 
198,-0.285 
198,-0.467 
198,-0.758 
198,-255.120 
198,-91.857 
190,-100.000 
198,-11.068 
191,-0.049 
191,-0.198 
191,-0.337 
191,7.394 
191,-64.938 
198,11.828 
191,-3.367 
198,-100.000 
199,-0.049 
191,-6.124 
199,-0.079 
199,-0.089 
199,78.072 
199,-7.089 
191,4.929 
199,-2.253 
191,-81.015 
199,35.128 
191,-100.000 
192,-0.207 
199,-24.228 
192,-0.223 
192,-0.219 
192,-62.344 
192,-0.300 
192,-13.141 
192,-5.692 
192,-3.457 
192,2.444 
199,2.138 
192,208.186 
193,-0.049 
193,-0.198 
193,-0.337 
193,-0.358 
193,-0.300 
193,-59.869 
193,-30.993 
193,121.744 
193,2.292 
199,-100.000 
200,-0.049 
200,-3.150 
200,-0.219 
200,-0.445 
200,-3.191 
200,-5.302 
200,-64.998 
200,-378.620 
193,226.438 
200,-13.234 
194,-0.207 
194,-0.223 
194,-0.337 
194,-0.314 
194,-11.019 
194,-64.875 
194,-296.630 
194,-25.553 
200,-100.000 
201,-0.049 
194,-1.560 
201,-0.079 
201,-0.208 
201,-0.261 
201,-62.330 
201,1.170 
194,-100.000 
195,-0.049 
201,-3.432 
195,-0.079 
195,-0.167 
195,-0.323 
201,265.198 
195,-0.552 
195,145.530 
195,-122.726 
195,-91.851 
201,-3.473 
195,9.599 
195,-100.000 
196,-0.207 
201,209.153 
196,-0.223 
202,-0.094 
196,-0.219 
202,-0.205 
196,-0.218 
202,-0.399 
196,-0.329 
202,-0.368 
202,-54.468 
196,-62.289 
202,-7.166 
196,-0.286 
202,1.602 
202,116.814 
196,-19.589 
196,-378.584 
202,-198.193 
196,-100.000 
197,-0.094 
197,30.485 
197,8.214 
197,-23.831 
197,-3.033 
197,126.491 
197,-3.494 
197,-12.878 
197,-203.100 
197,-100.000 
198,-0.094 
198,30.485 
198,-29.424 
198,-0.218 
198,-11.690 
198,-12.663 
198,-127.011 
202,-100.000 
203,-0.049 
198,-2.938 
203,-0.079 
203,-0.281 
203,4.085 
203,-234.540 
203,-33.394 
203,-23.995 
203,-127.412 
203,2.422 
198,23.309 
198,-100.000 
199,-0.049 
199,2.873 
199,-5.082 
199,-3.002 
199,-125.331 
199,23.398 
203,-100.000 
204,-0.049 
204,-0.278 
199,-1.345 
204,-0.561 
204,-13.118 
204,348.837 
199,25.075 
204,2.103 
204,1.676 
204,-24.584 
199,0.000 
200,-0.094 
200,-5.416 
200,-0.249 
200,-5.254 
200,2.624 
204,0.373 
200,-0.388 
200,-208.774 
200,-1.672 
200,2.346 
204,389.957 
205,-0.049 
205,-0.079 
205,-0.089 
200,-100.000 
205,200.083 
205,121.606 
201,-0.207 
201,-0.223 
201,-0.337 
205,-11.167 
201,-62.344 
201,-0.389 
205,-1.919 
201,-0.334 
205,-91.820 
201,7.368 
201,-324.390 
205,22.882 
201,-1.755 
205,354.568 
206,-0.049 
206,-0.079 
206,-0.219 
206,61.717 
201,-100.000 
202,-0.207 
206,-229.726 
202,-0.223 
202,-5.549 
206,-5.449 
202,-3.022 
206,-127.128 
202,-3.400 
206,-36.357 
202,4.498 
206,12.002 
202,-124.024 
202,0.820 
202,-260.476 
206,-100.000 
207,-0.049 
207,-0.079 
207,-0.208 
207,-0.198 
207,-3.147 
207,-6.120 
207,73.738 
207,-91.938 
202,-100.000 
203,-0.049 
207,-24.132 
203,-0.079 
203,-0.208 
203,-193.795 
203,-31.022 
203,-4.427 
203,-3.521 
203,22.989 
203,-117.687 
207,-100.000 
208,-0.049 
208,-0.079 
208,-0.208 
208,-0.316 
208,-0.335 
208,-5.824 
208,-62.511 
208,4.462 
208,2.378 
208,-100.000 
209,-0.156 
209,-23.722 
209,28.897 
209,2.794 
209,-36.483 
209,126.152 
203,-100.000 
209,-3.434 
204,-0.049 
204,121.814 
209,2.210 
204,-30.839 
204,-2.947 
204,-198.227 
204,-3.093 
204,-3.402 
204,-1.791 
204,23.165 
209,-13.282 
209,-100.000 
210,-0.049 
210,-0.079 
210,-0.219 
210,-0.314 
210,-62.538 
210,-0.937 
210,-0.844 
210,-111.004 
210,-0.693 
210,-100.000 
211,-0.049 
211,-0.079 
211,-0.167 
204,-100.000 
211,-0.348 
205,-0.156 
205,-0.378 
211,-0.304 
205,-0.484 
211,-3.870 
211,4.704 
205,-62.476 
211,3.991 
205,-5.591 
205,4.446 
211,-387.389 
205,-5.628 
205,2.867 
205,-158.622 
211,-100.000 
212,-0.156 
212,-0.171 
212,-0.373 
212,-62.476 
212,-7.662 
212,-5.776 
212,-6.296 
212,-357.868 
205,-100.000 
212,-3.851 
206,-0.207 
206,-0.223 
206,-0.249 
206,-62.249 
206,-199.184 
206,-0.258 
206,6.473 
206,-24.077 
206,121.630 
206,-100.000 
207,-0.207 
207,-0.223 
207,-0.219 
207,-0.195 
207,-0.329 
212,-100.000 
207,-0.476 
213,-0.049 
213,-0.079 
213,-0.208 
213,-0.316 
207,-0.651 
213,-0.287 
213,-85.428 
213,-31.094 
207,-10.931 
213,-91.662 
213,10.630 
207,58.850 
207,-100.000 
208,-0.207 
208,-0.223 
208,-0.410 
208,61.371 
208,-260.666 
208,-8.157 
208,-13.014 
213,-100.000 
214,-0.049 
214,-0.079 
214,-2.782 
208,-127.224 
214,-2.598 
214,-3.091 
214,203.695 
208,-3.131 
214,24.690 
214,-24.067 
214,116.514 
208,-100.000 
209,-0.207 
209,-0.223 
209,-0.278 
209,-3.250 
214,377.792 
209,4.739 
215,-0.049 
215,-0.171 
215,-0.167 
215,-98.722 
215,-7.256 
215,-0.271 
215,199.856 
215,30.019 
209,-19.449 
209,-3.442 
209,-264.958 
215,-6.897 
209,-127.107 
215,-100.000 
216,-0.049 
216,-0.079 
216,193.152 
216,-0.198 
216,2.611 
216,24.732 
216,116.246 
216,2.157 
216,-24.335 
216,1882.401 
217,-0.049 
217,-0.223 
217,2.733 
217,5.094 
217,-0.537 
217,-5.333 
217,2.087 
217,-60.436 
217,-6.114 
209,-100.000 
210,-0.207 
210,-0.223 
210,-0.249 
210,-0.218 
210,-0.194 
210,-0.227 
210,-97.364 
217,-100.000 
218,-0.049 
210,-2.663 
218,-2.479 
218,-3.012 
218,2.754 
218,-5.603 
210,-265.170 
218,-0.547 
218,-251.974 
218,125.948 
218,-13.374 
210,-100.000 
211,-0.207 
211,-0.223 
211,-0.219 
211,-0.239 
211,-3.140 
211,-5.688 
211,-3.354 
218,-100.000 
219,-0.049 
219,200.083 
219,121.567 
219,-7.356 
219,-0.761 
211,4.478 
211,-64.962 
219,-92.006 
219,-31.319 
211,-100.000 
212,-0.049 
212,-0.198 
219,-24.783 
212,30.040 
212,-24.154 
212,-7.473 
212,199.402 
212,-0.995 
219,-24.267 
212,-11.966 
212,-91.986 
219,170.662 
212,-100.000 
220,-0.156 
213,-0.094 
220,-23.722 
213,-0.116 
220,30.408 
213,30.320 
220,121.731 
213,-122.275 
220,12.935 
213,-0.227 
220,202.082 
220,-91.769 
213,-23.957 
220,1.967 
213,-2.614 
213,-202.886 
220,-13.465 
213,0.000 
214,-0.207 
214,-0.260 
214,-0.410 
214,-62.410 
214,-0.355 
214,-0.388 
214,-0.521 
214,292.236 
220,435.199 
221,-0.049 
214,-0.814 
221,4.677 
214,307.745 
221,4.739 
215,-0.049 
221,2.261 
215,-0.223 
221,1.495 
215,-5.549 
221,-62.967 
215,4.656 
221,4.680 
215,-0.464 
215,-60.128 
215,2.293 
215,2.447 
215,4.928 
221,-334.646 
221,2.108 
215,293.898 
221,-100.000 
216,-0.207 
216,-0.260 
222,-0.049 
216,-62.280 
222,-3.150 
216,140.168 
222,5.437 
216,-11.137 
222,4.677 
222,1.995 
216,-1.610 
222,-5.665 
216,-127.130 
222,-3.254 
216,-3.323 
222,-62.444 
216,-3.164 
222,-0.252 
222,-100.000 
223,-0.049 
223,-0.079 
223,-0.089 
223,-0.102 
223,-0.184 
223,-0.158 
223,-11.323 
223,-2.636 
223,-62.164 
216,-100.000 
217,-0.207 
217,61.808 
217,-0.219 
223,220.796 
224,-0.049 
217,-0.379 
224,-7.000 
217,-0.447 
224,28.956 
217,-0.657 
224,-8.991 
217,381.104 
224,-3.341 
224,259.468 
217,-24.388 
224,-25.825 
224,116.368 
224,1.884 
217,-7.614 
217,1720.775 
218,-0.156 
218,-23.722 
218,-0.373 
218,-6.571 
218,-36.217 
218,-3.050 
218,116.864 
218,-29.379 
224,1023.319 
225,-0.049 
225,-0.378 
225,-0.399 
225,-0.465 
225,-62.592 
225,-11.247 
225,-5.245 
225,2.439 
218,135.554 
225,-5.984 
218,196.641 
219,-0.049 
225,-100.000 
219,-0.079 
226,-0.049 
219,-0.281 
226,-0.079 
226,-0.167 
219,-0.264 
226,-0.432 
219,-238.030 
219,-23.957 
226,-47.611 
226,121.584 
219,-0.596 
226,4.725 
226,-203.145 
226,0.000 
219,121.408 
227,-0.049 
227,-0.378 
227,-0.373 
227,-0.529 
227,1.701 
227,1.713 
219,-11.667 
227,-5.470 
227,2.467 
227,-143.086 
219,-100.000 
220,-0.207 
220,-0.260 
227,-100.000 
220,-0.249 
228,-0.049 
228,-7.000 
220,-0.259 
228,-23.923 
220,-18.368 
228,-0.348 
228,-200.704 
220,-0.464 
220,-122.371 
228,121.653 
228,-19.150 
220,-262.665 
220,-13.990 
228,-25.464 
220,-100.000 
228,0.000 
221,-0.207 
229,-0.049 
229,-0.198 
221,-0.223 
229,-0.561 
221,-0.219 
229,-0.942 
221,0.072 
229,-63.038 
229,-0.937 
221,-5.629 
221,56.087 
221,-127.334 
229,-0.846 
229,-18.807 
221,-24.077 
229,-0.693 
229,329.755 
221,0.496 
230,-0.049 
230,-2.883 
221,-100.000 
230,5.019 
222,-0.049 
230,-0.379 
222,-0.116 
230,59.183 
222,-0.238 
230,195.090 
222,-0.221 
230,116.258 
222,-6.485 
222,94.316 
222,-12.973 
230,-3.841 
230,-24.364 
222,-202.992 
222,-91.447 
230,1139.389 
231,-0.049 
222,-100.000 
231,-0.079 
223,-0.049 
231,-200.370 
223,-0.079 
231,-0.198 
223,-0.119 
231,-7.208 
223,-37.624 
231,-91.531 
223,23.440 
223,-0.158 
223,121.826 
231,-5.106 
223,-13.408 
223,-29.384 
231,23.188 
231,126.455 
223,309.080 
224,-0.049 
231,-100.000 
224,-0.198 
232,-0.049 
224,-0.238 
232,-0.198 
224,-0.221 
232,-0.238 
224,-1.880 
232,-0.382 
224,2.439 
232,-0.625 
232,5.774 
232,-62.996 
224,1.755 
232,-311.650 
224,-0.550 
232,22.651 
224,-81.872 
232,-100.000 
233,-0.049 
233,-0.079 
233,-0.373 
233,-62.476 
233,-0.387 
233,-0.428 
233,-11.520 
233,-3.254 
233,-5.596 
233,-100.000 
234,-0.049 
234,-7.000 
234,-0.208 
234,28.862 
234,-5.686 
234,264.149 
234,2.236 
234,-24.269 
234,-127.705 
234,110.671 
235,-0.049 
235,-0.079 
235,200.073 
235,2.283 
235,-23.767 
235,-12.719 
235,-2.992 
235,126.565 
235,-36.405 
224,-100.000 
225,-0.049 
225,-0.079 
225,-0.208 
225,-7.119 
225,-2.513 
225,-23.822 
225,126.461 
225,202.004 
225,-36.439 
225,224.450 
226,-0.207 
226,-29.398 
226,-0.337 
226,29.942 
226,-0.609 
226,121.075 
226,-20.047 
226,-24.476 
226,-141.550 
226,-100.000 
227,-0.094 
227,-0.116 
227,-0.281 
227,3.233 
227,-88.605 
227,12.040 
227,-29.699 
227,139.881 
227,1.884 
227,-100.000 
228,-0.207 
228,-0.223 
228,-0.219 
228,-0.314 
228,-0.270 
228,-62.237 
228,-2.020 
228,4.962 
228,-311.121 
228,-100.000 
229,-0.207 
229,-0.260 
229,-0.249 
229,-0.218 
229,-13.916 
229,-0.379 
229,14.512 
229,-265.098 
229,116.658 
229,-100.000 
230,-0.207 
230,-0.223 
230,-0.219 
230,61.717 
230,-0.389 
230,-16.315 
230,-5.544 
230,-3.099 
230,-386.122 
230,-100.000 
231,-0.049 
231,-0.079 
235,211.650 
231,121.804 
236,-0.049 
231,-200.479 
236,-0.378 
231,-30.785 
231,-8.368 
236,-23.923 
236,199.933 
231,2.664 
236,2.058 
236,2.327 
231,0.728 
236,-12.960 
236,-127.295 
231,-24.176 
236,35.309 
236,-100.000 
237,-0.094 
237,-0.116 
237,-0.119 
237,-0.221 
237,-15.563 
237,-356.292 
237,-1.446 
231,-100.000 
237,-23.896 
232,-0.049 
232,-0.079 
232,-0.089 
232,-122.091 
232,-200.331 
232,-30.771 
232,-7.015 
237,2.738 
232,-15.451 
237,-100.000 
238,-0.049 
238,-0.079 
238,-0.089 
238,-0.102 
238,37.295 
238,-122.182 
238,-23.866 
232,0.000 
238,-13.419 
233,-0.049 
233,-0.171 
233,-2.971 
233,2.258 
233,179.665 
233,126.496 
233,-3.377 
233,12.245 
233,0.000 
234,-0.049 
238,-198.312 
234,-0.079 
234,-0.167 
234,30.211 
234,-0.217 
234,-200.552 
234,-91.448 
234,-0.765 
234,-117.481 
234,-100.000 
235,-0.207 
235,-0.223 
235,-0.337 
235,-0.337 
235,-60.062 
235,-4.104 
235,-23.834 
235,-117.576 
235,-1.969 
235,-100.000 
236,-0.049 
236,2.873 
236,1.955 
236,202.998 
236,35.318 
236,-24.107 
236,-13.238 
236,-127.447 
236,2.093 
236,-100.000 
237,-0.049 
237,-0.171 
237,-0.373 
237,-2.941 
237,57.448 
237,-36.265 
237,12.055 
237,-91.647 
237,-3.367 
237,-100.000 
238,-0.094 
238,-0.116 
238,-0.281 
238,-170.224 
238,-122.519 
238,-24.031 
238,3.592 
238,11.888 
238,2.405 
238,-100.000 
239,-0.094 
239,-0.205 
239,53.797 
239,-0.323 
239,199.729 
239,-14.136 
239,-1.666 
239,-91.526 
239,2.777 
239,-100.000 
240,-0.156 
240,-0.171 
240,-0.278 
240,-3.516 
238,-100.000 
240,2.086 
239,-0.049 
240,-260.221 
239,5.447 
240,-25.672 
239,2.359 
239,9.637 
239,-36.322 
239,-23.946 
240,2.278 
239,-29.535 
240,-127.268 
240,-100.000 
239,126.295 
241,-0.049 
241,-200.360 
241,-122.219 
241,23.084 
239,-141.258 
241,-0.423 
241,-31.288 
241,5.624 
239,-100.000 
240,-0.049 
241,-92.131 
240,-0.198 
240,-0.208 
241,-13.346 
240,-0.314 
240,-158.378 
240,-262.756 
240,-8.331 
240,24.930 
240,-3.401 
240,-100.000 
241,-100.000 
241,-0.049 
241,5.447 
242,-0.049 
242,-5.724 
241,-3.279 
242,-3.279 
241,2.606 
241,-10.241 
242,-10.270 
242,197.713 
242,25.012 
241,-25.751 
241,-24.146 
242,-91.492 
242,2.628 
241,116.652 
242,-117.303 
241,-198.355 
242,-100.000 
243,-0.207 
243,-62.254 
243,-171.325 
243,-7.235 
243,-0.270 
243,-0.444 
243,-23.912 
243,-122.462 
243,-16.074 
243,-100.000 
244,-0.049 
244,-0.116 
244,-0.463 
244,-62.560 
244,-0.582 
244,-0.497 
244,4.416 
244,241.257 
244,-3.521 
244,282.471 
245,-0.049 
245,-0.079 
241,-100.000 
245,-0.219 
242,-0.049 
245,-36.291 
242,-0.079 
242,-6.311 
245,-30.930 
242,-36.003 
242,-3.031 
245,-122.270 
242,28.917 
242,-23.922 
242,0.911 
245,-15.640 
245,-265.049 
245,23.169 
242,116.680 
245,-100.000 
246,-0.094 
246,-0.260 
242,-100.000 
246,61.620 
243,-0.049 
246,-0.379 
243,-0.171 
246,-260.386 
243,-3.238 
246,0.939 
243,-3.153 
246,1.958 
243,19.976 
243,-12.925 
246,-127.623 
246,-24.331 
243,-198.156 
243,-25.625 
243,-117.450 
246,-100.000 
247,-0.049 
247,-0.079 
247,-3.048 
247,-0.261 
247,-5.529 
247,-5.151 
247,-2.747 
247,75.011 
247,2.728 
243,-100.000 
247,-100.000 
244,-0.207 
248,-0.049 
244,-0.223 
248,-0.079 
244,-0.219 
244,-0.379 
248,2.633 
244,-0.329 
248,-0.314 
248,4.367 
244,-62.289 
248,63.631 
244,-0.286 
244,-7.610 
244,-314.286 
244,-100.000 
245,-0.207 
245,61.808 
248,-0.717 
245,-2.619 
248,-3.877 
245,-0.239 
245,-250.155 
248,-6.114 
245,2.345 
245,-3.638 
245,35.460 
248,-100.000 
245,12.108 
249,-0.049 
249,-0.198 
249,-0.337 
249,-10.833 
249,-5.909 
245,-100.000 
246,-0.156 
249,-192.399 
246,-0.378 
249,2.504 
246,-0.373 
246,0.056 
249,-23.989 
249,-260.412 
246,-3.494 
246,172.983 
246,24.307 
246,90.281 
246,-127.667 
246,179.104 
247,-0.049 
247,-0.223 
247,-0.337 
247,-62.344 
247,-0.270 
247,-0.538 
249,-100.000 
247,-0.566 
250,-0.049 
247,-270.293 
250,-0.079 
250,-0.373 
250,-0.467 
250,-11.943 
250,13.119 
247,-12.119 
250,116.744 
250,-25.582 
250,-203.069 
250,-100.000 
251,-0.094 
247,-100.000 
251,-0.116 
248,-0.049 
251,-2.348 
248,-0.079 
251,-5.908 
248,-0.208 
251,4.529 
251,1.992 
248,-0.221 
248,-0.345 
251,-0.347 
248,-0.289 
248,115.460 
251,-264.888 
251,-3.589 
248,-23.787 
248,0.000 
249,-0.049 
249,-0.198 
249,-0.238 
249,-0.337 
249,2.893 
249,-50.512 
249,126.168 
249,-24.141 
249,-3.412 
251,-100.000 
252,-0.207 
252,-0.223 
252,61.812 
252,-0.314 
252,-8.545 
252,-5.838 
252,-263.657 
252,-24.077 
252,-13.346 
252,-100.000 
253,-0.049 
253,-0.223 
253,-0.337 
253,-0.551 
253,-62.894 
253,-0.815 
249,-100.000 
253,-0.717 
250,-0.049 
253,-382.540 
250,-0.171 
250,-0.285 
253,-31.318 
250,-0.261 
250,104.928 
250,-17.132 
250,2.379 
250,-203.002 
250,-36.244 
253,-100.000 
254,-0.049 
254,-0.171 
254,-0.463 
254,-0.432 
254,-0.381 
254,-0.309 
254,-75.118 
254,-200.626 
254,-4.653 
250,-100.000 
251,-0.049 
251,-0.278 
251,-0.561 
251,-0.942 
251,-0.950 
251,-0.879 
251,-20.008 
251,-265.183 
251,-117.803 
251,-100.000 
252,-0.049 
252,-0.198 
252,-0.238 
252,-0.382 
252,-0.447 
252,-3.614 
252,-60.154 
252,-3.218 
252,-0.458 
252,-100.000 
253,-0.049 
253,-3.231 
253,-25.582 
253,23.021 
253,2.046 
253,28.419 
253,-2.326 
253,-3.996 
253,-117.918 
254,-100.000 
255,-0.049 
255,-0.171 
255,-0.167 
255,-0.432 
255,-0.381 
255,-0.428 
255,-0.337 
255,61.763 
255,-2.837 
255,-100.000 
256,-0.049 
253,-100.000 
256,-0.079 
256,-0.089 
254,-0.049 
256,-0.142 
254,2.992 
256,-0.381 
254,5.019 
254,33.370 
256,-0.183 
254,2.221 
256,2.230 
254,-127.412 
256,5.062 
254,-203.131 
256,-278.666 
254,-23.906 
254,-12.997 
256,-100.000 
257,-0.156 
257,-0.171 
257,2.786 
257,-3.065 
257,-5.862 
257,-2.759 
254,-100.000 
257,-227.876 
255,-0.156 
255,-0.171 
257,-36.225 
255,-0.373 
255,-152.832 
255,-4.345 
255,-3.430 
255,24.867 
255,-3.128 
255,-202.993 
257,126.455 
255,-100.000 
256,-0.049 
256,-0.278 
256,30.320 
256,199.899 
256,-122.357 
257,-100.000 
258,-0.049 
256,8.479 
258,-0.378 
258,-0.373 
256,-13.058 
258,-6.223 
256,-3.319 
258,4.822 
258,-2.925 
256,-91.651 
258,-210.918 
258,-1.600 
258,-127.317 
258,-100.000 
259,-0.049 
259,-0.079 
259,-23.717 
259,-0.261 
259,121.676 
256,-100.000 
257,-0.049 
259,6.412 
257,-0.223 
259,29.855 
257,-0.219 
259,199.247 
259,-28.355 
257,-29.370 
259,344.223 
257,-7.191 
260,-0.049 
257,-14.878 
260,-0.079 
260,-0.208 
257,25.015 
260,-0.316 
257,-264.888 
260,-16.277 
260,-3.279 
260,-0.631 
260,-303.039 
257,116.972 
260,-36.289 
257,-100.000 
258,-0.207 
258,-0.260 
258,-0.410 
258,-0.659 
258,61.023 
258,-17.086 
258,2.224 
258,-270.866 
258,-24.331 
258,-100.000 
259,-0.207 
259,-0.223 
259,-0.249 
259,-0.259 
259,-0.400 
259,31.422 
259,-138.740 
259,-19.666 
260,-100.000 
259,2.732 
261,-0.207 
261,-0.223 
259,-100.000 
261,28.838 
260,-0.207 
261,-0.314 
260,-0.223 
261,29.992 
260,-0.219 
261,-122.550 
260,92.523 
261,-7.369 
260,-0.389 
261,-24.077 
260,1.588 
260,140.171 
261,-7.915 
261,-100.000 
262,-0.207 
260,-12.942 
262,-0.223 
260,23.119 
262,-29.513 
262,-0.551 
262,-7.428 
262,-24.010 
262,-122.373 
262,138.007 
260,637.147 
261,-0.207 
261,-0.223 
261,-62.249 
261,-0.218 
261,-0.400 
262,30.027 
261,-0.476 
261,-405.991 
261,-13.287 
261,-3.291 
262,-100.000 
261,-100.000 
263,-0.156 
262,-0.049 
263,-0.171 
262,-0.223 
263,-0.373 
262,-0.219 
262,-0.314 
263,-8.393 
262,-158.378 
263,-62.418 
263,-198.854 
262,30.386 
262,23.222 
262,-0.322 
263,2.503 
263,-36.342 
262,-7.592 
262,-100.000 
263,-0.049 
263,-0.116 
263,-3.101 
263,-0.119 
263,-30.822 
263,-122.357 
263,-100.000 
263,-7.210 
264,-0.207 
263,-200.612 
264,-0.223 
264,-0.278 
264,-5.864 
263,-7.132 
264,-0.387 
264,-122.440 
264,6.472 
263,-23.863 
264,-138.582 
264,-30.779 
264,-100.000 
265,-0.049 
265,-0.079 
265,-0.208 
265,121.577 
265,-7.326 
265,199.806 
265,-11.062 
265,-24.078 
265,-91.637 
265,341.596 
266,-0.049 
266,-0.079 
266,-0.208 
266,-62.344 
266,-0.507 
266,-0.444 
266,-0.567 
266,-382.390 
266,-16.074 
266,-100.000 
267,-0.049 
267,-0.079 
267,0.178 
267,-0.348 
267,-0.387 
267,-5.184 
267,65.804 
267,0.945 
267,135.419 
267,232.348 
268,-0.156 
268,23.173 
268,-3.524 
268,2.604 
268,-117.798 
268,-29.840 
268,2.237 
268,-1.845 
268,24.886 
268,-100.000 
269,-0.207 
269,-0.260 
269,4.890 
269,2.145 
269,3.867 
269,58.694 
269,2.224 
269,-0.925 
269,-6.425 
269,-100.000 
270,-0.207 
270,-0.260 
270,-0.304 
270,-0.259 
270,-0.312 
270,-0.964 
270,-28.649 
270,-13.168 
263,-100.000 
264,-0.049 
270,-127.344 
264,-0.198 
264,-0.445 
270,-100.000 
264,-0.458 
271,-0.049 
264,-6.132 
271,-0.079 
271,-0.219 
264,-3.953 
271,28.862 
271,261.804 
271,-31.054 
264,-241.761 
271,-24.116 
264,-117.847 
271,6.124 
271,-6.444 
264,-33.495 
271,137.675 
272,-0.049 
272,-5.724 
272,-0.167 
272,-2.661 
272,2.854 
272,-5.264 
264,-100.000 
272,-5.604 
265,-0.207 
272,-2.998 
265,-0.223 
265,-0.219 
265,-0.195 
265,-0.329 
265,-0.270 
272,0.000 
265,-97.480 
273,-0.049 
265,-262.751 
273,-0.198 
273,-0.208 
265,6.228 
273,-0.198 
265,-100.000 
266,-0.207 
273,71.062 
266,-29.398 
273,-0.237 
266,-23.828 
273,-31.094 
266,138.011 
273,0.389 
266,-0.300 
266,-8.578 
266,25.018 
266,-3.230 
273,-24.024 
266,-117.271 
266,-100.000 
267,-0.207 
267,-0.223 
267,-0.278 
267,-0.358 
267,-175.037 
267,4.305 
267,1.033 
267,-3.196 
267,25.168 
267,-100.000 
268,-0.049 
268,-0.116 
268,-0.399 
268,-0.368 
268,-0.317 
268,-0.364 
268,107.767 
268,2.862 
268,-29.396 
268,-100.000 
273,123.952 
269,-0.049 
269,-0.198 
274,-0.049 
274,-0.171 
269,128.488 
274,-0.167 
269,29.659 
274,-16.890 
274,-0.423 
269,-30.183 
269,-139.187 
274,199.804 
269,15.724 
269,-3.807 
269,-24.125 
274,10.832 
269,-100.000 
270,-0.156 
270,-0.378 
270,-0.373 
274,-91.774 
270,-30.820 
270,-0.304 
274,-127.317 
270,-8.727 
274,-100.000 
270,126.374 
275,-0.049 
275,-0.378 
275,-0.373 
270,-36.301 
275,-0.368 
275,-0.478 
275,-0.687 
275,-370.238 
270,-203.112 
275,-91.851 
270,-100.000 
271,-0.049 
271,2.725 
271,2.192 
271,-0.261 
275,-0.501 
271,-3.288 
271,-5.458 
271,4.689 
271,270.981 
275,-100.000 
276,-0.207 
276,-0.260 
271,-91.415 
276,-0.410 
276,-0.379 
271,225.673 
276,-0.329 
272,-0.049 
272,-0.079 
276,-0.270 
272,-0.208 
276,-6.672 
272,-0.382 
276,-150.505 
272,-0.390 
272,-108.360 
272,-0.228 
272,-18.940 
272,-198.224 
276,-264.932 
276,-100.000 
277,-0.049 
277,-2.479 
277,2.597 
277,-197.565 
277,11.804 
277,-24.297 
277,-3.852 
277,126.209 
277,-36.439 
277,-100.000 
278,-0.049 
278,-0.378 
278,-0.373 
278,-145.911 
278,30.123 
278,-10.928 
278,0.960 
278,197.557 
272,-100.000 
273,-0.049 
273,-0.198 
273,-0.337 
273,-0.358 
273,-0.635 
273,-62.580 
273,-0.445 
278,-3.383 
273,7.322 
273,-8.902 
273,-100.000 
274,-0.049 
274,-0.079 
274,-0.208 
274,-0.198 
274,-0.405 
278,-100.000 
274,314.660 
279,-0.049 
274,-22.589 
279,-0.079 
274,-36.611 
279,-23.923 
279,-7.269 
279,121.589 
279,-0.359 
279,-31.036 
279,-13.880 
274,22.970 
279,28.955 
279,-100.000 
274,272.514 
280,-0.049 
280,-30.717 
280,23.357 
275,-0.049 
280,121.644 
275,-0.116 
275,-0.119 
280,-3.204 
280,-3.478 
275,-0.102 
275,-0.184 
275,-0.158 
280,2.488 
275,-308.550 
275,-24.293 
280,-1.600 
280,-198.355 
275,0.000 
276,-0.049 
276,2.606 
276,4.739 
276,33.209 
276,-24.102 
276,126.287 
280,-100.000 
276,-203.190 
281,-0.049 
281,-0.223 
281,-0.337 
281,-36.410 
281,-122.519 
276,2.436 
281,-31.538 
276,-91.738 
281,-16.704 
281,-24.388 
276,-100.000 
281,2.111 
277,-0.049 
277,-0.079 
277,-0.089 
281,-100.000 
277,128.735 
282,-0.049 
282,-29.398 
277,-29.445 
282,-0.337 
277,137.925 
282,121.461 
282,6.414 
282,22.885 
277,-23.793 
282,137.327 
277,-13.244 
277,-2.911 
282,-19.948 
277,384.690 
278,-0.049 
278,-0.278 
278,-0.410 
282,-3.473 
278,-60.156 
278,-7.250 
278,-23.820 
278,-0.284 
278,121.853 
278,2.891 
282,340.509 
278,-100.000 
279,-0.207 
283,-0.094 
279,-0.223 
283,-0.116 
283,-62.280 
279,-0.249 
279,-0.218 
283,-0.337 
279,-0.286 
279,52.478 
283,-0.312 
283,1.541 
279,-23.834 
279,-262.589 
283,-5.973 
283,-3.275 
279,-5.310 
283,-2.982 
279,-100.000 
280,-0.049 
280,-0.223 
280,-3.290 
280,-5.959 
280,59.361 
280,-0.222 
280,-5.236 
283,-100.000 
284,-0.049 
284,-0.116 
280,-332.137 
284,-8.223 
284,-3.173 
284,-5.829 
284,-0.364 
284,-5.148 
280,-3.235 
280,-100.000 
284,2.119 
281,-0.049 
281,-0.378 
281,-145.935 
284,19.960 
281,-0.348 
281,-7.344 
281,9.576 
281,28.608 
281,24.699 
281,-265.170 
284,105.036 
285,-0.094 
285,-0.116 
285,-0.119 
285,-0.102 
285,-0.110 
285,2.433 
285,-5.190 
285,20.761 
285,0.000 
286,-0.049 
286,-0.198 
286,-5.679 
286,-3.002 
286,4.954 
286,-62.407 
286,-263.495 
286,116.842 
286,-12.850 
281,-100.000 
282,-0.049 
282,-122.091 
282,-23.717 
282,28.936 
282,262.012 
282,-7.143 
282,-0.330 
282,-0.331 
282,-5.479 
282,123.560 
283,-0.094 
283,5.183 
283,2.162 
283,-62.367 
283,-0.312 
283,4.486 
283,2.507 
286,-100.000 
283,1.967 
287,-0.049 
287,2.202 
283,-362.569 
287,2.626 
287,2.013 
287,-204.194 
287,116.307 
287,24.538 
287,-91.933 
287,-13.163 
283,-100.000 
284,-0.049 
284,-0.198 
284,-0.208 
284,-1.827 
287,-100.000 
284,311.815 
288,-0.049 
288,-0.079 
284,23.161 
288,-0.208 
288,-0.435 
288,-0.524 
284,-3.733 
284,-26.012 
288,-0.484 
288,-0.423 
288,12.945 
284,1.944 
288,-278.794 
284,348.751 
285,-0.049 
285,5.566 
285,9.865 
285,-3.269 
285,35.555 
285,-3.093 
285,126.394 
285,-203.196 
288,-100.000 
289,-0.207 
285,-23.937 
289,-0.223 
289,-0.219 
289,-0.379 
289,-60.224 
289,6.307 
289,-122.536 
289,0.417 
289,-24.082 
289,-100.000 
290,-0.207 
290,-0.223 
290,-62.249 
290,170.792 
290,-8.626 
290,24.763 
285,-100.000 
290,0.710 
286,-0.049 
286,-0.079 
290,116.444 
286,-0.208 
286,-5.458 
286,-0.335 
286,-6.122 
286,-5.692 
290,-4.033 
286,-180.214 
290,349.178 
291,-0.207 
286,-29.353 
291,-0.260 
291,-0.410 
291,-8.750 
291,-6.254 
291,4.258 
291,22.707 
291,134.926 
291,-118.037 
291,-100.000 
292,-0.094 
292,-0.260 
292,61.620 
292,7.041 
292,-6.254 
292,-3.342 
286,-100.000 
287,-0.049 
287,-0.079 
292,4.028 
292,-3.807 
287,-0.089 
287,-0.348 
287,-0.304 
287,-9.360 
292,-379.025 
287,-5.616 
292,-100.000 
293,-0.207 
293,-0.260 
293,-0.410 
293,-0.659 
287,-203.767 
293,-0.635 
287,0.000 
293,-147.538 
288,-0.049 
293,-0.445 
288,4.677 
288,124.718 
293,6.482 
288,-29.726 
288,-24.088 
288,-141.316 
288,1.881 
293,-7.785 
293,-100.000 
294,-0.049 
294,-0.079 
294,-0.373 
288,-36.698 
288,-3.723 
294,-0.348 
294,-30.776 
294,-30.846 
288,-100.000 
294,-122.328 
294,-200.766 
289,-0.049 
289,-0.079 
294,-15.969 
289,-0.089 
289,-0.348 
289,-0.304 
289,-6.215 
289,-5.616 
289,-3.395 
294,-100.000 
289,0.000 
295,-0.049 
290,-0.049 
295,6.842 
290,-4.953 
295,23.178 
290,-5.853 
295,199.814 
290,5.079 
295,-122.435 
290,-0.499 
295,-16.430 
290,-0.497 
295,-25.736 
290,-3.463 
290,-3.072 
295,2.200 
290,-101.047 
295,-91.706 
295,-100.000 
296,-0.049 
296,-0.223 
296,61.693 
290,-100.000 
296,-0.314 
291,-0.049 
296,113.858 
291,-0.223 
291,61.812 
296,-24.010 
291,-0.314 
291,-0.609 
296,-0.480 
291,-0.550 
291,113.651 
296,-19.710 
291,-19.249 
291,-13.259 
296,-3.591 
291,181.380 
292,-0.049 
292,-0.171 
292,-0.167 
292,-0.142 
296,106.368 
292,-7.813 
297,-0.049 
292,102.078 
297,-0.223 
297,61.693 
292,-25.529 
292,-3.189 
297,-0.551 
297,9.986 
297,-0.815 
297,-3.788 
292,0.000 
297,-5.891 
293,-0.049 
293,-0.223 
293,-0.410 
293,-0.379 
293,61.583 
297,-233.044 
293,-0.377 
297,-100.000 
298,-0.094 
293,-375.435 
298,-0.278 
298,-0.561 
298,351.952 
293,-0.456 
298,6.016 
298,-22.220 
298,-3.843 
293,-2.014 
298,-24.228 
293,-100.000 
294,-0.049 
294,-0.079 
294,-0.089 
294,-0.102 
294,-0.184 
294,-0.365 
294,53.945 
298,-91.780 
294,-18.164 
294,23.013 
298,355.063 
299,-0.207 
299,-0.223 
299,5.307 
299,-19.654 
299,126.023 
299,-3.871 
299,-36.619 
299,-24.348 
299,-3.457 
299,-100.000 
300,-0.049 
300,-0.198 
300,-0.208 
300,114.656 
300,-0.405 
300,-24.147 
300,-14.450 
300,-203.209 
294,-100.000 
295,-0.049 
295,-29.398 
295,-138.469 
295,-7.116 
300,-33.287 
295,-0.270 
300,-100.000 
295,-0.325 
301,-0.207 
295,-0.653 
301,-0.260 
295,-36.595 
301,-0.410 
301,-0.379 
295,-117.701 
301,-6.104 
301,121.075 
295,-100.000 
296,-0.049 
296,-122.091 
296,-23.717 
296,-0.261 
301,22.707 
296,-30.830 
296,-200.676 
301,9.827 
296,-8.663 
301,-141.431 
296,-91.602 
296,-3.262 
296,-100.000 
297,-0.049 
297,-0.198 
297,-0.208 
297,328.779 
297,29.696 
297,-22.220 
301,-100.000 
302,-0.049 
302,-0.171 
297,-3.843 
302,-2.971 
302,20.138 
302,-12.783 
302,-25.459 
297,2.009 
302,116.864 
297,-24.217 
302,-3.352 
302,-198.151 
297,374.661 
298,-0.049 
298,-0.116 
298,-0.281 
298,-0.323 
298,2.274 
298,-136.172 
298,2.296 
298,2.275 
298,-13.232 
302,-100.000 
303,-0.049 
303,-0.079 
303,-0.089 
303,5.851 
303,2.784 
303,4.400 
303,-0.425 
303,4.504 
303,-62.050 
303,-100.000 
298,-100.000 
304,-0.049 
304,-0.079 
299,-0.049 
304,-0.208 
299,4.677 
304,-0.382 
299,-5.853 
304,-0.345 
304,-21.312 
299,2.636 
299,1.639 
299,4.579 
304,2.740 
304,-357.136 
304,-23.894 
299,-3.449 
299,-62.639 
299,-392.739 
299,-100.000 
300,-0.207 
300,-0.296 
300,-0.278 
300,-49.814 
300,-2.985 
300,-3.293 
300,140.408 
304,-100.000 
300,126.642 
305,-0.049 
305,-29.398 
300,-36.261 
305,6.584 
305,8.246 
305,-36.424 
305,-141.103 
305,-24.180 
305,1.943 
305,-127.721 
300,211.060 
301,-0.049 
305,-100.000 
301,-0.171 
306,-0.049 
301,23.178 
306,-0.116 
301,-7.269 
306,-0.238 
301,-0.423 
306,2.958 
306,19.946 
306,116.331 
301,121.653 
301,-30.874 
306,197.151 
301,-200.444 
306,-3.438 
301,0.000 
302,-0.207 
302,-0.260 
302,-0.249 
302,-0.379 
302,-0.609 
302,-0.937 
302,-62.877 
306,-24.261 
302,-0.925 
302,-20.075 
302,-100.000 
306,366.284 
303,-0.049 
303,-4.953 
307,-0.094 
303,-0.167 
307,-0.278 
303,2.052 
307,-0.561 
307,351.952 
303,-349.299 
307,-0.905 
303,-3.044 
307,6.072 
303,-36.217 
303,-3.556 
307,-92.052 
303,-1.749 
307,-24.269 
303,-100.000 
307,17.873 
304,-0.049 
304,-122.091 
307,521.488 
304,-0.208 
308,-0.207 
304,-30.822 
308,-0.260 
304,-200.703 
308,-0.410 
308,-62.410 
308,-0.609 
304,-0.365 
308,-0.657 
304,-23.855 
308,329.836 
308,-0.694 
304,-7.233 
304,-10.736 
308,-24.082 
308,549.835 
309,-0.207 
309,-0.223 
309,2.852 
309,-5.518 
309,-3.133 
309,-63.186 
304,-100.000 
305,-0.049 
305,2.954 
309,-141.098 
305,2.626 
305,-13.001 
305,2.043 
305,-36.622 
305,-203.326 
309,-24.077 
309,116.637 
305,-24.306 
305,-127.673 
309,-100.000 
310,-0.049 
310,-0.079 
310,-0.219 
310,61.717 
310,-0.286 
310,-13.790 
310,-5.161 
310,-0.365 
310,-6.145 
305,-100.000 
306,-0.049 
306,-0.171 
306,-0.285 
306,-0.358 
306,-0.312 
310,-100.000 
306,-3.643 
311,-0.156 
306,4.591 
311,-0.171 
306,-3.169 
311,-23.717 
311,30.278 
311,-200.553 
311,6.720 
311,-0.390 
306,-64.651 
311,-122.410 
311,-21.577 
306,-100.000 
307,-0.207 
307,-62.254 
307,-0.219 
307,-229.651 
307,30.272 
307,-0.538 
307,-17.174 
307,-13.022 
307,23.256 
307,-100.000 
308,-0.156 
308,-0.171 
308,-0.373 
308,-0.467 
308,-0.423 
308,-1.633 
308,4.789 
308,1.644 
308,-62.683 
311,-100.000 
312,-0.207 
312,-0.260 
312,-0.410 
312,-0.659 
312,129.750 
312,-0.538 
312,-16.614 
312,23.024 
312,-3.851 
312,-100.000 
313,-0.207 
308,-100.000 
313,-0.260 
309,-0.049 
313,-0.410 
309,-0.079 
313,181.129 
309,-0.373 
313,-0.609 
313,-0.657 
309,-0.348 
313,5.956 
309,-0.304 
309,-11.026 
309,88.232 
309,197.710 
313,-25.701 
313,-265.674 
313,-100.000 
314,-0.049 
309,0.000 
314,-0.079 
310,-0.049 
314,-7.363 
310,-0.223 
314,2.992 
310,-0.219 
314,-5.365 
314,-5.772 
310,-151.382 
314,-0.067 
310,23.370 
310,-7.024 
310,-0.975 
314,-2.998 
310,-260.037 
314,0.000 
315,-0.049 
315,200.083 
315,-122.219 
315,-0.198 
310,-25.596 
315,-0.287 
315,-31.170 
310,-100.000 
311,-0.049 
311,-0.223 
315,-22.093 
311,-0.219 
311,-0.314 
315,-23.948 
315,-13.232 
311,-0.286 
311,-18.839 
311,-59.756 
311,-0.204 
315,-100.000 
316,-0.049 
316,-0.079 
316,-0.281 
316,-62.410 
316,-0.447 
311,-111.022 
316,-0.636 
311,-100.000 
312,-0.049 
312,-0.079 
316,4.765 
312,-0.119 
312,-152.715 
312,3.992 
312,-198.170 
312,-91.492 
312,2.615 
316,-4.121 
312,-1.840 
316,68.703 
312,-100.000 
313,-0.049 
313,-122.091 
313,28.956 
313,261.998 
316,-100.000 
313,-23.850 
317,-0.049 
317,-0.116 
317,-0.193 
313,6.462 
317,2.577 
317,5.373 
317,-3.211 
313,-0.717 
313,-19.475 
317,-62.402 
317,2.706 
317,-5.095 
317,229.087 
313,2.490 
318,-0.049 
318,-0.079 
318,-0.089 
318,-8.198 
318,5.073 
318,-62.289 
318,75.639 
318,2.657 
318,2.164 
318,-100.000 
319,-0.094 
319,-0.116 
319,-0.238 
319,90.953 
319,-200.703 
319,-23.946 
319,6.261 
319,-33.446 
313,113.604 
314,-0.049 
314,-5.724 
314,2.311 
314,196.314 
314,35.394 
319,-9.383 
314,-3.254 
319,-100.000 
314,-23.940 
320,-0.207 
320,-62.254 
320,-0.219 
314,126.208 
320,-0.195 
320,-0.329 
320,4.321 
320,-5.322 
314,-91.780 
320,2.335 
320,-148.725 
314,417.070 
315,-0.049 
315,-0.171 
315,2.637 
315,4.613 
315,-2.617 
315,-5.916 
315,-3.258 
315,-105.792 
320,-100.000 
321,-0.207 
321,-0.223 
315,0.000 
321,-0.249 
316,-0.049 
321,-0.259 
316,-0.278 
316,-0.281 
321,-62.224 
316,-0.379 
321,-0.315 
316,116.188 
316,-23.820 
316,-138.622 
321,-5.920 
316,-0.365 
321,-5.121 
316,-0.458 
321,-3.291 
321,-100.000 
322,-0.049 
322,-0.198 
322,-0.208 
322,-62.344 
322,-8.508 
316,-100.000 
322,-5.634 
317,-0.049 
322,-0.511 
317,-5.416 
317,-4.994 
322,-3.191 
317,-2.664 
317,-62.359 
317,-3.448 
317,-83.371 
317,2.272 
317,0.518 
322,-307.750 
322,-100.000 
323,-0.049 
323,-0.378 
323,-0.373 
323,-0.348 
323,-62.418 
323,-323.899 
323,-0.330 
323,-0.331 
317,-100.000 
323,-4.708 
318,-0.156 
318,-0.378 
318,-0.373 
318,-0.368 
318,-0.478 
323,-100.000 
318,-16.052 
324,-0.049 
324,-0.171 
324,-0.167 
318,-62.402 
324,-0.142 
324,61.850 
324,-0.270 
324,-0.284 
324,-0.396 
318,5.280 
318,336.696 
324,1.864 
324,-100.000 
325,-0.049 
325,-0.079 
325,-0.089 
325,-0.198 
325,78.101 
325,23.192 
325,4.686 
325,-12.975 
318,530.227 
319,-0.156 
319,-0.296 
319,61.753 
319,-0.239 
325,0.000 
319,-0.181 
326,-0.049 
319,-0.309 
326,-0.079 
326,-0.208 
319,-2.842 
326,-0.221 
319,-216.191 
326,-0.345 
326,-0.526 
319,24.919 
326,-360.265 
326,-6.871 
326,-91.770 
319,-100.000 
320,-0.156 
320,-0.171 
320,23.384 
320,30.169 
326,-100.000 
320,-200.662 
327,-0.094 
320,-7.230 
327,-0.260 
327,-0.249 
320,-122.349 
327,-0.218 
327,61.702 
327,-382.446 
320,2.127 
327,-9.068 
327,-13.022 
327,-3.397 
320,2.619 
327,-100.000 
328,-0.049 
328,-0.079 
328,-7.010 
328,-0.079 
328,30.374 
328,199.831 
328,-122.386 
328,-21.382 
328,0.000 
329,-0.049 
329,-3.150 
329,4.785 
329,-5.402 
329,-3.031 
320,-100.000 
329,-5.815 
329,-0.316 
321,-0.049 
321,4.677 
321,124.718 
321,11.775 
321,-36.678 
321,-203.402 
329,-0.246 
321,-3.610 
329,-96.241 
321,-3.899 
321,32.097 
329,-100.000 
330,-0.049 
330,-0.079 
330,6.713 
330,-30.822 
330,23.115 
330,5.966 
330,201.815 
330,-3.560 
330,-91.858 
330,-100.000 
321,-100.000 
331,-0.049 
331,-0.079 
322,-0.207 
331,-0.089 
322,-0.223 
331,-0.198 
322,2.733 
331,-71.754 
322,-60.182 
331,-23.941 
322,2.297 
322,-5.318 
331,-19.387 
322,-110.957 
322,-12.824 
322,23.238 
322,-100.000 
331,-3.598 
323,-0.049 
323,-3.150 
323,5.437 
331,24.590 
323,9.637 
323,-203.087 
331,-100.000 
323,-3.160 
332,-0.049 
323,-24.063 
332,2.725 
332,5.019 
332,33.209 
323,-36.462 
332,-24.102 
332,202.082 
323,-127.436 
332,-127.601 
332,-13.170 
332,-3.544 
323,-100.000 
324,-0.094 
324,-0.278 
324,-30.882 
324,-23.874 
324,6.649 
324,-0.626 
324,-2.914 
324,-117.255 
324,0.000 
325,-0.207 
325,-29.398 
325,-138.469 
332,-100.000 
325,-0.195 
325,23.163 
333,-0.156 
333,-0.171 
333,-0.167 
333,4.943 
325,-7.349 
333,179.547 
325,-122.342 
333,2.562 
333,-127.517 
325,-31.127 
325,-18.254 
333,-13.093 
333,-36.289 
325,-100.000 
326,-0.049 
326,-3.150 
326,-4.963 
326,-5.402 
326,-0.381 
326,-6.073 
326,71.174 
326,2.340 
326,-203.015 
333,-100.000 
334,-0.156 
334,-0.378 
334,-0.484 
334,-6.090 
334,-5.861 
326,-100.000 
334,-5.630 
327,-0.049 
327,-0.198 
327,-7.129 
334,-4.121 
327,-30.822 
327,-24.050 
334,-162.932 
327,-122.440 
334,139.751 
327,199.944 
327,-0.345 
327,-91.448 
327,-100.000 
328,-0.049 
328,-0.223 
328,-62.249 
328,-0.195 
328,-0.151 
334,-100.000 
328,-56.222 
335,-0.049 
328,-0.242 
335,-2.479 
335,-4.963 
328,30.145 
328,-16.749 
335,5.198 
335,-3.136 
335,-0.245 
335,-5.918 
335,-3.085 
335,-129.040 
335,-100.000 
336,-0.049 
336,-0.198 
336,-0.208 
336,-0.435 
336,12.625 
336,324.733 
336,-13.209 
336,-24.109 
336,-36.481 
328,-100.000 
329,-0.049 
329,-0.079 
329,-0.167 
329,-0.261 
329,-0.552 
329,-133.020 
336,236.626 
337,-0.207 
337,-29.398 
329,-91.769 
337,137.913 
337,121.461 
337,-31.124 
329,6.482 
337,-5.579 
337,-3.433 
329,-3.194 
337,-24.056 
337,0.560 
337,228.408 
338,-0.207 
338,61.808 
338,-0.278 
338,-253.246 
338,0.452 
338,12.344 
329,-100.000 
330,-0.049 
338,-36.293 
330,-5.724 
330,2.311 
330,4.677 
338,-3.191 
330,-2.972 
330,318.286 
338,2.710 
330,-36.232 
338,-100.000 
339,-0.207 
339,61.808 
339,-0.410 
339,-8.079 
339,-0.355 
339,4.398 
339,-3.455 
339,-6.570 
330,-3.306 
339,2.172 
330,-91.371 
339,-100.000 
330,213.390 
340,-0.156 
331,-0.049 
340,-0.296 
340,61.547 
331,-2.883 
331,-5.734 
331,-5.563 
340,-253.452 
331,34.025 
340,121.506 
331,-23.870 
340,-7.349 
331,-3.299 
340,-31.091 
340,0.154 
331,197.483 
331,-91.500 
340,2.570 
331,-100.000 
332,-0.049 
332,-0.278 
332,37.241 
332,-0.382 
332,-0.345 
332,199.712 
340,-100.000 
341,-0.156 
332,-24.059 
341,-23.722 
341,-122.385 
332,-122.528 
341,-30.969 
332,-27.632 
341,-29.575 
341,-7.456 
332,-100.000 
333,-0.049 
333,-3.150 
341,140.085 
333,3.063 
341,-3.512 
333,-127.084 
341,-3.219 
333,-3.210 
333,-29.619 
333,12.087 
341,-100.000 
342,-0.049 
333,-36.272 
342,-0.079 
333,-265.114 
342,-0.373 
342,-0.348 
342,-0.304 
333,-100.000 
342,-0.240 
334,-0.049 
334,4.677 
334,-2.608 
342,-339.198 
334,-3.002 
342,-30.925 
334,-0.423 
334,2.475 
334,-99.181 
334,12.039 
334,35.190 
334,-100.000 
335,-0.207 
342,-13.009 
335,-0.223 
335,-0.278 
335,-0.239 
335,-46.105 
335,-0.222 
335,-122.254 
335,-4.551 
335,-265.056 
335,-100.000 
336,-0.207 
336,-0.223 
336,5.307 
336,-3.385 
336,-3.193 
336,4.549 
336,-0.243 
336,4.861 
336,-60.324 
342,-100.000 
343,-0.049 
343,-0.171 
336,-100.000 
343,-0.167 
337,-0.049 
343,-0.162 
337,-0.378 
343,-0.229 
337,26.329 
343,-0.319 
337,-127.235 
343,-122.488 
337,-12.989 
343,-7.727 
337,-3.430 
337,-3.079 
343,-203.304 
337,35.577 
337,202.208 
343,-100.000 
344,-0.207 
344,61.808 
344,-0.219 
344,-7.469 
344,2.653 
344,5.438 
344,-0.330 
344,-3.402 
344,-141.262 
344,-100.000 
345,-0.049 
345,-0.223 
345,61.693 
345,-0.314 
337,-100.000 
338,-0.156 
345,-3.441 
338,-0.171 
345,-5.515 
338,-0.463 
345,-3.167 
338,-254.865 
338,-0.381 
345,80.005 
338,-7.230 
338,-0.219 
345,-24.203 
338,-122.238 
338,0.000 
339,-0.156 
339,-0.171 
339,-176.897 
339,6.660 
345,117.754 
339,-0.335 
346,-0.156 
339,-0.509 
346,-0.378 
346,-0.373 
339,-31.024 
346,0.056 
346,2.648 
339,-5.297 
346,-5.233 
346,-5.573 
346,-373.693 
346,-12.997 
346,-100.000 
347,-0.049 
347,-0.079 
347,-0.089 
347,-193.558 
347,32.585 
347,-0.325 
347,23.102 
339,126.261 
347,29.956 
347,11.064 
339,-100.000 
340,-0.049 
340,5.447 
340,4.429 
340,131.293 
340,2.309 
347,-100.000 
340,22.599 
348,-0.207 
340,-203.549 
348,-0.260 
348,-0.410 
348,-0.659 
348,61.422 
340,-36.657 
348,-0.538 
348,-0.651 
348,-101.319 
348,-7.702 
340,-3.548 
348,-100.000 
349,-0.207 
349,-0.223 
349,-0.337 
349,150.636 
349,-7.428 
349,-262.874 
349,-24.031 
340,-100.000 
341,-0.156 
341,-0.378 
341,-0.484 
349,-0.569 
349,-0.916 
341,-0.445 
341,-0.387 
349,-100.000 
341,-0.658 
350,-0.207 
350,-0.223 
341,4.972 
350,-0.337 
350,-22.805 
350,-138.758 
350,121.212 
350,-24.268 
350,-0.718 
350,-22.733 
341,-59.996 
341,4.416 
341,-100.000 
342,-0.049 
342,-5.724 
342,-0.373 
342,-5.668 
342,-3.387 
342,-3.211 
342,-2.716 
342,-5.360 
342,-82.045 
342,-100.000 
343,-0.156 
343,-0.171 
343,61.753 
343,-0.239 
343,-0.387 
343,0.013 
343,2.503 
350,-100.000 
343,4.375 
351,-0.207 
343,4.094 
351,-0.223 
351,-0.249 
351,8.010 
351,-0.286 
351,-122.227 
351,23.158 
351,-262.698 
351,-4.497 
343,135.011 
351,-100.000 
352,-0.049 
344,-0.156 
344,-0.205 
352,-0.079 
344,53.797 
352,-122.101 
352,-0.079 
344,-29.595 
352,-30.828 
344,6.360 
352,-7.045 
344,13.341 
352,-12.778 
344,2.021 
344,-127.811 
352,-203.078 
344,-3.585 
352,-24.024 
344,-100.000 
345,-0.156 
345,-0.378 
345,-0.373 
345,-0.368 
345,-11.492 
345,5.281 
345,-5.266 
345,-125.476 
352,-100.000 
353,-0.049 
353,-0.171 
353,-0.193 
353,-0.280 
353,12.779 
353,-179.710 
345,-198.431 
345,-100.000 
353,0.853 
346,-0.049 
353,-29.529 
346,-0.079 
353,-3.251 
346,-3.048 
346,2.636 
346,1.639 
346,-197.342 
353,-100.000 
354,-0.207 
346,-33.691 
354,-0.223 
354,-0.219 
354,-36.410 
346,-24.269 
346,24.413 
354,121.742 
354,-0.444 
354,7.539 
354,-36.509 
346,-100.000 
347,-0.049 
347,-4.953 
347,5.556 
347,-3.150 
347,-5.365 
347,-142.668 
354,140.053 
347,-23.824 
347,-3.128 
347,-202.993 
354,237.104 
355,-0.049 
355,-0.079 
355,-0.089 
355,-0.079 
355,-0.168 
355,-3.061 
355,87.699 
355,-36.611 
355,-24.131 
355,134.027 
356,-0.207 
356,-0.260 
356,-0.410 
356,61.651 
356,-0.329 
356,-0.476 
356,-6.386 
356,5.043 
356,2.346 
356,-100.000 
357,-0.207 
357,-0.260 
357,-0.410 
357,-0.659 
357,-182.397 
357,-10.632 
347,-100.000 
348,-0.049 
357,-23.995 
348,-4.953 
357,12.127 
348,-0.219 
348,-64.626 
348,-5.915 
357,-3.305 
357,-100.000 
348,296.443 
358,-0.207 
358,28.952 
358,-30.850 
348,-3.788 
358,-23.809 
358,-0.312 
358,-1.311 
348,2.072 
358,2.241 
348,-26.221 
358,-117.782 
358,0.538 
358,-100.000 
359,-0.207 
359,-62.254 
359,-0.219 
359,-0.195 
359,-114.636 
359,-0.325 
359,-23.999 
348,227.862 
349,-0.207 
349,-0.223 
349,-36.315 
349,-122.207 
359,-0.569 
349,-138.521 
349,-30.816 
349,-0.244 
359,30.186 
349,-0.371 
359,-100.000 
349,-15.042 
360,-0.049 
360,-0.079 
360,-0.089 
360,-0.264 
349,-100.000 
360,223.454 
350,-0.049 
360,-0.569 
350,5.447 
350,-10.280 
360,90.639 
350,2.636 
350,-26.207 
350,-203.530 
360,-122.587 
350,-33.702 
360,-27.691 
350,-127.741 
350,22.651 
360,171.239 
361,-0.049 
361,-0.171 
361,-0.373 
361,-0.348 
350,-100.000 
361,-1.934 
351,-0.049 
361,-3.311 
351,-3.150 
351,2.597 
351,2.716 
351,34.995 
351,-13.415 
361,2.529 
351,-24.339 
361,-5.624 
351,-127.770 
361,365.899 
361,584.200 
351,28.395 
362,-0.049 
362,2.202 
362,-3.012 
362,-5.191 
362,-5.603 
362,-5.891 
362,-105.389 
362,2.641 
351,-100.000 
352,-0.049 
352,-0.198 
352,199.836 
352,-0.791 
352,-12.188 
352,-117.968 
352,-92.041 
362,32.496 
352,-26.351 
352,-24.438 
362,-100.000 
363,-0.049 
363,-0.171 
363,-0.373 
363,-0.348 
363,-1.305 
363,-5.707 
352,-100.000 
353,-0.094 
353,-0.260 
363,1.965 
353,-0.249 
353,-0.379 
353,-0.329 
363,-318.718 
353,-53.232 
353,-122.298 
353,-262.607 
353,-10.055 
363,0.964 
353,-100.000 
354,-0.049 
354,5.447 
354,-2.608 
354,-190.644 
354,-3.210 
354,-3.427 
354,-127.292 
354,-24.078 
354,35.513 
363,-100.000 
364,-0.049 
364,-0.079 
364,-29.394 
364,-0.195 
364,-3.155 
364,-1.720 
364,-24.118 
364,-117.943 
354,-100.000 
355,-0.049 
355,5.447 
355,-5.538 
355,-20.987 
364,-260.580 
355,-24.017 
355,28.711 
355,263.996 
355,-3.556 
355,-127.494 
355,133.602 
356,-0.049 
356,2.992 
364,-100.000 
356,2.944 
365,-0.049 
356,35.519 
365,-0.198 
365,-0.208 
365,-0.261 
365,-0.454 
356,-23.941 
365,-0.390 
365,1.234 
356,126.287 
356,201.774 
365,4.750 
365,-326.112 
356,-92.043 
356,11.635 
356,549.835 
357,-0.049 
357,-200.360 
357,6.713 
357,-11.394 
357,-23.767 
357,-127.245 
357,2.529 
357,-3.242 
357,0.000 
358,-0.207 
358,-29.398 
358,-0.219 
358,137.937 
358,-0.507 
358,-122.574 
358,-7.400 
358,-5.433 
358,-36.498 
358,-100.000 
359,-0.049 
359,-5.416 
359,-3.085 
359,-5.908 
359,-0.478 
359,-0.476 
359,-40.366 
359,140.286 
359,126.428 
359,334.277 
360,-0.049 
365,-100.000 
360,-3.150 
366,-0.049 
360,-3.359 
366,-2.479 
360,197.446 
366,-3.012 
366,-62.344 
360,-91.713 
366,4.486 
360,23.092 
366,-0.340 
366,-5.811 
360,0.559 
360,-26.053 
366,-158.831 
360,-118.025 
366,12.205 
366,-100.000 
367,-0.049 
367,-62.254 
367,2.063 
367,-3.118 
367,-3.341 
367,-0.222 
360,-100.000 
367,-5.888 
367,-249.600 
361,-0.049 
367,116.556 
361,5.447 
361,2.626 
361,9.281 
361,-203.443 
361,-3.516 
361,-127.529 
367,-100.000 
361,32.242 
368,-0.049 
368,-2.479 
368,61.812 
368,-3.266 
368,-0.387 
368,-3.232 
361,-36.541 
368,4.544 
368,5.314 
368,-385.285 
368,-100.000 
369,-0.049 
369,2.992 
369,-2.489 
369,-197.327 
369,126.481 
369,-13.041 
369,-91.685 
361,-100.000 
369,35.046 
362,-0.049 
369,-3.529 
362,4.677 
362,124.718 
362,23.052 
362,-3.258 
362,-3.461 
362,35.113 
362,-13.244 
369,-100.000 
370,-0.049 
370,2.992 
370,-0.373 
370,5.178 
362,0.000 
370,1.740 
363,-0.049 
370,-234.500 
363,-3.150 
363,-4.963 
363,-5.402 
363,-0.317 
370,-3.316 
363,-3.050 
363,111.537 
370,-91.656 
363,-203.005 
363,-91.426 
370,116.706 
363,-100.000 
364,-0.049 
364,5.022 
364,4.314 
364,-156.308 
370,-100.000 
364,2.165 
371,-0.049 
371,-0.198 
364,1.955 
371,-0.208 
371,-0.221 
364,-30.022 
364,-24.476 
371,84.306 
371,-200.527 
371,1.917 
364,-13.346 
371,-3.158 
364,-100.000 
365,-0.049 
365,-0.079 
365,3.156 
365,-3.269 
371,-91.490 
365,4.588 
365,-68.553 
365,32.495 
365,-3.299 
365,-23.894 
365,-100.000 
366,-0.049 
366,-2.479 
366,5.019 
366,4.331 
366,-45.422 
366,-92.143 
366,-3.651 
366,-3.926 
366,-24.450 
371,-100.000 
372,-0.049 
372,-0.198 
372,-0.208 
366,-100.000 
372,-0.221 
367,-0.049 
367,-5.724 
367,-0.167 
372,-0.229 
367,2.543 
367,-3.288 
372,-0.158 
367,-20.052 
367,197.456 
367,-91.568 
367,116.794 
372,-15.482 
372,304.976 
372,0.000 
373,-0.049 
373,-0.079 
373,-0.089 
373,-0.142 
373,-0.217 
373,-0.153 
373,-0.228 
373,-14.010 
367,371.358 
373,-372.987 
368,-0.049 
368,-0.171 
373,-100.000 
368,-0.167 
374,-0.207 
368,-0.261 
374,-0.223 
368,-0.229 
374,5.307 
368,-0.319 
374,4.323 
368,200.064 
374,-0.537 
374,-138.168 
368,-5.414 
374,2.443 
374,-260.274 
368,-91.576 
368,369.809 
369,-0.094 
369,-0.278 
369,-0.561 
369,-0.603 
369,-0.552 
374,2.609 
369,-10.369 
369,-62.594 
369,-356.012 
369,-13.066 
369,-100.000 
370,-0.049 
370,-0.223 
370,-5.093 
370,2.757 
374,-100.000 
370,2.297 
375,-0.207 
370,-90.485 
375,-0.223 
370,-265.428 
375,-0.337 
370,-24.356 
375,-0.358 
375,-0.300 
375,-0.222 
370,-13.353 
375,0.676 
375,59.268 
375,-365.171 
375,-100.000 
376,-0.049 
376,-200.360 
376,121.804 
376,-10.624 
376,-91.476 
376,-36.278 
370,-100.000 
376,-1.681 
371,-0.207 
371,-0.223 
376,2.272 
371,-0.278 
371,-0.445 
371,-0.387 
371,-0.315 
376,-23.921 
371,-104.327 
371,-0.526 
376,-100.000 
377,-0.049 
377,-0.378 
371,-262.694 
377,-62.514 
377,-0.465 
377,-0.561 
377,-164.811 
377,5.871 
377,-20.492 
377,-3.585 
371,-100.000 
372,-0.049 
372,-0.198 
372,-0.208 
377,-100.000 
372,-0.221 
378,-0.049 
378,-0.079 
372,-0.184 
378,-0.089 
372,-0.365 
378,-0.198 
378,-0.345 
378,-48.195 
378,-17.251 
372,-0.575 
372,3.163 
378,-23.906 
372,-34.761 
378,0.772 
372,-100.000 
373,-0.094 
373,-0.475 
373,-0.463 
373,-254.865 
373,-0.381 
373,-7.230 
373,-13.601 
373,-127.231 
373,-3.138 
373,-100.000 
374,-0.094 
374,-0.278 
374,152.332 
374,-23.874 
374,-13.804 
374,-3.211 
374,197.285 
374,0.672 
374,-91.706 
374,349.941 
375,-0.049 
375,-30.717 
375,-122.292 
375,-200.545 
375,-91.534 
375,-0.377 
375,-14.283 
375,-13.022 
378,-100.000 
379,-0.049 
379,-0.079 
375,23.256 
379,-0.089 
379,4.272 
379,2.784 
379,4.731 
379,-6.256 
379,348.211 
375,-100.000 
376,-0.094 
376,-0.278 
376,-0.561 
376,158.592 
379,-92.050 
376,-19.876 
376,22.671 
376,-30.019 
379,440.741 
376,-141.369 
380,-0.207 
380,-0.260 
380,-60.025 
380,-138.630 
380,-0.609 
380,6.383 
380,-122.460 
376,-3.585 
380,23.024 
376,-100.000 
377,-0.049 
377,-3.150 
377,-5.734 
377,-3.002 
380,-0.382 
377,-5.807 
380,-100.000 
377,-2.850 
381,-0.207 
377,234.159 
381,61.808 
381,-2.619 
381,-2.999 
381,-0.181 
377,-24.154 
381,2.762 
381,-5.671 
377,-91.706 
381,232.829 
381,116.357 
377,-100.000 
378,-0.049 
378,-0.198 
381,1670.393 
378,-0.445 
382,-0.049 
378,-129.368 
382,-0.198 
378,-29.683 
382,-0.445 
378,-139.050 
382,-62.582 
382,10.253 
382,4.491 
378,22.833 
382,-0.716 
378,-0.718 
382,-5.465 
378,-10.288 
378,-100.000 
379,-0.049 
382,-3.457 
379,-0.198 
379,-0.285 
379,-0.358 
379,-5.924 
379,2.264 
379,-117.855 
379,-13.166 
379,135.269 
379,-100.000 
380,-0.049 
382,-100.000 
380,-0.198 
383,-0.207 
380,-0.561 
383,-0.260 
380,-0.603 
380,-0.758 
383,-0.410 
380,4.843 
383,7.711 
383,3.867 
380,-3.877 
383,-6.582 
380,-29.702 
380,-127.268 
383,-60.477 
383,-379.036 
380,-100.000 
381,-0.049 
383,-3.411 
381,-0.079 
381,-0.167 
381,-0.261 
381,-0.499 
383,-100.000 
384,-0.207 
384,-0.260 
381,-376.991 
384,-0.410 
381,-0.693 
384,-0.420 
384,-0.635 
384,61.275 
384,-1.050 
381,2.728 
381,0.587 
384,-20.145 
384,4.094 
381,-100.000 
382,-0.049 
382,-0.079 
382,-2.663 
382,-0.348 
382,-5.297 
382,-2.759 
382,-3.198 
382,44.119 
382,90.775 
382,-100.000 
383,-0.094 
383,-0.278 
384,-100.000 
383,-0.410 
385,-0.049 
383,-0.659 
385,-0.116 
385,-0.193 
385,-62.289 
383,14.812 
385,-0.194 
385,-0.270 
383,-134.447 
385,-0.445 
383,-3.651 
385,-21.550 
383,-265.567 
385,228.393 
383,-4.033 
385,170.290 
386,-0.049 
386,-0.116 
386,-0.119 
386,-0.221 
386,-0.499 
386,267.476 
386,-0.575 
386,90.701 
383,-100.000 
384,-0.094 
384,-0.278 
386,-15.820 
384,-0.281 
386,1146.091 
384,-0.529 
387,-0.049 
384,-0.758 
387,-0.116 
384,-17.103 
387,-0.238 
384,-3.400 
387,-152.834 
384,-258.687 
387,-7.266 
387,199.874 
387,-0.331 
387,-16.378 
384,-91.588 
387,0.000 
388,-0.049 
388,-0.079 
388,-0.612 
388,4.439 
388,61.523 
388,353.820 
388,-13.283 
388,-36.509 
384,-100.000 
385,-0.094 
388,-3.711 
385,-0.278 
385,152.052 
385,-7.465 
388,1184.538 
385,-0.507 
389,-0.049 
385,-29.713 
389,-0.079 
385,-10.933 
389,-0.089 
389,7.251 
389,-2.972 
389,4.850 
389,-0.390 
389,2.002 
385,-3.527 
389,-62.325 
385,-260.357 
385,-100.000 
386,-0.094 
386,-0.278 
386,152.052 
386,6.377 
389,-100.000 
390,-0.049 
386,-29.784 
390,2.725 
390,2.944 
390,-36.122 
386,18.034 
390,-3.255 
390,-127.014 
390,-202.894 
390,-91.382 
390,12.401 
386,-3.917 
386,-3.541 
386,22.770 
390,-100.000 
391,-0.049 
391,-0.079 
391,-0.208 
386,-100.000 
391,-0.198 
387,-0.049 
391,-0.287 
387,-29.398 
387,23.273 
387,-30.860 
387,-7.115 
391,-62.356 
387,-0.315 
391,7.025 
387,-6.672 
391,-0.569 
391,4.401 
387,135.486 
387,-3.529 
387,298.341 
388,-0.049 
391,-100.000 
388,-0.079 
392,-0.049 
388,-0.373 
388,-5.819 
392,-0.079 
392,-0.167 
392,-0.142 
388,-3.108 
392,-0.110 
388,-6.004 
392,-0.158 
392,-62.153 
392,-19.424 
388,-220.575 
388,-25.701 
392,-280.016 
392,-100.000 
388,-33.152 
393,-0.049 
393,61.808 
388,-100.000 
393,-0.337 
389,-0.049 
393,-0.337 
389,4.677 
393,-0.286 
389,-5.853 
393,-0.334 
389,-0.314 
389,59.242 
393,-0.244 
389,4.966 
389,2.590 
393,2.715 
389,2.272 
393,-331.342 
389,-392.544 
393,-100.000 
394,-0.049 
394,-0.116 
389,-100.000 
394,-8.490 
390,-0.049 
394,27.186 
390,5.447 
394,-29.504 
390,4.429 
390,-0.551 
390,-0.537 
390,2.256 
394,-260.170 
390,-80.282 
394,-23.715 
394,0.956 
390,-265.518 
390,-3.591 
394,-3.099 
390,-100.000 
394,-100.000 
391,-0.094 
395,-0.207 
391,-0.278 
395,-0.260 
395,-0.410 
391,-0.281 
395,-1.805 
391,-0.323 
395,-7.530 
395,-263.249 
395,-20.414 
391,-0.552 
391,10.365 
395,-3.659 
391,-62.475 
391,-3.331 
391,38.392 
391,-100.000 
392,-0.049 
395,-24.450 
392,-7.000 
392,-200.370 
392,-0.198 
392,121.844 
392,-23.909 
392,-0.394 
392,-91.537 
392,30.100 
395,-100.000 
396,-0.207 
396,-0.223 
396,-0.337 
396,-22.805 
396,121.149 
396,-17.275 
396,2.236 
392,-100.000 
393,-0.049 
393,-0.079 
396,-36.628 
393,-0.208 
393,30.057 
393,121.106 
393,-13.908 
393,-203.454 
396,22.986 
393,-13.361 
393,-24.217 
393,-100.000 
394,-0.049 
394,-3.231 
394,-23.923 
394,-3.153 
394,-202.985 
396,-100.000 
394,-12.925 
397,-0.156 
397,-0.378 
394,-36.497 
397,-0.373 
397,-0.348 
397,-353.069 
397,-0.359 
394,-3.675 
397,-31.036 
394,-91.706 
397,-18.462 
397,-3.278 
394,-100.000 
395,-0.049 
395,-5.724 
395,-2.608 
395,-62.344 
395,4.853 
395,2.694 
395,-0.284 
395,-2.963 
395,4.741 
395,-100.000 
396,-0.156 
396,-0.171 
396,2.115 
396,-227.244 
396,1.059 
396,-2.957 
396,-117.444 
396,-3.392 
396,24.797 
396,-100.000 
397,-0.049 
397,2.606 
397,5.200 
397,2.636 
397,9.548 
397,-127.361 
397,-23.975 
397,-203.002 
397,-36.353 
397,-100.000 
398,-0.049 
398,-0.079 
398,-5.293 
397,-100.000 
398,-0.348 
398,-0.049 
398,-227.406 
398,-5.724 
398,-127.364 
398,-0.373 
398,2.052 
398,-3.375 
398,-3.465 
398,-234.144 
398,-117.412 
398,-25.786 
398,24.697 
398,-33.356 
398,-100.000 
399,-0.049 
399,61.808 
399,-0.337 
399,-0.337 
399,-10.790 
399,-0.497 
399,-178.849 
399,0.890 
399,116.658 
398,-3.278 
399,-100.000 
400,-0.049 
400,-0.079 
400,-0.208 
400,-78.704 
400,7.669 
400,-24.297 
400,35.241 
400,-3.739 
400,-13.104 
400,-100.000 
401,-0.207 
401,-0.223 
401,-0.219 
401,-62.226 
401,-0.151 
401,0.160 
401,4.852 
401,-0.526 
398,-100.000 
399,-0.049 
399,-0.223 
401,-3.571 
399,-0.484 
399,-3.516 
399,-6.032 
399,-64.740 
399,-3.134 
401,-100.000 
402,-0.049 
402,-0.079 
402,-0.089 
402,-193.558 
399,-5.324 
402,-91.476 
402,-30.816 
402,-0.286 
399,-6.080 
402,-122.307 
402,3.109 
402,-100.000 
403,-0.049 
403,-0.198 
403,-0.285 
403,-0.467 
403,-0.423 
403,-0.359 
403,-0.435 
399,-100.000 
400,-0.049 
403,-383.689 
400,-3.150 
400,-5.853 
400,-5.072 
400,-0.217 
403,0.000 
404,-0.049 
400,4.981 
404,-0.079 
400,1.892 
404,-0.208 
404,207.004 
400,-3.321 
404,-91.476 
404,-0.325 
404,-122.373 
404,-6.550 
404,-26.145 
400,-143.117 
400,-100.000 
401,-0.049 
401,-2.883 
401,-0.219 
401,5.331 
404,-100.000 
405,-0.049 
401,-59.901 
405,-0.198 
401,-0.222 
405,-0.208 
401,-3.314 
405,61.717 
401,-216.310 
405,222.028 
401,-117.569 
405,-14.711 
401,-100.000 
405,2.443 
402,-0.049 
402,2.725 
402,-3.241 
405,-36.153 
402,-23.693 
402,2.854 
402,116.985 
402,-1.464 
405,-127.127 
402,-35.976 
405,-100.000 
406,-0.049 
402,0.000 
406,-0.079 
403,-0.049 
406,-0.119 
403,2.321 
406,-0.221 
406,0.594 
403,-2.893 
403,-0.142 
403,2.854 
406,-5.239 
403,-227.136 
406,-3.093 
406,-0.400 
403,-127.161 
403,-1.685 
403,-26.054 
403,-100.000 
404,-0.049 
404,-0.198 
404,-6.083 
404,-2.835 
404,-62.538 
404,-5.753 
404,197.837 
406,-62.327 
404,-1.884 
404,-117.735 
406,-100.000 
407,-0.049 
407,-3.150 
407,-0.373 
407,-5.668 
407,-4.215 
407,-12.811 
407,-202.997 
407,126.562 
407,2.373 
404,-100.000 
405,-0.049 
405,-0.079 
405,-29.394 
407,-100.000 
405,121.698 
405,-5.344 
408,-0.049 
408,-0.223 
405,-25.958 
405,-2.241 
408,28.838 
408,261.761 
408,-9.130 
408,-117.700 
408,-24.031 
405,-3.659 
405,-24.244 
408,-13.134 
408,-3.591 
405,-100.000 
406,-0.049 
406,-0.198 
406,-0.208 
406,-0.261 
406,-0.454 
406,-0.596 
406,-0.511 
406,63.779 
406,-91.621 
408,114.178 
406,-100.000 
409,-0.094 
407,-0.049 
409,-0.278 
407,-0.223 
409,-7.980 
407,-3.290 
409,-3.614 
409,-234.540 
407,-5.518 
407,-64.717 
407,-3.257 
409,-1.726 
409,-127.260 
409,-24.036 
407,-6.363 
407,-206.203 
407,-24.116 
409,2.331 
409,-100.000 
410,-0.049 
410,-0.079 
410,-6.311 
410,1.078 
410,-23.767 
410,-117.290 
410,2.617 
407,-100.000 
410,-25.537 
408,-0.049 
408,-0.171 
408,-2.773 
408,220.332 
408,-12.870 
408,-117.496 
410,0.000 
408,2.796 
411,-0.049 
411,-0.198 
411,121.567 
411,-24.049 
408,2.514 
411,-0.454 
411,13.392 
411,11.904 
408,-36.213 
411,-29.775 
411,-141.113 
411,-100.000 
412,-0.049 
412,-0.079 
412,-0.208 
412,-0.435 
412,-0.761 
412,-0.746 
412,-339.703 
412,29.610 
412,-1.808 
412,-100.000 
413,-0.207 
413,-0.223 
413,-0.278 
413,-62.476 
413,316.162 
413,29.845 
413,-0.651 
413,-13.567 
408,-100.000 
409,-0.094 
409,-0.205 
413,0.377 
409,-0.193 
413,587.377 
414,-0.049 
409,-0.280 
414,-0.079 
409,-0.435 
414,-0.089 
414,-0.079 
409,-62.464 
414,-0.098 
414,-10.493 
414,88.114 
414,-202.853 
409,-290.857 
414,0.000 
409,-0.322 
415,-0.049 
415,-0.198 
415,-0.238 
415,-14.237 
409,-10.638 
415,34.025 
415,-198.289 
415,-91.611 
415,-3.099 
415,-127.170 
409,-100.000 
410,-0.049 
410,-0.198 
410,-0.208 
410,-0.198 
410,-0.345 
410,108.344 
410,-24.222 
410,-22.162 
410,-91.664 
410,-100.000 
411,-0.156 
411,-0.171 
411,23.384 
411,199.933 
411,-0.423 
411,-122.371 
411,-31.036 
411,6.360 
411,-22.068 
415,-100.000 
416,-0.049 
411,-100.000 
416,-0.079 
416,-0.089 
412,-0.049 
416,-0.198 
412,-2.883 
416,-193.766 
412,-3.359 
416,121.300 
412,-29.489 
416,-22.589 
412,0.769 
412,-24.010 
412,2.710 
412,-117.500 
416,22.786 
412,-25.672 
412,-100.000 
413,-0.049 
413,-0.198 
413,-0.285 
413,-0.280 
413,-0.390 
413,-0.319 
413,-247.740 
413,-91.365 
413,1.112 
413,-100.000 
414,-0.049 
416,-91.874 
414,-5.724 
414,2.863 
414,4.756 
414,-3.025 
414,-62.687 
414,-3.371 
416,-100.000 
414,-0.439 
417,-0.049 
417,-0.079 
417,-8.034 
414,-5.406 
417,-3.002 
417,118.455 
417,24.452 
417,-13.338 
417,-24.228 
417,197.215 
414,229.036 
415,-0.049 
415,-0.223 
417,310.824 
415,5.051 
418,-0.207 
415,4.495 
418,-0.223 
418,-0.219 
418,-0.314 
418,-13.860 
415,-3.133 
418,-5.838 
415,126.051 
418,58.784 
418,-0.925 
415,11.999 
415,139.795 
418,-3.585 
415,-24.244 
418,-100.000 
419,-0.049 
419,-0.278 
415,532.946 
419,7.139 
416,-0.049 
419,3.932 
416,3.072 
416,-29.394 
419,-0.950 
416,-12.761 
416,-23.938 
419,-6.524 
416,-127.195 
416,2.741 
416,-3.017 
419,-3.859 
419,-3.601 
416,-264.906 
416,-100.000 
419,-340.201 
417,-0.049 
417,-0.079 
417,-0.089 
417,-0.264 
417,-19.117 
419,-100.000 
417,-0.201 
420,-0.049 
417,-2.628 
420,-62.254 
417,-3.128 
420,-0.219 
420,-0.218 
420,-0.286 
420,-5.689 
417,318.840 
420,-3.048 
420,-5.169 
420,-87.081 
420,-100.000 
421,-0.049 
421,-0.223 
421,-62.368 
421,-0.358 
421,-0.300 
421,-0.550 
421,-0.844 
421,306.252 
421,-0.693 
421,355.063 
422,-0.049 
422,-0.079 
422,6.713 
422,28.862 
422,121.505 
422,-31.054 
422,-5.824 
422,259.142 
422,-24.158 
417,315.436 
418,-0.049 
418,-0.198 
418,-0.445 
418,-0.791 
418,-0.810 
418,-0.751 
418,-215.119 
418,-33.652 
418,-122.664 
422,1260.833 
423,-0.049 
423,-0.079 
423,-62.249 
423,-7.469 
423,-110.866 
423,-25.678 
423,-3.357 
423,-3.218 
423,-12.968 
418,-100.000 
419,-0.049 
419,-0.171 
419,-5.041 
419,2.139 
419,-3.021 
419,-5.916 
419,-3.496 
419,-51.627 
419,-26.162 
419,-100.000 
420,-0.049 
420,2.321 
420,5.437 
420,209.919 
420,-3.210 
420,-3.427 
420,-127.173 
420,-23.959 
420,35.148 
423,-100.000 
424,-0.049 
424,-0.079 
424,-0.281 
424,5.427 
424,-167.035 
424,-127.455 
424,32.289 
424,-13.260 
424,22.813 
424,-100.000 
425,-0.049 
425,-0.223 
425,-3.290 
425,4.561 
425,-3.193 
425,5.082 
425,102.074 
425,35.174 
425,139.892 
425,531.059 
426,-0.049 
426,-0.079 
426,-0.281 
426,-0.264 
426,2.660 
426,-234.484 
426,-13.058 
426,116.741 
426,0.000 
427,-0.049 
427,-0.079 
427,-0.089 
427,-62.226 
427,-0.387 
427,-0.428 
427,6.440 
427,4.375 
427,-409.552 
427,-100.000 
428,-0.049 
428,-2.479 
428,-3.279 
428,-5.309 
428,5.121 
428,4.816 
420,-100.000 
428,-0.423 
421,-0.049 
428,-3.117 
421,-0.171 
428,257.531 
421,-6.018 
421,-5.223 
421,-0.387 
421,-64.740 
421,2.741 
421,-3.017 
421,15.277 
428,213.512 
429,-0.049 
429,-0.079 
421,-100.000 
429,-0.089 
422,-0.094 
429,-0.198 
422,5.022 
429,-0.184 
422,33.192 
422,-127.430 
429,-224.207 
422,28.567 
429,-17.741 
422,263.775 
429,-117.330 
422,-3.651 
422,-24.476 
422,-3.970 
429,-23.820 
422,207.240 
423,-0.094 
423,5.022 
423,33.192 
423,-127.430 
423,-13.073 
423,-203.131 
423,2.697 
423,-3.082 
429,-100.000 
430,-0.049 
430,-0.079 
430,-0.089 
430,-207.281 
430,-0.049 
430,-122.130 
430,-23.826 
423,0.000 
430,-10.324 
424,-0.094 
424,5.022 
424,33.192 
424,-29.835 
430,-36.213 
424,-24.185 
424,-13.116 
424,-3.634 
424,126.447 
424,-265.244 
430,-100.000 
431,-0.049 
431,-0.079 
431,-0.089 
431,-0.264 
431,237.296 
431,-20.018 
431,-23.940 
431,-3.202 
424,-100.000 
425,-0.094 
425,30.485 
425,-0.119 
425,200.018 
425,-7.148 
425,121.723 
425,-0.331 
425,3.733 
431,-127.391 
425,-23.894 
431,-100.000 
432,-0.049 
432,-0.116 
432,-0.238 
432,-0.221 
432,-0.303 
432,-8.525 
432,-295.412 
432,0.524 
425,431.844 
426,-0.156 
426,-0.378 
426,-0.399 
426,-54.520 
426,-7.399 
432,-24.174 
426,-0.687 
426,28.524 
432,-100.000 
426,-122.937 
433,-0.049 
426,12.154 
433,-0.079 
433,-0.089 
433,-0.102 
433,-0.227 
433,145.403 
433,6.964 
433,-203.035 
433,0.000 
434,-0.049 
434,-0.079 
434,23.178 
434,-29.621 
434,30.040 
434,-11.998 
434,-260.283 
434,116.611 
434,0.496 
434,-100.000 
435,-0.049 
435,-3.150 
435,-5.419 
435,-5.138 
435,-2.627 
435,-6.095 
435,-0.596 
435,-380.818 
435,-3.676 
435,-100.000 
436,-0.049 
436,-0.079 
436,1.596 
436,-5.961 
436,-2.687 
436,81.683 
436,2.517 
436,-36.093 
436,-91.328 
426,-100.000 
427,-0.049 
427,-4.953 
427,-5.853 
427,-2.835 
427,2.399 
427,325.706 
427,-24.063 
427,-3.480 
436,-100.000 
427,24.870 
437,-0.094 
437,-0.278 
437,-0.281 
437,2.282 
437,111.116 
437,11.717 
437,-24.339 
437,2.275 
437,-3.470 
427,381.382 
428,-0.049 
428,-4.953 
428,-0.167 
428,2.456 
428,-95.732 
428,-3.430 
428,-12.960 
428,35.297 
428,-203.155 
437,-100.000 
438,-0.049 
438,-0.079 
438,23.178 
438,-6.571 
438,-202.985 
438,-127.245 
438,24.867 
438,0.672 
438,2.331 
438,-100.000 
439,-0.049 
439,-0.198 
439,-0.445 
439,-10.780 
439,-325.850 
439,-23.941 
439,-1.701 
439,-3.125 
439,-36.567 
439,-100.000 
440,-0.049 
440,-0.079 
440,-62.249 
440,-0.195 
440,-0.329 
440,-0.476 
440,-171.628 
440,2.286 
440,-127.667 
440,-100.000 
441,-0.049 
441,-0.079 
441,-0.208 
441,-0.316 
441,192.836 
441,-31.085 
441,-24.244 
441,121.429 
441,-0.823 
441,224.120 
442,-0.094 
442,-0.116 
442,-0.193 
442,67.698 
442,-200.553 
442,-0.319 
442,-7.149 
442,-8.893 
428,-100.000 
429,-0.094 
429,-0.205 
429,-0.304 
429,-0.259 
429,-0.194 
442,0.000 
443,-0.049 
443,-0.116 
443,-0.119 
429,3.189 
443,-10.606 
443,-5.058 
429,-4.997 
443,-0.158 
429,-64.547 
443,-3.299 
443,5.409 
429,2.595 
429,-100.000 
430,-0.049 
430,-0.116 
443,-81.677 
430,-0.238 
430,-0.458 
430,-0.466 
430,-8.580 
430,-3.222 
430,271.200 
430,2.210 
430,229.036 
431,-0.049 
431,-0.171 
431,-26.869 
431,-198.142 
431,-25.800 
431,2.139 
431,-91.835 
431,-3.695 
431,-117.973 
443,-100.000 
444,-0.207 
444,-0.223 
444,64.093 
444,-0.358 
444,5.108 
444,-263.539 
444,-127.247 
444,-26.020 
444,-3.497 
431,-100.000 
432,-0.049 
432,-0.079 
432,-0.119 
432,-0.162 
432,-0.229 
432,5.054 
444,-100.000 
445,-0.049 
445,-0.079 
432,-0.360 
445,-0.373 
445,-0.348 
432,41.483 
445,-0.317 
445,-254.678 
445,6.648 
432,-265.127 
445,121.731 
445,5.316 
432,-100.000 
433,-0.049 
433,2.992 
445,-100.000 
433,2.597 
446,-0.049 
446,-0.171 
433,4.558 
446,-0.373 
433,124.639 
446,-0.348 
446,-0.317 
433,-24.059 
446,-0.245 
433,-203.312 
433,11.683 
446,-0.273 
446,-383.528 
433,34.834 
446,0.000 
447,-0.049 
447,-0.079 
447,-5.964 
447,-5.843 
447,-10.241 
447,197.644 
447,-117.424 
447,-36.416 
447,-23.937 
433,-100.000 
434,-0.049 
434,2.606 
434,2.707 
434,-3.506 
434,201.920 
434,-36.783 
434,11.760 
434,-127.596 
434,-24.131 
434,-100.000 
435,-0.049 
435,-0.278 
435,-0.281 
435,23.416 
435,121.666 
435,-23.870 
435,-0.435 
435,-19.561 
435,-29.396 
435,-100.000 
436,-0.049 
447,103.640 
436,2.873 
448,-0.049 
436,4.429 
448,-0.079 
448,-0.167 
448,-0.142 
436,-6.080 
448,-0.110 
436,-118.766 
448,-0.179 
448,5.459 
436,-24.059 
436,-198.662 
448,-3.352 
436,-3.481 
448,-278.526 
448,-100.000 
449,-0.049 
449,-0.223 
449,-0.219 
449,-151.382 
436,-26.109 
449,-23.732 
449,-7.230 
449,-5.663 
449,2.592 
436,-100.000 
437,-0.049 
437,-0.378 
437,-0.373 
437,-0.348 
437,-0.317 
437,-0.245 
437,-0.316 
437,125.015 
437,-6.681 
449,25.081 
449,-100.000 
450,-0.049 
450,-0.223 
450,61.693 
450,-0.358 
450,-0.537 
450,-0.948 
450,-1.050 
450,-0.925 
450,-352.378 
450,-100.000 
451,-0.049 
451,-0.079 
451,-5.560 
437,-100.000 
451,5.447 
438,-0.049 
451,-2.972 
438,-0.079 
451,-5.427 
438,-0.208 
438,-129.131 
451,-179.923 
438,-0.168 
438,-19.665 
438,23.276 
451,23.205 
451,0.000 
438,-203.090 
438,-91.518 
452,-0.049 
452,-0.198 
452,-7.129 
452,-0.435 
452,30.180 
452,-200.765 
452,121.443 
452,-91.738 
438,-100.000 
439,-0.049 
439,-2.883 
439,-3.279 
439,-0.261 
439,2.183 
439,-180.035 
439,-1.464 
452,-23.921 
439,-35.976 
439,0.000 
440,-0.049 
440,2.954 
440,-202.889 
440,126.451 
440,12.160 
440,-3.427 
440,-3.091 
440,35.224 
440,-24.304 
452,-100.000 
453,-0.094 
453,-0.116 
453,-0.281 
453,-0.382 
453,-0.390 
440,-100.000 
441,-0.094 
453,-0.525 
441,-0.278 
453,-11.287 
441,-0.281 
441,-47.932 
441,-0.507 
441,-24.031 
441,-19.186 
453,-3.632 
441,-12.964 
453,-386.948 
441,-3.278 
441,-100.000 
442,-0.049 
442,-0.079 
453,-100.000 
442,-0.089 
454,-0.049 
442,-0.198 
454,-0.079 
442,-15.892 
454,-0.208 
442,-3.427 
454,-207.400 
454,23.128 
442,-75.143 
454,1.464 
442,24.591 
454,-25.897 
442,32.216 
454,-3.289 
454,116.664 
442,-100.000 
443,-0.094 
443,-0.116 
443,-0.119 
443,-0.218 
443,61.745 
443,-0.453 
443,-0.362 
443,-0.505 
443,-304.717 
443,-100.000 
444,-0.049 
444,-0.223 
444,2.467 
444,2.520 
444,4.782 
444,-5.674 
444,-65.147 
444,4.692 
454,-100.000 
444,-311.434 
455,-0.049 
455,-0.171 
455,-0.463 
455,-0.551 
455,175.427 
455,-0.665 
444,-100.000 
445,-0.049 
445,-2.883 
455,-29.805 
445,-3.160 
445,-3.231 
455,12.198 
445,-117.187 
445,1.157 
445,197.594 
445,-91.464 
445,25.017 
455,-141.367 
445,-100.000 
446,-0.049 
446,2.873 
446,-0.285 
455,-100.000 
446,26.204 
456,-0.049 
456,-0.171 
446,-127.340 
456,-0.373 
446,-3.313 
456,230.286 
446,-203.343 
456,-91.712 
456,-0.665 
446,-13.125 
456,-14.568 
446,-36.804 
456,-3.521 
456,-36.197 
456,310.831 
457,-0.049 
457,-0.116 
457,-0.119 
457,-0.102 
457,-0.110 
457,67.702 
457,-13.332 
457,-203.005 
457,0.000 
458,-0.049 
458,-0.171 
458,23.178 
458,-30.969 
458,-200.598 
458,-7.166 
458,-0.273 
458,-7.253 
458,-117.526 
458,-100.000 
459,-0.094 
459,-5.416 
459,2.833 
459,-0.280 
459,-5.103 
459,2.005 
459,-5.949 
459,-2.998 
446,-100.000 
459,0.000 
447,-0.094 
460,-0.049 
447,30.485 
460,-0.198 
447,200.043 
460,199.836 
460,-91.757 
447,-11.072 
460,-9.130 
460,24.848 
460,-3.523 
447,-1.460 
460,22.690 
447,-127.014 
460,-1.993 
447,-2.855 
447,-23.713 
460,-100.000 
461,-0.049 
461,-0.079 
461,-0.089 
461,121.814 
461,-7.089 
461,-30.890 
447,0.000 
448,-0.049 
461,-19.450 
448,-0.198 
448,-0.445 
448,29.659 
448,-30.183 
461,197.765 
448,-24.499 
448,13.483 
461,0.000 
448,-141.369 
462,-0.049 
462,-3.150 
462,2.715 
462,5.447 
462,4.793 
448,-13.259 
462,-41.242 
448,-100.000 
449,-0.049 
449,2.202 
449,-3.279 
462,-203.174 
449,5.210 
449,4.113 
462,-24.154 
449,-333.078 
462,116.427 
449,-36.545 
449,-24.100 
449,-33.302 
462,-100.000 
463,-0.049 
463,-0.079 
463,-0.089 
463,-122.091 
463,1.288 
463,-25.590 
463,-198.374 
463,22.947 
449,-100.000 
463,-2.148 
450,-0.049 
450,-3.150 
450,-3.241 
450,-1.474 
450,197.594 
450,-23.822 
450,-127.280 
450,-36.182 
463,-100.000 
464,-0.049 
464,-0.223 
464,61.693 
450,-3.074 
464,-0.314 
464,-0.286 
464,-0.227 
464,-0.360 
464,-412.776 
464,-12.206 
464,-100.000 
465,-0.049 
465,-0.079 
465,-0.089 
465,-115.289 
450,-100.000 
465,199.876 
451,-0.094 
451,-0.260 
465,-19.231 
451,-0.249 
451,-62.249 
451,-0.286 
465,2.784 
451,-0.433 
451,-15.707 
465,-36.093 
451,296.652 
451,2.850 
465,0.000 
466,-0.049 
451,383.369 
466,-0.198 
466,-0.337 
452,-0.049 
466,-0.358 
452,5.447 
452,4.739 
466,-175.037 
466,-5.134 
452,-2.944 
452,-0.552 
452,1.925 
466,-13.015 
466,140.082 
452,-183.947 
466,-3.235 
452,32.137 
466,-100.000 
467,-0.156 
467,-0.205 
467,-0.355 
467,-0.603 
452,-3.645 
467,-16.371 
452,-100.000 
453,-0.049 
453,-0.079 
467,-0.550 
453,-0.208 
453,-0.544 
467,-3.648 
453,-0.609 
453,-0.657 
467,-65.149 
453,115.551 
453,-24.388 
467,31.191 
453,-263.242 
467,-100.000 
453,-100.000 
468,-0.049 
468,-0.079 
454,-0.049 
468,-0.089 
454,-0.079 
468,5.347 
454,-0.167 
468,74.950 
454,-0.261 
468,1.039 
454,-0.300 
468,-3.210 
454,-0.222 
454,-0.122 
454,-11.253 
468,-36.212 
454,-59.925 
468,-23.939 
454,-100.000 
455,-0.049 
455,-0.378 
455,-6.018 
455,4.526 
455,-3.494 
455,-142.152 
455,-3.079 
468,-100.000 
469,-0.049 
455,24.977 
455,-202.993 
469,-0.079 
469,-0.281 
469,-0.544 
455,-100.000 
469,-41.653 
456,-0.049 
469,15.722 
456,2.873 
469,2.180 
456,-3.012 
469,32.000 
456,-2.716 
456,196.605 
456,-13.041 
456,116.732 
469,-3.529 
456,-36.212 
469,-100.000 
470,-0.049 
470,-2.479 
470,-3.279 
470,-3.239 
470,5.239 
470,-0.596 
470,4.628 
470,-136.898 
470,-91.944 
470,-100.000 
471,-0.049 
471,2.202 
471,-203.640 
456,-23.939 
471,-3.121 
471,-25.604 
471,-117.545 
471,23.204 
471,2.597 
471,-12.909 
471,-100.000 
472,-0.049 
472,-0.198 
472,-0.238 
472,-0.221 
456,183.970 
457,-0.049 
472,61.745 
472,-0.377 
457,2.873 
457,-3.012 
457,-0.261 
457,-2.735 
457,-6.154 
457,179.719 
472,-267.265 
472,4.670 
472,23.256 
457,90.487 
472,-100.000 
473,-0.049 
473,-0.079 
457,-25.866 
473,-5.560 
473,-2.883 
473,-5.042 
473,-5.882 
473,5.130 
473,281.308 
473,-24.003 
457,126.248 
458,-0.049 
458,-0.278 
458,-0.561 
458,36.580 
458,-122.917 
458,-0.849 
458,22.556 
458,-15.981 
458,-198.753 
458,-100.000 
459,-0.094 
459,5.022 
459,33.192 
459,12.022 
459,-3.578 
459,-29.713 
459,-3.252 
473,191.773 
459,-24.077 
474,-0.049 
474,-0.079 
474,-0.089 
474,-0.348 
474,-0.387 
474,-0.198 
474,-9.961 
474,126.080 
459,-127.268 
474,-265.380 
459,-100.000 
474,-100.000 
460,-0.049 
475,-0.049 
460,-0.079 
475,2.992 
460,-0.281 
475,2.192 
475,-0.467 
460,-0.544 
475,-62.536 
460,-0.625 
475,197.143 
460,3.966 
460,-0.907 
460,73.955 
475,-36.467 
475,2.007 
475,-13.380 
460,-3.974 
475,-100.000 
476,-0.049 
476,-0.223 
476,-0.219 
476,-0.314 
476,-0.507 
476,-0.453 
476,4.768 
476,-131.428 
476,135.211 
476,-100.000 
477,-0.049 
477,-0.079 
477,-0.208 
477,-0.261 
477,-0.335 
477,-16.468 
477,-62.479 
477,272.768 
477,-3.235 
477,220.360 
478,-0.049 
478,-0.079 
478,4.997 
478,-5.072 
478,-0.217 
478,-5.798 
460,-100.000 
478,-5.528 
461,-0.094 
461,5.022 
461,5.084 
461,39.731 
461,-3.976 
478,-3.469 
461,-3.772 
461,-24.458 
461,-203.478 
461,-127.671 
461,-100.000 
462,-0.094 
462,-0.278 
462,-0.355 
462,-0.603 
462,-0.552 
478,-62.325 
462,18.011 
462,-139.923 
462,197.085 
462,-91.899 
462,-100.000 
463,-0.049 
463,5.447 
478,-100.000 
463,-3.012 
479,-0.049 
463,-0.467 
479,-0.079 
479,200.073 
479,-30.822 
463,4.452 
479,-23.780 
479,6.526 
463,107.938 
479,8.307 
463,202.050 
463,35.060 
479,-3.354 
463,-91.944 
479,-127.424 
463,537.649 
464,-0.049 
464,-3.231 
464,-3.012 
464,-23.811 
464,197.427 
464,116.748 
464,-1.788 
464,-36.301 
464,-91.502 
464,193.558 
465,-0.049 
465,2.873 
465,4.739 
465,3.932 
465,-3.305 
465,61.094 
465,-3.769 
465,-0.838 
465,-51.041 
465,-100.000 
466,-0.049 
466,-0.171 
466,-0.167 
466,-0.142 
466,-0.272 
466,-11.816 
466,-156.592 
466,-3.289 
466,116.384 
479,-100.000 
480,-0.049 
480,-0.079 
480,-0.167 
480,-0.142 
480,-0.272 
480,-0.407 
480,7.682 
480,135.453 
480,-127.478 
480,122.940 
481,-0.049 
481,61.808 
481,-2.619 
481,-3.385 
481,-5.909 
481,255.969 
481,-24.394 
481,-3.523 
481,-117.918 
466,-100.000 
467,-0.156 
467,-0.171 
467,2.115 
467,-227.244 
467,-1.699 
467,-33.283 
467,-3.253 
467,-127.217 
467,-36.079 
467,-100.000 
468,-0.049 
468,2.992 
468,2.944 
468,-127.084 
481,187.269 
468,12.279 
482,-0.049 
468,-23.822 
482,-0.378 
482,-0.373 
482,-62.476 
468,-36.248 
482,-0.387 
482,-0.428 
482,-0.490 
468,-29.453 
482,-0.365 
482,-340.806 
468,2.434 
468,-100.000 
482,-100.000 
483,-0.049 
469,-0.049 
483,-0.198 
469,-3.231 
469,-29.394 
483,-0.285 
469,2.491 
483,-7.535 
469,135.462 
483,-349.212 
469,-127.211 
483,2.533 
469,-23.793 
483,-3.258 
469,-3.433 
469,-36.271 
483,-25.646 
469,-100.000 
483,-33.097 
470,-0.049 
470,-2.479 
483,-100.000 
470,2.863 
484,-0.049 
470,-203.630 
484,200.202 
470,-1.444 
470,-23.909 
484,-0.089 
470,-3.079 
484,-0.198 
484,0.155 
470,-117.546 
484,-25.590 
484,-12.778 
470,24.870 
484,-117.534 
484,0.000 
485,-0.049 
485,-0.079 
485,-0.089 
485,-0.264 
485,-10.924 
485,-5.934 
485,2.858 
485,-0.118 
470,-100.000 
471,-0.049 
471,5.566 
471,4.667 
471,131.649 
471,202.157 
471,-3.546 
471,-23.975 
485,0.000 
471,-36.483 
471,1.996 
486,-0.049 
486,-0.116 
486,-0.119 
486,-5.925 
486,-3.416 
486,-5.443 
486,-356.538 
486,-1.673 
486,-24.024 
471,281.030 
472,-0.049 
472,-7.000 
472,2.286 
472,-3.269 
472,-23.767 
472,-25.729 
472,197.425 
472,2.222 
486,-100.000 
487,-0.049 
487,-3.150 
487,5.019 
487,2.541 
472,116.448 
487,4.368 
487,1.831 
487,-0.508 
487,-379.994 
487,-1.942 
472,224.030 
473,-0.049 
473,-0.079 
473,0.059 
473,4.756 
473,3.969 
473,-156.613 
473,-30.022 
473,134.995 
473,-24.244 
473,-100.000 
474,-0.049 
474,-0.079 
474,0.059 
474,-5.521 
474,-33.937 
474,1.030 
474,-198.051 
474,23.269 
487,-100.000 
488,-0.049 
474,-117.526 
488,-0.079 
488,-0.089 
488,-0.195 
488,-1.152 
488,-59.837 
488,295.909 
488,-24.000 
488,35.443 
488,428.606 
489,-0.207 
489,-0.223 
489,-5.549 
489,59.251 
489,-263.538 
489,-24.026 
489,116.648 
474,-100.000 
489,-13.211 
475,-0.049 
475,-0.378 
475,-0.484 
489,-3.703 
475,-0.465 
475,-8.770 
475,-86.793 
475,-136.179 
489,-100.000 
475,-117.578 
490,-0.156 
490,-0.205 
490,4.945 
490,-0.420 
490,18.412 
490,-127.362 
490,-3.294 
490,-1.641 
490,-260.412 
490,-100.000 
491,-0.049 
491,-0.079 
491,6.713 
475,-3.262 
491,199.846 
491,7.364 
491,-127.598 
475,-100.000 
476,-0.049 
476,-3.150 
476,-3.241 
476,25.038 
476,23.073 
476,197.194 
491,-3.566 
491,-36.568 
476,-13.162 
476,-127.371 
491,23.013 
476,-3.278 
476,-100.000 
477,-0.049 
477,-3.231 
477,-3.279 
477,-202.879 
477,-36.085 
477,-3.050 
491,-100.000 
492,-0.049 
492,-0.116 
477,-91.450 
492,-0.281 
477,-117.390 
492,-8.137 
492,-2.627 
492,-0.201 
492,-3.120 
477,23.460 
492,-5.198 
492,332.682 
477,-100.000 
478,-0.049 
478,-0.116 
478,37.284 
478,-29.512 
478,-0.286 
478,23.053 
478,10.663 
478,-3.576 
478,126.170 
478,-100.000 
479,-0.049 
479,2.954 
479,126.678 
479,202.246 
479,22.890 
492,383.369 
493,-0.049 
479,11.614 
493,-0.116 
493,-0.119 
479,-3.939 
493,-0.218 
493,-0.464 
493,-0.379 
493,-62.423 
479,-3.569 
479,-36.688 
493,-232.565 
493,121.533 
493,-100.000 
494,-0.049 
494,-0.198 
494,-0.238 
494,-0.221 
494,-18.403 
494,-356.910 
494,-3.211 
494,-3.543 
479,417.608 
480,-0.049 
494,-91.608 
480,2.954 
480,-3.012 
480,-202.879 
480,12.160 
480,-23.941 
480,-3.496 
480,-36.536 
480,32.324 
494,-100.000 
480,-100.000 
495,-0.049 
495,-0.171 
481,-0.049 
495,26.417 
481,2.321 
495,2.573 
481,5.019 
495,-127.340 
481,-3.334 
481,4.368 
495,2.058 
481,-0.481 
495,-13.228 
481,-333.091 
481,1.920 
495,-29.775 
495,-265.293 
495,-100.000 
496,-0.049 
496,-0.378 
496,-3.444 
496,-3.271 
496,-5.297 
496,-0.428 
496,-5.790 
481,0.523 
496,5.280 
496,89.594 
496,-100.000 
497,-0.049 
497,2.992 
497,5.019 
497,-0.529 
497,1.642 
497,-3.491 
497,-258.299 
497,-13.170 
497,-118.010 
497,-100.000 
498,-0.049 
498,-0.171 
498,-0.193 
498,-0.280 
498,-214.688 
498,-0.601 
498,121.501 
498,7.562 
498,2.360 
481,-100.000 
482,-0.156 
482,-0.378 
482,-0.373 
482,-0.445 
482,-62.418 
482,-0.428 
482,-0.330 
498,-100.000 
499,-0.049 
499,-0.198 
499,6.015 
482,-0.204 
499,-12.764 
482,-2.574 
499,126.481 
499,35.375 
499,201.951 
482,-100.000 
483,-0.049 
483,-0.223 
483,2.733 
483,-26.337 
483,140.143 
499,-3.438 
483,-3.248 
483,35.054 
483,-127.741 
499,-24.261 
483,-13.291 
483,-100.000 
484,-0.094 
484,5.022 
484,-5.925 
484,2.527 
484,-3.311 
484,-0.687 
484,-64.820 
484,-29.702 
484,-136.631 
499,443.630 
500,-0.049 
500,-0.116 
484,-100.000 
500,-0.281 
485,-0.094 
500,-0.264 
485,5.022 
500,-0.478 
485,-3.351 
485,-34.135 
500,-186.996 
485,28.728 
500,7.631 
485,-117.794 
500,-92.131 
485,1.839 
500,-3.585 
500,-100.000 
501,-0.049 
485,-2.131 
501,-0.079 
501,200.073 
501,-7.119 
501,-122.299 
485,-260.756 
501,30.032 
485,-100.000 
501,-24.059 
486,-0.049 
501,-3.771 
486,2.606 
486,-3.279 
501,-91.738 
486,-2.598 
486,-0.423 
486,5.286 
486,-187.078 
501,-100.000 
486,-25.786 
502,-0.049 
502,-0.079 
486,32.474 
502,-0.089 
502,-6.109 
502,-3.938 
502,-23.909 
502,-36.335 
502,202.239 
502,-127.198 
486,-100.000 
487,-0.049 
487,-4.953 
487,-2.893 
487,-0.142 
487,-5.572 
487,5.326 
487,2.172 
487,2.835 
487,0.000 
488,-0.049 
488,-2.883 
488,2.982 
488,-5.072 
488,-5.813 
488,-5.750 
488,142.166 
488,197.205 
488,-24.304 
488,327.864 
489,-0.049 
489,-3.150 
489,2.597 
489,-5.682 
489,27.104 
489,-117.426 
489,-29.462 
489,-1.690 
489,-24.008 
489,-100.000 
490,-0.049 
490,5.566 
490,-2.893 
490,2.873 
490,-0.423 
490,-33.982 
490,-29.505 
490,116.806 
490,135.419 
490,375.152 
491,-0.049 
491,-3.231 
491,-198.089 
491,23.290 
491,-36.130 
491,-3.123 
491,-127.395 
491,0.760 
491,-3.856 
491,-100.000 
492,-0.049 
492,-5.416 
492,-3.085 
492,2.136 
492,-0.272 
492,5.326 
492,-264.734 
492,2.716 
492,0.000 
493,-0.049 
493,5.447 
493,2.626 
493,-5.758 
493,-41.095 
493,-203.207 
493,23.085 
493,116.664 
493,-3.147 
493,-100.000 
494,-0.049 
494,-0.223 
494,-29.394 
494,-0.314 
494,-23.850 
494,6.462 
494,30.241 
494,137.854 
494,-122.382 
494,-100.000 
495,-0.049 
495,-0.223 
495,-0.219 
495,-0.239 
495,-128.024 
495,-30.916 
495,-138.579 
495,-4.689 
495,-3.219 
502,-100.000 
503,-0.094 
495,-100.000 
503,-0.260 
496,-0.049 
503,-0.410 
503,181.129 
496,-0.116 
496,-8.490 
496,2.583 
503,5.914 
496,-27.871 
496,-24.216 
503,-263.249 
503,-0.846 
503,-0.855 
496,202.107 
496,11.746 
496,-127.576 
503,-21.948 
503,-100.000 
504,-0.049 
504,-0.198 
504,5.026 
504,-5.758 
504,4.097 
504,-3.525 
504,-6.289 
504,-0.820 
504,263.683 
496,-100.000 
497,-0.049 
497,-0.378 
497,-0.484 
497,-0.445 
497,-0.387 
497,68.977 
497,1.821 
497,-12.778 
497,-264.906 
504,222.934 
505,-0.049 
505,-200.360 
505,-0.208 
497,-100.000 
505,6.605 
498,-0.049 
505,-23.886 
498,2.202 
505,-0.477 
498,2.626 
498,4.358 
498,-5.780 
505,-33.304 
505,29.956 
498,-112.871 
498,2.032 
498,-13.242 
505,-122.512 
498,-24.304 
505,-100.000 
506,-0.049 
506,-0.198 
506,-0.445 
506,-0.435 
506,-0.454 
506,-13.746 
506,4.789 
506,5.084 
506,-387.066 
506,-100.000 
507,-0.049 
507,-0.171 
507,-0.167 
507,-0.348 
507,-0.423 
507,-3.989 
507,-234.298 
507,25.020 
507,116.825 
498,-100.000 
499,-0.049 
499,-0.223 
499,-29.394 
499,-23.996 
499,-122.399 
499,6.612 
499,-0.211 
499,-30.847 
499,138.030 
499,-100.000 
500,-0.049 
500,-0.278 
500,-0.281 
500,-0.264 
500,-91.756 
500,-9.741 
500,-23.779 
500,197.483 
500,0.772 
507,-100.000 
508,-0.049 
508,-0.079 
508,-0.119 
508,-4.731 
508,-172.897 
500,-100.000 
508,-127.014 
501,-0.049 
501,-0.198 
501,-0.445 
501,-0.458 
501,352.117 
508,2.634 
501,-7.642 
501,-91.924 
508,32.722 
501,-0.608 
508,23.373 
508,-100.000 
509,-0.049 
509,-0.079 
509,-2.782 
509,-10.270 
509,-2.972 
509,-202.918 
509,-25.794 
501,-24.203 
509,116.622 
509,-91.651 
501,440.659 
509,-100.000 
502,-0.049 
510,-0.049 
502,-0.116 
510,-0.116 
510,-0.119 
502,-0.119 
502,-5.788 
502,-5.948 
502,-0.334 
510,-0.102 
502,-9.052 
510,-0.110 
510,-11.388 
502,135.555 
502,-127.289 
502,-100.000 
510,3.004 
503,-0.049 
503,-3.150 
510,-203.421 
503,-0.373 
510,0.000 
503,-20.747 
503,-12.870 
511,-0.156 
511,-0.205 
511,-0.304 
511,-5.559 
511,-3.159 
503,-3.163 
511,-33.462 
511,-13.129 
511,2.426 
503,202.288 
503,35.297 
503,126.014 
511,-127.387 
503,412.983 
504,-0.049 
504,-5.724 
511,-100.000 
504,-10.162 
504,-25.403 
512,-0.049 
504,2.577 
512,-0.116 
512,-0.463 
512,-0.432 
504,-127.056 
512,60.573 
512,10.627 
504,-3.283 
512,-127.461 
512,-203.145 
504,-198.116 
504,-33.021 
504,-100.000 
505,-0.049 
505,-0.223 
505,-5.093 
505,-59.826 
505,-3.341 
505,-5.515 
505,-0.328 
505,-6.010 
512,-3.523 
512,-100.000 
513,-0.049 
505,-3.262 
513,-0.278 
513,-231.163 
513,-0.264 
513,-0.227 
513,-122.301 
513,23.116 
513,-91.571 
513,9.232 
513,-100.000 
514,-0.049 
505,-100.000 
514,-0.116 
514,-0.281 
506,-0.049 
514,-0.544 
506,-3.150 
514,-0.905 
506,-0.373 
506,-5.993 
506,4.983 
514,-0.849 
506,-5.120 
514,-19.258 
514,-0.884 
506,-2.673 
514,13.173 
506,-142.775 
514,-100.000 
515,-0.049 
515,-0.079 
506,-33.033 
515,206.994 
515,-0.435 
506,-100.000 
507,-0.094 
515,-122.417 
507,5.022 
507,4.594 
515,-23.941 
515,29.813 
507,-0.379 
507,5.036 
515,-0.884 
507,-3.609 
515,11.017 
507,-0.651 
507,156.136 
507,-141.550 
507,-100.000 
508,-0.094 
508,-0.116 
508,-0.238 
508,-0.458 
508,-238.225 
508,-122.733 
508,-0.806 
508,22.633 
508,3.414 
508,-100.000 
509,-0.049 
509,6.842 
509,-30.720 
509,-0.221 
509,-0.421 
509,-20.336 
509,197.237 
509,-24.100 
515,-100.000 
516,-0.049 
516,-0.116 
516,-8.490 
516,-27.670 
516,-202.865 
516,-3.050 
516,126.479 
509,-91.652 
516,-12.877 
509,-100.000 
510,-0.049 
510,-0.079 
510,-0.089 
510,-0.198 
510,84.785 
510,-0.475 
510,-31.008 
516,-23.939 
510,6.230 
516,-100.000 
517,-0.049 
517,-0.278 
517,-0.281 
510,-91.803 
517,-0.382 
517,-0.583 
517,-0.557 
517,335.443 
517,-91.958 
517,-25.049 
517,350.222 
518,-0.049 
518,-0.171 
518,-2.971 
518,26.441 
518,-202.898 
510,-100.000 
518,35.420 
511,-0.207 
518,126.098 
511,-0.223 
511,2.733 
511,-5.959 
511,4.691 
511,1.867 
511,-5.721 
511,51.308 
518,-3.749 
511,134.888 
518,-13.232 
511,209.345 
512,-0.049 
512,-0.079 
512,-0.089 
512,-0.348 
512,-0.317 
512,-9.020 
512,149.008 
512,-127.167 
512,0.000 
513,-0.049 
513,-5.724 
513,-0.167 
513,-3.153 
513,-5.616 
513,-5.238 
513,-2.835 
513,332.552 
513,-3.858 
513,352.043 
514,-0.049 
514,6.723 
514,-122.219 
514,-30.983 
514,-0.345 
514,-16.189 
514,-198.212 
518,-100.000 
519,-0.049 
519,-0.198 
514,-33.150 
519,-6.083 
519,-5.521 
514,-3.207 
519,-2.821 
519,-6.366 
519,-0.931 
519,-259.022 
519,-127.576 
514,-100.000 
515,-0.094 
515,5.183 
515,33.515 
515,12.108 
515,126.303 
515,-3.330 
515,-24.222 
515,-203.242 
515,-3.620 
519,-100.000 
520,-0.207 
520,-0.223 
520,-0.249 
520,-0.218 
520,-0.167 
520,-62.289 
520,-13.009 
520,-5.821 
520,-0.221 
520,380.145 
521,-0.156 
515,-100.000 
521,-0.378 
516,-0.094 
521,-5.247 
516,-0.116 
516,30.363 
521,142.062 
516,-122.233 
516,-7.105 
521,2.500 
516,199.992 
521,-198.240 
516,-0.213 
521,-25.736 
516,-11.590 
521,-1.837 
516,-91.371 
521,2.360 
521,-100.000 
522,-0.156 
522,-0.378 
522,-0.373 
522,145.095 
522,-200.704 
522,-91.634 
522,-8.879 
516,-100.000 
517,-0.094 
522,2.740 
517,-0.116 
517,30.363 
517,-11.477 
517,116.716 
517,197.160 
522,24.801 
517,-91.924 
517,-24.141 
517,-3.517 
522,-100.000 
523,-0.049 
523,-0.171 
523,23.265 
517,357.228 
523,5.489 
518,-0.049 
523,-29.681 
518,-5.724 
518,-0.373 
523,2.406 
523,-13.133 
518,-3.419 
518,-5.297 
518,4.774 
518,2.090 
523,-127.336 
523,35.120 
518,-3.004 
523,-100.000 
524,-0.049 
524,-0.079 
524,-0.208 
524,-0.198 
524,206.915 
524,-31.009 
518,257.477 
524,-22.703 
524,-117.491 
524,-23.775 
518,201.510 
519,-0.049 
519,2.606 
519,4.739 
519,-0.603 
519,1.450 
519,-6.524 
519,-62.874 
519,-5.712 
519,51.682 
519,-100.000 
520,-0.049 
520,-2.883 
520,-0.167 
520,5.138 
520,4.603 
524,-100.000 
525,-0.049 
520,-179.634 
525,-3.150 
520,-3.505 
525,-4.963 
525,-2.598 
520,-12.890 
525,318.855 
525,-91.531 
525,-23.793 
525,-25.579 
525,-3.175 
520,197.450 
525,217.379 
526,-0.207 
526,-0.223 
526,-32.546 
526,2.491 
526,-12.836 
520,115.000 
521,-0.049 
521,4.677 
521,-2.608 
521,5.210 
526,-23.978 
521,-5.883 
526,-36.229 
526,2.630 
521,-0.557 
521,2.249 
526,-265.170 
526,-100.000 
527,-0.049 
521,-62.783 
527,-0.079 
527,-0.089 
527,61.836 
527,-0.270 
527,-0.538 
527,-70.489 
527,-24.631 
521,-3.618 
527,-3.796 
527,-100.000 
528,-0.049 
528,-3.150 
528,5.437 
528,4.439 
528,1.639 
528,-3.635 
528,-62.866 
528,-0.718 
528,-5.865 
521,-100.000 
528,-100.000 
522,-0.049 
529,-0.049 
522,-5.416 
529,-2.479 
522,2.833 
529,2.863 
522,5.187 
529,-3.002 
529,4.706 
522,-41.095 
529,5.011 
522,23.155 
529,-0.435 
522,-202.986 
522,116.825 
529,-5.969 
522,-91.415 
522,-100.000 
523,-0.049 
523,-0.378 
523,-3.444 
523,5.178 
529,-372.987 
523,2.381 
523,-5.233 
523,-155.910 
523,25.139 
523,0.000 
524,-0.049 
524,5.447 
524,4.429 
524,-0.498 
524,-0.537 
524,2.256 
524,2.087 
524,-127.060 
524,-25.909 
524,-100.000 
525,-0.094 
525,-0.116 
525,-0.281 
525,5.023 
525,-2.907 
525,-6.095 
525,-0.596 
525,3.991 
525,-62.811 
525,-100.000 
526,-0.094 
526,5.022 
526,33.192 
529,-100.000 
526,-24.154 
530,-0.049 
530,-0.171 
530,-0.167 
530,-0.261 
530,-11.737 
526,-3.623 
530,19.422 
526,-13.165 
526,-3.519 
530,-127.280 
526,-127.727 
526,-29.913 
530,-36.505 
530,202.089 
526,-100.000 
527,-0.049 
530,-100.000 
527,-0.378 
527,-2.773 
531,-0.049 
531,-0.079 
527,-5.223 
531,-0.219 
527,-3.494 
527,-3.163 
531,-0.218 
527,-105.246 
531,-0.464 
531,-0.497 
527,0.986 
531,31.268 
531,-14.453 
527,0.000 
528,-0.049 
528,-4.953 
528,-2.893 
531,-265.191 
528,-3.269 
531,-100.000 
532,-0.049 
528,-0.423 
532,-0.079 
532,200.073 
528,4.774 
532,121.814 
532,-0.405 
532,-24.147 
532,-91.773 
528,-2.835 
528,-312.415 
532,-7.371 
532,29.820 
528,32.635 
532,327.864 
533,-0.156 
533,-0.171 
533,-5.812 
528,-100.000 
533,-2.542 
529,-0.094 
533,-2.902 
529,-0.116 
533,-5.027 
529,-0.249 
529,61.899 
529,-7.207 
533,-5.528 
529,-0.215 
529,-0.244 
533,-67.805 
529,-23.873 
533,-3.414 
533,-100.000 
534,-0.049 
534,-0.079 
534,-0.089 
534,-8.354 
534,-0.098 
529,-2.221 
529,-100.000 
534,-5.501 
530,-0.049 
530,5.447 
530,-0.285 
530,33.125 
534,-5.190 
530,-203.135 
530,-36.458 
530,1.982 
530,-3.782 
534,-373.498 
530,-91.814 
530,-100.000 
531,-0.049 
531,5.447 
534,0.000 
531,-2.608 
535,-0.156 
531,-3.269 
535,-0.171 
531,2.399 
535,23.265 
535,-6.217 
535,116.683 
531,-0.596 
535,2.562 
535,24.394 
535,-30.013 
535,-260.605 
531,-62.598 
531,4.375 
531,-5.655 
535,-100.000 
536,-0.049 
536,-0.171 
536,26.417 
536,-3.065 
536,126.432 
536,-3.461 
536,35.113 
536,11.682 
536,-29.956 
536,-100.000 
537,-0.049 
537,-0.378 
537,-0.399 
531,-100.000 
537,-0.465 
532,-0.049 
532,5.447 
537,-22.686 
537,121.256 
532,-5.538 
537,-262.963 
532,-3.453 
532,-5.220 
532,-2.808 
532,2.473 
532,-343.294 
532,-23.894 
537,-0.526 
537,-21.983 
537,-100.000 
538,-0.049 
538,-0.079 
538,-7.010 
538,-23.693 
538,0.361 
538,-2.957 
538,-36.129 
538,-127.284 
538,-203.067 
532,-100.000 
533,-0.049 
533,-0.116 
533,-0.119 
533,-0.264 
533,-0.478 
538,-100.000 
533,-62.506 
539,-0.049 
539,-0.079 
533,-0.651 
539,-6.311 
539,-198.079 
533,-0.645 
539,0.989 
533,-12.716 
539,-91.531 
539,24.735 
539,116.282 
533,-100.000 
534,-0.049 
534,2.606 
534,-0.337 
534,-5.959 
539,-3.648 
534,-3.460 
534,18.777 
534,-127.128 
539,-100.000 
540,-0.156 
540,-0.171 
540,-0.167 
534,23.219 
540,-0.261 
534,-265.024 
540,-0.217 
540,-0.153 
540,-0.228 
540,-12.462 
540,0.000 
541,-0.049 
541,-0.116 
541,-0.119 
541,-0.221 
541,-0.229 
541,23.960 
541,-7.613 
541,-12.878 
541,0.000 
542,-0.049 
542,-0.116 
542,-0.119 
542,-0.102 
542,-0.110 
542,-0.245 
542,-369.678 
542,-3.989 
534,-100.000 
542,0.000 
535,-0.049 
543,-0.049 
535,5.447 
543,-0.198 
535,-3.012 
543,-0.208 
535,-0.467 
543,-0.382 
543,-0.345 
535,-3.494 
543,-15.823 
543,-0.347 
535,4.936 
543,-333.587 
535,-64.497 
543,-3.652 
535,116.856 
543,-100.000 
544,-0.049 
544,-0.079 
535,-198.269 
544,-0.208 
544,-0.316 
544,321.769 
544,15.589 
535,-100.000 
536,-0.094 
544,-13.209 
536,5.183 
536,33.472 
536,-3.334 
536,202.336 
536,-127.294 
544,-24.109 
536,-91.611 
544,34.998 
536,2.272 
544,459.481 
545,-0.094 
545,-0.278 
545,-0.561 
536,11.807 
545,-0.544 
545,-0.507 
545,358.966 
545,-24.545 
545,17.297 
545,-3.676 
545,521.488 
546,-0.156 
546,-0.378 
546,-0.399 
546,-61.441 
536,-100.000 
537,-0.049 
546,121.577 
537,-0.171 
537,223.459 
546,-3.520 
537,-5.900 
546,-3.315 
537,2.767 
537,-3.044 
546,28.734 
546,-3.486 
537,-12.841 
537,24.977 
546,-100.000 
537,-117.450 
547,-0.049 
547,-0.079 
547,200.073 
537,-100.000 
538,-0.049 
538,-4.953 
547,-91.519 
538,-5.853 
547,-23.850 
547,-7.349 
538,2.606 
538,-132.252 
547,-30.929 
538,23.192 
538,-3.583 
547,-0.322 
547,-11.260 
538,197.472 
547,-100.000 
548,-0.049 
548,2.606 
548,2.192 
548,2.636 
548,202.671 
548,-36.622 
548,-127.531 
548,22.795 
548,-91.858 
538,0.000 
548,-100.000 
539,-0.049 
549,-0.049 
539,-5.724 
549,-0.079 
539,-0.167 
539,4.868 
549,-0.089 
539,1.901 
549,28.980 
539,-3.499 
549,-2.994 
539,250.089 
549,35.363 
549,-23.995 
549,-13.005 
549,-127.418 
539,1.984 
539,-91.922 
549,209.026 
550,-0.049 
550,-0.171 
550,-3.238 
539,-100.000 
550,-26.844 
550,2.588 
540,-0.049 
540,2.606 
550,1.005 
540,2.863 
550,-36.248 
540,-5.521 
540,1.979 
540,-0.395 
550,-203.124 
550,-91.545 
540,148.621 
550,-100.000 
551,-0.049 
551,-3.150 
551,-2.893 
551,-5.563 
551,-27.676 
551,-127.336 
551,-23.940 
551,202.283 
540,126.218 
551,12.061 
540,-91.771 
540,235.304 
541,-0.049 
541,-0.171 
541,-0.463 
541,-0.432 
541,-0.499 
541,-0.547 
541,-62.542 
541,-412.927 
541,-3.616 
551,-100.000 
552,-0.049 
552,-0.198 
552,-0.285 
541,-100.000 
552,-0.498 
542,-0.049 
542,-0.171 
552,-0.466 
542,-2.567 
552,-19.492 
542,-5.135 
542,342.269 
552,1.889 
542,2.327 
552,2.286 
542,-91.655 
552,-325.703 
542,2.740 
542,24.801 
542,601.833 
543,-0.049 
543,-5.724 
543,-5.419 
543,34.107 
543,-117.364 
543,2.515 
543,-29.462 
543,23.186 
543,-3.291 
552,-100.000 
553,-0.049 
553,-0.198 
553,-0.208 
553,-0.198 
553,-207.370 
543,-100.000 
544,-0.049 
553,-30.890 
553,-122.504 
544,-0.223 
544,-0.337 
553,22.947 
544,-0.358 
544,-62.568 
553,-91.706 
544,-0.464 
544,-0.716 
544,-19.811 
544,-5.321 
544,197.320 
545,-0.049 
545,-2.479 
553,-100.000 
545,-2.893 
554,-0.049 
554,2.202 
545,-0.142 
554,4.739 
554,-234.577 
545,-3.169 
554,-118.043 
554,0.309 
545,-62.134 
545,144.280 
554,-24.458 
545,1.032 
545,116.912 
554,-3.601 
545,197.991 
554,-3.856 
546,-0.049 
546,4.677 
546,-5.853 
546,-0.314 
546,63.923 
546,4.363 
546,-4.036 
546,-3.659 
546,-0.693 
554,-100.000 
555,-0.049 
555,-0.198 
555,-62.368 
555,-0.314 
555,-0.447 
555,-0.377 
555,2.103 
546,-100.000 
555,4.418 
547,-0.207 
547,-0.296 
547,-0.278 
547,-0.239 
547,-0.464 
547,-62.528 
555,-67.496 
547,4.920 
547,2.447 
547,4.039 
547,-100.000 
548,-0.049 
548,-0.079 
548,-0.373 
548,-98.810 
548,-0.304 
548,-7.280 
555,-100.000 
556,-0.049 
556,-0.378 
556,-62.514 
556,-0.445 
548,-30.874 
556,-0.791 
556,5.217 
556,4.649 
548,-15.260 
556,-5.401 
548,0.000 
549,-0.156 
549,-0.296 
549,52.242 
556,-172.169 
549,-7.366 
549,-122.399 
549,-2.809 
549,-25.952 
556,-100.000 
557,-0.049 
557,-0.378 
549,-3.716 
557,-0.399 
549,1.905 
557,192.863 
557,-122.328 
549,-100.000 
550,-0.049 
557,-0.364 
550,-0.079 
557,-0.392 
550,-0.373 
557,-4.874 
550,-0.348 
550,-0.423 
557,-91.621 
550,-102.416 
557,-100.000 
558,-0.049 
558,-0.223 
558,-0.337 
558,-0.358 
558,-0.312 
558,-11.608 
558,-5.203 
550,-31.112 
550,-7.482 
558,-64.872 
550,-22.877 
558,235.399 
550,-100.000 
551,-0.049 
551,-4.953 
551,2.192 
551,-0.261 
551,-3.021 
551,-62.252 
551,-5.888 
551,-5.577 
551,-3.484 
551,-100.000 
552,-0.049 
552,-5.724 
552,-5.580 
552,-40.937 
552,-3.416 
552,2.397 
552,116.806 
558,196.641 
552,-202.916 
559,-0.049 
552,0.000 
559,-3.150 
553,-0.049 
559,5.437 
559,2.202 
553,-4.953 
559,-2.972 
553,-118.949 
559,4.850 
553,2.606 
553,-12.734 
553,35.612 
553,202.189 
553,-91.662 
559,-241.329 
553,2.346 
559,-117.814 
559,-91.812 
559,-100.000 
560,-0.049 
560,-0.079 
560,-0.089 
560,-0.198 
560,-0.217 
560,-299.014 
560,6.496 
560,-6.377 
560,0.000 
561,-0.049 
561,-0.079 
561,-0.167 
561,-223.974 
561,6.704 
561,30.282 
553,-100.000 
561,-14.729 
554,-0.049 
561,2.835 
554,-2.479 
554,-0.167 
554,-5.017 
554,98.452 
561,0.000 
554,-36.059 
554,-3.344 
562,-0.049 
562,-0.116 
562,-0.119 
562,-0.264 
562,-0.227 
554,-3.204 
562,4.645 
562,-363.179 
554,-91.502 
554,-100.000 
555,-0.049 
555,-0.223 
562,-3.187 
555,25.805 
555,-1.471 
555,-127.037 
555,-3.277 
555,2.562 
562,0.000 
563,-0.049 
563,-0.116 
563,-0.119 
563,-0.264 
563,-0.272 
555,-264.851 
563,-0.201 
555,-36.066 
563,70.903 
563,6.597 
563,-1.762 
563,-100.000 
564,-0.049 
564,-0.079 
564,-0.208 
564,-0.198 
564,-5.273 
564,-112.177 
564,-23.738 
564,-36.137 
564,-203.067 
555,-100.000 
564,-100.000 
556,-0.049 
565,-0.049 
556,-0.116 
565,-0.079 
556,-0.281 
565,-0.373 
556,-0.544 
565,-0.348 
556,-0.507 
556,-360.384 
565,-177.035 
556,-12.489 
565,-7.161 
565,-5.435 
556,2.289 
565,-36.225 
556,32.410 
565,-127.198 
556,-100.000 
565,-100.000 
557,-0.049 
566,-0.049 
557,-2.479 
566,-0.079 
557,-4.963 
566,-0.089 
557,-81.619 
566,-0.198 
557,-1.563 
566,-9.407 
566,-5.546 
557,-24.028 
566,-5.282 
557,-3.198 
557,24.697 
557,2.360 
566,-0.312 
566,-278.602 
557,-100.000 
558,-0.207 
558,-0.296 
558,-0.304 
558,-0.465 
558,-0.400 
558,-144.612 
558,-16.501 
558,-260.158 
558,1.056 
558,-100.000 
559,-0.094 
559,5.022 
559,2.790 
559,1.856 
566,-100.000 
559,-5.381 
567,-0.049 
559,-3.373 
567,-0.079 
567,-0.089 
559,-112.752 
567,-10.928 
567,190.040 
567,-23.909 
559,-91.900 
567,-3.465 
567,24.697 
559,-2.239 
567,-91.706 
559,-100.000 
560,-0.049 
560,-0.198 
560,-0.208 
560,-0.316 
560,128.409 
567,-100.000 
560,-29.738 
560,137.534 
568,-0.049 
568,-0.079 
568,-0.373 
568,-0.467 
568,-0.758 
568,-1.085 
560,-22.560 
568,-14.644 
568,-6.529 
560,24.339 
568,-62.811 
560,349.178 
561,-0.049 
561,-0.198 
561,-8.924 
561,4.558 
561,2.280 
561,4.816 
561,1.831 
561,348.372 
561,-24.174 
568,-100.000 
569,-0.049 
569,-0.079 
569,-0.167 
569,-0.348 
569,-0.387 
569,-0.428 
561,444.832 
562,-0.094 
562,5.022 
562,-5.925 
562,-3.068 
569,-0.064 
562,-0.272 
569,-5.902 
562,-3.390 
562,-5.340 
562,71.156 
562,197.182 
569,-196.080 
569,-100.000 
570,-0.049 
562,217.379 
570,-0.171 
563,-0.049 
570,61.753 
563,4.795 
570,-2.845 
563,124.956 
563,-12.764 
563,-29.445 
563,140.207 
570,-3.310 
563,2.325 
570,-3.499 
563,35.207 
570,-5.204 
563,-3.753 
570,-5.976 
570,73.390 
570,169.613 
571,-0.049 
571,-0.198 
571,-0.285 
571,-0.467 
563,444.832 
571,-0.660 
564,-0.049 
571,-62.696 
564,-3.150 
564,2.715 
571,-0.567 
564,-0.142 
571,-2.694 
564,20.301 
564,24.992 
564,-198.218 
564,-117.601 
564,-1.965 
571,21.106 
571,-100.000 
572,-0.049 
572,-0.198 
572,-0.238 
572,-0.337 
572,2.359 
572,-64.646 
572,-0.122 
572,38.776 
572,1.067 
564,-100.000 
572,-100.000 
565,-0.049 
573,-0.049 
565,2.725 
573,-0.171 
565,4.667 
573,-0.373 
565,2.636 
573,-0.467 
565,-2.805 
565,-0.596 
573,-0.423 
565,-5.810 
573,-0.596 
573,-13.698 
565,61.590 
573,-6.184 
573,-333.985 
573,-100.000 
574,-0.049 
574,-3.150 
574,-0.167 
574,4.613 
574,-5.980 
574,4.701 
574,1.897 
574,-187.032 
574,-203.347 
565,49.726 
565,129.009 
566,-0.049 
566,-2.883 
566,5.437 
566,2.636 
566,4.394 
566,-0.879 
566,-65.013 
566,-29.894 
566,135.157 
566,224.233 
567,-0.207 
567,-0.296 
567,-0.278 
567,2.713 
567,-3.104 
567,59.409 
567,-249.979 
567,12.322 
567,35.649 
574,-100.000 
567,-100.000 
575,-0.049 
568,-0.207 
575,-0.079 
568,-62.254 
568,-0.278 
575,-122.101 
568,194.211 
575,-1.546 
568,-0.387 
568,-3.175 
575,1.108 
575,25.012 
575,-29.462 
568,-1.844 
568,-127.336 
575,-3.261 
568,24.843 
568,-100.000 
569,-0.049 
569,-5.416 
575,-24.051 
569,-5.925 
569,33.827 
569,22.999 
569,-198.480 
575,-100.000 
569,32.292 
576,-0.049 
576,-0.079 
576,-0.208 
576,-29.489 
576,-262.582 
569,-3.510 
569,-127.299 
576,121.568 
576,-31.125 
576,-7.335 
576,-16.359 
569,-100.000 
570,-0.049 
570,-3.231 
570,2.597 
570,-29.489 
570,-23.850 
570,1.054 
570,-3.314 
570,135.488 
570,-25.780 
576,-100.000 
577,-0.049 
577,-0.079 
570,228.408 
577,-0.089 
577,-0.198 
571,-0.049 
577,-0.287 
571,-0.116 
571,-30.720 
571,-7.185 
577,-0.271 
571,-17.127 
577,-0.508 
571,-3.360 
571,23.116 
577,17.317 
571,-198.205 
571,-117.450 
577,-387.022 
577,-100.000 
578,-0.049 
578,-0.079 
578,-0.089 
578,-0.079 
578,-7.176 
578,-5.764 
578,4.926 
578,-0.279 
578,0.000 
579,-0.049 
579,-0.116 
579,-0.238 
579,-0.221 
579,-0.345 
579,-0.408 
579,6.094 
579,-349.834 
579,-91.846 
579,-100.000 
580,-0.049 
580,-3.150 
580,4.667 
580,-5.843 
580,-132.252 
580,-2.923 
580,23.276 
580,197.591 
580,-91.400 
580,-100.000 
581,-0.049 
581,-0.198 
581,6.476 
581,-0.435 
581,199.520 
581,-17.784 
581,-36.545 
581,-117.686 
571,-100.000 
572,-0.049 
581,0.000 
572,-0.278 
582,-0.156 
572,-0.281 
582,23.173 
572,-0.529 
582,-122.385 
572,-0.561 
572,-62.506 
582,-8.374 
572,-243.799 
582,2.767 
572,-7.754 
572,-3.410 
572,-100.000 
573,-0.049 
573,-0.171 
573,5.478 
582,-3.044 
573,-0.239 
573,-64.612 
573,-2.907 
582,-198.156 
573,2.947 
582,-25.786 
573,-5.568 
582,-33.237 
573,-5.116 
573,-100.000 
574,-0.156 
574,-0.205 
574,-5.493 
574,2.032 
574,-3.387 
574,-196.789 
574,-3.120 
574,-127.091 
574,0.000 
575,-0.156 
575,-0.475 
575,-0.463 
575,-47.663 
575,-0.381 
575,-200.591 
582,-100.000 
583,-0.156 
583,-0.205 
575,-9.229 
583,-0.355 
583,7.097 
575,-117.601 
583,3.924 
583,1.925 
575,2.382 
583,-4.065 
575,-100.000 
583,4.642 
576,-0.049 
576,-3.150 
583,-340.288 
576,2.311 
576,-5.402 
576,-2.870 
576,-0.245 
576,5.372 
583,-100.000 
584,-0.156 
584,-23.722 
584,-7.088 
584,-29.415 
576,4.593 
584,-31.065 
584,-0.497 
576,0.000 
584,-17.560 
577,-0.049 
577,-3.150 
577,4.785 
584,135.346 
577,-0.348 
577,-5.949 
577,-5.707 
577,1.965 
584,2.325 
584,-100.000 
585,-0.156 
585,23.173 
585,199.908 
585,-5.900 
585,-25.779 
585,-1.963 
577,-311.797 
585,-3.667 
585,-118.021 
577,-3.116 
585,-3.676 
577,-100.000 
578,-0.049 
585,-100.000 
578,-0.198 
586,-0.156 
578,-0.285 
586,-0.296 
578,223.334 
578,6.261 
586,-62.308 
586,-0.358 
578,-91.871 
586,-0.312 
586,12.956 
578,-122.579 
586,-3.088 
586,187.833 
578,-0.806 
578,-31.415 
586,2.539 
578,-100.000 
579,-0.049 
579,-0.198 
579,6.476 
579,199.490 
579,-24.361 
586,-100.000 
587,-0.156 
579,29.850 
587,-0.171 
587,26.417 
587,202.183 
587,2.411 
579,121.190 
587,-91.871 
579,-25.153 
587,-3.372 
579,-91.814 
587,-127.455 
587,11.779 
587,-100.000 
588,-0.207 
588,-62.254 
588,-0.337 
588,-171.420 
588,-23.850 
588,1.594 
579,377.072 
588,-127.247 
580,-0.049 
580,-0.079 
580,-0.208 
580,7.013 
588,-3.433 
580,-5.883 
588,-25.994 
580,100.601 
580,-3.610 
580,-24.468 
588,-100.000 
589,-0.049 
589,-0.079 
589,-0.089 
589,-0.198 
589,-62.301 
589,-0.215 
589,-0.328 
589,-354.394 
580,-29.989 
589,-9.262 
580,-100.000 
589,-100.000 
590,-0.156 
581,-0.049 
590,-0.171 
581,5.447 
590,-0.285 
581,4.739 
590,145.064 
581,1.862 
581,-3.976 
590,-0.454 
590,199.535 
590,9.824 
581,-0.879 
581,-3.307 
581,-183.955 
590,-36.657 
590,-91.858 
590,352.852 
591,-0.049 
591,-0.079 
591,-0.119 
591,-14.118 
581,-127.789 
591,-0.317 
581,-100.000 
582,-0.049 
582,5.447 
591,-3.168 
582,2.863 
582,9.637 
591,10.385 
582,2.280 
582,-24.059 
582,-29.655 
591,-29.540 
591,135.393 
582,126.286 
591,352.043 
592,-0.049 
592,-0.079 
592,-0.219 
582,-265.174 
592,-0.314 
582,-100.000 
592,-0.507 
583,-0.049 
592,-16.838 
583,-0.079 
592,58.914 
583,6.713 
583,-24.018 
583,-31.036 
592,-0.600 
583,199.680 
583,121.501 
583,-91.647 
583,-14.033 
592,-5.746 
592,-100.000 
593,-0.049 
593,-0.079 
593,-0.208 
593,-0.221 
593,-0.421 
593,290.971 
583,230.619 
584,-0.049 
584,-0.079 
593,-91.924 
584,-0.089 
584,-0.348 
584,5.893 
593,-16.601 
593,-13.206 
584,4.613 
584,-5.470 
584,-3.408 
593,180.372 
584,-305.762 
594,-0.049 
594,-2.479 
594,5.181 
594,-5.747 
594,-2.870 
594,-241.082 
594,-117.307 
594,-3.263 
594,-32.978 
584,-100.000 
585,-0.049 
585,-0.079 
594,-100.000 
585,-0.089 
595,-0.049 
585,-0.348 
595,-0.079 
585,-0.423 
595,-0.208 
585,61.162 
595,4.943 
585,-0.394 
595,-0.454 
585,29.997 
595,1.804 
595,-62.598 
585,10.483 
595,-205.179 
595,-127.317 
595,-100.000 
596,-0.049 
596,-0.079 
596,-0.089 
596,-0.102 
596,-0.110 
596,-0.158 
596,213.948 
596,121.657 
585,-100.000 
596,-91.458 
586,-0.049 
586,4.795 
586,-0.373 
586,2.604 
586,4.985 
586,-0.665 
596,542.271 
597,-0.049 
597,-0.079 
597,-0.089 
586,-185.378 
597,4.776 
597,4.469 
586,-26.226 
597,-332.722 
586,-3.585 
597,-36.189 
597,-24.014 
586,-100.000 
587,-0.049 
587,-0.171 
587,-3.238 
597,-3.256 
587,-5.223 
587,4.983 
587,-112.174 
587,2.370 
587,11.962 
587,201.970 
587,-100.000 
588,-0.049 
588,-0.171 
588,-3.238 
588,-5.462 
588,-3.076 
588,-5.355 
588,125.402 
597,-100.000 
598,-0.049 
598,-0.116 
598,-0.238 
598,-0.458 
598,-0.583 
598,236.997 
598,21.286 
598,-127.876 
588,-203.079 
598,-92.126 
588,0.772 
588,-100.000 
589,-0.049 
598,-100.000 
589,2.725 
589,-0.373 
599,-0.049 
589,1.933 
599,-0.079 
599,-0.373 
589,4.542 
589,256.499 
599,-0.348 
599,3.419 
599,4.774 
589,-13.560 
599,-105.603 
589,-127.889 
599,-3.408 
589,-3.943 
599,-203.155 
599,-100.000 
600,-0.049 
600,-0.378 
600,-2.773 
600,-227.332 
600,-3.227 
600,0.917 
600,-91.536 
589,-100.000 
600,-3.521 
590,-0.049 
590,-0.171 
590,-0.167 
590,-0.432 
590,-0.499 
600,-25.759 
590,-0.428 
590,-153.388 
590,-91.473 
590,-122.254 
590,-100.000 
591,-0.049 
591,-0.171 
591,23.178 
591,30.233 
591,-7.356 
591,-122.376 
600,-100.000 
601,-0.049 
601,-0.198 
601,-0.445 
601,-10.780 
601,-3.210 
601,-6.120 
591,-200.673 
591,-10.174 
601,-0.631 
591,2.535 
601,61.462 
601,-6.199 
601,-100.000 
602,-0.049 
602,-0.198 
602,-0.445 
602,9.554 
602,-62.894 
602,-6.445 
602,-303.907 
602,-24.356 
602,-3.591 
602,-100.000 
603,-0.049 
603,-0.198 
603,-0.445 
603,9.554 
603,-0.810 
591,-100.000 
592,-0.049 
603,-6.391 
592,-0.223 
592,-0.278 
592,-5.864 
592,-122.193 
603,1.936 
592,-30.871 
592,-0.284 
592,137.886 
592,-5.080 
603,-62.836 
603,-5.952 
592,-100.000 
593,-0.049 
593,-3.150 
593,-2.489 
593,-5.072 
593,5.477 
603,-100.000 
604,-0.156 
604,23.379 
604,-0.167 
593,-2.923 
604,-0.261 
604,30.102 
593,-5.512 
604,-122.440 
593,-0.324 
604,-7.788 
593,0.000 
594,-0.049 
594,-0.223 
594,-5.864 
594,25.092 
594,-23.850 
604,-1.740 
594,264.253 
594,-36.422 
594,-3.673 
604,-29.536 
594,-3.542 
594,104.329 
595,-0.049 
595,5.447 
604,-100.000 
595,-2.608 
605,-0.049 
605,-0.198 
605,-0.445 
595,-3.002 
595,-3.358 
605,-0.435 
605,-0.405 
605,314.660 
595,-190.446 
605,-31.407 
595,-127.054 
605,-11.747 
595,35.504 
605,-24.337 
595,32.529 
595,-100.000 
596,-0.049 
596,-0.079 
596,5.748 
596,126.570 
596,-202.968 
596,-23.822 
605,1085.526 
606,-0.049 
606,-0.198 
606,-0.445 
606,-0.435 
606,-0.660 
596,32.613 
606,-62.696 
596,-12.897 
596,2.640 
606,4.133 
596,-100.000 
597,-0.049 
597,23.173 
597,-29.659 
606,-5.741 
606,-354.787 
597,-138.696 
597,-0.506 
597,6.493 
597,-0.567 
597,-17.521 
597,-117.569 
597,-100.000 
598,-0.049 
598,-0.079 
598,-0.089 
598,4.776 
598,209.948 
598,-23.941 
598,-91.567 
598,-127.130 
606,-100.000 
598,2.579 
607,-0.049 
607,-0.198 
607,-0.445 
607,-62.582 
607,292.254 
607,-31.410 
607,-19.515 
607,0.668 
607,2.326 
598,-100.000 
599,-0.049 
599,2.202 
599,4.429 
599,-62.582 
599,-3.578 
599,4.363 
599,-0.844 
599,-6.364 
599,-3.497 
599,420.135 
600,-0.049 
600,-0.223 
600,-0.219 
600,-0.445 
600,-0.239 
600,-60.058 
600,-5.204 
607,328.123 
608,-0.207 
600,4.774 
608,-0.223 
608,61.812 
608,-0.445 
608,0.284 
608,-5.184 
608,4.929 
600,58.796 
608,49.776 
600,-100.000 
601,-0.049 
601,-0.079 
601,-0.474 
601,-0.261 
601,-5.862 
601,-5.728 
601,-58.258 
608,2.304 
608,117.184 
609,-0.049 
609,-0.079 
609,-0.373 
609,-0.348 
601,-29.443 
609,-0.387 
609,-0.315 
609,-0.371 
609,-212.506 
601,-264.954 
609,-12.621 
609,-100.000 
610,-0.049 
610,-0.079 
610,-0.089 
610,-0.198 
610,-0.345 
610,345.447 
601,-100.000 
610,-0.569 
602,-0.049 
602,-0.079 
602,-0.089 
602,-0.079 
602,-0.227 
602,-0.201 
602,-0.390 
610,-91.738 
602,-13.202 
602,13.659 
610,-23.921 
610,370.665 
611,-0.049 
611,5.566 
611,-2.489 
611,-0.348 
611,-5.616 
611,-3.050 
611,-3.344 
611,-264.905 
611,-117.526 
602,-100.000 
603,-0.049 
603,-0.079 
603,-0.119 
603,-0.264 
603,-62.359 
603,-0.476 
603,-10.645 
603,-287.742 
603,2.346 
603,-100.000 
604,-0.049 
604,-0.079 
604,-0.373 
604,-0.467 
604,-0.758 
604,-0.687 
604,-0.596 
604,-139.946 
604,-33.356 
604,-100.000 
605,-0.049 
605,-0.171 
605,-0.167 
605,-0.348 
605,-0.304 
605,-10.611 
605,-5.734 
605,-3.004 
605,-373.148 
605,-100.000 
606,-0.049 
606,2.606 
606,-0.285 
606,2.573 
606,4.064 
606,-6.597 
606,-0.923 
606,-127.266 
611,-100.000 
612,-0.156 
612,-0.171 
612,176.564 
612,-0.142 
606,259.125 
606,207.202 
607,-0.049 
607,-0.079 
607,-2.011 
612,-0.217 
607,-3.002 
612,0.171 
607,-119.028 
607,202.444 
612,116.950 
612,-1.479 
607,-12.734 
607,-23.635 
607,0.000 
608,-0.049 
608,-5.724 
608,-2.893 
608,5.198 
608,-2.584 
612,24.915 
608,173.203 
608,-23.736 
608,-117.374 
608,-91.339 
608,-100.000 
609,-0.049 
609,-0.378 
609,4.502 
609,148.247 
609,2.144 
609,201.729 
609,-92.129 
609,-13.372 
609,-3.858 
609,348.145 
610,-0.207 
610,-0.223 
610,150.850 
610,-0.314 
610,-262.700 
610,6.358 
610,-31.082 
612,396.350 
610,-0.727 
613,-0.049 
613,-0.116 
613,-0.193 
613,-7.862 
613,2.694 
610,-24.386 
613,-3.316 
613,-5.918 
613,-258.483 
613,32.678 
610,-100.000 
611,-0.094 
611,-5.416 
611,-0.193 
611,-2.723 
611,-5.146 
611,2.604 
611,2.843 
611,-88.708 
611,0.933 
613,-100.000 
614,-0.049 
614,-0.171 
614,176.564 
614,-7.063 
614,-0.217 
614,3.012 
614,2.617 
614,116.935 
614,-91.312 
614,241.279 
615,-0.049 
615,-0.079 
615,-0.208 
615,-0.261 
615,-11.333 
615,-227.872 
615,-127.074 
615,-3.007 
611,-100.000 
612,-0.049 
612,-0.198 
612,-0.208 
612,-0.314 
612,-11.790 
612,-5.200 
612,-5.544 
615,-36.287 
612,-0.116 
612,-140.576 
612,-100.000 
613,-0.049 
613,-0.198 
613,-0.208 
613,-10.947 
613,-5.484 
613,-2.689 
613,-112.472 
613,-24.112 
613,0.845 
613,-100.000 
614,-0.049 
614,-0.378 
614,-0.373 
614,-0.348 
614,-1.424 
614,-5.825 
614,-0.490 
614,-6.290 
614,-82.916 
614,-100.000 
615,-0.049 
615,-0.079 
615,-7.010 
615,-0.509 
615,-3.358 
615,197.525 
615,-91.567 
615,24.726 
615,-23.964 
615,-100.000 
616,-0.049 
616,-0.171 
616,-0.167 
616,-0.261 
616,5.091 
616,-5.965 
616,-3.379 
615,-100.000 
616,-0.049 
616,-2.883 
616,4.825 
616,-5.853 
616,-5.843 
616,4.368 
616,-0.481 
616,63.582 
616,-203.285 
616,-123.038 
616,32.355 
616,-100.000 
617,-0.049 
617,-0.079 
617,-122.219 
617,-200.479 
617,-13.398 
617,-3.427 
617,-13.209 
616,-100.000 
617,-0.049 
617,-24.315 
617,-0.171 
617,223.459 
617,-0.348 
617,-3.170 
617,24.676 
617,-117.496 
617,-12.841 
617,2.781 
617,-100.000 
618,-0.049 
618,-0.116 
618,-0.119 
618,-0.102 
618,-0.167 
618,-0.215 
618,129.996 
618,-23.992 
617,-91.400 
618,12.638 
617,-100.000 
618,-0.049 
618,-30.717 
618,-0.281 
618,4.676 
618,116.512 
618,-13.135 
618,-24.059 
618,-203.198 
618,526.171 
618,2.020 
619,-0.049 
619,-3.150 
619,-0.373 
619,20.051 
619,-36.217 
619,-29.490 
619,-3.014 
619,116.934 
619,-12.786 
619,-100.000 
620,-0.049 
620,-0.223 
620,61.812 
620,-0.314 
620,-0.447 
620,5.097 
620,-3.091 
620,-0.159 
618,-100.000 
619,-0.049 
619,-0.079 
619,28.956 
619,-23.790 
619,30.246 
620,-212.466 
619,-11.732 
619,259.261 
620,-100.000 
621,-0.049 
621,-0.198 
619,116.212 
621,-0.561 
621,-0.544 
621,-16.656 
621,-235.220 
621,-3.563 
621,-23.948 
621,-127.272 
619,-2.057 
619,1748.814 
620,-0.207 
620,-0.296 
620,-53.004 
620,2.794 
620,-12.866 
620,140.191 
620,2.354 
620,-36.762 
620,126.170 
620,222.934 
621,-0.049 
621,-3.150 
621,-0.373 
621,-5.668 
621,2.083 
621,5.281 
621,-5.309 
621,-339.740 
621,-3.116 
621,-100.000 
622,-0.049 
622,-0.171 
622,-176.897 
622,-0.261 
622,30.211 
622,-3.804 
622,-91.727 
622,-1.672 
622,2.463 
622,-100.000 
623,-0.094 
623,-0.116 
623,-231.001 
623,-0.102 
623,-3.121 
623,1.267 
623,2.977 
621,-100.000 
622,-0.049 
622,-0.079 
622,-0.208 
623,-23.756 
622,-7.237 
622,28.787 
623,0.000 
624,-0.049 
624,-0.079 
622,-23.891 
624,200.073 
622,-122.461 
624,-0.198 
624,-23.767 
624,-30.759 
624,121.826 
622,-7.670 
624,5.080 
624,-12.909 
622,35.002 
622,-100.000 
623,-0.049 
623,-0.079 
623,-0.089 
623,-0.428 
623,1.995 
623,-210.710 
623,116.732 
623,32.479 
623,24.737 
623,-100.000 
624,-0.207 
624,-0.223 
624,-0.410 
624,-62.410 
624,-0.329 
624,-13.677 
624,-0.371 
624,-50.050 
624,-3.186 
624,-100.000 
625,-0.049 
625,-0.198 
625,-122.219 
625,-23.811 
625,199.827 
625,-0.746 
625,-17.169 
625,-13.331 
624,226.429 
625,-0.049 
625,-0.079 
625,-0.089 
625,-0.102 
625,-91.874 
625,-7.617 
625,61.815 
625,-5.889 
625,4.503 
625,-142.412 
625,-100.000 
626,-0.049 
626,2.321 
626,203.225 
626,-127.084 
626,-23.767 
626,12.176 
626,2.142 
626,-3.630 
626,35.320 
625,-100.000 
626,-0.049 
626,-0.198 
626,6.015 
626,-23.811 
626,202.227 
626,126.378 
626,35.155 
626,-13.201 
626,-91.738 
626,443.630 
627,-0.049 
627,-2.479 
627,-197.337 
627,12.131 
627,2.399 
627,-36.266 
627,23.040 
627,-127.405 
627,-3.696 
626,-100.000 
627,-0.049 
627,2.321 
627,203.225 
627,-12.764 
627,-23.767 
627,-91.428 
627,35.617 
627,-127.251 
627,2.346 
627,-100.000 
628,-0.049 
628,-0.079 
628,-0.167 
628,176.470 
628,-0.335 
628,-31.148 
628,-122.468 
628,-7.266 
628,-5.690 
627,-100.000 
628,-0.049 
628,-0.378 
628,-0.373 
628,-0.348 
628,-0.304 
628,-0.359 
628,-0.596 
628,-100.000 
629,-0.049 
629,-0.079 
629,-0.119 
629,-0.102 
629,61.863 
628,16.712 
629,-0.108 
629,-0.165 
629,-365.598 
628,-16.616 
628,-100.000 
629,-0.049 
629,-0.198 
629,-7.129 
629,-0.316 
629,-122.299 
629,-7.338 
629,-29.417 
629,-36.196 
629,-0.294 
629,23.211 
629,-100.000 
630,-0.049 
630,2.321 
630,203.225 
630,-91.519 
629,-100.000 
630,-0.049 
630,2.873 
630,-3.012 
630,4.439 
630,4.883 
630,2.564 
630,-0.746 
630,2.004 
630,-156.416 
630,35.021 
630,125.836 
630,-29.894 
630,-13.486 
630,-36.736 
630,-100.000 
631,-0.049 
631,-0.116 
631,-0.238 
631,-0.050 
631,-5.829 
631,-5.002 
631,-2.855 
631,-0.162 
630,452.681 
631,-0.049 
631,-200.360 
631,-0.089 
631,-7.000 
631,-9.250 
631,-3.190 
631,-25.514 
631,116.784 
631,-91.490 
631,0.000 
632,-0.049 
632,-0.079 
632,-0.127 
632,-12.764 
632,-23.973 
632,28.747 
631,-100.000 
632,2.237 
632,-0.049 
632,263.906 
632,-0.378 
632,-0.373 
632,-36.715 
632,-30.820 
632,-0.423 
632,199.804 
632,-91.655 
632,-6.537 
632,-127.555 
632,-100.000 
633,-0.049 
633,-0.079 
633,-7.010 
633,-23.899 
633,-122.435 
633,-200.877 
633,-91.773 
633,-0.450 
632,110.065 
633,-16.074 
633,-0.207 
633,-0.296 
633,-0.278 
633,61.585 
633,-253.394 
633,6.493 
633,-100.000 
634,-0.049 
634,-0.198 
633,-122.342 
634,-0.208 
633,-0.331 
634,6.723 
634,-200.449 
634,-17.190 
633,0.943 
634,-117.306 
633,-100.000 
634,-0.049 
634,-36.136 
634,-0.223 
634,-0.219 
634,-62.344 
634,-3.055 
634,-23.863 
634,-0.340 
634,-5.888 
634,-4.999 
634,62.347 
634,-100.000 
635,-0.049 
635,-0.223 
635,-3.290 
635,25.829 
635,-36.068 
635,-117.234 
635,-12.734 
635,-23.797 
635,259.691 
634,-100.000 
635,-0.049 
635,103.453 
635,-0.171 
636,-0.049 
635,-3.177 
636,-3.150 
636,2.597 
635,-5.668 
636,1.965 
635,2.083 
636,-5.280 
636,-0.596 
635,5.281 
635,-62.359 
635,-3.436 
635,-294.020 
636,-302.406 
636,-13.093 
636,-36.289 
635,-100.000 
636,-0.049 
636,-0.079 
636,-0.089 
636,200.083 
636,-30.946 
636,121.604 
636,-6.004 
636,-24.067 
636,-13.158 
636,201.510 
637,-0.049 
637,-0.079 
636,-100.000 
637,-0.156 
637,-29.394 
637,-0.171 
637,-7.235 
637,-5.493 
637,-5.968 
637,-138.521 
637,2.691 
637,-23.881 
637,116.806 
637,2.414 
637,-5.400 
637,-0.490 
637,-60.233 
637,2.257 
637,2.640 
637,-100.000 
637,-100.000 
638,-0.049 
638,-0.198 
638,-0.049 
638,-5.679 
638,-0.079 
638,-0.089 
638,4.677 
638,-0.264 
638,152.106 
638,61.761 
638,-6.089 
638,-7.371 
638,-24.146 
638,-5.662 
638,-0.505 
638,-8.018 
638,2.325 
638,-198.592 
638,124.346 
639,-0.049 
639,-0.378 
639,-3.444 
638,-100.000 
639,-20.866 
639,-0.049 
639,-127.309 
639,-0.079 
639,200.073 
639,-30.822 
639,-23.780 
639,6.644 
639,2.208 
639,35.390 
639,-91.447 
639,12.005 
639,-0.322 
639,-29.633 
639,-11.950 
639,-100.000 
640,-0.049 
640,-0.079 
640,-29.394 
640,-262.507 
640,-30.930 
640,6.544 
640,-23.834 
640,121.616 
640,2.292 
640,-100.000 
641,-0.049 
641,-0.171 
641,-0.278 
641,61.673 
641,4.934 
641,-5.333 
639,220.360 
640,-0.049 
640,-0.079 
640,-0.167 
641,-378.532 
640,23.290 
640,-122.228 
640,-4.424 
641,-12.928 
640,-36.087 
640,-202.918 
640,0.000 
641,-0.049 
641,-2.883 
641,-36.380 
641,-5.734 
641,5.198 
641,4.690 
641,-100.000 
642,-0.049 
642,-0.079 
641,2.782 
642,-7.010 
641,-2.731 
642,-30.865 
642,-122.519 
641,-363.320 
642,-24.237 
642,-16.334 
642,202.077 
642,-3.676 
642,-100.000 
643,-0.049 
643,-0.198 
643,-0.285 
643,-0.498 
643,-0.454 
641,23.326 
643,-0.395 
643,-15.571 
643,-3.323 
643,-62.446 
643,-100.000 
644,-0.207 
644,-0.296 
644,-0.484 
644,-62.476 
644,-0.387 
644,-0.309 
644,-0.330 
644,-0.526 
644,-338.277 
644,-100.000 
645,-0.049 
645,-5.724 
645,-0.167 
645,-5.623 
645,-2.878 
645,2.664 
645,2.370 
645,4.432 
645,-62.370 
641,-100.000 
642,-0.049 
642,-0.116 
645,-100.000 
642,-0.119 
646,-0.049 
646,-0.079 
646,-23.717 
642,-0.162 
646,-7.269 
642,-0.229 
642,-0.158 
646,-30.918 
642,-8.893 
646,4.316 
646,197.447 
646,-127.210 
646,2.331 
642,-5.156 
642,-272.223 
642,-100.000 
643,-0.049 
643,-0.079 
643,-6.045 
643,-3.269 
643,-1.444 
643,25.012 
643,-127.099 
646,-100.000 
647,-0.049 
647,-0.079 
647,-0.089 
643,-23.874 
647,-0.102 
647,-0.065 
643,-198.193 
647,-7.597 
647,4.586 
647,-288.234 
647,23.099 
643,-100.000 
644,-0.156 
644,-0.296 
644,-0.278 
644,-0.358 
644,-0.537 
644,-11.209 
644,-171.947 
644,-12.810 
644,35.649 
644,-100.000 
645,-0.049 
645,-0.171 
645,-0.285 
645,-0.498 
645,-0.810 
645,-62.846 
645,-382.657 
645,-31.462 
645,-24.891 
645,-100.000 
646,-0.049 
646,-0.079 
646,-0.167 
646,-8.027 
646,-0.387 
646,59.203 
646,-5.628 
646,5.441 
646,-354.668 
646,-100.000 
647,-100.000 
647,-0.049 
648,-0.049 
647,-0.079 
648,-0.171 
647,-0.281 
648,-0.167 
647,-0.544 
648,-62.270 
647,12.110 
648,-0.387 
647,-0.879 
647,-140.042 
648,-0.309 
648,-2.960 
648,-243.147 
647,-3.867 
647,-198.547 
648,126.574 
647,-100.000 
648,-0.049 
648,-0.079 
648,-5.964 
648,2.321 
648,-5.042 
648,5.408 
648,87.936 
648,-24.078 
648,35.352 
648,-100.000 
649,-0.094 
649,-0.116 
649,-0.119 
649,-4.850 
649,-0.229 
649,5.250 
649,-203.769 
649,-117.849 
649,-3.665 
649,-100.000 
650,-0.049 
650,-0.171 
650,23.384 
650,-30.924 
650,-0.390 
650,-7.240 
650,199.815 
650,121.301 
648,-100.000 
649,-0.207 
649,-0.223 
649,2.733 
649,-26.575 
649,35.378 
649,11.952 
649,-3.328 
649,-127.419 
649,-23.921 
649,-100.000 
650,-0.207 
650,-0.223 
650,-0.278 
650,-11.365 
650,2.713 
650,49.068 
650,-12.994 
650,-25.629 
650,2.363 
650,-265.127 
650,-100.000 
651,-0.207 
651,-0.223 
651,-0.219 
651,-62.226 
651,-0.181 
651,-0.309 
650,314.923 
651,-0.049 
651,25.213 
651,-0.171 
651,-0.167 
651,-0.261 
651,-224.048 
651,-31.082 
651,6.413 
651,121.614 
651,-0.290 
651,-7.252 
651,-16.531 
651,-100.000 
652,-0.207 
652,-0.223 
652,-62.249 
652,-0.445 
652,-5.858 
652,-5.776 
652,-3.455 
652,-6.171 
651,-100.000 
652,-0.049 
652,-0.171 
652,-5.375 
652,-0.167 
652,-0.239 
652,-128.024 
652,-7.349 
652,-100.000 
653,-0.207 
652,-0.330 
653,-0.223 
653,-0.219 
652,-30.966 
652,-4.998 
653,-2.117 
653,-148.543 
653,2.004 
653,11.849 
653,-36.509 
652,-100.000 
653,-0.049 
653,-0.079 
653,-30.882 
653,6.539 
653,23.160 
653,-141.290 
653,-122.331 
653,-4.883 
653,-203.005 
653,-3.116 
653,-100.000 
654,-0.049 
654,3.072 
654,-23.717 
654,126.625 
654,-36.130 
654,-12.885 
654,-203.116 
654,-3.395 
654,-91.426 
653,-100.000 
654,-0.207 
654,-0.223 
654,-0.219 
654,-0.218 
654,-0.194 
654,-0.108 
654,-0.165 
654,-165.405 
654,-8.168 
654,-100.000 
655,-0.207 
655,-0.223 
655,-0.219 
655,-0.239 
655,-0.387 
655,-4.151 
654,-100.000 
655,-126.671 
655,-0.207 
655,-260.124 
655,-0.223 
655,-5.093 
655,25.081 
655,-100.000 
656,-0.207 
655,-148.230 
656,-0.260 
656,-0.249 
655,-36.068 
655,12.350 
656,-0.218 
656,-0.286 
655,-3.196 
655,-23.754 
655,2.508 
656,-0.433 
656,-43.475 
656,121.689 
656,-3.067 
655,-100.000 
656,-0.207 
656,-0.223 
656,4.537 
656,-59.944 
656,295.762 
656,-36.354 
656,-3.433 
656,-3.175 
656,11.969 
656,266.302 
657,-0.207 
657,-0.223 
657,-0.278 
657,-0.239 
656,-100.000 
657,-0.207 
657,-0.300 
657,-0.340 
657,-0.223 
657,28.838 
657,-6.269 
657,-62.273 
657,-264.982 
657,-25.678 
657,-124.437 
657,-1.563 
657,30.069 
657,-100.000 
657,2.776 
658,-0.049 
658,-0.223 
658,-29.394 
658,-0.314 
658,121.505 
658,137.807 
657,-117.583 
658,6.204 
658,29.831 
658,-21.744 
658,373.183 
659,-0.049 
659,-0.223 
659,-0.219 
659,-36.291 
659,30.272 
659,121.635 
659,-24.040 
659,137.648 
659,-24.900 
659,330.596 
660,-0.049 
660,-0.278 
660,30.040 
660,5.979 
660,199.376 
660,-20.416 
660,-127.659 
660,-91.942 
660,-24.331 
660,-100.000 
661,-0.049 
661,-0.171 
661,-0.463 
661,-0.432 
661,-0.381 
661,-0.428 
661,-62.423 
661,123.489 
661,-122.254 
657,-100.000 
658,-0.207 
658,-0.223 
658,-0.219 
658,-8.911 
658,-25.676 
658,-265.037 
658,116.658 
661,-100.000 
662,-0.049 
662,-0.079 
658,-23.913 
662,-0.373 
658,-3.385 
662,-30.939 
662,121.589 
662,-0.596 
662,199.413 
662,-92.012 
662,-31.254 
662,171.733 
663,-0.049 
663,-3.150 
663,-2.893 
663,-5.563 
663,26.943 
663,-29.713 
663,135.004 
658,-100.000 
659,-0.207 
659,-0.223 
663,-2.012 
659,-0.219 
659,-0.445 
659,-0.506 
659,1.635 
659,64.593 
663,-24.331 
659,139.845 
663,341.596 
664,-0.049 
664,-0.079 
664,-0.089 
664,-29.370 
664,-30.930 
664,-8.976 
664,135.564 
664,23.392 
659,35.087 
664,1.056 
664,-100.000 
665,-0.049 
665,-0.116 
665,-0.119 
665,-0.368 
665,-0.348 
665,199.874 
665,-0.596 
659,452.681 
660,-0.049 
660,-0.171 
660,-176.897 
660,-0.348 
660,-7.344 
660,-30.965 
660,-0.435 
660,-122.616 
665,-11.567 
660,14.462 
665,0.000 
666,-0.049 
666,-0.079 
666,-0.208 
666,-0.314 
666,-11.790 
666,-59.956 
666,4.395 
666,-0.362 
666,-5.779 
666,208.966 
667,-0.049 
667,-0.079 
667,-0.089 
667,-0.102 
667,-62.198 
667,-199.071 
667,6.635 
660,-100.000 
667,10.973 
661,-0.049 
667,126.161 
661,-0.223 
661,28.838 
661,-30.938 
661,-23.863 
661,-122.400 
661,-7.485 
661,-0.676 
661,-262.844 
667,-100.000 
668,-0.049 
668,-0.223 
668,-0.337 
668,7.394 
661,-100.000 
668,-0.537 
662,-0.049 
668,-60.446 
662,200.083 
668,-6.015 
662,-0.208 
662,-23.811 
662,30.372 
662,121.617 
668,-301.265 
662,-0.304 
662,6.566 
668,-3.457 
668,-100.000 
669,-0.049 
669,-0.198 
669,-8.924 
669,-2.598 
669,-5.484 
669,-5.002 
669,98.585 
662,-22.068 
669,-3.039 
669,-23.863 
669,-100.000 
670,-0.049 
670,2.873 
662,381.382 
670,-5.853 
663,-0.049 
670,-5.072 
663,-0.079 
670,-132.252 
663,-0.208 
670,-202.918 
670,23.157 
663,-0.198 
670,-25.905 
663,-0.168 
663,-0.289 
663,-0.435 
670,1.932 
663,260.659 
663,-1.039 
670,-100.000 
671,-0.049 
671,2.873 
671,2.944 
671,-3.002 
671,202.276 
671,-36.266 
671,126.242 
671,22.795 
663,221.971 
664,-0.156 
671,-13.191 
664,-0.171 
664,-6.018 
664,-3.419 
664,-5.778 
664,-64.631 
664,28.804 
664,116.772 
671,352.852 
672,-0.094 
672,5.022 
664,-265.051 
672,-5.155 
672,5.101 
672,2.165 
664,-100.000 
665,-0.049 
665,-0.079 
665,1.862 
665,-5.521 
672,-3.653 
665,94.378 
672,-3.173 
665,-202.970 
665,-23.985 
672,-363.643 
672,-91.812 
665,-12.890 
672,-100.000 
665,-91.426 
673,-0.049 
673,-0.079 
673,-0.089 
673,-0.079 
673,-128.982 
665,-100.000 
673,-7.220 
666,-0.207 
666,-0.223 
673,-202.849 
666,-0.219 
666,-62.226 
673,-91.345 
666,-0.270 
666,-0.377 
666,-0.566 
673,35.736 
666,-12.427 
666,-24.244 
666,-100.000 
667,-0.207 
667,-0.223 
667,-0.337 
667,-0.314 
667,-0.389 
667,61.468 
667,357.554 
667,-31.328 
667,-16.330 
667,1178.843 
668,-0.049 
668,61.808 
668,229.119 
673,-100.000 
674,-0.049 
668,-0.314 
674,2.992 
674,2.944 
668,6.414 
674,126.570 
674,-3.091 
668,-24.216 
668,121.088 
674,-12.922 
674,-202.968 
668,-0.806 
674,35.386 
674,-23.937 
668,-10.983 
668,1187.581 
669,-0.049 
669,-0.198 
669,-5.679 
669,-62.344 
669,-5.909 
674,-100.000 
669,-6.183 
675,-0.049 
675,-0.171 
669,2.356 
675,-3.238 
675,-5.787 
675,-5.091 
675,4.981 
669,191.297 
675,2.296 
675,-72.233 
675,201.809 
669,116.811 
675,-100.000 
676,-0.049 
676,2.873 
676,2.192 
676,-5.843 
676,4.469 
676,-3.160 
676,-0.512 
676,-62.480 
676,4.519 
669,332.265 
670,-0.207 
670,-0.223 
670,28.838 
670,6.370 
670,-24.088 
670,10.786 
670,-127.603 
670,-36.762 
670,-3.787 
676,437.369 
677,-0.049 
677,2.873 
677,-0.285 
677,1.933 
677,-6.068 
670,-100.000 
671,-0.049 
671,-0.378 
671,-0.373 
671,61.585 
677,-5.664 
671,-0.387 
677,-5.148 
671,-0.428 
677,-81.573 
671,-138.246 
671,-3.421 
677,-3.116 
671,-36.079 
671,-100.000 
672,-0.207 
672,-0.223 
672,28.838 
672,-7.235 
672,-0.581 
672,-23.978 
672,2.622 
672,-260.480 
672,-26.200 
677,-100.000 
678,-0.049 
678,-122.091 
678,-7.010 
678,-4.120 
672,-100.000 
678,197.594 
673,-0.049 
673,-0.223 
678,24.732 
673,-3.023 
673,-5.679 
673,-2.334 
678,-3.962 
673,116.599 
673,-260.478 
673,0.421 
678,1.772 
673,2.346 
678,-24.454 
673,-100.000 
674,-0.049 
674,-0.171 
674,-2.567 
674,-5.906 
674,4.801 
674,-3.232 
674,-62.423 
674,2.685 
674,120.245 
678,196.604 
679,-0.049 
679,-0.079 
679,-0.089 
679,-0.079 
679,-0.065 
679,-0.128 
679,-0.273 
679,78.118 
674,-100.000 
675,-0.156 
675,-0.378 
675,26.329 
679,-5.931 
675,-29.621 
675,2.565 
675,2.139 
675,11.642 
675,-127.692 
675,-141.438 
675,-100.000 
676,-0.156 
676,-0.378 
676,-6.018 
676,4.526 
676,-2.704 
676,4.893 
676,13.611 
676,2.200 
676,-3.663 
679,-100.000 
680,-0.049 
680,-0.079 
680,-0.089 
680,-0.348 
680,-11.054 
680,-2.759 
680,-6.039 
680,4.857 
680,-62.370 
676,121.088 
677,-0.156 
677,-0.171 
677,-0.278 
677,-0.259 
677,-0.355 
677,-0.270 
677,1.087 
677,-64.796 
677,-57.563 
680,-100.000 
681,-0.049 
681,2.992 
681,2.944 
677,-100.000 
681,-127.084 
678,-0.049 
681,35.394 
678,-3.150 
678,4.785 
678,-0.348 
678,148.291 
681,-13.135 
681,201.790 
681,-3.599 
678,-29.603 
678,-36.229 
678,12.125 
678,-3.219 
678,-100.000 
679,-0.049 
679,-29.398 
679,-0.219 
679,-0.394 
679,-117.407 
679,24.924 
679,-3.091 
679,-260.207 
681,-24.423 
679,-1.679 
679,-100.000 
680,-0.049 
680,-0.079 
680,-2.782 
680,-2.598 
680,-3.091 
680,-5.349 
680,-0.425 
680,301.835 
681,-100.000 
682,-0.049 
682,2.992 
682,2.944 
682,-23.811 
680,-36.709 
682,202.346 
682,126.378 
682,-3.435 
680,207.217 
681,-0.049 
681,-0.171 
681,-20.566 
681,-12.708 
681,-36.281 
681,-202.991 
682,-36.419 
681,-91.479 
681,126.619 
682,-12.954 
681,-3.046 
681,-100.000 
682,-0.207 
682,28.952 
682,-7.140 
682,-122.207 
682,-0.270 
682,-262.518 
682,-4.568 
682,-3.447 
682,-23.776 
682,-100.000 
683,-0.094 
683,-0.278 
683,-0.281 
683,-62.410 
683,-0.329 
682,225.970 
683,-0.207 
683,-0.223 
683,-13.833 
683,-0.371 
683,-5.549 
683,-5.401 
683,4.538 
683,-6.092 
683,63.816 
683,-3.608 
683,-402.850 
683,-317.791 
683,-100.000 
684,-0.156 
683,-3.753 
684,-0.205 
684,-0.193 
684,-0.162 
684,-2.688 
683,-100.000 
684,-3.348 
684,-0.049 
684,2.873 
684,2.944 
684,2.369 
684,-36.322 
684,-3.369 
684,-12.931 
684,126.242 
684,116.621 
684,197.258 
684,-24.100 
684,0.000 
685,-0.049 
685,-0.079 
685,-7.129 
685,5.129 
685,-29.683 
684,347.502 
685,24.687 
685,-3.328 
685,-0.049 
685,-2.883 
685,-3.241 
685,-265.125 
685,-3.150 
685,25.074 
685,197.431 
685,-127.289 
685,116.365 
685,-13.242 
685,-91.812 
685,309.143 
686,-0.094 
686,-0.116 
686,-0.119 
686,-0.102 
686,-0.184 
686,-0.364 
686,-3.404 
686,-197.443 
686,32.516 
686,-100.000 
687,-0.156 
687,-0.205 
687,6.696 
687,199.678 
687,-0.950 
687,-14.802 
685,-100.000 
687,-3.593 
686,-0.049 
687,-13.362 
686,-0.079 
686,-0.089 
686,-0.348 
686,-0.423 
687,-91.899 
686,-7.485 
686,-343.086 
686,35.458 
687,-100.000 
688,-0.049 
688,-0.171 
688,-0.193 
688,-0.368 
688,-0.317 
686,-12.878 
688,-62.345 
688,-0.210 
688,-0.204 
688,-2.693 
688,-100.000 
689,-0.049 
689,-0.079 
689,-0.208 
689,-0.221 
686,-100.000 
687,-0.049 
687,2.873 
689,-0.184 
687,-5.853 
689,-145.938 
687,-0.261 
687,-5.091 
687,-5.728 
687,-2.856 
689,23.365 
687,-380.559 
689,-3.541 
689,-29.266 
689,-100.000 
690,-0.094 
690,-0.260 
690,-1.675 
690,-122.230 
690,-262.479 
690,-9.638 
690,-3.315 
690,-23.937 
690,-12.808 
687,-3.256 
690,-100.000 
691,-0.094 
691,-0.278 
691,-0.355 
691,-0.323 
691,-3.303 
691,-3.491 
691,81.174 
691,-13.450 
691,-3.824 
687,-100.000 
688,-0.049 
688,-0.079 
688,-0.208 
688,78.072 
688,-0.168 
688,-7.158 
688,-5.216 
688,-25.536 
688,0.000 
689,-0.049 
689,-0.378 
689,-0.373 
689,-0.368 
689,-0.478 
689,-16.052 
691,-100.000 
689,5.210 
692,-0.049 
692,-0.198 
692,-0.445 
689,-366.696 
692,-29.726 
692,137.387 
692,-31.410 
689,2.373 
692,121.293 
692,-11.771 
689,-100.000 
692,-13.206 
690,-0.049 
690,-0.079 
690,-0.089 
690,-0.264 
690,-0.507 
690,-353.344 
690,-7.295 
690,-10.211 
690,-24.024 
692,190.832 
693,-0.049 
693,-0.198 
693,-0.208 
693,-0.198 
693,-129.101 
693,-23.703 
693,-13.430 
693,-36.137 
693,-203.067 
693,-100.000 
694,-0.049 
694,-0.198 
694,-6.083 
694,-5.072 
694,-0.217 
694,-5.798 
694,-5.637 
694,-64.436 
694,-203.133 
690,-100.000 
691,-0.049 
691,-0.079 
691,-0.208 
691,-0.221 
691,-0.345 
691,13.085 
691,4.068 
691,-0.711 
691,-340.115 
694,-100.000 
695,-0.094 
695,-0.278 
695,-0.355 
695,-0.603 
695,-0.950 
695,-0.879 
695,-0.995 
695,-62.956 
691,-100.000 
692,-0.156 
692,-0.171 
692,-2.567 
692,5.384 
692,4.420 
692,2.325 
692,-3.672 
695,-13.585 
692,-6.056 
692,60.402 
695,-100.000 
696,-0.094 
696,-0.278 
696,7.419 
696,-5.908 
696,-241.181 
696,-127.056 
696,-23.866 
696,-3.009 
692,-100.000 
693,-0.049 
693,-0.171 
693,-0.373 
693,-0.348 
696,0.000 
697,-0.049 
693,-6.216 
697,-0.079 
693,-0.309 
697,-7.768 
693,-5.204 
697,-3.269 
697,-0.270 
693,-131.737 
693,35.400 
697,5.320 
697,-64.673 
697,-341.535 
697,-36.066 
693,-100.000 
694,-0.049 
694,-0.079 
694,200.073 
694,-23.811 
694,-7.138 
694,-91.428 
694,-3.220 
694,-117.500 
694,2.223 
697,-100.000 
698,-0.049 
698,-0.198 
698,-0.285 
698,-0.261 
698,-10.966 
698,-5.458 
694,-100.000 
695,-0.049 
695,-0.079 
695,-2.011 
695,4.756 
695,-0.758 
698,-5.918 
695,-112.895 
698,-64.415 
695,-13.560 
695,-203.684 
698,-202.993 
695,-3.914 
698,-100.000 
699,-0.094 
699,-0.116 
699,-0.238 
699,-0.337 
695,-100.000 
696,-0.049 
696,-0.079 
696,-0.208 
699,-0.286 
696,-0.221 
699,5.153 
696,-0.229 
696,-0.158 
699,-2.867 
699,126.116 
699,-265.470 
696,-0.228 
696,-383.483 
699,-100.000 
700,-0.094 
700,-0.116 
700,-0.193 
700,53.828 
700,-0.552 
696,0.000 
700,199.402 
697,-0.049 
697,-0.116 
697,30.320 
697,-0.382 
697,-200.864 
700,-12.025 
697,-91.820 
700,-127.683 
700,-2.179 
697,-0.627 
700,-100.000 
697,-24.227 
701,-0.049 
701,-0.079 
701,-0.167 
697,12.034 
701,54.577 
701,6.704 
697,-100.000 
701,-16.430 
698,-0.049 
698,-0.079 
698,23.178 
698,199.814 
698,-31.036 
701,-3.198 
701,-3.598 
698,-0.525 
698,-7.356 
698,-91.571 
698,-122.232 
701,24.752 
698,-100.000 
699,-0.049 
699,2.992 
699,2.944 
699,-127.084 
699,-202.849 
699,-12.685 
699,-23.826 
699,2.514 
699,-91.400 
701,-100.000 
702,-0.049 
702,-2.479 
702,-0.167 
702,-5.623 
699,-100.000 
702,-6.197 
700,-0.207 
702,61.481 
702,239.433 
700,-0.223 
700,-22.473 
700,121.698 
702,-3.996 
700,-13.941 
700,-264.918 
702,2.024 
700,-3.046 
702,205.793 
703,-0.049 
703,200.202 
703,-122.101 
703,23.202 
703,-0.423 
703,29.914 
703,-19.126 
700,-25.596 
700,-23.684 
703,-3.556 
703,-13.039 
700,-100.000 
701,-0.049 
701,-0.079 
701,-0.119 
701,-0.102 
701,-176.785 
701,121.647 
701,-24.061 
701,-24.842 
703,-100.000 
704,-0.049 
704,-0.079 
704,-5.560 
704,-0.142 
704,-5.572 
704,-5.846 
704,2.694 
704,-189.579 
704,0.000 
705,-0.049 
705,-2.883 
705,-0.373 
705,-5.993 
705,-3.494 
701,-91.502 
705,-5.825 
705,-5.546 
705,-0.602 
701,-100.000 
705,59.173 
702,-0.049 
702,-0.079 
702,-0.373 
702,2.492 
702,-0.387 
702,-16.006 
702,135.520 
702,-36.105 
702,2.893 
705,-100.000 
706,-0.049 
706,-0.198 
706,-0.445 
706,-0.435 
706,-62.538 
706,-0.453 
706,18.131 
706,-23.992 
706,0.837 
706,-100.000 
707,-0.049 
707,-0.198 
707,-0.238 
707,61.694 
707,320.344 
707,-0.809 
707,-0.880 
707,-7.691 
707,-24.364 
707,1119.789 
708,-0.049 
708,-0.171 
708,-0.373 
708,-0.368 
708,-0.478 
708,-254.840 
702,-100.000 
703,-0.049 
703,2.992 
703,2.944 
703,-127.084 
708,6.605 
703,-29.445 
703,140.325 
708,121.688 
703,-23.793 
703,2.442 
703,-12.791 
703,-100.000 
704,-0.049 
708,0.000 
704,2.992 
709,-0.049 
704,2.944 
709,-0.171 
709,2.786 
704,-23.811 
709,4.613 
704,202.227 
709,-6.068 
709,94.214 
709,-29.624 
709,-3.135 
704,-3.400 
704,-36.411 
704,-91.647 
704,-127.183 
709,140.219 
704,-100.000 
705,-0.049 
705,-0.198 
705,200.073 
705,-122.210 
705,-13.665 
705,-3.042 
705,-25.471 
709,224.335 
710,-0.049 
705,-23.832 
710,-0.079 
710,1.596 
710,-3.002 
710,-5.932 
710,-0.271 
710,-0.243 
710,65.154 
710,-36.271 
705,-1.588 
710,213.106 
711,-0.049 
711,-0.116 
711,-231.001 
711,-122.114 
711,-0.065 
711,6.793 
711,-1.262 
711,-3.425 
711,23.120 
705,-100.000 
706,-0.049 
711,-100.000 
706,-0.079 
712,-0.049 
706,-0.089 
712,61.808 
706,-0.348 
712,-0.337 
712,228.905 
712,-9.130 
712,-24.010 
706,-0.423 
706,104.905 
712,-25.931 
712,0.415 
706,12.773 
706,35.060 
706,201.614 
712,-3.521 
706,537.549 
707,-0.049 
707,-0.198 
707,200.073 
707,-0.198 
707,-7.089 
707,121.656 
707,30.151 
707,-91.620 
707,-16.240 
712,118.681 
713,-0.049 
713,61.808 
713,-0.484 
713,-0.445 
713,2.087 
713,-3.380 
713,-3.016 
707,352.215 
708,-0.049 
708,2.873 
708,-0.285 
708,-0.358 
708,4.575 
708,72.097 
713,-128.056 
708,-3.047 
708,-12.691 
708,35.606 
708,445.400 
709,-0.207 
709,61.808 
709,-0.219 
713,-36.121 
709,-0.195 
709,-0.270 
709,-9.445 
709,225.208 
709,-127.263 
709,-36.142 
709,105.036 
710,-0.049 
710,2.992 
710,2.944 
710,-202.879 
710,2.517 
713,-100.000 
710,-91.531 
710,126.407 
714,-0.094 
714,-0.278 
710,35.046 
714,-0.281 
714,-0.544 
714,-0.507 
714,-19.670 
710,-24.450 
714,-235.025 
714,23.065 
714,32.474 
714,-100.000 
715,-0.094 
715,-0.278 
715,-0.561 
715,-0.544 
715,114.886 
715,-0.968 
715,-0.891 
715,-92.061 
715,22.651 
710,-100.000 
711,-0.049 
711,2.992 
711,2.944 
711,126.570 
711,-202.968 
711,-36.147 
711,-2.974 
711,-12.801 
711,-23.863 
715,-100.000 
716,-0.094 
716,-0.278 
716,-0.561 
716,-0.544 
716,-0.507 
716,114.942 
716,-92.052 
716,-0.855 
716,22.858 
716,-100.000 
717,-0.094 
717,-0.116 
717,-0.281 
717,-7.486 
717,-0.447 
717,-64.807 
717,-5.931 
717,-3.099 
717,-0.133 
717,335.959 
718,-0.094 
718,-0.278 
718,-0.561 
718,-62.690 
718,200.700 
718,-0.937 
711,-100.000 
712,-0.049 
712,2.873 
712,-5.853 
712,-5.072 
718,-24.600 
712,-5.484 
712,-0.428 
712,2.230 
712,1.580 
712,-129.460 
712,-100.000 
713,-0.049 
713,-0.198 
713,-0.445 
713,-7.356 
713,-200.687 
718,-122.937 
713,-31.127 
713,121.206 
713,-24.468 
718,-12.633 
713,-0.231 
718,-100.000 
719,-0.049 
719,-200.360 
719,-5.641 
719,23.408 
719,2.706 
719,1.036 
719,-3.346 
719,-127.058 
719,0.000 
720,-0.049 
720,3.072 
720,126.678 
720,23.084 
720,-3.227 
720,-12.925 
720,-36.335 
720,2.510 
713,-100.000 
714,-0.049 
714,2.873 
714,2.944 
714,-29.489 
714,126.379 
714,-36.354 
720,-29.633 
714,-141.013 
714,-23.992 
720,348.880 
721,-0.049 
721,6.842 
721,-8.885 
721,2.606 
721,-198.049 
721,25.012 
721,116.645 
714,-3.101 
721,-91.662 
714,-100.000 
715,-0.049 
715,-0.198 
715,-0.445 
715,-200.716 
721,-3.516 
715,-122.417 
715,29.752 
715,-24.545 
715,-12.855 
715,-33.755 
715,-100.000 
716,-0.049 
716,5.447 
716,-5.538 
716,1.942 
716,2.293 
721,-100.000 
716,-5.595 
722,-0.049 
716,-119.706 
722,-3.231 
722,-1.365 
716,-24.219 
716,32.290 
722,-3.150 
722,-2.854 
722,-25.471 
722,23.441 
716,-100.000 
717,-0.049 
717,-0.079 
717,-23.717 
722,-117.417 
717,200.020 
717,-0.454 
717,-7.311 
722,0.000 
723,-0.049 
717,-122.437 
723,-29.398 
723,-30.850 
723,-23.809 
717,-31.075 
723,-7.276 
723,-0.270 
723,137.967 
723,-13.970 
723,-3.441 
717,-10.700 
717,-100.000 
718,-0.094 
718,5.022 
718,2.119 
718,-234.297 
718,-23.822 
723,-100.000 
724,-0.049 
718,-91.476 
724,-0.223 
718,-117.421 
724,-0.249 
724,-0.218 
724,-62.198 
724,-0.258 
724,-13.127 
718,-3.436 
724,5.231 
724,-0.458 
718,1.056 
718,-100.000 
719,-0.049 
719,2.873 
724,568.437 
719,2.944 
725,-0.207 
725,-0.223 
725,61.693 
725,228.905 
719,-29.489 
725,-0.507 
725,-122.456 
719,-3.074 
725,-7.400 
719,-127.093 
725,-22.322 
719,23.220 
725,-23.776 
725,-100.000 
719,-36.105 
726,-0.049 
726,-0.171 
726,-0.463 
726,-254.865 
726,-0.499 
726,121.584 
726,-8.192 
726,2.340 
719,-12.744 
726,0.000 
727,-0.049 
727,-0.198 
727,-0.238 
727,-0.458 
727,169.259 
727,22.949 
727,-122.522 
719,-100.000 
727,-91.647 
720,-0.049 
720,2.321 
720,203.225 
720,-91.519 
720,-3.074 
720,-3.277 
720,12.324 
720,126.510 
727,-7.336 
720,-23.776 
727,-100.000 
728,-0.049 
728,-0.116 
728,-0.119 
728,47.566 
728,-7.148 
728,9.817 
728,-3.445 
728,-3.201 
720,273.062 
721,-0.049 
728,-91.532 
721,-0.198 
721,-0.445 
721,128.498 
721,-0.405 
721,-30.966 
721,-200.688 
721,5.571 
721,-91.803 
721,-100.000 
722,-0.049 
722,-0.198 
722,-0.208 
722,321.977 
722,29.976 
722,-24.150 
722,-7.636 
722,-91.851 
728,-100.000 
729,-0.049 
729,28.952 
729,-122.231 
729,23.105 
729,-0.387 
729,-262.621 
729,-30.972 
729,-0.526 
729,-7.303 
722,12.414 
729,-100.000 
730,-0.049 
730,-0.278 
730,-0.561 
730,-11.048 
730,-5.780 
730,4.677 
730,61.065 
722,443.630 
723,-0.049 
723,-0.198 
723,-0.445 
723,-0.435 
723,-329.619 
723,-13.741 
723,2.665 
723,-23.872 
730,-0.838 
730,-3.970 
730,-100.000 
731,-0.094 
731,-0.116 
731,-0.119 
731,-0.102 
731,-0.227 
731,1.338 
731,226.340 
731,-91.942 
731,-127.493 
723,-36.353 
723,-100.000 
724,-0.049 
724,-122.091 
724,-0.089 
724,200.202 
724,-0.168 
724,-7.040 
731,-100.000 
732,-0.094 
732,-0.278 
732,-0.561 
732,-0.544 
724,-5.216 
724,24.905 
732,-0.507 
732,114.942 
732,-92.052 
724,23.077 
732,22.832 
732,-15.119 
732,-100.000 
733,-0.049 
733,-0.116 
733,23.399 
733,-200.545 
733,-0.227 
733,-0.450 
733,-11.574 
733,116.741 
733,-91.532 
733,-100.000 
734,-0.049 
734,-7.000 
734,-30.720 
734,-0.102 
734,-200.465 
734,-3.576 
734,-117.782 
734,22.795 
734,32.203 
734,-100.000 
735,-0.049 
735,-0.079 
735,-0.089 
735,6.842 
735,2.753 
735,-29.382 
735,-127.128 
735,-36.357 
735,140.087 
735,-100.000 
736,-0.049 
736,-7.000 
736,-30.720 
736,-0.221 
736,-122.196 
736,-23.915 
736,-29.504 
724,-100.000 
725,-0.049 
725,-0.079 
725,5.667 
725,-3.349 
736,-0.204 
725,-29.445 
725,-117.581 
725,0.915 
736,-6.970 
725,-25.715 
725,135.448 
725,-100.000 
726,-0.094 
726,-0.116 
736,-100.000 
737,-0.049 
726,-0.281 
737,-0.079 
726,-0.323 
737,-200.370 
726,-0.272 
737,-30.703 
737,-122.196 
737,-6.865 
726,-214.453 
726,-0.110 
737,-3.478 
737,-12.877 
726,-122.130 
726,0.000 
727,-0.049 
727,-0.079 
727,0.258 
727,-3.269 
727,-202.849 
727,23.192 
727,-13.078 
727,-127.651 
727,-36.526 
737,0.000 
738,-0.049 
738,-3.231 
738,-36.020 
738,-3.068 
738,-29.504 
738,-23.820 
738,-141.095 
738,-1.802 
727,-100.000 
738,116.756 
728,-0.049 
728,2.606 
738,-100.000 
728,-0.285 
739,-0.049 
728,-2.867 
739,-0.171 
739,-0.193 
739,-8.472 
728,-6.068 
739,-5.191 
728,2.712 
728,4.362 
739,-5.890 
739,-3.344 
728,-62.480 
728,4.519 
739,57.506 
739,197.493 
728,-100.000 
729,-0.207 
729,-0.296 
729,-0.278 
729,-0.239 
729,-0.300 
729,-62.490 
729,-0.521 
729,-0.676 
729,-12.510 
739,173.144 
740,-0.049 
740,-0.079 
740,-62.249 
740,-0.218 
729,-100.000 
740,-0.329 
730,-0.207 
730,-0.296 
730,-0.278 
740,-10.147 
730,-0.239 
730,-168.116 
730,137.791 
730,-0.567 
740,2.547 
730,-31.203 
740,-0.396 
730,-0.458 
740,5.037 
740,386.744 
741,-0.049 
741,-0.079 
741,-0.119 
741,-5.788 
730,-100.000 
731,-0.207 
741,-5.948 
731,-0.296 
731,-0.484 
741,-5.121 
741,-0.392 
731,-0.465 
731,-0.561 
731,-62.506 
741,-172.675 
731,-0.371 
731,-0.246 
731,292.865 
741,197.612 
731,372.765 
732,-0.207 
732,-0.223 
732,-0.249 
732,-0.529 
732,-0.582 
732,-0.497 
732,61.638 
732,-2.589 
732,-185.619 
732,-100.000 
733,-0.207 
733,-0.223 
733,-0.219 
733,-10.714 
733,-59.782 
733,-2.892 
733,-0.211 
733,-127.438 
733,24.919 
733,-100.000 
734,-0.049 
734,-0.079 
734,-0.208 
734,1.935 
734,-203.601 
734,-117.375 
734,-25.794 
734,-13.081 
734,-91.651 
734,-100.000 
735,-0.049 
735,-0.079 
735,-0.208 
735,-200.479 
735,-91.476 
735,6.301 
735,126.407 
735,-24.119 
735,35.002 
735,-100.000 
736,-0.049 
741,-100.000 
736,-0.223 
742,-0.049 
736,-0.278 
742,-0.198 
736,-3.310 
742,-0.445 
736,-5.945 
742,199.490 
736,-64.890 
742,-31.378 
742,-122.894 
736,-216.546 
736,-127.692 
742,-7.727 
742,-5.102 
742,-91.846 
736,24.649 
736,-100.000 
737,-0.049 
737,-0.079 
737,-0.089 
737,-0.195 
737,-22.524 
737,-262.518 
737,23.220 
737,-122.343 
742,-100.000 
743,-0.049 
737,-31.102 
743,-122.091 
743,-0.089 
743,-30.703 
743,-10.278 
743,-23.915 
743,12.055 
743,-3.365 
737,-100.000 
738,-0.049 
738,-0.079 
738,-0.281 
738,4.490 
738,32.847 
738,-203.530 
738,-127.659 
738,-24.228 
738,-33.430 
743,-203.231 
738,-100.000 
739,-0.094 
739,30.323 
739,-23.905 
739,-0.603 
739,10.572 
739,-203.560 
739,-13.354 
739,-33.574 
739,-3.379 
739,-100.000 
740,-0.049 
740,-0.198 
740,-8.153 
740,-0.314 
740,-3.312 
740,88.885 
740,-24.268 
743,-100.000 
744,-0.049 
740,0.676 
744,6.723 
744,-30.839 
740,-26.018 
744,-0.458 
744,-0.583 
744,199.399 
744,22.729 
740,216.355 
741,-0.049 
741,-0.198 
741,-0.445 
744,-23.083 
741,-0.498 
741,-0.950 
741,-17.135 
741,-1.050 
741,-6.570 
744,-127.467 
741,58.731 
744,-100.000 
745,-0.049 
745,-0.079 
745,-6.311 
745,-126.965 
745,-2.972 
745,23.192 
745,-36.174 
745,-12.890 
745,-29.396 
745,-100.000 
746,-0.049 
746,-0.079 
746,0.258 
746,23.202 
746,-12.989 
746,-3.430 
746,-36.174 
746,126.605 
746,-202.951 
741,106.272 
742,-0.049 
742,2.992 
742,-0.373 
742,1.933 
742,2.144 
742,-62.696 
742,-6.212 
742,-249.687 
742,-26.082 
742,-100.000 
743,-0.049 
743,-0.079 
743,2.633 
743,-0.314 
743,-3.341 
743,-64.637 
743,-5.586 
743,-5.331 
743,7.975 
743,-100.000 
744,-0.049 
744,-4.953 
744,-0.373 
744,4.932 
744,-5.961 
744,-3.050 
744,-3.225 
746,-100.000 
747,-0.049 
744,-71.835 
747,-0.378 
747,-3.177 
747,-2.748 
747,173.156 
747,-91.634 
747,24.650 
744,0.000 
745,-0.207 
745,-0.223 
745,2.467 
745,-5.188 
745,4.691 
747,-127.412 
745,-0.550 
745,-208.935 
747,-1.777 
745,2.352 
745,135.276 
745,-100.000 
746,-0.049 
746,2.321 
746,-2.893 
746,-5.724 
746,4.706 
746,4.850 
746,-3.563 
746,-0.604 
746,-386.990 
747,-100.000 
748,-0.094 
748,-0.116 
748,-30.839 
748,-0.221 
748,-7.105 
748,-23.709 
748,-8.867 
746,-100.000 
747,-0.049 
747,-4.953 
747,-2.893 
747,2.202 
747,-81.708 
747,-91.531 
747,24.896 
748,-126.961 
747,-3.646 
748,0.000 
749,-0.156 
749,-0.378 
749,-0.399 
749,-8.739 
749,-0.400 
749,-64.906 
749,-280.946 
747,-1.721 
749,-3.169 
749,-127.225 
749,-100.000 
750,-0.049 
750,-4.953 
750,-0.373 
750,-5.668 
750,-3.121 
750,-6.052 
750,179.337 
750,196.997 
747,-100.000 
750,-91.986 
748,-0.049 
748,-0.198 
748,-62.368 
748,-5.785 
748,-226.693 
748,126.324 
748,34.936 
748,-24.388 
748,-3.703 
750,542.793 
751,-0.049 
751,-0.223 
751,-0.337 
751,150.636 
751,-24.088 
751,-31.336 
751,-262.941 
748,-100.000 
749,-0.049 
749,-0.198 
751,-7.545 
749,-0.208 
749,-0.435 
749,192.599 
749,90.406 
749,-122.729 
749,-11.388 
749,-24.132 
751,-3.350 
751,-100.000 
752,-0.049 
752,-0.198 
752,-0.208 
752,321.858 
752,-0.761 
752,-24.297 
752,6.140 
752,21.031 
752,-92.024 
752,555.738 
753,-0.049 
753,-0.116 
753,30.320 
753,121.630 
753,-29.623 
753,6.307 
753,-262.836 
753,-24.153 
753,-0.458 
749,116.476 
750,-0.049 
750,2.992 
750,-5.734 
750,-2.479 
750,-2.972 
750,-0.359 
750,4.865 
750,-5.198 
750,257.757 
750,204.889 
751,-0.049 
751,2.992 
751,-2.893 
751,-5.843 
751,-5.280 
753,-100.000 
754,-0.094 
754,-0.278 
754,-0.561 
751,-0.390 
754,-0.544 
751,-2.912 
754,237.178 
751,-6.184 
754,-20.136 
754,-24.059 
754,116.502 
751,-62.811 
751,-100.000 
752,-0.049 
752,-2.883 
752,-5.419 
752,-3.334 
752,-5.872 
752,-2.850 
752,-235.025 
754,-3.309 
752,-24.036 
754,359.178 
755,-0.094 
755,-0.278 
755,-0.281 
755,-0.544 
755,-238.310 
755,-24.031 
755,-0.508 
752,0.000 
755,-122.808 
753,-0.156 
753,-0.378 
753,-6.018 
753,-5.668 
753,-5.191 
753,-3.435 
753,-3.315 
753,-133.231 
755,-9.977 
755,-100.000 
753,-203.307 
756,-0.094 
756,-0.278 
756,10.664 
756,2.018 
756,-5.220 
756,-119.350 
756,23.204 
756,-3.307 
756,-91.339 
756,-100.000 
757,-0.049 
757,6.723 
757,-23.836 
757,-30.881 
757,-0.390 
757,199.962 
757,-0.228 
757,121.775 
757,-21.416 
753,-100.000 
754,-0.049 
754,-0.278 
754,30.040 
754,-200.825 
754,-122.519 
754,-9.232 
754,-23.940 
754,-13.051 
754,-3.824 
757,211.566 
758,-0.049 
758,-0.198 
758,-29.513 
758,6.370 
758,-0.507 
758,-31.054 
758,-4.287 
758,-127.300 
758,135.567 
754,-100.000 
755,-0.049 
755,-0.223 
755,64.093 
755,-5.637 
755,-0.312 
755,-6.033 
755,2.550 
758,-100.000 
759,-0.049 
759,-7.000 
759,-30.720 
755,-5.477 
759,-0.102 
759,-0.186 
759,2.706 
759,197.474 
755,-416.150 
755,-100.000 
756,-0.049 
756,-0.223 
756,64.093 
756,-0.358 
756,-3.577 
759,-117.567 
756,208.392 
756,-127.454 
756,-36.342 
756,2.152 
759,23.250 
756,110.065 
757,-0.049 
757,-0.079 
757,-0.208 
757,-0.198 
757,-2.376 
757,-5.427 
757,-62.156 
757,-141.331 
757,-1.517 
757,-100.000 
758,-0.049 
758,-0.079 
758,-0.208 
758,-62.344 
758,-0.270 
758,-0.444 
758,-0.567 
758,2.631 
758,-94.635 
758,-100.000 
759,-0.049 
759,-0.378 
759,-0.373 
759,-0.348 
759,54.415 
759,-7.280 
759,1.889 
759,-3.361 
759,0.000 
760,-0.049 
760,5.447 
760,-0.285 
760,1.902 
760,4.563 
760,-265.171 
760,-3.645 
760,-3.268 
759,-100.000 
760,-0.049 
760,116.685 
760,-0.116 
760,-0.281 
760,-0.323 
760,-5.957 
760,-57.622 
760,-13.074 
760,28.736 
760,-117.638 
760,-100.000 
761,-0.207 
761,-0.223 
761,61.693 
761,228.905 
761,29.594 
761,-24.499 
761,-7.971 
761,-0.925 
761,-122.911 
761,195.023 
762,-0.207 
762,-0.223 
762,-0.337 
762,-0.551 
762,91.973 
762,-31.410 
762,-19.919 
762,-24.348 
762,-265.526 
762,-100.000 
763,-0.049 
763,-0.223 
763,-0.219 
763,61.717 
763,-0.300 
763,327.458 
763,-7.401 
760,-100.000 
761,-0.049 
761,2.606 
761,5.437 
761,2.084 
763,-2.339 
761,-210.640 
761,-127.123 
761,-33.097 
761,-3.329 
761,23.238 
763,-3.652 
761,-100.000 
763,1173.983 
762,-0.049 
764,-0.049 
762,2.606 
762,-5.853 
764,-0.079 
764,-0.167 
764,-0.162 
764,-0.229 
762,-5.521 
762,-2.584 
764,-0.227 
764,-62.271 
762,-0.364 
762,196.608 
762,-127.329 
764,-18.772 
764,-5.984 
762,-3.663 
764,172.182 
765,-0.049 
765,-0.079 
765,-0.208 
765,-0.435 
765,12.388 
765,-62.831 
765,-6.362 
765,-5.908 
765,258.150 
762,-100.000 
763,-0.049 
763,-3.150 
763,5.556 
763,-5.563 
763,-5.381 
763,-0.538 
763,-0.651 
763,89.288 
765,234.106 
766,-0.094 
766,-0.278 
766,-0.561 
763,-3.585 
766,-0.544 
766,-0.905 
763,-100.000 
764,-0.049 
764,-2.883 
766,-19.298 
764,5.181 
766,-6.417 
764,-4.977 
766,-0.884 
764,-5.829 
764,-162.813 
766,-381.086 
764,-3.241 
764,-202.992 
764,23.163 
766,-100.000 
767,-0.094 
767,-0.278 
767,-0.561 
767,151.671 
767,-24.501 
767,-17.215 
767,2.076 
767,-13.450 
767,-203.435 
764,-100.000 
765,-0.207 
765,-0.223 
765,-0.278 
765,-0.358 
765,-10.819 
765,5.073 
765,-148.190 
765,-3.200 
765,2.701 
765,-100.000 
766,-0.049 
766,-0.079 
766,-0.089 
766,121.933 
766,-200.449 
766,-31.051 
766,-7.414 
766,-23.948 
767,-100.000 
768,-0.049 
768,-0.171 
768,-0.193 
766,32.561 
766,-100.000 
768,-7.212 
767,-0.049 
768,-122.241 
767,-0.079 
767,-0.089 
768,-29.402 
767,-0.102 
768,-138.534 
767,-0.227 
767,-237.973 
768,-12.504 
767,23.235 
767,121.688 
767,-1.030 
768,-12.699 
768,-100.000 
769,-0.049 
769,-0.171 
769,2.519 
769,26.204 
769,-3.525 
769,-127.276 
769,-202.987 
769,12.157 
769,-91.518 
769,-100.000 
770,-0.049 
770,-0.079 
770,-0.474 
770,4.677 
770,-2.568 
770,-0.359 
770,-99.181 
770,-91.656 
770,11.897 
770,-100.000 
771,-0.049 
771,-0.198 
771,-0.208 
771,-0.435 
771,-62.538 
771,12.587 
771,-0.480 
771,-6.007 
767,-100.000 
771,4.607 
768,-0.049 
768,-0.079 
768,-0.089 
768,-10.829 
768,-2.568 
768,-6.001 
768,-0.306 
768,-5.978 
768,332.447 
768,355.063 
769,-0.049 
769,-0.198 
769,-0.208 
769,-0.314 
769,-36.485 
771,-100.000 
769,-138.576 
772,-0.049 
772,-0.198 
772,-0.208 
772,-0.221 
772,-0.286 
772,-0.215 
772,-62.317 
769,-30.845 
769,121.878 
769,23.373 
772,-13.100 
772,-372.399 
772,-100.000 
773,-0.094 
773,-0.278 
773,-0.561 
773,-0.544 
773,-0.507 
773,-0.481 
773,14.640 
773,338.781 
773,-3.515 
769,-100.000 
770,-0.049 
770,-0.198 
770,-0.285 
770,-0.261 
770,-0.217 
770,-0.319 
770,-247.977 
770,0.119 
770,32.248 
773,530.413 
774,-0.049 
774,-0.171 
770,-100.000 
774,-0.167 
774,-0.142 
771,-0.049 
771,-0.079 
771,-0.208 
774,-0.098 
771,-62.344 
771,-229.726 
774,-0.153 
774,-0.228 
771,-23.772 
774,-9.869 
774,311.042 
771,-0.846 
771,116.775 
771,-1.857 
774,336.950 
775,-0.049 
775,-0.079 
775,-200.489 
775,121.814 
775,-0.168 
775,-7.158 
775,-30.771 
775,-9.888 
775,0.000 
776,-0.049 
776,-0.223 
776,-62.249 
776,-5.399 
776,2.920 
776,-0.309 
776,-5.086 
776,-5.857 
776,306.402 
776,526.932 
777,-0.049 
771,-100.000 
777,-0.223 
772,-0.049 
777,-0.278 
772,-3.150 
777,-5.864 
772,-2.608 
772,-5.521 
772,-3.226 
772,165.808 
772,116.493 
777,-0.300 
777,-7.143 
777,137.920 
772,0.609 
772,-24.295 
777,-5.771 
777,24.843 
772,195.728 
773,-0.049 
773,-3.150 
773,-2.608 
773,4.677 
773,-5.813 
773,-0.359 
777,541.782 
778,-0.207 
778,-29.398 
778,-122.231 
778,138.056 
773,2.411 
778,-7.072 
778,-0.207 
778,23.220 
778,-30.966 
773,61.699 
778,-13.411 
773,-5.800 
778,-100.000 
779,-0.049 
779,-0.116 
779,-0.119 
779,-30.703 
779,200.097 
779,-23.915 
773,196.846 
779,-122.285 
774,-0.049 
774,-3.150 
774,-2.608 
774,2.606 
779,6.640 
774,-5.484 
774,4.628 
774,-0.392 
774,81.650 
774,-12.954 
779,0.367 
774,-100.000 
775,-0.049 
775,-0.079 
775,-0.208 
775,-0.198 
775,-78.437 
775,-5.715 
775,0.871 
775,-26.096 
775,-24.423 
775,-100.000 
776,-0.049 
776,-3.150 
776,-5.734 
776,2.725 
776,2.232 
776,-4.993 
776,74.213 
776,-36.255 
776,23.120 
776,-100.000 
777,-0.049 
777,2.321 
777,-62.249 
779,-100.000 
777,-2.999 
780,-0.049 
780,-0.198 
777,4.971 
780,-0.208 
780,-0.221 
780,-0.229 
780,-0.319 
777,5.268 
777,4.308 
777,332.936 
780,-200.845 
780,-11.182 
780,-91.664 
777,-24.244 
777,526.289 
778,-0.049 
778,-0.079 
778,-0.373 
778,-0.445 
778,-0.506 
778,-62.696 
778,-324.157 
780,-100.000 
781,-0.049 
781,-0.198 
781,-0.208 
778,-19.325 
781,-7.237 
781,-200.568 
781,-33.181 
781,-122.254 
781,-9.877 
778,2.758 
781,-36.303 
778,-100.000 
779,-0.049 
779,-3.150 
779,-3.241 
779,-197.960 
779,-2.972 
779,-117.375 
779,-12.734 
781,-100.000 
779,25.066 
782,-0.094 
782,-0.278 
782,-0.561 
782,-0.544 
782,-0.625 
779,-23.863 
782,-116.598 
782,-3.334 
782,-4.193 
779,-100.000 
780,-0.049 
780,-0.079 
780,200.073 
780,-23.811 
780,-91.506 
780,121.671 
780,-13.739 
782,-92.524 
780,-12.691 
780,2.698 
780,334.208 
781,-0.049 
781,-0.116 
781,-0.238 
781,-23.901 
781,121.590 
781,-24.216 
782,-100.000 
783,-0.049 
781,-29.805 
783,-0.116 
781,137.390 
783,-0.281 
783,-145.955 
783,-0.227 
783,-23.751 
783,-4.410 
783,-202.918 
783,-3.414 
781,-25.158 
781,206.149 
782,-0.049 
782,-0.198 
782,-0.445 
782,-0.458 
782,-0.777 
782,-1.021 
782,-0.931 
782,-62.892 
782,-20.011 
783,-100.000 
784,-0.049 
782,-100.000 
784,-0.079 
783,-0.049 
784,-0.208 
783,-0.223 
783,-0.249 
784,-13.788 
784,-2.568 
784,-3.160 
783,-1.644 
783,-1.251 
783,-127.263 
783,-23.834 
784,4.850 
784,280.910 
783,-1.641 
784,-91.846 
783,-264.932 
784,189.343 
785,-0.049 
785,-0.278 
785,-0.355 
785,-8.694 
785,-2.878 
785,-5.281 
785,-373.728 
785,2.243 
785,12.135 
783,-100.000 
784,-0.049 
784,-0.198 
784,121.804 
784,-7.119 
784,-200.449 
784,2.696 
784,-23.857 
784,-3.125 
784,-36.244 
784,-100.000 
785,-0.049 
785,-0.171 
785,-0.373 
785,-0.348 
785,61.643 
785,-0.476 
785,-0.371 
785,-8.947 
785,-111.564 
785,-100.000 
786,-0.049 
786,-0.198 
786,-0.561 
786,-0.942 
786,-16.551 
786,1.955 
786,-0.995 
786,-62.956 
786,296.236 
786,368.962 
787,-0.207 
785,-100.000 
787,-0.223 
787,-0.249 
786,-0.049 
787,-0.218 
786,-0.171 
787,-0.194 
786,-2.971 
786,-5.462 
786,-51.229 
786,126.728 
787,-8.101 
786,2.885 
786,-202.875 
786,12.265 
787,-5.115 
787,-59.953 
787,-3.143 
787,-100.000 
788,-0.049 
788,-0.079 
788,-0.119 
788,-0.102 
788,-0.184 
788,-0.365 
788,-0.511 
788,61.590 
786,-100.000 
787,-0.049 
787,2.202 
787,4.667 
787,5.328 
787,-0.335 
787,2.562 
787,308.034 
788,-290.853 
788,-100.000 
789,-0.049 
789,-7.000 
789,200.073 
789,-0.198 
789,-23.767 
789,-0.390 
789,-11.442 
789,-117.665 
787,-91.924 
787,-36.466 
787,286.849 
788,-0.049 
788,-2.479 
788,5.556 
788,190.129 
788,-2.972 
788,-91.412 
788,116.777 
788,-3.447 
788,24.576 
789,-36.289 
788,341.596 
789,-0.049 
789,-4.953 
789,-5.853 
789,-0.261 
789,-5.852 
789,2.590 
789,1.892 
789,-62.469 
789,-3.497 
789,-100.000 
790,-0.049 
790,-0.079 
790,-29.394 
790,-30.980 
790,-122.340 
790,-0.377 
790,6.516 
790,-25.141 
790,135.685 
790,-100.000 
791,-0.049 
791,-0.079 
791,-0.119 
791,-0.221 
791,-3.351 
791,-0.158 
791,4.570 
791,270.981 
791,12.028 
789,110.140 
790,-0.049 
790,5.566 
790,-3.160 
790,-0.348 
790,4.822 
790,-3.211 
790,16.527 
790,201.797 
791,285.363 
792,-0.049 
792,-0.079 
792,-0.089 
792,-3.673 
792,-62.301 
792,5.201 
792,-0.361 
792,4.581 
792,-5.567 
790,-127.640 
792,-100.000 
793,-0.049 
793,-2.883 
793,-3.160 
793,-0.348 
793,-5.949 
793,-5.707 
793,1.965 
793,-5.478 
790,-100.000 
791,-0.049 
791,-0.079 
791,23.178 
793,19.638 
791,28.730 
791,-7.427 
791,-262.740 
791,-122.342 
793,104.329 
794,-0.049 
794,-2.883 
794,-2.489 
794,-3.269 
794,-0.217 
794,-5.233 
791,-9.339 
791,-3.265 
794,-342.967 
794,35.577 
794,12.254 
791,-100.000 
792,-0.049 
792,-0.079 
792,-0.373 
792,-23.899 
792,-30.918 
792,-2.940 
792,1.003 
792,-198.281 
792,116.749 
794,-100.000 
795,-0.049 
795,-0.079 
795,-0.281 
795,-2.437 
795,-241.300 
795,-3.478 
795,-3.135 
792,-100.000 
793,-0.049 
793,-0.198 
793,7.500 
793,-0.551 
793,2.297 
793,-0.665 
793,-64.998 
795,-117.373 
793,-81.548 
793,-13.234 
793,-100.000 
794,-0.049 
794,-0.079 
794,-0.208 
794,-0.221 
794,-0.229 
794,5.155 
794,-3.033 
794,-183.556 
794,32.561 
794,-100.000 
795,-0.094 
795,-0.116 
795,-0.281 
795,-0.264 
795,10.034 
795,-0.481 
795,216.616 
795,2.275 
795,0.000 
796,-0.049 
796,-3.150 
795,-127.758 
796,-5.580 
796,-6.188 
796,-41.180 
796,-117.706 
796,28.609 
796,-260.368 
796,-3.529 
796,-100.000 
797,-0.049 
797,-3.150 
797,5.437 
797,-3.002 
797,4.469 
797,-0.390 
797,-0.361 
797,-5.696 
797,-157.431 
797,115.388 
798,-0.049 
798,-3.150 
798,-2.608 
795,-100.000 
798,2.488 
796,-0.049 
796,-0.079 
796,-7.129 
798,-62.419 
796,-0.435 
796,-15.077 
796,116.425 
798,167.392 
798,24.336 
798,22.713 
796,197.238 
796,-24.315 
796,24.514 
798,-127.579 
798,-100.000 
799,-0.207 
799,-0.223 
799,-0.249 
799,-0.337 
799,-0.286 
799,-19.106 
799,2.679 
796,308.508 
797,-0.049 
797,-0.079 
797,-5.964 
797,5.447 
797,-5.042 
799,-64.564 
799,-385.961 
797,-5.427 
797,-0.273 
797,57.506 
797,-198.269 
799,-100.000 
797,-100.000 
798,-0.049 
798,-2.479 
798,-0.373 
798,4.407 
798,-3.494 
798,2.208 
798,-62.598 
798,-6.095 
798,-77.083 
798,-100.000 
799,-0.049 
799,2.606 
799,1.955 
799,-3.506 
799,-62.538 
799,-233.052 
799,-127.247 
799,0.900 
799,23.119 
799,-100.000 
