6,545.796 
7,189.372 
8,180.270 
9,33.871 
10,58.092 
11,41.417 
12,50.111 
13,45.634 
14,71.652 
15,36.565 
17,29.026 
18,47.790 
19,21.220 
20,11.528 
21,29.841 
22,47.325 
23,218.636 
24,53.145 
25,52.175 
26,21.411 
27,21.518 
28,39.095 
29,27.946 
30,36.946 
31,48.236 
32,46.719 
33,49.755 
34,54.482 
35,57.415 
37,27.003 
38,26.046 
39,75.036 
40,27.101 
41,57.911 
42,59.344 
43,50.547 
44,23.677 
45,56.408 
46,33.868 
47,36.353 
49,22.729 
50,35.200 
51,27.667 
52,73.158 
53,41.632 
54,24.246 
55,25.644 
56,25.950 
57,22.995 
58,18.418 
59,49.289 
60,50.860 
61,33.253 
62,28.737 
63,13.653 
64,30.635 
65,36.603 
66,11.494 
67,26.092 
68,53.852 
69,14.714 
70,52.163 
71,20.535 
73,13.536 
74,32.548 
75,18.122 
76,23.929 
77,21.498 
78,11.765 
79,18.179 
80,16.083 
81,10.759 
82,26.192 
83,13.963 
84,12.341 
85,10.089 
87,8.681 
89,11.958 
90,25.878 
7,1393.694 
9,255.370 
10,230.412 
11,220.630 
12,102.441 
14,37.559 
15,107.663 
16,120.452 
17,148.054 
18,81.457 
19,366.789 
20,73.193 
21,60.768 
22,152.693 
24,121.926 
25,99.594 
26,78.773 
27,160.834 
28,118.346 
29,59.534 
30,57.498 
31,71.737 
32,143.194 
33,165.381 
35,46.503 
36,71.853 
37,283.083 
38,148.700 
39,104.656 
40,137.448 
41,72.966 
42,57.446 
43,46.804 
46,80.699 
47,40.265 
49,47.890 
50,67.403 
51,34.330 
52,25.252 
53,50.757 
54,48.079 
55,25.761 
56,46.027 
57,132.062 
58,21.170 
60,21.330 
62,101.079 
63,26.699 
64,15.672 
65,41.707 
67,36.461 
68,44.064 
69,20.489 
70,33.766 
71,60.634 
72,59.613 
73,500.664 
75,62.982 
76,39.206 
77,25.470 
78,40.473 
79,628.395 
80,37.844 
81,70.507 
82,57.387 
83,77.270 
84,65.784 
85,97.182 
86,456.295 
87,44.534 
89,37.124 
90,507.640 
91,48.291 
92,57.186 
93,129.089 
95,36.650 
97,44.750 
99,23.371 
100,64.010 
101,61.320 
102,62.155 
103,57.907 
104,329.973 
105,31.206 
106,46.525 
108,88.385 
110,58.406 
111,71.180 
112,76.126 
113,59.076 
114,31.122 
115,425.879 
116,68.674 
117,37.240 
118,55.093 
119,45.767 
120,68.561 
121,157.956 
122,33.868 
123,83.878 
124,28.411 
125,55.934 
126,52.763 
127,27.824 
128,45.620 
129,170.917 
130,200.384 
131,26.339 
132,61.638 
133,78.163 
134,15.938 
135,80.048 
136,52.649 
137,58.028 
138,106.945 
139,233.746 
141,46.774 
142,136.884 
143,108.522 
144,318.388 
145,166.404 
146,142.800 
148,1231.840 
149,134.149 
150,149.777 
151,133.466 
152,86.810 
153,38.149 
154,26.170 
155,565.658 
156,82.981 
157,33.282 
158,56.564 
160,51.457 
161,100.091 
163,52.670 
164,38.984 
166,43.051 
7,1960.164 
8,567.120 
9,786.006 
10,558.222 
11,192.043 
12,466.559 
13,238.115 
14,234.090 
16,170.637 
17,153.146 
18,137.595 
19,244.213 
20,85.564 
22,131.270 
23,146.640 
24,90.915 
25,156.212 
7,2796.067 
8,1061.777 
9,949.300 
10,681.430 
11,371.279 
12,313.441 
13,428.782 
14,333.745 
15,340.451 
16,169.714 
17,280.799 
18,170.343 
19,410.500 
20,132.313 
21,329.098 
22,90.320 
23,257.472 
24,95.395 
25,196.952 
28,112.585 
29,167.480 
30,351.662 
31,195.087 
34,76.085 
35,174.425 
36,170.290 
37,108.784 
39,78.336 
41,113.937 
42,156.189 
43,88.525 
45,490.231 
46,128.677 
47,272.393 
48,249.256 
49,47.915 
50,250.674 
51,84.749 
52,141.761 
53,157.789 
54,71.728 
55,213.161 
56,51.943 
57,141.149 
58,103.111 
59,121.049 
60,145.085 
61,44.186 
62,89.876 
63,74.147 
64,126.757 
65,114.411 
66,386.580 
67,205.836 
68,157.567 
69,48.678 
71,116.089 
73,284.123 
74,79.646 
75,247.864 
76,169.915 
77,72.977 
78,297.480 
80,52.381 
81,115.864 
82,59.404 
83,57.418 
84,150.415 
85,55.906 
87,57.987 
88,69.869 
89,114.301 
90,243.714 
91,103.748 
92,53.351 
93,103.412 
94,211.970 
95,149.217 
96,62.445 
97,155.992 
99,75.550 
100,68.569 
101,120.751 
102,143.526 
103,43.470 
104,126.793 
105,48.582 
106,86.069 
107,161.019 
108,45.916 
109,91.155 
110,67.471 
111,69.791 
112,71.842 
113,20.610 
114,29.428 
115,68.880 
116,38.188 
117,148.574 
119,103.032 
120,15.265 
121,40.612 
123,42.849 
124,40.792 
125,40.872 
126,43.643 
127,44.076 
128,39.190 
129,63.641 
131,40.495 
132,28.531 
133,157.592 
134,52.883 
137,92.229 
139,27.417 
140,69.207 
141,33.929 
142,78.497 
143,134.333 
145,40.157 
146,39.800 
147,20.920 
148,276.958 
149,97.707 
150,123.704 
151,47.309 
152,98.914 
154,101.119 
155,224.303 
157,47.787 
158,222.512 
159,33.450 
160,92.362 
161,20.119 
162,196.495 
163,32.961 
164,24.469 
165,21.235 
166,39.822 
167,30.078 
168,19.088 
169,34.371 
170,80.410 
171,42.795 
172,29.767 
173,41.505 
175,54.976 
176,56.756 
177,21.956 
178,23.739 
179,31.765 
181,23.146 
182,129.235 
183,29.037 
184,73.706 
185,19.208 
186,46.731 
187,35.610 
189,74.557 
190,30.032 
191,18.874 
192,21.789 
193,215.420 
194,177.619 
195,68.005 
196,250.210 
197,119.149 
198,145.021 
199,165.803 
200,77.983 
207,44.575 
208,22.673 
209,57.919 
210,30.528 
211,104.312 
213,21.729 
214,7.805 
215,27.842 
216,12.955 
217,21.321 
218,56.311 
219,82.311 
221,22.943 
222,20.284 
223,19.409 
224,15.500 
225,35.691 
226,35.398 
227,15.817 
228,28.242 
229,83.065 
230,19.098 
231,15.752 
232,29.682 
233,10.148 
234,25.521 
235,11.337 
236,294.864 
237,180.998 
238,33.106 
239,37.681 
241,53.595 
242,38.498 
243,73.392 
244,104.589 
245,51.383 
246,30.781 
247,17.795 
248,10.312 
249,6.078 
250,13.486 
251,35.467 
252,19.911 
253,67.390 
254,42.175 
255,38.900 
256,42.049 
257,28.204 
258,43.558 
259,15.557 
260,105.953 
261,15.739 
262,29.419 
263,14.420 
264,28.939 
265,35.971 
266,24.201 
267,22.097 
268,29.427 
269,258.111 
270,42.264 
271,73.656 
272,58.178 
273,27.219 
274,24.210 
275,98.088 
276,76.710 
277,18.505 
278,35.083 
279,110.279 
280,31.728 
281,24.739 
282,12.351 
283,20.095 
284,27.046 
285,25.824 
286,43.167 
287,43.546 
288,24.992 
289,17.958 
290,20.313 
292,17.186 
293,22.210 
294,44.436 
295,12.022 
296,19.395 
297,40.160 
299,24.303 
300,13.644 
301,14.697 
302,10.800 
303,121.851 
304,20.546 
305,32.368 
306,22.414 
307,27.462 
308,14.569 
309,67.000 
310,28.273 
311,51.534 
312,47.549 
313,30.943 
314,15.667 
315,131.280 
316,7.807 
317,12.176 
318,31.425 
321,12.811 
322,19.644 
323,9.562 
324,9.217 
325,27.021 
326,34.737 
327,11.584 
328,10.569 
329,28.959 
330,32.919 
331,61.818 
332,39.755 
333,24.403 
334,9.669 
335,15.355 
336,12.826 
337,49.845 
338,17.233 
339,14.968 
340,28.046 
341,17.876 
342,54.409 
343,25.111 
344,23.504 
345,31.493 
346,45.897 
347,47.185 
348,51.277 
349,40.893 
350,18.380 
351,9.843 
352,37.025 
353,22.465 
354,16.865 
355,9.894 
356,9.322 
357,43.226 
358,39.505 
359,114.927 
360,50.365 
361,34.587 
362,22.602 
363,13.509 
364,15.264 
365,16.666 
366,9.127 
368,19.916 
369,26.327 
370,23.109 
371,22.035 
372,32.703 
373,9.674 
374,13.169 
375,17.198 
376,17.227 
377,6.683 
378,12.053 
379,10.032 
380,11.147 
381,193.972 
382,88.088 
383,113.408 
384,42.101 
385,58.944 
386,23.509 
387,19.628 
388,37.551 
390,35.108 
391,36.827 
392,62.564 
393,294.042 
394,79.157 
395,15.852 
396,44.706 
397,21.238 
398,34.126 
399,37.448 
400,73.365 
407,51.886 
408,29.130 
409,16.384 
410,27.181 
411,9.407 
412,7.824 
413,5.634 
414,2.902 
415,15.827 
417,12.808 
418,3.871 
419,7.912 
420,23.036 
421,3.085 
422,3.901 
423,4.612 
424,32.318 
425,5.363 
426,6.839 
427,5.353 
428,25.431 
429,12.813 
430,15.295 
431,4.972 
432,20.987 
433,15.222 
434,8.370 
435,20.980 
436,12.252 
437,14.569 
438,5.076 
439,41.895 
440,13.335 
441,13.293 
442,17.315 
443,9.268 
444,10.986 
446,7.781 
447,8.635 
450,9.141 
451,6.205 
452,19.568 
454,9.108 
455,9.602 
456,10.483 
457,12.361 
458,6.513 
459,8.007 
460,4.339 
461,4.815 
462,3.621 
463,6.517 
464,11.509 
465,9.052 
466,8.332 
467,4.820 
468,15.553 
469,7.844 
470,3.499 
471,8.074 
472,4.773 
473,6.082 
474,36.212 
475,9.646 
476,17.010 
477,10.500 
478,6.629 
479,7.179 
480,5.365 
481,3.876 
482,4.322 
483,5.119 
484,5.007 
485,4.307 
487,20.988 
488,7.487 
489,6.816 
490,4.390 
491,4.700 
492,8.645 
493,8.555 
494,3.535 
495,7.100 
496,34.310 
497,18.333 
498,10.542 
500,10.152 
501,11.451 
502,16.297 
503,4.707 
504,5.547 
505,13.350 
506,8.614 
507,13.495 
509,8.220 
510,12.577 
511,6.481 
512,7.396 
513,8.754 
514,8.427 
515,5.770 
516,11.220 
517,11.369 
518,22.784 
519,19.303 
520,8.538 
521,18.716 
522,25.077 
523,13.504 
524,8.312 
525,20.521 
526,8.791 
527,18.691 
528,14.572 
529,8.089 
530,4.368 
531,13.931 
532,15.407 
533,13.577 
534,5.352 
536,8.199 
537,5.873 
538,5.447 
539,11.672 
540,6.190 
541,7.791 
542,7.667 
543,3.584 
544,12.925 
545,7.300 
546,7.365 
547,8.350 
548,10.471 
549,5.493 
550,6.633 
551,6.665 
552,18.942 
553,4.775 
554,5.465 
556,10.298 
557,8.473 
558,11.117 
559,7.233 
560,16.075 
561,22.543 
562,38.771 
563,15.211 
564,23.882 
565,21.078 
566,11.290 
567,10.254 
568,10.725 
569,6.544 
570,11.415 
571,10.134 
572,7.839 
573,12.532 
574,5.083 
575,6.027 
576,10.903 
577,22.297 
578,14.945 
579,12.610 
580,14.727 
581,18.659 
582,13.328 
583,9.550 
584,7.458 
585,10.831 
586,66.471 
587,66.522 
589,26.618 
590,10.713 
591,13.749 
592,6.615 
593,9.931 
594,3.812 
595,7.360 
596,5.903 
597,6.532 
598,3.479 
599,4.455 
600,10.133 
607,6.693 
608,7.385 
609,4.275 
610,6.188 
611,1.761 
612,1.976 
614,4.201 
615,1.301 
616,1.757 
617,1.722 
618,3.016 
619,1.565 
620,3.067 
621,1.522 
622,1.530 
623,0.608 
624,1.611 
625,1.000 
626,0.982 
627,1.067 
628,1.329 
629,0.943 
630,2.074 
631,1.914 
632,1.383 
633,1.136 
634,1.216 
635,1.584 
636,3.142 
637,2.627 
638,2.831 
639,1.838 
640,2.796 
641,3.766 
642,1.831 
643,3.375 
644,8.400 
645,6.697 
646,4.043 
647,4.512 
648,2.086 
649,1.428 
650,2.234 
651,1.340 
652,1.341 
653,2.657 
654,1.062 
655,1.957 
656,16.468 
657,3.391 
658,1.814 
659,2.910 
660,1.537 
661,2.302 
662,1.266 
663,2.124 
664,3.739 
665,4.800 
666,6.737 
667,3.074 
668,5.618 
670,6.970 
671,6.440 
672,5.743 
674,2.967 
675,11.427 
676,16.111 
677,23.444 
678,17.247 
679,6.828 
680,41.772 
681,25.268 
682,34.030 
683,40.917 
684,14.992 
685,13.536 
686,29.673 
687,6.613 
688,23.610 
689,13.080 
690,8.169 
691,5.677 
692,4.562 
693,5.538 
694,3.886 
695,2.922 
696,1.751 
697,2.666 
698,3.575 
699,3.932 
700,4.221 
701,9.218 
702,10.635 
703,3.608 
704,3.826 
705,2.933 
706,1.357 
707,4.277 
708,1.720 
709,3.420 
710,4.221 
711,2.528 
712,3.867 
713,2.610 
714,2.100 
715,6.254 
716,4.742 
718,2.720 
719,4.270 
720,5.431 
721,3.178 
722,3.413 
723,7.509 
724,5.173 
725,14.765 
726,3.547 
727,3.833 
728,3.845 
729,10.564 
730,10.386 
731,2.279 
732,2.739 
733,2.619 
734,2.638 
735,3.511 
736,6.428 
737,4.361 
738,2.030 
739,2.857 
740,1.997 
741,2.405 
742,17.739 
743,5.639 
744,35.839 
745,13.411 
746,9.917 
747,6.657 
748,4.113 
749,18.336 
750,14.932 
751,3.570 
752,4.160 
753,11.034 
754,5.527 
755,3.316 
756,4.161 
757,1.942 
758,3.919 
759,3.648 
760,6.892 
761,5.118 
762,4.540 
763,3.332 
764,2.362 
765,7.291 
766,3.502 
767,10.135 
768,4.933 
769,3.719 
770,5.153 
771,4.779 
772,1.820 
773,1.810 
774,9.919 
776,4.396 
777,1.866 
778,2.227 
779,5.149 
780,4.207 
781,6.364 
782,3.306 
783,1.916 
784,4.407 
785,4.133 
786,5.869 
787,4.189 
788,3.278 
789,5.716 
790,2.608 
791,6.105 
792,2.359 
793,3.243 
794,3.709 
795,2.469 
796,5.127 
797,3.200 
798,2.650 
800,3.156 
807,1.833 
808,1.512 
810,4.699 
811,2.902 
812,1.513 
813,1.047 
814,1.126 
815,0.521 
816,0.515 
817,0.922 
818,0.507 
819,0.504 
820,1.038 
821,0.630 
822,1.944 
823,1.404 
824,0.930 
825,0.600 
827,0.585 
829,1.755 
830,1.730 
831,1.026 
832,0.817 
833,1.190 
834,0.660 
835,1.002 
836,2.052 
837,1.347 
838,3.083 
839,1.881 
840,1.810 
841,3.725 
842,6.011 
843,4.336 
844,2.686 
845,4.796 
846,5.711 
847,3.500 
848,1.630 
849,1.903 
850,1.809 
851,9.778 
852,16.962 
853,2.429 
854,2.877 
855,2.476 
856,1.926 
857,1.250 
858,2.808 
859,1.408 
860,1.418 
861,1.535 
862,4.002 
863,1.697 
864,1.377 
865,2.165 
866,2.805 
867,3.426 
868,5.219 
869,4.383 
870,11.372 
871,4.887 
872,4.085 
873,3.048 
874,4.207 
875,3.327 
876,9.141 
877,5.821 
878,3.430 
879,4.865 
880,3.070 
881,2.313 
882,1.956 
883,2.700 
884,5.358 
885,3.294 
886,2.122 
887,2.763 
888,2.305 
889,2.447 
890,3.021 
891,1.938 
892,2.960 
893,1.689 
894,1.382 
895,3.161 
896,1.942 
897,2.483 
898,2.309 
899,4.745 
900,10.870 
901,4.105 
902,10.304 
903,4.539 
904,3.255 
905,3.114 
906,4.491 
907,6.115 
908,3.672 
909,7.068 
910,3.504 
911,13.247 
912,4.186 
913,3.626 
914,2.553 
915,3.529 
916,3.838 
917,4.322 
918,2.076 
919,3.397 
920,2.234 
921,2.127 
922,2.027 
923,2.920 
924,2.706 
925,6.783 
926,2.398 
927,5.284 
928,1.372 
929,3.481 
930,3.112 
931,1.712 
932,2.290 
933,1.558 
934,1.343 
935,2.345 
936,3.328 
937,3.117 
938,2.026 
939,3.349 
940,2.173 
941,2.438 
942,3.748 
943,6.222 
944,19.411 
945,9.816 
946,6.897 
947,4.525 
948,10.098 
949,13.800 
951,36.171 
952,64.768 
953,39.482 
954,98.960 
955,34.479 
956,54.060 
957,37.995 
958,11.119 
959,13.149 
960,14.457 
961,18.293 
962,10.064 
963,6.626 
964,8.099 
965,3.348 
966,711.329 
967,21.764 
968,347.650 
969,16.888 
970,22.378 
971,17.911 
972,18.572 
973,13.870 
974,9.629 
975,12.210 
976,11.865 
977,23.554 
978,20.565 
979,21.942 
980,6.490 
981,10.116 
982,7.781 
983,10.005 
984,3.214 
985,4.385 
986,4.403 
987,3.931 
988,66.814 
989,4.339 
990,9.389 
992,4.466 
993,8.857 
994,13.871 
995,7.268 
996,5.018 
997,5.716 
998,11.363 
999,5.439 
1000,3.914 
1007,1.620 
1008,2.054 
1009,1.038 
1010,0.872 
1011,2.174 
1012,0.961 
1013,0.749 
1014,1.395 
1015,1.012 
1016,5.763 
1017,6.410 
1018,3.737 
1019,1.309 
1020,1.563 
1021,0.866 
1022,2.857 
1023,1.048 
1024,1.668 
1025,1.349 
1026,2.456 
1027,1.025 
1028,2.516 
1029,1.234 
1030,0.998 
1031,0.511 
1032,1.151 
1033,1.429 
1034,0.983 
1035,4.269 
1036,1.774 
1037,1.454 
1038,1.561 
1039,1.102 
1040,0.900 
1041,0.900 
1042,0.838 
1043,0.826 
1044,1.874 
1045,1.073 
1046,0.916 
1047,1.803 
1048,1.267 
1049,2.769 
1050,2.275 
1051,2.686 
1052,2.864 
1053,2.363 
1054,2.999 
1055,3.915 
1056,1.463 
1057,1.249 
1058,3.025 
1059,4.378 
1061,1.915 
1062,2.105 
1063,1.634 
1064,0.987 
1065,2.681 
1066,2.509 
1067,6.189 
1068,3.898 
1069,3.005 
1070,3.348 
1071,3.253 
1072,1.601 
1073,1.575 
1074,2.277 
1075,1.610 
1076,1.459 
1077,1.570 
1078,4.390 
1079,1.916 
1080,4.742 
1081,11.551 
1082,3.214 
1083,2.992 
1084,3.382 
1085,3.182 
1086,3.735 
1087,3.106 
1088,3.814 
1089,1.888 
1090,1.585 
1091,3.331 
1092,2.994 
1093,2.344 
1094,1.343 
1095,2.543 
1096,1.724 
1097,4.704 
1098,2.449 
1099,4.406 
1100,12.128 
1101,4.995 
1102,10.531 
1103,4.980 
1104,5.228 
1105,4.539 
1106,5.269 
1107,14.698 
1108,11.142 
1109,6.792 
1110,4.089 
1111,8.433 
1112,3.534 
1113,11.022 
1114,21.022 
1115,20.758 
1116,7.798 
1117,15.852 
1118,10.365 
1119,12.230 
1120,5.067 
1121,2.229 
1122,12.492 
1123,7.301 
1124,44.937 
1125,4.620 
1126,4.317 
1127,7.831 
1128,3.999 
1129,3.411 
1130,2.995 
1132,2.184 
1133,1.792 
1134,1.577 
1135,1.258 
1136,2.512 
1137,4.502 
1138,3.101 
1139,1.012 
1140,1.766 
1141,2.062 
1142,4.864 
1143,1.782 
1144,1.449 
1145,1.589 
1146,1.274 
1147,2.436 
1148,1.080 
1150,1.667 
1151,1.921 
1152,1.364 
1153,1.161 
1154,1.128 
1155,1.922 
1156,1.470 
1157,1.200 
1158,1.576 
1159,1.296 
1160,2.423 
1161,1.250 
1162,2.394 
1163,1.564 
1164,1.786 
1165,2.279 
1166,2.227 
1167,2.462 
1168,1.848 
1169,4.613 
1170,3.102 
1171,1.930 
1172,2.028 
1173,1.874 
1174,1.651 
1175,1.463 
1176,1.553 
1177,1.301 
1178,1.617 
1179,1.204 
1180,1.125 
1181,0.872 
1182,1.429 
1183,1.653 
1184,1.689 
1185,1.666 
1186,1.897 
1187,2.405 
1188,1.807 
1189,1.883 
1190,1.670 
1191,1.569 
1192,1.326 
1193,1.346 
1194,1.644 
1195,2.736 
1196,2.666 
1197,1.223 
1198,1.582 
1199,2.448 
1200,1.497 
1207,0.916 
1208,0.919 
1209,0.407 
1210,0.722 
1211,0.702 
1212,0.543 
1213,0.550 
1214,0.368 
1215,0.940 
1216,0.351 
1217,0.417 
1218,0.409 
1219,0.262 
1220,0.907 
1221,0.464 
1222,1.352 
1223,0.708 
1224,1.005 
1225,0.246 
1226,0.500 
1227,0.439 
1228,0.552 
1229,0.274 
1230,0.396 
1231,0.254 
1232,0.350 
1233,0.556 
1234,0.688 
1235,0.227 
1236,0.680 
1237,0.780 
1238,0.543 
1239,0.678 
1240,0.262 
1241,11.225 
1243,34.725 
1246,25.810 
1247,17.230 
1248,14.902 
1249,27.112 
1250,20.407 
1251,37.932 
1252,18.762 
1253,10.842 
1254,10.077 
1255,4.759 
1256,3.081 
1257,1.383 
1258,3.836 
6,10359.393 
7,8357.411 
8,8629.900 
9,5105.403 
10,6951.703 
11,5392.905 
12,7035.491 
13,4340.197 
14,6178.529 
15,6784.110 
16,9100.412 
17,5786.122 
18,9454.256 
19,8005.862 
20,9048.946 
21,21227.496 
22,9594.870 
23,6192.403 
24,6002.771 
25,6086.008 
26,21493.832 
27,4554.326 
28,24232.721 
29,6953.747 
30,7523.659 
31,7484.349 
32,16360.865 
33,7442.756 
34,9377.096 
35,10355.842 
36,17975.252 
37,5590.673 
38,6556.015 
39,16840.895 
40,5599.453 
41,6633.088 
42,4811.492 
43,6081.823 
44,8371.455 
45,5302.412 
46,9621.408 
47,7847.961 
48,7716.709 
49,11070.226 
50,3680.482 
51,4754.976 
52,8266.180 
53,6130.474 
54,6336.030 
55,6709.479 
56,5175.015 
57,5518.275 
58,6238.291 
59,5233.203 
60,4969.039 
61,7758.800 
62,17234.000 
63,7246.402 
64,9439.072 
65,4774.166 
66,7464.265 
67,22564.154 
68,4445.696 
69,4525.656 
70,4931.035 
71,7063.233 
72,6542.982 
73,8945.662 
74,3994.670 
75,5339.213 
76,5302.499 
77,6483.421 
78,7313.107 
79,16301.881 
80,6766.580 
81,4649.312 
82,4604.183 
83,3627.771 
84,3880.455 
85,14041.435 
86,8023.409 
87,5856.689 
88,3790.149 
89,5138.221 
90,23630.438 
91,4997.945 
92,4086.307 
93,4843.035 
94,18847.836 
95,31090.020 
96,5342.799 
97,3492.409 
98,5198.771 
99,5590.023 
100,3416.079 
101,6661.244 
102,6156.218 
103,15704.354 
104,5270.358 
105,5395.817 
106,5157.631 
107,4207.474 
108,4821.998 
109,4513.770 
110,19245.646 
111,7416.010 
112,5923.744 
113,4799.916 
114,4749.812 
115,3069.543 
116,3985.034 
117,5586.801 
118,5536.676 
119,7007.204 
120,5646.804 
121,2902.508 
122,2153.219 
123,4895.368 
124,8070.966 
125,8456.612 
126,4786.315 
127,5547.848 
128,5221.321 
129,6869.679 
130,9303.692 
131,6276.241 
132,21537.555 
133,4587.874 
134,5536.556 
135,22762.268 
136,10060.766 
137,3863.344 
138,5690.870 
139,4362.654 
140,4098.917 
141,6302.297 
142,7276.250 
143,4933.328 
144,4546.794 
145,4518.749 
146,5251.441 
147,6227.685 
148,7001.494 
149,3630.527 
150,8115.109 
151,7523.209 
152,6235.617 
153,3353.010 
154,7991.460 
155,5538.626 
156,4283.973 
157,6328.358 
158,5631.799 
159,4275.964 
160,3964.932 
161,5554.169 
162,24801.342 
163,10376.871 
164,4697.548 
165,3050.294 
166,5147.129 
167,6320.625 
168,3560.533 
169,4842.065 
170,5757.035 
171,5744.899 
172,6567.210 
173,3649.705 
174,2969.767 
175,4343.430 
176,20401.811 
177,7149.041 
178,2999.468 
179,4453.571 
180,6768.621 
181,3439.584 
182,4296.405 
183,4810.516 
184,18301.953 
185,5220.295 
186,6021.331 
187,5816.415 
188,2797.720 
189,4916.917 
190,4770.271 
191,7178.575 
192,14302.265 
193,10126.848 
194,8557.337 
195,5188.415 
196,25482.488 
197,5737.757 
198,4205.928 
199,6140.874 
200,10986.691 
201,5876.417 
202,4826.461 
203,2513.351 
204,3695.547 
205,6972.018 
206,7805.925 
207,5647.585 
208,5690.311 
209,9271.240 
210,2846.842 
211,3765.924 
212,3760.882 
213,5991.507 
214,6680.349 
215,4360.077 
216,5027.688 
217,3354.363 
218,6313.277 
219,5324.243 
220,10559.607 
221,17695.152 
222,4431.572 
223,5376.817 
224,4918.773 
225,6889.078 
226,8170.270 
227,8466.058 
228,3123.642 
229,8382.693 
230,5992.885 
231,5611.506 
232,9571.067 
233,5399.801 
234,2598.698 
235,5068.676 
236,8310.551 
237,6827.585 
238,5787.078 
239,5469.827 
240,4743.231 
241,8525.481 
242,8480.712 
243,4981.788 
244,4953.253 
245,4007.049 
246,9352.277 
247,4927.925 
248,4649.068 
249,19045.654 
250,6998.738 
251,6353.423 
252,14120.943 
253,8075.615 
254,6660.695 
255,9009.479 
256,5505.459 
257,5118.725 
258,1747.051 
259,2259.963 
260,4260.188 
261,7626.903 
262,5122.190 
263,5955.827 
264,8240.227 
265,5713.575 
266,5677.239 
267,4812.454 
268,5645.476 
269,4532.661 
270,6788.014 
271,11646.100 
272,4176.102 
273,6656.724 
274,5975.587 
275,3889.998 
276,6655.562 
277,6107.359 
278,5120.522 
279,14531.436 
280,7123.630 
281,5031.039 
282,4122.031 
283,3898.431 
284,3456.789 
285,3836.186 
286,5592.517 
287,3092.481 
288,8018.458 
289,5808.342 
290,4591.523 
291,5589.982 
292,5152.018 
293,4501.669 
294,6486.582 
295,4824.747 
296,7870.036 
297,4074.433 
298,2725.178 
299,2906.672 
300,7845.485 
301,7005.389 
302,8817.339 
303,4747.482 
304,24039.857 
305,6894.245 
306,16995.439 
307,5743.126 
308,6887.702 
309,53060.230 
310,3550.431 
311,5794.855 
312,2891.994 
313,3855.712 
314,4330.189 
315,5532.652 
316,5466.549 
317,8584.716 
318,6342.184 
319,5825.127 
320,4184.685 
321,2458.713 
322,4256.429 
323,11415.561 
324,3252.372 
325,3435.125 
326,7494.150 
327,2952.869 
328,5659.452 
329,3266.566 
330,2410.813 
331,6452.303 
332,4267.031 
333,4624.024 
334,5801.355 
335,27440.877 
336,3751.924 
337,5982.297 
338,4990.604 
339,6362.555 
340,6943.641 
341,10441.315 
342,4173.123 
343,5899.454 
344,8388.372 
345,14762.876 
346,2617.291 
347,5161.937 
348,4847.242 
349,5152.614 
350,6435.802 
351,7725.816 
352,5050.966 
353,5149.226 
354,4409.453 
355,4635.903 
356,6208.250 
357,7328.611 
358,7660.061 
359,4549.849 
360,3381.788 
361,1751.082 
362,5767.349 
363,3025.364 
364,2735.506 
365,5006.562 
366,14374.767 
367,7636.570 
368,5178.589 
369,5063.353 
370,5009.878 
371,4262.450 
372,5956.659 
373,5984.885 
374,3708.725 
375,8887.590 
376,5871.667 
377,6628.029 
378,7646.850 
379,3289.787 
380,5729.831 
381,27407.176 
382,4434.596 
383,3038.348 
384,4396.730 
385,6966.632 
386,7487.779 
387,3645.322 
388,7680.388 
389,5408.853 
390,4390.744 
391,6382.627 
392,4922.584 
393,51007.672 
394,6679.735 
395,7377.256 
396,5349.332 
397,9197.950 
398,48109.277 
399,4724.031 
400,5207.821 
401,5436.898 
402,6717.454 
403,5385.029 
404,4064.532 
405,5173.733 
406,6654.833 
407,8444.470 
408,4154.731 
409,6450.413 
410,6259.600 
411,47190.141 
412,6446.424 
413,8623.174 
414,6642.892 
415,5418.711 
416,7146.657 
417,5184.879 
418,8626.779 
419,5674.697 
420,6113.134 
421,3111.386 
422,7377.240 
423,6824.167 
424,3954.507 
425,5851.146 
426,9175.659 
427,3620.199 
428,4702.023 
429,7293.480 
430,4374.310 
431,7262.849 
432,7513.250 
433,5725.789 
434,2647.977 
435,2319.825 
436,2925.176 
437,5708.260 
438,4324.562 
439,6956.950 
440,3537.539 
441,7588.021 
442,7329.962 
443,5525.262 
444,4110.382 
445,2960.596 
446,8457.687 
447,8516.008 
448,5877.694 
449,5413.292 
450,3448.696 
451,4828.691 
452,4607.729 
453,2330.244 
454,5247.120 
455,6700.575 
456,6616.660 
457,3157.488 
458,1562.230 
459,4958.065 
460,5805.849 
461,5011.743 
462,6170.438 
463,6107.901 
464,11068.850 
465,6803.877 
466,5003.599 
467,3101.958 
468,3819.582 
469,9109.439 
470,4377.605 
471,7236.242 
472,4018.562 
473,3365.438 
474,6361.856 
475,4154.943 
476,3902.858 
477,4569.463 
478,9448.825 
479,4557.554 
480,3208.976 
481,2018.496 
482,5275.427 
483,10077.874 
484,5739.770 
485,7653.813 
486,6563.397 
487,3778.462 
488,4775.352 
489,4722.312 
490,5764.496 
491,4942.925 
492,6679.777 
493,6898.855 
494,4779.580 
495,4288.036 
496,4521.646 
497,7615.220 
498,6077.617 
499,7000.261 
500,7936.864 
501,3704.517 
502,2875.509 
503,5621.305 
504,4604.653 
505,6328.321 
506,5564.836 
507,3403.502 
508,6186.115 
509,4464.596 
510,4545.272 
511,3856.334 
512,9569.190 
513,10828.754 
514,4461.293 
515,2657.940 
516,7538.197 
517,3070.318 
518,3981.380 
519,6712.313 
520,8290.098 
521,3619.272 
522,7586.499 
523,6300.957 
524,5697.951 
525,3505.161 
526,4474.138 
527,4528.587 
528,5946.494 
529,6159.092 
530,6327.469 
531,4074.979 
532,5908.902 
533,5208.481 
534,6940.501 
535,9620.771 
536,4725.554 
537,5486.808 
538,5710.009 
539,8885.836 
540,4399.945 
541,5114.459 
542,11163.546 
543,23479.535 
544,2603.046 
545,6573.377 
546,3333.309 
547,4967.549 
548,4542.259 
549,4938.897 
550,7890.400 
551,25103.361 
552,6118.077 
553,4125.014 
554,4204.242 
555,4076.551 
556,5239.396 
557,4034.302 
558,2347.330 
559,5744.901 
560,4975.379 
561,6219.877 
562,5920.847 
563,2723.325 
564,5844.805 
565,2148.996 
566,5112.043 
567,8681.157 
568,20180.961 
569,6894.358 
570,3358.273 
571,6622.925 
572,8371.200 
573,4769.712 
574,1544.688 
575,3003.652 
576,3344.656 
577,4399.544 
578,3073.742 
579,2943.506 
580,3847.872 
581,2630.538 
582,5633.921 
583,3854.893 
584,2280.257 
585,4518.653 
586,4688.290 
587,3715.626 
588,5893.670 
589,4366.901 
590,4283.152 
591,8927.992 
592,9243.740 
593,9833.029 
594,3237.385 
595,2064.863 
596,5983.686 
597,4786.333 
598,4030.347 
599,4018.720 
600,4537.001 
607,5819.740 
608,27424.486 
609,23199.592 
610,21899.695 
611,7524.659 
612,5557.152 
613,19104.898 
614,18177.518 
615,8808.606 
616,20080.844 
617,4508.388 
618,19978.014 
619,6513.716 
620,6049.708 
621,6126.134 
622,16124.866 
623,3390.119 
624,3967.851 
625,16354.319 
626,2642.376 
627,16420.676 
628,17522.936 
629,3505.710 
630,2482.428 
631,4380.476 
632,12969.243 
633,5901.217 
634,5314.464 
635,5395.303 
636,8849.241 
637,4801.540 
638,4939.976 
639,4403.354 
640,14194.535 
641,4877.945 
642,4271.816 
643,5027.263 
644,3598.086 
645,5467.631 
646,6063.131 
647,7059.846 
648,4765.986 
649,5514.815 
650,4817.924 
651,1808.529 
652,6105.653 
653,6343.321 
654,5153.724 
655,5481.039 
656,9005.352 
657,1862.846 
658,5737.946 
659,3972.966 
660,16604.000 
661,5255.165 
662,4585.351 
663,6446.206 
664,6697.037 
665,3440.806 
666,9595.524 
667,9302.290 
668,3365.115 
669,6132.994 
670,3411.702 
671,2691.313 
672,4163.319 
673,6201.920 
674,4165.893 
675,6574.302 
676,6977.761 
677,11252.742 
678,6066.339 
679,8496.373 
680,11152.354 
681,10590.111 
682,6376.976 
683,8133.583 
684,9507.977 
685,6189.564 
686,5452.072 
687,4922.258 
688,11877.503 
689,5960.506 
690,6100.915 
691,7388.580 
692,7205.806 
693,4268.160 
694,9307.690 
695,10824.607 
696,6956.123 
697,5074.190 
698,4428.578 
699,6703.939 
700,17719.760 
701,8560.354 
702,7408.754 
703,2804.665 
704,4345.166 
705,7197.763 
706,4563.229 
707,12652.662 
708,5605.895 
709,4297.537 
710,7323.619 
711,7329.683 
712,3003.886 
713,3180.191 
714,5713.421 
715,5240.678 
716,3889.687 
717,3447.522 
718,4982.634 
719,4938.379 
720,4226.771 
721,4201.430 
722,3637.409 
723,4165.038 
724,7968.794 
725,5341.584 
726,4610.273 
727,4778.627 
728,7399.354 
729,6811.912 
730,5748.670 
731,3678.795 
732,5740.709 
733,5042.667 
734,3209.952 
735,5898.273 
736,3484.401 
737,3489.140 
738,4170.611 
739,3582.313 
740,8830.746 
741,5940.400 
742,4220.133 
743,7748.411 
744,1319.980 
745,10154.562 
746,4065.656 
747,3612.665 
748,4819.863 
749,3306.646 
750,4497.007 
751,8478.778 
752,8555.711 
753,9205.659 
754,8138.506 
755,16803.281 
756,6591.823 
757,3497.010 
758,7369.880 
759,9334.117 
760,5333.001 
761,11737.657 
762,7011.062 
763,3058.186 
764,6373.124 
765,5684.830 
766,4457.706 
767,9246.285 
768,2721.202 
769,5208.059 
770,18983.965 
771,5343.683 
772,5487.054 
773,5038.400 
774,5624.141 
775,3339.107 
776,5810.881 
777,6487.935 
778,6936.798 
779,3858.179 
780,4614.236 
781,6103.483 
782,20891.008 
783,4422.693 
784,5265.641 
785,9775.103 
786,4605.762 
787,8371.166 
788,6398.903 
789,7396.008 
790,6469.429 
791,6940.838 
792,3640.117 
793,4445.679 
794,6950.029 
795,18822.711 
796,5287.194 
797,3617.003 
798,6251.926 
799,5803.486 
800,9727.312 
801,3937.480 
802,5086.098 
803,3896.863 
804,5012.444 
805,4755.670 
806,2325.215 
807,8834.354 
808,5954.146 
809,5461.840 
810,1837.447 
811,18185.176 
812,15099.255 
813,9653.109 
814,11203.846 
815,3503.652 
816,23837.016 
817,5050.892 
818,3682.043 
819,3894.436 
820,6626.483 
821,5957.674 
822,2188.344 
823,7289.288 
824,2236.097 
825,6680.719 
826,5098.386 
827,4473.246 
828,4914.685 
829,27560.006 
830,8452.853 
831,6330.543 
832,4862.633 
833,6090.671 
834,2091.458 
835,7085.591 
836,6435.420 
837,4570.086 
838,3044.714 
839,6112.166 
840,8571.902 
841,23349.344 
842,17166.432 
843,5400.481 
844,10084.259 
845,3254.140 
846,4163.503 
847,7352.565 
848,6079.938 
849,11806.805 
850,4530.835 
851,5524.390 
852,5949.264 
853,4596.553 
854,4768.823 
855,4522.293 
856,5492.130 
857,5030.421 
858,3143.641 
859,2640.982 
860,6613.238 
861,6891.524 
862,3226.045 
863,6258.729 
864,6514.469 
865,4737.785 
866,4891.418 
867,5414.147 
868,5037.663 
869,6671.744 
870,8650.950 
871,5271.788 
872,4002.439 
873,7372.648 
874,5561.956 
875,5956.346 
876,8206.794 
877,2984.049 
878,6769.714 
879,4283.231 
880,5862.490 
881,3836.247 
882,5858.464 
883,6267.779 
884,4517.726 
885,4549.451 
886,2673.422 
887,6166.467 
888,7430.691 
889,9353.072 
890,3809.835 
891,5079.849 
892,2857.177 
893,6964.854 
894,5163.899 
895,4300.117 
896,7843.021 
897,4375.380 
898,2683.189 
899,5330.185 
900,5345.036 
901,4849.295 
902,5634.496 
903,3375.767 
904,2410.263 
905,4896.655 
906,7331.567 
907,3862.252 
908,5195.253 
909,5050.926 
910,5051.069 
911,5425.082 
912,5658.811 
913,4702.471 
914,5892.170 
915,8966.859 
916,6157.995 
917,3062.202 
918,7636.253 
919,9430.005 
920,8266.135 
921,5774.816 
922,5289.442 
923,5690.804 
924,7584.202 
925,4559.945 
926,7416.982 
927,15682.682 
928,4787.998 
929,7618.209 
930,3257.587 
931,5738.301 
932,7351.749 
933,5039.138 
934,4300.416 
935,4670.814 
936,6639.917 
937,3806.001 
938,7585.076 
939,6943.729 
940,4949.730 
941,9682.643 
942,3952.798 
943,4552.375 
944,6796.998 
945,4052.726 
946,26061.490 
947,6806.765 
948,4150.309 
949,4107.792 
950,5672.850 
951,4504.657 
952,3782.115 
953,4898.289 
954,9491.478 
955,4816.083 
956,5735.803 
957,5368.746 
958,2812.982 
959,6882.706 
960,22303.734 
961,8086.181 
962,4047.516 
963,19491.080 
964,3020.855 
965,2846.493 
966,4297.015 
967,6921.641 
968,7071.256 
969,6756.670 
970,5228.718 
971,6462.562 
972,4432.848 
973,3525.497 
974,3649.505 
975,3656.039 
976,3472.737 
977,14480.535 
978,14595.073 
979,3303.771 
980,3281.661 
981,3800.473 
982,7143.416 
983,3380.754 
984,8754.670 
985,13795.018 
986,1147.981 
987,6384.809 
988,2861.084 
989,3501.399 
990,4524.604 
991,3028.627 
992,5339.658 
993,5235.124 
994,5131.866 
995,1862.361 
996,9437.747 
997,4312.387 
998,5382.004 
999,5378.627 
1000,13993.463 
1001,6357.466 
1002,8221.728 
1003,10825.687 
1004,5117.490 
1005,5504.539 
1006,3905.574 
1007,13621.322 
1008,7058.674 
1009,6637.839 
1010,8666.601 
1011,6942.582 
1012,9642.891 
1013,4942.328 
1014,3037.137 
1015,5025.044 
1016,5469.635 
1017,6576.537 
1018,1562.948 
1019,8031.849 
1020,4727.782 
1021,10099.495 
1022,6988.720 
1023,7134.023 
1024,7417.437 
1025,4762.174 
1026,20521.338 
1027,4748.775 
1028,8428.671 
1029,5955.632 
1030,8003.225 
1031,3734.339 
1032,6266.657 
1033,8805.689 
1034,1776.940 
1035,5173.688 
1036,4414.039 
1037,6561.025 
1038,5223.139 
1039,6054.462 
1040,18432.029 
1041,1920.979 
1042,5532.371 
1043,6114.336 
1044,2005.686 
1045,4407.111 
1046,6762.835 
1047,1134.978 
1048,7712.699 
1049,14491.510 
1050,3394.129 
1051,3757.807 
1052,5322.723 
1053,5134.227 
1054,6246.844 
1055,6309.718 
1056,9394.140 
1057,9503.074 
1058,4348.014 
1059,6885.708 
6,4481.392 
7,3528.099 
8,5821.025 
9,4419.111 
10,3794.640 
11,3847.714 
12,4661.306 
13,4161.981 
14,2085.107 
15,3599.265 
16,2869.078 
17,3356.476 
18,3647.466 
19,3253.171 
20,2315.877 
21,3895.740 
22,4418.645 
23,3350.001 
24,3072.149 
25,3496.663 
26,3336.645 
27,2331.966 
28,3546.172 
29,4951.262 
30,2858.761 
31,5143.108 
32,3871.078 
33,4109.722 
34,3764.564 
35,4339.168 
36,3946.719 
37,3445.518 
38,3251.720 
39,4651.515 
40,3201.558 
41,4493.766 
42,3823.180 
43,3021.819 
44,3588.024 
45,2463.917 
46,4885.187 
47,3692.788 
48,2100.295 
49,2523.175 
50,3406.086 
51,2509.353 
52,3459.584 
53,6706.934 
54,9137.989 
55,4077.257 
56,1432.421 
57,5522.602 
58,3690.207 
59,3222.695 
60,3393.660 
61,7858.489 
62,7396.965 
63,2393.582 
64,5943.228 
65,1426.557 
66,14842.181 
67,6273.703 
68,4426.504 
69,4714.563 
70,3729.484 
71,4202.769 
72,6148.716 
73,3679.942 
74,9679.251 
75,3658.354 
76,2773.928 
77,5957.198 
78,4050.586 
79,3467.993 
80,2485.511 
81,6379.577 
82,4595.688 
83,8724.965 
84,4344.581 
85,3296.457 
86,5079.694 
87,5032.421 
88,4245.520 
89,2917.725 
90,5026.320 
91,4450.685 
92,4880.009 
93,2824.002 
94,5122.261 
95,3497.626 
96,4452.281 
97,3256.743 
98,3809.939 
99,4251.525 
100,5271.228 
101,3731.030 
102,6693.145 
103,4810.911 
104,3736.264 
105,4384.047 
106,5413.215 
107,3346.729 
108,4052.427 
109,4761.344 
110,5139.006 
111,4859.950 
112,3494.519 
113,3691.575 
114,5430.472 
115,5432.037 
116,4378.271 
117,3485.529 
118,5380.332 
119,7267.753 
120,4486.264 
121,4222.550 
122,4345.814 
123,1703.072 
124,5863.086 
125,3681.444 
126,2984.051 
127,4134.414 
128,5960.065 
129,3782.719 
130,7944.827 
131,4849.704 
132,4610.893 
133,3644.686 
134,5148.024 
135,3827.344 
136,6491.164 
137,6022.188 
138,7404.010 
139,2235.559 
140,3552.897 
141,5571.138 
142,4666.827 
143,3425.437 
144,3734.278 
145,3677.827 
146,4976.429 
147,3670.803 
148,3351.779 
149,10288.797 
150,5660.073 
151,7535.203 
152,5515.793 
153,1553.828 
154,8496.570 
155,5873.722 
156,2497.712 
157,3563.052 
158,9910.854 
159,5991.933 
160,6355.848 
161,3781.787 
162,3464.383 
163,3682.182 
164,2575.440 
165,2683.044 
166,5886.493 
167,9301.884 
168,8352.077 
169,3542.186 
170,4162.609 
171,3356.438 
172,3571.624 
173,3640.247 
174,7761.059 
175,2966.983 
176,3887.513 
177,6767.143 
178,10124.774 
179,5556.523 
180,3955.722 
181,8534.171 
182,3442.116 
183,2380.540 
184,7575.125 
185,5585.328 
186,3568.326 
187,4206.350 
188,10891.217 
189,4658.280 
190,3223.726 
191,2585.980 
192,3613.741 
193,2453.115 
194,5008.410 
195,7290.436 
196,5795.751 
197,5330.563 
198,4926.403 
199,3818.643 
200,3008.484 
201,4872.682 
202,5214.906 
203,4322.905 
204,5977.400 
205,13662.820 
206,3936.385 
207,4374.550 
208,2590.805 
209,6049.628 
210,5374.097 
211,6288.844 
212,3405.716 
213,7801.620 
214,6495.809 
215,7477.790 
216,4173.358 
217,8967.454 
218,3152.614 
219,8931.138 
220,2108.236 
221,5921.078 
222,3132.088 
223,4457.594 
224,4748.632 
225,3160.513 
226,3604.632 
227,8170.185 
228,4222.525 
229,3105.694 
230,4383.930 
231,4392.434 
232,8333.195 
233,4655.828 
234,4550.217 
235,4476.083 
236,4976.888 
237,3361.483 
238,5528.216 
239,11360.127 
240,3637.362 
241,3608.392 
242,6704.114 
243,2539.570 
244,3952.113 
245,6870.286 
246,4590.655 
247,7046.162 
248,5295.057 
249,4446.646 
250,3199.967 
251,6414.547 
252,9230.437 
253,3170.210 
254,6308.876 
255,5965.833 
256,5637.388 
257,4679.178 
258,3992.740 
259,2943.702 
260,3786.811 
261,4543.188 
262,4483.406 
263,6645.321 
264,3208.184 
265,4453.715 
266,3303.925 
267,3499.890 
268,2823.182 
269,3819.026 
270,6355.215 
271,4118.044 
272,3476.610 
273,4223.717 
274,4742.530 
275,8463.012 
276,6668.308 
277,6559.905 
278,4874.847 
279,4687.588 
280,2937.331 
281,5518.267 
282,2590.015 
283,5815.089 
284,4363.571 
285,5187.982 
286,6095.803 
287,2458.617 
288,8003.032 
289,2136.824 
290,4228.670 
291,6443.441 
292,4769.268 
293,4140.474 
294,4584.440 
295,2798.917 
296,4484.972 
297,5924.589 
298,4987.490 
299,5287.826 
300,6606.734 
301,5441.907 
302,10025.537 
303,4548.831 
304,14170.926 
305,5600.373 
306,4532.034 
307,5831.526 
308,3655.913 
309,8571.959 
310,8516.934 
311,5291.066 
312,4338.631 
313,5216.661 
314,6264.869 
315,4631.803 
316,3742.599 
317,4648.272 
318,6090.375 
319,4937.575 
320,5786.651 
321,9489.967 
322,6570.313 
323,3056.413 
324,1919.211 
325,6364.341 
326,7777.556 
327,4212.727 
328,4750.941 
329,2063.814 
330,1898.589 
331,5700.597 
332,4211.375 
333,3155.021 
334,2374.001 
335,1751.154 
336,5602.300 
337,4058.287 
338,3013.231 
339,3564.382 
340,4403.810 
341,10594.145 
342,1982.153 
343,4309.619 
344,8433.695 
345,6039.158 
346,4086.307 
347,10033.965 
348,2148.717 
349,3822.252 
350,4579.250 
351,3233.449 
352,9227.164 
353,4634.058 
354,5831.718 
355,5663.436 
356,2906.461 
357,5264.113 
358,9566.385 
359,5592.896 
360,7694.577 
361,11192.244 
362,3458.271 
363,8763.656 
364,8409.964 
365,8347.745 
366,5324.993 
367,29833.949 
368,4806.588 
369,5802.806 
370,6560.325 
371,2641.542 
372,4030.012 
373,6076.164 
374,3137.536 
375,4332.845 
376,2855.626 
377,3411.510 
378,8892.363 
379,14192.865 
380,5345.577 
381,5354.926 
382,4862.771 
383,2286.802 
384,6795.673 
385,6217.699 
386,4251.373 
387,4173.674 
388,4254.386 
389,4815.047 
390,5136.394 
391,7041.990 
392,7393.531 
393,3652.902 
394,11682.708 
395,6066.784 
396,6001.542 
397,6650.272 
398,2547.464 
399,7338.751 
400,10391.067 
401,10335.408 
402,3634.732 
403,3119.827 
404,12219.664 
405,5989.424 
406,5426.718 
407,2467.436 
408,3479.208 
409,4684.251 
410,3575.536 
411,3362.167 
412,8011.370 
413,4625.249 
414,7702.287 
415,4112.094 
416,3501.006 
417,5348.416 
418,7991.406 
419,8396.023 
420,4322.124 
421,27585.918 
422,5753.674 
423,5322.011 
424,9648.809 
425,5806.294 
426,4170.340 
427,5706.360 
428,11474.529 
429,7205.074 
430,4592.989 
431,12143.152 
432,5774.183 
433,8098.629 
434,4244.433 
435,2552.730 
436,6276.442 
437,4825.196 
438,3224.366 
439,8357.883 
440,5152.499 
441,2683.610 
442,4328.763 
443,3986.874 
444,10433.504 
445,3761.109 
446,6017.912 
447,6527.356 
448,5401.592 
449,3744.434 
450,6121.607 
451,6665.769 
452,25494.342 
453,7688.317 
454,5802.635 
455,4357.427 
456,9776.568 
457,9176.176 
458,8738.389 
459,10876.223 
460,7285.658 
461,4238.856 
462,4227.011 
463,7204.662 
464,4919.174 
465,8104.656 
466,4281.827 
467,8121.689 
468,4438.180 
469,9400.688 
470,8401.976 
471,4511.806 
472,6189.526 
473,7161.285 
474,7773.629 
475,6722.110 
476,6503.387 
477,4692.760 
478,8848.466 
479,6994.120 
480,3738.887 
481,6140.788 
482,8133.782 
483,10154.192 
484,6444.020 
485,7066.921 
486,3586.185 
487,30798.539 
488,5759.674 
489,7568.866 
490,5566.808 
491,4431.371 
492,7763.180 
493,9038.588 
494,3116.326 
495,8765.542 
496,7294.364 
497,4597.950 
498,8810.279 
499,10253.204 
500,4400.828 
501,3808.067 
502,5661.989 
503,5025.198 
504,7816.517 
505,5077.879 
506,6118.771 
507,8515.048 
508,5954.569 
509,9003.689 
510,6581.203 
511,7074.923 
512,4522.965 
513,9565.396 
514,11338.166 
515,6173.309 
516,5879.539 
517,3721.369 
518,6885.437 
519,9355.027 
520,12470.168 
521,5670.974 
522,6660.701 
523,7014.237 
524,6245.421 
525,6316.738 
526,5595.238 
527,4669.781 
528,11588.139 
529,8839.819 
530,8863.481 
531,7810.636 
532,6605.734 
533,5368.219 
534,7375.135 
535,7423.542 
536,7445.613 
537,2504.548 
538,9284.905 
539,14478.588 
540,7445.442 
541,6083.814 
542,6336.830 
543,7742.291 
544,8780.680 
545,5952.910 
546,4244.548 
547,4449.744 
548,4644.106 
549,4820.000 
550,3131.020 
551,7294.148 
552,7148.584 
553,5013.480 
554,3955.164 
555,8650.506 
556,7579.640 
557,6541.409 
558,15446.178 
559,6236.411 
560,12701.713 
561,5378.375 
562,7352.786 
563,7199.051 
564,6551.693 
565,6948.294 
566,3238.163 
567,5620.760 
568,1406.841 
569,6182.754 
570,3863.264 
571,8208.359 
572,11698.608 
573,5030.535 
574,13021.120 
575,7708.538 
576,3151.107 
577,7038.139 
578,2723.241 
579,8311.553 
580,4728.631 
581,2394.657 
582,4897.172 
583,5059.824 
584,6168.266 
585,9139.199 
586,8170.152 
587,3384.541 
588,8576.484 
589,5054.684 
590,6672.965 
591,7801.024 
592,3828.391 
593,11654.731 
594,5761.980 
595,2739.127 
596,12894.601 
597,5982.362 
598,7211.819 
599,10472.060 
600,5957.360 
607,6594.073 
608,4956.973 
609,4652.871 
610,3562.729 
611,3846.650 
612,4598.527 
613,3727.222 
614,4864.191 
615,5611.659 
616,4503.414 
617,4845.268 
618,4445.688 
619,2838.574 
620,3161.831 
621,2188.962 
622,2217.828 
623,1410.877 
624,2497.789 
625,2501.665 
626,5676.146 
627,1848.774 
628,4958.710 
629,1971.765 
630,2388.701 
631,2784.095 
632,2924.387 
633,3367.401 
634,2386.485 
635,2369.876 
636,2984.227 
637,2038.657 
638,2135.854 
639,5094.204 
640,2464.560 
641,3325.312 
642,2584.921 
643,3340.917 
644,2412.894 
645,4071.557 
646,2260.691 
647,7880.248 
648,2145.792 
649,2490.906 
650,4521.433 
651,2642.092 
652,9134.414 
653,7375.030 
654,5089.658 
655,4366.625 
656,2426.763 
657,29429.578 
658,7318.465 
659,8774.255 
660,3572.444 
661,2281.722 
662,5358.897 
663,1987.500 
664,3963.396 
665,1961.050 
666,22179.938 
667,2947.475 
668,4218.066 
669,3404.160 
670,3023.346 
671,4602.706 
672,4390.147 
673,7576.280 
674,2359.311 
675,7687.268 
676,1324.074 
677,4311.148 
678,4641.498 
679,3254.279 
680,1194.194 
681,3821.974 
682,3872.148 
683,5960.705 
684,4890.521 
685,7306.138 
686,7995.056 
687,2954.085 
688,4068.080 
689,6384.491 
690,2995.175 
691,3857.199 
692,4415.111 
693,2231.581 
694,4582.389 
695,4235.353 
696,5074.599 
697,3235.333 
698,21480.967 
699,2200.110 
700,1489.465 
701,5750.185 
702,4938.386 
703,4219.269 
704,4749.502 
705,22653.602 
706,3779.749 
707,3574.729 
708,4353.473 
709,3741.713 
710,3954.437 
711,6404.999 
712,4375.118 
713,2934.051 
714,10383.455 
715,4716.259 
716,5520.406 
717,3394.447 
718,4037.426 
719,3422.419 
720,4814.813 
721,4006.164 
722,2866.923 
723,5146.423 
724,3756.001 
725,9162.167 
726,1584.807 
727,20734.660 
728,5397.349 
729,5256.870 
730,4243.541 
731,6849.131 
732,3030.306 
733,6227.770 
734,5879.922 
735,10279.736 
736,2886.317 
737,5649.183 
738,7375.653 
739,3635.026 
740,7498.552 
741,7558.414 
742,2707.895 
743,4919.439 
744,7493.332 
745,5192.121 
746,6229.109 
747,4061.133 
748,2077.739 
749,3521.615 
750,7787.120 
751,4066.196 
752,3983.592 
753,4194.894 
754,18892.752 
755,6221.149 
756,5958.331 
757,21703.045 
758,3107.623 
759,2312.198 
760,18244.352 
761,7252.090 
762,5168.879 
763,9545.159 
764,5877.599 
765,7504.660 
766,4803.781 
767,5412.396 
768,9399.006 
769,9447.474 
770,3172.022 
771,5338.092 
772,3579.965 
773,6696.626 
774,7316.982 
775,4672.799 
776,4137.438 
777,22078.117 
778,5592.336 
779,2504.415 
780,6240.467 
781,5304.973 
782,6006.280 
783,4270.405 
784,7661.985 
785,4536.324 
786,4937.921 
787,21175.523 
788,3890.807 
789,4537.834 
790,4624.274 
791,4373.874 
792,3366.777 
793,25248.645 
794,5364.990 
795,4898.940 
796,3462.954 
797,4807.170 
798,4915.986 
799,7502.120 
6,5627.514 
7,5440.553 
8,3235.951 
9,6755.133 
10,4635.728 
6,5546.188 
6,6094.998 
7,7145.212 
7,5741.213 
8,6193.527 
8,6117.596 
9,4642.342 
10,4523.677 
9,5428.119 
11,4788.320 
12,4647.111 
10,4127.121 
11,4686.174 
12,1891.148 
13,3858.174 
13,5743.352 
14,6156.762 
15,3741.605 
16,3102.338 
17,4329.705 
18,2210.460 
14,8501.202 
19,2772.152 
15,9100.882 
16,3891.460 
17,4685.955 
18,9901.069 
19,4780.499 
20,9924.738 
20,4184.458 
21,3188.184 
21,8050.744 
22,2843.395 
22,8816.417 
23,2021.037 
24,4233.972 
23,4203.222 
25,4781.587 
26,2475.208 
27,2752.603 
24,7540.512 
25,5985.947 
28,2812.298 
26,4547.891 
29,1981.970 
27,5962.319 
30,4675.107 
28,6750.430 
29,6724.606 
31,1892.742 
30,4449.946 
32,3833.444 
31,3761.599 
33,3438.502 
32,3726.033 
33,5696.179 
34,1941.506 
35,2593.124 
34,5189.614 
35,4249.096 
36,3915.788 
36,6065.925 
37,3328.829 
38,4529.615 
39,3693.303 
37,4922.414 
40,2929.291 
38,7080.653 
41,5559.103 
39,3107.154 
40,5723.607 
42,3143.219 
43,3928.310 
41,5893.248 
42,4760.705 
43,8988.322 
44,3330.864 
44,2865.165 
45,3277.172 
46,2479.227 
45,3531.440 
46,5507.354 
47,6514.080 
48,4134.331 
47,5468.670 
49,2020.813 
48,3808.125 
50,3145.582 
51,4299.537 
52,4814.346 
49,3871.657 
50,2214.309 
53,3940.883 
54,5172.270 
51,5533.557 
52,6547.997 
55,2727.729 
56,4125.675 
53,8651.270 
54,5313.052 
57,4720.534 
58,5282.243 
55,4014.392 
56,2245.412 
59,4489.837 
57,3010.536 
60,4865.858 
58,4743.601 
59,2633.938 
61,4284.315 
60,3612.960 
62,3983.172 
61,4301.288 
63,5242.191 
64,8152.680 
62,4137.354 
65,3796.992 
63,6711.728 
64,6732.698 
65,2590.473 
66,3525.184 
67,3249.763 
66,2366.709 
67,7686.441 
68,4041.716 
68,7760.294 
69,12672.850 
69,4141.155 
70,3784.469 
70,8106.328 
71,4935.834 
72,6035.249 
71,7864.088 
73,3683.647 
72,4861.162 
74,3167.206 
75,2726.414 
73,6151.968 
76,6838.451 
74,3729.908 
75,10069.814 
77,5514.543 
76,2133.951 
78,5269.418 
79,3419.741 
80,3322.000 
77,5894.862 
81,7499.733 
78,4345.019 
82,6154.582 
83,3312.816 
79,4039.469 
84,3498.573 
80,4023.844 
85,3102.785 
81,6100.188 
86,2133.777 
87,5810.237 
88,3619.933 
82,5883.951 
89,5828.234 
83,2507.155 
84,6593.941 
85,4262.228 
90,4420.658 
91,8760.292 
86,2212.679 
92,5611.452 
87,4392.954 
93,3981.965 
88,3478.664 
94,3899.956 
89,5570.756 
95,2812.826 
90,6040.736 
91,6727.867 
96,6259.627 
97,3454.416 
92,4453.474 
98,5221.672 
99,6859.493 
93,5026.433 
100,3656.479 
101,5473.417 
94,2195.082 
102,7006.782 
95,6025.506 
96,2834.219 
103,3068.025 
97,6831.143 
104,2991.907 
98,5328.342 
99,7143.771 
105,4467.005 
100,4618.601 
101,3714.009 
106,5276.578 
102,4276.354 
107,3634.988 
108,4126.155 
103,2673.757 
109,2845.890 
104,1714.210 
110,7320.315 
111,7668.203 
105,6425.753 
112,2174.993 
106,5069.516 
113,3864.037 
107,5153.393 
114,7075.484 
115,2358.054 
108,4066.835 
116,3993.623 
117,3449.393 
109,5740.425 
118,6852.721 
119,3659.907 
110,5713.523 
111,4706.437 
120,2572.884 
112,5648.685 
121,3630.328 
113,27339.951 
122,4294.479 
123,5969.166 
114,5084.336 
124,3177.706 
115,4166.460 
125,7861.541 
116,5500.542 
117,4079.597 
126,4123.321 
118,21210.701 
127,7487.563 
119,22951.166 
128,4300.841 
129,2614.248 
120,26360.512 
121,3831.120 
130,5387.593 
122,4072.337 
131,4626.080 
123,3691.335 
124,4254.805 
132,2311.834 
133,2785.128 
134,5143.490 
135,4839.658 
136,3568.301 
125,2087.645 
137,7404.569 
126,5595.672 
138,8153.413 
127,5015.854 
139,3235.124 
128,2719.283 
140,4082.637 
129,10906.304 
141,3256.305 
130,7980.323 
142,3330.931 
143,6320.264 
131,5738.135 
144,5907.986 
132,4215.572 
145,4935.395 
146,8258.881 
133,4173.249 
147,5149.468 
134,4323.129 
148,2977.859 
135,23204.969 
149,7613.447 
150,3969.560 
136,7204.977 
151,3303.657 
137,2781.974 
138,9631.852 
139,3355.899 
152,2680.731 
153,3004.472 
154,4570.837 
155,4694.303 
156,4478.554 
140,7699.912 
141,4116.354 
157,4611.415 
142,2815.955 
158,22326.021 
143,21764.584 
159,4803.037 
144,3281.006 
160,3562.987 
145,4137.956 
146,5246.276 
147,7324.018 
148,20455.424 
149,10334.436 
161,2962.468 
150,3323.359 
162,4026.401 
151,5803.326 
163,2863.559 
152,5771.389 
164,7993.704 
153,23019.652 
165,3263.843 
154,3786.760 
166,4033.289 
167,5736.938 
155,9268.373 
168,4704.897 
156,7066.362 
169,3329.897 
170,4529.344 
157,3538.281 
171,2971.463 
158,4300.668 
172,1915.790 
159,4479.438 
173,4396.710 
174,4821.666 
160,4649.011 
161,19905.176 
175,3913.321 
162,3870.094 
176,5364.610 
177,4788.001 
163,8337.331 
178,5420.104 
164,5094.005 
179,3014.552 
165,5057.716 
180,6418.801 
181,19145.854 
166,7110.675 
167,6328.122 
182,18089.576 
168,2333.255 
183,2761.813 
169,3809.306 
170,6437.609 
171,4354.548 
184,5054.112 
172,4617.512 
173,5547.504 
185,6324.387 
174,2981.854 
175,2723.848 
186,4534.885 
176,7693.653 
187,8060.696 
177,17252.883 
188,4706.459 
178,6722.566 
189,4748.596 
190,6889.343 
179,4406.540 
191,4933.193 
180,23900.598 
192,3609.331 
181,2771.222 
182,5396.324 
193,2860.142 
183,3525.382 
184,2101.373 
185,4730.208 
194,3511.491 
186,3158.613 
187,6675.415 
188,5011.982 
195,2943.572 
189,6476.239 
196,2041.934 
197,7373.086 
190,6607.338 
198,3796.924 
191,6933.015 
192,3572.303 
199,7379.614 
193,4405.154 
200,4886.871 
194,4740.438 
195,18851.545 
201,2585.580 
196,28331.381 
197,5284.678 
202,4033.499 
198,6675.795 
203,4292.231 
199,7482.467 
204,8280.604 
200,5728.309 
205,6356.803 
201,4157.725 
206,4925.347 
202,22315.535 
207,5753.126 
208,3538.568 
203,4761.832 
209,3324.346 
210,6725.891 
204,5584.240 
211,3307.901 
205,25059.967 
206,2946.590 
212,7583.139 
207,4642.715 
213,5246.890 
208,3517.999 
214,2130.042 
215,5453.199 
216,7219.926 
209,4982.958 
217,3945.737 
210,5248.120 
218,3360.983 
211,8289.459 
219,7263.892 
212,4460.418 
213,3185.312 
220,5531.822 
214,9611.984 
215,5309.740 
221,5569.213 
222,5258.744 
216,5432.609 
223,6899.721 
217,4490.769 
224,22858.650 
218,16491.861 
225,2896.945 
226,5707.032 
219,5823.176 
227,7130.378 
220,23868.912 
228,4475.542 
229,4241.092 
221,22263.781 
230,6478.872 
222,5429.326 
223,9392.205 
231,58685.414 
232,5279.990 
233,4248.743 
234,2638.865 
224,3251.963 
225,4678.164 
226,5318.616 
227,2904.917 
228,21159.727 
229,20170.363 
230,6897.415 
235,5852.049 
236,4388.645 
231,4660.116 
237,5480.753 
232,6149.049 
233,6002.890 
234,7827.070 
235,5294.231 
236,7418.396 
237,3329.932 
238,2742.885 
239,23502.516 
238,3013.188 
240,6900.194 
239,2654.912 
240,2609.048 
241,3457.971 
242,2835.080 
243,4432.625 
244,6269.877 
241,3821.791 
245,4301.244 
242,6887.025 
246,7607.304 
243,7275.090 
247,4800.719 
244,5435.929 
248,59557.387 
245,6272.797 
246,3752.366 
249,7183.023 
250,7355.371 
247,6063.979 
248,5102.548 
251,4285.746 
252,19345.264 
249,5316.593 
253,12343.100 
250,4393.856 
251,8598.349 
252,4857.736 
254,3670.175 
255,7775.732 
253,5575.362 
256,3802.353 
254,7650.095 
255,5029.115 
257,2681.772 
258,6567.602 
256,4793.767 
259,4050.408 
257,1995.494 
258,4905.851 
260,3845.679 
259,3277.911 
261,9774.236 
260,5653.181 
262,5715.230 
261,4245.243 
262,3432.025 
263,3653.348 
264,4073.926 
265,6807.482 
266,54409.914 
267,7295.303 
268,3287.854 
269,7698.352 
263,2615.751 
270,7841.303 
271,3082.670 
264,2743.523 
272,3623.072 
265,4294.319 
266,7482.805 
267,3993.288 
268,6446.722 
273,3535.036 
269,8207.570 
274,2057.447 
270,22470.223 
275,5585.817 
271,3066.849 
276,3857.262 
277,4876.753 
272,5758.340 
273,4878.905 
278,4442.409 
279,5587.573 
274,4866.229 
275,7319.756 
280,2765.833 
276,18553.857 
281,4578.186 
277,5096.893 
278,6213.487 
282,4990.156 
279,3690.980 
283,6100.635 
280,20944.393 
284,3928.256 
285,16395.031 
281,5973.491 
282,3042.240 
286,4558.172 
283,4749.098 
287,4541.063 
284,6258.371 
288,23109.645 
289,5552.775 
285,4659.208 
290,5250.375 
291,2430.092 
286,6065.328 
292,4882.746 
287,8656.400 
293,18964.574 
288,5622.121 
294,4891.709 
289,9983.734 
295,3795.597 
290,2776.253 
291,21887.213 
296,5262.412 
292,5408.717 
297,3172.466 
293,5110.274 
298,7051.100 
299,5489.864 
294,5505.438 
300,5126.403 
295,3062.227 
296,24385.953 
301,5926.536 
297,6022.503 
302,4272.686 
303,4067.042 
298,6128.701 
299,4340.810 
304,5903.473 
300,4129.220 
305,3672.421 
301,4470.746 
302,5189.311 
306,5704.180 
303,3425.568 
307,4438.881 
308,7674.564 
304,4774.526 
309,4672.077 
305,3674.011 
310,5508.416 
306,6065.522 
307,8324.560 
311,5029.884 
312,2692.978 
308,4178.505 
313,6994.489 
309,4657.476 
314,3921.803 
310,9054.953 
315,5271.865 
311,2435.614 
312,9731.721 
316,3384.179 
317,5473.489 
318,4789.107 
313,7074.021 
319,59251.969 
314,3293.511 
320,6450.087 
315,8153.965 
321,6990.823 
316,8352.158 
322,3989.604 
317,6868.530 
323,1651.809 
324,4121.728 
318,4280.652 
325,4863.875 
319,3672.438 
326,5272.038 
327,4341.186 
328,7557.587 
320,3087.914 
329,21864.002 
330,2829.970 
321,7733.175 
322,6350.809 
331,8170.184 
323,6622.156 
324,4056.743 
332,20981.621 
325,1951.285 
333,5358.250 
326,5238.671 
327,21237.414 
334,2622.284 
335,4372.499 
328,4804.928 
336,7359.415 
337,6882.711 
329,3642.585 
338,2630.712 
339,4632.619 
330,3157.586 
331,10422.874 
340,4859.121 
332,2142.839 
341,6401.992 
333,2544.630 
334,2274.835 
335,19281.848 
342,6661.196 
336,8755.665 
343,4653.208 
344,4486.219 
337,3860.387 
338,3779.752 
345,3335.321 
346,4144.102 
339,4926.363 
347,4166.335 
348,5237.811 
340,3418.316 
349,5135.384 
341,8790.457 
342,7913.655 
350,6903.197 
343,7679.622 
351,4109.312 
344,6304.617 
352,7214.075 
345,10351.798 
353,6380.780 
346,5581.668 
354,4137.298 
355,6083.555 
356,3166.359 
347,43940.316 
357,6539.944 
358,6292.491 
348,6138.585 
359,6096.133 
349,8792.436 
360,5320.653 
350,5641.140 
361,7116.602 
351,3293.274 
362,7074.586 
352,20604.098 
353,5157.833 
363,6547.646 
354,10148.610 
355,3767.924 
364,3345.095 
356,6498.157 
357,3841.009 
358,5607.373 
359,21616.484 
365,4328.778 
366,3026.836 
360,4467.082 
367,4616.387 
368,7486.223 
361,2659.202 
369,4440.017 
362,18054.398 
363,3134.342 
370,2982.637 
364,41036.820 
365,8498.018 
371,6184.782 
366,4527.005 
372,4393.452 
367,7276.347 
373,3703.592 
368,6783.077 
369,4215.864 
374,2490.280 
375,4595.272 
370,4399.761 
376,2555.996 
371,6308.805 
377,6266.078 
372,2467.673 
373,4322.095 
374,4028.365 
378,4335.187 
375,4254.686 
379,3347.221 
376,4412.338 
380,5900.371 
377,5790.553 
381,4846.088 
378,2776.448 
379,5982.048 
382,6564.062 
380,5237.047 
383,4381.198 
381,3383.018 
382,3584.119 
384,60676.250 
385,10813.808 
383,3564.427 
386,27475.705 
387,4187.728 
384,2915.892 
388,2757.117 
385,2938.481 
389,3985.135 
390,4006.761 
386,4767.105 
387,2981.579 
391,5570.349 
392,4560.513 
388,7109.352 
393,4858.069 
389,3078.042 
390,7559.158 
394,5682.852 
391,43722.098 
395,5342.854 
392,6038.758 
393,18493.041 
396,23339.340 
394,19638.084 
395,6063.482 
396,5285.161 
397,6534.645 
397,4519.518 
398,4677.744 
399,2761.889 
400,4986.389 
398,4171.184 
401,7658.979 
402,6730.015 
399,4764.354 
403,7543.646 
400,3510.076 
404,5528.840 
401,7041.663 
405,6688.608 
402,4342.104 
403,4831.599 
406,4672.820 
404,3105.400 
407,8847.815 
405,4848.524 
408,4569.590 
406,6639.060 
409,4356.946 
407,4133.511 
410,4484.186 
411,3708.562 
412,8199.857 
408,4219.915 
413,6801.786 
414,3853.610 
409,9508.998 
410,2659.104 
415,25864.963 
411,8292.344 
412,7264.480 
413,6724.684 
416,6132.579 
414,5155.720 
417,2295.919 
418,4326.520 
415,4755.716 
416,2041.258 
419,5634.107 
420,6625.304 
421,16106.699 
417,6578.914 
422,2686.695 
418,4382.065 
419,2852.505 
423,9478.591 
424,9236.062 
425,4889.901 
426,6911.633 
427,2918.622 
420,6335.556 
428,8689.733 
421,2599.599 
422,5259.454 
429,5801.254 
423,4322.657 
430,7352.483 
424,4224.764 
431,7520.477 
425,5446.834 
432,6693.437 
433,7496.931 
434,6597.811 
435,3524.540 
426,5959.917 
436,7211.656 
427,3336.520 
437,52744.945 
438,4882.407 
439,2526.452 
440,10274.122 
441,4771.762 
428,3376.823 
442,4612.539 
429,6438.242 
430,6427.829 
443,4274.318 
431,7803.532 
444,5969.088 
432,6037.582 
445,6218.276 
446,41085.781 
433,6522.393 
434,4672.890 
435,5640.254 
447,2682.530 
448,5730.692 
436,3867.228 
449,2835.857 
450,9164.016 
437,6518.642 
451,5570.743 
438,2531.007 
439,3602.226 
452,3549.528 
440,2720.109 
441,6736.462 
453,6236.628 
442,5815.694 
443,1020.789 
454,5917.005 
444,23756.475 
445,4343.849 
455,7702.065 
456,3296.657 
457,5717.913 
458,8103.022 
446,3760.293 
459,2220.466 
460,2630.590 
447,5596.555 
461,4358.000 
448,5235.956 
462,4300.753 
449,9706.396 
463,4305.316 
464,3966.065 
450,10041.377 
465,4467.435 
451,8869.777 
466,3980.081 
452,2858.843 
467,6157.422 
453,6514.537 
454,4728.092 
468,3059.522 
455,6657.280 
469,2504.654 
470,5881.129 
471,4472.778 
456,5018.007 
472,5065.697 
457,6597.945 
458,5779.062 
473,23545.355 
459,5072.915 
474,4030.270 
475,3903.418 
476,5171.439 
477,5548.732 
460,3605.742 
461,5340.628 
462,2914.844 
478,17318.018 
463,4493.192 
464,3730.319 
465,5790.375 
479,3070.373 
480,9542.974 
466,4764.037 
467,6157.036 
481,3112.599 
482,5160.527 
468,9228.525 
469,22632.812 
483,2355.634 
484,24251.080 
470,8681.696 
485,6743.021 
471,4487.198 
486,3962.382 
472,705.703 
473,18639.449 
487,7183.477 
488,8166.417 
474,6536.679 
489,16463.090 
490,3038.896 
475,3699.264 
476,8562.749 
491,3570.162 
477,2798.040 
478,3853.144 
492,6719.286 
493,7217.453 
479,8578.988 
494,12268.768 
480,5678.632 
495,3169.119 
496,9748.046 
497,4991.885 
481,4895.459 
498,26835.596 
482,7439.098 
483,5710.043 
499,4103.921 
484,3576.232 
500,4386.000 
485,2332.117 
501,6686.979 
486,5331.618 
487,6460.571 
488,9998.887 
489,8066.419 
490,43820.539 
491,6810.194 
492,5240.894 
493,2436.346 
494,6887.467 
502,20425.963 
495,4541.864 
503,3588.208 
496,9092.035 
504,4321.797 
497,10040.446 
505,5616.673 
506,4847.084 
498,4931.858 
499,6585.571 
507,2018.169 
500,4837.868 
508,16549.678 
501,5591.310 
509,7374.748 
502,3471.286 
510,8913.731 
503,4375.295 
511,8630.521 
504,7120.833 
512,3529.769 
513,6019.003 
505,3653.757 
514,2794.675 
506,4993.322 
507,3595.715 
508,3733.154 
515,3830.204 
509,10762.765 
516,9050.000 
517,5855.946 
510,12679.483 
511,3647.036 
512,3337.653 
513,6449.617 
518,7832.357 
514,9290.737 
519,2695.349 
520,2546.921 
515,10083.287 
521,4196.773 
516,8652.799 
522,5204.364 
517,4482.612 
523,3529.926 
518,8454.438 
519,4077.239 
524,4240.809 
525,4485.055 
520,7095.362 
526,6122.363 
527,4433.550 
521,5978.688 
528,2695.832 
522,6397.177 
523,3753.511 
524,5944.499 
525,5587.570 
529,5808.960 
526,3499.808 
530,5112.159 
527,2571.929 
531,3079.636 
532,5025.911 
528,10276.385 
533,6494.198 
529,2806.715 
530,10324.547 
534,5642.746 
535,5446.547 
536,4590.698 
531,3729.835 
537,6224.079 
532,48670.980 
538,8232.185 
533,3440.476 
539,46779.871 
540,2581.447 
541,5089.369 
534,8785.879 
542,3199.418 
543,9554.385 
535,7312.914 
544,3115.661 
545,18688.088 
536,4672.371 
546,3323.503 
537,6583.561 
547,5480.265 
538,4092.682 
548,25461.918 
549,5981.651 
539,5841.014 
550,4595.092 
540,2733.746 
551,8252.309 
541,5652.650 
542,5038.584 
552,4546.618 
543,5639.976 
544,5614.187 
553,8786.958 
545,8023.777 
554,19341.887 
546,8682.145 
547,3272.134 
555,4808.190 
548,6924.161 
556,12358.552 
549,5337.329 
557,4465.394 
550,6919.110 
551,4008.519 
558,23357.441 
552,7113.931 
559,10406.400 
560,3931.446 
553,2192.640 
561,21291.523 
554,6452.477 
562,7049.856 
563,21896.871 
555,5872.919 
564,3034.800 
556,2350.965 
565,4738.025 
557,2181.049 
558,8515.127 
566,4695.420 
559,2816.731 
567,5579.638 
560,6531.499 
568,5235.676 
561,9115.209 
569,7208.126 
562,3321.534 
570,7065.577 
563,5174.221 
571,8798.459 
564,3506.956 
572,8015.548 
573,7382.063 
565,6583.344 
566,8428.953 
574,5997.564 
567,4441.516 
568,4494.308 
575,8428.546 
569,5371.171 
576,4761.760 
570,6425.539 
577,6201.190 
578,4638.039 
579,20607.557 
580,6051.491 
571,5849.003 
581,1666.510 
572,5002.757 
573,6674.656 
574,5560.871 
582,24048.072 
575,3193.977 
583,3571.625 
576,4030.975 
584,4079.510 
577,11221.118 
585,5563.781 
578,8359.118 
586,6674.656 
587,7327.666 
579,5059.667 
588,7358.132 
580,3947.007 
589,26906.615 
590,19350.781 
581,6390.134 
591,3444.208 
582,6972.350 
592,3810.397 
583,6885.434 
593,5662.984 
584,2822.979 
594,3557.879 
595,10306.852 
585,5942.599 
596,4600.193 
586,4599.006 
587,7868.183 
597,6742.263 
588,5577.511 
598,8856.143 
599,4749.173 
589,3239.544 
590,3617.854 
600,5913.870 
591,12368.437 
592,3226.120 
593,5713.100 
594,5394.464 
595,6417.379 
596,12125.293 
597,11182.696 
598,7301.828 
599,4704.310 
607,6139.808 
600,5023.426 
608,21254.195 
609,3887.374 
610,20266.059 
611,17414.691 
607,6491.779 
608,4918.689 
609,5186.578 
612,18353.068 
610,3629.241 
613,3094.892 
614,18941.770 
611,5407.915 
612,3403.163 
613,3796.964 
614,2014.886 
615,11252.616 
615,3197.923 
616,2061.600 
616,15373.914 
617,819.856 
617,7954.042 
618,4319.303 
619,3518.374 
618,4113.954 
620,2420.596 
619,6737.662 
620,46106.434 
621,10249.787 
622,21389.600 
621,4011.545 
623,41469.180 
622,6024.245 
623,4554.895 
624,1855.688 
624,34136.680 
625,6807.363 
625,3545.732 
626,2116.117 
626,3283.605 
627,7479.829 
627,4361.854 
628,7630.276 
628,8480.932 
629,4918.918 
629,3638.129 
630,1963.228 
630,4096.710 
631,3517.675 
631,34779.223 
632,6252.729 
632,2974.175 
633,14300.726 
633,3757.068 
634,1635.133 
634,7210.078 
635,4324.593 
635,8606.341 
636,10343.436 
636,3154.372 
637,4140.413 
637,8375.986 
638,3536.387 
638,3918.790 
639,3901.146 
640,6584.081 
639,12509.574 
640,10007.569 
641,3202.103 
642,4390.417 
643,3229.497 
644,4427.545 
641,6664.686 
645,5026.864 
642,24182.582 
646,5343.415 
643,4942.831 
644,7139.326 
645,12044.264 
646,27182.434 
647,4292.673 
647,5998.890 
648,2608.039 
649,2915.482 
648,26585.879 
649,5705.615 
650,4597.800 
650,3594.439 
651,7489.724 
651,5469.161 
652,9582.823 
652,5585.157 
653,3625.913 
653,6228.759 
654,3813.834 
654,3183.591 
655,5576.998 
655,5397.981 
656,2871.831 
656,5779.385 
657,3490.959 
658,4384.729 
659,3551.401 
660,4208.494 
657,5392.634 
661,6570.424 
662,3771.980 
658,8169.347 
663,4815.471 
664,3460.434 
659,5821.474 
665,6300.392 
666,2491.112 
660,4649.640 
667,5653.014 
661,3789.410 
668,2312.562 
669,6941.996 
662,2995.730 
670,4500.400 
663,4687.841 
671,4214.964 
664,11185.574 
672,3632.823 
665,4987.182 
666,5914.473 
667,24834.918 
673,4302.779 
668,3649.858 
674,4045.348 
675,3085.506 
669,10265.391 
676,3456.796 
670,5520.176 
671,21996.494 
677,5008.694 
672,6176.293 
673,6633.200 
678,10143.173 
674,3562.375 
675,8936.255 
679,3157.480 
676,27520.203 
680,3086.109 
677,11668.803 
678,22237.355 
679,21277.797 
681,3908.510 
680,17632.967 
681,23890.279 
682,7410.199 
682,4770.256 
683,7617.271 
683,6292.725 
684,5844.667 
684,21014.457 
685,6451.287 
686,6401.316 
685,5772.407 
687,7806.504 
688,9978.331 
686,2831.581 
689,7518.963 
690,6313.829 
687,3381.273 
688,2998.792 
691,3349.620 
689,2397.568 
692,3438.024 
693,21312.621 
690,4547.932 
694,14858.334 
691,6101.286 
695,7719.998 
692,3589.307 
696,6172.649 
693,5667.315 
697,20768.188 
694,3973.875 
698,5486.864 
695,5035.441 
699,3666.431 
696,6369.281 
700,4666.360 
697,3757.292 
698,3860.993 
701,18391.691 
699,3111.112 
702,19121.027 
700,2877.258 
703,7655.636 
704,20991.051 
701,5517.246 
705,5458.759 
706,7075.678 
707,6145.841 
702,4186.047 
703,4531.240 
708,22333.582 
704,3609.129 
709,12599.990 
710,4993.016 
705,2300.305 
711,8252.969 
706,4314.367 
712,21883.211 
707,4120.005 
708,5914.381 
709,5415.175 
713,7036.858 
714,8169.092 
710,3297.925 
715,16521.969 
716,9563.525 
717,3951.722 
711,3008.347 
712,4209.312 
718,9149.550 
719,4904.677 
713,4951.214 
720,5052.625 
714,4127.054 
715,4074.749 
721,7774.441 
716,2360.579 
722,5735.220 
717,4003.313 
723,6658.782 
718,5388.200 
724,4611.278 
725,9967.342 
726,4361.870 
719,4164.031 
727,21319.496 
720,6230.673 
721,4728.715 
728,5340.532 
729,20153.773 
722,3798.881 
730,10022.889 
723,7120.935 
731,5211.183 
732,6150.810 
733,9216.359 
734,22235.801 
735,21381.260 
724,3262.817 
725,6462.670 
736,5989.597 
726,2669.122 
737,6172.325 
727,3769.728 
738,7535.693 
728,2287.086 
739,6253.934 
729,3710.121 
740,9828.946 
730,4498.261 
731,7186.595 
732,10395.302 
733,9106.874 
734,3310.305 
735,7787.355 
741,22613.045 
736,2627.954 
742,7027.217 
737,1388.062 
738,9768.656 
739,4049.892 
743,6904.843 
740,5855.834 
744,5789.870 
745,20511.572 
741,2769.706 
742,2180.370 
743,4050.601 
746,20663.664 
744,4901.105 
745,4969.534 
747,4557.676 
746,5400.841 
748,7517.095 
749,4051.123 
747,5350.844 
750,11074.475 
748,6291.884 
751,5498.568 
752,25666.328 
749,6480.990 
750,5211.470 
753,19218.217 
751,4596.261 
754,9397.783 
752,5123.358 
755,4223.271 
756,6760.437 
753,4425.369 
757,3821.689 
754,6001.356 
758,5995.723 
755,5584.021 
756,7027.964 
757,4790.655 
758,10030.490 
759,3100.453 
759,5056.181 
760,4831.704 
761,18585.512 
762,17669.293 
760,4159.668 
761,1471.434 
763,5284.841 
764,5505.612 
762,3810.959 
765,22687.867 
763,2981.854 
766,5551.160 
764,5227.806 
765,3890.344 
767,21719.162 
766,3972.604 
768,25196.773 
769,8494.616 
770,5128.171 
767,8561.506 
768,5751.382 
771,16734.062 
772,5947.206 
769,3697.711 
773,7043.519 
770,5620.542 
774,5465.240 
775,5861.374 
776,13777.604 
771,3596.032 
772,8309.828 
777,6189.140 
778,6215.722 
773,2434.360 
774,2580.412 
775,2958.851 
776,3864.924 
779,4709.979 
777,2524.373 
780,9229.089 
778,2432.165 
781,3382.121 
779,4994.328 
780,2886.745 
782,9635.351 
781,6496.774 
783,22498.377 
782,3598.667 
784,19716.299 
783,5713.391 
784,4263.525 
785,10284.202 
786,7360.078 
785,6032.530 
787,3433.798 
786,9861.433 
788,7675.542 
787,3061.996 
788,4805.203 
789,7414.127 
790,4094.121 
789,18099.420 
791,2124.386 
792,3968.774 
790,9509.686 
793,6746.656 
791,4145.012 
794,2698.138 
792,20016.285 
793,12409.465 
794,3794.874 
795,6628.281 
796,3536.793 
797,6176.842 
795,8030.229 
798,5614.392 
796,7412.006 
799,3001.362 
797,7960.031 
798,7961.793 
799,10242.576 
10,11929.752 
11,8450.934 
12,11699.512 
13,9775.998 
14,11265.359 
15,11431.236 
16,9286.414 
17,6616.503 
18,4225.614 
19,4754.254 
20,5449.727 
21,5835.035 
22,5301.393 
23,7944.438 
24,2555.545 
25,6553.078 
26,2258.121 
27,3222.342 
28,5798.743 
29,2718.997 
30,3579.346 
31,3535.052 
32,2469.370 
33,3559.997 
34,4013.311 
35,3647.038 
36,3539.849 
37,3760.714 
38,2949.207 
39,4411.697 
40,1577.094 
41,2766.668 
42,4457.618 
43,7277.853 
44,3144.280 
45,3207.862 
46,4000.052 
47,4632.305 
48,5476.482 
49,3168.006 
50,7297.125 
51,8494.596 
52,2907.513 
53,1996.065 
54,46801.812 
55,1681.997 
56,5911.186 
57,42167.879 
58,40357.191 
59,5958.482 
60,41797.629 
61,38253.367 
62,8146.147 
63,6895.477 
64,6903.031 
65,40581.926 
66,4586.644 
67,39301.945 
68,3907.818 
69,4045.108 
70,6487.667 
71,2656.287 
72,2172.268 
73,4365.667 
74,6681.009 
75,7536.542 
76,4891.076 
77,39561.621 
78,4821.055 
79,4895.273 
80,1952.531 
81,4688.335 
82,6651.729 
83,2857.110 
84,37730.211 
85,4058.214 
86,8864.443 
87,3714.079 
88,2864.896 
89,39510.055 
90,7463.543 
91,4203.149 
92,3171.612 
93,3769.783 
94,77026.234 
95,3360.272 
96,5870.476 
97,4859.984 
98,37493.859 
99,37496.449 
100,37396.574 
101,5049.186 
102,3666.966 
103,2586.466 
104,1711.856 
105,37146.969 
106,38463.000 
107,2623.496 
108,4123.078 
109,39319.973 
110,5956.288 
111,1363.986 
112,6865.529 
113,2255.517 
114,3407.259 
115,36678.094 
116,3687.469 
117,3757.351 
118,2024.250 
119,2789.082 
120,36253.074 
121,3611.866 
122,4665.127 
123,786.343 
124,2398.972 
125,1095.593 
126,5042.188 
127,1741.442 
128,3653.555 
129,1798.286 
130,3200.668 
131,34681.473 
132,1829.686 
133,4046.451 
134,1565.721 
135,1179.173 
136,2595.141 
137,3841.279 
138,5712.622 
139,5910.348 
140,1254.202 
141,1492.078 
142,3612.522 
143,4419.335 
144,2470.262 
145,1935.807 
146,1776.506 
147,33113.078 
148,3949.922 
149,34171.988 
150,42746.539 
151,5846.484 
152,7359.558 
153,6235.775 
154,8528.551 
155,4571.387 
156,3042.521 
157,32459.723 
158,2102.477 
159,3512.844 
160,11646.969 
161,2982.319 
162,5354.346 
163,5711.300 
164,3235.278 
165,4355.980 
166,4528.992 
167,31671.799 
168,3122.400 
169,4493.733 
170,2099.808 
171,5587.634 
172,2317.700 
173,2437.597 
174,3623.371 
175,3381.141 
176,34778.098 
177,1560.052 
178,2385.705 
179,2701.808 
180,2808.867 
181,2191.909 
182,4060.639 
183,12893.617 
184,4797.811 
185,3399.017 
186,4255.863 
187,3769.983 
188,9107.745 
189,2982.360 
190,38338.727 
191,4472.554 
192,1812.481 
193,37398.707 
194,6612.471 
195,5427.461 
196,2621.964 
197,3797.048 
198,2295.347 
199,5151.502 
200,2696.102 
201,3973.488 
202,4422.974 
203,2651.319 
204,31457.531 
205,1711.324 
206,3006.659 
207,34967.395 
208,30703.969 
209,3900.476 
210,4867.023 
211,3160.466 
212,3259.478 
213,4002.781 
214,2441.106 
215,2518.697 
216,3829.943 
217,5420.329 
218,4456.854 
219,2586.785 
220,3181.724 
221,4825.785 
222,5065.330 
223,7842.886 
224,28405.717 
225,27118.834 
226,1859.307 
227,2474.440 
228,2882.771 
229,2108.147 
230,2930.508 
231,1657.971 
232,4111.010 
233,30255.414 
234,6144.223 
235,29434.951 
236,3413.531 
237,3640.633 
238,3001.883 
239,4030.492 
240,1521.480 
241,3457.512 
242,1774.700 
243,4036.123 
244,2743.296 
245,32541.463 
246,29746.730 
247,30920.977 
248,2578.471 
249,2784.394 
250,2191.038 
251,5458.567 
252,3453.339 
253,3290.052 
254,26690.941 
255,4085.424 
256,3469.902 
257,3102.016 
258,2810.242 
259,25003.889 
260,1605.596 
261,6314.146 
262,4517.819 
263,3239.340 
264,5282.041 
265,4552.288 
266,3127.924 
267,2690.054 
268,5149.275 
269,10095.214 
270,3184.010 
271,3438.715 
272,2096.521 
273,2290.620 
274,2915.984 
275,3302.256 
276,2368.781 
277,6509.093 
278,3335.869 
279,30992.967 
280,5350.289 
281,6522.094 
282,4233.024 
283,2979.427 
284,2405.834 
285,3673.489 
286,5281.434 
287,6724.162 
288,69102.930 
289,4548.568 
290,2095.965 
291,26874.541 
292,5328.156 
293,38576.637 
294,2446.786 
295,7061.970 
296,3626.499 
297,12583.791 
298,6310.523 
299,2325.826 
300,2482.769 
301,5539.491 
302,3913.041 
303,26779.102 
304,2574.868 
305,6315.805 
306,3862.277 
307,1206.524 
308,2860.665 
309,41840.098 
310,25557.646 
311,4105.530 
312,11090.648 
313,3871.728 
314,8529.235 
315,13494.055 
316,5069.196 
317,2907.094 
318,25829.766 
319,3244.192 
320,4589.301 
321,2133.633 
322,24791.959 
323,3211.901 
324,35843.785 
325,3990.742 
326,9571.224 
327,4420.518 
328,2816.872 
329,3145.143 
330,9054.633 
331,6720.767 
332,10939.881 
333,10815.395 
334,34584.930 
335,1990.132 
336,2338.050 
337,4821.986 
338,4459.905 
339,4464.937 
340,3486.647 
341,763.382 
342,3510.812 
343,3259.208 
344,9717.724 
345,3097.077 
346,3228.239 
347,11874.213 
348,3601.814 
349,4481.438 
350,31256.598 
351,2749.596 
352,2077.014 
353,4491.411 
354,28920.916 
355,3534.958 
356,9683.335 
357,29225.910 
358,5965.104 
359,2421.779 
360,4483.597 
361,12376.385 
362,2667.705 
363,3707.709 
364,3679.990 
365,44803.633 
366,4073.396 
367,4595.597 
368,6187.499 
369,2209.027 
370,7937.883 
371,10285.645 
372,3369.053 
373,1730.047 
374,2259.631 
375,3120.976 
376,33214.527 
377,2852.090 
378,14622.721 
379,6512.938 
380,5361.620 
381,2843.265 
382,33458.059 
383,4355.634 
384,2422.098 
385,2426.580 
386,7635.891 
387,8309.777 
388,4142.023 
389,26321.279 
390,2611.887 
391,2268.626 
392,5569.748 
393,4578.807 
394,9579.611 
395,4536.800 
396,4024.920 
397,5721.745 
398,2875.080 
399,2346.054 
400,1299.320 
401,2447.855 
402,3671.257 
403,7413.150 
404,2620.403 
405,9112.651 
406,6805.421 
407,3265.351 
408,6939.735 
409,3209.560 
410,2208.016 
411,3610.680 
412,1845.052 
413,6075.873 
414,8964.005 
415,3770.515 
416,2424.733 
417,5177.585 
418,3161.116 
419,7024.688 
420,2753.621 
421,31977.225 
422,2882.018 
423,3213.762 
424,5251.401 
425,7618.086 
426,3106.625 
427,3478.309 
428,7250.196 
429,7722.229 
430,3939.399 
431,4689.714 
432,5245.692 
433,35570.625 
434,2614.903 
435,3114.428 
436,9977.286 
437,4647.386 
438,3023.980 
439,2288.463 
440,6573.032 
441,6507.081 
442,3820.968 
443,10058.438 
444,3806.871 
445,28407.637 
446,28978.076 
447,2782.139 
448,6630.700 
449,9720.287 
450,10093.557 
451,3777.789 
452,76015.531 
453,6249.943 
454,32547.902 
455,8101.474 
456,2761.208 
457,4604.119 
458,6533.125 
459,3469.045 
460,1953.663 
461,5099.451 
462,34437.453 
463,10912.145 
464,11758.274 
465,5911.762 
466,8062.479 
467,3725.210 
468,4542.566 
469,5516.348 
470,7776.345 
471,7026.086 
472,4215.682 
473,3544.799 
474,14910.936 
475,3138.479 
476,1864.767 
477,4714.141 
478,2122.066 
479,4818.036 
480,3241.833 
481,2404.646 
482,3715.860 
483,7468.672 
484,31764.600 
485,3527.521 
486,5364.521 
487,5080.837 
488,27965.615 
489,4440.452 
490,8426.863 
491,2679.358 
492,3662.470 
493,4314.082 
494,9766.908 
495,7335.479 
496,3630.663 
497,5236.257 
498,10045.833 
499,18849.889 
500,2965.810 
501,9198.833 
502,5793.538 
503,2925.608 
504,4750.150 
505,3992.905 
506,4141.688 
507,4318.555 
508,4688.064 
509,2952.124 
510,7782.662 
511,6658.384 
512,11496.662 
513,8532.845 
514,8037.341 
515,3968.588 
516,29007.711 
517,5853.006 
518,4055.783 
519,33537.914 
520,10925.849 
521,6932.860 
522,3492.820 
523,2637.703 
524,3211.298 
525,1512.588 
526,3406.806 
527,6800.899 
528,4118.890 
529,4210.996 
530,1945.226 
531,5757.023 
532,64284.066 
533,32987.355 
534,6353.915 
535,5305.980 
536,14773.828 
537,35946.344 
538,9332.129 
539,10774.131 
540,7925.675 
541,5063.526 
542,3496.348 
543,3819.472 
544,4214.514 
545,9552.770 
546,1784.582 
547,3831.248 
548,6519.689 
549,5709.640 
550,76687.570 
551,7474.992 
552,4439.684 
553,29633.049 
554,6995.786 
555,3935.265 
556,6415.209 
557,29877.938 
558,13563.153 
559,3641.238 
560,8051.572 
561,5101.614 
562,11923.182 
563,4063.848 
564,5006.451 
565,5370.829 
566,7617.397 
567,4977.866 
568,6735.072 
569,7909.103 
570,3865.912 
571,23257.904 
572,3844.415 
573,34602.227 
574,6223.064 
575,38378.219 
576,25070.826 
577,7050.505 
578,4783.121 
579,3775.894 
580,3959.199 
581,5889.244 
582,3290.469 
583,7950.561 
584,5125.699 
585,4408.768 
586,4907.471 
587,5279.826 
588,7113.917 
589,4454.063 
590,23965.604 
591,3279.222 
592,4654.391 
593,3564.815 
594,6167.607 
595,3000.865 
596,7293.190 
597,5217.433 
598,37624.555 
599,5483.576 
600,5425.394 
611,1761.237 
612,1651.348 
613,1392.329 
614,2250.705 
615,1227.686 
616,1652.048 
617,1784.732 
618,1445.327 
619,2064.898 
620,1732.934 
621,778.036 
622,1650.494 
623,1403.251 
624,2420.271 
625,1711.731 
626,1803.817 
627,2020.307 
628,1493.032 
629,3728.903 
630,3188.713 
631,2329.062 
632,39515.363 
633,2360.038 
634,1573.266 
635,1389.375 
636,32677.613 
637,1525.557 
638,3989.881 
639,2540.310 
640,30532.051 
641,3355.607 
642,30055.957 
643,31904.375 
644,30714.477 
645,5214.638 
646,1131.920 
647,4589.306 
648,34282.863 
649,5162.234 
650,2716.395 
651,5345.195 
652,4309.292 
653,6403.513 
654,6510.144 
655,6099.125 
656,5229.586 
657,7957.487 
658,33161.121 
659,4124.169 
660,27541.709 
661,28718.709 
662,2032.723 
663,27076.199 
664,29926.756 
665,32730.828 
666,7095.414 
667,8464.002 
668,5997.001 
669,4789.844 
670,5071.369 
671,4055.424 
672,3603.079 
673,5755.113 
674,3361.060 
675,3819.124 
676,25620.420 
677,5858.317 
678,6489.664 
679,27538.662 
680,3350.469 
681,1977.321 
682,6579.903 
683,6293.929 
684,5614.125 
685,5435.293 
686,7506.317 
687,4111.326 
688,3922.186 
689,6287.381 
690,4679.762 
691,3424.427 
692,4391.314 
693,3359.990 
694,1810.803 
695,2382.980 
696,30589.121 
697,3236.531 
698,3693.204 
699,4405.842 
700,2364.204 
701,7622.907 
702,35984.395 
703,2747.921 
704,31722.215 
705,4627.937 
706,4037.286 
707,4141.964 
708,5047.595 
709,2649.069 
710,4313.951 
711,26050.707 
712,4775.090 
713,4279.217 
714,3033.279 
715,3530.924 
716,7732.425 
717,3079.757 
718,3926.574 
719,4628.573 
720,6336.452 
721,4070.123 
722,28841.773 
723,27828.863 
724,6050.667 
725,2373.593 
726,3274.582 
727,6009.937 
728,30772.896 
729,3238.225 
730,30244.416 
731,4347.387 
732,5672.867 
733,4096.937 
734,24072.387 
735,1950.651 
736,4051.490 
737,4253.715 
738,6670.919 
739,3554.348 
740,4343.027 
741,5727.675 
742,5289.830 
743,2875.288 
744,4705.695 
745,7259.787 
746,27089.154 
747,5392.925 
748,3286.894 
749,4653.540 
750,3945.993 
751,2993.154 
752,6297.939 
753,4110.912 
754,4008.876 
755,4760.985 
756,25223.844 
757,3246.273 
758,3704.206 
759,4407.247 
760,7317.656 
761,3824.636 
762,4163.516 
763,4308.944 
764,3887.766 
765,7175.855 
766,2428.665 
767,3411.734 
768,7051.957 
769,4314.315 
770,2786.060 
771,27094.020 
772,3017.433 
773,2441.219 
774,5521.966 
775,6028.130 
776,3272.607 
777,5609.390 
778,24273.080 
779,28599.566 
780,1599.170 
781,3428.503 
782,4141.994 
783,3153.984 
784,25630.180 
785,2487.968 
786,4060.498 
787,4945.027 
788,1744.887 
789,3525.254 
790,3066.242 
791,3424.406 
792,2162.184 
793,2994.691 
794,4805.100 
795,26024.453 
796,25597.648 
797,24434.359 
798,5016.854 
799,6177.916 
10,3132.320 
11,2903.447 
12,2824.295 
13,2245.531 
14,2080.120 
15,1410.257 
16,1660.734 
17,2151.716 
18,1617.528 
19,1919.202 
20,1575.435 
21,1201.136 
22,1113.179 
23,1351.439 
24,1074.263 
25,1597.689 
26,1469.999 
27,1191.103 
28,1235.944 
29,835.107 
30,1138.888 
31,1358.937 
32,747.531 
33,888.016 
34,1100.518 
35,906.039 
36,685.603 
37,679.832 
38,434.947 
39,370.661 
40,1015.950 
41,585.223 
42,618.962 
43,547.479 
44,428.717 
45,337.541 
46,372.488 
47,398.224 
48,295.551 
49,347.142 
50,481.349 
51,213.838 
52,152.672 
53,334.659 
54,258.283 
55,309.797 
56,153.307 
57,383.580 
58,244.255 
59,242.006 
60,131.963 
61,157.462 
62,436.412 
63,156.244 
64,344.879 
65,180.530 
66,225.448 
67,249.074 
68,318.903 
69,193.295 
70,256.168 
71,2619.906 
72,198.050 
73,386.799 
74,205.040 
75,262.986 
76,1856.198 
77,301.423 
78,239.293 
79,250.600 
80,257.401 
81,432.579 
82,436.181 
83,297.618 
84,212.099 
85,457.632 
86,272.573 
87,213.387 
88,700.605 
89,216.458 
90,425.046 
91,350.889 
92,359.945 
93,286.135 
94,489.263 
95,566.941 
96,331.746 
97,397.354 
98,470.476 
99,669.654 
100,359.307 
101,332.883 
102,1670.455 
103,389.509 
104,231.076 
105,482.242 
106,289.411 
107,579.583 
108,242.915 
109,198.631 
110,465.870 
111,324.876 
112,472.478 
113,1953.531 
114,1731.778 
115,294.146 
116,382.909 
117,468.056 
118,390.992 
119,1761.062 
120,449.518 
121,1739.106 
122,1825.824 
123,299.610 
124,376.851 
125,371.140 
126,463.056 
127,314.369 
128,202.650 
129,622.684 
130,273.442 
131,189.322 
132,354.311 
133,452.694 
134,237.697 
135,192.251 
136,354.816 
137,312.139 
138,666.811 
139,280.667 
140,423.791 
141,164.534 
142,1763.709 
143,1851.823 
144,1717.314 
145,209.506 
146,655.434 
147,259.024 
148,1753.391 
149,245.143 
150,248.042 
151,363.519 
152,363.379 
153,377.059 
154,506.744 
155,461.655 
156,238.478 
157,817.861 
158,525.385 
159,394.409 
160,522.327 
161,419.184 
162,413.420 
163,229.576 
164,215.164 
165,432.488 
166,502.009 
167,249.773 
168,252.899 
169,280.038 
170,242.898 
171,274.818 
172,371.290 
173,349.067 
174,352.697 
175,234.197 
176,674.214 
177,860.666 
178,321.105 
179,291.101 
180,163.802 
181,1622.387 
182,3460.556 
183,2455.146 
184,180.952 
185,2364.468 
186,383.224 
187,266.009 
188,1685.896 
189,3176.085 
190,2113.550 
191,1574.312 
192,252.309 
193,358.244 
194,1936.573 
195,2003.778 
196,354.966 
197,229.784 
198,365.504 
199,283.700 
200,366.399 
201,395.000 
202,229.232 
203,1693.145 
204,463.512 
205,350.777 
206,392.365 
207,521.006 
208,476.017 
209,251.002 
210,234.092 
211,339.210 
212,384.670 
213,1689.463 
214,2037.488 
215,282.453 
216,240.082 
217,302.042 
218,294.900 
219,484.584 
220,319.700 
221,320.646 
222,1759.290 
223,305.630 
224,1499.624 
225,399.030 
226,4148.776 
227,196.096 
228,300.386 
229,1896.738 
230,306.779 
231,1825.790 
232,1557.551 
233,285.717 
234,575.693 
235,299.989 
236,434.290 
237,344.204 
238,302.700 
239,304.178 
240,381.085 
241,222.775 
242,1265.377 
243,461.279 
244,201.169 
245,328.432 
246,1797.876 
247,1776.115 
248,2043.793 
249,1938.875 
250,554.801 
251,3022.832 
252,293.191 
253,360.005 
254,1877.357 
255,370.372 
256,359.808 
257,343.661 
258,354.134 
259,1833.242 
260,278.657 
261,2790.254 
262,548.336 
263,786.324 
264,1770.130 
265,1741.652 
266,17638.770 
267,451.091 
268,1933.462 
269,399.054 
270,3019.074 
271,1470.302 
272,1738.829 
273,394.178 
274,547.006 
275,2780.766 
276,410.682 
277,377.051 
278,394.782 
279,340.465 
280,448.354 
281,512.565 
282,1693.707 
283,296.182 
284,567.041 
285,357.949 
286,345.865 
287,479.019 
288,681.031 
289,1599.256 
290,496.968 
291,276.523 
292,1693.567 
293,248.008 
294,1496.324 
295,445.851 
296,1830.604 
297,428.868 
298,374.812 
299,720.891 
300,446.639 
301,1393.519 
302,229.933 
303,1735.523 
304,638.546 
305,1455.550 
306,516.600 
307,1981.372 
308,663.796 
309,589.656 
310,1715.508 
311,551.712 
312,450.869 
313,2603.555 
314,1701.852 
315,691.731 
316,523.340 
317,403.877 
318,353.957 
319,607.027 
320,259.102 
321,527.103 
322,1389.198 
323,1480.676 
324,1692.446 
325,1690.738 
326,1851.013 
327,454.557 
328,411.749 
329,16234.811 
330,597.962 
331,1923.752 
332,766.273 
333,280.292 
334,1205.275 
335,403.909 
336,1794.027 
337,321.843 
338,401.905 
339,480.443 
340,1269.846 
341,487.240 
342,289.395 
343,528.534 
344,333.789 
345,350.180 
346,342.896 
347,1245.380 
348,1418.698 
349,340.235 
350,593.958 
351,377.879 
352,435.439 
353,539.317 
354,723.814 
355,591.007 
356,1207.350 
357,744.190 
358,417.285 
359,1154.582 
360,602.194 
361,246.229 
362,263.730 
363,88976.578 
364,562.006 
365,344.537 
366,278.400 
367,824.598 
368,1472.488 
369,475.745 
370,715.213 
371,813.928 
372,287.727 
373,2780.093 
374,1898.894 
375,275.891 
376,862.219 
377,16664.301 
378,1088.235 
379,484.306 
380,515.626 
381,809.081 
382,1672.870 
383,1869.863 
384,306.473 
385,436.574 
386,401.249 
387,540.182 
388,489.104 
389,452.670 
390,425.719 
391,433.044 
392,808.748 
393,527.046 
394,569.469 
395,423.427 
396,904.507 
397,445.284 
398,293.382 
399,260.664 
400,415.034 
401,1104.461 
402,434.850 
403,450.579 
404,102698.289 
405,611.625 
406,1104.371 
407,425.995 
408,1127.128 
409,358.447 
410,382.328 
411,362.159 
412,14412.902 
413,294.122 
414,300.080 
415,16303.612 
416,511.946 
417,369.436 
418,14633.751 
419,1902.375 
420,1594.919 
421,569.158 
422,422.407 
423,464.289 
424,830.762 
425,2425.253 
426,828.544 
427,548.156 
428,833.325 
429,492.195 
430,695.258 
431,493.055 
432,1089.586 
433,726.577 
434,848.110 
435,381.309 
436,466.494 
437,744.352 
438,216.896 
439,82850.172 
440,2056.290 
441,1136.183 
442,559.472 
443,495.157 
444,906.511 
445,13570.232 
446,352.155 
447,1534.904 
448,718.833 
449,77075.578 
450,716.828 
451,449.090 
452,12992.165 
453,16094.742 
454,892.203 
455,1083.032 
456,558.451 
457,1626.238 
458,763.191 
459,771.209 
460,78829.148 
461,671.131 
462,533.925 
463,76417.289 
464,393.150 
465,957.963 
466,2178.360 
467,760.532 
468,658.962 
469,11271.324 
470,432.125 
471,633.391 
472,1538.579 
473,797.065 
474,697.714 
475,692.800 
476,361.258 
477,1596.171 
478,695.076 
479,553.865 
480,1424.164 
481,335.697 
482,16455.523 
483,1001.654 
484,4280.665 
485,500.243 
486,77905.844 
487,770.186 
488,1004.621 
489,1147.078 
490,691.828 
491,2158.614 
492,73608.438 
493,1346.789 
494,663.770 
495,527.371 
496,561.390 
497,663.709 
498,797.725 
499,2000.250 
500,16147.954 
501,2314.688 
502,2514.995 
503,542.772 
504,450.676 
505,432.157 
506,538.946 
507,765.739 
508,325.303 
509,528.533 
510,11970.778 
511,524.659 
512,416.054 
513,316.287 
514,594.448 
515,477.310 
516,396.125 
517,497.246 
518,818.288 
519,331.499 
520,596.978 
521,642.367 
522,627.110 
523,955.438 
524,603.554 
525,435.795 
526,511.259 
527,930.252 
528,18189.994 
529,749.769 
530,1321.127 
531,244.180 
532,902.853 
533,1804.760 
534,1796.255 
535,2126.788 
536,643.472 
537,246.034 
538,462.318 
539,351.830 
540,459.338 
541,673.844 
542,978.524 
543,966.834 
544,818.430 
545,1028.327 
546,389.641 
547,2174.341 
548,544.616 
549,389.554 
550,690.794 
551,404.944 
552,1446.871 
553,682.316 
554,779.601 
555,511.107 
556,73286.352 
557,934.391 
558,590.041 
559,641.028 
560,551.075 
561,634.047 
562,637.631 
563,850.056 
564,344.744 
565,491.624 
566,1134.615 
567,2174.221 
568,956.791 
569,582.641 
570,11795.764 
571,536.789 
572,68976.766 
573,748.074 
574,457.830 
575,504.082 
576,1257.915 
577,1024.946 
578,555.178 
579,1410.283 
580,1563.354 
581,2704.963 
582,1844.722 
583,416.819 
584,3312.609 
585,1579.494 
586,556.553 
587,1890.351 
588,256.103 
589,779.250 
590,617.117 
591,1441.857 
592,392.128 
593,881.790 
594,783.022 
595,2231.222 
596,913.541 
597,566.993 
598,65495.531 
599,346.907 
600,922.347 
611,4327.867 
612,831.880 
613,667.564 
614,435.262 
615,485.737 
616,321.751 
617,400.870 
618,379.430 
619,233.452 
620,185.127 
621,304.471 
622,305.636 
623,242.354 
624,252.878 
625,380.474 
626,376.115 
627,379.193 
628,435.168 
629,289.001 
630,334.547 
631,316.090 
632,395.422 
633,369.956 
634,321.787 
635,323.128 
636,300.910 
637,315.207 
638,506.500 
639,237.410 
640,251.086 
641,412.616 
642,299.788 
643,609.782 
644,233.452 
645,204.839 
646,287.003 
647,411.814 
648,258.765 
649,427.845 
650,405.378 
651,599.592 
652,203.560 
653,849.116 
654,278.427 
655,332.473 
656,256.523 
657,288.334 
658,349.752 
659,282.685 
660,341.807 
661,325.456 
662,172.620 
663,253.221 
664,453.477 
665,462.778 
666,323.714 
667,402.500 
668,723.468 
669,321.380 
670,463.954 
671,337.645 
672,302.465 
673,231.994 
674,245.445 
675,553.557 
676,359.016 
677,317.148 
678,173.893 
679,234.285 
680,451.982 
681,291.331 
682,541.513 
683,348.796 
684,288.005 
685,254.996 
686,576.117 
687,274.570 
688,277.107 
689,366.565 
690,267.556 
691,291.423 
692,411.542 
693,221.733 
694,315.668 
695,231.356 
696,296.635 
697,552.554 
698,386.367 
699,525.250 
700,356.586 
701,367.379 
702,230.437 
703,304.137 
704,224.729 
705,352.528 
706,195.198 
707,367.286 
708,265.294 
709,96857.000 
710,439.866 
711,455.658 
712,819.328 
713,285.105 
714,534.763 
715,553.849 
716,311.526 
717,299.467 
718,293.375 
719,279.488 
720,849.073 
721,740.832 
722,926.086 
723,732.255 
724,674.659 
725,968.980 
726,542.819 
727,786.770 
728,365.158 
729,699.002 
730,372.629 
731,504.217 
732,658.479 
733,1023.032 
734,905.504 
735,488.277 
736,448.783 
737,479.838 
738,647.002 
739,420.796 
740,459.197 
741,362.957 
742,331.641 
743,451.002 
744,721.940 
745,712.744 
746,387.586 
747,507.516 
748,625.099 
749,413.427 
750,330.613 
751,377.145 
752,544.988 
753,671.892 
754,571.852 
755,492.193 
756,859.993 
757,318.338 
758,1094.613 
759,650.641 
760,341.015 
761,571.835 
762,654.077 
763,657.128 
764,78754.938 
765,845.337 
766,778.110 
767,388.259 
768,567.209 
769,364.023 
770,520.169 
771,899.345 
772,463.348 
773,747.676 
774,688.475 
775,638.024 
776,470.691 
777,307.791 
778,574.784 
779,808.508 
780,648.321 
781,473.452 
782,534.709 
783,616.582 
784,289.341 
785,317.214 
786,1304.194 
787,455.798 
788,1362.589 
789,573.917 
790,436.944 
791,419.564 
792,557.357 
793,906.386 
794,1435.578 
795,778.824 
796,437.055 
797,427.787 
798,817.060 
799,430.199 
10,3480.941 
11,2435.206 
12,1927.786 
13,2013.967 
14,1678.694 
15,1620.618 
16,1262.788 
17,1376.988 
18,1533.428 
19,1267.677 
20,724.507 
21,666.945 
22,807.984 
23,819.095 
24,682.815 
25,753.914 
26,766.331 
27,475.918 
28,635.075 
29,268.098 
30,713.032 
31,813.766 
32,593.058 
33,672.992 
34,772.114 
35,308.802 
36,621.790 
37,380.562 
38,405.149 
39,329.984 
40,353.961 
41,398.103 
42,277.641 
43,330.150 
44,348.891 
45,417.846 
46,293.930 
47,329.454 
48,241.991 
49,178.280 
50,359.690 
51,410.853 
52,190.000 
53,448.154 
54,302.312 
55,239.411 
56,279.946 
57,238.533 
58,205.429 
59,331.491 
60,324.988 
61,394.489 
62,280.292 
63,195.398 
64,326.579 
65,301.881 
66,217.795 
67,279.796 
68,411.285 
69,255.332 
70,309.692 
71,235.155 
72,336.614 
73,344.766 
74,243.481 
75,225.027 
76,128.633 
77,296.827 
78,411.150 
79,222.425 
80,278.696 
81,364.108 
82,235.519 
83,144.810 
84,314.602 
85,355.948 
86,226.515 
87,248.950 
88,182.976 
89,371.944 
90,289.951 
91,314.443 
92,214.855 
93,297.361 
94,513.802 
95,352.316 
96,277.845 
97,233.147 
98,446.849 
99,164.653 
100,278.951 
101,402.886 
102,506.404 
103,399.535 
104,369.181 
105,319.261 
106,251.793 
107,162.948 
108,333.474 
109,246.047 
110,229.216 
111,180.900 
112,290.751 
113,302.201 
114,269.097 
115,460.359 
116,237.987 
117,220.752 
118,239.072 
119,354.901 
120,449.054 
121,400.532 
122,237.594 
123,309.768 
124,366.069 
125,166.276 
126,391.534 
127,284.255 
128,270.550 
129,307.603 
130,303.878 
131,265.295 
132,179.352 
133,214.493 
134,412.314 
135,393.221 
136,286.666 
137,374.547 
138,286.159 
139,353.669 
140,209.990 
141,212.993 
142,191.054 
143,492.099 
144,231.641 
145,325.784 
146,237.535 
147,244.309 
148,246.821 
149,408.807 
150,312.046 
151,421.627 
152,453.841 
153,543.170 
154,378.588 
155,185.525 
156,394.291 
157,236.494 
158,263.452 
159,406.085 
160,428.007 
161,305.585 
162,429.625 
163,153.166 
164,206.135 
165,264.547 
166,2903.132 
167,300.989 
168,309.416 
169,207.906 
170,322.581 
171,424.601 
172,354.594 
173,240.575 
174,288.817 
175,243.694 
176,371.386 
177,393.071 
178,525.726 
179,182.438 
180,386.230 
181,413.766 
182,293.511 
183,182.988 
184,309.154 
185,190.991 
186,372.695 
187,235.815 
188,2722.760 
189,273.265 
190,183.822 
191,239.696 
192,285.106 
193,339.221 
194,257.426 
195,2574.464 
196,243.034 
197,386.830 
198,528.336 
199,2762.631 
200,190.297 
201,279.539 
202,312.401 
203,235.065 
204,244.164 
205,242.161 
206,241.082 
207,145.277 
208,288.747 
209,300.819 
210,329.716 
211,2801.688 
212,230.136 
213,2604.734 
214,565.684 
215,290.371 
216,595.313 
217,320.643 
218,301.616 
219,371.414 
220,2660.354 
221,164.934 
222,225.365 
223,178.214 
224,301.577 
225,198.772 
226,411.312 
227,339.215 
228,226.410 
229,293.299 
230,148.031 
231,378.583 
232,402.289 
233,195.664 
234,2605.356 
235,418.869 
236,397.133 
237,208.641 
238,345.263 
239,270.184 
240,195.289 
241,323.131 
242,362.457 
243,177.497 
244,471.887 
245,214.982 
246,167.218 
247,205.199 
248,290.483 
249,248.655 
250,208.032 
251,151.722 
252,364.398 
253,2451.610 
254,340.655 
255,483.669 
256,246.586 
257,202.621 
258,176.097 
259,221.026 
260,243.546 
261,402.726 
262,2749.093 
263,317.238 
264,267.674 
265,231.567 
266,301.101 
267,126.895 
268,209.956 
269,2568.743 
270,270.490 
271,170.207 
272,396.788 
273,194.142 
274,281.934 
275,377.778 
276,476.624 
277,245.924 
278,188.032 
279,291.664 
280,306.631 
281,343.621 
282,157.275 
283,503.148 
284,125.636 
285,289.415 
286,252.582 
287,221.519 
288,236.373 
289,224.694 
290,384.245 
291,211.288 
292,346.638 
293,251.645 
294,382.106 
295,278.160 
296,386.689 
297,246.450 
298,198.847 
299,303.650 
300,246.006 
301,283.083 
302,589.986 
303,399.762 
304,319.290 
305,256.897 
306,153.572 
307,428.461 
308,314.673 
309,207.538 
310,357.775 
311,292.478 
312,406.530 
313,223.676 
314,171.075 
315,2517.287 
316,528.024 
317,239.804 
318,200.517 
319,136.680 
320,122.899 
321,397.627 
322,235.390 
323,207.114 
324,229.322 
325,87.754 
326,509.393 
327,2665.708 
328,181.156 
329,270.045 
330,286.586 
331,361.079 
332,325.539 
333,220.011 
334,245.355 
335,179.265 
336,2724.302 
337,342.154 
338,2562.326 
339,126.211 
340,231.200 
341,473.432 
342,464.478 
343,321.882 
344,258.464 
345,367.324 
346,247.243 
347,466.753 
348,202.569 
349,169.441 
350,468.460 
351,300.354 
352,224.281 
353,429.132 
354,2410.100 
355,200.480 
356,450.480 
357,281.145 
358,347.547 
359,206.112 
360,123.770 
361,251.768 
362,514.856 
363,247.627 
364,374.641 
365,270.036 
366,363.162 
367,199.004 
368,9318.537 
369,412.402 
370,8970.865 
371,451.614 
372,297.580 
373,350.953 
374,188.217 
375,454.512 
376,297.998 
377,446.586 
378,222.223 
379,158.999 
380,316.457 
381,184.621 
382,8730.023 
383,453.119 
384,316.994 
385,292.159 
386,368.376 
387,359.034 
388,368.858 
389,322.081 
390,703.153 
391,317.341 
392,381.100 
393,295.290 
394,320.637 
395,333.321 
396,255.800 
397,381.746 
398,200.730 
399,482.848 
400,435.847 
401,413.434 
402,268.820 
403,208.327 
404,224.969 
405,327.045 
406,386.879 
407,391.696 
408,449.785 
409,633.101 
410,288.154 
411,351.582 
412,435.248 
413,963.901 
414,229.884 
415,647.861 
416,453.977 
417,563.230 
418,221.578 
419,11578.100 
420,411.706 
421,238.504 
422,215.849 
423,206.824 
424,376.639 
425,308.685 
426,244.242 
427,468.142 
428,450.083 
429,937.454 
430,321.415 
431,284.719 
432,11628.785 
433,463.476 
434,982.557 
435,136.374 
436,362.067 
437,404.532 
438,8897.895 
439,261.439 
440,306.887 
441,871.267 
442,323.802 
443,268.404 
444,185.673 
445,338.755 
446,273.769 
447,742.526 
448,726.896 
449,299.908 
450,314.645 
451,738.533 
452,426.500 
453,203.447 
454,490.865 
455,359.297 
456,385.609 
457,418.060 
458,267.784 
459,318.356 
460,409.661 
461,280.285 
462,513.401 
463,11010.822 
464,8719.690 
465,309.766 
466,328.273 
467,181.634 
468,404.536 
469,454.135 
470,768.625 
471,274.243 
472,290.395 
473,1459.964 
474,11045.689 
475,406.284 
476,257.616 
477,270.343 
478,263.108 
479,184.399 
480,161.347 
481,417.066 
482,245.058 
483,301.365 
484,254.109 
485,251.244 
486,301.920 
487,2409.339 
488,307.861 
489,192.698 
490,274.989 
491,399.093 
492,348.388 
493,395.227 
494,10995.581 
495,377.328 
496,371.686 
497,322.005 
498,276.772 
499,296.111 
500,731.550 
501,255.660 
502,221.572 
503,210.283 
504,325.343 
505,312.868 
506,9781.610 
507,379.396 
508,320.721 
509,501.916 
510,640.810 
511,524.371 
512,379.278 
513,2371.498 
514,288.216 
515,292.316 
516,382.029 
517,158.772 
518,247.354 
519,250.448 
520,597.438 
521,156.931 
522,496.438 
523,511.099 
524,314.121 
525,1343.166 
526,757.747 
527,674.047 
528,704.134 
529,215.895 
530,283.983 
531,335.699 
532,374.230 
533,201.358 
534,383.798 
535,9255.641 
536,259.261 
537,342.394 
538,264.642 
539,357.285 
540,151.535 
541,380.952 
542,274.868 
543,1070.152 
544,380.494 
545,347.983 
546,268.269 
547,231.842 
548,1123.741 
549,481.581 
550,241.886 
551,300.144 
552,355.267 
553,411.241 
554,327.029 
555,799.100 
556,386.360 
557,160.862 
558,279.184 
559,358.242 
560,589.028 
561,947.931 
562,164.685 
563,368.292 
564,411.330 
565,922.354 
566,278.741 
567,173.779 
568,262.181 
569,442.113 
570,245.196 
571,524.410 
572,266.224 
573,764.040 
574,797.716 
575,449.576 
576,326.960 
577,219.212 
578,213.496 
579,266.584 
580,197.654 
581,220.898 
582,347.189 
583,758.742 
584,259.891 
585,413.466 
586,422.019 
587,2772.510 
588,289.069 
589,227.879 
590,210.218 
591,315.123 
592,573.447 
593,311.154 
594,226.543 
595,9303.622 
596,584.224 
597,10883.979 
598,229.842 
599,390.044 
600,242.114 
611,313.370 
612,214.456 
613,219.718 
614,212.466 
615,190.898 
616,193.004 
617,201.635 
618,137.268 
619,152.286 
620,2591.088 
621,615.096 
622,300.847 
623,2073.722 
624,316.714 
625,1861.051 
626,510.541 
627,2005.271 
628,679.754 
629,180.124 
630,248.865 
631,1902.272 
632,352.712 
633,619.002 
634,3151.587 
635,444.161 
636,745.932 
637,1558.140 
638,3105.757 
639,1537.978 
640,1419.320 
641,1927.095 
642,459.196 
643,529.551 
644,312.491 
645,739.785 
646,492.231 
647,1084.085 
648,1579.300 
649,2315.896 
650,1383.858 
651,1301.510 
652,494.086 
653,1373.433 
654,465.582 
655,1702.336 
656,281.816 
657,387.870 
658,1914.938 
659,264.208 
660,738.313 
661,234.951 
662,1220.731 
663,1282.094 
664,380.726 
665,1562.202 
666,341.027 
667,267.860 
668,199.458 
669,300.729 
670,287.471 
671,1506.137 
672,1548.847 
673,163.811 
674,282.029 
675,269.341 
676,519.456 
677,276.748 
678,135.827 
679,1022.031 
680,214.732 
681,1492.769 
682,236.537 
683,261.665 
684,361.693 
685,966.074 
686,259.631 
687,563.689 
688,288.047 
689,295.878 
690,211.500 
691,354.567 
692,192.892 
693,341.017 
694,344.635 
695,1321.273 
696,278.492 
697,522.426 
698,204.771 
699,358.164 
700,346.627 
701,151.240 
702,405.766 
703,267.574 
704,282.831 
705,1251.856 
706,152.035 
707,216.595 
708,302.418 
709,1433.413 
710,1040.353 
711,1002.850 
712,180.194 
713,259.457 
714,346.819 
715,1445.862 
716,332.931 
717,255.598 
718,373.985 
719,286.427 
720,273.140 
721,1140.072 
722,223.748 
723,1041.318 
724,127.771 
725,353.797 
726,501.183 
727,674.660 
728,521.037 
729,338.471 
730,143.386 
731,237.326 
732,225.177 
733,260.355 
734,279.441 
735,346.379 
736,617.586 
737,119.102 
738,366.212 
739,1161.334 
740,318.582 
741,629.486 
742,257.670 
743,222.636 
744,325.413 
745,243.410 
746,253.964 
747,207.765 
748,251.139 
749,326.253 
750,392.742 
751,272.211 
752,1793.686 
753,914.394 
754,305.215 
755,287.964 
756,332.407 
757,314.887 
758,262.589 
759,386.504 
760,311.065 
761,1397.186 
762,215.408 
763,1160.270 
764,170.764 
765,295.308 
766,407.266 
767,295.720 
768,700.725 
769,546.589 
770,527.240 
771,500.191 
772,1478.136 
773,274.933 
774,491.301 
775,395.728 
776,1205.595 
777,447.101 
778,478.411 
779,246.443 
780,395.582 
781,271.561 
782,290.179 
783,451.094 
784,114.750 
785,283.532 
786,223.937 
787,187.780 
788,272.995 
789,1337.622 
790,202.787 
791,320.398 
792,681.231 
793,401.917 
794,311.444 
795,352.280 
796,273.820 
797,425.199 
798,227.043 
799,368.050 
10,2561.684 
11,2085.819 
12,1721.604 
13,1322.842 
14,1388.300 
15,1514.913 
16,1752.989 
17,1677.733 
18,1908.950 
19,1555.848 
20,1369.615 
21,1005.420 
22,1337.783 
23,761.478 
24,1134.578 
25,1535.537 
26,1111.181 
27,1441.895 
28,1549.118 
29,1199.545 
30,1172.750 
31,1401.525 
32,1218.411 
33,1081.817 
34,976.479 
35,1057.610 
36,889.555 
37,1073.115 
38,697.165 
39,711.918 
40,1010.269 
41,1112.003 
42,849.739 
43,841.045 
44,968.631 
45,1075.891 
46,763.125 
47,724.392 
48,593.745 
49,873.751 
50,509.159 
51,640.392 
52,1043.673 
53,863.907 
54,1281.254 
55,458.818 
56,454.524 
57,1538.154 
58,449.751 
59,612.334 
60,1459.389 
61,1093.358 
62,613.625 
63,862.131 
64,659.608 
65,274.182 
66,881.089 
67,496.288 
68,575.242 
69,334.477 
70,415.717 
71,935.102 
72,1256.662 
73,1189.808 
74,1490.554 
75,816.951 
76,423.109 
77,311.815 
78,1027.682 
79,472.053 
80,622.485 
81,279.726 
82,508.624 
83,877.577 
84,935.115 
85,576.724 
86,322.026 
87,315.884 
88,1624.021 
89,304.576 
90,325.195 
91,405.743 
92,514.887 
93,666.607 
94,879.302 
95,720.248 
96,903.729 
97,398.457 
98,296.990 
99,903.403 
100,1084.175 
101,258.394 
102,783.391 
103,283.266 
104,1082.396 
105,248.678 
106,423.658 
107,813.219 
108,240.537 
109,390.411 
110,745.610 
111,258.437 
112,1031.296 
113,302.447 
114,481.604 
115,1632.833 
116,297.598 
117,306.179 
118,1274.908 
119,350.126 
120,394.728 
121,1110.144 
122,614.240 
123,158.068 
124,889.271 
125,209.823 
126,183.318 
127,214.660 
128,224.538 
129,423.020 
130,250.480 
131,617.793 
132,576.271 
133,853.221 
134,218.405 
135,720.660 
136,749.249 
137,407.045 
138,324.098 
139,392.395 
140,508.409 
141,640.682 
142,466.915 
143,448.073 
144,250.838 
145,398.138 
146,533.429 
147,377.411 
148,390.703 
149,403.794 
150,321.447 
151,802.715 
152,480.120 
153,277.170 
154,509.139 
155,782.401 
156,481.569 
157,230.928 
158,366.385 
159,316.679 
160,248.306 
161,770.688 
162,421.035 
163,531.491 
164,220.516 
165,349.629 
166,243.269 
167,263.090 
168,155.219 
169,220.980 
170,453.514 
171,542.534 
172,300.038 
173,374.299 
174,438.372 
175,624.638 
176,291.618 
177,233.534 
178,281.042 
179,590.650 
180,291.627 
181,396.675 
182,627.488 
183,328.089 
184,349.087 
185,363.906 
186,1055.990 
187,370.287 
188,653.309 
189,694.757 
190,1088.330 
191,329.631 
192,427.794 
193,382.723 
194,329.846 
195,348.762 
196,629.724 
197,259.211 
198,349.954 
199,476.783 
200,438.180 
201,815.607 
202,459.197 
203,1300.434 
204,1132.391 
205,348.344 
206,561.700 
207,368.236 
208,530.458 
209,349.306 
210,262.534 
211,356.412 
212,329.784 
213,335.542 
214,562.174 
215,374.979 
216,677.117 
217,450.719 
218,564.041 
219,515.907 
220,285.851 
221,653.704 
222,388.822 
223,686.373 
224,369.598 
225,193.406 
226,284.453 
227,501.040 
228,287.098 
229,433.192 
230,554.590 
231,688.236 
232,259.255 
233,500.737 
234,194.257 
235,377.067 
236,381.453 
237,253.451 
238,374.011 
239,695.468 
240,575.324 
241,944.418 
242,271.682 
243,361.065 
244,480.465 
245,648.041 
246,241.513 
247,766.418 
248,646.159 
249,220.217 
250,266.780 
251,498.001 
252,311.208 
253,353.562 
254,195.215 
255,262.063 
256,386.021 
257,369.507 
258,254.707 
259,525.553 
260,262.989 
261,181.447 
262,807.426 
263,394.523 
264,280.160 
265,693.816 
266,366.871 
267,486.385 
268,317.940 
269,619.671 
270,497.038 
271,744.207 
272,389.622 
273,462.696 
274,243.829 
275,197.416 
276,441.081 
277,185.891 
278,192.745 
279,201.407 
280,784.014 
281,351.699 
282,778.613 
283,436.123 
284,231.476 
285,322.451 
286,193.578 
287,224.481 
288,217.292 
289,304.578 
290,501.305 
291,217.995 
292,673.275 
293,227.358 
294,506.403 
295,153.926 
296,310.037 
297,432.316 
298,450.842 
299,701.047 
300,761.024 
301,374.852 
302,451.469 
303,752.132 
304,533.932 
305,333.633 
306,260.470 
307,605.703 
308,760.246 
309,324.772 
310,397.689 
311,264.360 
312,214.879 
313,295.260 
314,771.634 
315,331.880 
316,573.448 
317,299.859 
318,322.770 
319,229.297 
320,371.195 
321,163.469 
322,742.521 
323,476.868 
324,308.689 
325,291.929 
326,376.232 
327,389.468 
328,544.629 
329,660.911 
330,346.757 
331,282.109 
332,316.214 
333,203.522 
334,692.322 
335,239.164 
336,259.573 
337,2889.544 
338,249.905 
339,408.448 
340,233.642 
341,434.279 
342,239.322 
343,491.379 
344,437.312 
345,255.436 
346,470.386 
347,248.298 
348,202.906 
349,425.807 
350,607.302 
351,577.559 
352,517.717 
353,337.018 
354,453.986 
355,234.506 
356,528.606 
357,493.093 
358,299.274 
359,269.855 
360,10569.275 
361,556.744 
362,183.541 
363,421.061 
364,372.771 
365,536.271 
366,357.807 
367,330.302 
368,155.242 
369,203.336 
370,859.676 
371,351.187 
372,605.739 
373,283.642 
374,450.074 
375,400.077 
376,538.869 
377,191.322 
378,223.841 
379,406.601 
380,269.929 
381,394.708 
382,322.053 
383,307.632 
384,192.781 
385,510.284 
386,394.812 
387,191.987 
388,246.964 
389,215.203 
390,2276.998 
391,281.810 
392,442.944 
393,257.873 
394,195.158 
395,277.480 
396,715.501 
397,308.340 
398,486.547 
399,294.876 
400,2240.536 
401,268.236 
402,816.547 
403,434.475 
404,820.305 
405,248.591 
406,405.986 
407,183.865 
408,626.003 
409,312.766 
410,285.093 
411,320.837 
412,260.697 
413,368.827 
414,713.824 
415,255.309 
416,475.230 
417,706.776 
418,307.050 
419,392.750 
420,358.954 
421,336.890 
422,250.753 
423,499.197 
424,371.475 
425,10424.196 
426,519.930 
427,267.596 
428,363.347 
429,339.411 
430,350.343 
431,559.819 
432,287.075 
433,391.270 
434,460.656 
435,390.348 
436,230.528 
437,267.705 
438,257.681 
439,227.219 
440,480.176 
441,406.785 
442,681.788 
443,301.344 
444,2752.810 
445,284.570 
446,433.475 
447,284.704 
448,1282.395 
449,364.498 
450,398.843 
451,3463.731 
452,185.761 
453,713.243 
454,566.718 
455,274.553 
456,222.480 
457,440.063 
458,2293.347 
459,1001.543 
460,482.672 
461,531.509 
462,269.721 
463,290.228 
464,568.809 
465,276.495 
466,325.092 
467,195.809 
468,2156.124 
469,746.470 
470,341.080 
471,455.486 
472,569.522 
473,305.016 
474,1019.046 
475,257.933 
476,703.132 
477,278.450 
478,438.491 
479,10170.646 
480,295.434 
481,365.339 
482,290.095 
483,418.590 
484,500.530 
485,284.125 
486,488.565 
487,450.908 
488,343.635 
489,332.912 
490,590.488 
491,281.787 
492,320.117 
493,309.301 
494,315.244 
495,254.532 
496,553.229 
497,361.433 
498,222.131 
499,2866.217 
500,550.516 
501,385.388 
502,421.756 
503,405.555 
504,520.046 
505,858.853 
506,371.839 
507,982.746 
508,332.951 
509,763.004 
510,557.547 
511,216.951 
512,424.171 
513,263.139 
514,377.600 
515,288.162 
516,466.674 
517,294.569 
518,370.571 
519,247.216 
520,323.861 
521,688.149 
522,287.351 
523,518.377 
524,2431.988 
525,369.880 
526,361.071 
527,435.362 
528,360.253 
529,418.212 
530,462.889 
531,177.437 
532,409.566 
533,373.654 
534,263.044 
535,301.333 
536,2822.719 
537,717.728 
538,326.116 
539,3012.750 
540,317.690 
541,141.895 
542,326.178 
543,8653.479 
544,341.765 
545,587.725 
546,339.972 
547,354.256 
548,389.161 
549,436.968 
550,477.307 
551,336.088 
552,3202.491 
553,197.646 
554,3100.719 
555,425.281 
556,253.105 
557,313.698 
558,283.563 
559,428.723 
560,302.792 
561,261.631 
562,312.625 
563,1153.677 
564,2580.991 
565,448.502 
566,367.854 
567,276.231 
568,649.669 
569,693.450 
570,777.689 
571,541.048 
572,185.730 
573,255.749 
574,590.385 
575,450.042 
576,420.570 
577,239.759 
578,276.254 
579,8783.172 
580,510.379 
581,559.987 
582,321.826 
583,180.024 
584,273.262 
585,275.044 
586,8466.889 
587,728.045 
588,401.374 
589,593.266 
590,336.848 
591,547.450 
592,333.857 
593,278.996 
594,454.582 
595,358.707 
596,529.754 
597,484.993 
598,318.906 
599,697.752 
600,608.611 
611,559.565 
612,389.957 
613,352.097 
614,241.611 
615,183.405 
616,246.359 
617,248.322 
618,239.979 
619,179.771 
620,172.850 
621,273.718 
622,194.253 
623,214.633 
624,155.324 
625,216.931 
626,143.694 
627,233.510 
628,273.933 
629,184.374 
630,450.838 
631,444.008 
632,312.213 
633,353.578 
634,280.478 
635,199.780 
636,254.472 
637,389.949 
638,262.266 
639,255.619 
640,340.281 
641,236.590 
642,332.352 
643,299.531 
644,480.878 
645,2960.146 
646,520.405 
647,2812.109 
648,204.197 
649,2422.602 
650,475.669 
651,2650.575 
652,342.760 
653,364.131 
654,255.771 
655,225.700 
656,2366.090 
657,794.350 
658,2151.411 
659,219.953 
660,204.211 
661,544.420 
662,811.740 
663,370.072 
664,312.294 
665,193.999 
666,288.882 
667,288.979 
668,329.078 
669,4485.631 
670,605.198 
671,310.297 
672,273.741 
673,235.130 
674,2147.534 
675,249.454 
676,500.439 
677,348.823 
678,2000.951 
679,329.822 
680,2099.476 
681,1921.543 
682,428.927 
683,1882.332 
684,234.424 
685,1917.017 
686,307.141 
687,1891.421 
688,307.574 
689,165.042 
690,1983.615 
691,326.020 
692,1710.103 
693,165.869 
694,416.000 
695,311.802 
696,2121.590 
697,2022.813 
698,511.800 
699,560.879 
700,849.480 
701,577.123 
702,246.100 
703,219.683 
704,211.676 
705,182.300 
706,1717.498 
707,220.266 
708,684.497 
709,627.668 
710,1649.197 
711,515.144 
712,335.054 
713,202.468 
714,521.920 
715,494.491 
716,306.748 
717,845.645 
718,344.441 
719,634.863 
720,580.779 
721,194.323 
722,236.517 
723,177.972 
724,3227.382 
725,399.715 
726,286.070 
727,2897.825 
728,344.533 
729,3392.157 
730,997.827 
731,464.673 
732,1540.252 
733,195.231 
734,364.643 
735,4445.528 
736,367.883 
737,402.533 
738,1888.749 
739,470.701 
740,228.787 
741,1682.882 
742,445.174 
743,158.205 
744,242.629 
745,1384.665 
746,1816.062 
747,263.377 
748,342.174 
749,650.255 
750,652.100 
751,254.580 
752,418.666 
753,314.948 
754,704.395 
755,632.205 
756,439.600 
757,1989.971 
758,512.045 
759,313.919 
760,179.340 
761,503.475 
762,283.877 
763,1942.968 
764,345.741 
765,181.724 
766,271.089 
767,588.139 
768,166.920 
769,372.422 
770,851.132 
771,453.643 
772,527.331 
773,2768.005 
774,381.404 
775,227.976 
776,548.104 
777,266.071 
778,1554.344 
779,208.222 
780,445.359 
781,796.332 
782,636.079 
783,173.366 
784,382.106 
785,589.817 
786,350.723 
787,2159.184 
788,425.747 
789,513.378 
790,1806.123 
791,575.152 
792,233.530 
793,381.342 
794,608.615 
795,425.584 
796,1345.247 
797,1285.788 
798,471.664 
799,1550.930 
12,1453.237 
13,854.224 
14,609.832 
15,373.288 
16,307.568 
17,243.728 
18,171.297 
19,128.465 
20,91.459 
21,88.608 
22,69.137 
23,47.342 
24,73.540 
25,62.683 
26,65.828 
27,40.085 
28,42.690 
29,46.136 
30,49.396 
31,58.596 
32,62.757 
33,72.089 
34,55.107 
35,47.873 
36,55.987 
37,50.663 
38,62.147 
39,31.238 
40,55.360 
41,52.974 
42,39.953 
43,28.196 
44,38.793 
45,63.976 
46,53.822 
47,38.829 
48,39.511 
49,45.187 
50,52.892 
51,58.784 
52,55.409 
53,44.979 
54,64.065 
55,45.359 
56,40.428 
57,52.901 
58,59.232 
59,41.735 
60,45.011 
61,50.577 
62,70.001 
63,38.923 
64,37.927 
65,53.023 
66,59.285 
67,60.396 
68,46.722 
69,58.228 
70,43.460 
71,58.508 
72,55.509 
73,55.918 
74,33.494 
75,52.209 
76,33.658 
77,26.342 
78,62.580 
79,76.740 
80,42.290 
81,76.781 
82,32.955 
83,61.308 
84,32.395 
85,30.307 
86,33.739 
87,49.068 
88,45.925 
89,34.510 
90,57.477 
91,53.905 
92,50.251 
93,76.265 
94,49.157 
95,37.505 
96,64.624 
97,38.336 
98,74.355 
99,55.924 
100,44.586 
101,48.994 
102,52.767 
103,54.060 
104,41.550 
105,49.450 
106,62.633 
107,41.344 
108,36.980 
109,52.511 
110,60.957 
111,48.576 
112,46.577 
113,72.774 
114,81.016 
115,55.396 
116,40.979 
117,57.467 
118,34.781 
119,42.740 
120,45.413 
121,67.830 
122,61.196 
123,45.736 
124,70.785 
125,50.267 
126,26.573 
127,36.037 
128,41.448 
129,44.369 
130,70.776 
131,83.556 
132,54.941 
133,70.596 
134,58.667 
135,49.224 
136,40.323 
137,39.755 
138,67.336 
139,47.403 
140,49.405 
141,45.471 
142,84.555 
143,62.541 
144,43.348 
145,83.394 
146,31.477 
147,34.630 
148,20.009 
149,58.900 
150,51.799 
151,59.978 
152,36.590 
153,16.735 
154,61.022 
155,38.207 
156,48.896 
157,43.052 
158,45.071 
159,49.434 
160,49.301 
161,53.521 
162,42.920 
163,60.433 
164,46.171 
165,42.239 
166,44.095 
167,64.816 
168,41.721 
169,67.692 
170,74.840 
171,38.317 
172,52.203 
173,41.106 
174,46.263 
175,51.228 
176,43.092 
177,46.667 
178,42.341 
179,82.857 
180,43.179 
181,62.303 
182,82.958 
183,60.052 
184,23.060 
185,59.300 
186,60.357 
187,56.327 
188,43.766 
189,46.997 
190,38.346 
191,23.761 
192,44.777 
193,47.130 
194,40.827 
195,62.634 
196,32.986 
197,29.314 
198,70.122 
199,37.933 
200,25.339 
201,63.679 
202,37.506 
203,56.371 
204,40.443 
205,25.877 
206,39.244 
207,44.117 
208,50.074 
209,40.744 
210,47.858 
211,62.423 
212,30.397 
213,43.766 
214,60.742 
215,61.948 
216,72.731 
217,46.014 
218,46.613 
219,46.513 
220,60.226 
221,62.048 
222,44.237 
223,68.720 
224,37.740 
225,19.719 
226,33.339 
227,45.294 
228,49.502 
229,27.230 
230,24.869 
231,38.851 
232,39.947 
233,24.776 
234,60.645 
235,54.251 
236,39.937 
237,60.023 
238,51.890 
239,45.272 
240,62.494 
241,42.208 
242,58.686 
243,44.607 
244,44.246 
245,61.258 
246,39.242 
247,53.367 
248,49.060 
249,15.918 
250,64.571 
251,66.969 
252,51.983 
253,54.599 
254,39.313 
255,35.302 
256,35.516 
257,24.284 
258,57.640 
259,37.730 
260,36.874 
261,41.537 
262,60.215 
263,43.692 
264,35.081 
265,36.654 
266,29.538 
267,51.022 
268,43.219 
269,39.336 
270,65.165 
271,43.739 
272,49.760 
273,42.721 
274,30.782 
275,47.840 
276,15.138 
277,55.692 
278,49.653 
279,39.361 
280,68.605 
281,28.564 
282,48.729 
283,34.185 
284,25.464 
285,23.398 
286,46.208 
287,47.505 
288,48.167 
289,27.991 
290,31.268 
291,25.269 
292,57.275 
293,25.927 
294,25.328 
295,36.560 
296,37.805 
297,26.077 
298,57.987 
299,27.078 
300,59.686 
301,55.948 
302,21.733 
303,34.947 
304,77.066 
305,19.704 
306,30.390 
307,56.556 
308,50.074 
309,37.398 
310,30.732 
311,35.415 
312,63.252 
313,22.345 
314,35.457 
315,49.011 
316,56.455 
317,20.334 
318,41.835 
319,31.661 
320,35.487 
321,33.394 
322,40.773 
323,66.295 
324,54.044 
325,60.322 
326,29.649 
327,45.450 
328,17.083 
329,67.364 
330,42.330 
331,56.329 
332,57.440 
333,52.125 
334,52.401 
335,37.216 
336,51.659 
337,32.484 
338,54.128 
339,44.388 
340,28.244 
341,78.611 
342,39.188 
343,41.072 
344,81.101 
345,36.221 
346,47.792 
347,34.692 
348,29.942 
349,53.586 
350,38.535 
351,47.565 
352,37.728 
353,55.275 
354,48.579 
355,56.671 
356,55.211 
357,57.103 
358,46.358 
359,36.058 
360,30.744 
361,68.338 
362,34.529 
363,60.774 
364,66.237 
365,65.452 
366,56.677 
367,37.807 
368,41.530 
369,56.017 
370,24.517 
371,55.480 
372,47.098 
373,52.358 
374,52.161 
375,28.810 
376,67.589 
377,58.272 
378,39.934 
379,45.728 
380,54.537 
381,44.386 
382,32.916 
383,71.541 
384,44.854 
385,39.551 
386,43.927 
387,48.321 
388,51.177 
389,25.352 
390,38.260 
391,44.960 
392,46.998 
393,28.761 
394,52.045 
395,56.606 
396,40.956 
397,63.518 
398,79.257 
399,49.409 
400,41.289 
401,41.999 
402,44.013 
403,33.698 
404,36.381 
405,34.174 
406,65.181 
407,32.222 
408,54.460 
409,28.717 
410,42.959 
411,45.423 
412,41.940 
413,53.647 
414,19.714 
415,60.884 
416,35.072 
417,51.428 
418,45.506 
419,45.170 
420,42.114 
421,22.494 
422,31.384 
423,41.129 
424,29.444 
425,40.522 
426,51.142 
427,63.597 
428,57.115 
429,38.878 
430,63.828 
431,35.274 
432,57.183 
433,46.647 
434,23.657 
435,22.510 
436,25.658 
437,49.990 
438,42.359 
439,51.891 
440,29.702 
441,25.828 
442,43.474 
443,61.771 
444,23.327 
445,52.821 
446,42.504 
447,45.937 
448,38.621 
449,33.069 
450,32.684 
451,32.422 
452,39.752 
453,38.735 
454,34.391 
455,49.163 
456,36.087 
457,45.400 
458,68.786 
459,57.118 
460,49.681 
461,62.936 
462,28.559 
463,42.230 
464,24.442 
465,34.664 
466,73.134 
467,31.271 
468,46.560 
469,32.080 
470,26.791 
471,56.803 
472,44.373 
473,42.158 
474,39.422 
475,35.338 
476,39.544 
477,38.573 
478,42.623 
479,22.622 
480,41.553 
481,27.494 
482,50.102 
483,40.528 
484,30.136 
485,63.252 
486,54.987 
487,32.614 
488,32.802 
489,42.059 
490,55.425 
491,23.423 
492,70.850 
493,44.943 
494,43.230 
495,55.269 
496,35.481 
497,44.053 
498,20.466 
499,46.900 
500,26.801 
501,52.725 
502,67.554 
503,49.484 
504,48.898 
505,27.594 
506,61.093 
507,43.022 
508,55.620 
509,54.337 
510,60.820 
511,62.384 
512,36.601 
513,52.425 
514,34.908 
515,39.022 
516,34.196 
517,37.342 
518,32.479 
519,24.969 
520,64.194 
521,28.012 
522,44.012 
523,73.035 
524,53.500 
525,34.797 
526,27.919 
527,18.866 
528,63.847 
529,56.448 
530,44.169 
531,41.667 
532,47.121 
533,68.111 
534,55.349 
535,47.406 
536,53.359 
537,28.823 
538,62.832 
539,53.951 
540,56.918 
541,46.321 
542,45.364 
543,52.236 
544,55.551 
545,50.658 
546,45.956 
547,60.787 
548,61.676 
549,54.917 
550,39.155 
551,57.365 
552,41.036 
553,56.328 
554,32.364 
555,40.500 
556,48.045 
557,26.283 
558,64.927 
559,27.392 
560,37.472 
561,46.343 
562,33.917 
563,23.951 
564,58.293 
565,32.083 
566,35.956 
567,22.096 
568,40.427 
569,44.464 
570,42.219 
571,48.233 
572,41.605 
573,41.614 
574,58.044 
575,36.949 
576,51.328 
577,50.251 
578,44.254 
579,65.742 
580,45.244 
581,37.943 
582,42.139 
583,43.525 
584,72.546 
585,41.104 
586,61.414 
587,20.607 
588,40.101 
589,48.411 
590,42.425 
591,22.576 
592,56.254 
593,45.395 
594,54.569 
595,35.777 
596,62.600 
597,37.238 
598,24.355 
599,38.090 
600,34.536 
613,82.997 
614,59.831 
615,61.952 
616,67.608 
617,56.664 
618,49.374 
619,50.417 
620,49.836 
621,38.353 
622,48.300 
623,37.938 
624,36.011 
625,55.933 
626,46.962 
627,63.533 
628,44.007 
629,41.196 
630,47.733 
631,53.289 
632,39.599 
633,62.972 
634,59.602 
635,43.985 
636,42.415 
637,48.549 
638,42.328 
639,61.666 
640,52.898 
641,46.235 
642,33.522 
643,60.844 
644,55.105 
645,32.549 
646,48.375 
647,54.142 
648,55.847 
649,82.196 
650,42.168 
651,35.801 
652,59.534 
653,51.932 
654,38.492 
655,40.008 
656,64.102 
657,73.344 
658,58.670 
659,53.015 
660,43.252 
661,45.543 
662,36.443 
663,50.973 
664,46.935 
665,40.703 
666,51.115 
667,56.845 
668,51.920 
669,76.911 
670,71.105 
671,60.492 
672,25.414 
673,58.405 
674,52.614 
675,48.915 
676,50.709 
677,36.504 
678,42.103 
679,41.570 
680,36.410 
681,38.769 
682,33.422 
683,48.566 
684,75.554 
685,70.237 
686,42.228 
687,44.946 
688,39.516 
689,47.823 
690,53.780 
691,46.789 
692,52.905 
693,43.291 
694,66.277 
695,63.525 
696,20.922 
697,66.861 
698,40.174 
699,50.132 
700,53.064 
701,44.193 
702,36.498 
703,48.641 
704,37.519 
705,56.057 
706,49.898 
707,38.271 
708,19.952 
709,49.607 
710,27.439 
711,44.116 
712,46.419 
713,64.235 
714,40.497 
715,42.452 
716,76.325 
717,44.894 
718,49.932 
719,38.947 
720,62.693 
721,50.272 
722,41.020 
723,40.235 
724,49.317 
725,46.831 
726,38.770 
727,50.949 
728,40.532 
729,44.098 
730,56.687 
731,73.610 
732,30.319 
733,49.922 
734,65.703 
735,36.185 
736,31.529 
737,50.387 
738,57.292 
739,67.961 
740,31.872 
741,28.351 
742,50.341 
743,26.899 
744,42.103 
745,32.292 
746,40.815 
747,33.322 
748,63.261 
749,21.215 
750,72.672 
751,39.065 
752,52.644 
753,30.547 
754,58.853 
755,57.178 
756,47.379 
757,58.325 
758,60.887 
759,62.829 
760,38.465 
761,45.338 
762,41.285 
763,43.520 
764,43.148 
765,47.046 
766,39.715 
767,24.944 
768,44.996 
769,36.020 
770,63.539 
771,54.985 
772,48.268 
773,45.320 
774,40.413 
775,35.721 
776,36.538 
777,58.576 
778,56.503 
779,42.129 
780,41.113 
781,58.689 
782,36.388 
783,26.839 
784,74.172 
785,71.312 
786,75.487 
787,25.456 
788,33.663 
789,53.500 
790,54.849 
791,48.199 
792,45.888 
793,25.908 
794,52.460 
795,47.400 
796,40.754 
797,37.890 
798,55.965 
799,46.089 
10,17728.816 
11,15597.049 
12,15146.725 
13,14805.056 
14,2291.063 
15,2239.065 
16,14224.675 
17,13487.377 
18,1583.897 
19,13885.678 
20,14037.704 
21,14124.907 
22,1563.659 
23,1838.244 
24,14556.071 
25,1367.673 
26,13366.847 
27,25973.789 
28,1833.766 
29,2886.660 
30,13499.998 
31,12912.908 
32,13764.512 
33,1998.203 
34,2587.539 
35,6614.512 
36,35973.227 
37,23931.514 
38,27697.496 
39,18067.762 
40,6202.189 
41,13417.032 
42,17003.373 
43,23851.467 
44,17107.820 
45,2419.759 
46,13837.200 
47,2915.521 
48,1229.373 
49,27871.998 
50,6287.291 
51,9962.738 
52,2634.132 
53,2164.935 
54,14978.206 
55,9975.816 
56,2863.502 
57,6442.253 
58,6213.168 
59,26594.357 
60,3221.459 
61,12911.702 
62,16325.016 
63,2456.359 
64,1525.452 
65,12884.615 
66,13635.591 
67,17060.080 
68,24880.254 
69,1410.615 
70,2349.804 
71,2043.788 
72,12261.924 
73,1269.613 
74,5302.900 
75,12684.654 
76,5772.556 
77,11748.218 
78,20479.893 
79,15722.839 
80,2569.195 
81,1828.331 
82,5503.058 
83,6392.308 
84,6239.246 
85,5835.320 
86,5194.498 
87,5100.517 
88,14776.910 
89,3416.605 
90,5263.029 
91,9605.896 
92,3834.449 
93,3462.374 
94,15168.188 
95,3227.670 
96,7869.357 
97,18515.490 
98,21165.250 
99,1556.643 
100,1987.630 
101,4015.296 
102,2334.255 
103,8865.827 
104,11261.846 
105,10425.358 
106,7762.060 
107,3048.025 
108,6471.446 
109,2246.540 
110,4049.335 
111,2180.975 
112,11521.820 
113,1387.818 
114,2474.389 
115,2408.267 
116,6708.315 
117,14492.153 
118,6680.678 
119,2981.437 
120,14892.299 
121,10912.640 
122,4490.884 
123,20569.346 
124,3157.972 
125,4282.191 
126,2534.956 
127,9216.630 
128,19309.342 
129,9252.954 
130,2692.098 
131,22094.730 
132,3460.857 
133,6317.524 
134,10487.532 
135,17223.146 
136,2915.846 
137,9874.632 
138,9259.672 
139,2530.334 
140,5840.573 
141,2529.836 
142,2068.073 
143,12791.370 
144,2078.033 
145,15638.989 
146,12684.480 
147,2067.501 
148,6208.445 
149,3510.186 
150,13757.127 
151,4204.713 
152,8635.538 
153,3046.717 
154,5083.182 
155,2053.562 
156,2410.409 
157,5951.273 
158,1274.625 
159,9556.495 
160,1444.774 
161,3549.814 
162,2708.815 
163,8720.066 
164,7720.430 
165,1033.853 
166,3993.005 
167,1465.039 
168,14119.377 
169,9851.800 
170,7169.948 
171,3769.824 
172,17516.418 
173,9684.371 
174,14790.305 
175,4453.213 
176,12640.057 
177,4606.547 
178,1629.021 
179,10726.846 
180,2670.402 
181,5104.679 
182,8277.388 
183,7454.660 
184,1845.007 
185,6913.549 
186,4586.069 
187,1547.651 
188,14691.217 
189,1766.878 
190,3949.052 
191,1335.491 
192,1689.107 
193,10938.540 
194,1166.180 
195,13510.156 
196,2351.974 
197,13728.291 
198,1661.386 
199,4812.509 
200,20012.184 
201,2077.918 
202,15013.734 
203,7030.560 
204,1994.892 
205,5863.875 
206,15137.742 
207,6428.701 
208,15493.359 
209,5764.545 
210,13400.849 
211,6901.313 
212,2880.865 
213,3188.134 
214,19280.580 
215,7970.140 
216,2251.992 
217,1662.542 
218,2220.904 
219,1862.725 
220,112621.234 
221,12697.730 
222,14051.459 
223,1635.379 
224,6939.995 
225,1787.728 
226,10079.278 
227,1858.228 
228,7214.456 
229,2317.094 
230,15397.415 
231,2616.403 
232,12906.245 
233,18549.973 
234,23151.955 
235,2039.627 
236,6633.179 
237,2213.396 
238,99746.961 
239,2568.100 
240,1794.272 
241,2040.044 
242,4797.651 
243,7218.362 
244,7723.144 
245,8698.762 
246,2476.687 
247,7373.119 
248,5659.909 
249,1602.582 
250,18750.488 
251,15089.860 
252,6862.342 
253,1708.543 
254,6998.999 
255,5771.229 
256,4111.688 
257,3538.290 
258,1696.560 
259,14869.543 
260,86310.438 
261,4999.307 
262,5170.537 
263,9122.169 
264,17967.893 
265,109055.266 
266,16655.914 
267,2538.113 
268,80646.695 
269,2258.495 
270,93165.297 
271,2338.263 
272,15633.729 
273,28366.768 
274,8634.884 
275,3817.258 
276,2094.185 
277,6080.596 
278,1654.613 
279,3692.806 
280,9487.752 
281,4850.288 
282,5808.111 
283,2880.386 
284,3210.953 
285,13808.113 
286,15148.084 
287,3038.289 
288,10616.890 
289,15466.353 
290,2382.946 
291,2608.506 
292,1599.235 
293,100292.656 
294,2422.913 
295,95790.539 
296,3803.242 
297,3915.149 
298,14341.393 
299,5420.715 
300,6024.945 
301,2298.574 
302,11573.738 
303,3994.996 
304,4797.072 
305,1688.415 
306,99759.000 
307,2258.161 
308,14007.756 
309,7614.470 
310,8099.914 
311,3565.816 
312,12876.469 
313,15385.856 
314,7907.932 
315,14888.156 
316,16553.750 
317,3866.081 
318,9654.535 
319,21300.299 
320,191687.234 
321,7686.722 
322,8982.848 
323,173178.000 
324,4195.053 
325,10076.987 
326,3395.426 
327,84674.438 
328,7848.687 
329,18495.805 
330,7152.808 
331,7044.060 
332,10218.641 
333,6492.351 
334,8115.495 
335,178229.984 
336,2689.252 
337,5782.017 
338,18998.227 
339,13301.540 
340,9485.939 
10,14336.751 
11,12416.037 
12,11472.666 
13,10768.099 
14,2554.762 
15,36348.047 
16,42120.945 
17,43046.047 
18,3514.151 
19,9754.157 
20,9484.377 
21,3675.856 
22,8949.227 
23,33572.340 
24,3494.140 
25,34415.801 
26,44674.637 
27,8407.927 
28,8572.870 
29,4788.534 
30,50457.094 
31,34075.422 
32,42920.164 
33,40952.188 
34,4820.079 
35,5204.211 
36,3659.039 
37,2869.713 
38,30141.551 
39,10386.705 
40,16340.043 
41,70526.867 
42,8497.465 
43,69413.766 
44,3189.179 
45,28904.566 
46,9683.539 
47,19679.732 
48,35188.383 
49,39071.785 
50,10196.772 
51,31864.035 
52,5430.405 
53,2721.335 
54,5414.386 
55,2690.968 
56,12439.513 
57,98108.273 
58,4307.189 
59,68191.344 
60,15352.712 
61,5383.597 
62,38127.777 
63,27510.719 
64,27323.074 
65,11534.487 
66,23107.031 
67,7250.705 
68,17079.365 
69,31208.426 
70,27904.684 
71,30990.062 
72,5175.597 
73,10339.236 
74,53081.156 
75,6725.704 
76,33878.117 
77,65408.043 
78,6388.997 
79,61608.059 
80,9880.042 
81,38266.457 
82,22123.691 
83,40968.984 
84,25350.393 
85,40321.203 
86,10886.174 
87,6616.023 
88,34173.551 
89,12434.167 
90,57256.047 
91,46348.676 
92,65140.039 
93,14609.206 
94,11893.537 
95,10583.066 
96,50304.609 
97,5818.169 
98,117869.719 
99,8912.920 
100,5792.911 
101,21132.492 
102,9687.402 
103,37816.340 
104,81781.773 
105,68673.125 
106,136385.031 
107,8331.196 
108,7778.518 
109,51581.676 
110,68226.977 
111,81063.422 
112,8915.090 
113,8254.477 
114,57218.125 
115,14212.149 
116,175764.359 
117,27291.055 
118,68049.047 
119,25591.566 
120,130088.328 
121,123329.109 
122,7347.636 
123,101574.555 
124,28071.148 
125,27071.914 
126,74159.523 
127,13297.797 
128,6192.004 
129,29595.902 
130,74895.797 
131,127654.672 
132,157501.406 
133,14714.076 
134,14426.854 
135,13126.535 
136,167406.188 
137,27997.164 
138,88872.344 
139,67446.422 
140,39809.141 
141,5289.092 
142,56239.023 
143,6588.630 
144,122471.031 
145,5887.116 
146,6277.810 
147,5077.874 
148,18833.217 
149,18731.078 
150,43523.145 
151,30984.279 
152,11693.339 
153,75067.281 
154,12042.301 
155,10184.654 
156,88781.789 
157,78670.469 
158,8565.458 
159,10445.652 
160,24897.131 
161,33078.465 
162,54291.949 
163,14270.294 
164,28263.686 
165,90178.172 
166,11602.771 
167,23614.727 
168,25331.838 
169,32656.418 
170,49463.801 
171,121212.312 
172,130662.906 
173,16773.096 
174,54776.711 
175,32919.492 
176,31424.508 
177,28461.859 
178,22372.037 
179,45943.234 
180,9764.366 
181,103564.641 
182,23784.355 
183,5970.309 
184,12062.838 
185,30227.855 
186,48748.988 
187,31653.641 
188,41591.594 
189,33292.367 
190,74844.578 
191,7804.721 
192,17639.619 
193,28844.688 
194,58712.617 
195,9480.506 
196,25818.148 
197,10895.617 
198,24856.836 
199,116370.352 
200,3156.517 
201,13895.371 
202,2213.023 
203,23410.135 
204,29370.646 
205,99091.703 
206,69393.914 
207,9251.965 
208,14778.758 
209,130311.609 
210,41256.199 
211,71011.805 
212,33866.758 
213,66179.406 
214,59297.207 
215,62277.480 
216,140361.859 
217,22751.643 
218,7543.592 
219,49356.293 
220,9458.982 
221,14762.795 
222,27932.805 
223,16289.900 
224,55375.043 
225,8073.866 
226,46058.957 
227,11916.130 
228,11188.371 
229,11779.943 
230,81114.711 
231,10771.987 
232,15936.295 
233,25396.629 
234,17930.994 
235,23368.770 
236,17799.707 
237,50496.793 
238,47592.484 
239,23321.504 
240,163104.312 
241,13438.044 
242,104582.625 
243,27992.119 
244,14657.044 
245,76252.312 
246,14175.304 
247,14748.628 
248,14434.729 
249,105011.242 
250,11198.378 
251,15709.101 
252,18244.729 
253,27104.820 
254,103823.836 
255,17110.432 
256,7061.429 
257,23280.154 
258,23647.133 
259,22836.258 
260,107978.312 
261,8381.389 
262,124281.375 
263,25444.008 
264,20992.164 
265,14783.943 
266,16567.559 
267,4361.351 
268,20668.912 
269,20973.727 
270,27703.092 
271,13316.196 
272,42902.766 
273,7775.123 
274,138150.859 
275,22798.262 
276,19332.654 
277,27704.012 
278,22515.734 
279,11130.847 
280,10128.540 
281,12513.966 
282,142332.500 
283,43911.719 
284,76945.203 
285,103431.258 
286,31586.635 
287,12214.606 
288,8995.148 
289,33349.012 
290,26952.477 
291,10228.011 
292,22028.062 
293,52493.828 
294,23880.824 
295,9960.011 
296,36168.945 
297,50084.426 
298,44192.523 
299,104044.938 
300,108501.328 
301,58786.258 
302,38694.996 
303,6825.132 
304,7372.177 
305,101939.766 
306,10874.035 
307,7097.703 
308,32454.686 
309,12740.910 
310,10415.547 
311,6991.774 
312,26840.586 
313,6848.903 
314,83340.633 
315,8600.813 
316,12916.896 
317,9291.432 
318,19681.316 
319,2951.907 
320,10763.561 
321,11243.447 
322,20527.479 
323,13703.585 
324,118206.398 
325,44801.070 
326,63550.434 
327,16843.268 
328,73140.422 
329,57512.195 
330,38523.051 
331,89178.477 
332,9731.595 
333,25731.668 
334,14581.009 
335,12065.449 
336,43237.863 
337,22410.098 
338,3175.746 
339,11716.872 
340,97871.234 
341,10148.855 
342,13803.146 
343,22460.125 
344,7371.262 
345,11319.787 
346,68883.000 
347,8072.521 
348,3440.689 
349,43952.828 
350,17577.527 
351,57866.469 
352,8007.007 
353,9403.928 
354,52418.117 
355,15025.215 
356,37737.969 
357,26386.438 
358,9945.650 
359,17442.170 
360,14742.550 
361,44704.188 
362,10857.487 
363,7647.060 
364,11811.426 
365,102942.125 
366,34098.930 
367,13436.062 
368,102327.828 
369,11558.399 
370,47583.016 
371,27970.422 
372,144881.984 
373,47855.027 
374,28884.412 
375,4266.582 
376,126480.656 
377,25994.627 
378,9800.045 
379,33175.242 
380,7522.761 
381,22690.041 
382,83274.289 
383,27872.619 
384,62895.648 
385,28329.869 
386,24048.234 
387,6997.719 
388,99556.250 
389,63927.508 
390,89944.672 
391,16725.164 
392,12239.432 
393,10386.741 
394,20488.596 
395,13013.711 
396,10743.696 
397,36705.121 
398,12016.150 
399,4327.888 
400,23361.783 
401,104726.500 
402,13710.915 
403,11067.444 
404,14144.529 
405,70611.758 
406,93961.430 
407,14370.775 
408,18965.037 
409,22697.223 
410,72048.672 
411,9423.022 
412,8699.997 
413,34404.062 
414,5760.207 
415,5760.489 
416,13240.646 
417,12122.979 
418,23101.123 
419,147343.625 
420,13918.695 
421,20411.141 
422,160587.406 
423,13503.752 
424,14965.264 
425,26549.145 
426,13365.701 
427,45760.699 
428,5432.825 
429,12736.952 
430,7721.094 
431,14352.805 
432,23927.857 
433,40875.070 
434,36692.262 
435,91251.727 
436,84235.477 
437,8704.605 
438,49546.055 
439,14513.176 
440,76650.352 
441,36266.043 
442,87913.289 
443,77540.688 
444,36079.188 
445,115935.922 
446,43935.984 
447,56140.594 
448,27167.471 
449,16149.052 
450,12322.046 
451,60129.133 
452,10606.483 
453,21278.479 
454,35793.355 
455,20367.490 
456,96320.469 
457,7452.292 
458,60817.578 
459,15955.842 
460,15266.445 
461,56619.211 
462,53605.949 
463,16174.442 
464,25068.057 
465,12631.596 
466,38076.754 
467,29428.766 
468,5450.627 
469,18726.850 
470,28064.277 
471,14689.404 
472,10962.512 
473,6274.993 
474,114691.219 
475,23323.070 
476,21418.736 
477,11931.594 
478,13126.759 
479,12758.748 
480,4318.019 
481,3536.010 
482,20885.758 
483,77300.750 
484,11110.658 
485,9326.075 
486,47557.883 
487,83261.164 
488,63406.363 
489,70616.047 
490,10352.328 
491,30182.549 
492,29849.154 
493,13268.468 
494,8857.868 
495,71731.383 
496,18635.426 
497,15250.023 
498,18258.010 
499,7369.100 
500,24134.049 
501,9403.138 
502,32867.555 
503,17328.125 
504,31633.918 
505,13240.430 
506,99530.766 
507,20023.418 
508,56574.465 
509,7497.834 
510,8927.840 
511,3815.966 
512,9884.334 
513,48222.023 
514,23149.744 
515,7205.915 
516,26518.902 
517,45892.578 
518,26263.625 
519,10149.449 
520,43440.078 
521,5511.030 
522,33188.645 
523,5797.463 
524,18509.535 
525,17982.340 
526,62095.016 
527,72290.344 
528,8467.873 
529,19175.410 
530,23241.273 
531,7730.579 
532,5709.266 
533,59229.629 
534,8412.360 
535,24655.539 
536,15269.058 
537,12064.949 
538,23998.789 
539,43768.832 
540,36678.523 
541,10227.463 
542,44462.086 
543,28146.150 
544,15344.111 
545,50087.391 
546,9563.440 
547,32359.691 
548,64883.312 
549,23541.430 
550,10165.822 
551,49324.285 
552,7593.534 
553,22599.764 
554,19531.805 
555,24795.576 
556,9139.328 
557,16092.696 
558,23604.693 
559,74897.500 
560,15928.808 
561,21904.746 
562,11743.205 
563,9687.662 
564,17823.070 
565,32578.465 
566,17737.424 
567,9519.286 
568,19935.352 
569,10895.430 
570,23898.705 
571,58218.242 
572,19718.359 
573,21534.475 
574,28039.664 
575,15182.284 
576,66258.211 
577,18195.037 
578,16717.369 
579,8022.640 
580,12262.082 
581,12117.231 
582,71483.992 
583,32733.846 
584,62582.246 
585,48768.746 
586,29566.393 
587,21241.277 
588,14747.848 
589,13789.411 
590,12114.434 
591,4389.150 
592,7475.326 
593,4246.327 
594,18680.283 
595,70331.102 
596,22980.707 
597,68392.539 
598,16371.933 
599,14852.565 
600,45503.668 
611,35905.621 
612,13038.715 
613,23186.941 
614,18276.975 
615,22396.533 
616,16446.094 
617,13690.842 
618,20279.758 
619,15519.805 
620,11231.141 
621,15157.614 
622,12869.086 
623,7839.595 
624,10113.602 
625,7230.170 
626,4101.278 
627,9573.266 
628,12294.866 
629,35569.945 
630,5162.260 
631,26869.111 
632,18523.688 
633,18251.152 
634,28719.840 
635,14845.590 
636,7313.913 
637,3535.841 
638,15138.721 
639,10640.451 
640,8544.771 
641,36718.398 
642,10098.116 
643,26901.355 
644,12958.413 
645,19951.465 
646,8694.895 
647,55603.289 
648,6277.736 
649,59283.578 
650,44903.309 
651,11245.094 
652,47898.086 
653,41272.172 
654,46193.410 
655,4084.455 
656,9166.135 
657,11374.443 
658,5664.517 
659,29265.377 
660,9061.044 
661,37144.410 
662,11901.424 
663,11303.463 
664,39617.117 
665,25723.465 
666,13544.422 
667,12506.514 
668,10325.114 
669,8865.315 
670,52324.109 
671,35311.625 
672,8607.399 
673,35665.891 
674,32841.117 
675,8612.564 
676,31393.309 
677,5420.582 
678,13920.182 
679,20006.219 
680,11916.172 
681,4292.000 
682,7716.833 
683,8241.098 
684,7262.617 
685,3673.727 
686,28117.377 
687,8165.583 
688,8214.712 
689,33321.773 
690,4615.903 
691,4450.735 
692,9863.973 
693,52117.055 
694,12592.379 
695,4680.482 
696,9953.018 
697,11373.440 
698,58922.238 
699,3744.921 
700,34212.957 
701,4109.544 
702,12814.784 
703,5969.297 
704,55682.109 
705,5431.856 
706,7486.990 
707,27334.195 
708,33370.141 
709,5359.265 
710,14263.408 
711,6891.057 
712,38932.730 
713,5107.437 
714,9307.210 
715,5041.908 
716,4075.831 
717,3646.453 
718,27812.443 
719,127953.805 
720,1785.851 
721,9301.254 
722,7218.334 
723,11855.248 
724,6701.734 
725,24995.902 
726,7404.154 
727,92058.773 
728,20301.125 
729,2739.451 
730,6802.684 
731,5461.719 
732,19888.375 
733,17139.582 
734,23533.416 
735,4768.595 
736,5101.423 
737,61925.074 
738,8115.530 
739,8837.798 
740,8389.743 
741,30646.746 
742,17250.932 
743,5286.307 
744,15290.065 
745,4308.214 
746,30794.029 
747,12248.027 
748,56084.176 
749,34679.777 
750,24166.309 
751,5699.103 
752,116654.594 
753,12403.527 
754,8337.425 
755,41018.949 
756,23244.133 
757,5058.708 
758,51033.238 
759,42760.273 
760,10181.039 
761,8761.183 
762,13808.752 
763,2574.010 
764,19402.754 
765,28107.092 
766,42289.023 
767,17377.432 
768,4833.386 
769,12456.508 
770,13278.758 
771,48530.531 
772,11389.701 
773,11964.996 
774,26810.521 
775,30154.881 
776,3896.348 
777,7412.320 
778,5594.347 
779,22229.557 
780,27366.607 
781,5993.746 
782,3619.463 
783,18372.324 
784,9515.813 
785,4757.062 
786,49600.773 
787,6821.729 
788,35484.566 
789,9454.603 
790,4305.900 
791,4724.864 
792,9290.639 
793,10816.143 
794,10624.601 
795,31075.133 
796,13931.060 
797,11438.125 
798,3241.344 
799,7143.082 
10,4012.139 
11,3072.977 
12,2393.788 
13,2337.894 
14,1849.102 
15,1547.362 
16,1167.057 
17,1439.952 
18,1608.519 
19,1665.358 
20,1251.840 
21,1196.017 
22,1029.676 
23,1097.377 
24,1289.010 
25,1291.145 
26,1146.353 
27,1213.832 
28,1306.288 
29,817.070 
30,1004.225 
31,1169.486 
32,785.174 
33,1191.999 
34,1488.204 
35,817.968 
36,801.637 
37,688.576 
38,1027.605 
39,15463.140 
40,1251.735 
41,722.496 
42,1994.425 
43,1371.078 
44,1326.206 
45,1522.591 
46,14131.260 
47,1138.441 
48,1545.972 
49,7360.858 
50,1040.566 
51,949.930 
52,7538.543 
53,1026.031 
54,1617.754 
55,1008.892 
56,13671.960 
57,1901.780 
58,2275.758 
59,821.442 
60,212725.562 
61,1829.386 
62,1857.417 
63,1754.530 
64,1966.348 
65,13057.288 
66,2449.441 
67,1716.474 
68,1725.595 
69,207674.766 
70,200176.375 
71,2006.426 
72,17928.777 
73,13107.869 
74,18074.064 
75,2590.410 
76,2995.173 
77,2737.750 
78,6370.942 
79,210521.453 
80,197738.688 
81,2712.692 
82,201567.578 
83,3088.005 
84,12221.850 
85,195539.016 
86,2191.595 
87,12358.701 
88,189990.469 
89,3368.608 
90,4033.915 
91,2382.753 
92,213371.781 
93,209148.188 
94,14491.320 
95,3465.474 
96,4313.163 
97,2597.541 
98,3476.476 
99,2779.157 
100,1944.632 
101,11448.449 
102,14578.680 
103,3365.205 
104,4383.896 
105,4141.304 
106,2324.933 
107,2695.914 
108,2866.183 
109,12384.798 
110,1916.142 
111,4854.541 
112,208278.281 
113,120965.195 
114,23120.270 
115,16120.676 
116,373666.188 
117,14377.994 
118,179753.828 
119,6078.376 
120,5778.288 
121,26564.059 
122,6582.208 
123,15415.392 
124,8420.843 
125,184235.922 
126,14385.253 
127,17965.211 
128,109932.414 
129,12962.697 
130,17215.551 
131,3886.828 
132,293766.156 
133,5588.321 
134,105547.773 
135,9713.475 
136,350900.875 
137,9314.700 
138,20659.803 
139,15831.708 
140,3826.313 
141,15960.258 
142,4610.637 
143,13605.572 
144,101702.375 
145,6478.099 
146,17331.633 
147,5458.337 
148,10017.215 
149,10500.717 
150,15604.699 
151,21503.170 
152,10292.426 
153,164808.469 
154,4687.543 
155,8522.859 
156,14504.410 
157,9312.052 
158,15466.799 
159,9570.668 
160,5174.873 
161,12739.837 
162,9775.736 
163,11104.235 
164,5077.750 
165,4870.423 
166,15105.880 
167,11416.635 
168,167650.812 
169,18670.010 
170,16313.145 
171,12854.989 
172,4614.851 
173,5633.352 
174,4472.070 
175,14395.776 
176,6838.065 
177,17821.746 
178,14242.956 
179,9679.379 
180,10391.091 
181,12533.098 
182,10843.895 
183,162690.156 
184,5692.496 
185,13410.848 
186,5379.914 
187,10069.658 
188,14455.788 
189,161578.312 
190,11225.555 
191,3620.502 
192,9718.256 
193,6131.925 
194,10536.633 
195,8792.949 
196,6551.975 
197,16246.266 
198,6029.868 
199,4214.051 
200,21916.496 
201,4607.248 
202,10369.410 
203,13850.120 
204,93358.594 
205,21365.449 
206,18942.047 
207,3505.151 
208,15378.458 
209,9873.508 
210,9610.549 
211,4372.418 
212,9427.271 
213,11283.564 
214,7232.847 
215,5856.346 
216,164299.797 
217,7847.504 
218,22748.633 
219,6618.587 
220,14032.648 
221,6884.275 
222,10180.806 
223,9030.807 
224,9559.056 
225,157052.109 
226,7217.830 
227,11146.213 
228,7846.518 
229,3656.949 
230,5338.197 
231,145523.891 
232,4250.253 
233,4605.136 
234,4131.920 
235,20011.980 
236,17489.035 
237,6314.741 
238,18240.732 
239,18311.418 
240,4535.221 
241,10545.206 
242,10483.417 
243,22575.348 
244,12301.659 
245,4270.882 
246,10399.110 
247,135704.656 
248,3411.033 
249,155695.797 
250,12760.208 
251,7805.178 
252,7184.124 
253,10560.548 
254,5728.211 
255,9405.909 
256,152851.844 
257,12432.110 
258,5141.679 
259,9110.219 
260,16996.533 
261,3161.440 
262,4061.542 
263,197046.484 
264,14129.914 
265,146120.172 
266,20154.730 
267,5542.769 
268,140839.547 
269,19847.746 
270,12990.489 
271,8107.959 
272,139937.203 
273,18492.166 
274,144839.453 
275,5900.242 
276,19636.299 
277,18748.461 
278,157701.109 
279,157890.016 
280,5332.388 
281,8475.959 
282,2997.469 
283,6840.512 
284,10965.885 
285,10310.044 
286,140468.766 
287,397830.312 
288,5911.220 
289,4844.969 
290,11793.540 
291,226951.312 
292,15509.884 
293,4841.475 
294,17281.801 
295,325628.062 
296,5332.260 
297,8418.217 
298,8747.104 
299,6851.249 
300,104613.164 
301,8536.916 
302,7487.562 
303,152252.859 
304,166355.047 
305,13678.495 
306,7515.386 
307,11915.454 
308,172584.766 
309,124665.922 
310,6525.625 
311,8126.089 
312,18215.133 
313,319027.875 
314,152987.750 
315,119437.625 
316,4242.830 
317,166143.453 
318,5786.432 
319,6108.097 
320,5459.518 
321,130307.531 
322,14285.776 
323,237347.953 
324,11158.449 
325,182063.312 
326,12352.501 
327,16352.420 
328,6644.040 
329,142602.734 
330,16127.563 
331,24932.850 
332,9768.416 
333,141431.578 
334,18525.770 
335,7044.029 
336,8450.351 
337,98390.367 
338,6280.981 
339,10032.643 
340,13325.129 
341,140455.797 
342,8150.429 
343,17745.611 
344,8029.271 
345,192493.500 
346,6218.777 
347,12540.576 
348,8223.955 
349,156543.297 
350,10059.677 
351,8909.718 
352,169485.656 
353,10824.600 
354,8392.671 
355,8303.723 
356,11513.090 
357,88987.586 
358,88588.234 
359,9349.152 
360,11313.134 
361,187264.297 
362,159435.688 
363,9477.566 
364,14308.768 
365,10792.604 
366,13913.809 
367,13551.521 
368,5646.866 
369,7479.187 
370,6484.534 
371,10092.163 
372,6021.874 
373,16499.309 
374,91660.156 
375,9235.543 
376,17294.918 
377,12740.360 
378,222281.016 
379,8408.115 
380,126590.953 
381,15136.240 
382,5912.607 
383,10228.030 
384,143413.797 
385,11959.477 
386,6575.877 
387,11494.531 
388,9495.536 
389,136725.516 
390,9084.294 
391,10810.281 
392,10033.552 
393,8075.449 
394,10391.205 
395,105799.633 
396,10071.232 
397,7729.283 
398,13832.946 
399,7418.872 
400,9127.072 
401,20422.096 
402,9853.637 
403,6273.171 
404,7502.312 
405,9060.394 
406,6426.388 
407,9014.206 
408,11011.201 
409,139084.844 
410,11074.539 
411,150229.094 
412,181473.500 
413,136166.547 
414,9191.606 
415,6126.107 
416,19318.154 
417,4970.748 
418,5363.648 
419,8954.533 
420,6821.290 
421,11545.685 
422,179294.141 
423,4938.029 
424,9228.297 
425,5626.377 
426,17115.395 
427,21187.150 
428,124916.219 
429,29187.197 
430,10210.314 
431,13839.506 
432,177026.234 
433,12039.146 
434,138286.359 
435,8325.117 
436,123253.555 
437,10904.566 
438,8004.638 
439,4564.625 
440,8250.233 
441,293611.219 
442,6993.949 
443,65154.383 
444,5034.614 
445,16546.762 
446,7513.365 
447,9976.218 
448,9790.766 
449,7474.289 
450,6688.347 
451,11491.785 
452,145112.578 
453,15656.606 
454,14546.123 
455,11012.660 
456,85183.867 
457,11274.352 
458,76189.297 
459,84619.250 
460,8333.146 
461,8712.586 
462,7716.433 
463,5421.620 
464,17373.453 
465,102399.500 
466,161419.562 
467,18555.445 
468,145653.141 
469,5540.246 
470,10230.883 
471,11365.598 
472,14400.781 
473,12986.645 
474,13579.940 
475,11162.552 
476,12872.467 
477,5935.923 
478,9364.701 
479,5954.411 
480,18978.141 
481,11080.592 
482,2319.561 
483,125467.594 
484,14557.656 
485,12506.439 
486,12105.401 
487,4411.886 
488,8551.114 
489,16470.977 
490,8412.545 
491,20771.646 
492,7816.578 
493,7935.091 
494,13949.424 
495,14186.047 
496,11634.036 
497,12731.764 
498,126361.078 
499,7600.347 
500,145922.422 
501,21151.828 
502,14840.363 
503,6916.497 
504,6838.771 
505,126155.773 
506,12145.766 
507,9942.182 
508,147284.578 
509,12144.863 
510,8340.212 
511,11986.219 
512,7743.935 
513,53905.590 
514,14396.161 
515,6009.041 
516,9061.431 
517,8116.370 
518,3836.778 
519,9658.650 
520,13537.113 
521,84021.398 
522,82618.758 
523,72989.484 
524,13716.204 
525,129711.617 
526,76744.047 
527,11155.084 
528,7648.606 
529,137890.156 
530,21981.916 
531,252350.453 
532,73228.180 
533,11625.222 
534,13254.125 
535,15355.707 
536,7043.227 
537,9664.659 
538,6165.602 
539,30462.723 
540,13348.974 
541,7791.771 
542,64444.117 
543,11900.987 
544,4079.173 
545,10001.970 
546,16404.732 
547,26831.035 
548,136953.062 
549,5854.926 
550,97076.641 
551,10872.399 
552,7990.582 
553,7589.344 
554,10701.908 
555,5250.824 
556,10871.708 
557,8788.921 
558,18034.643 
559,217872.828 
560,6933.438 
561,8717.375 
562,8528.136 
563,16586.654 
564,11687.958 
565,77337.156 
566,12933.443 
567,9594.252 
568,18742.820 
569,17242.996 
570,61220.277 
571,5635.788 
572,8264.815 
573,23205.943 
574,222076.000 
575,59259.473 
576,163542.781 
577,17828.479 
578,100038.414 
579,11165.497 
580,14799.203 
581,24295.213 
582,5933.058 
583,81455.984 
584,140700.641 
585,74068.414 
586,25306.332 
587,9292.133 
588,9694.850 
589,13247.213 
590,15849.611 
591,75180.367 
592,8785.080 
593,16436.691 
594,12533.117 
595,107334.961 
596,10055.410 
597,6196.650 
598,15612.943 
599,5479.501 
600,157608.594 
611,5327.293 
612,5747.736 
613,2745.262 
614,2875.565 
615,4810.297 
616,3092.017 
617,5217.886 
618,2633.236 
619,5372.076 
620,6573.956 
621,2298.975 
622,5508.595 
623,5610.207 
624,2625.453 
625,4156.118 
626,4526.050 
627,9141.717 
628,6385.666 
629,2190.933 
630,9828.687 
631,10216.161 
632,8485.221 
633,190686.125 
634,8055.517 
635,10653.865 
636,5590.958 
637,3595.012 
638,198732.891 
639,352069.156 
640,6448.741 
641,155560.422 
642,20469.734 
643,6665.846 
644,9154.978 
645,15802.242 
646,164592.625 
647,142822.281 
648,146483.203 
649,7854.986 
650,279139.750 
651,13095.240 
652,143209.656 
653,10046.072 
654,7765.917 
655,133341.250 
656,139597.828 
657,11290.883 
658,11083.267 
659,19100.225 
660,115661.078 
661,7368.639 
662,16518.840 
663,236784.422 
664,16741.193 
665,119246.664 
666,8744.140 
667,9248.917 
668,116652.711 
669,122777.602 
670,13689.736 
671,11736.377 
672,10730.653 
673,237854.844 
674,13123.539 
675,13198.204 
676,10286.893 
677,10516.943 
678,25229.275 
679,7433.294 
680,9226.821 
681,110930.672 
682,11528.234 
683,6637.518 
684,12112.990 
685,6969.938 
686,8914.320 
687,9757.709 
688,23525.252 
689,14353.787 
690,13875.773 
691,14830.406 
692,8152.525 
693,93235.211 
694,11016.029 
695,7281.703 
696,85240.109 
697,20880.025 
698,12047.279 
699,7396.056 
700,155912.250 
701,236893.500 
702,10044.088 
703,77010.578 
704,25542.059 
705,90095.062 
706,87572.234 
707,11397.837 
708,5940.840 
709,77903.648 
710,78890.719 
711,79164.711 
712,9083.743 
713,12672.113 
714,83869.422 
715,78154.453 
716,12499.842 
717,65447.582 
718,42008.375 
719,74239.906 
720,9947.184 
721,18457.250 
722,10333.357 
723,98748.945 
724,11872.339 
725,97932.297 
726,81642.234 
727,135100.000 
728,9372.862 
729,21856.967 
730,79722.258 
731,79239.367 
732,12086.467 
733,11059.625 
734,18591.828 
735,75700.859 
736,70728.953 
737,10745.426 
738,25861.100 
739,136408.562 
740,12862.672 
741,107419.086 
742,81396.516 
743,67431.242 
744,179266.125 
745,90295.914 
746,7941.363 
747,12431.347 
748,58417.484 
749,25269.799 
750,125986.797 
751,61962.516 
752,116732.477 
753,21649.287 
754,68881.664 
755,9278.629 
756,57770.992 
757,11303.449 
758,11332.647 
759,47693.141 
760,17724.012 
761,7862.614 
762,11068.348 
763,11370.482 
764,12041.907 
765,11575.185 
766,77944.156 
767,50570.691 
768,103638.070 
769,7618.428 
770,10546.535 
771,8359.670 
772,119017.914 
773,60831.508 
774,125374.812 
775,180422.625 
776,11589.301 
777,12886.510 
778,58506.379 
779,97007.883 
780,15657.067 
781,123153.078 
782,21676.076 
783,11177.280 
784,113561.461 
785,12290.846 
786,9957.125 
787,4487.612 
788,10172.191 
789,9347.303 
790,12934.924 
791,10564.219 
792,61332.832 
793,7832.012 
794,11593.367 
795,18489.900 
796,10799.088 
797,10788.494 
798,16900.799 
799,11658.603 
10,6251.581 
11,4188.817 
12,2888.049 
13,2835.782 
14,31506.895 
15,34440.062 
16,73370.875 
17,40845.406 
18,70625.906 
19,59057.102 
20,12592.560 
21,41944.621 
22,38649.434 
23,40535.711 
24,39666.395 
25,65759.844 
26,11623.614 
27,55645.484 
28,28303.795 
29,54932.016 
30,3274.851 
31,3029.517 
32,28981.818 
33,37388.723 
34,3292.179 
35,27019.320 
36,28496.432 
37,35560.684 
38,2006.920 
39,52516.164 
40,26981.639 
41,26866.330 
42,11613.850 
43,2320.408 
44,36138.262 
45,2415.771 
46,2705.730 
47,2201.477 
48,1852.979 
49,10921.984 
50,28440.201 
51,36504.824 
52,35260.176 
53,11101.621 
54,2159.386 
55,2075.804 
56,2011.931 
57,26538.584 
58,16531.420 
59,2243.899 
60,9979.925 
61,15151.328 
62,10587.661 
63,31576.406 
64,10776.958 
65,27455.492 
66,15306.104 
67,31483.885 
68,10099.138 
69,2462.646 
70,1913.316 
71,2567.146 
72,1998.770 
73,31529.398 
74,26180.684 
75,1574.754 
76,26255.334 
77,24885.008 
78,26252.334 
79,8367.987 
80,29957.818 
81,9506.309 
82,9431.155 
83,3186.783 
84,2970.860 
85,2092.012 
86,2586.085 
87,1559.574 
88,2911.975 
89,30188.350 
90,2606.800 
91,2762.743 
92,2837.456 
93,3498.042 
94,14565.778 
95,2593.821 
96,8609.322 
97,2699.957 
98,24585.238 
99,2942.607 
100,3149.589 
101,2742.248 
102,34101.504 
103,2406.940 
104,1254.530 
105,2439.187 
106,24633.975 
107,2901.288 
108,2863.463 
109,30551.307 
110,24295.094 
111,27216.490 
112,24773.598 
113,32264.619 
114,4638.858 
115,2492.320 
116,8926.459 
117,3082.049 
118,10129.506 
119,24121.650 
120,3554.812 
121,6491.966 
122,1778.132 
123,1955.812 
124,29558.262 
125,1546.763 
126,2240.309 
127,2585.324 
128,2027.725 
129,3891.027 
130,36210.379 
131,1913.986 
132,2581.595 
133,2530.469 
134,18562.230 
135,2247.739 
136,3064.696 
137,2345.910 
138,2597.422 
139,2943.577 
140,1911.509 
141,3014.314 
142,1743.355 
143,6729.569 
144,768.345 
145,4965.267 
146,1744.041 
147,8013.475 
148,1981.863 
149,2662.918 
150,290228.625 
151,1527.770 
152,1244.428 
153,23688.842 
154,15515.903 
155,1732.392 
156,948.934 
157,2289.843 
158,22188.002 
159,2677.536 
160,4319.375 
161,3159.148 
162,8799.795 
163,6819.146 
164,1879.180 
165,3325.936 
166,2926.500 
167,2271.361 
168,28024.287 
169,27835.660 
170,4805.112 
171,3588.595 
172,291980.938 
173,588312.312 
174,2601.053 
175,2536.082 
176,8343.145 
177,21288.668 
178,254699.719 
179,258991.656 
180,11988.146 
181,3766.752 
182,3536.873 
183,3604.015 
184,2872.008 
185,2813.554 
186,2914.762 
187,3025.620 
188,2211.877 
189,297488.406 
190,22221.664 
191,3150.169 
192,11627.372 
193,5472.341 
194,8806.635 
195,6818.179 
196,18555.211 
197,3317.670 
198,4879.575 
199,2225.022 
200,3852.673 
201,259853.344 
202,3061.989 
203,5763.308 
204,45784.340 
205,26588.502 
206,10346.421 
207,6996.154 
208,8765.440 
209,5754.971 
210,287617.250 
211,2550.741 
212,504823.125 
213,31832.039 
214,3632.332 
215,4930.539 
216,2646.358 
217,1940.200 
218,240471.812 
219,257134.984 
220,29361.721 
221,8616.547 
222,9441.249 
223,8601.716 
224,4371.854 
225,235719.531 
226,277325.844 
227,3902.511 
228,26859.232 
229,2738.487 
230,14967.127 
231,3923.424 
232,186137.922 
233,3947.616 
234,5462.278 
235,19386.072 
236,5521.354 
237,3727.016 
238,16749.600 
239,49538.680 
240,5338.584 
241,223161.672 
242,234431.203 
243,244805.719 
244,27704.285 
245,208169.141 
246,17162.490 
247,7617.944 
248,7407.376 
249,3496.013 
250,8388.898 
251,4712.567 
252,6817.062 
253,5197.652 
254,204820.875 
255,44027.754 
256,4420.967 
257,235621.953 
258,2436.238 
259,27008.742 
260,194396.016 
261,4594.824 
262,217509.891 
263,15080.107 
264,16299.667 
265,227562.375 
266,12174.121 
267,235435.625 
268,11557.916 
269,9519.377 
270,219701.047 
271,5728.500 
272,6849.465 
273,11838.615 
274,17474.975 
275,2737.571 
276,5497.699 
277,483977.969 
278,6437.501 
279,25216.379 
280,11311.148 
281,16328.619 
282,4860.537 
283,12239.208 
284,111173.250 
285,5770.741 
286,8344.682 
287,185425.938 
288,21189.895 
289,11669.141 
290,9980.752 
291,22101.113 
292,7538.085 
293,18189.098 
294,424332.938 
295,5615.790 
296,7721.606 
297,14292.896 
298,708526.625 
299,16231.672 
300,20280.814 
301,10474.832 
302,8578.383 
303,9899.965 
304,16967.469 
305,21762.193 
306,10045.592 
307,13489.150 
308,10238.926 
309,207545.312 
310,40502.648 
311,10786.902 
312,11189.344 
313,7626.948 
314,240617.281 
315,36255.062 
316,12261.124 
317,14219.602 
318,143894.656 
319,8316.145 
320,86907.000 
321,81984.820 
322,13916.829 
323,90932.836 
324,16755.221 
325,32868.449 
326,11503.175 
327,236454.109 
328,197112.641 
329,106729.875 
330,12372.534 
331,9614.626 
332,153023.484 
333,6717.100 
334,7922.614 
335,18932.947 
336,13561.275 
337,88147.328 
338,22359.951 
339,12797.165 
340,197852.859 
341,352464.719 
342,37458.414 
343,333324.125 
344,6473.865 
345,4241.330 
346,25888.805 
347,7006.541 
348,179493.375 
349,162864.094 
350,13275.904 
351,14822.475 
352,18710.859 
353,73874.641 
354,16405.752 
355,20608.475 
356,3660.903 
357,14208.838 
358,56753.059 
359,38433.035 
360,16706.027 
361,6557.154 
362,353608.094 
363,261218.391 
364,76860.055 
365,167533.641 
366,48957.930 
367,24452.686 
368,7471.999 
369,9327.154 
370,15686.333 
371,9734.549 
372,147504.500 
373,13544.612 
374,8351.176 
375,13135.853 
376,73768.930 
377,5743.464 
378,125556.414 
379,123835.898 
380,12072.739 
381,16415.256 
382,9548.074 
383,7451.026 
384,122243.602 
385,18181.816 
386,7646.974 
387,23080.646 
388,12336.479 
389,10174.100 
390,10281.177 
391,3536.502 
392,63373.613 
393,16121.729 
394,118383.773 
395,5899.281 
396,272717.844 
397,14807.537 
398,27214.557 
399,10376.280 
400,7052.530 
401,18981.801 
402,17503.010 
403,7422.048 
404,104342.188 
405,6912.234 
406,294359.656 
407,3799.580 
408,9745.058 
409,99486.445 
410,29055.752 
411,36813.379 
412,9676.995 
413,12081.918 
414,61921.027 
415,25744.617 
416,135088.047 
417,24843.787 
418,49060.715 
419,8440.751 
420,12257.304 
421,12697.550 
422,134533.984 
423,100339.617 
424,217214.609 
425,4990.772 
426,108304.969 
427,10333.802 
428,91509.523 
429,22577.398 
430,16586.574 
431,5521.179 
432,56911.562 
433,9809.787 
434,373576.406 
435,15963.969 
436,3742.647 
437,355241.531 
438,27842.578 
439,40910.305 
440,328288.875 
441,19477.145 
442,13962.694 
443,80493.406 
444,17660.518 
445,30000.143 
446,19317.045 
447,9997.384 
448,30745.607 
449,8197.926 
450,128115.609 
451,328868.812 
452,10285.616 
453,18492.555 
454,135224.125 
455,16565.363 
456,15346.220 
457,56205.020 
458,307682.031 
459,26181.453 
460,26263.199 
461,16912.152 
462,7510.173 
463,111174.695 
464,143806.109 
465,44472.742 
466,33114.863 
467,51967.859 
468,14186.662 
469,136392.500 
470,53300.848 
471,43254.672 
472,15820.615 
473,14187.517 
474,174184.297 
475,71405.172 
476,218129.625 
477,107630.211 
478,13665.090 
479,13155.758 
480,14933.227 
481,30435.555 
482,671965.062 
483,6949.240 
484,6642.135 
485,45336.000 
486,5983.382 
487,17459.281 
488,133874.766 
489,127991.203 
490,13816.802 
491,8425.478 
492,128137.312 
493,14307.143 
494,42459.684 
495,23168.404 
496,37081.207 
497,87895.336 
498,138258.078 
499,18304.170 
500,73958.328 
501,10173.975 
502,10733.272 
503,39317.305 
504,33378.375 
505,196351.078 
506,184379.625 
507,69348.023 
508,54723.016 
509,16744.863 
510,30375.604 
511,9509.650 
512,4474.666 
513,9913.646 
514,11950.203 
515,15090.109 
516,7288.236 
517,168289.797 
518,508122.969 
519,7310.336 
520,5178.771 
521,7332.184 
522,126344.219 
523,127502.484 
524,25675.438 
525,9597.731 
526,120794.977 
527,5267.809 
528,4111.608 
529,146938.188 
530,12947.980 
531,3610.183 
532,6289.153 
533,87914.594 
534,17700.586 
535,5794.961 
536,26036.877 
537,45449.332 
538,3206.562 
539,401178.094 
540,34476.562 
541,126101.531 
542,5278.175 
543,59588.828 
544,3275.693 
545,8979.533 
546,11644.520 
547,8985.150 
548,49693.188 
549,12120.163 
550,91033.375 
551,6873.323 
552,125236.938 
553,218148.312 
554,15985.680 
555,8835.133 
556,7293.526 
557,210387.859 
558,7531.378 
559,6360.127 
560,52771.227 
561,11923.314 
562,221585.531 
563,63521.133 
564,124389.672 
565,125528.000 
566,4044.938 
567,11611.640 
568,114141.078 
569,15628.008 
570,6785.274 
571,89039.805 
572,3729.458 
573,6221.825 
574,5718.841 
575,11011.101 
576,20497.584 
577,195393.922 
578,15477.209 
579,10439.905 
580,10704.701 
581,43639.238 
582,6071.323 
583,160183.781 
584,34314.457 
585,284455.125 
586,13052.699 
587,30095.650 
588,17185.439 
589,4623.615 
590,8377.847 
591,4237.287 
592,39605.605 
593,9324.512 
594,314565.625 
595,23618.078 
596,199433.188 
597,7353.925 
598,6804.177 
599,153693.328 
600,4317.825 
611,22484.816 
612,8349.930 
613,18400.475 
614,17759.365 
615,6220.822 
616,11147.719 
617,8364.106 
618,6217.459 
619,7623.779 
620,6524.682 
621,73294.633 
622,54379.617 
623,15944.057 
624,42259.762 
625,13620.729 
626,42255.422 
627,25984.832 
628,11551.301 
629,14435.403 
630,18166.568 
631,9921.770 
632,34565.863 
633,110836.125 
634,24271.342 
635,41387.004 
636,17608.088 
637,76856.859 
638,64040.172 
639,29540.014 
640,22975.555 
641,25156.254 
642,43258.750 
643,35678.352 
644,7416.409 
645,27036.383 
646,74856.719 
647,55418.180 
648,12188.107 
649,28588.592 
650,18314.471 
651,15292.281 
652,21359.531 
653,24461.391 
654,3559.881 
655,14082.961 
656,54822.887 
657,14511.179 
658,22973.354 
659,33029.672 
660,17826.711 
661,15091.430 
662,20684.961 
663,23872.637 
664,50311.008 
665,10719.159 
666,20087.932 
667,57427.426 
668,37558.004 
669,11954.083 
670,12534.758 
671,21075.816 
672,19508.684 
673,20599.473 
674,18316.135 
675,11813.900 
676,51017.020 
677,4282.928 
678,7244.312 
679,9440.844 
680,7703.313 
681,9296.955 
682,27407.234 
683,15015.428 
684,59319.859 
685,9497.809 
686,22326.025 
687,6287.536 
688,5147.179 
689,18120.357 
690,7257.561 
691,89230.258 
692,16094.285 
693,26187.277 
694,28827.979 
695,9148.752 
696,5632.526 
697,31603.219 
698,16831.578 
699,25143.312 
700,30330.738 
701,12404.849 
702,16896.889 
703,75526.141 
704,30933.934 
705,26498.750 
706,50976.434 
707,25505.863 
708,10058.359 
709,16984.516 
710,5319.630 
711,8500.931 
712,39744.301 
713,36055.234 
714,13367.008 
715,4413.546 
716,14329.580 
717,59766.688 
718,8918.373 
719,5720.014 
720,21136.941 
721,6077.922 
722,31428.418 
723,13419.164 
724,11319.939 
725,4935.208 
726,2403.546 
727,4454.451 
728,11982.317 
729,16619.838 
730,21937.871 
731,17521.453 
732,13095.540 
733,60054.734 
734,20401.711 
735,5033.190 
736,11963.081 
737,13819.496 
738,7381.436 
739,6475.641 
740,6921.312 
741,14240.914 
742,25075.727 
743,4021.054 
744,25414.059 
745,10472.572 
746,16290.497 
747,2192.639 
748,51151.715 
749,37956.816 
750,10869.896 
751,4251.463 
752,6017.032 
753,11735.855 
754,22577.055 
755,53144.969 
756,4697.696 
757,11759.317 
758,25165.561 
759,6712.421 
760,3631.933 
761,5351.041 
762,20202.006 
763,11990.250 
764,4603.920 
765,11746.997 
766,14090.994 
767,2472.317 
768,3760.905 
769,44480.957 
770,32271.195 
771,14003.918 
772,12153.344 
773,11719.613 
774,5652.530 
775,3467.398 
776,24383.182 
777,16861.385 
778,21057.555 
779,1383.722 
780,2110.319 
781,5709.232 
782,5553.154 
783,22208.275 
784,9695.049 
785,1433.339 
786,37502.523 
787,27629.043 
788,25257.471 
789,9636.012 
790,38527.578 
791,2530.235 
792,16521.035 
793,6867.768 
794,2011.169 
795,4965.473 
796,7245.018 
797,1667.022 
798,6378.270 
799,11010.586 
10,3278.603 
11,2599.124 
12,2158.944 
13,1804.053 
14,2039.181 
15,1704.809 
16,1565.602 
17,1670.184 
18,1550.494 
19,1711.200 
20,1532.054 
21,988.734 
22,1064.142 
23,6010.414 
24,820.830 
25,5579.374 
26,5040.050 
27,4909.848 
28,4807.903 
29,1172.719 
30,850.665 
31,924.987 
32,796.219 
33,376214.938 
34,1835.374 
35,1735.981 
36,1371.084 
37,4833.924 
38,366115.781 
39,367028.312 
40,5566.746 
41,1973.319 
42,359217.812 
43,6039.854 
44,8477.812 
45,357753.656 
46,2157.343 
47,1889.244 
48,1903.136 
49,5852.496 
50,5558.478 
51,2460.543 
52,348632.656 
53,2625.222 
54,6208.294 
55,341140.250 
56,3003.609 
57,4560.604 
58,7491.708 
59,2725.014 
60,395380.344 
61,7127.119 
62,133642.938 
63,5930.354 
64,8294.660 
65,3282.032 
66,117226.609 
67,8617.197 
68,4561.099 
69,6582.519 
70,130340.562 
71,492707.375 
72,6005.659 
73,8130.541 
74,130259.930 
75,6568.370 
76,489795.250 
77,8368.943 
78,7877.336 
79,11584.934 
80,4336.349 
81,662216.312 
82,126269.523 
83,305928.719 
84,7371.257 
85,9349.361 
86,305923.812 
87,113932.859 
88,14669.851 
89,10411.794 
90,301166.250 
91,13976.205 
92,298674.250 
93,10555.739 
94,10483.478 
95,10287.205 
96,9540.975 
97,402775.438 
98,12796.165 
99,14326.828 
100,120537.031 
101,111849.234 
102,436652.438 
103,102011.180 
104,365889.469 
105,16093.070 
106,14661.395 
107,105783.086 
108,16981.945 
109,198700.516 
110,10571.038 
111,93043.031 
112,380785.719 
113,269707.906 
114,12970.813 
115,34131.070 
116,27145.332 
117,104397.297 
118,94853.352 
119,114157.422 
120,191745.359 
121,15177.163 
122,16621.861 
123,112840.031 
124,5316.008 
125,202165.703 
126,353484.812 
127,84468.695 
128,44509.730 
129,51277.895 
130,113730.719 
131,35083.895 
132,85501.594 
133,385468.062 
134,237575.172 
135,303254.906 
136,13205.721 
137,11990.090 
138,41407.906 
139,311926.281 
140,227090.297 
141,111829.719 
142,17235.580 
143,16739.877 
144,78455.406 
145,11717.771 
146,77707.062 
147,15332.248 
148,534733.312 
149,221660.859 
150,179073.781 
151,15185.063 
152,232967.453 
153,63978.488 
154,12940.067 
155,26931.008 
156,237447.016 
157,204776.969 
158,204401.484 
159,19665.221 
160,30086.385 
161,24924.641 
162,7922.266 
163,246070.500 
164,247409.906 
165,17989.664 
166,29863.766 
167,237236.266 
168,252549.203 
169,22249.371 
170,38725.992 
171,146857.734 
172,15078.527 
173,82283.469 
174,183119.406 
175,25972.746 
176,38377.871 
177,192110.062 
178,14143.519 
179,57037.980 
180,8038.769 
181,137282.391 
182,88227.547 
183,118495.398 
184,22244.854 
185,148574.156 
186,46058.590 
187,23621.316 
188,36085.918 
189,12698.512 
190,11061.734 
191,27726.826 
192,35868.688 
193,9298.349 
194,80000.359 
195,17687.928 
196,31729.941 
197,28518.297 
198,8932.744 
199,13835.793 
200,60927.750 
201,66737.453 
202,61936.031 
203,10216.075 
204,13032.893 
205,11642.289 
206,19965.121 
207,17597.609 
208,19117.590 
209,9192.470 
210,45790.402 
211,73213.461 
212,18192.367 
213,10108.869 
214,28531.920 
215,29242.766 
216,13435.993 
217,10884.236 
218,9524.780 
219,37925.168 
220,5896.413 
221,21168.104 
222,158231.250 
223,78866.406 
224,72769.984 
225,8212.494 
226,47136.953 
227,15104.666 
228,484703.250 
229,58520.141 
230,40545.707 
231,13478.236 
232,19583.305 
233,28227.125 
234,21380.375 
235,23699.289 
236,4040.244 
237,16903.502 
238,90713.242 
239,17646.514 
240,126354.625 
241,13993.838 
242,124409.945 
243,36880.391 
244,109190.281 
245,21548.223 
246,10642.322 
247,5831.858 
248,16506.787 
249,119749.000 
250,169676.078 
251,2986.842 
252,10553.771 
253,71520.242 
254,191862.406 
255,32805.539 
256,20857.631 
257,40258.102 
258,10967.382 
259,5602.802 
260,14198.521 
261,38611.633 
262,7945.601 
263,52454.566 
264,44363.234 
265,12418.736 
266,25968.312 
267,24077.176 
268,10696.266 
269,13821.266 
270,44813.379 
271,11344.838 
272,84526.297 
273,17697.969 
274,21811.512 
275,172063.719 
276,79535.328 
277,11392.962 
278,131598.359 
279,21932.441 
280,31699.549 
281,37694.262 
282,150405.266 
283,197983.531 
284,35710.879 
285,25201.877 
286,112454.617 
287,24544.791 
288,6538.149 
289,117466.688 
290,35705.477 
291,154940.062 
292,148177.938 
293,13727.176 
294,38811.770 
295,64376.797 
296,38283.008 
297,6700.438 
298,6490.071 
299,149209.047 
300,33576.918 
301,8595.944 
302,88645.570 
303,9019.510 
304,43187.848 
305,37707.012 
306,6334.113 
307,91141.500 
308,182802.156 
309,22724.307 
310,39604.328 
311,74097.023 
312,40997.195 
313,40386.539 
314,19729.484 
315,118958.531 
316,119611.367 
317,33994.895 
318,26231.557 
319,65142.207 
320,18975.777 
321,25371.619 
322,23710.695 
323,5262.516 
324,21723.676 
325,11877.445 
326,33085.750 
327,182471.109 
328,48658.781 
329,43955.406 
330,207221.625 
331,6810.590 
332,4110.762 
333,34445.395 
334,76670.711 
335,5876.223 
336,5144.278 
337,3457.285 
338,63835.973 
339,26285.562 
340,74679.055 
341,60354.312 
342,113972.273 
343,21755.748 
344,57753.527 
345,24421.721 
346,21521.215 
347,7269.332 
348,20552.295 
349,3503.761 
350,7476.192 
351,116638.906 
352,72860.086 
353,111810.211 
354,11222.486 
355,53087.953 
356,34609.727 
357,13523.883 
358,80137.469 
359,42145.621 
360,37041.105 
361,6079.048 
362,3271.524 
363,6215.922 
364,11767.876 
365,7958.903 
366,3109.198 
367,1680.676 
368,4470.097 
369,4896.446 
370,59394.426 
371,13893.216 
372,80920.734 
373,5169.508 
374,74253.414 
375,13191.514 
376,5007.993 
377,19337.461 
378,6318.694 
379,116124.727 
380,42830.598 
381,5098.089 
382,57920.980 
383,52899.496 
384,18932.252 
385,8402.307 
386,9529.274 
387,15451.607 
388,4662.870 
389,96734.961 
390,10004.317 
391,56872.895 
392,2297.839 
393,18044.838 
394,3578.956 
395,22928.977 
396,13694.539 
397,184029.078 
398,34297.852 
399,50605.035 
400,5004.286 
401,31463.635 
402,64332.680 
403,71175.312 
404,5779.752 
405,9522.383 
406,19345.824 
407,13205.956 
408,5406.981 
409,98296.031 
410,24982.139 
411,53126.742 
412,102362.117 
413,23080.455 
414,3505.914 
415,41317.508 
416,10503.494 
417,36913.473 
418,65992.336 
419,10050.315 
420,167250.156 
421,38930.914 
422,6800.399 
423,12188.784 
424,25003.977 
425,32735.381 
426,55421.656 
427,11941.093 
428,2849.392 
429,2819.763 
430,27038.066 
431,49740.957 
432,14061.085 
433,46263.895 
434,6640.119 
435,25927.125 
436,9957.535 
437,3185.462 
438,118106.445 
439,5920.269 
440,21457.039 
441,110798.570 
442,162659.969 
443,6951.573 
444,3178.319 
445,11248.465 
446,160234.859 
447,2574.715 
448,18828.734 
449,6764.512 
450,54262.000 
451,6023.613 
452,13432.243 
453,5051.880 
454,46720.516 
455,46129.449 
456,17013.178 
457,9506.959 
458,162231.781 
459,33809.195 
460,3401.801 
461,6814.107 
462,5383.995 
463,19379.895 
464,21207.695 
465,6135.989 
466,20813.939 
467,31174.404 
468,36807.957 
469,12396.174 
470,52244.609 
471,53151.656 
472,110073.812 
473,105133.398 
474,50688.039 
475,5566.556 
476,9841.926 
477,1871.138 
478,5625.294 
479,3073.362 
480,5505.773 
481,3691.110 
482,5761.076 
483,55942.918 
484,3153.877 
485,294808.375 
486,21019.230 
487,54848.402 
488,152888.641 
489,8275.762 
490,24442.650 
491,16968.811 
492,13519.067 
493,171416.344 
494,13817.765 
495,5279.521 
496,10418.604 
497,3572.880 
498,3497.687 
499,3711.140 
500,14542.651 
501,22404.588 
502,3183.375 
503,19169.043 
504,20564.250 
505,20718.566 
506,2104.160 
507,12586.994 
508,4570.855 
509,23084.199 
510,2412.802 
511,5143.925 
512,3555.483 
513,38429.941 
514,57971.582 
515,146978.406 
516,5446.856 
517,3506.367 
518,3926.188 
519,133647.547 
520,13290.984 
521,1970.813 
522,3455.303 
523,3233.719 
524,19274.703 
525,2362.321 
526,58220.969 
527,5282.538 
528,4837.231 
529,149767.703 
530,33759.168 
531,2824.910 
532,37837.004 
533,2296.519 
534,142967.203 
535,30283.736 
536,59037.270 
537,65606.930 
538,4350.367 
539,6628.949 
540,54152.430 
541,47804.383 
542,153761.453 
543,38490.504 
544,3322.321 
545,4609.138 
546,6977.478 
547,11940.607 
548,9643.934 
549,5328.263 
550,36613.266 
551,48573.141 
552,7820.944 
553,150138.109 
554,6048.503 
555,1995.337 
556,4485.443 
557,2647.638 
558,23806.945 
559,5131.268 
560,152424.422 
561,38178.102 
562,150393.188 
563,8000.917 
564,16621.193 
565,3064.618 
566,129922.344 
567,13841.389 
568,27928.428 
569,23364.652 
570,28340.521 
571,3399.084 
572,9389.676 
573,4900.730 
574,5458.472 
575,2167.306 
576,17569.189 
577,99596.133 
578,3571.926 
579,19617.469 
580,23905.211 
581,8893.964 
582,37454.520 
583,17476.174 
584,3830.774 
585,2191.469 
586,2869.226 
587,3778.499 
588,2912.314 
589,160509.953 
590,22234.582 
591,7018.651 
592,18483.414 
593,3522.416 
594,19719.936 
595,84534.570 
596,51899.727 
597,183868.859 
598,4925.451 
599,1948.338 
600,5511.170 
611,4237.336 
612,4923.021 
613,3918.554 
614,3044.149 
615,2388.076 
616,2221.813 
617,1339.106 
618,1668.529 
619,1901.638 
620,617.677 
621,833.053 
622,1053.175 
623,1431.495 
624,1131.025 
625,1489.811 
626,627.549 
627,1472.426 
628,1645.394 
629,852.403 
630,1564.529 
631,1259.164 
632,1380.726 
633,551.709 
634,1540.285 
635,781.720 
636,812.004 
637,1103.510 
638,792.087 
639,1289.911 
640,1330.573 
641,996.792 
642,557.282 
643,598.554 
644,15979.876 
645,115111.680 
646,16730.291 
647,2788.808 
648,3048.743 
649,1676.270 
650,3193.560 
651,7270.673 
652,7705.960 
653,11030.842 
654,12850.781 
655,5262.051 
656,18524.662 
657,17551.580 
658,5500.385 
659,4774.196 
660,1225.462 
661,2858.851 
662,2023.486 
663,3113.869 
664,1714.068 
665,1119.488 
666,5150.404 
667,4475.733 
668,24825.586 
669,16093.701 
670,22023.717 
671,4264.181 
672,30919.855 
673,1770.091 
674,47043.895 
675,15180.622 
676,1622.387 
677,38316.379 
678,5114.814 
679,25430.967 
680,51203.629 
681,43889.145 
682,2979.941 
683,39363.828 
684,1589.931 
685,26164.455 
686,2372.797 
687,1027.000 
688,1132.939 
689,5390.518 
690,2973.634 
691,17969.357 
692,3313.896 
693,1862.011 
694,1812.150 
695,16960.061 
696,2960.087 
697,3459.592 
698,30301.754 
699,45954.352 
700,1177.642 
701,2769.842 
702,2994.786 
703,3677.736 
704,22617.219 
705,2283.144 
706,2871.441 
707,1686.897 
708,1811.885 
709,3002.001 
710,13800.544 
711,12970.652 
712,13271.916 
713,1329.413 
714,2859.956 
715,1770.063 
716,1868.341 
717,1771.815 
718,92462.156 
719,128354.023 
720,24380.600 
721,13990.923 
722,2613.855 
723,17927.867 
724,1733.507 
725,12336.334 
726,130041.047 
727,4945.965 
728,322112.875 
729,13363.620 
730,5846.044 
731,12707.143 
732,11667.706 
733,50011.008 
734,4109.272 
735,17158.768 
736,23124.008 
737,3272.197 
738,4387.946 
739,24131.668 
740,307584.594 
741,12910.047 
742,291490.219 
743,37015.043 
744,18732.344 
745,21173.477 
746,9595.700 
747,44081.871 
748,17783.961 
749,36172.723 
750,281461.000 
751,10498.456 
752,41378.258 
753,14464.383 
754,22028.744 
755,14039.444 
756,3205.308 
757,7164.801 
758,3549.447 
759,379777.906 
760,27091.484 
761,15187.738 
762,6340.100 
763,6011.743 
764,3723.364 
765,12381.382 
766,279868.625 
767,24705.994 
768,4575.259 
769,6018.366 
770,21756.311 
771,123111.914 
772,24078.199 
773,66654.852 
774,5515.293 
775,7742.663 
776,4443.739 
777,337751.188 
778,38146.328 
779,119701.758 
780,116024.969 
781,14619.703 
782,10020.103 
783,7621.368 
784,53291.547 
785,8208.522 
786,14234.718 
787,12949.230 
788,11340.467 
789,42372.082 
790,146782.109 
791,190956.594 
792,7090.975 
793,108920.625 
794,7672.979 
795,100538.211 
796,263840.125 
797,17379.012 
798,10594.894 
799,9971.109 
10,148890.703 
11,141402.484 
12,138826.656 
13,95364.250 
14,49537.922 
15,133939.406 
16,96406.234 
17,108164.359 
18,127644.883 
19,143513.297 
20,60595.797 
21,48617.922 
22,11161.122 
23,12602.901 
24,46904.672 
25,45418.602 
26,44111.898 
27,8767.984 
28,134361.500 
29,122908.383 
30,44820.109 
31,53261.484 
32,125057.297 
33,86381.992 
34,11041.345 
35,96382.578 
36,9974.208 
37,172404.562 
38,125331.977 
39,9968.834 
40,90755.375 
41,200105.531 
42,117163.914 
43,52229.113 
44,129644.102 
45,9128.793 
46,112558.422 
47,11892.417 
48,11134.064 
49,16800.344 
50,47002.461 
51,8727.461 
52,11377.356 
53,172519.953 
54,10436.996 
55,9810.141 
56,86877.625 
57,11293.146 
58,9032.290 
59,11840.930 
60,39803.969 
61,8371.324 
62,12831.034 
63,7163.903 
64,9523.596 
65,38465.113 
66,81407.031 
67,12055.659 
68,22685.088 
69,15370.160 
70,169216.562 
71,542985.438 
72,14685.173 
73,27838.438 
74,80714.953 
75,429998.094 
76,89489.023 
77,435992.312 
78,24124.377 
79,11824.096 
80,46853.633 
81,87113.523 
82,450304.281 
83,17856.723 
84,61419.598 
85,14998.660 
86,44259.586 
87,50898.707 
88,43756.820 
89,11426.637 
90,81952.531 
91,82652.000 
92,18362.879 
93,80599.641 
94,80084.375 
95,43235.887 
96,49805.590 
97,75369.961 
98,48155.086 
99,13419.305 
100,9135.946 
101,14063.166 
102,109045.047 
103,46260.516 
104,22282.568 
105,30527.656 
106,77236.023 
107,72138.383 
108,11264.857 
109,14562.223 
110,78727.289 
111,158785.391 
112,45476.633 
113,18328.281 
114,82244.250 
115,47138.969 
116,103267.727 
117,442291.312 
118,19129.414 
119,84549.125 
120,21889.238 
121,15738.034 
122,436396.281 
123,14814.025 
124,15308.854 
125,11795.581 
126,9752.557 
127,90889.078 
128,129907.734 
129,104352.781 
130,22106.172 
131,135683.922 
132,91839.328 
133,479159.469 
134,44560.254 
135,518729.531 
136,479567.250 
137,42527.379 
138,48326.289 
139,76277.594 
140,19583.270 
141,25943.094 
142,75109.977 
143,89278.836 
144,31906.084 
145,70346.328 
146,407283.875 
147,48020.363 
148,28285.490 
149,397223.625 
150,455195.219 
151,107523.281 
152,85475.414 
153,31716.090 
154,28147.104 
155,77405.836 
156,87638.445 
157,143115.312 
158,14416.735 
159,22438.816 
160,16037.335 
161,62445.121 
162,86522.516 
163,16508.717 
164,44801.711 
165,17201.734 
166,78595.445 
167,36681.945 
168,133573.312 
169,37810.945 
170,70606.469 
171,26607.396 
172,45621.398 
173,9122.295 
174,41460.164 
175,74886.258 
176,21278.064 
177,17709.145 
178,41212.215 
179,30914.199 
180,132222.641 
181,101134.102 
182,19034.688 
183,100864.328 
184,21131.488 
185,23410.844 
186,26459.490 
187,13051.396 
188,23907.709 
189,78733.070 
190,41476.223 
191,36479.332 
192,40826.203 
193,27533.441 
194,23710.145 
195,37680.035 
196,47062.391 
197,15426.855 
198,23971.949 
199,44868.492 
200,51478.297 
201,16619.395 
202,126177.844 
203,42485.180 
204,57231.898 
205,41885.414 
206,44655.465 
207,17953.117 
208,70202.164 
209,26219.086 
210,14506.875 
211,89383.445 
212,225384.188 
213,20101.098 
214,23609.480 
215,46166.707 
216,12176.689 
217,12894.382 
218,160238.109 
219,26655.600 
220,58277.809 
221,12614.417 
222,14751.048 
223,202997.609 
224,70845.289 
225,145737.953 
226,17949.457 
227,202411.203 
228,10218.210 
229,18144.193 
230,42462.488 
231,20861.035 
232,45616.539 
233,35954.668 
234,41324.098 
235,32384.688 
236,22584.914 
237,71306.867 
238,22116.324 
239,477422.719 
240,90136.094 
241,257649.312 
242,12649.637 
243,15168.756 
244,47619.336 
245,16755.828 
246,38888.766 
247,258152.297 
248,16167.883 
249,37532.641 
250,92218.883 
251,63843.961 
252,15659.789 
253,154379.078 
254,46727.789 
255,40025.996 
256,21967.641 
257,200263.969 
258,19181.490 
259,110379.375 
260,15014.367 
261,158384.344 
262,271781.812 
263,18071.828 
264,48624.633 
265,23181.822 
266,19471.578 
267,163936.719 
268,13314.260 
269,61942.410 
270,40911.430 
271,103221.422 
272,19981.785 
273,11839.885 
274,259623.062 
275,212585.250 
276,358116.844 
277,122408.734 
278,76067.594 
279,24323.990 
280,236992.672 
281,342028.344 
282,39507.422 
283,51451.125 
284,200829.688 
285,14032.480 
286,27690.473 
287,83484.875 
288,80481.828 
289,14813.760 
290,37132.449 
291,419283.812 
292,33005.211 
293,19380.666 
294,302237.656 
295,43215.320 
296,64961.914 
297,23866.096 
298,254775.531 
299,32884.828 
300,90711.102 
301,33056.734 
302,146686.891 
303,23605.693 
304,15260.424 
305,333144.562 
306,22412.221 
307,317370.062 
308,192349.203 
309,72961.203 
310,32912.867 
311,291526.906 
312,160638.703 
313,22229.678 
314,207632.484 
315,25969.625 
316,13297.877 
317,22224.371 
318,40453.621 
319,75464.719 
320,31405.383 
321,57402.070 
322,28036.207 
323,21019.359 
324,15904.797 
325,148858.156 
326,22263.248 
327,173803.719 
328,39426.727 
329,57366.105 
330,13775.516 
331,328015.969 
332,23159.201 
333,52465.641 
334,35873.094 
335,62161.340 
336,145562.375 
337,76252.125 
338,87301.719 
339,32685.211 
340,147112.656 
341,62892.285 
342,15466.520 
343,30922.752 
344,16029.172 
345,21334.717 
346,57782.836 
347,19430.938 
348,65830.648 
349,155153.984 
350,28934.807 
351,24992.611 
352,129846.203 
353,71728.391 
354,50119.148 
355,67975.391 
356,23702.328 
357,48895.098 
358,21862.453 
359,20069.242 
360,17118.502 
361,15408.409 
362,24841.578 
363,25216.416 
364,26256.652 
365,42445.762 
366,155672.062 
367,19302.984 
368,71110.516 
369,23999.051 
370,18197.238 
371,305441.688 
372,39161.504 
373,33190.109 
374,24898.287 
375,139568.562 
376,92198.078 
377,145308.859 
378,40744.707 
379,15933.211 
380,494247.156 
381,105038.398 
382,22480.795 
383,101241.781 
384,15347.115 
385,119201.648 
386,83604.453 
387,27179.609 
388,16940.762 
389,27501.207 
390,33923.266 
391,25886.164 
392,185239.281 
393,271143.844 
394,15010.342 
395,121886.367 
396,23374.199 
397,92341.039 
398,20263.250 
399,31399.191 
400,66330.844 
401,48687.363 
402,19568.752 
403,89868.633 
404,129453.227 
405,138544.828 
406,27085.834 
407,16343.775 
408,15852.386 
409,23316.838 
410,43423.711 
411,16263.879 
412,9977.277 
413,19570.484 
414,114065.617 
415,290732.781 
416,33794.836 
417,11617.699 
418,19237.666 
419,12161.397 
420,32779.797 
421,71205.219 
422,12666.293 
423,174194.828 
424,19524.111 
425,199492.297 
426,13371.143 
427,76893.766 
428,40221.578 
429,121112.586 
430,18403.842 
431,55579.871 
432,25573.330 
433,68093.586 
434,39545.688 
435,109601.977 
436,28864.045 
437,131513.625 
438,127954.844 
439,27857.895 
440,42391.008 
441,80960.352 
442,41325.883 
443,62970.074 
444,24716.479 
445,119365.594 
446,33952.809 
447,50500.594 
448,17685.928 
449,29255.521 
450,14538.594 
451,22593.688 
452,38139.738 
453,33876.965 
454,15441.395 
455,172513.281 
456,46117.602 
457,57854.559 
458,28886.641 
459,18279.898 
460,36380.012 
461,31187.209 
462,83551.812 
463,10901.172 
464,34182.516 
465,120793.539 
466,18852.473 
467,19387.893 
468,288198.500 
469,33144.180 
470,42003.469 
471,14928.783 
472,31106.873 
473,95357.688 
474,8347.164 
475,137686.047 
476,24116.975 
477,30380.543 
478,30771.168 
479,39257.918 
480,71155.719 
481,18671.924 
482,231250.594 
483,26758.195 
484,35026.059 
485,152878.625 
486,212149.438 
487,73914.297 
488,268990.438 
489,36259.543 
490,53694.266 
491,18810.363 
492,16936.193 
493,47219.312 
494,72269.672 
495,127670.820 
496,124795.297 
497,407929.312 
498,14684.520 
499,37162.680 
500,71677.680 
501,28771.824 
502,23196.875 
503,70788.953 
504,16215.589 
505,200236.031 
506,264963.781 
507,227260.000 
508,224447.531 
509,208370.875 
510,12252.314 
511,20122.756 
512,23783.602 
513,23619.852 
514,127868.938 
515,144352.047 
516,32341.643 
517,101436.109 
518,10392.449 
519,24125.568 
520,51082.680 
521,18508.115 
522,32254.643 
523,13042.952 
524,253796.109 
525,148308.203 
526,25113.803 
527,33026.926 
528,33725.145 
529,19583.562 
530,49018.746 
531,269175.844 
532,18610.480 
533,37402.457 
534,42792.066 
535,16220.229 
536,14972.111 
537,26609.143 
538,92282.992 
539,34963.012 
540,80389.281 
541,131171.859 
542,27674.852 
543,37817.508 
544,58498.637 
545,189392.453 
546,40293.180 
547,13245.384 
548,42178.629 
549,140807.016 
550,101526.531 
551,260714.156 
552,17314.480 
553,83897.891 
554,52274.918 
555,20475.393 
556,154035.609 
557,70959.141 
558,207852.438 
559,18876.141 
560,542760.812 
561,93082.453 
562,39303.762 
563,61347.043 
564,28040.414 
565,175065.062 
566,44091.516 
567,35706.289 
568,123059.352 
569,98464.477 
570,20656.137 
571,24160.480 
572,6131.577 
573,28980.396 
574,24747.320 
575,36130.652 
576,92372.555 
577,45237.578 
578,96856.383 
579,341917.281 
580,44713.758 
581,29666.168 
582,146150.703 
583,30622.277 
584,19812.590 
585,24378.742 
586,45251.008 
587,171041.562 
588,29023.730 
589,11856.342 
590,23168.553 
591,496339.344 
592,27923.234 
593,43599.754 
594,39431.262 
595,291269.000 
596,23880.740 
597,21744.814 
598,12093.121 
599,50010.535 
600,72095.867 
611,502451.781 
612,474278.688 
613,442982.562 
614,71410.133 
615,404141.188 
616,389558.906 
617,333482.281 
618,328451.438 
619,58629.211 
620,345287.031 
621,306943.469 
622,287565.250 
623,313278.281 
624,52498.648 
625,55551.133 
626,269255.469 
627,281854.688 
628,259713.859 
629,54356.207 
630,28983.863 
631,49643.227 
632,286642.625 
633,31198.238 
634,56238.156 
635,24776.039 
636,138667.547 
637,41536.461 
638,433774.125 
639,129156.242 
640,153907.172 
641,156853.516 
642,58949.230 
643,275200.438 
644,42081.820 
645,441093.812 
646,286230.094 
647,116344.805 
648,196573.969 
649,239512.594 
650,364139.281 
651,196912.125 
652,144484.172 
653,130407.773 
654,137685.938 
655,111877.414 
656,146611.219 
657,181744.969 
658,47808.410 
659,84518.609 
660,240874.422 
661,68796.906 
662,62270.512 
663,194935.859 
664,93934.938 
665,159250.781 
666,100652.172 
667,167781.531 
668,54519.859 
669,278744.562 
670,285861.750 
671,181923.312 
672,98179.648 
673,181577.344 
674,104042.461 
675,340258.312 
676,35871.188 
677,186154.875 
678,86486.562 
679,57750.938 
680,127471.734 
681,155982.656 
682,110866.133 
683,176116.844 
684,184480.344 
685,204929.156 
686,51121.875 
687,88661.141 
688,234988.484 
689,32140.068 
690,66473.578 
691,62251.223 
692,63656.176 
693,39518.824 
694,156632.703 
695,283970.656 
696,62069.156 
697,81583.305 
698,117093.117 
699,102701.125 
700,86625.492 
701,270862.094 
702,256078.062 
703,205901.203 
704,45770.590 
705,80508.391 
706,85816.625 
707,369786.562 
708,84078.500 
709,76014.844 
710,71577.930 
711,24384.223 
712,79364.727 
713,48718.164 
714,37553.164 
715,54905.598 
716,221944.672 
717,48246.609 
718,213310.172 
719,54067.598 
720,34702.516 
721,85323.102 
722,93717.688 
723,57012.375 
724,101322.281 
725,32810.230 
726,88131.875 
727,67919.391 
728,24254.328 
729,96849.031 
730,189401.312 
731,135041.000 
732,86386.977 
733,76003.672 
734,74651.180 
735,189134.469 
736,200158.750 
737,45134.957 
738,109598.445 
739,34610.617 
740,59418.727 
741,168740.594 
742,18642.656 
743,122953.930 
744,40307.738 
745,61419.789 
746,196158.406 
747,39352.539 
748,36322.723 
749,192175.141 
750,110507.898 
751,32278.584 
752,31604.949 
753,17886.980 
754,28790.670 
755,53122.453 
756,14713.155 
757,77003.211 
758,92570.094 
759,65956.391 
760,29358.352 
761,37825.059 
762,32904.066 
763,18394.689 
764,81345.266 
765,46605.922 
766,114300.281 
767,31247.049 
768,44145.070 
769,19414.836 
770,184797.281 
771,75814.133 
772,35113.809 
773,76663.227 
774,110746.203 
775,41392.488 
776,59311.344 
777,32349.236 
778,98282.758 
779,109983.164 
780,38686.250 
781,25057.584 
782,23503.697 
783,34706.211 
784,55330.352 
785,61118.531 
786,42362.867 
787,51823.379 
788,162937.438 
789,37812.098 
790,30911.334 
791,66006.898 
792,36714.680 
793,27141.828 
794,19962.113 
795,17598.922 
796,42637.645 
797,131643.344 
798,88680.625 
799,27413.938 
6,21870896.000 
7,21697264.000 
8,5594472.500 
9,16300778.000 
10,18615310.000 
11,24225562.000 
12,17839416.000 
13,20775842.000 
14,17549150.000 
15,5958329.000 
16,5650109.500 
17,21978564.000 
18,15957854.000 
19,8532462.000 
20,8996470.000 
21,7794909.000 
22,827019.812 
23,11224534.000 
24,14740960.000 
25,14586802.000 
26,14747462.000 
27,6931569.000 
28,5643501.500 
29,15545218.000 
30,3502865.750 
31,12291541.000 
32,23324026.000 
33,12892202.000 
34,14060950.000 
35,20144926.000 
36,6205708.500 
37,15094108.000 
38,20395528.000 
39,12143490.000 
40,13195973.000 
41,14294994.000 
42,3212361.750 
43,9934418.000 
44,9452976.000 
45,12627878.000 
46,11169874.000 
47,5557036.500 
48,13641785.000 
49,26041908.000 
50,9054419.000 
51,15194653.000 
52,2303781.250 
53,1490621.625 
54,19317968.000 
55,5089779.000 
56,2847798.250 
57,10826909.000 
58,14077077.000 
59,11182873.000 
60,12181013.000 
61,8258917.000 
62,9416155.000 
63,14619476.000 
64,10638012.000 
65,27206624.000 
66,4003755.000 
67,13039971.000 
68,3164482.500 
69,5782676.500 
70,2037640.500 
71,7118239.000 
72,5641496.000 
73,3323497.000 
74,7646822.000 
75,11144085.000 
76,26105812.000 
77,11388879.000 
78,17850762.000 
79,3499178.500 
80,8430992.000 
81,4635163.000 
82,2868509.750 
83,1688463.875 
84,11790900.000 
85,19812566.000 
86,18368354.000 
87,4551046.500 
88,8027326.500 
89,23858970.000 
90,8427395.000 
91,5656549.000 
92,794244.250 
93,9404830.000 
94,16877304.000 
95,7978069.500 
96,17422228.000 
97,4766601.000 
98,7531699.000 
99,17848530.000 
100,6280568.500 
101,1381615.000 
102,5506019.500 
103,5701522.000 
104,5605314.500 
105,4756552.500 
106,24674336.000 
107,5388897.500 
108,6364833.500 
109,11903057.000 
110,5591140.500 
111,960186.688 
112,20971310.000 
113,8377895.500 
114,10681787.000 
115,11165563.000 
116,8501781.000 
117,16928170.000 
118,19919832.000 
119,3331032.250 
120,2509600.250 
121,1119511.500 
122,4646970.000 
123,2450351.000 
124,9223151.000 
125,9271753.000 
126,3271445.000 
127,7547086.000 
128,20232672.000 
129,11772632.000 
130,3712740.500 
131,32077732.000 
132,2427442.750 
133,7577786.500 
134,7872844.500 
135,8593042.000 
136,12530354.000 
137,6460718.000 
138,18951476.000 
139,9791726.000 
140,19006152.000 
141,7062969.000 
142,12796458.000 
143,13258505.000 
144,7294126.500 
145,12721894.000 
146,2933499.750 
147,6146268.500 
148,3131235.750 
149,1325498.000 
150,4001988.000 
151,561163.750 
152,16294230.000 
153,8494333.000 
154,1062377.000 
155,9540367.000 
156,1521664.375 
157,9489742.000 
158,20949884.000 
159,3252025.250 
160,15558866.000 
161,2895385.000 
162,5035748.500 
163,3136532.500 
164,3966733.500 
165,16432811.000 
166,4582376.000 
167,8805460.000 
168,720374.125 
169,16895420.000 
170,3721071.250 
171,8545697.000 
172,18006568.000 
173,13185217.000 
174,8183013.000 
175,11372706.000 
176,10375389.000 
177,10835107.000 
178,325402.219 
179,1588440.250 
180,10475500.000 
181,10123181.000 
182,12900609.000 
183,692614.375 
184,17104090.000 
185,12912715.000 
186,15190060.000 
187,7184612.000 
188,14680938.000 
189,17645912.000 
190,3877570.000 
191,11463611.000 
192,7824502.000 
193,4350320.000 
194,8916831.000 
195,15611039.000 
196,10428429.000 
197,6842099.000 
198,10824090.000 
199,12015913.000 
200,11179627.000 
201,7884515.000 
202,10815779.000 
203,8401763.000 
204,5519414.000 
205,8934462.000 
206,1255660.375 
207,10197839.000 
208,6518565.500 
209,20362184.000 
210,17856134.000 
211,1498137.375 
212,4795703.000 
213,7644888.500 
214,2000008.000 
215,19767264.000 
216,12630672.000 
217,11096230.000 
218,9696181.000 
219,8316041.000 
220,19674808.000 
221,14020900.000 
222,8992735.000 
223,3864120.500 
224,9634098.000 
225,6726848.000 
226,12849148.000 
227,3977914.750 
228,4125671.500 
229,19336450.000 
230,15553951.000 
231,1733682.875 
232,5096797.000 
233,13937794.000 
234,680489.875 
235,1465506.250 
236,1880989.750 
237,2915265.500 
238,22254672.000 
239,7539839.000 
240,9548077.000 
241,1406954.125 
242,16079856.000 
243,2043317.250 
244,6399441.000 
245,1180499.875 
246,10753305.000 
247,1128852.250 
248,9437664.000 
249,1166058.125 
250,1220471.875 
251,6516888.500 
252,937370.875 
253,9383533.000 
254,6629304.000 
255,12608295.000 
256,2296309.500 
257,2461226.250 
258,8040470.500 
259,422784.719 
260,858868.312 
261,4569414.000 
262,300613.969 
263,4102797.000 
264,1531862.375 
265,4788432.500 
266,24773000.000 
267,6301074.000 
268,16215848.000 
269,4163899.000 
270,17673904.000 
271,10633477.000 
272,11071838.000 
273,3859202.500 
274,12541492.000 
275,6586453.000 
276,12464074.000 
277,5732860.000 
278,8166135.500 
279,5003495.000 
280,11451626.000 
281,582016.938 
282,8613123.000 
283,11975891.000 
284,14534540.000 
285,9846198.000 
286,1095054.000 
287,3674908.000 
288,6995243.000 
289,3808912.500 
290,23570322.000 
291,6025150.500 
292,5364905.000 
293,6250243.000 
294,2261904.500 
295,4928043.000 
296,14354284.000 
297,14419662.000 
298,2632392.500 
299,3503529.250 
300,13530841.000 
301,5210517.000 
302,956652.812 
303,846602.188 
304,8408296.000 
305,9834096.000 
306,3280018.000 
307,4123345.500 
308,13765213.000 
309,876466.250 
310,13097509.000 
311,8613707.000 
312,9424325.000 
313,930120.062 
314,5853058.000 
315,11027044.000 
316,10311939.000 
317,8144149.500 
318,10117403.000 
319,6913320.000 
320,9859575.000 
321,17543354.000 
322,5780105.000 
323,15615042.000 
324,865192.688 
325,8974477.000 
326,9837267.000 
327,14096040.000 
328,13087190.000 
329,3832114.000 
330,858470.125 
331,15195410.000 
332,8305270.000 
333,1539718.750 
334,1508954.125 
335,7156872.000 
336,8710405.000 
337,15792435.000 
338,20487096.000 
339,14926367.000 
340,18102592.000 
341,1136304.750 
342,16537325.000 
343,7980705.500 
344,10583659.000 
345,14183705.000 
346,17506006.000 
347,2460210.250 
348,3297479.250 
349,2471084.500 
350,677067.062 
351,6147166.500 
352,6457222.000 
353,9381257.000 
354,837626.500 
355,17988930.000 
356,25678468.000 
357,8257009.000 
358,8630051.000 
359,12968171.000 
360,12155979.000 
361,5826375.500 
362,3101604.500 
363,826995.250 
364,507551.594 
365,4016305.000 
366,1969955.875 
367,4750290.500 
368,13416531.000 
369,6608181.000 
370,18139442.000 
371,821936.562 
372,12564800.000 
373,3027558.500 
374,7152142.000 
375,17074926.000 
376,20091380.000 
377,11570570.000 
378,3524111.500 
379,1732072.500 
380,9863479.000 
381,2250496.250 
382,21821372.000 
383,10507554.000 
384,12806873.000 
385,10531293.000 
386,2259497.500 
387,10620029.000 
388,4937884.500 
389,4698046.000 
390,15566736.000 
391,14049659.000 
392,20202540.000 
393,10749931.000 
394,5091023.500 
395,9451338.000 
396,9480233.000 
397,7778645.500 
398,6612952.000 
399,6330340.500 
400,35987488.000 
401,4687987.000 
402,15642436.000 
403,12775943.000 
404,8063261.500 
405,3813004.500 
406,12298350.000 
407,17959628.000 
408,2309566.250 
409,15264051.000 
410,3513612.000 
411,412279.438 
412,810099.875 
413,5181527.000 
414,2441502.000 
415,24865368.000 
416,6163396.000 
417,6641465.500 
418,4047204.500 
419,13246785.000 
420,10964294.000 
421,3508509.500 
422,7552253.500 
423,4051962.000 
424,12939137.000 
425,10528042.000 
426,5084890.000 
427,16252194.000 
428,10982430.000 
429,15588138.000 
430,9067108.000 
431,2535395.000 
432,9325417.000 
433,6734263.500 
434,15905060.000 
435,6561136.000 
436,6815177.500 
437,4583235.500 
438,19166646.000 
439,6529184.000 
440,10893044.000 
441,18323080.000 
442,17898026.000 
443,1841767.750 
444,11810815.000 
445,8991229.000 
446,20442962.000 
447,30212484.000 
448,15907100.000 
449,18236424.000 
450,4319724.000 
451,14034479.000 
452,9133635.000 
453,6523590.000 
454,12815968.000 
455,8665470.000 
456,9044337.000 
457,6743777.500 
458,8042986.000 
459,8098735.500 
460,5566723.000 
461,18796616.000 
462,5295947.500 
463,4330993.000 
464,17699454.000 
465,4159222.500 
466,4071798.000 
467,1772683.375 
468,8066144.500 
469,6871496.000 
470,10803822.000 
471,6781434.000 
472,7844797.500 
473,4472015.000 
474,15536373.000 
475,17439624.000 
476,3280725.000 
477,3809491.750 
478,9745730.000 
479,1132842.125 
480,8665212.000 
481,1442161.625 
482,6317857.000 
483,13648854.000 
484,9088350.000 
485,1722238.375 
486,1222422.250 
487,6780674.000 
488,15822340.000 
489,347371.656 
490,19606836.000 
491,5815303.000 
492,3024230.250 
493,13861125.000 
494,7420203.500 
495,8642444.000 
496,4981062.500 
497,2677218.500 
498,9951174.000 
499,2285446.500 
500,23659668.000 
501,14026764.000 
502,13593215.000 
503,18039696.000 
504,10290101.000 
505,6396657.000 
506,22555778.000 
507,10338684.000 
508,2588943.750 
509,8312274.000 
510,5652016.000 
511,2651072.750 
512,7499115.000 
513,3254379.750 
514,2648725.000 
515,7388604.500 
516,6773150.000 
517,22176812.000 
518,21632200.000 
519,1969203.375 
520,4288414.000 
521,10959167.000 
522,2026120.500 
523,11734682.000 
524,9076610.000 
525,9741180.000 
526,7023161.500 
527,11732819.000 
528,4010691.500 
529,9849369.000 
530,8720499.000 
531,14337286.000 
532,12934490.000 
533,6011798.000 
534,11986207.000 
535,5271071.000 
536,5665891.500 
537,7811020.000 
538,671629.562 
539,4523604.000 
540,6048542.000 
541,6720101.000 
542,11032069.000 
543,17783136.000 
544,1268125.000 
545,13745412.000 
546,12467011.000 
547,6647563.500 
548,4501911.000 
549,5591209.500 
550,9626795.000 
551,12808572.000 
552,6539903.000 
553,17417582.000 
554,10527534.000 
555,9013382.000 
556,20090164.000 
557,5728098.500 
558,2530200.000 
559,5525735.000 
560,264676.062 
561,1312783.000 
562,2264769.250 
563,7042882.500 
564,2462551.000 
565,20618572.000 
566,12093716.000 
567,11489701.000 
568,6303249.000 
569,19084304.000 
570,8352292.500 
571,8072125.500 
572,13630133.000 
573,7693613.000 
574,2446746.250 
575,9364858.000 
576,6818462.500 
577,5696600.000 
578,5240270.000 
579,1009053.688 
580,17642382.000 
581,11386936.000 
582,4474453.000 
583,10613213.000 
584,2089806.250 
585,585638.938 
586,16183417.000 
587,8325350.000 
588,8794860.000 
589,5219510.000 
590,9863714.000 
591,8756711.000 
592,16519676.000 
593,5601747.000 
594,21528834.000 
595,9550277.000 
596,8864628.000 
597,11074978.000 
598,2468871.750 
599,7214553.500 
600,17457438.000 
607,2418979.750 
608,1802464.250 
609,1320715.500 
610,1012934.750 
611,919957.312 
612,2648542.750 
613,778593.625 
614,1380361.500 
615,2897786.500 
616,1474306.500 
617,1901814.500 
618,946500.750 
619,670097.750 
620,287182.000 
621,2038994.750 
622,7065537.000 
623,2405247.250 
624,2490068.500 
625,2795235.500 
626,8812490.000 
627,7177746.000 
628,555663.062 
629,6338088.000 
630,7339315.000 
631,12934388.000 
632,1812051.250 
633,12105130.000 
634,1303085.000 
635,11166495.000 
636,5633581.500 
637,2760072.000 
638,1016962.562 
639,926217.125 
640,1240510.375 
641,5919026.000 
642,10417016.000 
643,5627216.000 
644,14143225.000 
645,864484.562 
646,916247.188 
647,1208376.375 
648,668837.750 
649,748882.625 
650,2652581.000 
651,3837035.000 
652,975038.000 
653,5576645.000 
654,1805117.500 
655,5285056.000 
656,4445737.000 
657,3805767.000 
658,9094072.000 
659,9935186.000 
660,9124461.000 
661,6802541.500 
662,2337059.250 
663,1433415.750 
664,7198900.500 
665,12437796.000 
666,830845.750 
667,10414422.000 
668,13261762.000 
669,5687585.000 
670,4326414.000 
671,13742322.000 
672,1709201.875 
673,15727580.000 
674,876741.562 
675,3795414.250 
676,3240372.250 
677,4623260.500 
678,6200739.500 
679,2395068.500 
680,4620693.000 
681,11167583.000 
682,4306991.000 
683,11045474.000 
684,8258776.000 
685,12676301.000 
686,778647.625 
687,946934.375 
688,14810023.000 
689,5894208.000 
690,5171559.000 
691,4191374.250 
692,11834668.000 
693,5331753.000 
694,5966423.500 
695,988503.500 
696,10865890.000 
697,4231337.000 
698,3179466.000 
699,6916896.000 
700,3601804.000 
701,9248110.000 
702,5073760.000 
703,4842216.500 
704,9639461.000 
705,7763117.500 
706,675679.750 
707,6733144.000 
708,8118134.000 
709,4667670.000 
710,5126309.000 
711,1908652.875 
712,3119937.000 
713,2875515.500 
714,8206157.000 
715,7983218.000 
716,2833311.250 
717,1167336.125 
718,9449460.000 
719,6788968.000 
720,1454133.875 
721,12510083.000 
722,6380947.000 
723,2308582.500 
724,12486918.000 
725,2243929.250 
726,13750446.000 
727,6524540.000 
728,3956631.000 
729,6894146.000 
730,16313211.000 
731,1731361.500 
732,16708695.000 
733,962384.125 
734,4335440.000 
735,9233064.000 
736,6920373.500 
737,9484984.000 
738,13444323.000 
739,9000770.000 
740,3808365.750 
741,9053080.000 
742,3925727.500 
743,3967648.250 
744,7868500.000 
745,4673520.500 
746,5373792.000 
747,1875478.875 
748,6913042.000 
749,561156.188 
750,735666.000 
751,13653288.000 
752,875035.438 
753,4512471.000 
754,593569.062 
755,4762203.500 
756,10050212.000 
757,1163778.250 
758,1631832.000 
759,10055805.000 
760,1412570.500 
761,7878032.500 
762,8430060.000 
763,20345404.000 
764,3323121.000 
765,882168.438 
766,428117.844 
767,22339010.000 
768,6621735.000 
769,3941186.250 
770,14325254.000 
771,1147645.250 
772,4223408.500 
773,1559598.500 
774,4935572.500 
775,1284287.250 
776,7394363.000 
777,5869003.500 
778,13049467.000 
779,3329177.250 
780,9143924.000 
781,3501474.250 
782,2049325.000 
783,4943280.500 
784,6560879.500 
785,5291635.000 
786,7085184.500 
787,3626421.500 
788,656489.312 
789,806725.438 
790,4893887.000 
791,16067820.000 
792,5137137.500 
793,16506029.000 
794,7963911.000 
795,3513814.750 
796,700063.500 
797,9590006.000 
798,18631660.000 
799,3075843.750 
6,359885.938 
7,1574855.375 
8,453486.344 
9,1428175.500 
10,1547184.500 
11,1715818.500 
12,785855.125 
13,535607.562 
14,1430031.000 
15,3255666.000 
16,1619398.125 
17,3097465.500 
18,2732853.000 
19,3792673.000 
20,3468219.000 
21,3814920.000 
22,3506864.250 
23,947922.000 
24,2345332.000 
25,296841.469 
26,605240.500 
27,1019845.812 
28,1794586.250 
29,2285771.000 
30,486529.219 
31,1182651.000 
32,1392918.500 
33,2226051.000 
34,571477.000 
35,1860461.500 
36,2984135.500 
37,1047427.250 
38,3220646.000 
39,2333422.500 
40,2529355.750 
41,1355504.750 
42,1414740.750 
43,1174083.750 
44,818034.500 
45,5040391.000 
46,1066502.750 
47,4387389.000 
48,543120.000 
49,274985.438 
50,1549063.750 
51,720781.188 
52,3111915.750 
53,1168615.875 
54,3434931.250 
55,1166611.500 
56,2785400.000 
57,3016291.500 
58,1174748.625 
59,804411.625 
60,2269297.500 
61,513648.375 
62,1506087.000 
63,1481658.500 
64,2928208.000 
65,520534.125 
66,737575.000 
67,2190019.250 
68,466580.250 
69,1084595.000 
70,1307131.250 
71,325910.656 
72,1336193.750 
73,1142103.875 
74,1011136.812 
75,1143056.000 
76,1672373.250 
77,1759056.375 
78,2694095.000 
79,1903184.250 
80,1257843.125 
81,253983.938 
82,1305314.375 
83,1153217.625 
84,844535.062 
85,884861.188 
86,2843759.500 
87,1905585.875 
88,1185696.875 
89,373520.625 
90,2238566.250 
91,1026137.312 
92,2376593.250 
93,2570903.000 
94,3483170.500 
95,3018241.500 
96,1281001.875 
97,2502117.500 
98,1874789.375 
99,2769771.500 
100,1223655.250 
101,3541224.750 
102,2092836.500 
103,1095961.125 
104,2296007.000 
105,620087.562 
106,1095474.500 
107,716720.188 
108,1982585.375 
109,3103246.000 
110,1575326.750 
111,1989085.125 
112,1459705.375 
113,1703776.625 
114,1413948.500 
115,2646992.500 
116,1965859.750 
117,475822.094 
118,258436.656 
119,836960.500 
120,1313926.250 
121,2167561.000 
122,675602.938 
123,737033.750 
124,790251.125 
125,1959402.500 
126,422837.000 
127,577461.875 
128,2682060.500 
129,1321980.000 
130,1854604.000 
131,949233.812 
132,1585979.250 
133,904794.562 
134,1911205.125 
135,2629305.500 
136,621310.062 
137,1458078.625 
138,1326959.750 
139,2356732.000 
140,1127664.500 
141,4810278.000 
142,1568658.875 
143,113888.789 
144,667585.000 
145,1460229.375 
146,194240.453 
147,1107923.000 
148,3909336.250 
149,1643046.250 
150,452620.594 
151,1820679.750 
152,684525.875 
153,1623127.250 
154,2804990.000 
155,1921217.875 
156,2218421.750 
157,1673939.000 
158,426683.781 
159,260135.812 
160,960653.500 
161,2274707.500 
162,912603.750 
163,372356.844 
164,2573415.500 
165,1554088.625 
166,697975.562 
167,1917528.000 
168,870510.188 
169,1760690.000 
170,751200.875 
171,469761.562 
172,925648.375 
173,1221597.875 
174,406003.594 
175,1851981.750 
176,1323437.375 
177,427585.312 
178,2988877.000 
179,160274.859 
180,3672347.250 
181,838695.875 
182,1369252.625 
183,3084487.000 
184,353521.844 
185,1276176.625 
186,1641848.250 
187,456591.125 
188,2622095.000 
189,1098290.875 
190,1098337.000 
191,482361.812 
192,727089.438 
193,1034083.812 
194,2928085.750 
195,828876.062 
196,135697.031 
197,789489.250 
198,1825196.000 
199,1869477.625 
200,1710960.250 
201,894950.062 
202,771810.562 
203,1766469.125 
204,1702354.250 
205,1943156.500 
206,1522400.000 
207,2526035.250 
208,385181.719 
209,503316.688 
210,799877.438 
211,2422304.500 
212,2695472.500 
213,357219.125 
214,557421.875 
215,244441.031 
216,1581178.250 
217,1738563.500 
218,419272.250 
219,3416136.250 
220,1712635.250 
221,592266.250 
222,960097.938 
223,1681074.000 
224,406398.062 
225,645886.812 
226,183555.844 
227,1837222.500 
228,925716.562 
229,266942.812 
230,663574.312 
231,327040.625 
232,2036906.750 
233,1226545.500 
234,478756.938 
235,758677.125 
236,1628977.750 
237,1020596.000 
238,1333903.750 
239,80108.266 
240,2668615.250 
241,2084536.000 
242,1766441.750 
243,2014401.000 
244,1901733.750 
245,837774.250 
246,523364.719 
247,1446981.375 
248,794143.562 
249,1627386.125 
250,1255423.250 
251,1187646.000 
252,181310.328 
253,1750699.250 
254,2115802.000 
255,1875977.250 
256,378539.531 
257,1151643.625 
258,1507479.375 
259,613151.688 
260,1062745.500 
261,471654.906 
262,1462354.500 
263,834532.438 
264,391284.562 
265,435760.375 
266,277678.844 
267,371999.781 
268,2645881.250 
269,724493.625 
270,494410.188 
271,1051091.250 
272,2227297.500 
273,1593523.250 
274,390301.375 
275,812018.875 
276,883686.750 
277,1201859.500 
278,1098550.375 
279,1514040.375 
280,1005634.125 
281,549570.188 
282,1229506.875 
283,451356.500 
284,1384747.375 
285,425235.000 
286,905963.000 
287,348394.688 
288,720434.625 
289,492791.812 
290,1554324.500 
291,1559058.250 
292,507935.406 
293,1491714.500 
294,948207.312 
295,427101.500 
296,171221.438 
297,3184595.250 
298,654768.938 
299,867437.250 
300,1362548.500 
301,2586849.500 
302,1317193.500 
303,229838.344 
304,1569331.750 
305,1093652.500 
306,819503.312 
307,898461.375 
308,1109126.000 
309,395101.562 
310,329859.469 
311,761382.562 
312,744272.312 
313,1560444.375 
314,224809.953 
315,919994.562 
316,928745.125 
317,1827528.500 
318,2110662.750 
319,778619.750 
320,1712228.000 
321,1699622.875 
322,2826551.000 
323,1795316.000 
324,710731.250 
325,3057014.500 
326,2121207.500 
327,1495023.625 
328,572790.750 
329,349483.625 
330,927251.375 
331,758471.375 
332,1563242.000 
333,1840806.500 
334,1525944.125 
335,1239273.750 
336,1971987.000 
337,843154.500 
338,59609.594 
339,2108099.500 
340,1392861.750 
341,1783993.625 
342,1561763.750 
343,698654.562 
344,606102.875 
345,1564815.375 
346,318117.062 
347,312050.406 
348,158383.312 
349,1343552.625 
350,674123.875 
351,1886923.375 
352,1372912.500 
353,1779212.375 
354,1232909.000 
355,1746369.375 
356,3476024.000 
357,661347.125 
358,1082343.250 
359,589268.438 
360,515274.781 
361,1705667.000 
362,283547.250 
363,224371.375 
364,3389801.500 
365,857066.625 
366,227635.188 
367,2501930.500 
368,545724.562 
369,328030.594 
370,158210.500 
371,2476956.500 
372,1239455.125 
373,545365.562 
374,753397.500 
375,1220140.250 
376,614427.188 
377,1210029.000 
378,187693.547 
379,1623594.875 
380,378946.312 
381,192422.688 
382,271092.812 
383,381963.938 
384,1948268.250 
385,2217513.750 
386,2355298.500 
387,2156126.500 
388,1281188.125 
389,2068361.375 
390,808326.062 
391,291403.062 
392,786230.562 
393,1263486.750 
394,406497.562 
395,2189286.500 
396,986056.750 
397,1689183.000 
398,1587053.250 
399,202231.375 
400,1125900.250 
401,247266.891 
402,1122527.250 
403,1209806.500 
404,424973.438 
405,845293.062 
406,1308499.750 
407,1381840.500 
408,1987017.375 
409,2654970.500 
410,2339801.000 
411,832768.562 
412,1742033.500 
413,1983250.500 
414,264447.000 
415,1104300.500 
416,1022673.812 
417,1611799.375 
418,1463706.500 
419,209645.375 
420,541363.250 
421,919397.875 
422,800651.000 
423,1209943.625 
424,3916148.000 
425,870658.250 
426,702391.062 
427,218695.719 
428,1348969.500 
429,106688.383 
430,453599.844 
431,993953.625 
432,2350186.000 
433,319553.344 
434,889575.438 
435,617198.375 
436,1049261.750 
437,1828057.500 
438,1559357.500 
439,428574.562 
440,552309.938 
441,211698.438 
442,1464661.250 
443,991358.188 
444,2274776.250 
445,583244.688 
446,1371607.250 
447,414577.344 
448,2071667.750 
449,1602485.125 
450,2204813.500 
451,452815.531 
452,348785.000 
453,865299.938 
454,893624.250 
455,2154856.000 
456,1494314.000 
457,555370.750 
458,949304.938 
459,225611.234 
460,1420077.750 
461,1059711.500 
462,299392.375 
463,3145678.500 
464,1174908.000 
465,510588.438 
466,1843413.750 
467,379522.719 
468,1532066.500 
469,189967.906 
470,2926066.250 
471,851126.375 
472,360441.875 
473,1885932.500 
474,460073.000 
475,1493100.375 
476,2536586.500 
477,945186.500 
478,919498.250 
479,746301.188 
480,94307.812 
481,1318226.875 
482,2197826.500 
483,761562.875 
484,410081.938 
485,577737.688 
486,1383007.250 
487,1149773.500 
488,2398450.000 
489,527578.438 
490,1998494.375 
491,278877.562 
492,1851902.500 
493,231634.047 
494,3030203.250 
495,1374363.625 
496,469303.312 
497,1075780.875 
498,1450313.750 
499,2864334.500 
500,274038.562 
501,385818.719 
502,1615442.250 
503,304089.188 
504,593252.625 
505,1293510.375 
506,503728.812 
507,1106118.750 
508,1427287.875 
509,523728.312 
510,1655723.000 
511,1153382.250 
512,1960203.750 
513,428902.281 
514,706842.000 
515,774792.250 
516,997577.562 
517,1206125.250 
518,1131063.750 
519,844066.688 
520,245347.594 
521,906220.375 
522,945292.500 
523,956577.062 
524,600137.500 
525,381265.594 
526,802627.125 
527,1116665.375 
528,148426.969 
529,1589672.750 
530,1023178.312 
531,654168.438 
532,2880882.500 
533,1181439.500 
534,1114693.750 
535,231848.562 
536,2438457.500 
537,741837.625 
538,265080.344 
539,1042707.125 
540,1270972.500 
541,1148880.875 
542,751524.750 
543,625614.938 
544,1909419.750 
545,1393381.000 
546,585092.750 
547,439320.281 
548,1182797.750 
549,976075.500 
550,613403.500 
551,1028949.375 
552,408961.375 
553,185977.438 
554,1200970.750 
555,2119905.000 
556,524659.500 
557,1621822.875 
558,1375304.625 
559,2461262.500 
560,439980.438 
561,768985.875 
562,534627.562 
563,275385.594 
564,806940.000 
565,1506126.625 
566,666278.312 
567,1775854.250 
568,1276690.500 
569,323430.219 
570,1044983.312 
571,296622.812 
572,1226338.750 
573,935029.125 
574,908956.875 
575,305121.000 
576,220090.500 
577,279547.000 
578,199858.672 
579,546764.188 
580,515408.875 
581,619256.812 
582,738938.875 
583,1711228.750 
584,533108.812 
585,176215.078 
586,610732.875 
587,749876.875 
588,801340.250 
589,707244.688 
590,891157.500 
591,1574181.000 
592,1413869.750 
593,362773.281 
594,1394721.625 
595,1065885.625 
596,1032856.000 
597,718769.688 
598,526520.500 
599,615431.875 
600,555338.625 
607,2083075.875 
608,1010415.125 
609,1461759.125 
610,1202490.000 
611,1126234.875 
612,1511025.750 
613,2135041.250 
614,729485.750 
615,910341.812 
616,2273087.250 
617,467901.438 
618,569423.750 
619,931662.812 
620,701696.125 
621,895026.125 
622,2197633.750 
623,1547049.375 
624,980283.250 
625,1007910.000 
626,638353.562 
627,1174459.625 
628,609180.125 
629,374600.656 
630,2198843.500 
631,1310224.125 
632,1203297.875 
633,716623.250 
634,505676.062 
635,1414793.375 
636,1337185.625 
637,178080.047 
638,884446.125 
639,850836.438 
640,718509.688 
641,1014665.812 
642,757041.188 
643,1031151.000 
644,98706.672 
645,496298.219 
646,120725.672 
647,1611255.250 
648,744698.812 
649,850404.312 
650,1136084.000 
651,690534.062 
652,1590962.500 
653,1775850.750 
654,172640.609 
655,719573.750 
656,1462109.000 
657,153870.125 
658,833800.562 
659,1176093.750 
660,1105223.250 
661,2636083.750 
662,437597.656 
663,1864993.250 
664,679139.688 
665,187735.203 
666,584304.688 
667,2473962.500 
668,1033289.750 
669,639537.625 
670,567415.375 
671,471354.062 
672,815423.312 
673,635546.000 
674,1179362.875 
675,225736.000 
676,1884963.000 
677,476451.844 
678,617965.375 
679,117008.789 
680,666231.062 
681,956308.062 
682,357015.125 
683,474002.406 
684,333365.531 
685,2181568.750 
686,370114.031 
687,577681.312 
688,1231442.250 
689,436902.125 
690,591318.500 
691,330536.938 
692,651091.688 
693,93208.000 
694,508347.125 
695,355437.156 
696,755936.625 
697,873040.750 
698,703905.375 
699,840981.125 
700,437077.062 
701,1012453.812 
702,817455.312 
703,1734748.500 
704,141136.766 
705,602742.750 
706,757691.312 
707,264856.688 
708,1189795.500 
709,168318.156 
710,115094.656 
711,97230.781 
712,1055680.375 
713,766416.062 
714,644018.312 
715,123524.609 
716,1357103.750 
717,374268.312 
718,147382.734 
719,506692.625 
720,1859667.375 
721,595078.938 
722,351547.406 
723,573334.125 
724,368244.469 
725,1047311.562 
726,123720.406 
727,1771226.750 
728,148769.266 
729,2081489.375 
730,1046710.875 
731,143086.641 
732,364287.812 
733,563252.750 
734,1162899.375 
735,919589.250 
736,1356513.500 
737,1634556.000 
738,1405803.500 
739,567345.750 
740,1237767.000 
741,1374194.125 
742,508981.375 
743,1723091.500 
744,1370748.625 
745,1121984.750 
746,472528.500 
747,1284303.750 
748,416620.812 
749,295541.812 
750,680464.625 
751,706288.188 
752,1600281.500 
753,359388.375 
754,624430.250 
755,2563426.750 
756,160323.016 
757,262305.031 
758,716867.750 
759,595503.625 
760,318035.094 
761,1353303.750 
762,614105.688 
763,2474203.000 
764,867085.750 
765,497468.750 
766,1425355.000 
767,2557212.250 
768,627543.562 
769,1718429.000 
770,1807782.250 
771,1195471.375 
772,816164.125 
773,93989.453 
774,1222464.625 
775,837287.938 
776,136535.250 
777,685799.875 
778,303134.938 
779,1275129.125 
780,288969.344 
781,935833.875 
782,450495.312 
783,281694.312 
784,159061.500 
785,632846.250 
786,561391.250 
787,698670.750 
788,236914.156 
789,265624.312 
790,313851.625 
791,1866658.375 
792,819790.000 
793,468965.906 
794,110020.125 
795,153264.734 
796,368819.344 
797,128392.258 
798,734793.500 
799,692216.125 
6,177873.078 
7,575049.938 
8,556418.438 
9,148796.594 
10,539228.938 
11,67450.031 
12,203292.938 
13,174765.719 
14,461456.875 
15,58488.547 
16,123908.398 
17,421126.719 
18,342934.562 
19,115514.922 
20,87613.594 
21,428384.531 
22,364021.125 
23,219383.719 
24,357943.375 
25,297268.625 
26,101139.781 
27,367811.969 
28,90395.727 
29,104183.977 
30,77583.305 
31,331431.531 
32,550384.625 
33,295582.375 
34,138609.406 
35,234095.938 
36,134200.453 
37,583205.875 
38,244990.000 
39,154820.641 
40,370042.469 
41,294492.719 
42,303087.625 
43,161521.906 
44,389097.031 
45,328770.469 
46,509061.531 
47,307052.312 
48,76831.766 
49,324832.344 
50,106451.766 
51,149103.594 
52,197079.062 
53,125203.781 
54,190333.922 
55,364295.281 
56,266866.625 
57,330118.500 
58,312475.438 
59,201812.406 
60,288975.094 
61,623298.000 
62,64201.543 
63,106660.688 
64,516682.156 
65,236688.000 
66,117920.727 
67,605424.750 
68,559535.125 
69,310197.750 
70,338189.500 
71,72093.656 
72,62236.176 
73,409964.969 
74,230155.969 
75,575784.688 
76,272611.875 
77,298223.281 
78,400534.969 
79,297509.844 
80,202904.094 
81,181750.109 
82,289814.562 
83,273982.250 
84,143494.781 
85,464298.250 
86,368023.938 
87,182165.266 
88,84390.273 
89,369994.562 
90,557373.625 
91,235524.406 
92,406297.469 
93,100495.312 
94,325602.406 
95,631748.750 
96,238511.312 
97,204616.203 
98,427257.156 
99,341786.656 
100,148637.953 
101,715995.125 
102,429307.156 
103,222808.516 
104,151099.656 
105,287766.969 
106,142091.922 
107,322243.969 
108,145820.312 
109,443355.500 
110,166179.234 
111,509205.688 
112,490367.594 
113,250538.406 
114,42741.227 
115,71285.375 
116,202988.375 
117,350769.906 
118,103275.438 
119,69090.766 
120,590094.500 
121,284641.594 
122,220680.641 
123,416457.312 
124,361056.031 
125,88927.055 
126,104906.648 
127,90590.570 
128,147657.750 
129,570222.250 
130,169087.672 
131,433120.000 
132,771712.750 
133,113784.117 
134,312679.188 
135,143543.141 
136,126541.961 
137,377806.188 
138,269478.562 
139,425366.000 
140,347649.688 
141,71062.453 
142,348315.562 
143,117650.055 
144,37878.758 
145,261394.891 
146,117778.977 
147,28479.482 
148,116357.242 
149,216615.172 
150,359911.375 
151,423441.312 
152,178650.828 
153,302399.531 
154,199862.391 
155,207718.688 
156,78645.328 
157,160838.688 
158,104722.391 
159,56533.684 
160,168532.375 
161,165961.578 
162,254783.922 
163,158593.641 
164,206887.766 
165,298358.719 
166,187821.016 
167,148317.438 
168,270892.375 
169,226460.719 
170,328510.625 
171,98047.516 
172,108341.703 
173,278749.625 
174,101444.938 
175,238756.656 
176,324491.969 
177,262169.000 
178,167521.031 
179,434749.625 
180,175322.594 
181,308200.906 
182,215978.406 
183,170235.641 
184,164811.969 
185,103843.922 
186,44188.695 
187,437434.375 
188,49450.449 
189,177098.375 
190,243532.719 
191,289509.750 
192,199356.844 
193,412834.281 
194,193471.078 
195,301676.438 
196,173123.781 
197,422033.344 
198,600757.000 
199,178018.375 
200,114183.344 
201,274800.094 
202,290227.781 
203,461294.250 
204,96597.523 
205,206286.828 
206,360958.938 
207,219693.625 
208,289667.938 
209,287246.031 
210,386541.844 
211,230503.984 
212,182734.375 
213,79185.203 
214,267671.938 
215,243871.281 
216,124136.164 
217,226907.469 
218,267233.375 
219,415498.000 
220,137909.141 
221,255419.453 
222,226354.344 
223,301096.344 
224,273899.750 
225,217237.328 
226,73030.898 
227,191727.891 
228,248929.375 
229,204989.906 
230,326371.438 
231,718557.250 
232,111988.367 
233,106360.547 
234,144432.891 
235,450040.594 
236,122369.398 
237,323615.188 
238,86366.164 
239,168250.031 
240,140636.469 
241,572804.188 
242,199375.094 
243,250913.125 
244,266771.656 
245,238609.938 
246,217475.609 
247,637374.125 
248,347504.094 
249,309909.781 
250,162254.656 
251,187844.594 
252,142691.500 
253,309696.750 
254,81983.969 
255,406095.031 
256,216828.828 
257,65472.434 
258,182313.422 
259,98162.562 
260,303990.781 
261,312528.312 
262,350765.500 
263,54667.352 
264,109354.922 
265,179062.312 
266,629776.938 
267,178975.031 
268,115378.203 
269,437543.750 
270,56730.914 
271,111699.023 
272,321855.406 
273,83509.094 
274,157505.781 
275,166190.812 
276,209469.922 
277,85065.078 
278,179404.547 
279,337993.688 
280,255008.578 
281,104276.531 
282,502088.625 
283,67671.266 
284,252863.781 
285,159691.922 
286,298689.094 
287,280143.812 
288,156754.062 
289,263941.625 
290,438635.344 
291,313405.219 
292,104119.148 
293,796029.250 
294,147893.219 
295,213914.250 
296,477162.094 
297,214388.047 
298,353678.000 
299,136086.938 
300,248901.156 
301,310963.219 
302,316999.000 
303,316643.844 
304,220428.500 
305,382064.938 
306,364751.344 
307,416851.938 
308,103028.953 
309,341552.875 
310,117918.797 
311,86963.531 
312,63975.980 
313,40651.250 
314,111116.602 
315,458847.000 
316,190618.500 
317,462895.156 
318,115177.977 
319,685662.000 
320,212185.297 
321,311431.312 
322,88122.797 
323,91670.062 
324,176935.812 
325,211477.281 
326,77932.859 
327,384142.812 
328,447232.625 
329,320204.031 
330,303694.094 
331,408787.812 
332,141106.000 
333,110683.992 
334,382337.812 
335,406546.125 
336,323812.438 
337,160978.469 
338,99580.422 
339,119986.367 
340,331521.844 
341,581989.562 
342,586786.125 
343,369638.094 
344,175364.844 
345,117884.461 
346,522905.875 
347,571600.562 
348,190698.109 
349,49820.773 
350,227100.266 
351,419808.375 
352,115995.711 
353,128329.398 
354,379197.719 
355,50009.852 
356,141109.531 
357,137680.047 
358,252311.000 
359,138232.594 
360,349060.031 
361,112118.711 
362,326947.406 
363,142640.297 
364,92286.969 
365,312396.969 
366,210168.562 
367,376760.000 
368,156993.141 
369,135216.734 
370,274945.156 
371,375699.188 
372,490690.125 
373,127222.664 
374,414774.844 
375,242863.859 
376,645868.000 
377,237733.500 
378,319009.469 
379,132119.594 
380,208425.969 
381,104309.719 
382,90949.312 
383,103037.266 
384,185425.000 
385,387222.875 
386,402340.875 
387,85456.719 
388,328539.281 
389,76431.367 
390,140902.375 
391,134387.688 
392,233687.641 
393,315251.844 
394,562680.188 
395,367702.000 
396,123054.328 
397,312552.219 
398,249695.703 
399,189252.531 
400,343569.594 
401,257494.547 
402,388820.219 
403,131834.000 
404,150103.734 
405,258750.594 
406,415653.531 
407,92194.164 
408,66939.562 
409,208687.766 
410,84894.031 
411,189694.969 
412,248191.766 
413,113721.703 
414,170489.375 
415,155515.906 
416,189947.781 
417,273687.250 
418,530153.438 
419,370169.438 
420,131949.828 
421,308319.375 
422,324504.031 
423,188153.156 
424,121380.078 
425,217402.625 
426,107773.359 
427,374749.250 
428,139179.062 
429,136589.750 
430,121689.578 
431,111700.750 
432,305302.062 
433,286009.875 
434,501200.094 
435,67174.078 
436,368160.125 
437,218770.328 
438,282218.188 
439,155068.109 
440,118882.703 
441,208651.828 
442,260829.766 
443,281537.156 
444,98775.945 
445,382436.062 
446,269409.594 
447,825019.188 
448,500915.656 
449,368047.938 
450,87939.703 
451,109685.281 
452,343673.750 
453,483310.750 
454,339622.375 
455,490375.375 
456,216595.656 
457,377076.188 
458,497860.688 
459,274394.312 
460,197845.438 
461,67158.375 
462,171226.922 
463,241421.375 
464,79586.172 
465,548829.500 
466,297238.344 
467,99561.891 
468,210887.281 
469,303996.406 
470,123214.656 
471,252425.938 
472,245755.891 
473,120030.125 
474,103125.453 
475,89849.047 
476,186880.859 
477,108296.438 
478,721922.438 
479,272033.375 
480,146679.828 
481,119348.625 
482,81333.070 
483,323116.688 
484,99874.617 
485,443044.312 
486,229116.531 
487,134790.703 
488,183011.125 
489,185509.938 
490,470267.312 
491,433398.781 
492,87381.930 
493,353922.969 
494,131397.984 
495,291601.438 
496,119017.695 
497,249563.500 
498,320293.969 
499,137559.625 
500,132130.516 
501,358473.844 
502,493790.812 
503,132095.516 
504,117063.766 
505,293013.438 
506,71777.172 
507,481829.594 
508,225779.031 
509,293535.000 
510,181176.438 
511,203380.531 
512,451827.781 
513,292648.906 
514,118282.461 
515,294405.594 
516,373933.438 
517,133582.109 
518,254570.906 
519,70788.398 
520,442349.562 
521,351948.125 
522,191826.062 
523,77410.578 
524,101000.883 
525,160229.453 
526,391210.031 
527,77986.891 
528,606260.562 
529,224578.156 
530,153968.531 
531,332511.812 
532,437249.281 
533,124530.211 
534,472140.188 
535,147939.297 
536,317048.031 
537,104043.375 
538,300931.594 
539,148023.859 
540,51499.039 
541,128530.250 
542,125603.031 
543,233914.188 
544,74187.672 
545,338265.500 
546,394990.438 
547,272623.188 
548,218150.766 
549,413589.375 
550,69183.727 
551,117117.352 
552,579039.188 
553,71780.383 
554,306903.156 
555,129055.812 
556,58250.773 
557,230771.906 
558,189673.328 
559,291988.375 
560,90870.438 
561,393693.531 
562,392725.219 
563,193798.922 
564,228688.641 
565,251866.312 
566,151851.656 
567,400551.875 
568,513982.281 
569,296168.938 
570,398855.875 
571,213320.453 
572,167269.375 
573,128063.531 
574,510722.531 
575,332649.875 
576,147282.078 
577,91211.656 
578,224755.312 
579,343555.250 
580,132594.750 
581,195885.141 
582,173301.578 
583,172803.188 
584,237940.062 
585,72242.711 
586,170852.750 
587,76267.414 
588,344693.531 
589,232972.062 
590,173309.328 
591,59795.594 
592,95030.641 
593,56191.344 
594,355156.688 
595,656962.438 
596,223864.766 
597,266872.125 
598,128650.000 
599,143371.688 
600,381761.062 
607,118515.555 
608,109384.117 
609,117657.914 
610,173398.812 
611,88509.992 
612,47899.098 
613,81080.781 
614,51685.387 
615,58957.691 
616,116678.383 
617,198755.141 
618,267017.031 
619,220196.094 
620,68494.109 
621,305341.344 
622,50309.559 
623,132487.625 
624,188728.141 
625,155766.250 
626,282845.688 
627,82596.922 
628,43610.402 
629,41549.910 
630,74476.656 
631,80295.734 
632,66817.867 
633,114982.148 
634,176292.422 
635,178661.688 
636,17436.523 
637,84039.867 
638,140714.250 
639,303232.656 
640,279736.125 
641,255616.906 
642,95448.297 
643,141331.828 
644,148433.328 
645,219623.250 
646,86638.242 
647,101074.898 
648,122814.672 
649,361985.250 
650,441203.000 
651,175103.266 
652,189445.125 
653,156457.781 
654,119078.250 
655,68427.812 
656,134131.203 
657,96807.234 
658,188287.719 
659,239001.844 
660,56179.148 
661,164061.797 
662,321255.438 
663,117730.750 
664,69038.250 
665,359963.906 
666,204636.688 
667,199095.125 
668,123898.852 
669,260855.281 
670,104838.672 
671,92436.391 
672,194307.844 
673,83292.688 
674,217217.969 
675,80716.125 
676,182126.719 
677,129641.672 
678,151892.562 
679,165088.016 
680,75421.906 
681,167846.203 
682,323877.000 
683,126604.344 
684,265718.031 
685,207853.438 
686,181928.719 
687,231683.141 
688,284647.812 
689,120258.000 
690,67572.883 
691,98557.688 
692,265888.500 
693,529211.375 
694,129063.719 
695,128832.711 
696,231373.297 
697,87057.422 
698,429086.500 
699,146529.969 
700,115658.758 
701,170597.922 
702,121043.875 
703,389554.906 
704,145429.391 
705,349780.625 
706,140548.531 
707,270605.562 
708,509846.156 
709,224599.375 
710,223842.109 
711,686690.875 
712,406186.969 
713,224836.594 
714,306342.625 
715,136562.375 
716,96080.344 
717,159250.031 
718,348776.656 
719,59386.766 
720,152661.344 
721,73263.461 
722,43366.156 
723,164060.688 
724,74585.578 
725,111277.016 
726,456218.781 
727,132085.188 
728,105554.047 
729,68621.492 
730,85818.516 
731,207274.312 
732,30136.609 
733,215754.047 
734,67373.016 
735,105711.906 
736,40206.562 
737,677926.688 
738,100346.109 
739,124357.516 
740,120012.234 
741,483856.812 
742,76792.102 
743,89385.609 
744,149405.688 
745,119855.141 
746,93065.930 
747,306740.688 
748,249137.984 
749,501740.812 
750,88140.672 
751,100632.859 
752,99382.797 
753,111301.211 
754,230760.859 
755,36487.273 
756,136571.859 
757,86878.680 
758,564971.125 
759,95772.742 
760,403876.312 
761,363796.375 
762,724120.938 
763,120365.992 
764,395454.500 
765,423065.938 
766,225591.016 
767,216150.766 
768,145528.094 
769,174917.547 
770,85577.078 
771,202999.250 
772,548026.500 
773,92417.742 
774,141260.469 
775,37124.301 
776,146780.188 
777,266945.469 
778,123515.797 
779,400632.469 
780,220273.531 
781,137527.844 
782,140487.969 
783,500961.438 
784,227250.109 
785,248655.031 
786,117024.016 
787,249749.844 
788,498586.656 
789,512397.500 
790,136634.125 
791,109276.570 
792,12018.232 
793,52050.617 
794,331131.375 
795,350624.688 
796,60075.195 
797,32177.359 
798,63041.875 
799,98317.219 
6,492753.094 
7,360369.125 
8,564476.562 
9,474829.750 
10,323512.438 
11,332024.062 
12,278068.875 
13,323064.000 
14,305004.125 
15,448271.125 
16,69381.180 
17,77249.492 
18,272562.219 
19,321652.750 
20,538822.250 
21,54863.551 
22,267864.656 
23,143183.938 
24,210702.703 
25,208235.078 
26,342006.500 
27,118635.492 
28,70484.938 
29,169825.141 
30,91294.102 
31,65311.129 
32,165297.203 
33,64631.727 
34,56031.605 
35,164324.859 
36,79506.805 
37,145287.266 
38,420428.062 
39,169127.719 
40,143775.453 
41,68358.609 
42,254744.844 
43,407873.781 
44,292275.062 
45,524882.625 
46,42596.359 
47,151282.812 
48,250360.750 
49,77546.109 
50,383861.625 
51,550779.125 
52,246264.172 
53,48842.570 
54,33156.109 
55,119345.219 
56,358839.938 
57,77031.984 
58,237860.750 
59,58081.504 
60,412351.219 
61,278144.344 
62,402010.781 
63,357446.469 
64,211151.703 
65,383263.875 
66,200673.062 
67,347991.562 
68,336826.500 
69,258854.656 
70,215367.438 
71,283354.000 
72,107186.461 
73,412783.312 
74,129056.961 
75,199433.141 
76,220503.672 
77,496191.781 
78,121752.539 
79,63524.883 
80,321136.531 
81,196419.000 
82,349075.438 
83,135615.125 
84,304356.750 
85,229863.781 
86,225985.594 
87,221818.797 
88,109874.797 
89,589342.250 
90,182717.297 
91,65552.789 
92,262427.438 
93,184109.219 
94,179864.219 
95,210354.969 
96,470283.406 
97,80873.102 
98,125213.094 
99,394064.750 
100,302718.688 
101,281278.281 
102,90512.336 
103,353909.500 
104,100289.930 
105,208773.922 
106,162495.359 
107,183585.469 
108,200348.594 
109,241090.969 
110,313075.406 
111,207391.938 
112,207870.344 
113,310961.750 
114,302498.688 
115,349417.500 
116,159339.984 
117,23545.090 
118,105906.727 
119,357330.219 
120,227116.250 
121,421824.281 
122,135490.250 
123,103399.031 
124,192219.625 
125,415743.031 
126,147504.672 
127,255667.219 
128,122705.344 
129,91890.914 
130,201163.250 
131,184039.375 
132,353850.219 
133,283749.406 
134,269394.812 
135,333785.188 
136,64508.336 
137,257713.734 
138,23611.623 
139,431118.125 
140,320866.812 
141,231014.250 
142,124748.219 
143,340238.406 
144,395967.625 
145,104072.664 
146,117990.133 
147,159208.781 
148,182861.719 
149,74518.445 
150,545954.125 
151,110364.297 
152,50199.969 
153,329196.188 
154,155208.750 
155,57166.730 
156,123071.984 
157,535453.875 
158,431113.625 
159,328205.969 
160,178939.203 
161,97602.258 
162,275761.000 
163,267674.875 
164,216836.422 
165,134264.281 
166,213955.281 
167,60479.109 
168,421474.312 
169,52989.109 
170,324592.062 
171,320884.250 
172,403308.750 
173,95584.461 
174,71364.359 
175,400112.625 
176,154905.453 
177,264578.625 
178,205964.281 
179,330233.156 
180,223978.688 
181,173879.938 
182,258589.875 
183,71669.969 
184,44610.672 
185,176649.906 
186,45349.406 
187,60257.004 
188,121841.305 
189,283639.781 
190,267027.375 
191,58617.801 
192,251396.172 
193,139219.781 
194,395577.531 
195,214992.844 
196,27745.361 
197,385126.906 
198,198857.781 
199,280591.875 
200,649015.250 
201,137364.141 
202,165892.703 
203,249237.000 
204,66005.422 
205,412569.375 
206,464584.938 
207,350175.094 
208,155882.453 
209,268669.000 
210,217220.797 
211,49369.008 
212,292911.375 
213,284720.156 
214,166591.656 
215,125293.406 
216,342651.250 
217,243126.562 
218,73348.047 
219,288439.062 
220,496670.469 
221,189713.984 
222,40584.715 
223,378715.750 
224,79498.211 
225,320794.000 
226,436339.531 
227,299708.188 
228,503454.000 
229,225872.625 
230,273896.875 
231,70896.102 
232,177714.781 
233,83953.672 
234,176018.594 
235,101498.047 
236,215160.859 
237,90016.992 
238,112917.188 
239,475423.188 
240,655969.438 
241,216938.609 
242,205764.188 
243,138792.547 
244,190225.891 
245,169722.172 
246,188324.938 
247,272128.281 
248,93260.617 
249,184394.156 
250,40647.398 
251,316178.438 
252,424402.562 
253,86245.617 
254,346055.625 
255,71525.500 
256,275504.406 
257,81738.570 
258,334782.625 
259,50274.113 
260,434592.781 
261,235715.109 
262,350574.188 
263,99759.742 
264,70071.867 
265,380704.781 
266,62196.816 
267,91792.570 
268,89858.938 
269,517090.500 
270,48703.133 
271,388884.438 
272,133867.156 
273,45115.172 
274,242605.516 
275,80270.852 
276,151110.375 
277,268607.125 
278,224753.844 
279,129004.539 
280,475607.688 
281,167612.422 
282,155383.516 
283,208986.500 
284,67623.906 
285,303764.406 
286,551621.875 
287,152265.047 
288,51462.305 
289,334998.469 
290,128638.609 
291,331187.562 
292,166540.000 
293,255906.094 
294,134002.594 
295,256887.562 
296,277227.188 
297,112700.953 
298,245910.531 
299,214877.188 
300,405937.562 
301,268766.438 
302,47391.719 
303,121724.797 
304,273098.625 
305,179816.641 
306,148684.453 
307,227942.734 
308,96809.734 
309,131092.469 
310,217769.781 
311,206646.359 
312,47752.148 
313,259557.656 
314,57338.715 
315,576665.000 
316,244418.484 
317,380457.719 
318,86627.125 
319,171585.531 
320,200423.297 
321,735041.125 
322,329057.719 
323,168852.719 
324,363983.094 
325,249838.719 
326,427983.125 
327,222010.531 
328,233133.953 
329,80923.805 
330,306579.562 
331,381453.688 
332,338755.875 
333,102275.633 
334,87817.344 
335,232103.359 
336,198587.875 
337,331366.875 
338,67360.789 
339,316792.438 
340,349978.812 
341,257766.734 
342,166311.594 
343,289894.875 
344,297286.594 
345,132163.562 
346,162771.594 
347,585305.938 
348,346582.188 
349,452618.312 
350,39413.918 
351,262729.938 
352,121776.836 
353,216910.797 
354,53708.000 
355,102445.250 
356,159437.844 
357,80783.891 
358,105079.164 
359,255608.656 
360,176877.625 
361,424497.531 
362,154168.531 
363,320182.969 
364,246831.188 
365,179991.781 
366,200375.078 
367,152045.125 
368,368952.031 
369,403605.125 
370,356355.562 
371,239787.953 
372,128846.422 
373,194696.281 
374,212424.922 
375,221269.344 
376,37858.496 
377,101773.242 
378,719416.500 
379,171440.656 
380,108276.242 
381,224158.750 
382,198068.781 
383,81734.562 
384,132418.469 
385,55064.375 
386,468205.656 
387,41714.223 
388,278792.219 
389,281008.969 
390,115033.719 
391,95845.766 
392,34820.312 
393,220916.625 
394,71044.938 
395,126653.672 
396,94364.102 
397,171663.125 
398,90070.039 
399,248416.562 
400,112360.141 
401,44234.469 
402,218428.266 
403,175279.891 
404,106223.742 
405,476250.938 
406,178238.156 
407,86067.109 
408,232643.234 
409,70190.352 
410,131803.203 
411,228624.547 
412,246043.672 
413,216337.875 
414,259089.219 
415,140199.156 
416,95425.195 
417,123462.922 
418,283325.406 
419,43921.840 
420,48558.855 
421,166077.688 
422,166815.578 
423,137335.969 
424,138146.156 
425,126185.766 
426,156584.547 
427,145877.156 
428,416067.000 
429,143165.500 
430,88527.633 
431,105967.828 
432,271907.281 
433,259158.156 
434,118716.305 
435,70578.969 
436,221935.344 
437,141953.578 
438,158060.484 
439,146936.203 
440,339941.750 
441,170516.312 
442,233987.219 
443,81067.172 
444,278043.406 
445,100059.891 
446,133394.438 
447,64115.699 
448,427570.344 
449,96492.383 
450,218950.438 
451,228221.797 
452,196807.750 
453,80253.930 
454,171363.062 
455,77109.594 
456,21652.727 
457,59515.449 
458,223758.781 
459,113673.047 
460,280246.906 
461,365191.406 
462,193544.891 
463,158076.734 
464,306849.344 
465,171288.250 
466,389938.594 
467,80631.727 
468,444327.781 
469,164976.312 
470,106019.883 
471,48053.781 
472,217968.453 
473,488087.188 
474,169207.781 
475,262404.875 
476,265861.562 
477,272524.938 
478,82886.836 
479,302153.156 
480,282296.844 
481,137786.734 
482,597912.812 
483,546835.188 
484,195066.641 
485,46546.172 
486,163441.344 
487,56012.570 
488,48094.594 
489,99153.727 
490,212163.750 
491,81326.352 
492,60284.703 
493,113814.625 
494,57674.047 
495,444826.125 
496,127075.289 
497,80896.445 
498,222937.625 
499,288003.344 
500,280072.812 
501,216179.656 
502,157936.953 
503,182502.281 
504,124147.312 
505,193344.875 
506,193874.594 
507,123677.398 
508,346046.656 
509,287179.188 
510,174788.156 
511,184966.984 
512,204822.906 
513,85523.094 
514,102827.492 
515,523132.000 
516,286739.594 
517,225080.062 
518,276428.406 
519,307243.375 
520,145123.812 
521,267517.250 
522,63319.340 
523,227094.625 
524,100015.438 
525,112683.016 
526,255697.844 
527,28103.041 
528,135337.000 
529,389745.875 
530,456635.312 
531,222687.078 
532,392680.969 
533,90328.148 
534,31668.512 
535,107075.484 
536,201673.859 
537,374162.562 
538,257345.969 
539,283889.375 
540,156600.406 
541,374812.562 
542,89814.875 
543,135832.875 
544,413692.844 
545,464167.969 
546,39454.324 
547,76968.164 
548,133166.938 
549,125878.531 
550,100302.008 
551,263368.375 
552,142995.906 
553,45920.367 
554,139041.219 
555,48147.535 
556,472747.188 
557,142266.547 
558,53519.820 
559,194864.156 
560,188270.031 
561,148096.562 
562,112317.359 
563,253855.750 
564,191506.453 
565,106199.484 
566,247312.516 
567,186810.438 
568,289412.969 
569,184476.312 
570,181248.469 
571,147311.828 
572,89070.828 
573,554369.500 
574,88009.508 
575,86991.180 
576,152755.641 
577,53396.844 
578,288594.375 
579,162022.250 
580,49160.207 
581,330458.969 
582,188346.672 
583,204140.438 
584,130143.109 
585,121520.242 
586,294729.906 
587,187225.531 
588,135328.078 
589,243459.016 
590,248059.031 
591,221349.531 
592,115176.039 
593,198283.422 
594,489987.656 
595,140798.781 
596,218727.781 
597,431767.125 
598,154459.562 
599,39568.852 
600,249161.547 
607,146241.312 
608,126734.562 
609,138197.250 
610,74654.242 
611,74606.000 
612,126835.500 
613,142309.172 
614,72535.438 
615,135897.188 
616,80735.477 
617,215376.234 
618,189285.391 
619,259874.625 
620,108891.711 
621,194685.656 
622,166808.125 
623,178161.531 
624,256534.625 
625,132870.938 
626,293595.031 
627,139196.359 
628,102852.867 
629,141240.500 
630,154973.094 
631,150215.391 
632,123407.805 
633,209039.422 
634,149691.953 
635,211031.469 
636,258011.594 
637,206436.641 
638,182001.344 
639,201252.750 
640,56024.219 
641,503382.312 
642,329356.062 
643,105895.656 
644,195779.578 
645,145385.438 
646,224242.406 
647,244236.203 
648,120734.844 
649,372219.875 
650,84058.891 
651,70841.539 
652,189641.969 
653,319248.531 
654,302156.312 
655,233841.500 
656,62645.914 
657,145671.953 
658,99297.727 
659,257007.469 
660,241737.781 
661,198636.844 
662,138690.688 
663,160604.469 
664,155515.281 
665,151829.125 
666,155166.047 
667,115586.242 
668,317911.938 
669,268721.500 
670,189719.781 
671,136919.469 
672,314414.219 
673,285582.875 
674,27808.609 
675,76392.672 
676,87107.859 
677,129596.609 
678,170794.062 
679,385251.406 
680,221484.266 
681,216927.234 
682,309077.531 
683,225459.875 
684,150779.031 
685,255513.922 
686,135890.609 
687,359573.750 
688,283414.438 
689,201307.922 
690,313935.750 
691,439664.906 
692,115543.156 
693,374304.312 
694,125183.734 
695,421338.938 
696,244757.281 
697,99732.812 
698,259730.766 
699,141432.438 
700,183824.531 
701,215179.250 
702,288566.500 
703,75533.352 
704,229905.688 
705,209329.953 
706,281543.031 
707,235271.422 
708,150903.797 
709,275774.531 
710,250437.031 
711,183495.391 
712,159228.375 
713,109972.062 
714,180210.812 
715,203442.094 
716,159872.734 
717,245482.672 
718,255392.438 
719,92426.016 
720,72325.602 
721,430987.438 
722,209424.312 
723,110101.266 
724,107429.016 
725,400205.469 
726,119559.617 
727,203892.219 
728,117682.312 
729,74343.555 
730,276242.094 
731,175986.969 
732,216540.062 
733,232441.953 
734,241136.641 
735,226946.422 
736,227666.688 
737,214442.750 
738,58494.121 
739,258453.750 
740,58583.430 
741,122250.578 
742,61002.176 
743,307918.031 
744,244974.594 
745,164030.828 
746,280487.812 
747,206863.688 
748,191251.672 
749,403923.375 
750,53804.785 
751,194358.953 
752,291322.156 
753,278686.406 
754,181882.109 
755,203951.844 
756,243652.875 
757,664054.062 
758,251056.688 
759,185070.547 
760,199627.375 
761,61893.594 
762,279526.031 
763,128294.836 
764,285950.844 
765,86788.781 
766,358189.719 
767,146896.812 
768,387414.188 
769,45441.965 
770,353101.188 
771,318206.500 
772,244496.828 
773,70603.555 
774,280319.469 
775,439358.531 
776,301267.969 
777,269828.000 
778,476989.281 
779,431825.688 
780,440617.688 
781,155975.391 
782,168167.797 
783,286798.125 
784,61065.172 
785,367025.188 
786,29584.777 
787,220400.125 
788,132709.688 
789,165411.891 
790,461768.406 
791,152227.750 
792,223320.922 
793,66502.680 
794,320753.344 
795,281673.469 
796,52071.258 
797,213306.328 
798,42502.660 
799,44809.969 
6,43739.523 
7,62003.375 
8,164420.906 
9,198670.875 
10,334156.031 
11,314334.062 
12,314904.375 
13,233153.891 
14,107858.148 
15,254144.312 
16,69093.414 
17,227254.078 
18,234907.156 
19,59431.945 
20,167938.781 
21,216778.312 
22,264024.375 
23,107691.141 
24,98004.844 
25,160149.266 
26,242428.547 
27,141059.672 
28,173568.781 
29,242102.281 
30,258501.641 
31,233096.438 
32,228816.094 
33,253750.812 
34,261500.109 
35,165078.188 
36,103531.258 
37,222950.828 
38,102442.406 
39,136530.188 
40,310520.531 
41,262881.438 
42,191940.938 
43,141331.531 
44,79791.469 
45,221532.094 
46,52650.980 
47,208754.688 
48,214189.875 
49,316413.156 
50,380847.188 
51,254549.172 
52,56307.504 
53,302377.375 
54,69450.953 
55,403014.062 
56,199460.375 
57,56526.914 
58,555192.688 
59,117473.359 
60,220012.812 
61,217234.969 
62,71736.453 
63,252243.641 
64,249770.203 
65,135405.500 
66,82857.148 
67,199410.578 
68,46230.492 
69,190384.812 
70,256173.969 
71,43183.090 
72,126919.680 
73,284227.219 
74,204369.844 
75,211819.688 
76,136795.188 
77,54667.820 
78,487679.781 
79,425482.125 
80,63920.258 
81,307493.250 
82,100473.109 
83,411688.125 
84,234805.422 
85,133254.375 
86,193096.500 
87,280042.812 
88,227133.375 
89,231106.594 
90,103703.984 
91,327442.531 
92,87734.695 
93,272406.312 
94,140363.594 
95,343421.875 
96,73937.414 
97,365688.438 
98,261056.219 
99,405123.750 
100,235958.719 
101,239172.922 
102,208092.859 
103,75877.367 
104,167347.016 
105,88851.438 
106,332180.375 
107,161254.500 
108,169339.031 
109,155015.312 
110,136846.953 
111,156594.109 
112,104836.945 
113,158708.203 
114,260048.641 
115,606251.375 
116,159392.812 
117,161203.156 
118,333321.781 
119,351100.312 
120,420557.875 
121,323626.812 
122,211339.656 
123,284634.844 
124,173932.766 
125,245448.156 
126,68173.609 
127,80718.906 
128,230085.312 
129,140339.984 
130,155367.312 
131,500004.188 
132,201981.656 
133,71856.828 
134,409141.312 
135,83948.766 
136,201650.391 
137,135655.672 
138,337839.469 
139,157795.797 
140,80544.984 
141,87059.430 
142,77018.711 
143,166710.938 
144,394494.969 
145,209468.438 
146,77670.906 
147,95538.570 
148,278934.438 
149,183074.375 
150,337424.188 
151,81727.914 
152,269826.438 
153,82035.305 
154,212845.109 
155,387141.969 
156,377986.219 
157,190895.109 
158,92019.719 
159,86171.656 
160,163264.719 
161,371208.500 
162,185581.781 
163,121274.484 
164,92078.969 
165,60729.305 
166,206791.750 
167,160101.469 
168,364512.188 
169,253501.094 
170,232564.391 
171,145128.094 
172,261293.281 
173,57408.281 
174,293286.375 
175,120001.078 
176,91072.781 
177,86388.859 
178,211606.719 
179,37120.453 
180,193880.219 
181,331102.469 
182,132463.625 
183,97194.469 
184,284500.188 
185,109262.547 
186,120063.859 
187,323959.062 
188,99131.141 
189,203146.625 
190,164637.297 
191,198301.766 
192,359109.062 
193,167862.031 
194,96390.516 
195,382914.969 
196,225780.375 
197,390313.938 
198,177794.750 
199,256752.062 
200,117194.797 
201,189254.219 
202,161293.531 
203,253708.312 
204,141107.062 
205,178760.797 
206,178191.938 
207,175444.453 
208,171299.719 
209,406634.938 
210,283181.938 
211,105633.617 
212,36111.645 
213,383800.156 
214,278806.250 
215,234805.781 
216,120847.930 
217,308573.281 
218,116851.180 
219,76908.727 
220,246885.016 
221,263660.531 
222,107939.359 
223,220504.906 
224,407356.844 
225,191424.859 
226,85333.266 
227,249948.781 
228,201162.766 
229,141785.797 
230,166291.469 
231,365489.438 
232,409330.094 
233,175861.531 
234,122804.641 
235,287190.000 
236,113299.141 
237,49577.406 
238,105466.539 
239,207405.125 
240,228748.438 
241,249472.047 
242,132094.297 
243,211309.547 
244,333206.000 
245,141961.188 
246,302481.250 
247,108703.500 
248,185789.594 
249,69410.547 
250,453266.344 
251,187864.062 
252,431442.094 
253,115666.547 
254,564784.812 
255,70773.438 
256,411931.375 
257,350551.344 
258,372509.750 
259,300912.500 
260,294820.281 
261,143184.609 
262,69313.055 
263,92800.977 
264,291723.750 
265,56409.824 
266,116244.336 
267,197001.797 
268,281464.344 
269,226379.391 
270,58377.926 
271,161725.859 
272,387665.125 
273,166944.453 
274,151260.188 
275,739068.500 
276,42599.699 
277,181090.438 
278,171103.500 
279,247803.375 
280,182364.469 
281,93109.734 
282,136507.031 
283,136482.125 
284,78908.383 
285,206221.734 
286,182036.719 
287,145219.844 
288,199359.750 
289,145738.969 
290,304957.469 
291,223987.125 
292,116157.297 
293,191231.250 
294,251249.734 
295,106587.219 
296,121629.281 
297,58674.547 
298,211837.547 
299,257672.344 
300,143661.641 
301,125684.031 
302,266201.812 
303,299297.281 
304,39207.172 
305,46904.203 
306,328888.844 
307,220505.641 
308,179235.734 
309,53497.117 
310,67470.250 
311,273712.375 
312,370020.062 
313,121916.922 
314,150085.766 
315,253080.391 
316,127421.852 
317,246730.500 
318,52359.984 
319,134039.562 
320,149311.969 
321,256281.719 
322,179747.266 
323,38634.668 
324,335328.625 
325,187022.297 
326,464100.531 
327,133764.469 
328,59451.676 
329,128158.102 
330,27680.625 
331,371803.125 
332,160107.688 
333,101419.078 
334,311445.812 
335,432622.719 
336,158093.812 
337,145667.344 
338,308788.000 
339,190654.625 
340,300149.469 
341,88887.703 
342,121722.695 
343,211009.656 
344,170951.844 
345,252880.938 
346,129402.172 
347,80063.586 
348,50950.086 
349,216315.219 
350,304076.312 
351,269685.125 
352,257193.750 
353,59389.840 
354,186303.375 
355,413189.344 
356,185947.844 
357,55309.180 
358,506826.500 
359,340329.281 
360,134983.266 
361,268029.438 
362,150399.547 
363,333840.656 
364,53944.754 
365,113683.031 
366,137068.469 
367,236398.156 
368,321582.688 
369,63668.695 
370,147646.547 
371,75431.586 
372,323184.000 
373,43420.461 
374,298937.656 
375,280835.906 
376,100650.203 
377,291577.000 
378,295190.188 
379,173166.891 
380,125941.000 
381,199149.688 
382,54985.496 
383,290844.938 
384,158214.016 
385,131048.484 
386,180451.375 
387,329008.625 
388,225660.594 
389,144113.766 
390,57291.395 
391,211496.500 
392,239263.531 
393,268561.125 
394,243223.484 
395,397016.812 
396,188162.469 
397,51405.379 
398,197273.047 
399,257231.609 
400,114734.844 
401,230290.938 
402,288638.219 
403,54751.285 
404,137313.719 
405,189786.188 
406,31819.104 
407,73139.258 
408,173398.219 
409,260235.047 
410,120917.852 
411,160932.641 
412,274212.250 
413,263230.125 
414,269031.250 
415,24349.355 
416,331877.500 
417,263769.188 
418,240554.578 
419,138641.609 
420,155053.094 
421,349576.219 
422,376362.875 
423,74803.500 
424,81394.758 
425,123565.680 
426,401168.906 
427,58064.352 
428,78535.398 
429,22857.736 
430,321619.531 
431,172494.531 
432,105973.227 
433,212833.469 
434,131282.234 
435,222497.266 
436,103201.305 
437,318718.000 
438,236515.375 
439,203025.828 
440,97218.188 
441,74626.961 
442,83993.328 
443,124387.570 
444,98296.562 
445,118430.984 
446,89046.750 
447,248889.016 
448,245028.750 
449,195468.578 
450,252258.438 
451,221538.188 
452,207876.656 
453,163660.609 
454,92696.203 
455,356401.906 
456,219819.391 
457,154926.844 
458,191254.344 
459,72324.906 
460,29085.504 
461,349802.000 
462,232178.859 
463,319832.031 
464,165875.391 
465,152917.219 
466,163693.656 
467,194948.922 
468,169432.328 
469,113511.922 
470,32048.889 
471,141454.375 
472,66855.453 
473,199631.469 
474,171613.469 
475,76967.516 
476,64437.078 
477,78838.617 
478,211126.438 
479,281244.062 
480,123477.430 
481,122162.422 
482,255635.969 
483,184416.375 
484,211782.531 
485,58189.957 
486,244976.531 
487,149391.344 
488,91362.000 
489,91346.898 
490,156166.031 
491,332781.312 
492,294623.906 
493,134595.094 
494,46744.613 
495,96036.250 
496,54005.430 
497,110188.094 
498,223047.562 
499,48032.531 
500,359825.938 
501,122374.438 
502,163864.828 
503,202017.531 
504,139135.000 
505,275219.062 
506,38254.969 
507,94036.836 
508,206543.344 
509,120458.375 
510,158256.109 
511,288950.188 
512,168771.594 
513,43722.445 
514,98883.594 
515,267893.531 
516,46328.043 
517,32611.113 
518,298967.688 
519,304452.125 
520,103935.078 
521,291703.969 
522,93466.406 
523,59271.141 
524,140479.266 
525,167280.562 
526,178746.469 
527,43141.422 
528,388204.562 
529,133121.906 
530,11760.328 
531,48654.961 
532,300327.219 
533,59281.336 
534,158101.172 
535,265158.188 
536,345989.906 
537,228849.547 
538,78801.758 
539,241861.969 
540,129860.422 
541,197178.328 
542,163875.453 
543,287879.344 
544,147211.156 
545,46490.875 
546,219979.156 
547,170940.812 
548,85765.250 
549,189023.844 
550,173688.344 
551,72042.172 
552,415223.750 
553,63048.508 
554,347777.375 
555,69150.672 
556,80158.789 
557,170242.453 
558,64329.914 
559,193567.391 
560,293401.562 
561,263265.812 
562,88542.484 
563,266595.594 
564,91935.156 
565,235272.828 
566,145563.078 
567,539263.188 
568,103061.633 
569,280939.750 
570,118057.586 
571,251529.719 
572,57096.641 
573,352703.750 
574,336483.406 
575,505840.125 
576,128341.453 
577,185400.391 
578,35365.289 
579,67102.430 
580,335075.469 
581,348597.125 
582,154002.094 
583,182956.047 
584,69593.953 
585,253608.891 
586,39426.059 
587,210533.141 
588,321912.656 
589,155612.766 
590,99430.297 
591,290688.719 
592,271800.562 
593,231167.312 
594,199036.828 
595,815898.250 
596,182305.875 
597,338739.750 
598,228574.969 
599,133320.922 
600,136882.188 
607,118821.312 
608,187851.812 
609,214553.219 
610,106976.391 
611,89172.500 
612,106214.875 
613,110777.906 
614,239214.656 
615,141032.844 
616,104456.461 
617,89073.234 
618,204709.828 
619,188880.562 
620,191232.156 
621,163323.531 
622,111198.547 
623,108779.383 
624,285924.844 
625,173512.156 
626,81767.367 
627,120685.117 
628,109596.219 
629,79164.047 
630,221172.969 
631,62568.605 
632,52909.910 
633,227275.359 
634,114083.789 
635,152425.406 
636,204348.609 
637,82018.289 
638,50910.961 
639,186091.312 
640,131576.844 
641,145688.922 
642,130989.344 
643,88647.867 
644,120640.734 
645,272459.312 
646,136656.906 
647,192285.281 
648,207315.031 
649,78480.836 
650,115403.430 
651,81528.664 
652,100454.008 
653,257840.594 
654,149916.156 
655,83686.055 
656,84395.453 
657,122686.828 
658,358288.500 
659,27038.459 
660,213835.531 
661,66639.656 
662,219867.750 
663,312926.562 
664,80680.867 
665,84424.047 
666,62105.047 
667,79298.305 
668,76496.227 
669,147532.156 
670,134678.422 
671,63852.117 
672,148325.094 
673,104670.664 
674,231653.562 
675,65130.715 
676,203481.547 
677,178800.969 
678,97229.320 
679,111193.703 
680,114426.398 
681,224299.172 
682,104806.750 
683,98098.594 
684,119286.922 
685,215014.016 
686,150813.406 
687,212597.781 
688,29492.457 
689,20334.041 
690,45395.098 
691,153947.391 
692,42588.465 
693,199958.531 
694,29455.918 
695,155088.938 
696,96199.062 
697,145952.797 
698,129681.578 
699,179564.062 
700,181774.812 
701,98667.750 
702,72722.281 
703,209906.953 
704,58927.426 
705,178627.188 
706,154188.297 
707,186136.219 
708,100463.359 
709,259509.500 
710,50534.297 
711,87750.133 
712,170215.969 
713,24922.684 
714,72166.562 
715,225838.062 
716,79537.391 
717,28014.025 
718,152903.250 
719,80166.680 
720,45576.031 
721,50395.605 
722,107174.336 
723,100432.625 
724,81827.203 
725,17526.328 
726,127293.141 
727,116210.641 
728,67131.656 
729,174224.375 
730,13513.730 
731,191630.719 
732,56932.578 
733,27269.055 
734,178124.484 
735,136767.375 
736,113004.281 
737,386690.000 
738,45287.828 
739,170009.484 
740,25870.650 
741,126785.070 
742,83035.078 
743,114832.906 
744,161378.922 
745,370096.469 
746,117564.227 
747,24285.859 
748,33843.836 
749,115760.938 
750,276193.031 
751,255914.125 
752,129850.445 
753,102331.688 
754,261047.688 
755,97177.312 
756,93022.141 
757,62472.773 
758,92511.844 
759,51081.168 
760,145241.594 
761,138041.297 
762,54452.887 
763,50393.445 
764,31633.199 
765,60389.645 
766,118995.180 
767,145003.547 
768,79036.914 
769,194247.688 
770,50426.555 
771,221772.375 
772,39043.719 
773,50254.324 
774,61293.668 
775,67426.719 
776,194877.578 
777,48915.461 
778,127352.922 
779,21248.406 
780,45886.258 
781,141141.297 
782,36085.648 
783,144786.984 
784,40686.176 
785,288909.062 
786,150334.922 
787,90618.430 
788,30448.977 
789,132565.359 
790,144294.141 
791,315143.125 
792,188340.500 
793,48358.469 
794,43035.102 
795,215787.328 
796,53541.055 
797,207410.453 
798,73801.852 
799,189240.078 
6,272955.125 
7,352536.531 
8,290012.094 
9,252113.609 
10,216271.516 
11,100414.180 
12,100327.062 
13,300032.906 
14,100603.570 
15,154845.750 
16,226610.188 
17,266829.688 
18,208807.781 
19,241744.234 
20,123223.062 
21,136246.109 
22,106146.000 
23,128529.531 
24,337186.969 
25,49753.844 
26,318807.281 
27,111248.273 
28,468795.250 
29,197362.578 
30,172140.047 
31,66446.109 
32,215445.875 
33,226029.484 
34,76227.641 
35,282369.438 
36,302022.906 
37,594529.625 
38,227818.734 
39,324786.125 
40,267526.938 
41,60723.320 
42,319959.469 
43,38314.426 
44,121173.781 
45,197083.656 
46,364444.219 
47,356117.875 
48,176369.453 
49,34963.535 
50,314575.812 
51,124883.820 
52,200219.203 
53,296067.812 
54,192788.875 
55,417162.156 
56,236367.203 
57,63115.348 
58,356992.750 
59,97197.523 
60,261718.484 
61,47042.477 
62,318650.969 
6,235482.359 
7,229112.625 
8,135191.266 
9,105291.773 
10,409462.656 
11,258657.234 
12,46611.180 
13,260082.344 
14,184899.188 
15,158614.562 
16,27451.025 
17,84209.031 
18,34179.277 
19,119629.359 
20,174032.984 
21,130794.570 
22,61948.508 
23,284367.969 
24,109893.258 
25,158835.297 
26,211701.281 
27,132633.031 
28,156595.906 
29,41923.457 
30,350349.562 
31,157869.344 
32,312589.812 
33,210498.125 
34,329296.531 
35,241764.422 
36,39038.902 
37,195787.469 
38,173889.906 
39,326455.125 
40,199155.312 
41,230520.344 
42,205894.641 
43,292267.688 
44,221258.703 
45,180249.688 
46,113190.805 
47,226317.094 
48,290944.344 
49,70716.641 
50,269172.875 
51,123590.078 
52,107625.758 
53,391977.062 
54,317927.625 
55,263564.531 
56,92222.062 
57,404486.219 
58,145218.156 
59,242696.766 
60,95766.477 
61,251420.375 
62,173111.688 
63,191204.609 
64,173956.969 
65,88860.859 
66,197252.562 
67,357067.719 
68,244582.906 
69,153726.391 
70,39125.773 
71,220210.938 
72,157324.734 
73,270127.469 
74,298348.000 
75,259613.438 
76,35371.145 
77,325453.844 
78,242157.344 
79,133304.141 
80,251268.781 
81,145946.062 
82,510435.781 
83,194503.062 
84,402781.281 
85,173117.078 
86,302245.688 
87,317044.625 
88,61229.367 
89,298832.062 
90,307694.594 
91,306349.719 
92,234390.312 
93,148427.969 
94,109919.492 
95,280528.719 
96,348707.156 
97,16541.146 
98,363315.531 
99,195728.062 
100,155769.344 
101,127184.461 
102,139903.438 
103,56710.078 
104,392286.188 
105,110780.070 
106,232179.438 
107,462979.125 
108,342782.312 
109,279922.344 
110,87153.406 
111,49930.812 
112,318387.156 
113,304909.688 
114,251074.188 
115,116547.734 
116,376299.156 
117,119906.266 
118,247446.969 
119,47359.711 
120,230978.234 
121,114693.328 
122,159277.094 
123,218437.312 
124,97651.961 
125,543737.500 
126,207701.781 
127,294426.531 
128,176062.031 
129,104811.625 
130,303181.750 
131,111039.766 
132,113675.266 
133,271982.219 
134,315126.688 
135,36192.141 
136,156759.438 
137,41076.703 
138,215471.344 
139,283234.750 
140,127336.875 
141,161813.000 
142,77149.516 
143,211357.656 
144,237259.500 
145,226823.016 
146,191141.484 
147,118408.742 
148,169361.812 
149,246379.828 
150,243674.375 
151,75000.203 
152,312452.656 
153,57115.973 
154,216939.469 
155,31444.867 
156,46120.426 
157,327171.406 
158,38506.695 
159,219920.016 
160,78219.430 
161,220909.297 
162,319837.875 
163,33179.758 
164,50253.855 
165,209959.172 
166,199967.719 
167,187232.000 
168,138380.953 
169,258734.688 
170,47027.039 
171,119223.031 
172,257244.766 
173,95596.727 
174,82474.227 
175,179202.609 
176,241853.500 
177,59412.426 
178,136664.062 
179,125805.484 
180,338786.875 
181,195495.953 
182,163213.062 
183,224449.812 
184,97150.453 
185,183488.391 
186,176223.641 
187,377861.125 
188,124094.945 
189,48189.793 
190,187364.062 
191,144510.156 
192,144656.203 
193,90448.328 
194,64675.051 
195,435700.125 
196,26724.559 
197,115160.445 
198,365771.812 
199,401909.062 
200,290046.812 
201,128102.102 
202,165017.312 
203,20368.424 
204,46029.484 
205,145940.375 
206,630069.688 
207,331219.594 
208,477327.531 
209,190975.375 
210,31299.711 
211,142563.672 
212,267147.156 
213,66850.047 
214,146142.859 
215,163074.406 
216,216562.812 
217,295622.531 
218,138033.375 
219,323476.344 
220,58938.555 
221,273002.375 
222,381627.344 
223,99758.133 
224,19936.195 
225,27468.379 
226,319369.062 
227,171741.562 
228,219337.625 
229,49240.258 
230,92553.797 
231,109074.359 
232,312820.969 
233,363208.625 
234,26998.170 
235,136367.781 
236,514972.312 
237,83074.750 
238,203881.344 
239,144688.062 
240,137529.828 
241,390383.969 
242,149576.219 
243,195717.328 
244,202408.047 
245,17881.084 
246,170563.781 
247,258575.266 
248,81207.750 
249,191298.188 
250,34787.312 
251,108128.883 
252,80672.367 
253,286614.625 
254,123712.453 
255,117792.219 
256,255023.625 
257,202801.016 
258,89629.062 
259,559088.312 
260,106236.727 
261,218210.422 
262,28267.822 
263,272380.688 
264,42071.812 
265,484362.750 
266,25789.244 
267,165916.031 
268,140394.406 
269,129080.336 
270,39195.168 
271,93772.281 
272,369347.625 
273,239122.734 
274,224870.750 
275,394401.969 
276,153292.641 
277,356944.281 
278,66434.461 
279,82909.000 
280,257743.281 
281,188655.203 
282,136495.781 
283,34143.312 
284,165848.062 
285,125826.602 
286,185572.266 
287,408966.562 
288,58748.941 
289,243035.234 
290,159200.594 
291,147009.141 
292,176491.312 
293,117490.805 
294,66933.812 
295,35314.469 
296,60441.727 
297,97020.188 
298,500908.625 
299,221906.562 
300,478764.188 
301,170929.547 
302,458688.438 
303,60412.312 
304,110975.750 
305,144685.688 
306,385743.125 
307,314648.469 
308,150061.469 
309,32249.031 
310,172719.547 
311,151198.281 
312,453904.375 
313,56538.957 
314,42792.305 
315,134575.922 
316,90729.781 
317,75264.906 
318,14350.661 
319,143294.438 
320,116578.719 
321,41122.844 
322,31319.984 
323,131374.844 
324,186921.703 
325,211283.250 
326,87121.578 
327,99994.594 
328,235343.078 
329,209201.406 
330,20908.453 
331,249669.328 
332,138257.875 
333,408306.656 
334,125461.430 
335,105162.281 
336,21296.957 
337,144535.703 
338,77487.867 
339,225926.500 
340,182612.094 
341,131570.766 
342,140523.469 
343,349590.188 
344,35660.262 
345,353618.938 
346,147129.484 
347,167750.906 
348,59349.965 
349,166975.656 
350,96543.688 
351,324853.438 
352,282127.062 
353,158707.438 
354,52353.461 
355,27851.018 
356,272994.406 
357,203219.625 
358,230883.656 
359,177249.344 
360,40529.707 
361,233030.281 
362,251362.516 
363,166537.703 
364,141676.109 
365,50898.117 
366,162730.703 
367,43101.289 
368,120261.023 
369,82246.234 
370,262760.062 
371,158418.719 
372,162413.938 
373,61892.504 
374,243614.531 
375,41123.156 
376,127717.352 
377,50798.812 
378,166616.016 
379,293334.938 
380,289056.250 
381,84286.734 
382,315251.188 
383,86800.617 
384,189614.906 
385,110331.547 
386,279582.938 
387,192574.750 
388,88705.266 
389,440467.156 
390,286219.406 
391,231334.094 
392,241605.094 
393,29881.223 
394,326374.594 
395,28310.006 
396,71481.398 
397,77551.297 
398,212753.531 
399,318987.625 
400,156660.328 
401,173073.031 
402,257081.750 
403,44681.625 
404,259869.500 
405,226254.578 
406,158459.094 
407,277116.562 
408,214232.750 
409,233405.000 
410,145109.812 
411,121845.445 
412,276059.750 
413,223109.094 
414,96363.203 
415,125681.352 
416,290663.125 
417,126218.109 
418,29279.654 
419,230109.297 
420,155343.578 
421,90454.539 
422,127772.219 
423,168889.203 
424,62850.484 
425,187668.656 
426,22458.186 
427,71158.539 
428,147950.938 
429,167012.750 
430,66116.430 
431,75657.750 
432,101838.812 
433,56719.062 
434,27578.791 
435,48989.586 
436,308309.719 
437,36619.152 
438,42408.539 
439,146371.297 
440,193015.594 
441,206040.797 
442,42998.129 
443,40275.664 
444,188504.609 
445,147911.094 
446,52146.441 
447,87302.797 
448,205901.641 
449,136039.062 
450,237397.438 
451,167709.172 
452,27104.344 
453,25619.242 
454,232468.766 
455,233744.500 
456,172873.641 
457,199493.406 
458,194341.047 
459,226781.328 
460,514511.125 
461,209466.156 
462,346056.688 
463,483704.375 
464,102056.250 
465,302207.812 
466,171669.250 
467,198740.609 
468,39400.793 
469,42975.977 
470,244056.266 
471,213687.578 
472,86731.305 
473,286970.250 
474,38849.957 
475,42136.605 
476,46056.660 
477,33592.027 
478,231511.047 
479,370143.750 
480,38279.277 
481,319424.312 
482,196987.047 
483,155189.250 
484,181854.562 
485,214874.953 
486,188885.594 
487,318977.000 
488,43728.355 
489,181596.453 
490,376367.250 
491,86431.727 
492,213338.703 
493,36883.344 
494,134431.156 
495,103879.781 
496,220566.656 
497,237320.281 
498,238003.203 
499,40325.680 
500,246305.109 
501,129889.484 
502,253522.359 
503,237935.531 
504,44116.445 
505,68992.469 
506,117223.500 
507,129397.617 
508,117552.977 
509,242787.328 
510,104019.578 
511,173970.875 
512,154252.219 
513,262762.531 
514,163558.000 
515,79415.758 
516,261196.656 
517,73476.617 
518,114978.883 
519,97201.820 
520,43683.305 
521,140326.797 
522,98735.742 
523,471716.625 
524,108432.258 
525,160371.938 
526,254981.812 
527,174817.500 
528,170463.453 
529,137590.750 
530,185225.984 
531,133550.828 
532,141409.734 
533,263777.062 
534,220809.219 
535,121570.266 
536,102308.961 
537,137408.688 
538,60468.402 
539,416072.531 
540,57495.703 
541,27329.986 
542,27202.021 
543,271873.062 
544,189439.734 
545,259921.031 
546,54870.508 
547,116556.430 
548,105122.148 
549,107168.359 
550,227519.141 
551,114146.953 
552,47270.938 
553,373302.562 
554,186321.969 
555,177018.109 
556,39812.660 
557,196465.969 
558,223845.734 
559,53024.309 
560,44304.539 
561,134470.234 
562,42624.574 
563,318542.750 
564,43593.762 
565,260235.531 
566,233126.969 
567,42513.375 
568,227213.188 
569,210462.438 
570,198566.031 
571,52439.758 
572,119533.328 
573,34384.215 
574,513283.562 
575,66263.719 
576,28524.562 
577,226154.969 
578,234219.094 
579,197018.094 
580,202080.531 
581,9703.349 
582,19385.795 
583,153458.906 
584,26822.539 
585,26301.955 
586,109347.828 
587,191589.031 
588,106087.375 
589,75243.547 
590,195500.891 
591,177659.547 
592,120069.453 
593,205411.094 
594,158797.906 
595,27359.055 
596,202588.688 
597,163750.953 
598,18406.854 
599,81481.625 
600,177297.469 
607,216917.672 
608,175161.766 
609,30611.062 
610,65817.375 
611,94198.641 
612,111459.141 
613,177936.984 
614,161564.859 
615,157997.375 
616,123771.484 
617,108003.977 
618,69590.961 
619,221539.375 
620,117865.312 
621,89375.094 
622,428715.219 
623,106418.086 
624,136804.828 
625,60617.145 
626,39928.918 
627,353747.406 
628,52155.484 
629,59912.742 
630,76040.922 
631,249293.047 
632,287422.750 
633,135201.172 
634,184567.969 
635,113555.984 
636,59887.188 
637,465532.969 
638,74606.211 
639,69289.508 
640,78419.133 
641,251980.281 
642,171986.031 
643,69982.789 
644,193898.797 
645,80779.414 
646,111408.992 
647,71484.570 
648,53820.438 
649,151549.234 
650,325292.094 
651,143043.766 
652,122805.750 
653,62380.293 
654,115500.078 
655,140834.641 
656,255135.125 
657,73451.938 
658,91335.688 
659,86068.555 
660,176835.391 
661,205521.531 
662,169001.250 
663,23629.328 
664,237647.438 
665,133928.641 
666,100815.062 
667,117837.375 
668,75499.680 
669,158341.188 
670,202589.000 
671,148104.156 
672,107166.656 
673,219648.250 
674,462770.375 
675,318117.562 
676,136454.156 
677,170149.438 
678,195382.672 
679,156351.406 
680,220133.656 
681,61950.930 
682,31972.039 
683,121819.133 
684,100079.102 
685,132703.562 
686,70832.320 
687,196699.984 
688,217721.984 
689,86422.750 
690,281754.812 
691,128550.500 
692,245081.047 
693,97038.812 
694,465482.188 
695,215481.734 
696,171666.875 
697,265194.500 
698,244466.578 
699,144424.859 
700,28912.875 
701,239355.469 
702,300283.688 
703,199628.609 
704,327797.531 
705,56460.613 
706,273738.938 
707,60035.188 
708,111719.742 
709,167761.703 
710,380185.875 
711,217026.359 
712,235027.641 
713,206169.344 
714,162111.172 
715,312205.938 
716,107033.109 
717,40513.543 
718,217875.156 
719,126452.859 
720,259889.906 
721,254265.219 
722,223501.625 
723,141003.469 
724,33581.340 
725,81488.023 
726,29591.104 
727,33933.027 
728,144490.797 
729,133695.266 
730,221251.625 
731,323097.219 
732,392821.906 
733,169292.453 
734,125614.711 
735,119152.328 
736,154048.750 
737,100610.359 
738,63280.773 
739,117648.906 
740,190582.297 
741,157894.906 
742,32595.270 
743,154216.469 
744,244159.156 
745,106285.391 
746,92245.875 
747,96064.906 
748,63123.090 
749,126304.086 
750,67576.648 
751,130320.430 
752,33012.441 
753,37184.176 
754,105528.781 
755,148644.031 
756,290047.906 
757,83375.547 
758,135638.688 
759,79396.203 
760,272860.000 
761,282527.375 
762,115280.953 
763,276775.094 
764,116613.422 
765,415089.406 
766,379929.625 
767,125606.461 
768,272230.781 
769,225125.016 
770,336377.000 
771,280587.812 
772,90182.891 
773,91855.875 
774,292803.719 
775,169593.156 
776,68134.703 
777,259705.984 
778,208445.219 
779,160212.750 
780,178511.703 
781,47296.586 
782,60529.664 
783,123171.789 
784,42108.371 
785,33012.734 
786,135917.281 
787,71845.797 
788,224456.688 
789,234004.562 
790,107209.828 
791,69249.984 
792,108009.516 
793,88069.102 
794,118623.656 
795,92644.945 
796,68027.531 
797,152930.344 
798,163492.062 
799,112015.312 
6,250924.031 
7,166094.812 
8,222484.812 
9,207924.031 
10,141491.391 
11,291998.438 
12,117267.102 
13,355577.719 
14,262474.656 
15,261748.844 
16,193164.547 
17,167542.547 
18,32779.824 
19,171124.781 
20,16423.176 
21,29626.133 
22,79359.672 
23,152185.984 
24,86646.062 
25,216757.000 
26,184176.125 
27,194179.531 
28,418219.281 
29,220805.672 
30,50103.508 
31,122593.438 
32,119363.156 
33,323011.062 
34,174516.594 
35,66907.398 
36,242631.344 
37,38977.242 
38,104700.617 
39,77529.922 
40,69645.797 
41,277544.938 
42,88003.141 
43,261291.859 
44,115025.273 
45,199647.109 
46,321052.094 
47,183819.328 
48,93532.266 
49,115688.344 
50,148027.891 
51,113045.977 
52,191290.516 
53,164852.219 
54,174773.750 
55,336121.062 
56,109410.750 
57,114447.055 
58,203941.594 
59,342234.656 
60,88786.719 
61,146529.812 
62,176473.750 
63,72698.078 
64,155715.297 
65,128362.664 
66,208175.141 
67,207011.156 
68,19766.797 
69,28629.846 
70,54331.598 
71,96258.789 
72,162125.531 
73,200286.141 
74,267964.219 
75,69989.062 
76,355459.281 
77,227255.219 
78,220287.656 
79,73416.008 
80,124785.688 
81,289861.625 
82,120031.414 
83,474645.844 
84,270570.781 
85,112074.656 
86,27379.539 
87,272384.625 
88,182258.250 
89,327066.250 
90,290259.781 
91,34162.402 
92,55731.055 
93,60111.133 
94,330024.094 
95,285494.812 
96,300319.750 
97,55712.480 
98,78489.992 
99,203933.719 
100,56242.652 
101,309457.875 
102,160953.094 
103,56712.691 
104,21423.059 
105,86560.922 
106,253876.531 
107,318658.281 
108,532254.812 
109,157191.406 
110,77026.359 
111,228001.891 
112,198197.656 
113,189749.469 
114,31580.816 
115,52590.832 
116,144737.625 
117,481921.625 
118,314143.438 
119,275214.469 
120,57462.375 
121,68550.320 
122,572055.125 
123,556299.625 
124,372029.000 
125,31472.250 
126,257006.188 
127,189711.719 
128,281873.500 
129,184824.016 
130,160291.062 
131,347051.969 
132,378349.875 
133,203033.703 
134,83966.531 
135,36855.582 
136,290871.125 
137,54101.645 
138,311059.406 
139,45936.047 
140,47997.766 
141,42814.875 
142,335071.969 
143,99879.438 
144,246988.938 
145,343270.750 
146,200472.656 
147,261939.641 
148,149143.344 
149,448068.594 
150,219197.625 
151,202017.062 
152,262050.844 
153,231429.594 
154,269813.000 
155,216587.156 
156,96519.086 
157,290625.438 
158,248817.344 
159,170755.297 
160,152881.656 
161,656535.562 
162,299763.250 
163,376274.219 
164,38966.648 
165,311078.969 
166,186971.969 
167,69925.570 
168,209399.000 
169,119293.555 
170,297560.438 
171,114178.797 
172,187313.328 
173,312283.156 
174,44026.750 
175,160899.953 
176,97173.188 
177,39147.457 
178,211399.219 
179,61396.621 
180,249042.703 
181,391456.312 
182,61984.113 
183,294289.688 
184,523610.438 
185,275456.125 
186,181950.000 
187,143641.891 
188,119797.852 
189,71922.734 
190,50037.781 
191,296825.812 
192,186401.656 
193,150912.250 
194,45127.918 
195,121874.000 
196,125836.852 
197,439318.812 
198,223972.406 
199,111564.555 
200,47960.816 
201,185867.906 
202,522531.375 
203,32404.766 
204,328349.375 
205,33961.340 
206,130189.141 
207,137131.219 
208,333924.719 
209,71649.867 
210,89057.438 
211,112158.242 
212,300086.438 
213,185182.453 
214,363559.406 
215,157811.859 
216,343774.031 
217,144908.438 
218,126912.656 
219,46674.305 
220,152417.641 
221,53125.391 
222,93738.703 
223,131701.562 
224,337130.125 
225,256179.484 
226,152679.312 
227,247503.375 
228,44942.711 
229,257202.016 
230,70755.953 
231,38826.926 
232,231558.734 
233,175841.344 
234,138550.281 
235,378621.906 
236,176251.219 
237,219568.922 
238,79086.922 
239,258442.062 
240,233141.422 
241,135909.562 
242,231620.250 
243,162500.062 
244,468784.188 
245,346660.781 
246,283072.875 
247,106041.469 
248,290698.938 
249,504967.938 
250,80349.055 
251,167756.016 
252,82327.594 
253,182436.547 
254,335158.062 
255,38131.766 
256,196388.516 
257,52206.945 
258,222547.203 
259,312682.219 
260,31523.635 
261,211539.719 
262,299285.219 
263,42646.434 
264,227002.500 
265,214376.938 
266,334810.625 
267,279387.062 
268,454839.875 
269,233427.719 
270,350385.469 
271,154966.906 
272,96139.172 
273,50482.484 
274,38233.703 
275,20644.166 
276,55297.512 
277,49797.199 
278,51150.648 
279,137783.719 
280,307643.500 
281,308873.812 
282,30554.973 
283,188914.453 
284,311204.875 
285,327706.844 
286,427036.406 
287,278471.094 
288,194690.562 
289,28739.650 
290,101525.172 
291,82024.148 
292,140695.500 
293,125466.953 
294,70979.914 
295,207232.984 
296,85790.141 
297,284545.062 
298,45465.625 
299,439272.656 
300,278950.500 
301,54620.449 
302,68840.016 
303,89089.773 
304,195694.625 
305,18236.027 
306,38570.453 
307,179885.625 
308,253020.891 
309,62553.430 
310,138812.719 
311,93346.023 
312,473827.500 
313,261605.562 
314,69637.406 
315,395366.812 
316,73149.359 
317,175503.156 
318,361718.781 
319,251776.594 
320,97100.266 
321,34065.133 
322,201857.031 
323,64947.023 
324,244138.484 
325,235792.203 
326,324763.312 
327,172932.891 
328,247911.625 
329,57605.453 
330,288632.250 
331,140368.016 
332,98695.492 
333,30797.605 
334,107211.898 
335,249260.094 
336,129420.938 
337,107040.352 
338,169086.672 
339,41463.477 
340,282756.688 
341,61619.035 
342,415221.688 
343,409966.656 
344,62772.094 
345,60558.570 
346,227630.391 
347,55189.539 
348,255020.969 
349,339960.000 
350,42804.531 
351,200436.047 
352,188806.266 
353,187859.656 
354,137271.719 
355,352883.938 
356,51922.445 
357,182014.453 
358,207199.859 
359,90677.062 
360,54775.500 
361,187931.547 
362,153947.812 
363,85564.625 
364,123938.922 
365,83444.781 
366,377871.250 
367,40549.656 
368,252821.391 
369,58520.852 
370,67979.070 
371,316162.375 
372,72046.148 
373,164854.453 
374,232885.312 
375,245735.000 
376,26433.465 
377,164409.656 
378,28922.629 
379,191592.875 
380,134451.062 
381,110177.422 
382,332997.906 
383,152191.016 
384,66664.875 
385,119259.828 
386,126700.602 
387,270656.688 
388,124422.281 
389,99687.164 
390,67097.273 
391,274854.000 
392,90967.523 
393,153304.797 
394,97504.289 
395,503117.969 
396,273485.906 
397,261591.594 
398,259053.062 
399,48442.879 
400,79094.281 
401,90569.242 
402,280918.062 
403,123476.375 
404,274714.438 
405,127243.133 
406,238913.594 
407,419608.438 
408,246595.406 
409,268825.031 
410,238682.812 
411,212818.500 
412,345937.625 
413,62757.641 
414,297541.875 
415,178606.656 
416,255379.531 
417,79883.391 
418,348935.750 
419,49471.172 
420,246897.031 
421,78493.203 
422,223449.859 
423,38521.918 
424,69386.570 
425,86499.383 
426,39309.102 
427,106924.508 
428,407692.594 
429,111672.492 
430,206274.031 
431,21870.865 
432,35532.242 
433,18922.918 
434,122591.930 
435,144395.359 
436,141674.594 
437,452867.562 
438,157790.844 
439,152481.516 
440,169421.469 
441,161804.094 
442,101088.703 
443,75394.844 
444,26393.355 
445,154997.688 
446,336898.375 
447,125712.672 
448,45349.730 
449,232258.859 
450,72107.836 
451,78537.750 
452,55182.938 
453,118385.844 
454,44136.570 
455,50288.246 
456,97312.672 
457,148124.547 
458,297307.344 
459,56067.484 
460,66857.414 
461,51492.578 
462,309904.969 
463,295510.312 
464,79400.062 
465,124301.984 
466,114754.859 
467,417139.500 
468,73625.484 
469,188606.516 
470,102111.031 
471,46505.922 
472,73669.031 
473,154115.188 
474,27547.676 
475,247949.047 
476,267881.688 
477,326997.000 
478,191572.344 
479,272747.656 
480,195650.281 
481,347085.719 
482,159890.312 
483,47034.586 
484,79065.516 
485,37356.832 
486,226340.812 
487,134066.656 
488,386585.562 
489,45186.949 
490,63443.016 
491,493044.656 
492,269872.969 
493,156022.328 
494,121303.016 
495,101308.695 
496,284361.875 
497,298674.812 
498,85551.930 
499,241324.938 
500,132818.219 
501,30742.852 
502,398927.719 
503,353291.469 
504,186008.312 
505,92739.156 
506,576990.125 
507,363143.719 
508,167379.578 
509,356600.438 
510,417461.875 
511,253227.062 
512,230502.734 
513,81289.656 
514,228103.359 
515,229722.422 
516,261188.656 
517,186211.484 
518,77073.250 
519,196401.594 
520,79363.352 
521,474799.312 
522,397874.031 
523,116155.672 
524,626601.875 
525,243576.344 
526,253110.719 
527,201392.172 
528,147495.750 
529,236895.062 
530,186857.281 
531,186812.609 
532,340692.281 
533,168181.578 
534,261989.719 
535,155099.234 
536,259231.000 
537,147212.844 
538,284220.312 
539,175913.734 
540,189007.844 
541,165943.672 
542,106798.797 
543,394738.000 
544,207188.156 
545,218317.594 
546,32982.184 
547,83136.500 
548,216253.844 
549,72079.031 
550,130209.727 
551,228102.266 
552,85620.656 
553,115083.742 
554,138994.391 
555,187561.516 
556,165663.656 
557,128223.672 
558,46631.008 
559,237295.188 
560,153522.266 
561,208143.625 
562,196729.125 
563,136456.328 
564,740294.750 
565,215084.156 
566,232817.312 
567,126023.547 
568,369277.125 
569,228611.578 
570,247048.844 
571,178231.469 
572,184799.625 
573,48938.117 
574,385983.406 
575,312915.938 
576,217615.188 
577,94676.250 
578,107558.055 
579,216462.391 
580,110040.828 
581,404056.812 
582,282630.438 
583,295613.344 
584,181846.281 
585,249141.016 
586,259739.859 
587,121838.602 
588,225923.047 
589,273014.969 
590,229817.812 
591,457813.281 
592,231557.234 
593,109285.555 
594,227696.719 
595,79229.750 
596,69752.367 
597,46479.324 
598,183105.109 
599,130680.875 
600,217656.062 
607,344198.875 
608,299564.062 
609,302616.469 
610,180368.109 
611,37606.887 
612,108132.945 
613,134247.125 
614,52919.973 
615,261507.594 
616,260126.969 
617,84490.719 
618,238499.062 
619,157854.141 
620,179397.844 
621,107743.953 
622,65955.422 
623,120908.586 
624,186273.891 
625,194825.172 
626,118190.891 
627,114027.000 
628,130133.500 
629,186062.609 
630,194162.531 
631,77303.234 
632,104702.336 
633,28703.918 
634,197771.156 
635,63837.328 
636,129684.953 
637,145481.219 
638,71900.562 
639,125973.391 
640,95557.562 
641,189564.531 
642,208134.203 
643,262778.000 
644,272475.062 
645,215658.938 
646,66321.562 
647,98981.805 
648,67825.828 
649,81155.156 
650,150746.984 
651,73747.180 
652,43412.531 
653,233923.062 
654,128059.734 
655,157322.172 
656,283248.812 
657,103648.328 
658,76283.664 
659,148157.562 
660,41288.059 
661,71846.727 
662,138911.531 
663,195183.578 
664,217464.359 
665,96627.953 
666,213726.578 
667,135861.922 
668,152592.906 
669,64283.047 
670,99391.719 
671,130228.188 
672,94630.375 
673,101385.117 
674,111031.758 
675,241895.047 
676,135671.172 
677,222789.172 
678,126699.664 
679,311467.156 
680,277359.000 
681,141291.328 
682,90414.734 
683,77356.516 
684,35415.074 
685,138849.219 
686,214509.859 
687,228757.172 
688,171662.500 
689,262877.438 
690,158617.656 
691,100514.648 
692,90939.633 
693,323679.188 
694,100997.242 
695,154899.625 
696,217147.047 
697,24871.057 
698,203464.203 
699,104220.266 
700,44497.648 
701,78047.773 
702,157390.656 
703,324125.094 
704,190281.641 
705,48146.434 
706,399959.125 
707,135705.469 
708,76074.234 
709,183899.391 
710,24802.752 
711,58476.344 
712,28283.629 
713,44681.785 
714,81199.305 
715,91389.188 
716,143852.859 
717,218619.688 
718,205637.656 
719,283648.938 
720,97318.945 
721,155229.562 
722,54935.676 
723,157813.562 
724,89753.453 
725,313948.844 
726,40392.109 
727,125457.453 
728,102586.539 
729,184764.000 
730,91395.953 
731,88869.383 
732,130834.500 
733,220390.188 
734,138988.797 
735,138961.016 
736,401778.688 
737,138033.906 
738,220700.922 
739,315999.844 
740,49676.523 
741,49852.430 
742,335683.031 
743,66777.320 
744,111230.508 
745,44386.203 
746,158606.875 
747,251206.797 
748,164021.875 
749,78075.547 
750,196452.547 
751,42046.152 
752,108936.141 
753,314316.062 
754,61017.953 
755,414206.875 
756,59959.109 
757,231637.188 
758,84593.016 
759,248863.891 
760,340967.562 
761,350344.469 
762,149254.047 
763,114227.703 
764,104465.883 
765,75607.719 
766,168199.391 
767,244010.062 
768,188433.359 
769,100680.562 
770,277820.281 
771,488094.469 
772,82605.664 
773,52170.840 
774,70776.055 
775,246421.531 
776,58354.707 
777,115341.312 
778,694802.125 
779,195144.703 
780,161340.125 
781,50389.734 
782,94131.492 
783,80639.172 
784,141005.109 
785,43224.750 
786,265534.844 
787,65921.992 
788,100530.430 
789,178890.328 
790,144774.328 
791,237149.422 
792,246615.312 
793,98353.172 
794,430523.344 
795,26166.707 
796,203011.188 
797,303777.250 
798,173946.125 
799,52626.688 
6,371909.750 
7,370730.969 
8,372559.812 
9,346663.875 
10,55992.824 
11,267655.594 
12,246677.469 
13,137004.219 
14,163527.141 
15,159536.906 
16,457653.438 
17,229153.891 
18,171541.797 
19,151135.703 
20,485963.031 
21,612003.938 
22,287893.750 
23,277664.375 
24,226645.984 
25,49314.297 
26,199189.609 
27,244036.984 
28,163583.734 
29,627880.375 
30,308690.156 
31,319807.312 
32,57197.703 
33,54426.203 
34,497522.312 
35,188415.469 
36,476420.125 
37,60668.695 
38,553402.000 
39,72406.023 
40,400375.500 
41,201645.906 
42,140738.625 
43,157275.797 
44,254816.891 
45,689066.938 
46,284861.406 
47,574350.375 
48,173854.547 
49,102038.586 
50,332212.844 
51,435380.750 
52,78153.289 
53,76709.352 
54,110871.312 
55,444651.500 
56,393778.500 
57,200861.500 
58,65400.945 
59,393116.250 
60,258661.859 
61,304657.562 
62,560707.750 
63,122863.336 
64,195392.344 
65,223770.328 
66,195804.750 
67,154200.203 
68,155638.672 
69,193898.156 
70,198180.375 
71,43888.148 
72,403916.688 
73,560329.312 
74,479106.406 
75,389521.375 
76,80981.195 
77,627470.000 
78,70993.930 
79,323919.562 
80,358605.000 
81,188699.531 
82,225370.078 
83,407061.625 
84,258143.906 
85,107883.375 
86,409228.625 
87,294538.375 
88,138197.281 
89,379295.625 
90,62951.410 
91,416799.156 
92,211044.516 
93,222331.734 
94,239685.562 
95,350194.000 
96,338139.688 
97,264781.562 
98,201137.422 
99,152050.359 
100,313661.281 
101,331490.125 
102,188508.812 
103,299634.906 
104,86126.039 
105,596147.500 
106,463265.750 
107,467883.062 
108,256017.500 
109,340613.125 
110,536813.750 
111,615834.375 
112,172278.047 
113,66710.922 
114,192786.469 
115,182641.250 
116,297261.250 
117,124114.250 
118,261687.547 
119,311997.000 
120,843592.312 
121,488266.781 
122,145029.109 
123,350683.531 
124,180364.688 
125,153962.156 
126,465371.781 
127,154430.922 
128,694985.375 
129,551616.938 
130,191271.375 
131,592003.125 
132,370860.625 
133,194693.047 
134,128503.688 
135,199184.281 
136,268593.406 
137,76205.852 
138,322018.594 
139,264621.562 
140,284834.188 
141,313972.969 
142,611852.375 
143,243945.203 
144,341699.031 
145,221524.797 
146,169359.703 
147,361009.781 
148,155632.250 
149,114285.688 
150,276496.656 
151,211686.188 
152,236652.031 
153,218004.781 
154,604486.875 
155,154724.141 
156,285056.031 
157,195457.375 
158,354231.188 
159,247352.359 
160,633174.312 
161,245353.500 
162,146968.812 
163,167537.219 
164,626321.062 
165,119943.766 
166,173836.156 
167,402937.781 
168,632620.625 
169,232428.078 
170,213636.656 
171,167607.641 
172,371258.625 
173,284810.500 
174,593682.812 
175,91646.969 
176,441488.312 
177,200374.516 
178,204950.375 
179,58014.148 
180,259462.141 
181,398019.812 
182,136756.062 
183,59266.445 
184,302169.469 
185,671110.500 
186,684330.125 
187,67732.453 
188,246282.156 
189,204726.734 
190,108039.859 
191,222414.156 
192,304153.438 
193,314369.656 
194,175044.703 
195,274549.281 
196,52045.379 
197,489693.812 
198,178620.281 
199,168439.016 
200,237126.594 
201,473095.844 
202,192494.219 
203,547945.938 
204,252038.141 
205,433402.688 
206,190585.219 
207,560898.250 
208,406137.500 
209,94758.625 
210,451488.281 
211,238414.578 
212,389046.156 
213,588295.062 
214,435193.906 
215,262052.250 
216,643537.375 
217,92112.477 
218,194671.797 
219,296253.969 
220,210005.156 
221,710062.000 
222,291318.156 
223,120525.062 
224,278576.531 
225,141542.562 
226,295304.281 
227,437717.500 
228,329409.781 
229,606595.125 
230,479149.938 
231,60329.547 
232,343224.656 
233,335812.844 
234,298211.750 
235,121909.609 
236,319116.156 
237,330238.719 
238,107342.555 
239,397708.000 
240,383732.000 
241,391330.750 
242,390572.938 
243,367063.906 
244,577545.188 
245,116749.914 
246,59286.367 
247,154772.625 
248,128440.141 
249,588516.625 
250,184743.188 
251,329491.000 
252,172096.281 
253,146963.141 
254,195914.500 
255,347071.344 
256,99224.883 
257,209176.500 
258,518683.625 
259,386749.094 
260,147018.438 
261,425026.969 
262,203888.094 
263,125593.922 
264,168016.047 
265,182691.172 
266,152014.438 
267,283328.688 
268,352626.250 
269,740940.125 
270,135437.953 
271,320841.312 
272,77913.578 
273,68289.477 
274,58119.820 
275,200646.406 
276,716423.000 
277,346723.562 
278,106852.562 
279,497800.031 
280,340765.219 
281,293039.719 
282,253138.125 
283,67572.312 
284,61722.043 
285,896321.750 
286,518285.656 
287,560781.562 
288,239077.484 
289,390334.062 
290,339772.531 
291,319525.688 
292,177549.500 
293,176895.938 
294,309915.031 
295,87218.898 
296,130184.758 
297,343792.594 
298,256752.609 
299,126794.750 
300,396906.969 
301,68854.539 
302,221776.562 
303,462417.875 
304,252756.547 
305,752215.125 
306,776052.062 
307,556897.750 
308,367082.844 
309,646134.938 
310,70222.570 
311,551446.812 
312,146064.641 
313,682946.875 
314,520140.469 
315,220826.219 
316,547718.812 
317,66717.758 
318,738633.750 
319,322575.250 
320,335363.000 
321,236145.812 
322,223895.781 
323,405208.188 
324,433084.125 
325,395784.250 
326,525876.125 
327,295670.562 
328,269366.156 
329,616398.875 
330,445913.250 
331,625991.000 
332,705675.375 
333,363204.156 
334,292706.562 
335,393655.125 
336,217517.625 
337,145649.625 
338,219595.031 
339,156063.234 
340,204637.625 
341,417775.719 
342,273883.938 
343,585574.438 
344,235699.375 
345,548288.625 
346,224510.969 
347,337717.000 
348,492578.719 
349,274999.438 
350,277921.188 
351,464108.312 
352,111379.234 
353,250122.641 
354,197464.969 
355,486246.438 
356,179702.234 
357,89652.148 
358,31213.473 
359,136229.094 
360,342872.438 
361,218003.297 
362,179027.031 
363,368798.250 
364,444667.250 
365,263730.281 
366,68393.500 
367,292129.719 
368,271483.906 
369,665035.875 
370,173890.438 
371,642450.375 
372,143500.984 
373,393408.625 
374,236616.016 
375,117658.234 
376,287114.625 
377,215370.062 
378,91108.805 
379,535435.875 
380,163467.234 
381,249996.984 
382,187765.266 
383,121577.906 
384,234407.547 
385,1347286.000 
386,658514.625 
387,207695.719 
388,176299.812 
389,169228.000 
390,208464.219 
391,414167.938 
392,542698.875 
393,438096.656 
394,363124.312 
395,184762.156 
396,404587.062 
397,463787.969 
398,144960.469 
399,268636.312 
400,155817.047 
401,215915.656 
402,524892.312 
403,424429.125 
404,126225.531 
405,347052.656 
406,215395.312 
407,408123.625 
408,139599.094 
409,104113.039 
410,346993.312 
411,247928.516 
412,171373.719 
413,184821.672 
414,148492.922 
415,231279.859 
416,445106.000 
417,772242.250 
418,145712.141 
419,361586.844 
420,62920.980 
421,917611.250 
422,218768.031 
423,392688.188 
424,106776.438 
425,289115.344 
426,148270.031 
427,161112.562 
428,353644.188 
429,141723.406 
430,236317.906 
431,408394.656 
432,365474.031 
433,75082.570 
434,362707.188 
435,220542.922 
436,108088.062 
437,365648.219 
438,434425.781 
439,363575.688 
440,699611.750 
441,110680.188 
442,234002.500 
443,240146.469 
444,345211.812 
445,271479.812 
446,207615.562 
447,106173.750 
448,283023.938 
449,40866.797 
450,268987.469 
451,267897.094 
452,97315.898 
453,636505.938 
454,155088.219 
455,139485.500 
456,126346.125 
457,278506.062 
458,109434.602 
459,130098.242 
460,62138.078 
461,350281.188 
462,285622.000 
463,661158.625 
464,138502.281 
465,218224.422 
466,151402.516 
467,156128.094 
468,67709.562 
469,130532.352 
470,258531.016 
471,536969.625 
472,105415.109 
473,22962.602 
474,408256.531 
475,50726.922 
476,127316.281 
477,124809.539 
478,137822.812 
479,259689.359 
480,539570.875 
481,99744.422 
482,124176.641 
483,72983.852 
484,339257.938 
485,318584.688 
486,777028.125 
487,166568.766 
488,213071.812 
489,372877.906 
490,669220.062 
491,52441.840 
492,133204.625 
493,124498.922 
494,329221.188 
495,348205.281 
496,468225.312 
497,52304.766 
498,260505.031 
499,351801.688 
500,188879.672 
501,87943.172 
502,100762.859 
503,458383.781 
504,163229.156 
505,263283.438 
506,163488.516 
507,366755.688 
508,240366.625 
509,135248.281 
510,186360.312 
511,281527.500 
512,29616.617 
513,332331.875 
514,172102.062 
515,225345.766 
516,303582.094 
517,205110.406 
518,657224.938 
519,67472.453 
520,47506.270 
521,163851.156 
522,457304.625 
523,221308.953 
524,205059.469 
525,288595.875 
526,484984.094 
527,139221.281 
528,144678.859 
529,168689.969 
530,61273.895 
531,249730.344 
532,639683.312 
533,464512.031 
534,212872.062 
535,379066.469 
536,76327.008 
537,239683.297 
538,117762.508 
539,400659.562 
540,199497.469 
541,119400.055 
542,42728.719 
543,195632.906 
544,120060.016 
545,122371.852 
546,147548.062 
547,223079.797 
548,73590.141 
549,305069.562 
550,141697.969 
551,532107.125 
552,438108.625 
553,269019.188 
554,222841.531 
555,466445.062 
556,67676.719 
557,145542.719 
558,117946.953 
559,356098.562 
560,51197.473 
561,204071.516 
562,367691.312 
563,93075.766 
564,412529.562 
565,310559.531 
566,102749.578 
567,189534.484 
568,284456.125 
569,81743.656 
570,306371.562 
571,114604.953 
572,147823.172 
573,111760.609 
574,174805.156 
575,256168.781 
576,369996.188 
577,247834.953 
578,160112.156 
579,331103.500 
580,306200.375 
581,73508.391 
582,282860.438 
583,650218.438 
584,287212.406 
585,199801.594 
586,300219.750 
587,298344.219 
588,172043.625 
589,29321.299 
590,78622.984 
591,96637.922 
592,320837.250 
593,631666.875 
594,224674.219 
595,593930.000 
596,273975.094 
597,74100.094 
598,672381.500 
599,58532.508 
600,487512.344 
607,74958.805 
608,61320.027 
609,78918.625 
610,48757.680 
611,36207.422 
612,63008.523 
613,25715.773 
614,53554.945 
615,218702.578 
616,42374.641 
617,190156.969 
618,199657.719 
619,171177.312 
620,47777.184 
621,27078.742 
622,87053.789 
623,29564.246 
624,110004.703 
625,129942.555 
626,139560.016 
627,42491.625 
628,44203.309 
629,28204.332 
630,120374.680 
631,90782.961 
632,89078.312 
633,88177.242 
634,170221.172 
635,99732.500 
636,140795.719 
637,96257.008 
638,190951.688 
639,45331.824 
640,97282.664 
641,65469.125 
642,111645.758 
643,33333.891 
644,161716.344 
645,187044.047 
646,185934.562 
647,130575.320 
648,56870.621 
649,126737.812 
650,153611.172 
651,216100.844 
652,204413.000 
653,82351.039 
654,96130.672 
655,145481.906 
656,184461.812 
657,67796.984 
658,52000.277 
659,125832.453 
660,230958.062 
661,61082.742 
662,177060.297 
663,41232.254 
664,56501.023 
665,205283.266 
666,76551.289 
667,164553.406 
668,157544.750 
669,30825.738 
670,189803.375 
671,62655.039 
672,81466.898 
673,100487.227 
674,65759.117 
675,145218.625 
676,136082.719 
677,133095.641 
678,85224.352 
679,208330.094 
680,68479.555 
681,103793.188 
682,96986.406 
683,68035.680 
684,251467.109 
685,114441.430 
686,71582.281 
687,149898.812 
688,51141.883 
689,55289.820 
690,42193.965 
691,72063.094 
692,248670.234 
693,36122.832 
694,234499.016 
695,77252.930 
696,51563.078 
697,112027.766 
698,197290.641 
699,72871.023 
700,96789.773 
701,213207.344 
702,84031.664 
703,233758.438 
704,73654.203 
705,114101.586 
706,115122.359 
707,57690.102 
708,71646.359 
709,31417.723 
710,54285.059 
711,69641.453 
712,87824.641 
713,105947.234 
714,42068.195 
715,106425.219 
716,84303.711 
717,212493.172 
718,146287.375 
719,163685.625 
720,37683.355 
721,65422.875 
722,161267.047 
723,88176.477 
724,136308.219 
725,23411.049 
726,95508.148 
727,124290.812 
728,82442.719 
729,20846.764 
730,107659.969 
731,68334.953 
732,93774.961 
733,123258.180 
734,41729.992 
735,13935.760 
736,32994.602 
737,126852.656 
738,39367.305 
739,133559.219 
740,61754.234 
741,30257.502 
742,36355.328 
743,79126.969 
744,108868.477 
745,150665.500 
746,97265.531 
747,28922.260 
748,388852.156 
749,87659.078 
750,46434.199 
751,34796.352 
752,88892.539 
753,46770.621 
754,68918.656 
755,126992.047 
756,182352.188 
757,154441.453 
758,67422.109 
759,77048.141 
760,11861.740 
761,92510.547 
762,64071.543 
763,27579.008 
764,56507.340 
765,65241.828 
766,65786.672 
767,92587.469 
768,29277.273 
769,132574.922 
770,96417.852 
771,78837.242 
772,82878.758 
773,96027.039 
774,44654.047 
775,39671.867 
776,40743.734 
777,38051.273 
778,75793.180 
779,133713.469 
780,86986.000 
781,60732.758 
782,23111.105 
783,41478.539 
784,130767.789 
785,42389.336 
786,73232.195 
787,31032.203 
788,139939.703 
789,53007.797 
790,83288.922 
791,32267.879 
792,7590.530 
793,63379.953 
794,37882.094 
795,64354.805 
796,19203.564 
797,15304.624 
798,33231.680 
799,139422.719 
6,1500457.375 
7,1453927.250 
8,2103348.500 
9,1017623.438 
10,85667.977 
11,2498234.250 
12,2052066.500 
13,956623.875 
14,586188.125 
15,1123001.500 
16,2406812.000 
17,121996.031 
18,1244755.500 
19,419128.875 
20,1751219.500 
21,1030815.812 
22,836212.500 
23,1507186.250 
24,1221034.750 
25,166251.797 
26,525531.812 
27,418047.125 
28,757820.562 
29,338585.000 
30,2145834.250 
31,463809.594 
32,110819.961 
33,530565.375 
34,755514.000 
35,601670.500 
36,725274.938 
37,339275.031 
38,453257.750 
39,635700.500 
40,1061281.375 
41,777559.250 
42,1256193.500 
43,1003484.875 
44,649309.750 
45,916913.625 
46,251463.375 
47,509166.188 
48,320238.781 
49,1106388.500 
50,752760.125 
51,876828.500 
52,417239.438 
53,1114513.625 
54,432432.406 
55,148020.094 
56,361487.094 
57,1727631.000 
58,550598.000 
59,1692986.125 
60,1341944.500 
61,1153921.375 
62,201389.500 
63,1597971.875 
64,1866931.000 
65,588535.125 
66,393063.781 
67,747845.938 
68,2474796.500 
69,615473.375 
70,946339.875 
71,838139.750 
72,610343.875 
73,1735311.750 
74,1972598.875 
75,241882.781 
76,1909075.250 
77,237643.812 
78,2348447.500 
79,596551.625 
80,233042.469 
81,1053955.750 
82,521727.875 
83,3081087.750 
84,219220.281 
85,1840274.750 
86,1205320.500 
87,1383554.125 
88,2115938.000 
89,1297510.500 
90,2828414.500 
91,648761.250 
92,2722735.000 
93,625384.250 
94,1984327.875 
95,1966663.875 
96,787778.062 
97,1885164.000 
98,850418.312 
99,583449.312 
100,2254297.500 
101,2272538.000 
102,1013043.750 
103,2591544.500 
104,2917823.500 
105,891147.000 
106,1471761.250 
107,408424.062 
108,2299924.750 
109,1453231.500 
110,2504712.250 
111,1722537.750 
112,1462119.750 
113,268871.781 
114,2445303.000 
115,414346.312 
116,882207.938 
117,353184.469 
118,2019009.750 
119,1490615.625 
120,977836.625 
121,876110.875 
122,1091112.250 
123,397936.562 
124,881365.250 
125,231381.031 
126,1930351.500 
127,905975.562 
128,955130.812 
129,650101.875 
130,305509.938 
131,1566176.375 
132,1754617.000 
133,491879.438 
134,166542.500 
135,487878.312 
136,595050.875 
137,552552.000 
138,1264269.000 
139,305660.625 
140,886247.312 
141,2320073.750 
142,1124548.500 
143,1687884.875 
144,1087413.750 
145,2855933.500 
146,1024539.125 
147,816764.438 
148,1276711.625 
149,1008315.812 
150,1657720.750 
151,1652050.250 
152,826271.375 
153,3024488.750 
154,1377075.875 
155,791674.562 
156,1040415.500 
157,1451562.875 
158,1023801.750 
159,1552779.000 
160,568419.125 
161,273469.250 
162,1494522.125 
163,3987918.750 
164,317046.906 
165,1950040.500 
166,1093990.375 
167,2413556.500 
168,894291.750 
169,992643.938 
170,1531221.375 
171,1738722.750 
172,590676.875 
173,2122965.750 
174,547213.625 
175,1459174.750 
176,400545.375 
177,545418.062 
178,2854314.500 
179,358424.062 
180,1200451.750 
181,1422685.875 
182,513078.312 
183,1005523.562 
184,497791.625 
185,589163.000 
186,1318501.750 
187,458943.344 
188,2673938.000 
189,839094.250 
190,334731.656 
191,1121170.750 
192,1702464.750 
193,585618.125 
194,1954716.500 
195,1618194.625 
196,515396.438 
197,1165074.000 
198,1097445.500 
199,544911.000 
200,256836.516 
201,322818.344 
202,1037275.188 
203,733336.250 
204,1396087.125 
205,442999.156 
206,402586.125 
207,1359552.250 
208,553525.812 
209,2460193.750 
210,1956326.000 
211,1322043.500 
212,2270375.750 
213,1391202.250 
214,1552502.000 
215,1416314.375 
216,872759.938 
217,2931252.500 
218,1224006.375 
219,1174884.125 
220,1274500.125 
221,604577.938 
222,1665889.125 
223,945184.062 
224,989411.250 
225,885254.500 
226,388935.062 
227,595248.562 
228,1016817.500 
229,1244108.250 
230,158767.062 
231,1518344.125 
232,766566.000 
233,3446424.500 
234,476878.438 
235,1560709.375 
236,1147817.500 
237,2233005.000 
238,1043145.125 
239,1011511.250 
240,624609.000 
241,927349.938 
242,1140966.500 
243,326676.469 
244,425320.406 
245,2291281.000 
246,2355383.000 
247,898583.375 
248,1467158.375 
249,1532918.000 
250,1607918.125 
251,758120.250 
252,180049.672 
253,1126828.250 
254,664721.375 
255,2731942.750 
256,516955.688 
257,1488296.250 
258,871204.750 
259,1990735.250 
260,1094742.250 
261,1228488.125 
262,775360.125 
263,1373544.375 
264,1084985.000 
265,1261685.750 
266,201811.828 
267,594857.562 
268,478845.750 
269,1441821.000 
270,1843994.125 
271,2011050.000 
272,959229.562 
273,250980.734 
274,508760.250 
275,1422661.875 
276,1216888.625 
277,931595.062 
278,689429.562 
279,967825.625 
280,942886.312 
281,850697.750 
282,2025117.500 
283,814428.375 
284,395084.406 
285,1964025.500 
286,2126215.750 
287,1171220.500 
288,675838.188 
289,1018241.062 
290,1108760.500 
291,431130.500 
292,583742.875 
293,708035.250 
294,1450500.625 
295,498262.031 
296,1098777.250 
297,422770.406 
298,1315474.750 
299,1376558.250 
300,957771.625 
301,1112139.625 
302,359900.750 
303,2222904.000 
304,129652.609 
305,1005090.438 
306,1394302.375 
307,604313.188 
308,1039744.938 
309,483142.219 
310,798569.125 
311,2012044.000 
312,861188.375 
313,1544536.000 
314,247601.312 
315,1023565.562 
316,616061.312 
317,1528177.625 
318,264647.062 
319,905421.000 
320,562045.500 
321,349328.219 
322,372208.375 
323,279389.406 
324,567688.500 
325,1543241.625 
326,607630.875 
327,638938.812 
328,1358818.250 
329,941851.188 
330,413236.812 
331,840731.438 
332,448444.969 
333,573486.000 
334,1235519.125 
335,402825.062 
336,697396.000 
337,406979.500 
338,507530.531 
339,991231.438 
340,598338.688 
341,737304.938 
342,371996.625 
343,942407.500 
344,1885390.875 
345,1480981.750 
346,2331125.500 
347,1142357.625 
348,2078388.750 
349,479768.281 
350,838951.062 
351,829092.750 
352,2240239.000 
353,826680.688 
354,512776.344 
355,905449.562 
356,240001.828 
357,485980.688 
358,2160848.000 
359,306905.688 
360,448365.781 
361,313081.531 
362,477404.906 
363,1061852.375 
364,455215.875 
365,858558.750 
366,499136.938 
367,292703.094 
368,2546122.000 
369,248457.797 
370,336964.531 
371,1763152.125 
372,951268.000 
373,699721.250 
374,1136974.250 
375,123420.570 
376,1109990.750 
377,1663028.875 
378,268281.094 
379,2465167.000 
380,953757.375 
381,3100641.000 
382,612695.688 
383,573850.375 
384,242499.562 
385,2587396.250 
386,416886.406 
387,1114069.500 
388,512836.688 
389,822469.500 
390,317924.375 
391,808526.688 
392,1260502.750 
393,327643.500 
394,731029.312 
395,2037921.875 
396,2085278.500 
397,352425.156 
398,920073.562 
399,521681.688 
400,273333.406 
401,1193735.750 
402,1756141.000 
403,174812.531 
404,504236.719 
405,1421482.125 
406,1773740.125 
407,504215.750 
408,1416300.625 
409,1054283.250 
410,255603.000 
411,849934.562 
412,647860.125 
413,1056895.750 
414,274950.219 
415,503381.625 
416,2161117.000 
417,654780.375 
418,2130996.000 
419,456065.812 
420,521248.500 
421,387109.688 
422,1320125.125 
423,1289842.000 
424,205790.156 
425,1155543.875 
426,145775.250 
427,1380546.125 
428,1181375.125 
429,1268008.000 
430,1126949.000 
431,1953026.750 
432,659060.188 
433,931009.000 
434,778222.562 
435,475646.906 
436,888137.000 
437,1318694.125 
438,501406.750 
439,2161586.000 
440,2443047.500 
441,294768.625 
442,1944374.250 
443,2406813.000 
444,820309.188 
445,596239.625 
446,1181304.750 
447,1319801.875 
448,890645.750 
449,432055.375 
450,583395.312 
451,1330087.625 
452,1909066.250 
453,626999.750 
454,453829.500 
455,871405.688 
456,2044342.750 
457,1118886.000 
458,1276036.000 
459,987622.812 
460,1632502.250 
461,1018048.562 
462,1057462.750 
463,929189.438 
464,594836.250 
465,1029646.062 
466,2081003.500 
467,656299.438 
468,1191036.000 
469,1099008.750 
470,1891523.750 
471,1613525.625 
472,2489907.500 
473,384014.438 
474,453403.219 
475,390023.844 
476,289706.688 
477,1176317.875 
478,1692323.750 
479,2876702.000 
480,1654627.625 
481,1077477.625 
482,1918013.500 
483,659513.000 
484,950486.375 
485,1299865.125 
486,250501.156 
487,923131.625 
488,402404.062 
489,591537.312 
490,751043.375 
491,539203.250 
492,1416710.750 
493,651992.875 
494,947795.625 
495,919712.125 
496,691358.375 
497,993229.000 
498,2179803.250 
499,1174567.250 
500,1086267.375 
501,1008213.500 
502,1949857.125 
503,1846422.250 
504,492263.531 
505,119653.797 
506,347345.375 
507,1259306.500 
508,1370861.375 
509,849758.688 
510,466563.625 
511,451054.562 
512,420403.750 
513,783245.750 
514,388238.750 
515,1734575.500 
516,2537015.000 
517,1108285.375 
518,1571124.000 
519,925527.312 
520,1355624.750 
521,392365.156 
522,1233667.125 
523,643833.062 
524,891151.625 
525,388428.938 
526,1501986.000 
527,2128074.750 
528,231745.281 
529,2966238.750 
530,170273.734 
531,632374.750 
532,1764472.500 
533,598356.250 
534,2720007.250 
535,1023891.312 
536,1576807.750 
537,1998566.000 
538,858317.062 
539,3117287.000 
540,582223.750 
541,474310.688 
542,378175.875 
543,235555.484 
544,289152.688 
545,2609790.250 
546,287997.375 
547,1444623.125 
548,448664.375 
549,2236109.250 
550,1686084.500 
551,437193.594 
552,539981.438 
553,1774857.750 
554,303478.688 
555,1781734.500 
556,1026956.625 
557,244445.875 
558,745898.875 
559,1065041.000 
560,1210489.625 
561,1311252.250 
562,994955.375 
563,1430285.750 
564,489380.562 
565,1831412.125 
566,439941.500 
567,1496505.125 
568,754775.938 
569,2703759.500 
570,1413737.375 
571,592148.438 
572,1713464.375 
573,1598639.750 
574,1523609.000 
575,486549.062 
576,465230.344 
577,685990.562 
578,2276872.000 
579,1411555.750 
580,899400.375 
581,2194877.250 
582,2245813.750 
583,440095.438 
584,1254984.375 
585,1063871.125 
586,1477322.875 
587,832892.812 
588,1044590.688 
589,2587922.250 
590,1015072.875 
591,1722766.125 
592,1949973.250 
593,1408493.375 
594,1615796.750 
595,467907.500 
596,554942.562 
597,753595.812 
598,2756352.500 
599,181577.375 
600,253671.562 
607,631954.750 
608,597516.250 
609,703254.438 
610,302646.812 
611,1755899.625 
612,454756.781 
613,1484658.250 
614,245112.312 
615,663241.875 
616,333199.438 
617,1133621.250 
618,490710.125 
619,1593840.500 
620,150998.312 
621,172446.609 
622,145451.406 
623,180582.328 
624,501126.562 
625,1285069.000 
626,1108791.875 
627,410035.062 
628,130035.297 
629,411771.625 
630,158164.625 
631,1052630.250 
632,1041931.625 
633,203806.422 
634,102814.305 
635,160942.375 
636,1327434.500 
637,138425.734 
638,992401.750 
639,119296.281 
640,98687.609 
641,320150.656 
642,96708.234 
643,170539.969 
644,67958.883 
645,378909.281 
646,1048561.000 
647,74855.414 
648,1258247.000 
649,211678.469 
650,210606.219 
651,140870.688 
652,365898.281 
653,124877.281 
654,289666.438 
655,1016494.625 
656,150697.125 
657,431324.938 
658,166770.406 
659,148495.016 
660,251710.969 
661,344560.062 
662,170037.375 
663,113974.094 
664,131772.281 
665,156080.469 
666,143320.734 
667,242775.359 
668,179808.766 
669,173426.219 
670,181739.047 
671,100566.484 
672,631411.000 
673,405663.625 
674,104826.977 
675,44172.773 
676,161936.750 
677,142609.922 
678,180800.250 
679,139008.531 
680,144033.656 
681,186863.109 
682,165188.422 
683,199911.391 
684,121941.133 
685,170240.875 
686,409349.969 
687,1127787.125 
688,244443.625 
689,443470.094 
690,975413.000 
691,666053.375 
692,536794.562 
693,944386.375 
694,107426.516 
695,137165.672 
696,658864.750 
697,124156.586 
698,149626.031 
699,156704.828 
700,169704.312 
701,144183.000 
702,361154.844 
703,322921.125 
704,202844.109 
705,211408.656 
706,125792.695 
707,195201.141 
708,96001.125 
709,235980.281 
710,182277.109 
711,354047.594 
712,648251.188 
713,104245.461 
714,445192.531 
715,373355.969 
716,222221.781 
717,155438.188 
718,294777.844 
719,122814.914 
720,590253.812 
721,225502.016 
722,107700.805 
723,1401390.500 
724,531941.875 
725,1734044.875 
726,150028.344 
727,1581486.625 
728,173803.094 
729,915536.312 
730,432422.312 
731,1250370.125 
732,341734.875 
733,1161927.375 
734,1124830.375 
735,2044354.000 
736,341931.750 
737,118604.719 
738,906826.125 
739,676828.625 
740,264984.781 
741,1662632.625 
742,178216.266 
743,157304.391 
744,353565.688 
745,691089.688 
746,199174.953 
747,1107145.250 
748,638911.688 
749,276598.750 
750,182573.047 
751,511744.531 
752,2116849.750 
753,366735.812 
754,525384.500 
755,2219754.750 
756,1660099.500 
757,116238.125 
758,712399.438 
759,386430.875 
760,404852.781 
761,724017.125 
762,263844.156 
763,1174391.625 
764,167376.250 
765,247779.812 
766,183489.438 
767,1118811.000 
768,817463.812 
769,164261.406 
770,1235252.750 
771,545644.688 
772,829557.125 
773,2363924.000 
774,194717.250 
775,1273335.000 
776,152980.891 
777,109117.266 
778,269673.188 
779,323396.500 
780,286195.562 
781,183323.812 
782,258832.203 
783,515679.094 
784,1124983.625 
785,1954472.750 
786,209532.312 
787,1645197.750 
788,1171964.000 
789,1625635.750 
790,1357897.250 
791,846331.125 
792,655270.688 
793,307450.219 
794,223100.109 
795,214273.688 
796,959154.062 
797,201845.172 
798,557688.438 
799,224935.719 
6,23121408.000 
7,15246575.000 
8,22936968.000 
9,14090018.000 
10,14815396.000 
11,25891736.000 
12,15383617.000 
13,4813763.000 
14,18703894.000 
15,12722873.000 
16,7446603.000 
17,18055178.000 
18,11885917.000 
19,3331815.000 
20,13980330.000 
21,6649027.000 
22,19405570.000 
23,15478545.000 
24,12825898.000 
25,8236485.000 
26,888014.625 
27,6777026.000 
28,6743164.000 
29,9326267.000 
30,3385750.250 
31,7116503.000 
32,1796534.000 
33,9410557.000 
34,3877464.500 
35,4277866.000 
36,5100013.500 
37,2504852.750 
38,8460552.000 
39,2344928.500 
40,2451377.500 
41,3362776.000 
42,2695973.750 
43,3651678.750 
44,848016.750 
45,1338685.000 
46,1478746.375 
47,5627242.000 
48,3579450.750 
49,3374557.250 
50,2784392.500 
51,16029118.000 
52,6306657.500 
53,6615279.500 
54,5737937.000 
55,4225843.500 
56,793998.062 
57,3340361.250 
58,8031553.000 
59,1083882.750 
60,5248111.000 
61,8129429.000 
62,8068371.000 
63,1505043.875 
64,5501006.500 
65,13522726.000 
66,3876252.750 
67,5934313.000 
68,13454226.000 
69,12891104.000 
70,14489577.000 
71,5760148.500 
72,3378354.500 
73,4359011.000 
74,9306683.000 
75,9110830.000 
76,2050072.250 
77,6756221.000 
78,3200357.250 
79,6650286.000 
80,16172749.000 
81,3660071.250 
82,2591062.500 
83,5140673.000 
84,5698572.500 
85,4365800.000 
86,4371693.500 
87,7141461.000 
88,7124921.000 
89,9328175.000 
90,15424848.000 
91,11569857.000 
92,2141495.250 
93,6841350.000 
94,7143555.000 
95,8340460.000 
96,9869182.000 
97,4180819.000 
98,11986050.000 
99,19601548.000 
100,6667096.000 
101,5552116.500 
102,14396147.000 
103,16862250.000 
104,6728646.500 
105,5002592.000 
106,9038482.000 
107,2301985.000 
108,7016105.500 
109,30231480.000 
110,19788024.000 
111,2093896.500 
112,6026397.000 
113,5291858.000 
114,8236258.500 
115,1502677.500 
116,13183343.000 
117,6191684.500 
118,2648215.000 
119,6923436.500 
120,13365412.000 
121,13284773.000 
122,6260561.500 
123,7717013.000 
124,13805517.000 
125,5642446.000 
126,5730759.000 
127,15799984.000 
128,6798148.500 
129,11102657.000 
130,5673938.000 
131,5417883.000 
132,10587698.000 
133,14039524.000 
134,10428114.000 
135,1975223.875 
136,9233116.000 
137,6608711.000 
138,6065521.000 
139,5671264.500 
140,24400288.000 
141,3633434.250 
142,1451375.250 
143,3792175.500 
144,20293472.000 
145,9686429.000 
146,8172909.500 
147,13527264.000 
148,15988398.000 
149,4898909.500 
150,10388687.000 
151,3144356.500 
152,2326436.500 
153,14477197.000 
154,1178596.375 
155,3176089.500 
156,12570313.000 
157,8988420.000 
158,10775308.000 
159,11009302.000 
160,2834534.000 
161,11350340.000 
162,13799109.000 
163,757000.812 
164,4561570.500 
165,523382.750 
166,6598685.000 
167,3216141.750 
168,2006738.750 
169,5108610.500 
170,11679819.000 
171,6618698.000 
172,1362753.375 
173,7773426.500 
174,17855138.000 
175,3679243.500 
176,8498111.000 
177,11266099.000 
178,3804986.000 
179,2630087.250 
180,2827182.750 
181,784774.125 
182,6336675.000 
183,12133145.000 
184,2248097.500 
185,11521842.000 
186,11207429.000 
187,2996197.000 
188,10958028.000 
189,1598038.750 
190,25054268.000 
191,7795898.500 
192,13085770.000 
193,7622969.000 
194,1997875.250 
195,7150874.000 
196,9070079.000 
197,2354322.750 
198,1432688.000 
199,4689293.000 
200,13412414.000 
201,1789048.625 
202,3801745.500 
203,4439591.000 
204,6776890.000 
205,1531848.500 
206,11195903.000 
207,5619969.000 
208,12958122.000 
209,4440826.500 
210,10627189.000 
211,6471433.000 
212,5530711.000 
213,12579529.000 
214,11649382.000 
215,16360281.000 
216,16188004.000 
217,7003022.000 
218,5031559.000 
219,7041023.500 
220,13113969.000 
221,9299282.000 
222,5174789.000 
223,7700484.000 
224,2930381.250 
225,5189823.500 
226,1199137.500 
227,1012140.688 
228,8622754.000 
229,2402257.000 
230,1360081.375 
231,5231712.000 
232,10665392.000 
233,9503067.000 
234,17701972.000 
235,10422315.000 
236,15585621.000 
237,14940722.000 
238,3128194.000 
239,2507446.750 
240,8643383.000 
241,932026.625 
242,13713989.000 
243,13067492.000 
244,2616419.750 
245,7625753.000 
246,6586579.000 
247,14780228.000 
248,15069259.000 
249,6387196.000 
250,15042644.000 
251,13782823.000 
252,2248080.250 
253,5294770.500 
254,14230688.000 
255,4790344.000 
256,6474166.000 
257,7989260.000 
258,7223379.000 
259,2567839.500 
260,615380.688 
261,3215671.000 
262,6853670.000 
263,2785900.750 
264,13717270.000 
265,6173299.000 
266,5481666.000 
267,14962771.000 
268,3125647.000 
269,4259665.000 
270,7273411.500 
271,2077908.250 
272,19348656.000 
273,5800288.000 
274,6271659.000 
275,2160325.500 
276,15766905.000 
277,17927162.000 
278,3090843.000 
279,12591483.000 
280,3211899.750 
281,6672085.000 
282,3012787.750 
283,7649803.000 
284,6095799.000 
285,1777806.000 
286,3853521.500 
287,2306458.000 
288,4152180.250 
289,1054453.875 
290,6247271.000 
291,1933755.000 
292,12541184.000 
293,1003089.812 
294,2364283.250 
295,2159094.500 
296,11462962.000 
297,9589288.000 
298,1988325.750 
299,8598269.000 
300,5899122.000 
301,20378898.000 
302,719962.500 
303,3797016.500 
304,1981988.000 
305,14659711.000 
306,9441350.000 
307,1706585.125 
308,19459740.000 
309,3368097.250 
310,3701576.000 
311,7257817.500 
312,20448046.000 
313,2584073.250 
314,3194002.500 
315,15577457.000 
316,14361000.000 
317,3895881.750 
318,6738564.000 
319,12318327.000 
320,1377860.000 
321,9890113.000 
322,4230420.000 
323,3555305.250 
324,9105575.000 
325,7993651.000 
326,9322913.000 
327,5471556.500 
328,3577470.500 
329,7104088.500 
330,743782.625 
331,12623222.000 
332,4991707.500 
333,6667924.500 
334,1265290.250 
335,5439317.000 
336,4866989.500 
337,737529.875 
338,2799286.000 
339,13296514.000 
340,5735092.000 
341,18728944.000 
342,2591362.500 
343,7745707.000 
344,8290100.500 
345,961194.438 
346,11003735.000 
347,5171887.500 
348,13102734.000 
349,5319903.000 
350,4354277.500 
351,5104922.500 
352,13440032.000 
353,12202433.000 
354,1701438.250 
355,11359316.000 
356,1400229.375 
357,4667000.500 
358,4939246.000 
359,13497719.000 
360,13789093.000 
361,9284606.000 
362,8596257.000 
363,1113635.000 
364,1007843.562 
365,13348406.000 
366,9352526.000 
367,1419495.000 
368,3791009.000 
369,2109103.250 
370,9159919.000 
371,12193552.000 
372,6983129.500 
373,939289.062 
374,15279695.000 
375,10728567.000 
376,6676801.000 
377,2192310.500 
378,29598440.000 
379,6533043.000 
380,7982445.500 
381,13063125.000 
382,679070.688 
383,24634584.000 
384,2095011.250 
385,3908279.750 
386,1391762.250 
387,776092.312 
388,8719057.000 
389,1496360.750 
390,10295604.000 
391,6954357.000 
392,11761216.000 
393,16391376.000 
394,11246920.000 
395,3251135.000 
396,4471233.000 
397,2160532.500 
398,12687482.000 
399,15510488.000 
400,1139527.000 
401,12496906.000 
402,1346209.750 
403,692991.375 
404,10564786.000 
405,724918.875 
406,2708117.000 
407,17332126.000 
408,7914847.500 
409,6342411.500 
410,6119043.500 
411,16557636.000 
412,1639855.625 
413,5676598.500 
414,8923581.000 
415,9542158.000 
416,18214664.000 
417,7161453.000 
418,9251115.000 
419,5473040.000 
420,7501484.000 
421,2982277.750 
422,14641960.000 
423,1314650.500 
424,11250868.000 
425,3793863.000 
426,2886380.000 
427,4889725.000 
428,2177598.000 
429,5489201.000 
430,1428344.375 
431,8874596.000 
432,2704406.000 
433,11284873.000 
434,2068908.250 
435,7610982.000 
436,7369312.500 
437,11126443.000 
438,4971228.000 
439,5639639.500 
440,8298078.500 
441,2679281.000 
442,14946899.000 
443,16404736.000 
444,12013377.000 
445,6409374.000 
446,26508666.000 
447,13038218.000 
448,12152837.000 
449,9856530.000 
450,4281736.000 
451,4595979.000 
452,2382751.000 
453,1263697.625 
454,8281081.000 
455,3566151.000 
456,507768.000 
457,1957282.750 
458,1474481.625 
459,1017140.625 
460,8323207.500 
461,4353032.000 
462,471603.156 
463,9544674.000 
464,2437699.250 
465,3056913.000 
466,9452386.000 
467,9047242.000 
468,3276030.500 
469,1236599.625 
470,13100767.000 
471,3570304.250 
472,3191154.000 
473,12568652.000 
474,2326838.750 
475,8712794.000 
476,3699297.250 
477,1262993.375 
478,8787256.000 
479,3169085.750 
480,4378134.000 
481,3152677.750 
482,7153646.000 
483,3834945.000 
484,12545342.000 
485,4975861.500 
486,1274807.625 
487,10976688.000 
488,8773044.000 
489,10050356.000 
490,4307351.500 
491,5662866.000 
492,962444.750 
493,4992877.000 
494,8779961.000 
495,11657204.000 
496,5206665.500 
497,4190469.250 
498,728209.312 
499,5012265.000 
500,5425209.000 
501,14936455.000 
502,3811510.000 
503,2687949.000 
504,481134.062 
505,17592618.000 
506,9855773.000 
507,6498420.000 
508,8136207.000 
509,18911352.000 
510,1385907.625 
511,3059415.750 
512,3524133.500 
513,2022488.250 
514,12714882.000 
515,12714194.000 
516,7830515.500 
517,7991187.500 
518,19090934.000 
519,9700552.000 
520,2590717.000 
521,17113960.000 
522,837232.625 
523,4554272.000 
524,1251399.500 
525,2083654.250 
526,15424492.000 
527,21367214.000 
528,1411352.750 
529,13345983.000 
530,10430632.000 
531,13532876.000 
532,19305380.000 
533,13481675.000 
534,8243384.000 
535,4350354.500 
536,11269890.000 
537,11640876.000 
538,13266124.000 
539,10689510.000 
540,6269901.000 
541,1043391.375 
542,7518762.000 
543,15118419.000 
544,8274535.500 
545,2046543.750 
546,7009377.500 
547,4393791.000 
548,4977260.000 
549,4907470.500 
550,5931846.000 
551,7477096.000 
552,6747290.000 
553,7873835.500 
554,12659797.000 
555,1144006.750 
556,9615124.000 
557,8749634.000 
558,1403733.250 
559,8729319.000 
560,24056312.000 
561,12248808.000 
562,15862257.000 
563,13911702.000 
564,7522946.000 
565,1159753.250 
566,18146850.000 
567,5474170.000 
568,7386590.000 
569,4326471.000 
570,8666415.000 
571,12336269.000 
572,3454838.000 
573,2784857.500 
574,5830567.000 
575,6040685.500 
576,7503443.000 
577,11727190.000 
578,17385292.000 
579,16875656.000 
580,15245013.000 
581,3874110.250 
582,4440730.500 
583,4549290.000 
584,3340142.000 
585,1481434.500 
586,17638582.000 
587,1364685.750 
588,9369012.000 
589,10103161.000 
590,18060920.000 
591,14741402.000 
592,3643339.500 
593,9146250.000 
594,1362414.875 
595,8486575.000 
596,5635869.500 
597,15575353.000 
598,11614761.000 
599,9649200.000 
600,3664000.250 
607,1342019.875 
608,1675857.250 
609,1504353.250 
610,646055.000 
611,665077.562 
612,1286893.750 
613,514424.938 
614,832257.375 
615,1047032.000 
616,802631.000 
617,300851.406 
618,1150000.250 
619,742783.875 
620,471113.969 
621,562681.875 
622,681629.562 
623,301059.562 
624,608122.812 
625,439316.156 
626,502437.281 
627,557393.938 
628,526045.750 
629,3211965.750 
630,579621.000 
631,6846962.000 
632,3229641.000 
633,80725.484 
634,5314819.500 
635,5052612.000 
636,2514902.500 
637,10172974.000 
638,13558645.000 
639,8988413.000 
640,8208513.500 
641,6190213.000 
642,5877565.500 
643,409342.906 
644,13790872.000 
645,5999095.500 
646,485743.375 
647,7082097.500 
648,8596924.000 
649,4917747.000 
650,8287609.500 
651,3000891.750 
652,1924004.000 
653,5981743.500 
654,8786916.000 
655,6683358.500 
656,2182061.500 
657,8558543.000 
658,3844679.500 
659,10168507.000 
660,4738759.500 
661,4245039.000 
662,3085634.000 
663,5236015.500 
664,1546963.000 
665,10587591.000 
666,3955716.750 
667,15970788.000 
668,1551809.375 
669,4415479.000 
670,8305790.000 
671,3865518.000 
672,1386052.750 
673,6798364.000 
674,13831293.000 
675,9867550.000 
676,3745137.750 
677,451391.812 
678,8327972.500 
679,6010656.000 
680,10949400.000 
681,1898971.000 
682,2361298.000 
683,10596608.000 
684,9008392.000 
685,7863791.000 
686,9565282.000 
687,1369394.250 
688,4638861.500 
689,5050863.000 
690,2824824.000 
691,2892444.750 
692,4211433.000 
693,4633598.000 
694,1066373.125 
695,5437305.000 
696,2334584.250 
697,11661979.000 
698,8818584.000 
699,1654372.250 
700,5016310.000 
701,3634007.000 
702,18443322.000 
703,4104011.750 
704,2962880.500 
705,5546158.500 
706,11828604.000 
707,1789036.250 
708,1113209.625 
709,4207759.500 
710,6114858.000 
711,2110032.750 
712,9679039.000 
713,1228664.250 
714,1034217.562 
715,9670976.000 
716,6245237.000 
717,4506637.500 
718,2362023.500 
719,12248802.000 
720,17548640.000 
721,2374121.500 
722,9210206.000 
723,5272912.500 
724,767252.312 
725,6826968.000 
726,4618011.000 
727,3550347.500 
728,6227638.000 
729,15081992.000 
730,1861702.375 
731,653387.000 
732,5273795.500 
733,3936964.500 
734,4859708.000 
735,13997335.000 
736,2215041.250 
737,3840576.000 
738,4620154.000 
739,7244248.000 
740,10291175.000 
741,4400570.000 
742,2997985.500 
743,12267200.000 
744,12391204.000 
745,14886553.000 
746,7680585.000 
747,5001566.500 
748,2126442.750 
749,12806018.000 
750,5851223.000 
751,10372467.000 
752,7891630.500 
753,18715000.000 
754,5111117.000 
755,5669102.000 
756,3618291.750 
757,1328384.625 
758,1711517.000 
759,4561699.000 
760,12430946.000 
761,5503702.000 
762,4506447.500 
763,6562962.000 
764,8635001.000 
765,5301499.500 
766,5122058.000 
767,2951609.250 
768,9402548.000 
769,8520210.000 
770,12665678.000 
771,7164433.500 
772,5648981.000 
773,12532918.000 
774,6228095.500 
775,4706112.500 
776,10335661.000 
777,881571.625 
778,3417040.000 
779,12979862.000 
780,12168022.000 
781,4285959.000 
782,5637375.500 
783,15968061.000 
784,6510165.500 
785,5956233.500 
786,3109590.250 
787,4213584.000 
788,3594258.250 
789,4362270.000 
790,25229084.000 
791,1918460.125 
792,2018282.000 
793,6117894.500 
794,6013335.500 
795,9350147.000 
796,6195714.000 
797,7760445.500 
798,7092043.000 
799,2169357.500 
6,96814.172 
7,101313.562 
8,9878.809 
9,96868.336 
10,15950.348 
11,90015.594 
12,22632.158 
13,91927.227 
14,85010.562 
15,22489.129 
16,141550.547 
17,85418.203 
18,187029.609 
19,23009.938 
20,59622.328 
21,89328.875 
22,187633.344 
23,269404.719 
24,122792.922 
25,23680.141 
26,30756.447 
27,235595.578 
28,333139.031 
29,350277.875 
30,114211.219 
31,210401.672 
32,401327.875 
33,266589.750 
34,144865.188 
35,76775.750 
36,350631.844 
37,193409.266 
38,297004.062 
39,279212.031 
40,253579.281 
41,153744.281 
42,28116.176 
43,297974.656 
44,176115.500 
45,553034.500 
46,277575.156 
47,72290.633 
48,121514.656 
49,222050.562 
50,52326.457 
51,152516.297 
52,235978.984 
53,381732.000 
54,227535.844 
55,168195.547 
56,186746.219 
57,345919.312 
58,198815.625 
59,219913.031 
60,108358.109 
61,148805.266 
62,186752.312 
63,238939.344 
64,167643.156 
65,256524.500 
66,211342.281 
67,153930.578 
68,219553.875 
69,325576.000 
70,319773.750 
71,287535.562 
72,265655.906 
73,56413.441 
74,29432.523 
75,133064.219 
76,260452.375 
77,429476.312 
78,224787.297 
79,142471.156 
80,456493.562 
81,170085.344 
82,52476.043 
83,268625.562 
84,55874.676 
85,589343.562 
86,257391.156 
87,118972.898 
88,402823.281 
89,333006.875 
90,298807.219 
91,304277.594 
92,94128.969 
93,226786.172 
94,51749.531 
95,106380.664 
96,192569.375 
97,69172.555 
98,255597.500 
99,256509.844 
100,250004.344 
101,258186.625 
102,136091.922 
103,86440.180 
104,165482.344 
105,49491.496 
106,212159.109 
107,250179.312 
108,99285.008 
109,68840.703 
110,138808.109 
111,99873.414 
112,277405.250 
113,25599.406 
114,78134.016 
115,138434.688 
116,198213.203 
117,383206.469 
118,339005.938 
119,164630.016 
120,162272.234 
121,255320.328 
122,161316.328 
123,185647.500 
124,226932.625 
125,144485.594 
126,202793.781 
127,218735.469 
128,192246.250 
129,164692.750 
130,157023.609 
131,203570.969 
132,193755.328 
133,202226.953 
134,172130.406 
135,75564.258 
136,259468.531 
137,168999.141 
138,61220.652 
139,236817.469 
140,104182.891 
141,170301.516 
142,242153.188 
143,35140.473 
144,214555.562 
145,38190.059 
146,194057.656 
147,65724.117 
148,126959.188 
149,242955.703 
150,175727.859 
151,327949.562 
152,153833.969 
153,86803.602 
154,483262.438 
155,284088.531 
156,138520.031 
157,49823.230 
158,100931.734 
159,260476.812 
160,44702.508 
161,36721.289 
162,170847.031 
163,86643.398 
164,326978.438 
165,24238.205 
166,285380.156 
167,36935.492 
168,261204.156 
169,178811.094 
170,58836.934 
171,45727.867 
172,24299.980 
173,197217.641 
174,338491.188 
175,134202.281 
176,88154.695 
177,101831.250 
178,204742.562 
179,65621.359 
180,348691.875 
181,45769.617 
182,57387.844 
183,60361.242 
184,224858.359 
185,224907.859 
186,344207.125 
187,341958.781 
188,93278.484 
189,51990.988 
190,205576.594 
191,348378.719 
192,186439.141 
193,91603.242 
194,131848.250 
195,199286.109 
196,193604.516 
197,243425.781 
198,137856.297 
199,233707.984 
200,21784.648 
201,252155.875 
202,71036.953 
203,176784.219 
204,227660.812 
205,271070.781 
206,232408.453 
207,134598.203 
208,222108.000 
209,192097.609 
210,266919.625 
211,106212.547 
212,176565.391 
213,158849.469 
214,220256.219 
215,314665.000 
216,167132.234 
217,45792.688 
218,137383.875 
219,112882.695 
220,423614.781 
221,146909.203 
222,179225.344 
223,174725.031 
224,70202.016 
225,38162.867 
226,232770.672 
227,69618.406 
228,27018.896 
229,103510.266 
230,64451.488 
231,192230.906 
232,161595.250 
233,170874.891 
234,52264.949 
235,39392.527 
236,101033.250 
237,232168.625 
238,111788.688 
239,82394.109 
240,125771.195 
241,54591.387 
242,38007.500 
243,366127.781 
244,139802.203 
245,311777.812 
246,31106.408 
247,55174.789 
248,128203.469 
249,170808.078 
250,249367.984 
251,235765.188 
252,59255.152 
253,139656.719 
254,151519.359 
255,77440.453 
256,266453.688 
257,328345.688 
258,39680.758 
259,57381.418 
260,472583.781 
261,389300.062 
262,265446.812 
263,303551.281 
264,21439.689 
265,272154.000 
266,475575.031 
267,36097.504 
268,149965.062 
269,63000.688 
270,87867.297 
271,118688.656 
272,35113.699 
273,253788.422 
274,215440.688 
275,145268.672 
276,17751.781 
277,137486.828 
278,160991.281 
279,73007.391 
280,181550.594 
281,214630.844 
282,209465.438 
283,232385.219 
284,33666.852 
285,468266.688 
286,417011.781 
287,390427.406 
288,30924.428 
289,76028.367 
290,375588.156 
291,113478.227 
292,117548.445 
293,77744.164 
294,14707.913 
295,105390.602 
296,52112.000 
297,288653.219 
298,112257.047 
299,50632.047 
300,286668.750 
301,463370.781 
302,121184.117 
303,270817.750 
304,48744.750 
305,241327.641 
306,128648.797 
307,145969.766 
308,283655.062 
309,254830.281 
310,185594.609 
311,216964.000 
312,41646.000 
313,205091.938 
314,63668.633 
315,211351.500 
316,88660.203 
317,181766.703 
318,152654.750 
319,219466.219 
320,64402.094 
321,128988.133 
322,95719.875 
323,276248.219 
324,318565.844 
325,64125.422 
326,41121.770 
327,46224.582 
328,55335.695 
329,135880.000 
330,294493.875 
331,331219.969 
332,241511.797 
333,110769.508 
334,240981.625 
335,160083.156 
336,148413.906 
337,82582.367 
338,222050.156 
339,179406.422 
340,170590.031 
341,290854.906 
342,235175.906 
343,155080.953 
344,107911.375 
345,276152.594 
346,123822.391 
347,186308.031 
348,146667.281 
349,143925.422 
350,250604.547 
351,291565.406 
352,139690.891 
353,151506.812 
354,143193.094 
355,18008.516 
356,110250.875 
357,208739.859 
358,42975.180 
359,64865.637 
360,253360.031 
361,126532.062 
362,120598.117 
363,197168.781 
364,165147.500 
365,253492.062 
366,80172.977 
367,59924.422 
368,132745.812 
369,255081.750 
370,22273.752 
371,67813.930 
372,240001.562 
373,299935.562 
374,71789.227 
375,259679.219 
376,147954.906 
377,107691.391 
378,259362.875 
379,180495.188 
380,122714.102 
381,42479.023 
382,115481.711 
383,84562.102 
384,138082.094 
385,124678.695 
386,189261.125 
387,198924.531 
388,188037.281 
389,345158.188 
390,189607.641 
391,253403.297 
392,171654.672 
393,53111.219 
394,93484.938 
395,198201.719 
396,31899.756 
397,211574.562 
398,111933.969 
399,28094.898 
400,141693.047 
401,40876.672 
402,157438.312 
403,211254.656 
404,30610.781 
405,175011.344 
406,254698.000 
407,143996.156 
408,256545.875 
409,170617.812 
410,215559.234 
411,170229.688 
412,52602.977 
413,238447.484 
414,195358.109 
415,141324.156 
416,264488.250 
417,139472.781 
418,51823.582 
419,414225.688 
420,28761.402 
421,132597.875 
422,153823.312 
423,55995.469 
424,202924.703 
425,177038.000 
426,194925.344 
427,123750.492 
428,166052.344 
429,62901.895 
430,127786.086 
431,170749.375 
432,47130.578 
433,180025.844 
434,17211.785 
435,226139.969 
436,131504.203 
437,32870.406 
438,147113.062 
439,218860.531 
440,162106.547 
441,219008.656 
442,66646.172 
443,62713.480 
444,135813.422 
445,114299.680 
446,46523.438 
447,46656.086 
448,107790.117 
449,355299.000 
450,206134.484 
451,234035.219 
452,62838.125 
453,68827.203 
454,58393.043 
455,82507.906 
456,423171.844 
457,113528.508 
458,71781.797 
459,277218.656 
460,44165.270 
461,139858.781 
462,45775.211 
463,218306.969 
464,240269.453 
465,147248.703 
466,39437.012 
467,88199.391 
468,79711.062 
469,53548.781 
470,138552.438 
471,182782.688 
472,184886.000 
473,140805.734 
474,144517.656 
475,132775.000 
476,170708.719 
477,138657.859 
478,89843.594 
479,165220.344 
480,179764.484 
481,90477.789 
482,168371.125 
483,361206.156 
484,246078.594 
485,63288.328 
486,231123.219 
487,456635.875 
488,273211.406 
489,136337.062 
490,71987.297 
491,233719.500 
492,116611.867 
493,129693.422 
494,56518.672 
495,67902.328 
496,75858.266 
497,171283.078 
498,198931.844 
499,427385.812 
500,292029.812 
501,72422.477 
502,76270.578 
503,219089.328 
504,213779.812 
505,271459.156 
506,79293.047 
507,61079.969 
508,274180.594 
509,204788.266 
510,303729.188 
511,266431.250 
512,137720.828 
513,63065.363 
514,176422.734 
515,224907.844 
516,238925.969 
517,228935.094 
518,119622.195 
519,212192.344 
520,79140.680 
521,64162.199 
522,135007.953 
523,90500.000 
524,71356.172 
525,16650.422 
526,435698.375 
527,239274.656 
528,20816.402 
529,56214.570 
530,198576.047 
531,176628.906 
532,123284.500 
533,124480.609 
534,38074.926 
535,137775.406 
536,123227.633 
537,59324.859 
538,132817.234 
539,267345.625 
540,116664.188 
541,143094.281 
542,143734.594 
543,131467.734 
544,92564.227 
545,238749.594 
546,67080.758 
547,95975.562 
548,52494.734 
549,206360.266 
550,31748.031 
551,458357.500 
552,238173.375 
553,145933.656 
554,98265.625 
555,104352.164 
556,273583.625 
557,120709.055 
558,139272.281 
559,195025.922 
560,62785.547 
561,109983.461 
562,48069.863 
563,211351.094 
564,145713.031 
565,53818.590 
566,178583.438 
567,178362.453 
568,205499.047 
569,236807.078 
570,73230.344 
571,196523.891 
572,37552.453 
573,259892.828 
574,148872.250 
575,201213.766 
576,44657.570 
577,49260.191 
578,254978.078 
579,175848.109 
580,201828.094 
581,152968.578 
582,287804.812 
583,102687.172 
584,247897.906 
585,111883.062 
586,130152.398 
587,67614.859 
588,107231.797 
589,243260.406 
590,55927.898 
591,31175.445 
592,25183.930 
593,105184.930 
594,154578.500 
595,64057.121 
596,223182.172 
597,77910.016 
598,258039.344 
599,220184.516 
600,208353.984 
607,116330.305 
608,81857.781 
609,81066.750 
610,93670.562 
611,84211.227 
612,134327.875 
613,64669.156 
614,78062.547 
615,149121.188 
616,340499.250 
617,256386.000 
618,413940.719 
619,111266.969 
620,131491.938 
621,235594.156 
622,212747.312 
623,238804.406 
624,123517.445 
625,33663.926 
626,18168.480 
627,20790.846 
628,97067.508 
629,51764.793 
630,56492.895 
631,156199.969 
632,158484.344 
633,157759.547 
634,137970.328 
635,297800.688 
636,9141.007 
637,189143.078 
638,112372.789 
639,266785.562 
640,128236.008 
641,148932.250 
642,67976.469 
643,58872.770 
644,161835.031 
645,189131.078 
646,97903.734 
647,35357.840 
648,87900.656 
649,301914.781 
650,248885.312 
651,53521.066 
652,83691.609 
653,218005.766 
654,227341.125 
655,182548.984 
656,126376.383 
657,217103.750 
658,81098.148 
659,386419.625 
660,151245.172 
661,251726.516 
662,44932.609 
663,322207.469 
664,265157.719 
665,317449.844 
666,480791.188 
667,186022.672 
668,279228.594 
669,268502.812 
670,259976.875 
671,250993.516 
672,170982.812 
673,157074.578 
674,32399.855 
675,170149.250 
676,74000.039 
677,92582.281 
678,80915.906 
679,195604.328 
680,119120.336 
681,136850.969 
682,33679.238 
683,171289.062 
684,146441.594 
685,203067.281 
686,303556.250 
687,94328.891 
688,180076.828 
689,191480.641 
690,181086.781 
691,215952.141 
692,191474.031 
693,375926.969 
694,91639.812 
695,71809.180 
696,34828.453 
697,65226.738 
698,100452.695 
699,50493.570 
700,279266.750 
701,99437.086 
702,175641.375 
703,220204.656 
704,115149.281 
705,214615.391 
706,53434.301 
707,31568.039 
708,109280.281 
709,183677.078 
710,131252.188 
711,131103.234 
712,169236.438 
713,192662.484 
714,115562.703 
715,192122.391 
716,238609.531 
717,234136.688 
718,20240.973 
719,136407.141 
720,19711.283 
721,362932.469 
722,102070.703 
723,131196.297 
724,55862.965 
725,126192.516 
726,15955.858 
727,38968.758 
728,76467.711 
729,125027.656 
730,112258.883 
731,230539.875 
732,30943.430 
733,249137.375 
734,361963.906 
735,348992.344 
736,147792.016 
737,61346.004 
738,64502.453 
739,182435.750 
740,84606.891 
741,160992.781 
742,401623.094 
743,162350.328 
744,198304.203 
745,48586.094 
746,93197.234 
747,185642.719 
748,50907.961 
749,127590.188 
750,56202.008 
751,128485.133 
752,28987.240 
753,81621.656 
754,94183.867 
755,61581.848 
756,135755.016 
757,107495.234 
758,167639.125 
759,257752.734 
760,108176.297 
761,71158.406 
762,398156.094 
763,199581.703 
764,75591.133 
765,527916.750 
766,339774.156 
767,120053.227 
768,9462.433 
769,160911.531 
770,112874.078 
771,123867.688 
772,28629.973 
773,239129.500 
774,143811.125 
775,105264.211 
776,173431.625 
777,135648.438 
778,68545.594 
779,169680.688 
780,215240.609 
781,200104.484 
782,22664.309 
783,247648.797 
784,167147.969 
785,304096.438 
786,296159.344 
787,246652.344 
788,317932.875 
789,400081.406 
790,295650.562 
791,197498.016 
792,115942.812 
793,129882.805 
794,34516.520 
795,257988.266 
796,225321.094 
797,146872.375 
798,130297.055 
799,360234.812 
6,29758.312 
7,25836.223 
8,26748.211 
9,16747.354 
10,25058.781 
11,40327.316 
12,22176.941 
13,25536.729 
14,22770.309 
15,7462.623 
16,21949.758 
17,60345.574 
18,30981.617 
19,59543.551 
20,9545.145 
21,16209.742 
22,18155.492 
23,26263.686 
24,17345.305 
25,154246.531 
26,22369.848 
27,40409.254 
28,45092.699 
29,32525.221 
30,38718.625 
31,37723.672 
32,85645.836 
33,31573.641 
34,131216.875 
35,80801.234 
36,40983.152 
37,36088.855 
38,21632.199 
39,30313.164 
40,49708.688 
41,20813.965 
42,29513.586 
43,31839.617 
44,56767.184 
45,54697.238 
46,27146.014 
47,90193.516 
48,76641.188 
49,10916.335 
50,160116.656 
51,174063.859 
52,146338.641 
53,24848.523 
54,47295.883 
55,36020.367 
56,141825.297 
57,187631.344 
58,102111.727 
59,27582.203 
60,19870.248 
61,75863.672 
62,284634.250 
63,150472.156 
64,51100.527 
65,51339.973 
66,208827.156 
67,248713.734 
68,33971.793 
69,24895.463 
70,28646.609 
71,21472.027 
72,21431.494 
73,85273.625 
74,176169.438 
75,81048.742 
76,134382.719 
77,22410.557 
78,114331.523 
79,173094.141 
80,257769.906 
81,75311.047 
82,30752.598 
83,113045.797 
84,202794.234 
85,64045.695 
86,68943.727 
87,149184.891 
88,45544.500 
89,159301.969 
90,108468.633 
91,161205.109 
92,171468.266 
93,171545.344 
94,179972.469 
95,267036.094 
96,244473.969 
97,202084.688 
98,229095.594 
99,54462.590 
100,158897.922 
101,73784.445 
102,236686.750 
103,83659.156 
104,122251.992 
105,178562.562 
106,106944.820 
107,191387.672 
108,100333.906 
109,102901.797 
110,119995.852 
111,91270.859 
112,153300.125 
113,46396.730 
114,279190.844 
115,68043.602 
116,431650.594 
117,29508.508 
118,68364.891 
119,97677.672 
120,38913.477 
121,115477.125 
122,122881.555 
123,127788.938 
124,99587.594 
125,138752.562 
126,161018.453 
127,188876.812 
128,39505.121 
129,324493.656 
130,53067.535 
131,37364.219 
132,196689.891 
133,65630.188 
134,114522.133 
135,120230.672 
136,91211.906 
137,75238.617 
138,48266.828 
139,197193.656 
140,93731.859 
141,267534.094 
142,26429.176 
143,82327.906 
144,214876.609 
145,72262.727 
146,110774.961 
147,274700.094 
148,60380.254 
149,70606.500 
150,97714.297 
151,198082.500 
152,131991.422 
153,240011.938 
154,84138.320 
155,116395.508 
156,97009.000 
157,222688.062 
158,247164.797 
159,204862.281 
160,144462.250 
161,43895.582 
162,40507.426 
163,209637.188 
164,45935.320 
165,159823.078 
166,145095.828 
167,71989.680 
168,353127.750 
169,157317.062 
170,212164.438 
171,85530.602 
172,60183.480 
173,242527.266 
174,89675.117 
175,204996.797 
176,60961.246 
177,32702.793 
178,238553.188 
179,224602.297 
180,176734.875 
181,356294.562 
182,219527.031 
183,85412.695 
184,83700.484 
185,337537.438 
186,193030.281 
187,77326.375 
188,42884.188 
189,70422.289 
190,54959.363 
191,120075.109 
192,197468.062 
193,49844.430 
194,171894.828 
195,42585.344 
196,73263.547 
197,180439.875 
198,21803.195 
199,70907.289 
200,252065.125 
201,178170.750 
202,68602.523 
203,354793.156 
204,47581.379 
205,66784.555 
206,77621.500 
207,186707.906 
208,110830.867 
209,294094.812 
210,142301.562 
211,417604.781 
212,124820.305 
213,272512.500 
214,112066.211 
215,147935.000 
216,59456.055 
217,30364.801 
218,51362.078 
219,46555.016 
220,41009.316 
221,51592.098 
222,148755.469 
223,266169.656 
224,32534.232 
225,455324.750 
226,209445.562 
227,63505.734 
228,90226.891 
229,168223.594 
230,247434.938 
231,113096.031 
232,66442.898 
233,90748.219 
234,248382.031 
235,102932.578 
236,161579.703 
237,257222.797 
238,286722.844 
239,288028.312 
240,258710.625 
241,62330.301 
242,98937.219 
243,271889.000 
244,204036.203 
245,261685.188 
246,71410.047 
247,119911.047 
248,256334.203 
249,264074.219 
250,106314.680 
251,201408.062 
252,24358.621 
253,218347.453 
254,132884.344 
255,285740.781 
256,260928.312 
257,270693.500 
258,110596.758 
259,258679.125 
260,147596.938 
261,103449.430 
262,87112.586 
263,33827.129 
264,551814.562 
265,41200.773 
266,422571.844 
267,72850.773 
268,144627.938 
269,138802.250 
270,111668.398 
271,196873.312 
272,126887.727 
273,114995.031 
274,601642.188 
275,79966.844 
276,32125.551 
277,329267.125 
278,116136.188 
279,331025.500 
280,33828.777 
281,163766.656 
282,69350.125 
283,159038.562 
284,184856.922 
285,272074.219 
286,133194.938 
287,328311.625 
288,161506.500 
289,157594.641 
290,102057.297 
291,227972.297 
292,126763.312 
293,178300.031 
294,86299.141 
295,103807.219 
296,108578.281 
297,128229.320 
298,45296.102 
299,410727.438 
300,172552.766 
301,57331.996 
302,150396.266 
303,274223.250 
304,102059.781 
305,64526.449 
306,112505.914 
307,197300.969 
308,218681.562 
309,227408.922 
310,318463.281 
311,82951.531 
312,136509.719 
313,95083.914 
314,337326.344 
315,71001.094 
316,58547.305 
317,162109.172 
318,247215.938 
319,178968.781 
320,193720.125 
321,80098.391 
322,245408.312 
323,140556.062 
324,211221.750 
325,189455.266 
326,127811.469 
327,194015.719 
328,65310.797 
329,385562.469 
330,85942.828 
331,414332.625 
332,436484.969 
333,143615.719 
334,207065.422 
335,127590.133 
336,80842.789 
337,230853.844 
338,310163.312 
339,48762.266 
340,69555.078 
341,100138.133 
342,70115.891 
343,137161.234 
344,382722.938 
345,445869.938 
346,114768.656 
347,265505.250 
348,57970.781 
349,98052.047 
350,123965.070 
351,169765.266 
352,28110.051 
353,367891.125 
354,39553.234 
355,92169.219 
356,89025.773 
357,124867.891 
358,166771.562 
359,119943.875 
360,203258.594 
361,70706.625 
362,438057.562 
363,174546.562 
364,89876.523 
365,248268.562 
366,123696.453 
367,22069.467 
368,88628.133 
369,212860.969 
370,112503.750 
371,362593.062 
372,203218.625 
373,109847.953 
374,97876.453 
375,143762.484 
376,130373.953 
377,123334.633 
378,57999.348 
379,191178.906 
380,216736.828 
381,194833.281 
382,60020.684 
383,170970.125 
384,32953.703 
385,143146.938 
386,127666.688 
387,238113.438 
388,110034.359 
389,239853.375 
390,223404.375 
391,202813.641 
392,185023.875 
393,341885.000 
394,175655.109 
395,352925.500 
396,43815.477 
397,112219.484 
398,134598.609 
399,113442.312 
400,138599.438 
401,27514.104 
402,81308.156 
403,192225.125 
404,280227.000 
405,170594.250 
406,345868.812 
407,54008.285 
408,73414.617 
409,60521.359 
410,258995.094 
411,275188.812 
412,223059.016 
413,220728.297 
414,449405.812 
415,55148.723 
416,24143.334 
417,278405.938 
418,259273.078 
419,109666.945 
420,144556.266 
421,268234.688 
422,333589.375 
423,160985.484 
424,157046.922 
425,138882.000 
426,218425.000 
427,104103.711 
428,66665.539 
429,374674.031 
430,52877.668 
431,125983.234 
432,67345.828 
433,88147.047 
434,152805.891 
435,222659.609 
436,256387.234 
437,164900.359 
438,192896.641 
439,99564.734 
440,32783.820 
441,415086.156 
442,142687.891 
443,279373.438 
444,182242.672 
445,246230.141 
446,188840.969 
447,283202.938 
448,142019.797 
449,230836.016 
450,140478.938 
451,189379.781 
452,56980.172 
453,260069.094 
454,377045.281 
455,103007.047 
456,149746.766 
457,98691.828 
458,346274.375 
459,60001.480 
460,294239.188 
461,92549.109 
462,205976.453 
463,142173.938 
464,450351.188 
465,103321.312 
466,249937.578 
467,134238.594 
468,212752.594 
469,401660.969 
470,124313.320 
471,83176.594 
472,71011.617 
473,33358.652 
474,62403.703 
475,124152.859 
476,73995.219 
477,296218.750 
478,140006.641 
479,95418.164 
480,124163.938 
481,202340.078 
482,94673.328 
483,138662.188 
484,95078.219 
485,209609.453 
486,260384.438 
487,379945.594 
488,166755.078 
489,53985.332 
490,242347.125 
491,516449.094 
492,82870.953 
493,198400.531 
494,134919.859 
495,426113.250 
496,268549.031 
497,146010.844 
498,340970.500 
499,270115.312 
500,224119.141 
501,126460.516 
502,143283.047 
503,275577.188 
504,238092.062 
505,435056.312 
506,100261.922 
507,152449.234 
508,388799.219 
509,244743.266 
510,216686.359 
511,122523.562 
512,232643.688 
513,139846.891 
514,50924.695 
515,347356.656 
516,192114.469 
517,184330.094 
518,150480.312 
519,75514.414 
520,346061.875 
521,185573.469 
522,190209.391 
523,184508.016 
524,123048.203 
525,16346.611 
526,245098.688 
527,197854.438 
528,59696.391 
529,202876.906 
530,149468.938 
531,191095.828 
532,218057.891 
533,184102.656 
534,46689.906 
535,27938.834 
536,123392.289 
537,230022.406 
538,159368.562 
539,50770.234 
540,446334.406 
541,190511.250 
542,122358.383 
543,152883.734 
544,36921.227 
545,149217.156 
546,148246.500 
547,83903.469 
548,275849.750 
549,390440.812 
550,121969.883 
551,270916.531 
552,126713.531 
553,211570.906 
554,27039.367 
555,351012.500 
556,394035.750 
557,88915.492 
558,219264.125 
559,124669.711 
560,177946.781 
561,127119.109 
562,251515.297 
563,329688.250 
564,92794.266 
565,226661.297 
566,212018.656 
567,358833.500 
568,333880.500 
569,112535.156 
570,143948.594 
571,217872.094 
572,193491.219 
573,73323.578 
574,344715.250 
575,77674.469 
576,99409.070 
577,73948.516 
578,190445.625 
579,184650.672 
580,429303.375 
581,109578.258 
582,544446.438 
583,236245.266 
584,147353.078 
585,129388.172 
586,353036.719 
587,127529.734 
588,89807.102 
589,225830.172 
590,187876.359 
591,312687.312 
592,222243.938 
593,112559.359 
594,198481.688 
595,49069.707 
596,130456.031 
597,150691.875 
598,102223.117 
599,394095.344 
600,132967.500 
607,25871.910 
608,41263.398 
609,17855.266 
610,33490.898 
611,69277.453 
612,20474.213 
613,23173.662 
614,60369.664 
615,65071.129 
616,65570.172 
617,51899.398 
618,63870.758 
619,49741.340 
620,17938.910 
621,23991.732 
622,56274.434 
623,12603.337 
624,17023.611 
625,51507.992 
626,25465.996 
627,12055.996 
628,38835.449 
629,35586.984 
630,33089.395 
631,35941.148 
632,29679.535 
633,29451.422 
634,14170.589 
635,22239.201 
636,71581.461 
637,14358.855 
638,120645.141 
639,55248.898 
640,51663.523 
641,38514.375 
642,24237.977 
643,52531.684 
644,35876.000 
645,165350.109 
646,38524.559 
647,86095.703 
648,58825.270 
649,22108.699 
650,131839.344 
651,118547.188 
652,63112.109 
653,65978.633 
654,13914.674 
655,20925.502 
656,23531.820 
657,62948.527 
658,36515.871 
659,14131.643 
660,57584.469 
661,71995.891 
662,36584.453 
663,36489.566 
664,16597.010 
665,19553.539 
666,132324.219 
667,9354.826 
668,61302.691 
669,41361.824 
670,25189.619 
671,94107.719 
672,10824.233 
673,13031.766 
674,25546.418 
675,19207.607 
676,26364.828 
677,23908.203 
678,17360.967 
679,23178.938 
680,49097.664 
681,9479.974 
682,118789.977 
683,62808.812 
684,6813.508 
685,6854.518 
686,55723.945 
687,13351.745 
688,10888.686 
689,42046.965 
690,22821.984 
691,4986.185 
692,46337.426 
693,12378.822 
694,34912.156 
695,21787.465 
696,15133.190 
697,10039.273 
698,5989.757 
699,12911.986 
700,72080.328 
701,14412.672 
702,77168.859 
703,14320.803 
704,18475.420 
705,11873.003 
706,19230.379 
707,12589.499 
708,62577.156 
709,64104.453 
710,54107.449 
711,12887.304 
712,6965.474 
713,9606.662 
714,85861.344 
715,31256.330 
716,30100.211 
717,18885.318 
718,34465.859 
719,24167.596 
720,35520.000 
721,14031.825 
722,54249.844 
723,15859.453 
724,12911.711 
725,16845.668 
726,76561.469 
727,64030.254 
728,21968.156 
729,19366.555 
730,22788.500 
731,16259.908 
732,29647.289 
733,29483.449 
734,110494.070 
735,11014.592 
736,23183.434 
737,35555.785 
738,74051.875 
739,23533.555 
740,23750.891 
741,11508.740 
742,20128.914 
743,32400.199 
744,9780.543 
745,13079.176 
746,14077.492 
747,9055.307 
748,84031.000 
749,48238.844 
750,22783.348 
751,7157.264 
752,18423.119 
753,25662.580 
754,12668.257 
755,27850.707 
756,21376.365 
757,27362.746 
758,15185.939 
759,11506.464 
760,17051.025 
761,10082.658 
762,25885.301 
763,16632.912 
764,14473.098 
765,24308.143 
766,12805.087 
767,14173.121 
768,8375.059 
769,13060.699 
770,12317.029 
771,5562.706 
772,38736.250 
773,12737.378 
774,9899.055 
775,38029.273 
776,6150.432 
777,44801.824 
778,43283.508 
779,31782.113 
780,10536.056 
781,43733.633 
782,127734.812 
783,29201.746 
784,38627.957 
785,25552.084 
786,16244.701 
787,96767.172 
788,13117.687 
789,54288.012 
790,24524.057 
791,12629.576 
792,17690.512 
793,22043.395 
794,22070.188 
795,8487.996 
796,17614.379 
797,43272.102 
798,16660.451 
799,73310.453 
6,735506.062 
7,451588.719 
8,76361.242 
9,425818.844 
10,110214.438 
11,654397.750 
12,453559.281 
13,64814.738 
14,349110.125 
15,102331.172 
16,811618.250 
17,196933.094 
18,335017.594 
19,624075.438 
20,53267.387 
21,78046.039 
22,563773.875 
23,95641.500 
24,117832.273 
25,395505.844 
26,297117.562 
27,76234.594 
28,266368.125 
29,177828.531 
30,351109.969 
31,119789.406 
32,373519.906 
33,257270.391 
34,170951.906 
35,276688.500 
36,209121.281 
37,337331.875 
38,125800.516 
39,128978.289 
40,117279.547 
41,116818.141 
42,99439.945 
43,132384.156 
44,314060.125 
45,158602.438 
46,186159.250 
47,77097.477 
48,312143.031 
49,118544.414 
50,264771.906 
51,414416.875 
52,54535.578 
53,120664.875 
54,96520.547 
55,164131.969 
56,242397.391 
57,362081.688 
58,74416.219 
59,74515.922 
60,364314.969 
61,392159.062 
62,347495.688 
63,148660.672 
64,48424.594 
65,501308.375 
66,98816.250 
67,100515.609 
68,340891.406 
69,135041.812 
70,253922.438 
71,381449.375 
72,379237.656 
73,117315.641 
74,89347.188 
75,306486.875 
76,150767.000 
77,108932.617 
78,291238.219 
79,188298.609 
80,365596.344 
81,116965.578 
82,275632.906 
83,185440.078 
84,298316.500 
85,100252.578 
86,413175.844 
87,685567.188 
88,281741.000 
89,85534.203 
90,186215.266 
91,120040.242 
92,523930.375 
93,84855.219 
94,104589.234 
95,110184.828 
96,153644.891 
97,113361.242 
98,64970.102 
99,54160.137 
100,317096.781 
101,104840.484 
102,443435.719 
103,137588.484 
104,484038.344 
105,106990.461 
106,206998.781 
107,208006.766 
108,291468.344 
109,49293.547 
110,211930.531 
111,596361.688 
112,107898.906 
113,384941.812 
114,177102.688 
115,370038.094 
116,615955.375 
117,218797.594 
118,191452.688 
119,461098.688 
120,143976.688 
121,426012.125 
122,189529.531 
123,292175.344 
124,100714.711 
125,288380.500 
126,120045.078 
127,180357.500 
128,356118.969 
129,281681.844 
130,350136.219 
131,114575.367 
132,326155.688 
133,223872.172 
134,194696.062 
135,385129.250 
136,31864.930 
137,61549.359 
138,108353.844 
139,98670.930 
140,295646.969 
141,366550.031 
142,586042.375 
143,291704.562 
144,151883.094 
145,227900.578 
146,330678.000 
147,139299.000 
148,190192.297 
149,99418.938 
150,356240.875 
151,172118.969 
152,296022.500 
153,72300.672 
154,90140.516 
155,479247.406 
156,429127.938 
157,185363.234 
158,310122.031 
159,299038.875 
160,166388.641 
161,299128.875 
162,313787.656 
163,78975.250 
164,135364.438 
165,215966.453 
166,207982.734 
167,598305.938 
168,364635.094 
169,177961.312 
170,164109.031 
171,417239.062 
172,389077.812 
173,298823.312 
174,234523.609 
175,158947.172 
176,641366.062 
177,368361.688 
178,227309.969 
179,321031.281 
180,250935.891 
181,107854.305 
182,339900.438 
183,531195.875 
184,313109.812 
185,432503.719 
186,229102.844 
187,519195.094 
188,133410.188 
189,288126.906 
190,645336.250 
191,83485.797 
192,378624.438 
193,164103.031 
194,403252.031 
195,84420.031 
196,77175.805 
197,469822.094 
198,306947.250 
199,118594.453 
200,147915.625 
201,236861.188 
202,86282.672 
203,171027.578 
204,560542.750 
205,393614.688 
206,145228.406 
207,73777.930 
208,224353.438 
209,250881.828 
210,92804.211 
211,349395.812 
212,253949.562 
213,47599.840 
214,594498.750 
215,527111.875 
216,38151.781 
217,266511.969 
218,408654.062 
219,128637.711 
220,625268.750 
221,522429.188 
222,486295.656 
223,262463.500 
224,93406.289 
225,420141.594 
226,477768.812 
227,139888.875 
228,100960.672 
229,112666.172 
230,137935.969 
231,87089.828 
232,103271.117 
233,166942.719 
234,424550.750 
235,807272.125 
236,126893.031 
237,212588.516 
238,98931.008 
239,573227.938 
240,76256.203 
241,205877.203 
242,107012.250 
243,819232.188 
244,139708.078 
245,192967.203 
246,180264.188 
247,382578.156 
248,121695.891 
249,390389.062 
250,222079.656 
251,122260.172 
252,183250.547 
253,93775.609 
254,368699.406 
255,302589.562 
256,142630.156 
257,146487.188 
258,93514.500 
259,306008.375 
260,167128.469 
261,217266.016 
262,340262.812 
263,173319.375 
264,227176.922 
265,128076.109 
266,92940.234 
267,62967.426 
268,118428.367 
269,134495.797 
270,601060.625 
271,155762.094 
272,168020.688 
273,100852.180 
274,477797.656 
275,204899.562 
276,77646.812 
277,153135.281 
278,471210.062 
279,164737.266 
280,154937.453 
281,376968.188 
282,61040.484 
283,85328.812 
284,210840.422 
285,55871.664 
286,91013.898 
287,631526.062 
288,208637.531 
289,87406.977 
290,107594.734 
291,261388.359 
292,184999.531 
293,296924.438 
294,575164.250 
295,72288.398 
296,268219.188 
297,193534.141 
298,148350.219 
299,817908.375 
300,66740.703 
301,280638.594 
302,305690.844 
303,198572.125 
304,57398.625 
305,322440.344 
306,433963.219 
307,682051.188 
308,333237.438 
309,171629.750 
310,184554.578 
311,202565.344 
312,647699.500 
313,256556.203 
314,668134.562 
315,73933.070 
316,544642.875 
317,198102.828 
318,241930.188 
319,75096.078 
320,68378.375 
321,452610.750 
322,129766.883 
323,71173.750 
324,423511.938 
325,101560.391 
326,134502.562 
327,178781.703 
328,187075.516 
329,813322.500 
330,423760.062 
331,161359.781 
332,204406.641 
333,92080.773 
334,305718.688 
335,51176.113 
336,206871.484 
337,61472.070 
338,89522.844 
339,145924.047 
340,99401.914 
341,67097.922 
342,447368.688 
343,209989.625 
344,243500.406 
345,209042.578 
346,154384.969 
347,126666.781 
348,312973.812 
349,423473.281 
350,461453.875 
351,330745.875 
352,332887.438 
353,76476.609 
354,163461.781 
355,119434.555 
356,430603.312 
357,394964.500 
358,328901.375 
359,189619.656 
360,367412.000 
361,315377.188 
362,514486.062 
363,157256.547 
364,155272.500 
365,269073.406 
366,511840.125 
367,103444.453 
368,83447.930 
369,237702.094 
370,489450.812 
371,433033.844 
372,98226.750 
373,349848.844 
374,347315.906 
375,324983.125 
376,297895.688 
377,157552.438 
378,476852.875 
379,180415.953 
380,110328.406 
381,73601.625 
382,243913.312 
383,216287.469 
384,312130.250 
385,70489.469 
386,437771.344 
387,372338.969 
388,442943.438 
389,339875.156 
390,134938.062 
391,184258.359 
392,187478.203 
393,120345.031 
394,354315.875 
395,240583.484 
396,92964.188 
397,403517.062 
398,255639.516 
399,158690.594 
400,38677.297 
401,467899.062 
402,85243.602 
403,279163.688 
404,166022.281 
405,250703.406 
406,255865.672 
407,53328.539 
408,267861.531 
409,264125.344 
410,57883.211 
411,349886.156 
412,302960.844 
413,197177.844 
414,164399.594 
415,326383.812 
416,69222.172 
417,239227.078 
418,460394.312 
419,372424.812 
420,84319.703 
421,38948.492 
422,277560.906 
423,168433.422 
424,469737.969 
425,487453.312 
426,443276.281 
427,587805.812 
428,62902.398 
429,158445.938 
430,181191.203 
431,314162.125 
432,112867.727 
433,382107.812 
434,82852.672 
435,214179.250 
436,342551.094 
437,84187.891 
438,368044.312 
439,193100.406 
440,576647.875 
441,103749.344 
442,422756.062 
443,437869.281 
444,67305.750 
445,52382.641 
446,236562.234 
447,254625.000 
448,36635.184 
449,352873.812 
450,116832.195 
451,61296.547 
452,444610.000 
453,244709.719 
454,452529.781 
455,305600.094 
456,261421.875 
457,33376.328 
458,304809.750 
459,192342.250 
460,222855.547 
461,69739.930 
462,453639.625 
463,392679.312 
464,289417.625 
465,399820.250 
466,129824.188 
467,271163.156 
468,245447.797 
469,62478.910 
470,207962.406 
471,167129.953 
472,421623.062 
473,251343.375 
474,43526.945 
475,122768.727 
476,271328.250 
477,591778.188 
478,359678.875 
479,55095.180 
480,160739.375 
481,482123.875 
482,330608.500 
483,230919.406 
484,65093.758 
485,317898.938 
486,114519.547 
487,100213.195 
488,110655.062 
489,63565.270 
490,304159.094 
491,413607.062 
492,240078.797 
493,679453.812 
494,127404.828 
495,237804.453 
496,70822.375 
497,140895.250 
498,918921.250 
499,500394.188 
500,529467.625 
501,237299.125 
502,262216.344 
503,290495.500 
504,380953.906 
505,348725.562 
506,433388.094 
507,256084.438 
508,74133.984 
509,173047.000 
510,26935.129 
511,394014.812 
512,201397.078 
513,338081.938 
514,164335.312 
515,163820.438 
516,109781.406 
517,229955.969 
518,266778.125 
519,264909.469 
520,249596.953 
521,575273.062 
522,158372.031 
523,194435.469 
524,106418.328 
525,41461.422 
526,241932.844 
527,392963.969 
528,244165.312 
529,112665.656 
530,45008.250 
531,210943.641 
532,294333.906 
533,114070.453 
534,377311.250 
535,601258.375 
536,248595.781 
537,337882.969 
538,295083.531 
539,356351.750 
540,206758.000 
541,258974.516 
542,624000.188 
543,46405.488 
544,296645.844 
545,170519.844 
546,313038.438 
547,212057.672 
548,46168.039 
549,532125.562 
550,144911.359 
551,522956.031 
552,220529.625 
553,358137.719 
554,514097.094 
555,221589.203 
556,506657.062 
557,217489.938 
558,192962.156 
559,40022.215 
560,383544.500 
561,235445.969 
562,218606.812 
563,79882.812 
564,743700.750 
565,373903.312 
566,195652.000 
567,467558.469 
568,65496.023 
569,264560.688 
570,118675.305 
571,231392.422 
572,254008.656 
573,249231.797 
574,355885.031 
575,253864.188 
576,140946.938 
577,301999.656 
578,70667.445 
579,55257.172 
580,348246.656 
581,109071.664 
582,67759.508 
583,211507.531 
584,130712.133 
585,205117.422 
586,232628.172 
587,342111.594 
588,253249.828 
589,59097.016 
590,139768.141 
591,149358.891 
592,82579.117 
593,50211.660 
594,121019.125 
595,76008.477 
596,543248.438 
597,237945.656 
598,129461.438 
599,86930.250 
600,496947.781 
607,147185.562 
608,106840.641 
609,186185.500 
610,121214.656 
611,228171.344 
612,118387.586 
613,106282.766 
614,133255.422 
615,109609.297 
616,94300.820 
617,110754.359 
618,50572.695 
619,106691.062 
620,103776.609 
621,40591.156 
622,97744.938 
623,121489.555 
624,31838.377 
625,151534.219 
626,53478.203 
627,96148.844 
628,90570.969 
629,74695.977 
630,120317.984 
631,142493.594 
632,156709.750 
633,235717.031 
634,174263.453 
635,396027.156 
636,116056.852 
637,83160.812 
638,476581.031 
639,492720.625 
640,193995.016 
641,480998.875 
642,228645.984 
643,254270.578 
644,240157.281 
645,198785.141 
646,175612.016 
647,468393.406 
648,38965.961 
649,430609.938 
650,144891.188 
651,205110.156 
652,58852.363 
653,492905.906 
654,344829.844 
655,437248.875 
656,267101.625 
657,198887.078 
658,46730.859 
659,203621.344 
660,217452.234 
661,379790.438 
662,51127.680 
663,316581.375 
664,170824.141 
665,682616.000 
666,62515.473 
667,20717.566 
668,277093.500 
669,48498.125 
670,127786.094 
671,272457.656 
672,87318.062 
673,409247.438 
674,233731.031 
675,196857.953 
676,148240.406 
677,422966.438 
678,200442.812 
679,38154.371 
680,45362.203 
681,314153.719 
682,492013.094 
683,101716.523 
684,61937.461 
685,51433.223 
686,52885.895 
687,188240.938 
688,256316.531 
689,28863.307 
690,157862.797 
691,85437.148 
692,432567.344 
693,38650.062 
694,120008.758 
695,158342.047 
696,49822.164 
697,490295.469 
698,207369.562 
699,224211.578 
700,148144.922 
701,107865.000 
702,274570.438 
703,246153.812 
704,24428.713 
705,173124.172 
706,165613.328 
707,498863.062 
708,302167.938 
709,117178.430 
710,170225.656 
711,214993.078 
712,240528.656 
713,144991.609 
714,141075.156 
715,58950.082 
716,392806.562 
717,209049.625 
718,42403.129 
719,265070.344 
720,13906.287 
721,172026.578 
722,107515.031 
723,312834.750 
724,69113.750 
725,255438.438 
726,28976.113 
727,30666.072 
728,380997.562 
729,325736.750 
730,63185.367 
731,338215.469 
732,139067.891 
733,378236.531 
734,154823.375 
735,83473.828 
736,211925.500 
737,33421.629 
738,86881.312 
739,272495.750 
740,39037.730 
741,110672.914 
742,302738.531 
743,278268.656 
744,55893.105 
745,565912.500 
746,118758.141 
747,380539.062 
748,27096.314 
749,352734.656 
750,102769.758 
751,105204.586 
752,344660.938 
753,49039.070 
754,267501.688 
755,227558.078 
756,184933.484 
757,149606.312 
758,164937.469 
759,207758.953 
760,108646.727 
761,296144.125 
762,494221.312 
763,25273.021 
764,74634.398 
765,74160.430 
766,96789.656 
767,105871.453 
768,133006.594 
769,762017.125 
770,309423.438 
771,152565.562 
772,47466.105 
773,124575.234 
774,134329.234 
775,215464.656 
776,158466.297 
777,192986.109 
778,327072.031 
779,213538.844 
780,170914.297 
781,497604.156 
782,38530.320 
783,129613.875 
784,100625.250 
785,95562.719 
786,37136.234 
787,76168.078 
788,279887.188 
789,75454.844 
790,84117.297 
791,52706.789 
792,248578.734 
793,247932.828 
794,157901.156 
795,78663.641 
796,224258.516 
797,263349.500 
798,140197.453 
799,283307.469 
6,248867.516 
7,1313433.625 
8,1322003.250 
9,68878.914 
10,1145986.875 
11,1366783.250 
12,36720.094 
13,1170660.375 
14,343383.875 
15,62915.113 
16,136305.844 
17,1332641.750 
18,1253908.000 
19,560006.625 
20,277320.062 
21,97087.453 
22,132151.656 
23,386681.812 
24,1373626.750 
25,149364.797 
26,120192.953 
27,1789245.125 
28,1537480.500 
29,2322957.000 
30,3200233.500 
31,1806905.500 
32,1491668.375 
33,1442593.625 
34,1010670.500 
35,1764745.500 
36,744397.625 
37,1232597.875 
38,191536.984 
39,1382051.750 
40,512082.000 
41,3210209.000 
42,640982.000 
43,686437.562 
44,870111.438 
45,1264630.250 
46,2317319.750 
47,723476.000 
48,136433.156 
49,726369.625 
50,1564275.500 
51,2016448.750 
52,814500.312 
53,619032.500 
54,2323589.000 
55,313252.875 
56,1895108.500 
57,2635416.500 
58,2161404.750 
59,2856035.500 
60,738373.125 
61,168703.578 
62,347799.844 
63,1514850.875 
64,1717950.000 
65,392694.312 
66,567873.500 
67,1290080.750 
68,3830254.250 
69,550289.438 
70,1146824.375 
71,2115582.250 
72,275264.750 
73,637247.562 
74,226651.594 
75,110896.328 
76,1048914.250 
77,674098.375 
78,2498828.250 
79,1831721.750 
80,2633119.000 
81,742038.750 
82,790554.938 
83,1291139.500 
84,204558.234 
85,1573221.000 
86,827108.125 
87,1527181.375 
88,652321.562 
89,1800654.750 
90,2953132.000 
91,1625390.250 
92,1167565.500 
93,1327277.750 
94,790590.250 
95,1607744.125 
96,2469670.250 
97,2330261.250 
98,604928.000 
99,1423599.250 
100,1505937.000 
101,662571.312 
102,2552322.500 
103,2033795.125 
104,108312.258 
105,1635893.250 
106,2641512.000 
107,1545211.375 
108,1929099.375 
109,1632097.500 
110,907106.125 
111,1359542.875 
112,1097040.500 
113,1227124.375 
114,963105.375 
115,433236.938 
116,1403857.875 
117,1731139.625 
118,1148625.000 
119,3701935.750 
120,1382829.500 
121,546741.938 
122,3723980.500 
123,3380258.250 
124,647119.812 
125,2444493.750 
126,434167.031 
127,1998828.500 
128,658499.062 
129,730748.688 
130,1469594.125 
131,1496141.375 
132,1024772.562 
133,2918631.250 
134,524896.688 
135,1021610.375 
136,1166283.500 
137,2101744.500 
138,556132.125 
139,3230402.500 
140,710630.125 
141,1111010.250 
142,1795716.625 
143,1941188.500 
144,722464.938 
145,297005.156 
146,2158143.500 
147,1430182.375 
148,657800.812 
149,1218956.500 
150,1344405.500 
151,570098.375 
152,1016548.438 
153,278772.562 
154,220530.594 
155,2084488.125 
156,573145.000 
157,534103.312 
158,283167.625 
159,1324780.750 
160,1528228.000 
161,1173945.625 
162,1471630.250 
163,517091.344 
164,250671.078 
165,644655.312 
166,1520330.125 
167,121197.094 
168,257126.047 
169,516355.062 
170,372698.219 
171,1862702.000 
172,1236904.625 
173,1236040.750 
174,977218.812 
175,1313420.000 
176,858449.438 
177,736155.750 
178,153955.062 
179,216924.969 
180,1377099.500 
181,701267.062 
182,741986.438 
183,1259604.500 
184,2522198.000 
185,2968026.000 
186,1342408.125 
187,1213794.625 
188,369409.312 
189,972353.625 
190,729736.938 
191,1717027.125 
192,914229.812 
193,594420.125 
194,1057401.500 
195,267859.344 
196,639034.625 
197,432056.562 
198,2277062.000 
199,818616.875 
200,369056.469 
201,3173106.250 
202,780484.125 
203,1137872.875 
204,847920.625 
205,3245845.000 
206,861291.250 
207,1592014.125 
208,1284001.125 
209,1533817.375 
210,375161.625 
211,1551733.750 
212,909401.750 
213,877420.000 
214,1336992.750 
215,648717.438 
216,1820802.250 
217,1190320.000 
218,423660.156 
219,565505.375 
220,401312.156 
221,2318041.750 
222,933627.875 
223,814763.562 
224,1534350.250 
225,1208996.500 
226,1372080.750 
227,1669816.000 
228,652526.875 
229,1178355.000 
230,1853952.500 
231,2471419.000 
232,700047.062 
233,497850.469 
234,825332.812 
235,694541.438 
236,687223.062 
237,1884633.500 
238,2261886.250 
239,414188.281 
240,123197.523 
241,153182.531 
242,1188126.000 
243,2120686.000 
244,1771860.500 
245,160849.469 
246,330727.031 
247,686607.000 
248,2205058.250 
249,728826.562 
250,697495.062 
251,1649310.625 
252,333930.312 
253,1035040.188 
254,1785009.500 
255,565917.188 
256,336250.344 
257,2868731.750 
258,548959.500 
259,677625.875 
260,2183575.250 
261,1097908.250 
262,886551.312 
263,880398.625 
264,1993989.250 
265,1260088.250 
266,1353670.625 
267,1199353.125 
268,1812320.500 
269,1050879.750 
270,572749.250 
271,941204.250 
272,964871.562 
273,721366.312 
274,979939.312 
275,931154.250 
276,2520872.250 
277,2075628.000 
278,1307811.500 
279,1452895.000 
280,607583.375 
281,649820.250 
282,829077.688 
283,1414109.750 
284,1592346.125 
285,928546.062 
286,1530196.750 
287,739576.188 
288,1937984.125 
289,3971661.500 
290,796829.250 
291,1590043.125 
292,856951.062 
293,1554850.750 
294,491729.938 
295,478542.062 
296,800592.688 
297,1807290.500 
298,420942.312 
299,1273075.875 
300,1919888.875 
301,456932.688 
302,2003828.125 
303,2001101.250 
304,1182576.750 
305,239015.281 
306,1897664.000 
307,1944664.375 
308,346596.938 
309,651259.125 
310,1332773.500 
311,1881759.375 
312,1247032.500 
313,803996.188 
314,203621.359 
315,1106890.625 
316,199648.500 
317,1293444.250 
318,1247293.375 
319,696161.562 
320,1649420.125 
321,2210843.750 
322,599125.312 
323,1213358.625 
324,473347.062 
325,1516420.250 
326,749321.125 
327,2677927.500 
328,2344589.500 
329,1558373.000 
330,790080.500 
331,1016802.625 
332,949397.312 
333,758403.250 
334,742240.875 
335,653597.062 
336,1236265.000 
337,2033098.500 
338,1340883.500 
339,728177.875 
340,3054633.500 
341,881393.375 
342,1036832.125 
343,272470.656 
344,553559.812 
345,2645667.750 
346,624440.625 
347,2327431.500 
348,410372.906 
349,1920342.125 
350,1002791.500 
351,160597.219 
352,1113136.750 
353,1543708.625 
354,350968.250 
355,1445555.250 
356,579883.500 
357,945126.312 
358,1231822.500 
359,1062693.875 
360,299337.062 
361,1276938.250 
362,758237.750 
363,1090929.000 
364,266591.906 
365,1198307.750 
366,1074694.125 
367,2607233.500 
368,1070448.000 
369,924862.875 
370,401835.125 
371,689758.250 
372,194798.141 
373,400421.250 
374,399663.438 
375,3238367.750 
376,1814623.500 
377,640502.062 
378,1927097.250 
379,1329708.500 
380,801919.812 
381,869959.062 
382,705723.250 
383,354547.438 
384,576948.000 
385,2754521.500 
386,2411192.750 
387,743722.625 
388,262783.781 
389,252372.703 
390,481199.906 
391,1092364.625 
392,1283726.000 
393,693695.250 
394,1254748.125 
395,1271051.500 
396,922238.875 
397,2185484.500 
398,239672.906 
399,1300551.000 
400,2138492.000 
401,207192.000 
402,381349.594 
403,1296642.500 
404,183813.000 
405,1801283.875 
406,1842865.750 
407,1610493.250 
408,2049500.250 
409,629207.625 
410,615854.125 
411,897650.938 
412,933303.375 
413,1543812.750 
414,479468.719 
415,1528390.500 
416,1650172.500 
417,760290.875 
418,726021.000 
419,606894.250 
420,426244.000 
421,1504352.375 
422,577800.500 
423,1473151.250 
424,1167938.000 
425,383922.125 
426,2337240.000 
427,1231896.250 
428,279841.844 
429,289115.281 
430,1270197.750 
431,363187.062 
432,1317945.750 
433,1429984.375 
434,2354621.750 
435,1441400.500 
436,1992760.625 
437,1387733.125 
438,1473718.625 
439,371904.250 
440,250855.859 
441,874080.750 
442,557496.562 
443,2097899.750 
444,1018913.500 
445,2174288.250 
446,586499.500 
447,1137318.375 
448,599178.312 
449,961235.375 
450,1330426.875 
451,1089098.625 
452,739823.375 
453,2069890.500 
454,117908.875 
455,540490.062 
456,566636.500 
457,421742.719 
458,1004594.125 
459,211698.844 
460,1483132.000 
461,3288193.500 
462,455536.875 
463,765882.938 
464,1606209.125 
465,1231604.875 
466,433183.500 
467,1397362.750 
468,2193729.250 
469,1242011.125 
470,338235.812 
471,981820.938 
472,661114.750 
473,1310474.000 
474,1349381.750 
475,152667.750 
476,2400064.500 
477,928996.125 
478,1174086.750 
479,1066217.125 
480,631038.125 
481,833582.125 
482,744411.125 
483,1304972.750 
484,1054589.375 
485,755424.125 
486,2648039.000 
487,543355.500 
488,600641.812 
489,825840.375 
490,232766.078 
491,177617.438 
492,536173.750 
493,2229605.750 
494,1809468.875 
495,605637.875 
496,333616.719 
497,747448.625 
498,175127.750 
499,1437938.500 
500,316334.219 
501,762116.062 
502,852700.812 
503,1486972.750 
504,1027422.000 
505,1387460.500 
506,2421092.750 
507,1875973.500 
508,1709047.750 
509,514364.219 
510,1107718.250 
511,1900336.000 
512,1343664.500 
513,399526.156 
514,568880.625 
515,235457.656 
516,661900.375 
517,1336538.875 
518,810164.562 
519,644294.250 
520,746325.125 
521,1407283.250 
522,780490.500 
523,963848.562 
524,1299766.125 
525,251442.453 
526,2269514.000 
527,243299.625 
528,1479739.875 
529,628506.938 
530,908450.188 
531,988117.875 
532,882320.750 
533,2233811.750 
534,1052386.875 
535,744283.375 
536,1648556.250 
537,867578.062 
538,1379641.000 
539,557146.938 
540,1062718.375 
541,994241.375 
542,1949743.500 
543,1074693.875 
544,1811557.250 
545,1581932.750 
546,923164.000 
547,321822.125 
548,1098011.250 
549,1615301.250 
550,1731643.125 
551,964679.750 
552,1714473.500 
553,291339.938 
554,1323268.625 
555,1731327.000 
556,1563529.000 
557,2237432.750 
558,840442.688 
559,567589.062 
560,1265365.750 
561,301950.812 
562,2546883.500 
563,2254644.000 
564,501853.250 
565,460704.656 
566,1781652.750 
567,2244314.000 
568,1292429.375 
569,288199.188 
570,346697.781 
571,1393548.875 
572,369761.250 
573,989301.062 
574,1916846.625 
575,1758712.250 
576,2604661.250 
577,1612153.125 
578,160571.734 
579,2143081.250 
580,1942654.750 
581,2757965.750 
582,718874.688 
583,3397781.250 
584,175576.781 
585,282544.062 
586,516677.906 
587,2370058.500 
588,1194825.750 
589,814443.250 
590,1010928.250 
591,166932.000 
592,1130086.625 
593,273862.188 
594,1829708.375 
595,1229919.500 
596,157096.000 
597,1134559.125 
598,740419.125 
599,643874.438 
600,1668856.375 
607,2703296.750 
608,2133912.500 
609,219017.078 
610,2921439.750 
611,2655596.500 
612,215521.562 
613,2134050.000 
614,310284.500 
615,2447201.750 
616,1942041.125 
617,1143446.125 
618,515949.094 
619,833958.625 
620,372705.094 
621,1660012.500 
622,1080654.625 
623,337141.562 
624,427487.969 
625,1073052.125 
626,374556.188 
627,898383.125 
628,1006379.312 
629,1543931.375 
630,1125710.500 
631,1091004.875 
632,394767.094 
633,438641.031 
634,285481.750 
635,279623.000 
636,491905.938 
637,2112411.000 
638,1349037.125 
639,808821.250 
640,1837266.250 
641,1868802.125 
642,632609.375 
643,1403397.250 
644,1113137.875 
645,843104.750 
646,703596.062 
647,1630452.875 
648,2373483.500 
649,951312.000 
650,786795.625 
651,1531073.500 
652,328438.875 
653,2475509.000 
654,1547456.750 
655,803168.375 
656,734549.812 
657,1380275.625 
658,1137184.625 
659,1407879.250 
660,1333439.625 
661,2422901.750 
662,333712.094 
663,1916101.750 
664,1971813.125 
665,1660402.250 
666,1371926.875 
667,850853.812 
668,1260209.375 
669,581990.125 
670,676030.875 
671,1725366.750 
672,1852092.750 
673,1158706.250 
674,619495.125 
675,261184.547 
676,1420442.500 
677,646356.625 
678,500626.094 
679,1239138.125 
680,1030211.625 
681,957295.938 
682,1220319.250 
683,1242437.375 
684,710610.375 
685,719908.250 
686,1214554.375 
687,2101968.750 
688,1605606.250 
689,1247459.000 
690,385168.438 
691,247758.031 
692,1325712.750 
693,549863.000 
694,361792.812 
695,1222415.000 
696,664820.375 
697,520164.125 
698,1440135.000 
699,846197.875 
700,583037.500 
701,853796.312 
702,1034372.500 
703,437141.250 
704,585919.500 
705,1455592.250 
706,567843.000 
707,96159.789 
708,520246.250 
709,1607165.875 
710,2088111.375 
711,220225.812 
712,329507.531 
713,1467513.500 
714,285249.406 
715,583509.625 
716,833006.250 
717,817169.375 
718,1030811.500 
719,520541.562 
720,779711.000 
721,381665.906 
722,984403.375 
723,264150.156 
724,54470.844 
725,2025002.750 
726,940894.250 
727,465040.250 
728,604782.500 
729,558983.188 
730,1079445.000 
731,478743.188 
732,308841.250 
733,1090329.750 
734,942598.375 
735,841155.500 
736,972853.750 
737,254588.625 
738,147454.250 
739,436498.500 
740,580862.750 
741,515290.625 
742,1843934.750 
743,351945.312 
744,970077.625 
745,235955.344 
746,1222641.250 
747,1180595.750 
748,136596.688 
749,1037823.812 
750,441124.219 
751,931272.688 
752,164489.766 
753,2116513.750 
754,434257.219 
755,1077463.750 
756,348866.875 
757,45659.855 
758,49603.344 
759,411982.969 
760,586013.000 
761,1239381.750 
762,342696.281 
763,454969.625 
764,562240.250 
765,331053.656 
766,713960.938 
767,598477.125 
768,136932.500 
769,790916.125 
770,957831.125 
771,172167.172 
772,906265.125 
773,878624.750 
774,539205.688 
775,1050321.000 
776,191854.453 
777,524692.000 
778,660663.812 
779,1028389.500 
780,720031.250 
781,175589.969 
782,686655.562 
783,290338.500 
784,421895.188 
785,87163.297 
786,591449.625 
787,244209.109 
788,1718238.750 
789,619168.375 
790,904343.562 
791,458459.625 
792,456117.656 
793,523184.781 
794,103063.570 
795,378884.844 
796,1065131.250 
797,287669.312 
798,1273305.250 
799,603917.000 
6,5445945.000 
7,5295540.000 
8,9776598.000 
9,5003989.000 
10,12712953.000 
11,8011351.000 
12,25446008.000 
13,16096097.000 
14,13070394.000 
15,12472027.000 
16,5360942.000 
17,16843870.000 
18,27777158.000 
19,15017378.000 
20,26592982.000 
21,16747013.000 
22,11518731.000 
23,24151562.000 
24,18987850.000 
25,3023572.000 
26,20681420.000 
27,3045741.000 
28,3403955.000 
29,11018100.000 
30,3547594.000 
31,657295.375 
32,16552560.000 
33,4520577.000 
34,12464271.000 
35,9341335.000 
36,17252254.000 
37,6884820.000 
38,19891590.000 
39,10557706.000 
40,11184148.000 
41,10695331.000 
42,10964477.000 
43,14933476.000 
44,5420812.000 
45,4404162.000 
46,6724816.500 
47,4781949.000 
48,4216876.000 
49,6712378.000 
50,7214438.000 
51,5416938.500 
52,12340748.000 
53,2796375.000 
54,8802692.000 
55,1869521.375 
56,6422484.500 
57,5373937.500 
58,10883148.000 
59,10289329.000 
60,9285430.000 
61,8744618.000 
62,3762685.000 
63,15845523.000 
64,9103040.000 
65,7441026.500 
66,6024770.000 
67,5983437.000 
68,6048787.000 
69,13846305.000 
70,2772689.750 
71,5060625.500 
72,14206532.000 
73,9358116.000 
74,13187519.000 
75,16678307.000 
76,8507908.000 
77,2080843.000 
78,4472128.500 
79,6037986.000 
80,4042526.000 
81,6481309.000 
82,2071657.125 
83,5834996.000 
84,2399214.750 
85,9214081.000 
86,8322434.000 
87,7089568.000 
88,9078680.000 
89,7035529.500 
90,7208968.000 
91,5109854.500 
92,3499635.250 
93,10584279.000 
94,2531855.500 
95,2589939.750 
96,6520704.000 
97,16477812.000 
98,14855280.000 
99,786370.250 
100,2268673.250 
101,3084705.000 
102,9382624.000 
103,501059.781 
104,3230722.750 
105,20936336.000 
106,11740283.000 
107,6906838.000 
108,15233390.000 
109,20201986.000 
110,8515339.000 
111,19446896.000 
112,17696004.000 
113,18720380.000 
114,5109500.000 
115,13882472.000 
116,6079619.500 
117,8538342.000 
118,7826509.000 
119,7906376.000 
120,8098206.000 
121,20350828.000 
122,15921734.000 
123,7356821.000 
124,7901863.000 
125,7414883.000 
126,12949694.000 
127,965060.562 
128,5897220.000 
129,5257041.000 
130,8870608.000 
131,3550132.750 
132,6572287.500 
133,19263364.000 
134,8647860.000 
135,4561662.500 
136,6484131.000 
137,12665227.000 
138,11509616.000 
139,8553950.000 
140,7043249.000 
141,16459639.000 
142,18151652.000 
143,8261364.000 
144,5568974.000 
145,9470168.000 
146,738817.125 
147,18458720.000 
148,5848120.500 
149,10311511.000 
150,1491057.250 
151,3663804.500 
152,12070053.000 
153,12528828.000 
154,3671675.000 
155,9151418.000 
156,12727885.000 
157,14103324.000 
158,18366856.000 
159,9762249.000 
160,4407935.500 
161,13616577.000 
162,2896333.000 
163,12121185.000 
164,10236846.000 
165,18997866.000 
166,5515927.500 
167,21074080.000 
168,4302188.500 
169,9356912.000 
170,15360816.000 
171,784361.750 
172,16546154.000 
173,19033514.000 
174,11582034.000 
175,14390671.000 
176,16179840.000 
177,19476524.000 
178,21618286.000 
179,194401.047 
180,1432552.250 
181,19647312.000 
182,746669.500 
183,6897223.000 
184,7388019.500 
185,12070468.000 
186,987091.625 
187,21160940.000 
188,15677959.000 
189,8014208.000 
190,8105873.500 
191,3552308.750 
192,9706713.000 
193,11035853.000 
194,2383175.750 
195,3393826.750 
196,5249758.500 
197,11638758.000 
198,14980901.000 
199,977504.688 
200,10003062.000 
201,30923258.000 
202,32286414.000 
203,5359160.000 
204,13615562.000 
205,7093546.000 
206,4016993.250 
207,29027916.000 
208,4303249.500 
209,8149439.000 
210,6927187.000 
211,5540569.500 
212,20417074.000 
213,16936532.000 
214,668205.500 
215,11412470.000 
216,573627.938 
217,11956510.000 
218,3522673.000 
219,5382950.500 
220,7085899.500 
221,4015271.000 
222,1377880.500 
223,5495317.500 
224,1222832.750 
225,12564237.000 
226,10942790.000 
227,6100305.500 
228,13595677.000 
229,8973296.000 
230,7517941.000 
231,6408047.500 
232,8134501.500 
233,5146688.500 
234,1043349.812 
235,11333644.000 
236,6002048.000 
237,6736548.500 
238,2149997.000 
239,5932508.500 
240,6016629.000 
241,4244325.000 
242,15183781.000 
243,3891226.000 
244,9616919.000 
245,4670176.500 
246,5898226.000 
247,5076829.000 
248,11555906.000 
249,10600051.000 
250,595102.375 
251,6489726.500 
252,11646444.000 
253,5687201.500 
254,12094134.000 
255,9286255.000 
256,8547045.000 
257,8514034.000 
258,9168663.000 
259,9053031.000 
260,5922632.000 
261,4843542.500 
262,529387.125 
263,271184.875 
264,25389652.000 
265,2887450.750 
266,24196668.000 
267,19846144.000 
268,13240575.000 
269,6772136.000 
270,3284335.750 
271,6157402.500 
272,10655827.000 
273,5676036.000 
274,4193972.500 
275,1752211.500 
276,5434445.500 
277,1910226.375 
278,389111.312 
279,14793994.000 
280,5268211.000 
281,2592001.500 
282,3596643.750 
283,8452432.000 
284,1115075.750 
285,13561548.000 
286,11730859.000 
287,1703119.250 
288,23806724.000 
289,5880751.500 
290,2441194.000 
291,5441258.000 
292,20337096.000 
293,5602716.500 
294,6234426.000 
295,7833202.000 
296,5459875.000 
297,7126013.000 
298,4171207.750 
299,1629389.750 
300,2738428.000 
301,2425856.250 
302,7416909.000 
303,8994356.000 
304,5384455.500 
305,6585087.000 
306,12550452.000 
307,4745978.500 
308,300892.875 
309,7403383.000 
310,4927549.000 
311,17713508.000 
312,7145851.000 
313,8608397.000 
314,9345606.000 
315,9381358.000 
316,4797346.500 
317,6948343.500 
318,3167824.500 
319,3530604.000 
320,8435993.000 
321,17276876.000 
322,19819266.000 
323,14129063.000 
324,5165551.500 
325,2558294.000 
326,4094949.250 
327,10835279.000 
328,11833470.000 
329,6215039.000 
330,9756051.000 
331,2915828.000 
332,10794544.000 
333,10518232.000 
334,5251658.500 
335,10743077.000 
336,10420641.000 
337,5766558.000 
338,26819642.000 
339,11615718.000 
340,10488092.000 
341,2083059.875 
342,14159577.000 
343,9763863.000 
344,8692733.000 
345,6925008.500 
346,8648316.000 
347,5523345.500 
348,4394773.000 
349,21016914.000 
350,12872730.000 
351,14611532.000 
352,2850321.000 
353,22665582.000 
354,9951057.000 
355,4830322.000 
356,522435.688 
357,3207083.250 
358,2684412.000 
359,955668.375 
360,18357616.000 
361,9787438.000 
362,10209705.000 
363,9687079.000 
364,6778996.000 
365,1119198.000 
366,8178913.000 
367,1916132.500 
368,212295.203 
369,8656713.000 
370,17010064.000 
371,1905091.375 
372,4304505.000 
373,3469128.000 
374,731033.812 
375,19800082.000 
376,14546795.000 
377,9177048.000 
378,19624688.000 
379,11977507.000 
380,1223249.625 
381,20118326.000 
382,5418512.000 
383,2140387.750 
384,13326489.000 
385,12355777.000 
386,9397671.000 
387,3875992.500 
388,832734.812 
389,11693492.000 
390,13100382.000 
391,4101890.750 
392,5807768.500 
393,12422837.000 
394,9861656.000 
395,10385169.000 
396,15622408.000 
397,11232539.000 
398,14455470.000 
399,6208490.000 
400,14332657.000 
401,3051747.500 
402,2750525.500 
403,17581614.000 
404,7009478.500 
405,5778971.500 
406,7684547.500 
407,10381670.000 
408,7223519.000 
409,737769.750 
410,162216.625 
411,10162670.000 
412,9803149.000 
413,5666204.000 
414,5937010.500 
415,5351256.500 
416,9119538.000 
417,1229205.750 
418,9076330.000 
419,14826402.000 
420,2158680.250 
421,4545291.000 
422,11745876.000 
423,5434495.500 
424,24218428.000 
425,1835953.875 
426,10087532.000 
427,7087680.000 
428,7828958.500 
429,10448895.000 
430,2877669.000 
431,2426072.000 
432,1011094.562 
433,13780640.000 
434,7733205.500 
435,1406162.000 
436,17906914.000 
437,1505226.625 
438,2915929.000 
439,15469248.000 
440,10355239.000 
441,2468648.500 
442,13429608.000 
443,12086010.000 
444,11898902.000 
445,2242728.500 
446,23905128.000 
447,3535265.250 
448,26012306.000 
449,653270.375 
450,482568.688 
451,6045446.500 
452,5348575.500 
453,15691349.000 
454,3457063.500 
455,14636786.000 
456,9327206.000 
457,3554870.500 
458,4888541.000 
459,21318626.000 
460,3593567.500 
461,1926922.625 
462,9256734.000 
463,13324414.000 
464,448030.094 
465,6148780.000 
466,9560024.000 
467,9396462.000 
468,7545869.500 
469,20139976.000 
470,12143941.000 
471,6393588.000 
472,1669128.625 
473,3235394.000 
474,16783078.000 
475,7801627.000 
476,371486.656 
477,1115823.125 
478,710190.250 
479,3025806.750 
480,10511350.000 
481,6269660.000 
482,5430310.000 
483,1928728.500 
484,14088868.000 
485,6227421.500 
486,6977571.500 
487,19003270.000 
488,768121.188 
489,6906210.000 
490,7854929.000 
491,8412746.000 
492,2454276.000 
493,3173781.500 
494,5118018.500 
495,11937004.000 
496,7724949.000 
497,5180046.000 
498,3101850.000 
499,4895934.000 
500,23540952.000 
501,1505919.125 
502,5666426.500 
503,7485990.000 
504,8163431.000 
505,10715653.000 
506,4670198.000 
507,11876687.000 
508,13586420.000 
509,13056734.000 
510,377312.156 
511,13204696.000 
512,15083303.000 
513,2820333.000 
514,10885720.000 
515,5538829.500 
516,8406780.000 
517,3706014.000 
518,8066135.000 
519,7556845.500 
520,23206000.000 
521,10753512.000 
522,535159.500 
523,7943546.000 
524,2757246.250 
525,14214062.000 
526,17460668.000 
527,3414545.750 
528,7429426.500 
529,5698878.500 
530,7806762.500 
531,7143379.000 
532,5921872.000 
533,5341479.500 
534,5567816.000 
535,4905126.500 
536,12781134.000 
537,13376619.000 
538,5042095.000 
539,8000374.000 
540,3488188.750 
541,4163576.500 
542,2820446.250 
543,7225378.000 
544,2859335.500 
545,5839877.500 
546,738306.875 
547,10313691.000 
548,2344407.750 
549,15684525.000 
550,3274852.000 
551,1571376.875 
552,3293924.250 
553,6881770.000 
554,1590693.750 
555,5185897.500 
556,6908564.000 
557,6571154.000 
558,2846258.500 
559,3259841.250 
560,5043341.000 
561,10010032.000 
562,9569482.000 
563,735719.375 
564,4327761.500 
565,6661565.500 
566,3566787.500 
567,2395646.250 
568,10272499.000 
569,11364894.000 
570,3954992.500 
571,8161222.000 
572,4912926.000 
573,14171188.000 
574,9501119.000 
575,17373604.000 
576,4306817.000 
577,6468029.500 
578,13822894.000 
579,1475672.000 
580,4078986.750 
581,5722102.000 
582,25856996.000 
583,1371851.250 
584,1436997.000 
585,4365467.500 
586,4363170.500 
587,1898035.500 
588,4323974.500 
589,12663044.000 
590,2168521.250 
591,579961.750 
592,17138692.000 
593,18491918.000 
594,387475.188 
595,6291133.500 
596,16367283.000 
597,1760025.250 
598,2755210.750 
599,4407501.000 
600,3539604.000 
607,5454381.000 
608,5169692.500 
609,3437957.500 
610,4436376.000 
611,4293282.500 
612,729333.000 
613,3432189.750 
614,839000.250 
615,418782.938 
616,351121.719 
617,4770802.000 
618,2984733.000 
619,818027.625 
620,5752166.000 
621,3480044.750 
622,1482110.250 
623,3619491.000 
624,2867294.000 
625,2832647.250 
626,2638893.500 
627,870008.625 
628,1797426.500 
629,6168507.500 
630,1663551.250 
631,615213.688 
632,1695678.250 
633,2099241.000 
634,1330171.250 
635,5074901.500 
636,957618.625 
637,4518787.500 
638,675615.688 
639,7196332.000 
640,2257650.750 
641,1642877.500 
642,8713212.000 
643,3627534.000 
644,6064487.000 
645,4151643.000 
646,5592861.500 
647,1674843.750 
648,2272809.750 
649,3212510.000 
650,5471182.000 
651,5442283.000 
652,2022458.625 
653,505164.188 
654,1951535.750 
655,2679598.000 
656,731333.500 
657,5970726.000 
658,3838563.750 
659,6153716.500 
660,4709985.000 
661,411184.438 
662,1022424.500 
663,1275471.750 
664,7663237.000 
665,4427140.000 
666,1811440.750 
667,3296709.750 
668,1171021.500 
669,2577979.750 
670,7158309.000 
671,2063589.250 
672,392044.125 
673,8738464.000 
674,3198013.500 
675,4269634.000 
676,2699071.500 
677,6362542.000 
678,2807593.500 
679,4238824.000 
680,1701922.875 
681,799697.375 
682,7987135.000 
683,2633997.250 
684,5756812.000 
685,1766242.250 
686,8208004.000 
687,616864.812 
688,3210202.500 
689,1629312.000 
690,2022343.750 
691,9981197.000 
692,9662534.000 
693,3237528.000 
694,1152795.000 
695,6096453.500 
696,3836147.000 
697,6969045.000 
698,3776735.750 
699,2226597.250 
700,722529.062 
701,6626561.500 
702,5050025.000 
703,9088789.000 
704,2699894.250 
705,2761891.750 
706,2970807.250 
707,18125096.000 
708,1674095.500 
709,6518873.500 
710,475603.719 
711,1735675.250 
712,592699.062 
713,335045.562 
714,2457598.500 
715,3103819.000 
716,670769.375 
717,3355338.500 
718,5140791.000 
719,4912638.500 
720,3325990.000 
721,4410228.000 
722,4737142.000 
723,14111402.000 
724,4840385.000 
725,1653968.750 
726,13931243.000 
727,4606327.000 
728,2791439.500 
729,5267036.500 
730,6456275.500 
731,12133255.000 
732,1554556.375 
733,323380.875 
734,4040087.000 
735,3859990.750 
736,624801.562 
737,5457927.000 
738,2457668.750 
739,393439.500 
740,1587115.500 
741,11216668.000 
742,11156016.000 
743,6271720.000 
744,12642473.000 
745,589028.750 
746,6585419.000 
747,6303370.000 
748,2827583.750 
749,1202151.125 
750,6161870.000 
751,524292.062 
752,8259077.000 
753,4291537.000 
754,2875161.750 
755,9309292.000 
756,2176719.250 
757,8290177.000 
758,4669437.500 
759,7593011.500 
760,16181672.000 
761,4528238.500 
762,3956058.000 
763,2804061.500 
764,2281771.250 
765,7839312.000 
766,926638.000 
767,5920993.500 
768,2946219.750 
769,13731114.000 
770,5142262.000 
771,7449592.000 
772,3695710.000 
773,11971866.000 
774,2086671.000 
775,8093148.000 
776,1108375.750 
777,7438849.000 
778,5192749.000 
779,809910.875 
780,5497851.000 
781,13743730.000 
782,2186132.500 
783,2334614.750 
784,991387.375 
785,4484195.500 
786,5063185.000 
787,5723169.500 
788,866051.875 
789,9625265.000 
790,10407728.000 
791,1474370.250 
792,4962279.500 
793,4812666.000 
794,1042666.375 
795,2495741.750 
796,705249.438 
797,267126.344 
798,11638830.000 
799,7618153.000 
10,621373.688 
11,797889.125 
12,594279.062 
13,394643.000 
14,591942.500 
15,776223.375 
16,198818.391 
17,578855.062 
18,586637.500 
19,584652.062 
20,193909.469 
21,566309.875 
22,387999.219 
23,386088.656 
24,201580.328 
25,224847.438 
26,54104.070 
27,46467.949 
28,12882.581 
29,418520.844 
30,193438.016 
31,44290.582 
32,394624.375 
33,390130.562 
34,545515.500 
35,13941.221 
36,9754.131 
37,368966.219 
38,369519.000 
39,186426.766 
40,10566.745 
41,172233.016 
42,11609.273 
43,181745.984 
44,14846.900 
45,46475.414 
46,8649.838 
47,11628.484 
48,168698.781 
49,16546.436 
50,8872.849 
51,172478.375 
52,176683.812 
53,13105.324 
54,15908.375 
55,517729.656 
56,504113.125 
57,348929.250 
58,168648.094 
59,14665.537 
60,16007.248 
61,23759.037 
62,334435.125 
63,196584.844 
64,164307.891 
65,476987.156 
66,168124.828 
67,19157.434 
68,21292.223 
69,322910.906 
70,302916.906 
71,12428.685 
72,17298.625 
73,154986.609 
74,16025.656 
75,12814.354 
76,18891.562 
77,314592.062 
78,44816.691 
79,11482.029 
80,301632.219 
81,158069.766 
82,14593.393 
83,12394.475 
84,18454.990 
85,190809.828 
86,167729.062 
87,14052.563 
88,162952.703 
89,155373.547 
90,161275.188 
91,307210.125 
92,20682.258 
93,14317.972 
94,16684.615 
95,442011.719 
96,434468.750 
97,292037.562 
98,19332.439 
99,156264.562 
100,49598.539 
101,309319.656 
102,16570.801 
103,152449.375 
104,300634.219 
105,17731.000 
106,23089.609 
107,10977.318 
108,11239.278 
109,145194.438 
110,21722.391 
111,17199.564 
112,15013.875 
113,10998.598 
114,19083.027 
115,16065.423 
116,149121.344 
117,418311.219 
118,140339.703 
119,156042.781 
120,155566.797 
121,14773.912 
122,37001.430 
123,141493.172 
124,145239.312 
125,15429.812 
126,16510.434 
127,44512.492 
128,25398.889 
129,363016.406 
130,19129.729 
131,139086.422 
132,121219.984 
133,14345.678 
134,27562.295 
135,12079.559 
136,26792.746 
137,13044.205 
138,234209.938 
139,11799.455 
140,18237.410 
141,141593.750 
142,221196.297 
143,45138.234 
144,36648.484 
145,16874.523 
146,17936.859 
147,102058.266 
148,18250.328 
149,12506.311 
150,94654.969 
151,8325.514 
152,186854.625 
153,10872.178 
154,18623.982 
155,18098.949 
156,14481.629 
157,94140.094 
158,127934.273 
159,25953.281 
160,98788.367 
161,26081.096 
162,14796.188 
163,10822.816 
164,19205.908 
165,22279.773 
166,9876.231 
167,6708.196 
168,16663.383 
169,25411.906 
170,21701.434 
171,22741.510 
172,15900.834 
173,21008.506 
174,18847.238 
175,17853.686 
176,27479.963 
177,79262.766 
178,67344.656 
179,24908.260 
180,97204.703 
181,453564.719 
182,14335.918 
183,20965.719 
184,20186.199 
185,180155.688 
186,10538.957 
187,91925.008 
188,56037.234 
189,14443.158 
190,162168.109 
191,435011.250 
192,465869.188 
193,26291.197 
194,18415.684 
195,61893.641 
196,12249.036 
197,199705.844 
198,16251.660 
199,109149.242 
200,43025.266 
201,97642.039 
202,425343.188 
203,17027.846 
204,60160.715 
205,11080.452 
206,40134.992 
207,60756.688 
208,12062.687 
209,46962.547 
210,22860.479 
211,509846.031 
212,27293.977 
213,43327.973 
214,18112.354 
215,21798.238 
216,25561.893 
217,423823.281 
218,146453.016 
219,48751.074 
220,507137.906 
221,56744.430 
222,20810.406 
223,15893.394 
224,26629.471 
225,47497.129 
226,439499.219 
227,16721.223 
228,13991.728 
229,20838.783 
230,17410.553 
231,86479.289 
232,89062.312 
233,23653.098 
234,19149.443 
235,24991.814 
236,78749.508 
237,38388.758 
238,124279.539 
239,191129.000 
240,40431.742 
241,47532.824 
242,84934.195 
243,13778.766 
244,23278.160 
245,195465.750 
246,58306.473 
247,49158.930 
248,433385.688 
249,46345.875 
250,72232.664 
251,130758.758 
252,39525.594 
253,106259.484 
254,77497.211 
255,51919.168 
256,8241.405 
257,16885.906 
258,35897.164 
259,20736.988 
260,40231.430 
261,18556.268 
262,171689.109 
263,12324.729 
264,43708.051 
265,35004.527 
266,24209.703 
267,25727.977 
268,622613.562 
269,22778.242 
270,16425.535 
271,14703.184 
272,26943.938 
273,14125.876 
274,52246.090 
275,10742.949 
276,31538.215 
277,54669.566 
278,81403.078 
279,51641.922 
280,22389.902 
281,60830.531 
282,45496.688 
283,9238.559 
284,219384.672 
285,44022.516 
286,89345.172 
287,65637.633 
288,119360.039 
289,41148.094 
290,400752.844 
291,42686.793 
292,45124.445 
293,165996.812 
294,12242.084 
295,44816.789 
296,76019.594 
297,18681.059 
298,42161.707 
299,22390.998 
300,99227.625 
301,23542.479 
302,34443.363 
303,194524.641 
304,50737.438 
305,66376.273 
306,29591.248 
307,4426.349 
308,39154.746 
309,16513.213 
310,23317.672 
311,28831.619 
312,30453.854 
313,29420.072 
314,14012.180 
315,8916.815 
316,13292.166 
317,36086.398 
318,68077.648 
319,17098.414 
320,200591.891 
321,399501.031 
322,16475.904 
323,19897.625 
324,47186.867 
325,17157.100 
326,408826.188 
327,438961.125 
328,46950.734 
329,88116.102 
330,13263.563 
331,47480.789 
332,16298.344 
333,49825.363 
334,58506.070 
335,12275.766 
336,21115.049 
337,16276.663 
338,17596.795 
339,45120.062 
340,16192.350 
341,30754.797 
342,198261.469 
343,228964.906 
344,16801.668 
345,10031.317 
346,17353.623 
347,9368.949 
348,18687.965 
349,18630.379 
350,195934.000 
351,28932.963 
352,11880.348 
353,51790.930 
354,8394.339 
355,21776.943 
356,149709.297 
357,15967.508 
358,10083.707 
359,6467.631 
360,37102.355 
361,27778.391 
362,328597.406 
363,10579.842 
364,23055.973 
365,18491.822 
366,17710.008 
367,7728.340 
368,10217.826 
369,28054.010 
370,31084.117 
371,7753.880 
372,17658.945 
373,26670.703 
374,41193.531 
375,29956.688 
376,39998.133 
377,11423.643 
378,13893.404 
379,11258.209 
380,196554.047 
381,10672.464 
382,14429.787 
383,68493.297 
384,56159.223 
385,46802.340 
386,34344.004 
387,10092.968 
388,26930.348 
389,53363.090 
390,9276.922 
391,158559.578 
392,21897.219 
393,36138.305 
394,18761.998 
395,41007.184 
396,16982.127 
397,13100.049 
398,18984.131 
399,25204.469 
400,96646.969 
401,155553.828 
402,53686.250 
403,8359.227 
404,10873.708 
405,9604.703 
406,17205.021 
407,37318.438 
408,13462.881 
409,13515.363 
410,8363.871 
411,41984.344 
412,42890.492 
413,9748.233 
414,6412.662 
415,534872.500 
416,17360.381 
417,196816.312 
418,14277.863 
419,10054.107 
420,17124.570 
421,10528.583 
422,220251.906 
423,13027.527 
424,7640.867 
425,20773.365 
426,8724.197 
427,25374.174 
428,409918.438 
429,11574.162 
430,13937.952 
431,368165.125 
432,371362.000 
433,13772.807 
434,16835.043 
435,138760.000 
436,14673.762 
437,350136.406 
438,51237.535 
439,9529.322 
440,369865.938 
441,89860.805 
442,29280.238 
443,39044.461 
444,30278.982 
445,14338.624 
446,42713.445 
447,22945.488 
448,11028.919 
449,153609.609 
450,34811.336 
451,12289.738 
452,144733.719 
453,26745.939 
454,84575.477 
455,7368.617 
456,9710.193 
457,13154.074 
458,17407.850 
459,7254.084 
460,26519.604 
461,36538.355 
462,347572.000 
463,13724.125 
464,23378.684 
465,17547.299 
466,16127.641 
467,32689.268 
468,382400.969 
469,9184.408 
470,81838.352 
471,54661.273 
472,12966.669 
473,24029.043 
474,360672.312 
475,372345.000 
476,33214.770 
477,28974.746 
478,136115.734 
479,50962.859 
480,22197.387 
481,15169.814 
482,8580.271 
483,21553.264 
484,152075.469 
485,16267.026 
486,176401.562 
487,15711.427 
488,211952.172 
489,19463.242 
490,20306.145 
491,9487.554 
492,34603.137 
493,14086.788 
494,14645.093 
495,352212.781 
496,11763.375 
497,6561.910 
498,18790.750 
499,156304.250 
500,56729.699 
501,153226.469 
502,25570.023 
503,28670.572 
504,11686.548 
505,12503.099 
506,345144.969 
507,19300.891 
508,26612.316 
509,336166.375 
510,10063.340 
511,11028.837 
512,327519.188 
513,33735.156 
514,17768.150 
515,25945.176 
516,164102.906 
517,25957.621 
518,309437.906 
519,11307.359 
520,7541.602 
521,37506.219 
522,30603.770 
523,47565.125 
524,9200.354 
525,173295.047 
526,17394.812 
527,57770.391 
528,43130.926 
529,18125.273 
530,44547.547 
531,8571.698 
532,32682.330 
533,30004.309 
534,9741.355 
535,5942.459 
536,97490.945 
537,9946.799 
538,19998.510 
539,23872.162 
540,25999.797 
541,22616.971 
542,9761.057 
543,301637.594 
544,47604.082 
545,8079.300 
546,81561.227 
547,6359.304 
548,39197.016 
549,13194.721 
550,21914.172 
551,76296.484 
552,9381.071 
553,56741.789 
554,12783.141 
555,19819.674 
556,27125.369 
557,16417.545 
558,23008.480 
559,17344.633 
560,10732.965 
561,32802.090 
562,18866.137 
563,15346.387 
564,15466.074 
565,45864.352 
566,85089.945 
567,27803.486 
568,95016.047 
569,9803.007 
570,30972.143 
571,26195.002 
572,19861.633 
573,57143.816 
574,4885.885 
575,15938.285 
576,120140.656 
577,99890.680 
578,37677.262 
579,10875.688 
580,97788.703 
581,18054.029 
582,57641.590 
583,49013.711 
584,8271.837 
585,32043.420 
586,16074.127 
587,20958.193 
588,14612.029 
589,45253.414 
590,17766.340 
591,25638.137 
592,10422.357 
593,40817.402 
594,16781.432 
595,36228.230 
596,4853.338 
597,4548.667 
598,57017.414 
599,32284.596 
600,12341.409 
611,13777.571 
612,7535.258 
613,3210.055 
614,6082.581 
615,4569.661 
616,4700.423 
617,5847.281 
618,3473.496 
619,3785.340 
620,4768.867 
621,2075.325 
622,2904.849 
623,3161.778 
624,2456.224 
625,2406.304 
626,3944.632 
627,2129.443 
628,5667.022 
629,10159.770 
630,4020.979 
631,16976.316 
632,8271.173 
633,12207.401 
634,11572.611 
635,3714.364 
636,11567.813 
637,13791.508 
638,14072.312 
639,5785.439 
640,10285.302 
641,6387.655 
642,12292.322 
643,9067.221 
644,8284.988 
645,5496.844 
646,5321.678 
647,8392.407 
648,12358.604 
649,4622.604 
650,9664.296 
651,14347.998 
652,15399.734 
653,3716.369 
654,4905.950 
655,11950.170 
656,5487.690 
657,6300.679 
658,37034.266 
659,9005.197 
660,8577.775 
661,11488.750 
662,10601.711 
663,5828.375 
664,5013.833 
665,6604.903 
666,38621.516 
667,4188.901 
668,7494.153 
669,3403.382 
670,45175.441 
671,10495.583 
672,413097.688 
673,11544.726 
674,10288.893 
675,31036.619 
676,11939.813 
677,361702.281 
678,70106.523 
679,12944.822 
680,10092.069 
681,12621.224 
682,28447.094 
683,9180.932 
684,4878.980 
685,5299.395 
686,37624.578 
687,5066.144 
688,22463.328 
689,9192.670 
690,14249.595 
691,5371.486 
692,9150.372 
693,6339.332 
694,11646.572 
695,343198.969 
696,8811.384 
697,33092.914 
698,11021.441 
699,65631.078 
700,38636.879 
701,7886.125 
702,14945.418 
703,11531.075 
704,45341.723 
705,64387.402 
706,69671.367 
707,56078.691 
708,29376.363 
709,21492.041 
710,42360.590 
711,17797.676 
712,44319.266 
713,98098.555 
714,17351.311 
715,7002.307 
716,72779.344 
717,7058.067 
718,17574.107 
719,4545.173 
720,335862.469 
721,63220.746 
722,16678.598 
723,11329.158 
724,5609.606 
725,5063.411 
726,14345.174 
727,73393.922 
728,34692.125 
729,29060.086 
730,61255.867 
731,8021.606 
732,27994.141 
733,7167.944 
734,26145.289 
735,288402.344 
736,14041.038 
737,19495.762 
738,28002.482 
739,25317.146 
740,15201.256 
741,16953.197 
742,49746.637 
743,23045.006 
744,40034.898 
745,45121.449 
746,19588.662 
747,289085.906 
748,48307.062 
749,42617.375 
750,21293.301 
751,21534.445 
752,8222.290 
753,31797.498 
754,41183.836 
755,30613.236 
756,23744.918 
757,50026.703 
758,74103.594 
759,24526.232 
760,11846.957 
761,38194.766 
762,348357.500 
763,46932.695 
764,14744.746 
765,21653.609 
766,7505.191 
767,7663.668 
768,23278.521 
769,9709.159 
770,9708.646 
771,25399.842 
772,7802.551 
773,7843.658 
774,17411.578 
775,12371.266 
776,12461.201 
777,23056.010 
778,9311.078 
779,48671.715 
780,12067.277 
781,300492.625 
782,7676.240 
783,17240.816 
784,47046.898 
785,20436.877 
786,6928.061 
787,264321.219 
788,10295.887 
789,6548.512 
790,284685.562 
791,18415.590 
792,25444.469 
793,31586.318 
794,15213.354 
795,6784.976 
796,13837.747 
797,21754.352 
798,19530.682 
799,37576.648 
10,4292.197 
11,3341.771 
12,2838.895 
13,2258.450 
14,1959.859 
15,1796.984 
16,1550.416 
17,1533.732 
18,1667.621 
19,1867.002 
20,1144.041 
21,1545.940 
22,1580.084 
23,1346.574 
24,1456.678 
25,1372.696 
26,1261.282 
27,1980.159 
28,1477.298 
29,1381.850 
30,485.839 
31,1005.094 
32,1479.768 
33,1161.591 
34,757.575 
35,1245.672 
36,832.029 
37,953.139 
38,635.327 
39,971.719 
40,795.633 
41,721.668 
42,1516.073 
43,900.588 
44,700.647 
45,840.653 
46,785.066 
47,779.240 
48,1321.697 
49,971.099 
50,380.219 
51,697.822 
52,18272.619 
53,423.383 
54,890.823 
55,698.927 
56,1368.696 
57,1765.474 
58,1066.595 
59,998.590 
60,17783.102 
61,509.416 
62,17532.781 
63,17148.516 
64,16782.729 
65,16878.271 
66,670.099 
67,714.439 
68,16297.483 
69,664.925 
70,15818.524 
71,46477.367 
72,15516.028 
73,1097.160 
74,697.479 
75,789.375 
76,16885.223 
77,31013.975 
78,1586.416 
79,846.430 
80,30782.752 
81,15257.969 
82,16846.148 
83,1593.273 
84,1940.429 
85,1529.288 
86,14534.065 
87,1593.814 
88,13416.388 
89,15409.517 
90,15660.467 
91,13299.439 
92,1297.519 
93,2010.021 
94,1415.282 
95,1993.535 
96,1620.724 
97,1620.761 
98,1610.530 
99,15393.457 
100,13232.451 
101,2210.711 
102,2507.524 
103,2188.180 
104,125826.945 
105,13159.862 
106,2678.083 
107,2167.149 
108,1171.942 
109,1622.449 
110,124388.203 
111,1333.766 
112,12605.721 
113,2613.096 
114,1481.269 
115,930.351 
116,140835.750 
117,2450.450 
118,3592.943 
119,1920.260 
120,2208.574 
121,1865.376 
122,30215.592 
123,14163.359 
124,2525.963 
125,13932.676 
126,11951.567 
127,3549.062 
128,3051.858 
129,15231.404 
130,1257.632 
131,120024.922 
132,19834.242 
133,3750.629 
134,2897.867 
135,3572.195 
136,17999.182 
137,2353.671 
138,12432.174 
139,61420.680 
140,10146.393 
141,10941.465 
142,122080.914 
143,18586.449 
144,1860.920 
145,45370.086 
146,18629.039 
147,18077.578 
148,2465.907 
149,1563.403 
150,1681.442 
151,82048.844 
152,2086.517 
153,32504.371 
154,46951.562 
155,11082.198 
156,10962.901 
157,8913.029 
158,40659.480 
159,10958.409 
160,3261.087 
161,5761.840 
162,56801.367 
163,1524.300 
164,2010.148 
165,65579.289 
166,3621.516 
167,1314.490 
168,63033.219 
169,3120.460 
170,3530.217 
171,25306.037 
172,2627.304 
173,4494.260 
174,20524.424 
175,20135.146 
176,110923.398 
177,5769.661 
178,26255.988 
179,115272.656 
180,3661.864 
181,1586.404 
182,18960.412 
183,3727.482 
184,8490.404 
185,2321.271 
186,111598.609 
187,119589.320 
188,4562.525 
189,82775.641 
190,103293.219 
191,55444.449 
192,1849.927 
193,1672.698 
194,5191.348 
195,16311.559 
196,4984.408 
197,4874.915 
198,6670.890 
199,18732.109 
200,8947.330 
201,5401.544 
202,129438.062 
203,99874.344 
204,19609.412 
205,2852.246 
206,40546.258 
207,5794.361 
208,2622.888 
209,52994.230 
210,156880.375 
211,149927.719 
212,9257.912 
213,1585.909 
214,17092.094 
215,136408.250 
216,3285.566 
217,3484.463 
218,4263.741 
219,2495.626 
220,133306.797 
221,58664.160 
222,7026.597 
223,3258.179 
224,3259.226 
225,2945.115 
226,146655.172 
227,5951.844 
228,20250.549 
229,24051.463 
230,6504.346 
231,16364.550 
232,109231.070 
233,18099.465 
234,17378.025 
235,2207.826 
236,4541.344 
237,4165.375 
238,2458.796 
239,2713.532 
240,6827.395 
241,3462.207 
242,50402.648 
243,35393.672 
244,16118.692 
245,2093.671 
246,4458.171 
247,3873.021 
248,2751.765 
249,116648.633 
250,18285.430 
251,3212.568 
252,30707.092 
253,13819.229 
254,3449.393 
255,66797.797 
256,3416.018 
257,106127.062 
258,3216.297 
259,143852.359 
260,2452.182 
261,2961.095 
262,2931.066 
263,4367.132 
264,50970.328 
265,2501.003 
266,34086.977 
267,3315.440 
268,81457.172 
269,18319.758 
270,17119.254 
271,42020.672 
272,3342.233 
273,3891.330 
274,7020.260 
275,127208.781 
276,3860.896 
277,8980.174 
278,151476.797 
279,4467.003 
280,3664.208 
281,3357.837 
282,20145.211 
283,6538.424 
284,21802.660 
285,5081.278 
286,104665.438 
287,8431.560 
288,3273.260 
289,3315.133 
290,3494.855 
291,62252.641 
292,57272.562 
293,14703.375 
294,154694.297 
295,7592.240 
296,5570.427 
297,17547.301 
298,4397.256 
299,3698.897 
300,3050.630 
301,32682.104 
302,2918.711 
303,52805.531 
304,93461.812 
305,2814.481 
306,2782.982 
307,4296.004 
308,3687.956 
309,4069.464 
310,4280.615 
311,5124.942 
312,3752.879 
313,30834.215 
314,149690.891 
315,17573.439 
316,105717.484 
317,3173.274 
318,5877.566 
319,3967.361 
320,4077.089 
321,405952.500 
322,4249.522 
323,16203.203 
324,19806.645 
325,5218.179 
326,2081.859 
327,20127.113 
328,3511.756 
329,32777.742 
330,2830.771 
331,2804.434 
332,141094.484 
333,4118.580 
334,4850.382 
335,11126.736 
336,4998.490 
337,6085.692 
338,33741.199 
339,5901.802 
340,4281.699 
341,51196.250 
342,63662.906 
343,28066.961 
344,8842.478 
345,2978.941 
346,5778.836 
347,138889.469 
348,5815.239 
349,122182.430 
350,52898.258 
351,16051.034 
352,6041.180 
353,9846.284 
354,5649.383 
355,4161.376 
356,22896.293 
357,6886.217 
358,20564.334 
359,8235.198 
360,20717.238 
361,4364.542 
362,2954.250 
363,7490.318 
364,309762.750 
365,15956.516 
366,3497.776 
367,3902.293 
368,63105.488 
369,55653.637 
370,40109.586 
371,9303.826 
372,5954.886 
373,21035.971 
374,175355.125 
375,5992.628 
376,4427.468 
377,25428.227 
378,67651.055 
379,5661.047 
380,19972.137 
381,4711.824 
382,3200.735 
383,55063.695 
384,221724.328 
385,3970.989 
386,91551.562 
387,63889.047 
388,129475.484 
389,14671.633 
390,3601.316 
391,16985.502 
392,16687.805 
393,17142.859 
394,4039.037 
395,126818.977 
396,3929.208 
397,300827.031 
398,8112.499 
399,87702.742 
400,19842.672 
401,7355.704 
402,4440.538 
403,12803.023 
404,4808.505 
405,4236.967 
406,21891.219 
407,15381.635 
408,4091.718 
409,4081.466 
410,3435.521 
411,16879.805 
412,20355.854 
413,6366.954 
414,16988.807 
415,13801.356 
416,12854.939 
417,57592.969 
418,4829.837 
419,39925.434 
420,7175.357 
421,7113.775 
422,7066.110 
423,6136.541 
424,4772.327 
425,165170.250 
426,137604.453 
427,7522.173 
428,128198.906 
429,85676.219 
430,7004.674 
431,9424.836 
432,10674.886 
433,6383.471 
434,54697.273 
435,261482.422 
436,62846.531 
437,7350.232 
438,6169.639 
439,16696.357 
440,6854.887 
441,8457.772 
442,6318.369 
443,32026.371 
444,6456.601 
445,52213.543 
446,131727.078 
447,3030.672 
448,79950.609 
449,37979.172 
450,13079.707 
451,75703.047 
452,11899.836 
453,5028.777 
454,47914.539 
455,6241.804 
456,6624.771 
457,87037.594 
458,17686.018 
459,7218.232 
460,6258.429 
461,4630.026 
462,10377.387 
463,4687.844 
464,10954.024 
465,5124.792 
466,6909.984 
467,16376.577 
468,5069.822 
469,4468.833 
470,45722.797 
471,6237.219 
472,31802.342 
473,126460.289 
474,24233.375 
475,9870.775 
476,276500.500 
477,9147.316 
478,67528.062 
479,6468.769 
480,11989.735 
481,4834.030 
482,15758.434 
483,14759.181 
484,17931.957 
485,11076.560 
486,5454.391 
487,18944.061 
488,73358.438 
489,43904.070 
490,133553.547 
491,7928.411 
492,250099.156 
493,6863.805 
494,5807.994 
495,10172.991 
496,16780.365 
497,136644.125 
498,11231.277 
499,7158.007 
500,4961.988 
501,4940.678 
502,38705.617 
503,4628.301 
504,4852.893 
505,8556.338 
506,116307.172 
507,5178.580 
508,5199.755 
509,6101.103 
510,4380.233 
511,4178.740 
512,53740.148 
513,6620.911 
514,113470.938 
515,7403.704 
516,30090.004 
517,6607.239 
518,17537.328 
519,47818.090 
520,28322.150 
521,14670.764 
522,142473.391 
523,146807.031 
524,138511.531 
525,7038.420 
526,5112.860 
527,19232.520 
528,4232.301 
529,46803.293 
530,20781.795 
531,154748.266 
532,213588.375 
533,5745.174 
534,5821.960 
535,222808.875 
536,5329.003 
537,13601.416 
538,4081.377 
539,53328.473 
540,10268.458 
541,3976.667 
542,15964.066 
543,15163.250 
544,4841.929 
545,8180.873 
546,2982.882 
547,49888.344 
548,5224.156 
549,4371.436 
550,76828.312 
551,2423.512 
552,21005.148 
553,3866.797 
554,3653.820 
555,31783.316 
556,106641.703 
557,3044.665 
558,3691.369 
559,7372.149 
560,4228.227 
561,26388.898 
562,2532.423 
563,5304.583 
564,4934.685 
565,114271.164 
566,367945.375 
567,14071.416 
568,160414.375 
569,316556.844 
570,6036.797 
571,11778.279 
572,11545.702 
573,8552.896 
574,128993.227 
575,17271.225 
576,11570.496 
577,6558.924 
578,61410.910 
579,2899.276 
580,324929.844 
581,11956.235 
582,4841.669 
583,7479.866 
584,6622.903 
585,6312.642 
586,18417.906 
587,26545.463 
588,9238.271 
589,8521.992 
590,7188.146 
591,118714.969 
592,5228.783 
593,8838.295 
594,127846.867 
595,6593.450 
596,8509.443 
597,8435.447 
598,242989.844 
599,194958.109 
600,5493.578 
611,523035.125 
612,475609.781 
613,434434.062 
614,310450.125 
615,131033.664 
616,348956.000 
617,202995.016 
618,270094.281 
619,207430.656 
620,105351.445 
621,63341.938 
622,146002.781 
623,157420.203 
624,156832.359 
625,149453.719 
626,153014.469 
627,209133.219 
628,142273.719 
629,78177.117 
630,201294.375 
631,163509.328 
632,61910.301 
633,37975.289 
634,146835.156 
635,52940.438 
636,62216.609 
637,41930.055 
638,24741.416 
639,361493.781 
640,136529.625 
641,43544.648 
642,417005.625 
643,220642.312 
644,40185.984 
645,51049.082 
646,348131.062 
647,39922.848 
648,204905.000 
649,31926.672 
650,145094.125 
651,128678.977 
652,68825.172 
653,132595.562 
654,46746.641 
655,58458.523 
656,389747.125 
657,28637.312 
658,39868.102 
659,59166.750 
660,104499.891 
661,32137.043 
662,39185.781 
663,126411.164 
664,379624.938 
665,50952.367 
666,280807.000 
667,109762.594 
668,348277.250 
669,175366.094 
670,120591.781 
671,95778.156 
672,23832.873 
673,276290.969 
674,43238.715 
675,89730.008 
676,137365.281 
677,101537.953 
678,305871.781 
679,101721.969 
680,67618.133 
681,28404.969 
682,13796.727 
683,20923.936 
684,129401.906 
685,88901.859 
686,38033.773 
687,25533.977 
688,26092.691 
689,101715.086 
690,19534.941 
691,369327.438 
692,17479.488 
693,23632.422 
694,100784.359 
695,21074.492 
696,15323.844 
697,23731.186 
698,95295.922 
699,36407.434 
700,52843.785 
701,108098.781 
702,37286.449 
703,24808.984 
704,19421.803 
705,21664.594 
706,20496.824 
707,21225.182 
708,23048.371 
709,60558.656 
710,15394.342 
711,31639.891 
712,97966.258 
713,22311.578 
714,70621.305 
715,16139.795 
716,14083.759 
717,19705.838 
718,170643.281 
719,202716.031 
720,65796.391 
721,113533.305 
722,13993.392 
723,277128.969 
724,267498.688 
725,34192.688 
726,11148.674 
727,277549.719 
728,18822.945 
729,19537.133 
730,33243.578 
731,32442.967 
732,34025.129 
733,44733.445 
734,156067.469 
735,236621.766 
736,213641.219 
737,354315.312 
738,38930.457 
739,262520.500 
740,18475.178 
741,162078.297 
742,318432.594 
743,204975.734 
744,153276.344 
745,19374.328 
746,25913.281 
747,95994.242 
748,21699.387 
749,28198.355 
750,24123.826 
751,24894.090 
752,193536.000 
753,173176.344 
754,16690.285 
755,32174.908 
756,144082.859 
757,10528.932 
758,103224.750 
759,421475.062 
760,156733.359 
761,37212.258 
762,8753.132 
763,13461.678 
764,330369.625 
765,33085.762 
766,119695.367 
767,144460.531 
768,199326.797 
769,76411.227 
770,25183.098 
771,140944.875 
772,26150.246 
773,20762.988 
774,12040.408 
775,23804.033 
776,148763.297 
777,91995.906 
778,246971.406 
779,17465.195 
780,357669.594 
781,137594.438 
782,86658.406 
783,324651.406 
784,17470.479 
785,201145.859 
786,46265.188 
787,45298.559 
788,41814.441 
789,16209.273 
790,115497.688 
791,45142.672 
792,13334.263 
793,12588.228 
794,19379.965 
795,125053.844 
796,13462.562 
797,197987.359 
798,20159.197 
799,113270.102 
10,4548.552 
11,3446.569 
12,2661.451 
13,2431.539 
14,1742.720 
15,1901.651 
16,2021.119 
17,1964.644 
18,1445.322 
19,1579.332 
20,1635.951 
21,1094.536 
22,1250.006 
23,1595.339 
24,1601.041 
25,1350.891 
26,1487.285 
27,1112.688 
28,1855.283 
29,1051.402 
30,2409.384 
31,1327.374 
32,1562.482 
33,458.474 
34,1330.341 
35,935.944 
36,1533.824 
37,2255.869 
38,1408.438 
39,1927.882 
40,2468.674 
41,2328.819 
42,518.770 
43,1037.177 
44,2251.988 
45,1501.912 
46,1041.043 
47,626.762 
48,1645.078 
49,924.486 
50,898.860 
51,1029.070 
52,1838.022 
53,1683.037 
54,13513.720 
55,344.569 
56,597.367 
57,1464.637 
58,902.104 
59,1502.565 
60,746.315 
61,639.632 
62,480.669 
63,1274.925 
64,1045.218 
65,12329.319 
66,11436.384 
67,939.883 
68,787.294 
69,1342.348 
70,16779.209 
71,1089.226 
72,10575.454 
73,10620.372 
74,744.879 
75,785.932 
76,9874.768 
77,1367.417 
78,669.565 
79,891.672 
80,742.740 
81,640.239 
82,1104.701 
83,1000.492 
84,9942.146 
85,1288.353 
86,1052.425 
87,981.627 
88,1087.496 
89,6833.393 
90,6201.599 
91,138499.688 
92,1418.752 
93,1156.125 
94,7030.742 
95,661.935 
96,677.455 
97,860.633 
98,5994.532 
99,7198.950 
100,1057.453 
101,487.930 
102,124801.289 
103,755.284 
104,132312.047 
105,1483.358 
106,1116.343 
107,6506.435 
108,6546.374 
109,2015.970 
110,1452.788 
111,5470.105 
112,117755.266 
113,14903.135 
114,6368.459 
115,1830.515 
116,1709.530 
117,1659.826 
118,1303.449 
119,7063.576 
120,1504.005 
121,1653.168 
122,1802.365 
123,1636.277 
124,12581.326 
125,1137.907 
126,8016.855 
127,12713.815 
128,879.488 
129,114581.617 
130,957.695 
131,7879.537 
132,110674.492 
133,1275.295 
134,13710.087 
135,11714.370 
136,6751.036 
137,1902.466 
138,1261.332 
139,6247.102 
140,6907.304 
141,915.777 
142,1389.290 
143,6934.992 
144,112737.656 
145,26843.457 
146,1441.722 
147,2256.384 
148,2392.811 
149,2344.080 
150,1497.206 
151,2394.303 
152,1666.854 
153,7298.783 
154,2645.753 
155,949.217 
156,12296.203 
157,1537.488 
158,22415.865 
159,3077.522 
160,2117.354 
161,4281.311 
162,2916.546 
163,29019.098 
164,2786.335 
165,11406.760 
166,2142.224 
167,252418.156 
168,109629.750 
169,2978.240 
170,4147.247 
171,233538.547 
172,1908.263 
173,14503.923 
174,12485.591 
175,2978.119 
176,26433.311 
177,5581.018 
178,4586.162 
179,9402.859 
180,2638.300 
181,3992.703 
182,5201.924 
183,139420.953 
184,2208.011 
185,3709.967 
186,4954.169 
187,3677.587 
188,4741.185 
189,10953.326 
190,1982.107 
191,2570.797 
192,3826.414 
193,36161.508 
194,3033.155 
195,1738.736 
196,1908.726 
197,3194.769 
198,136214.031 
199,3138.117 
200,211706.688 
201,26710.463 
202,3562.334 
203,9788.502 
204,9345.051 
205,3151.208 
206,16296.013 
207,5204.043 
208,3118.710 
209,11869.842 
210,1973.363 
211,3332.891 
212,6518.094 
213,1842.761 
214,31738.053 
215,4598.531 
216,2137.258 
217,125194.047 
218,202913.656 
219,6788.812 
220,6360.281 
221,3379.510 
222,2753.742 
223,3757.526 
224,4046.938 
225,30226.170 
226,94357.156 
227,21415.168 
228,28756.719 
229,3954.282 
230,2458.609 
231,115104.656 
232,6894.474 
233,4848.479 
234,5034.343 
235,5418.166 
236,313404.031 
237,4180.872 
238,8504.768 
239,8187.461 
240,19776.477 
241,10021.450 
242,6606.063 
243,2922.885 
244,16929.064 
245,1760.639 
246,2738.982 
247,1998.872 
248,8566.537 
249,22649.664 
250,213329.750 
251,41706.926 
252,9386.316 
253,89287.344 
254,4320.124 
255,2668.501 
256,23293.141 
257,3226.742 
258,3114.372 
259,7522.176 
260,4955.678 
261,1750.510 
262,3482.990 
263,203983.984 
264,25208.531 
265,9215.766 
266,8531.678 
267,15444.079 
268,6374.743 
269,5596.782 
270,88366.625 
271,1977.962 
272,4634.440 
273,104686.891 
274,8836.911 
275,24205.064 
276,12950.962 
277,3134.819 
278,21748.332 
279,4402.391 
280,4695.598 
281,87903.938 
282,88844.656 
283,6185.224 
284,5303.534 
285,2691.977 
286,9108.872 
287,3619.984 
288,8970.645 
289,4962.765 
290,82338.125 
291,7965.319 
292,8549.546 
293,10479.447 
294,184310.531 
295,8133.604 
296,4091.950 
297,11339.024 
298,13886.748 
299,154536.547 
300,6398.508 
301,4301.682 
302,48148.523 
303,40110.957 
304,7783.427 
305,1772.332 
306,2884.505 
307,2746.768 
308,6203.471 
309,30919.758 
310,10016.070 
311,3202.156 
312,4956.083 
313,134094.312 
314,7054.880 
315,4871.352 
316,187262.344 
317,18828.348 
318,43819.914 
319,32265.988 
320,8506.771 
321,12135.529 
322,3897.362 
323,4822.823 
324,45082.699 
325,7017.586 
326,11490.070 
327,6402.429 
328,39684.879 
329,2267.088 
330,3261.850 
331,3438.794 
332,22826.922 
333,5349.665 
334,5003.088 
335,84707.008 
336,54547.980 
337,55732.859 
338,31672.209 
339,4749.205 
340,3945.773 
341,12162.013 
342,6237.666 
343,6641.544 
344,1717.056 
345,4798.729 
346,178403.047 
347,3020.892 
348,117297.023 
349,2142.601 
350,5359.636 
351,3812.643 
352,9343.368 
353,6315.189 
354,4099.109 
355,2015.572 
356,1599.043 
357,3769.785 
358,32559.785 
359,3776.589 
360,12179.258 
361,2086.988 
362,4423.620 
363,13002.480 
364,2711.852 
365,15710.997 
366,2206.483 
367,41201.090 
368,5026.422 
369,240219.531 
370,20110.488 
371,39103.414 
372,4734.246 
373,6378.195 
374,3486.483 
375,6676.410 
376,99642.609 
377,6368.649 
378,204210.188 
379,5812.681 
380,2379.306 
381,1649.190 
382,10870.011 
383,10246.527 
384,75322.172 
385,2867.433 
386,3218.051 
387,96649.117 
388,5458.212 
389,159621.406 
390,14998.435 
391,11141.574 
392,23918.549 
393,36512.219 
394,19128.559 
395,44805.023 
396,10097.221 
397,4220.728 
398,15967.099 
399,7166.258 
400,12867.060 
401,4886.938 
402,121241.266 
403,33907.953 
404,3439.600 
405,4536.414 
406,15790.537 
407,156493.969 
408,68301.352 
409,6708.381 
410,14145.619 
411,3518.189 
412,39736.129 
413,7701.661 
414,7836.585 
415,118382.211 
416,13982.823 
417,3657.892 
418,6603.794 
419,17712.078 
420,2947.717 
421,2635.971 
422,3586.230 
423,12758.401 
424,5294.087 
425,3203.240 
426,4693.827 
427,19063.402 
428,7565.353 
429,5809.725 
430,58466.449 
431,3910.976 
432,12749.073 
433,2870.748 
434,10654.389 
435,4676.606 
436,4545.503 
437,9925.854 
438,8464.625 
439,3297.532 
440,6873.883 
441,7282.842 
442,3601.875 
443,138213.234 
444,125842.797 
445,7270.641 
446,16362.697 
447,8348.313 
448,7942.346 
449,35608.051 
450,29389.342 
451,15513.904 
452,2153.397 
453,7698.859 
454,21416.096 
455,30696.721 
456,5788.789 
457,29611.643 
458,2225.056 
459,11746.556 
460,141537.391 
461,162650.984 
462,3171.805 
463,71881.883 
464,6000.696 
465,6282.727 
466,10673.721 
467,22323.445 
468,5534.983 
469,27423.545 
470,222081.000 
471,133850.203 
472,163740.062 
473,3465.616 
474,4596.285 
475,255741.531 
476,294082.562 
477,4276.703 
478,153384.141 
479,7722.615 
480,5533.680 
481,9424.752 
482,10661.031 
483,4277.705 
484,5675.041 
485,291235.125 
486,96514.570 
487,144990.766 
488,281843.656 
489,17546.738 
490,26006.176 
491,13010.934 
492,17177.959 
493,130371.172 
494,18261.924 
495,21930.053 
496,5039.335 
497,140579.000 
498,3628.249 
499,4487.652 
500,18070.105 
501,3951.690 
502,9171.070 
503,5355.002 
504,7581.164 
505,12836.029 
506,5402.525 
507,3996.586 
508,14782.979 
509,17669.076 
510,138453.453 
511,26578.662 
512,128354.320 
513,2659.229 
514,3255.082 
515,152221.016 
516,2809.527 
517,13772.371 
518,8979.474 
519,3169.914 
520,127864.891 
521,7113.642 
522,59463.598 
523,5324.131 
524,229237.484 
525,12724.404 
526,5121.180 
527,15273.475 
528,5346.757 
529,1777.518 
530,21552.830 
531,3889.432 
532,14541.980 
533,3122.143 
534,14412.840 
535,4027.312 
536,3473.993 
537,3393.314 
538,5566.066 
539,2745.320 
540,2850.757 
541,30850.076 
542,5786.729 
543,3740.776 
544,2416.772 
545,5443.376 
546,10816.983 
547,16862.492 
548,3394.842 
549,7923.364 
550,18180.975 
551,12006.883 
552,11097.563 
553,7340.866 
554,4703.331 
555,13552.532 
556,116081.461 
557,70746.102 
558,11173.897 
559,3685.902 
560,10279.508 
561,6432.520 
562,139338.266 
563,8206.038 
564,118296.703 
565,7939.528 
566,8884.914 
567,26163.154 
568,10356.583 
569,3741.168 
570,31541.234 
571,3235.598 
572,4475.930 
573,4379.644 
574,6964.787 
575,5563.854 
576,2270.798 
577,2823.941 
578,132573.750 
579,7023.878 
580,16755.070 
581,6303.162 
582,18851.666 
583,8960.151 
584,9907.473 
585,1977.049 
586,244181.484 
587,11930.816 
588,34753.328 
589,26145.508 
590,4716.376 
591,5119.274 
592,3927.645 
593,3973.388 
594,12231.251 
595,8595.659 
596,11259.561 
597,7027.414 
598,125159.211 
599,12938.160 
600,23161.746 
611,117485.922 
612,49179.203 
613,80656.859 
614,68039.531 
615,58023.355 
616,50664.477 
617,45403.664 
618,182261.094 
619,46691.051 
620,154289.391 
621,116432.523 
622,118168.734 
623,29022.982 
624,95732.539 
625,31759.178 
626,106356.742 
627,44019.090 
628,110514.750 
629,44827.938 
630,27334.240 
631,28807.420 
632,28680.951 
633,16236.974 
634,82187.328 
635,17952.742 
636,59331.805 
637,306218.750 
638,21421.693 
639,306546.000 
640,267890.406 
641,27436.902 
642,22871.605 
643,31166.867 
644,20171.484 
645,238428.453 
646,43003.793 
647,17082.621 
648,309725.094 
649,281039.312 
650,230954.281 
651,262864.062 
652,30985.242 
653,38274.609 
654,259541.969 
655,195633.344 
656,12280.275 
657,195142.078 
658,27955.602 
659,26136.010 
660,166769.172 
661,87251.094 
662,25477.127 
663,157758.484 
664,202101.625 
665,348670.125 
666,189849.328 
667,23754.754 
668,15135.684 
669,13656.417 
670,24214.395 
671,30361.410 
672,17575.736 
673,20279.311 
674,226987.609 
675,9588.016 
676,48549.977 
677,136699.812 
678,24358.248 
679,53865.777 
680,21394.883 
681,284877.875 
682,17198.682 
683,117076.977 
684,39701.984 
685,120041.500 
686,40537.871 
687,185373.000 
688,28588.689 
689,102151.703 
690,11924.179 
691,164413.359 
692,192315.719 
693,150351.172 
694,21131.508 
695,112110.547 
696,24808.107 
697,45217.172 
698,13731.262 
699,16708.344 
700,11718.572 
701,156938.641 
702,14720.388 
703,7428.960 
704,111957.469 
705,18243.969 
706,11193.984 
707,28162.801 
708,38398.953 
709,58861.363 
710,8071.686 
711,27436.156 
712,86447.414 
713,181690.109 
714,79380.312 
715,14905.147 
716,62468.992 
717,46537.309 
718,24038.641 
719,11754.018 
720,31990.463 
721,45221.109 
722,182390.594 
723,63602.383 
724,26134.348 
725,13013.289 
726,256824.297 
727,58563.066 
728,198634.625 
729,42328.457 
730,15172.329 
731,26155.256 
732,142777.969 
733,82532.641 
734,29919.330 
735,22539.502 
736,133242.047 
737,18118.326 
738,224938.922 
739,32684.941 
740,148922.453 
741,16398.578 
742,16084.690 
743,173092.391 
744,33583.598 
745,135241.875 
746,104610.969 
747,21286.707 
748,126891.344 
749,187420.031 
750,33828.047 
751,181858.125 
752,30859.701 
753,152739.781 
754,172941.484 
755,73050.281 
756,110288.391 
757,19774.031 
758,134006.500 
759,129407.695 
760,122633.328 
761,27057.400 
762,37504.152 
763,146390.391 
764,35047.871 
765,108473.375 
766,77169.961 
767,21427.057 
768,10165.916 
769,16129.348 
770,120403.359 
771,29195.504 
772,120834.695 
773,35705.855 
774,178475.906 
775,108627.109 
776,105486.727 
777,17092.037 
778,87286.516 
779,37881.504 
780,29772.359 
781,65497.098 
782,56185.398 
783,17962.137 
784,53853.645 
785,6565.370 
786,10072.172 
787,79111.953 
788,54739.242 
789,3820.141 
790,15251.818 
791,71488.930 
792,12869.652 
793,38827.234 
794,154026.547 
795,7360.490 
796,149137.531 
797,6799.790 
798,32225.330 
799,24006.279 
10,22983.219 
11,20525.463 
12,19806.357 
13,19412.955 
14,14975.942 
15,19324.426 
16,14274.852 
17,14097.823 
18,6506.761 
19,13856.182 
20,17695.035 
21,13585.059 
22,13501.495 
23,2052.774 
24,17463.211 
25,13143.712 
26,13673.948 
27,12299.696 
28,5906.112 
29,17250.238 
30,7091.416 
31,26608.332 
32,3483.158 
33,3346.521 
34,16919.480 
35,15246.127 
36,3932.859 
37,22022.707 
38,15286.819 
39,19509.621 
40,25122.244 
41,15277.361 
42,2262.209 
43,1772.085 
44,3263.737 
45,6341.480 
46,3073.255 
47,13909.638 
48,15860.729 
49,7397.173 
50,7429.412 
51,1966.586 
52,3222.938 
53,4717.649 
54,1955.895 
55,12489.964 
56,2625.473 
57,6130.309 
58,9587.848 
59,6206.208 
60,12925.935 
61,5489.713 
62,10262.721 
63,1796.982 
64,10115.441 
65,15842.489 
66,9422.012 
67,1571.159 
68,1834.802 
69,5956.711 
70,2022.290 
71,11344.599 
72,22209.432 
73,1999.094 
74,14362.074 
75,10146.396 
76,21194.504 
77,2962.020 
78,9928.019 
79,1707.089 
80,10592.887 
81,2519.560 
82,22851.855 
83,3306.719 
84,27244.609 
85,2242.758 
86,2817.871 
87,4873.180 
88,2581.696 
89,9958.123 
90,6643.066 
91,10654.021 
92,8015.797 
93,6325.371 
94,12090.398 
95,1517.492 
96,2515.871 
97,3088.448 
98,6341.992 
99,4841.462 
100,2118.523 
101,17404.531 
102,2948.863 
103,1877.288 
104,1544.855 
105,10465.935 
106,2135.924 
107,3020.083 
108,11825.219 
109,2274.169 
110,9501.321 
111,4919.024 
112,2279.660 
113,4602.366 
114,5569.682 
115,1869.453 
116,3815.624 
117,1927.657 
118,2976.326 
119,1984.388 
120,4444.468 
121,2720.904 
122,12065.854 
123,2207.849 
124,1809.991 
125,5417.667 
126,3912.863 
127,151167.922 
128,5296.809 
129,3581.490 
130,5815.128 
131,11632.280 
132,10519.967 
133,3223.459 
134,1342.990 
135,1323.328 
136,3677.237 
137,1530.899 
138,5387.788 
139,2931.063 
140,2023.399 
141,3785.267 
142,10770.767 
143,3444.518 
144,4183.915 
145,6446.110 
146,1978.423 
147,2323.673 
148,5602.880 
149,16814.371 
150,1659.978 
151,2184.899 
152,4516.110 
153,4248.546 
154,3466.989 
155,1313.619 
156,2121.941 
157,6971.442 
158,11545.900 
159,7423.302 
160,1494.920 
161,5361.742 
162,1006.432 
163,5131.375 
164,2677.396 
165,1488.922 
166,3738.185 
167,4224.168 
168,6300.922 
169,13541.368 
170,3017.204 
171,1534.251 
172,6024.222 
173,137865.141 
174,5350.273 
175,6614.772 
176,4842.639 
177,3413.555 
178,9810.269 
179,6025.593 
180,5930.605 
181,4266.358 
182,3400.388 
183,1375.283 
184,7072.605 
185,2805.007 
186,2047.660 
187,3000.264 
188,3478.576 
189,4645.864 
190,11994.410 
191,4408.027 
192,2471.613 
193,10131.848 
194,162022.344 
195,13471.014 
196,2300.128 
197,5983.848 
198,3843.215 
199,9750.893 
200,119503.633 
201,4319.374 
202,13484.922 
203,2615.572 
204,4190.318 
205,2136.250 
206,115310.000 
207,161245.828 
208,2480.649 
209,3152.714 
210,9166.644 
211,3946.882 
212,4328.955 
213,2240.778 
214,3338.970 
215,1933.541 
216,1555.838 
217,2138.455 
218,130952.625 
219,2822.010 
220,7617.282 
221,5310.138 
222,4106.345 
223,4598.987 
224,4381.289 
225,2055.978 
226,3460.923 
227,1846.790 
228,2909.210 
229,128594.906 
230,119012.883 
231,4134.927 
232,3089.526 
233,6003.365 
234,6227.362 
235,2120.427 
236,3887.823 
237,2269.591 
238,3253.505 
239,3237.905 
240,147790.422 
241,4012.996 
242,5956.591 
243,4570.116 
244,4233.431 
245,1727.954 
246,1911.152 
247,2393.537 
248,149633.516 
249,2624.602 
250,10300.775 
251,3062.360 
252,966.914 
253,2287.976 
254,7991.282 
255,26629.354 
256,2613.437 
257,151547.297 
258,101302.102 
259,8649.609 
260,13243.635 
261,4347.438 
262,3472.715 
263,2697.523 
264,14481.390 
265,2596.683 
266,3879.417 
267,3207.309 
268,3615.708 
269,7446.099 
270,3087.128 
271,2291.226 
272,2979.461 
273,122243.672 
274,1970.334 
275,1632.481 
276,2325.115 
277,118034.695 
278,18767.031 
279,7555.340 
280,3553.855 
281,3090.089 
282,7188.651 
283,1984.395 
284,1584.351 
285,5132.646 
286,100063.203 
287,1809.479 
288,1718.110 
289,3459.051 
290,15987.531 
291,3654.623 
292,3175.508 
293,14346.666 
294,10456.399 
295,2105.397 
296,4653.089 
297,3185.592 
298,97690.469 
299,107142.484 
300,22355.701 
301,140327.828 
302,92109.609 
303,1696.545 
304,14780.784 
305,12832.639 
306,12261.401 
307,13561.066 
308,7385.177 
309,2006.775 
310,2580.026 
311,3817.598 
312,107332.086 
313,2281.770 
314,18242.480 
315,14662.369 
316,6666.433 
317,13107.370 
318,10046.050 
319,4793.366 
320,3033.847 
321,5982.398 
322,3131.301 
323,4521.791 
324,4219.557 
325,3268.794 
326,15301.629 
327,4073.511 
328,3204.182 
329,8267.349 
330,2737.141 
331,7856.479 
332,4823.837 
333,13784.882 
334,1658.895 
335,3588.234 
336,7979.032 
337,119470.719 
338,2720.076 
339,3762.755 
340,2622.024 
341,113616.820 
342,2146.611 
343,5638.958 
344,2813.992 
345,92602.008 
346,3345.490 
347,6818.042 
348,116215.562 
349,108728.000 
350,7096.840 
351,4148.117 
352,209622.016 
353,4522.731 
354,2451.007 
355,1955.448 
356,1907.233 
357,2728.833 
358,5442.831 
359,4379.390 
360,2261.988 
361,2154.129 
362,2238.042 
363,3845.379 
364,4338.348 
365,3453.455 
366,2876.851 
367,106123.961 
368,102065.070 
369,99562.641 
370,2933.873 
371,2709.776 
372,2205.417 
373,4194.782 
374,7420.478 
375,113192.750 
376,2040.362 
377,2628.955 
378,2418.495 
379,13725.528 
380,12102.940 
381,4427.447 
382,4578.409 
383,3342.303 
384,3449.748 
385,5265.246 
386,10120.034 
387,95415.375 
388,10784.645 
389,4075.004 
390,4035.630 
391,4011.493 
392,4203.533 
393,1928.487 
394,5473.653 
395,15710.539 
396,75265.156 
397,3641.565 
398,3063.431 
399,18427.625 
400,68870.000 
401,73441.508 
402,5307.058 
403,3813.428 
404,91755.812 
405,7124.832 
406,3051.884 
407,9101.229 
408,4137.942 
409,5514.729 
410,82873.102 
411,5071.329 
412,5659.503 
413,3854.524 
414,15800.939 
415,4572.293 
416,17562.492 
417,18696.402 
418,2773.129 
419,8575.923 
420,6265.135 
421,6339.225 
422,93428.289 
423,3668.403 
424,3954.965 
425,3394.601 
426,12679.961 
427,4994.743 
428,2346.351 
429,64363.859 
430,5316.805 
431,91243.656 
432,178182.359 
433,13299.655 
434,3649.859 
435,2915.199 
436,91726.359 
437,3033.596 
438,128967.047 
439,3825.875 
440,2207.188 
441,5895.716 
442,69757.438 
443,20441.564 
444,4514.794 
445,6596.766 
446,3543.196 
447,84507.609 
448,15779.383 
449,8436.427 
450,6225.643 
451,8485.640 
452,11863.705 
453,12129.847 
454,3754.380 
455,4761.689 
456,4064.171 
457,89498.844 
458,83699.594 
459,4671.114 
460,8479.985 
461,10284.214 
462,3907.575 
463,3467.753 
464,64171.781 
465,3158.093 
466,6967.809 
467,4923.014 
468,3919.673 
469,89121.297 
470,2147.979 
471,20429.625 
472,135225.062 
473,13314.359 
474,73137.469 
475,4894.085 
476,10697.654 
477,124922.484 
478,7986.334 
479,2842.554 
480,64607.738 
481,8161.450 
482,90643.570 
483,54386.293 
484,6471.343 
485,12535.738 
486,5530.563 
487,96401.945 
488,2446.901 
489,4639.096 
490,3127.113 
491,3906.579 
492,92712.812 
493,2998.919 
494,3859.442 
495,22104.605 
496,5278.740 
497,2759.698 
498,2652.449 
499,4023.105 
500,4271.013 
501,14240.720 
502,6473.259 
503,54159.445 
504,131574.000 
505,5792.123 
506,5700.616 
507,3921.375 
508,5259.847 
509,7002.367 
510,4721.754 
511,18169.021 
512,95813.641 
513,6406.219 
514,14399.107 
515,9163.021 
516,80673.414 
517,14600.839 
518,79797.922 
519,5487.529 
520,78797.680 
521,5842.355 
522,1858.171 
523,7092.678 
524,2937.538 
525,3611.198 
526,14205.857 
527,63200.598 
528,10792.872 
529,77640.516 
530,2383.941 
531,3968.758 
532,3186.281 
533,5395.848 
534,3649.315 
535,3962.161 
536,4100.875 
537,11427.136 
538,2840.076 
539,2448.539 
540,75828.547 
541,90993.688 
542,2904.007 
543,3474.164 
544,133611.875 
545,10503.977 
546,7012.320 
547,3049.189 
548,13145.867 
549,6459.672 
550,9150.881 
551,9404.258 
552,1983.827 
553,10457.831 
554,2593.505 
555,1884.303 
556,6656.622 
557,9872.969 
558,2860.279 
559,8055.077 
560,11945.274 
561,10816.371 
562,1822.605 
563,118459.578 
564,8043.117 
565,15207.800 
566,1821.783 
567,13862.386 
568,4357.110 
569,2656.271 
570,6201.653 
571,4232.910 
572,2269.781 
573,1981.657 
574,4351.957 
575,2755.177 
576,14265.633 
577,3087.177 
578,7506.389 
579,7077.520 
580,7458.612 
581,7557.173 
582,3392.348 
583,3804.469 
584,2583.748 
585,9515.273 
586,8501.241 
587,3097.880 
588,2789.347 
589,2002.886 
590,3505.069 
591,6272.851 
592,8510.925 
593,17351.387 
594,2642.262 
595,3328.722 
596,10406.932 
597,4584.227 
598,6617.214 
599,3293.357 
600,2506.187 
611,277972.500 
612,254436.219 
613,233005.781 
614,207708.656 
615,187922.828 
616,79742.281 
617,71680.688 
618,13482.078 
619,142953.109 
620,19865.305 
621,131331.000 
622,121834.633 
623,62934.133 
624,25439.115 
625,69817.477 
626,65488.484 
627,68092.820 
628,107587.547 
629,62784.797 
630,50978.078 
631,45203.996 
632,48965.766 
633,54388.895 
634,120599.500 
635,26011.477 
636,76409.297 
637,122263.703 
638,57636.832 
639,48195.449 
640,8020.534 
641,70963.078 
642,67089.336 
643,109225.578 
644,103715.414 
645,51352.672 
646,8908.504 
647,106736.766 
648,43962.125 
649,8640.486 
650,64842.438 
651,29202.805 
652,11635.662 
653,10447.479 
654,5815.479 
655,15915.620 
656,70857.852 
657,63321.352 
658,6719.329 
659,17945.270 
660,66646.422 
661,4498.259 
662,5967.304 
663,7014.218 
664,16059.124 
665,18562.516 
666,60017.551 
667,51873.062 
668,4949.166 
669,13617.697 
670,50627.918 
671,6073.836 
672,67463.219 
673,65125.312 
674,24717.826 
675,65197.547 
676,15253.059 
677,98279.844 
678,52375.871 
679,46031.203 
680,43876.316 
681,13308.004 
682,60210.926 
683,5529.817 
684,11008.902 
685,59263.695 
686,71613.352 
687,5274.354 
688,54374.109 
689,41055.457 
690,7106.261 
691,11405.112 
692,5898.579 
693,3356.369 
694,6808.903 
695,4631.240 
696,62572.902 
697,14579.107 
698,28711.107 
699,13053.411 
700,10451.569 
701,52087.449 
702,45015.785 
703,56099.848 
704,52676.176 
705,9721.955 
706,47085.512 
707,16845.525 
708,9402.056 
709,20923.475 
710,66943.984 
711,124924.188 
712,83053.297 
713,54805.625 
714,30668.650 
715,47045.016 
716,48284.648 
717,4379.867 
718,6329.366 
719,8436.141 
720,29960.836 
721,6965.688 
722,3276.738 
723,75846.492 
724,67947.523 
725,63816.020 
726,3695.376 
727,40030.020 
728,40477.121 
729,42568.555 
730,19596.295 
731,11832.269 
732,43425.258 
733,42139.000 
734,40884.488 
735,13373.350 
736,25978.475 
737,6862.148 
738,49985.039 
739,12581.261 
740,8670.997 
741,5126.094 
742,39246.973 
743,2646.523 
744,4705.815 
745,5668.945 
746,29974.547 
747,49733.691 
748,3445.591 
749,2616.406 
750,3726.396 
751,7782.445 
752,10305.652 
753,6109.046 
754,18361.844 
755,19412.295 
756,15607.336 
757,38945.367 
758,14011.389 
759,3283.241 
760,3232.091 
761,44429.676 
762,83314.977 
763,8477.229 
764,8432.382 
765,11738.968 
766,6129.380 
767,2235.869 
768,22093.238 
769,2888.142 
770,12837.010 
771,2229.744 
772,1660.988 
773,6151.213 
774,107962.406 
775,5401.146 
776,2657.706 
777,47377.727 
778,8688.708 
779,5914.474 
780,44745.027 
781,2455.972 
782,8032.864 
783,9201.833 
784,3655.636 
785,3105.405 
786,10298.147 
787,2903.683 
788,104924.000 
789,2091.936 
790,7310.063 
791,5027.342 
792,3428.220 
793,13301.137 
794,52233.000 
795,3106.425 
796,5930.806 
797,49596.961 
798,52314.082 
799,10739.111 
10,21109.127 
11,18276.584 
12,10591.529 
13,16671.555 
14,15639.219 
15,1976.570 
16,15700.046 
17,15094.784 
18,15739.766 
19,1468.387 
20,14728.464 
21,9637.890 
22,10086.123 
23,9467.688 
24,13959.099 
25,8293.262 
26,2720.890 
27,15478.286 
28,2093.066 
29,8850.210 
30,8212.406 
31,15864.613 
32,3377.057 
33,8292.032 
34,17008.604 
35,21743.055 
36,8104.104 
37,7120.923 
38,7368.744 
39,7114.587 
40,7833.272 
41,1503.448 
42,7378.636 
43,2427.795 
44,8852.098 
45,2110.287 
46,8560.996 
47,3169.897 
48,1874.850 
49,41190.727 
50,8613.948 
51,8400.694 
52,9061.795 
53,1802.546 
54,8265.100 
55,8722.047 
56,9571.291 
57,13983.879 
58,2144.091 
59,1957.873 
60,1995.025 
61,7738.231 
62,7581.537 
63,6598.224 
64,3027.578 
65,8958.873 
66,1990.199 
67,2247.838 
68,2953.385 
69,33404.902 
70,2033.089 
71,1404.931 
72,1717.477 
73,7686.573 
74,5381.266 
75,3610.432 
76,9209.356 
77,4698.892 
78,66345.688 
79,6603.025 
80,5031.184 
81,72876.234 
82,7966.212 
83,6803.094 
84,40069.086 
85,59289.508 
86,12717.357 
87,1864.552 
88,4975.108 
89,63212.309 
90,63981.148 
91,3360.274 
92,91268.016 
93,3679.124 
94,7276.507 
95,2617.727 
96,2580.373 
97,1488.175 
98,65332.297 
99,5649.744 
100,9634.746 
101,8592.741 
102,64473.559 
103,5007.419 
104,8465.916 
105,27043.920 
106,1225.344 
107,3675.774 
108,2770.935 
109,66197.750 
110,3458.419 
111,4677.154 
112,9220.049 
113,58673.012 
114,83027.773 
115,4823.158 
116,41930.707 
117,5476.795 
118,6251.381 
119,3286.092 
120,3532.634 
121,1866.894 
122,33837.352 
123,7186.360 
124,7713.191 
125,29647.170 
126,2814.562 
127,33275.344 
128,28551.570 
129,5209.745 
130,35727.090 
131,25859.051 
132,29482.963 
133,5828.852 
134,5590.956 
135,2632.046 
136,39321.562 
137,54611.430 
138,4016.825 
139,3276.515 
140,35578.340 
141,12242.269 
142,64482.094 
143,34174.684 
144,5087.572 
145,6721.763 
146,53725.523 
147,78321.945 
148,5107.841 
149,3834.230 
150,4839.909 
151,4934.110 
152,5695.275 
153,7020.881 
154,13687.398 
155,32920.508 
156,6828.930 
157,51641.266 
158,5274.682 
159,11408.192 
160,9727.637 
161,24060.271 
162,12665.426 
163,50682.434 
164,14296.713 
165,60416.988 
166,7208.724 
167,5347.802 
168,15625.256 
169,9817.210 
170,11381.947 
171,57243.855 
172,87110.734 
173,33537.570 
174,4797.223 
175,15621.789 
176,6378.452 
177,6465.265 
178,10146.124 
179,3941.272 
180,2818.414 
181,48633.648 
182,4843.870 
183,216112.375 
184,21858.982 
185,180378.078 
186,148258.297 
187,5125.467 
188,12448.741 
189,21950.551 
190,6691.862 
191,4809.795 
192,3877.187 
193,7810.557 
194,5580.117 
195,19179.258 
196,4105.829 
197,47072.750 
198,16618.715 
199,30297.438 
200,150934.281 
201,27154.314 
202,8826.537 
203,32247.811 
204,2509.851 
205,22998.605 
206,29548.650 
207,4730.520 
208,17061.270 
209,16858.320 
210,3626.328 
211,36404.020 
212,3477.622 
213,22425.113 
214,10161.428 
215,72863.844 
216,140182.047 
217,184221.266 
218,11444.306 
219,6144.026 
220,8625.080 
221,12263.757 
222,9053.702 
223,46908.242 
224,8542.244 
225,4141.027 
226,87195.078 
227,16328.325 
228,4452.888 
229,8726.987 
230,47171.648 
231,50097.031 
232,81208.812 
233,6321.165 
234,83342.125 
235,10813.292 
236,44273.066 
237,10052.482 
238,5049.677 
239,147008.938 
240,15352.371 
241,7021.892 
242,25631.697 
243,8467.564 
244,30540.729 
245,9237.380 
246,4120.155 
247,22028.256 
248,33883.387 
249,8818.957 
250,16223.398 
251,143711.703 
252,5403.354 
253,57897.598 
254,73983.703 
255,45860.941 
256,13755.508 
257,83541.219 
258,41284.098 
259,3621.700 
260,4293.987 
261,13797.053 
262,29718.879 
263,51432.398 
264,23167.275 
265,22093.160 
266,3651.027 
267,38890.828 
268,17473.504 
269,7134.373 
270,77403.781 
271,9054.008 
272,6930.391 
273,18817.605 
274,13124.156 
275,51302.598 
276,45049.203 
277,5069.992 
278,6441.628 
279,23369.395 
280,33592.414 
281,43464.957 
282,76116.930 
283,5012.302 
284,11909.340 
285,15202.332 
286,32956.965 
287,6898.257 
288,8763.481 
289,8562.017 
290,19315.074 
291,14419.517 
292,15490.736 
293,6615.929 
294,49309.465 
295,10419.134 
296,6381.034 
297,5755.036 
298,6972.021 
299,4426.302 
300,5400.706 
301,7691.216 
302,79624.789 
303,271949.688 
304,5330.151 
305,5945.230 
306,33954.934 
307,44849.289 
308,37538.539 
309,70882.750 
310,24937.600 
311,8286.307 
312,65078.523 
313,42871.758 
314,8297.036 
315,19405.555 
316,3752.515 
317,63528.383 
318,14838.253 
319,16670.707 
320,9756.153 
321,6741.632 
322,38608.312 
323,146458.172 
324,11201.632 
325,6495.606 
326,4844.612 
327,54153.031 
328,43985.609 
329,22468.203 
330,8721.762 
331,276082.094 
332,12053.932 
333,13142.154 
334,7292.117 
335,73578.414 
336,5100.196 
337,8286.945 
338,27064.391 
339,7937.728 
340,33284.922 
341,87215.211 
342,23330.180 
343,4092.483 
344,13520.436 
345,6033.113 
346,35207.141 
347,7622.739 
348,21045.867 
349,17354.947 
350,131316.656 
351,27946.996 
352,11373.667 
353,11246.881 
354,4871.910 
355,11770.451 
356,126776.258 
357,12682.277 
358,5092.778 
359,8451.001 
360,22226.021 
361,71500.203 
362,36310.078 
363,10002.272 
364,4972.149 
365,6724.922 
366,34857.652 
367,42670.098 
368,190854.250 
369,29239.520 
370,22750.322 
371,2806.437 
372,31223.988 
373,58126.180 
374,9714.496 
375,5880.679 
376,2995.343 
377,5070.860 
378,9142.184 
379,53933.086 
380,82608.461 
381,7411.765 
382,6359.985 
383,56920.809 
384,89911.852 
385,23428.623 
386,8551.151 
387,7832.542 
388,26354.061 
389,6995.430 
390,15174.458 
391,6455.387 
392,10892.447 
393,11152.155 
394,52557.070 
395,8866.714 
396,25057.383 
397,8896.725 
398,16657.836 
399,30641.312 
400,6822.645 
401,13585.758 
402,135715.609 
403,10343.418 
404,6208.111 
405,6513.634 
406,50962.453 
407,85026.273 
408,63344.977 
409,64187.496 
410,4902.627 
411,123108.594 
412,13864.168 
413,15835.205 
414,6908.875 
415,139708.016 
416,11036.500 
417,6869.974 
418,11165.720 
419,77536.750 
420,7520.683 
421,65339.281 
422,46896.461 
423,8891.497 
424,44045.055 
425,12908.976 
426,81377.930 
427,11491.164 
428,8755.845 
429,59511.977 
430,6538.805 
431,38497.703 
432,64923.219 
433,19133.459 
434,53053.531 
435,13775.996 
436,5697.162 
437,8233.842 
438,18500.035 
439,5232.171 
440,5303.232 
441,18659.664 
442,7259.647 
443,26443.029 
444,20703.586 
445,10575.899 
446,5773.216 
447,8283.832 
448,55199.582 
449,27347.629 
450,16053.414 
451,6512.216 
452,35374.109 
453,29308.137 
454,6012.695 
455,22487.697 
456,8037.837 
457,7224.938 
458,69947.047 
459,42679.508 
460,37762.055 
461,10065.488 
462,8366.900 
463,14514.748 
464,18701.508 
465,146937.609 
466,8098.639 
467,160548.422 
468,16184.767 
469,12300.226 
470,25589.402 
471,6184.181 
472,60923.973 
473,7354.926 
474,7851.983 
475,62691.133 
476,9205.366 
477,6954.220 
478,112880.141 
479,12860.418 
480,50578.062 
481,121891.398 
482,52607.711 
483,28760.229 
484,36153.734 
485,8716.953 
486,26941.965 
487,11843.205 
488,6006.640 
489,5549.009 
490,4804.487 
491,71985.664 
492,124048.844 
493,27428.037 
494,29016.498 
495,41102.406 
496,18026.008 
497,49225.488 
498,3592.420 
499,10761.866 
500,6031.028 
501,12337.639 
502,70467.953 
503,14635.854 
504,125442.531 
505,5999.839 
506,33923.508 
507,22691.668 
508,57195.867 
509,67421.062 
510,5640.144 
511,13910.879 
512,8921.461 
513,9730.378 
514,25245.043 
515,24344.771 
516,33766.328 
517,20573.910 
518,16660.373 
519,109067.984 
520,117386.656 
521,14987.547 
522,11231.564 
523,40418.285 
524,36256.965 
525,117908.844 
526,9540.144 
527,10977.818 
528,29162.746 
529,8873.152 
530,14285.725 
531,11412.977 
532,77379.891 
533,5984.853 
534,122330.688 
535,24964.172 
536,15511.246 
537,9201.103 
538,16393.666 
539,104005.344 
540,9067.830 
541,23717.738 
542,18890.160 
543,7506.530 
544,42554.219 
545,4362.354 
546,60337.168 
547,12393.883 
548,15856.197 
549,29095.738 
550,38246.680 
551,28751.789 
552,11240.175 
553,13616.158 
554,15731.372 
555,33213.891 
556,5601.418 
557,141280.078 
558,6210.172 
559,102013.281 
560,12798.527 
561,7651.264 
562,39019.555 
563,10484.063 
564,3067.368 
565,15490.694 
566,18840.320 
567,13731.741 
568,16201.967 
569,49513.371 
570,11150.052 
571,47068.855 
572,21771.199 
573,12407.916 
574,11975.922 
575,12645.766 
576,6135.051 
577,13961.463 
578,29683.789 
579,30060.764 
580,37564.750 
581,47374.801 
582,57630.992 
583,20526.121 
584,23591.660 
585,129214.781 
586,16115.421 
587,151671.719 
588,11165.170 
589,87856.102 
590,6108.762 
591,120751.102 
592,75132.867 
593,39461.828 
594,13045.970 
595,74700.688 
596,79960.781 
597,15242.179 
598,59449.594 
599,6954.316 
600,5056.476 
611,18496.535 
612,14707.817 
613,5349.504 
614,5227.591 
615,53202.848 
616,39597.207 
617,5170.818 
618,9458.708 
619,27099.004 
620,19534.297 
621,17055.725 
622,7300.536 
623,14634.406 
624,24993.645 
625,23936.826 
626,24255.988 
627,13895.746 
628,26939.480 
629,13123.368 
630,12838.805 
631,14291.764 
632,3430.889 
633,16270.834 
634,6864.219 
635,23290.281 
636,17640.701 
637,38253.828 
638,14266.191 
639,27739.703 
640,6699.373 
641,17050.049 
642,35219.793 
643,18416.332 
644,14925.462 
645,21058.871 
646,5251.322 
647,21402.273 
648,13128.567 
649,16943.711 
650,2614.204 
651,14466.312 
652,1776.014 
653,25449.117 
654,23684.484 
655,14392.307 
656,6767.563 
657,18854.305 
658,51738.344 
659,39984.512 
660,9376.672 
661,9362.027 
662,9148.033 
663,8942.928 
664,11009.782 
665,9221.971 
666,8136.027 
667,19797.902 
668,21434.744 
669,17169.844 
670,8659.683 
671,19677.865 
672,7654.616 
673,13167.632 
674,19847.404 
675,9344.406 
676,27673.527 
677,142092.312 
678,13415.795 
679,9469.329 
680,103903.781 
681,12991.154 
682,26482.893 
683,54404.016 
684,58875.016 
685,15282.210 
686,6566.262 
687,81606.656 
688,103639.938 
689,7281.830 
690,45577.664 
691,16926.408 
692,14016.280 
693,132647.406 
694,6918.257 
695,56165.055 
696,8180.657 
697,8548.483 
698,101818.234 
699,7124.935 
700,60504.535 
701,11591.581 
702,13357.151 
703,33962.355 
704,7150.888 
705,13672.935 
706,7705.117 
707,8626.367 
708,10431.928 
709,12176.742 
710,10352.807 
711,36133.992 
712,6559.458 
713,15098.701 
714,14564.401 
715,44553.492 
716,37289.383 
717,25464.975 
718,6307.247 
719,97697.812 
720,10305.223 
721,14324.182 
722,24792.736 
723,31560.170 
724,20746.340 
725,5352.406 
726,11878.749 
727,5617.582 
728,14264.574 
729,46430.949 
730,5467.543 
731,28466.559 
732,4624.483 
733,53464.824 
734,7010.699 
735,3991.038 
736,31165.289 
737,6067.871 
738,91814.273 
739,16114.618 
740,16915.717 
741,33451.203 
742,46394.867 
743,15544.093 
744,9301.734 
745,51435.539 
746,41718.199 
747,32610.625 
748,7106.795 
749,10172.955 
750,22691.410 
751,44212.039 
752,30803.492 
753,7635.371 
754,7641.527 
755,12220.542 
756,20907.559 
757,35358.395 
758,6656.735 
759,6065.522 
760,7274.151 
761,33021.156 
762,2660.833 
763,35535.684 
764,35342.609 
765,20424.984 
766,40564.742 
767,44598.098 
768,28853.275 
769,52337.820 
770,35491.383 
771,6294.290 
772,26134.371 
773,29552.178 
774,32191.879 
775,17476.672 
776,11369.307 
777,15064.133 
778,38994.457 
779,8223.737 
780,27561.863 
781,20693.828 
782,49276.414 
783,15268.199 
784,7796.433 
785,54849.062 
786,21036.266 
787,17738.510 
788,20336.703 
789,14868.828 
790,6056.633 
791,12412.425 
792,18505.699 
793,42744.398 
794,9248.616 
795,24936.965 
796,84157.953 
797,8048.909 
798,14809.277 
799,12925.434 
