0,-7.812 
0,-28.516 
0,-39.932 
0,-23.771 
0,-41.625 
0,99.062 
1,-7.812 
1,-10.417 
1,-35.432 
1,-44.474 
1,-32.625 
1,107.312 
2,-7.812 
2,-31.250 
2,-37.516 
2,-34.724 
2,-32.625 
2,108.062 
3,-6.641 
3,-18.766 
3,-7.292 
3,-19.271 
3,-35.042 
3,107.312 
4,-6.641 
4,-9.766 
4,-33.016 
4,-48.062 
4,-40.583 
4,88.271 
5,-6.641 
5,-18.766 
5,-12.182 
5,-23.641 
5,-11.792 
5,126.062 
6,-7.812 
6,-14.917 
6,-12.312 
6,-4.500 
6,-24.641 
6,119.146 
7,-7.812 
7,-9.766 
7,-7.682 
7,-21.224 
7,-36.375 
7,105.979 
8,-6.641 
8,-28.516 
8,-35.432 
8,-28.141 
8,-36.474 
8,107.312 
9,-7.812 
9,-14.917 
9,-28.646 
9,-39.224 
9,-31.583 
9,88.271 
10,-7.812 
10,-10.417 
10,-25.682 
10,-19.271 
10,-16.292 
10,108.062 
11,-6.641 
11,-9.766 
11,-11.792 
11,-30.354 
11,-41.625 
11,107.312 
12,-7.812 
12,-14.917 
12,-35.432 
12,-53.474 
12,-40.974 
12,80.312 
13,-7.812 
13,-9.766 
13,-26.432 
13,-48.974 
13,-46.125 
13,107.312 
14,-7.812 
14,-9.766 
14,-21.182 
14,-23.771 
14,-20.792 
14,119.146 
15,-6.641 
15,-9.766 
15,-21.182 
15,-23.641 
15,-20.141 
15,119.146 
16,-6.641 
16,-8.854 
16,-30.542 
16,-32.771 
16,-20.792 
16,99.062 
17,-7.812 
17,-10.417 
17,-16.812 
17,-19.141 
17,-31.974 
17,108.062 
18,-6.641 
18,-18.766 
18,-26.432 
18,-38.021 
18,-35.042 
18,107.312 
19,-6.641 
19,-18.766 
19,-16.682 
19,-28.141 
19,-40.974 
19,99.062 
20,-7.812 
20,-28.516 
20,-35.042 
20,-28.271 
20,-20.792 
20,108.062 
21,-6.641 
21,-8.854 
21,-16.292 
21,-28.271 
21,-20.792 
21,99.062 
22,-7.812 
22,-14.917 
22,-26.432 
22,-32.641 
22,-30.542 
22,119.146 
23,-7.812 
23,-10.417 
23,-16.812 
23,-25.333 
23,-31.974 
23,80.312 
24,-7.812 
24,-14.917 
24,-30.932 
24,-23.641 
24,-35.042 
24,119.146 
25,-6.641 
25,-9.766 
25,-28.516 
25,-21.224 
25,-40.974 
25,108.062 
26,-7.812 
26,-28.516 
26,-26.432 
26,-47.021 
26,-39.542 
26,107.312 
27,-7.812 
27,-18.766 
27,-12.182 
27,-23.771 
27,-37.125 
27,107.312 
28,-7.812 
28,-10.417 
28,-35.432 
28,-19.271 
28,-37.125 
28,126.062 
29,-7.812 
29,-18.766 
29,-12.182 
29,-13.891 
29,-11.141 
29,128.146 
30,-7.812 
30,-10.417 
30,-25.682 
30,-25.724 
30,-22.224 
30,109.104 
31,-6.641 
31,-8.854 
31,-16.292 
31,-28.271 
31,-39.542 
31,80.312 
32,-6.641 
32,-28.516 
32,-26.432 
32,-19.141 
32,-24.641 
32,101.146 
33,-7.812 
33,-14.917 
33,-33.146 
33,-39.224 
33,-31.974 
33,107.312 
34,-7.812 
34,-28.516 
34,-35.432 
34,-23.641 
34,-25.292 
34,99.062 
35,-7.812 
35,-9.766 
35,-7.682 
35,-18.521 
35,-18.375 
35,105.979 
36,-7.812 
36,-14.266 
36,-7.292 
36,-30.354 
36,-22.875 
36,126.062 
37,-7.812 
37,-14.917 
37,-30.932 
37,-39.974 
37,-31.974 
37,107.312 
38,-7.812 
38,-18.766 
38,-7.292 
38,-9.521 
38,-20.792 
38,99.062 
39,-7.812 
39,-9.766 
39,-7.682 
39,-21.224 
39,-43.057 
39,105.979 
40,-7.812 
40,-31.250 
40,-33.146 
40,-25.724 
40,-37.125 
40,126.062 
41,-7.812 
41,-9.766 
41,-21.182 
41,-5.021 
41,-11.792 
41,126.062 
42,-7.812 
42,-14.917 
42,-16.682 
42,-5.021 
42,-18.375 
42,126.062 
43,-7.812 
43,-10.417 
43,-28.646 
43,-39.974 
43,-45.474 
43,99.062 
44,-6.641 
44,-28.516 
44,-35.432 
44,-28.141 
44,-20.141 
44,119.146 
45,-7.812 
45,-14.917 
45,-12.312 
45,-25.333 
45,-27.474 
45,108.062 
46,-7.812 
46,-10.417 
46,-26.432 
46,-19.141 
46,-34.292 
46,108.062 
47,-7.812 
47,-14.266 
47,-7.292 
47,-32.771 
47,-37.125 
47,107.312 
48,-6.641 
48,-18.766 
48,-30.932 
48,-42.521 
48,-39.542 
48,101.146 
49,-7.812 
49,-10.417 
49,-28.646 
49,-50.667 
49,-56.557 
49,105.979 
50,-7.812 
50,-10.417 
50,-7.682 
50,-21.224 
50,-54.083 
50,88.271 
51,-7.812 
51,-31.250 
51,-33.146 
51,-25.724 
51,-27.375 
51,105.979 
52,-7.812 
52,-10.417 
52,-16.812 
52,-25.333 
52,-31.974 
52,99.062 
53,-7.812 
53,-31.250 
53,-37.516 
53,-34.724 
53,-32.625 
53,108.062 
54,-7.812 
54,-14.917 
54,-12.312 
54,-28.141 
54,-30.542 
54,107.312 
55,-6.641 
55,-18.766 
55,-16.682 
55,-25.724 
55,-31.583 
55,88.271 
56,-7.812 
56,-18.766 
56,-12.182 
56,-23.641 
56,-36.474 
56,107.312 
57,-6.641 
57,-14.266 
57,-25.000 
57,-31.729 
57,-40.583 
57,88.271 
58,-6.641 
58,-9.766 
58,-34.000 
58,-43.562 
58,-40.583 
58,88.271 
59,-6.641 
59,-9.766 
59,-11.792 
59,-14.021 
59,-11.792 
59,126.062 
60,-7.812 
60,-14.917 
60,-12.312 
60,-20.833 
60,-13.224 
60,126.062 
61,-7.812 
61,-14.917 
61,-35.432 
61,-32.641 
61,-30.542 
61,80.312 
62,-6.641 
62,-9.766 
62,-16.682 
62,-25.724 
62,-45.083 
62,100.104 
63,-6.641 
63,-18.766 
63,-16.682 
63,-9.391 
63,-7.292 
63,108.062 
64,-6.641 
64,-9.766 
64,-7.682 
64,-19.141 
64,-44.042 
64,119.146 
65,-6.641 
65,-28.516 
65,-35.432 
65,-23.641 
65,-35.042 
65,107.312 
66,-6.641 
66,-18.766 
66,-7.292 
66,-9.521 
66,-18.375 
66,108.062 
67,-7.812 
67,-10.417 
67,-26.432 
67,-48.974 
67,-46.125 
67,107.312 
68,-7.812 
68,-10.417 
68,-16.812 
68,-19.141 
68,-35.042 
68,107.312 
69,-7.812 
69,-10.417 
69,-16.812 
69,-25.333 
69,-27.474 
69,107.312 
70,-6.641 
70,-8.854 
70,-11.792 
70,-14.021 
70,-22.875 
70,99.062 
71,-6.641 
71,-28.516 
71,-35.432 
71,-44.474 
71,-40.974 
71,107.312 
72,-6.641 
72,-14.266 
72,-30.932 
72,-39.974 
72,-46.125 
72,107.312 
73,-7.812 
73,-31.250 
73,-33.146 
73,-25.333 
73,-35.724 
73,109.104 
74,-6.641 
74,-8.854 
74,-16.292 
74,-28.271 
74,-20.792 
74,108.062 
75,-7.812 
75,-10.417 
75,-35.432 
75,-38.021 
75,-35.042 
75,107.312 
76,-7.812 
76,-9.766 
76,-37.516 
76,-34.724 
76,-31.974 
76,126.062 
77,-7.812 
77,-10.417 
77,-7.682 
77,-18.521 
77,-7.292 
77,126.062 
78,-7.812 
78,-14.917 
78,-16.682 
78,-23.771 
78,-37.125 
78,107.312 
79,-7.812 
79,-14.917 
79,-12.182 
79,-19.271 
79,-20.792 
79,117.062 
80,-6.641 
80,-26.562 
80,-29.500 
80,-48.062 
80,-40.583 
80,88.271 
81,-7.812 
81,-10.417 
81,-26.432 
81,-47.021 
81,-35.042 
81,107.312 
82,-7.812 
82,-9.766 
82,-26.432 
82,-39.974 
82,-55.125 
82,99.062 
83,-7.812 
83,-28.516 
83,-35.432 
83,-19.271 
83,-37.125 
83,117.062 
84,-7.812 
84,-14.917 
84,-12.312 
84,-28.141 
84,-36.474 
84,107.312 
85,-6.641 
85,-18.766 
85,-12.182 
85,-19.271 
85,-41.625 
85,108.062 
86,-6.641 
86,-14.266 
86,-12.182 
86,-4.891 
86,-24.250 
86,109.104 
87,-7.812 
87,-9.766 
87,-16.682 
87,-4.891 
87,-25.292 
87,101.146 
88,-7.812 
88,-9.766 
88,-28.516 
88,-39.354 
88,-28.125 
88,107.312 
89,-7.812 
89,-14.917 
89,-35.432 
89,-42.521 
89,-39.542 
89,101.146 
90,-7.812 
90,-14.917 
90,-26.432 
90,-44.474 
90,-46.125 
90,108.062 
91,-7.812 
91,-9.766 
91,-7.682 
91,-30.224 
91,-34.057 
91,105.979 
92,-6.641 
92,-14.266 
92,-12.182 
92,-25.724 
92,-13.224 
92,99.062 
93,-7.812 
93,-14.917 
93,-28.646 
93,-25.333 
93,-31.974 
93,107.312 
94,-7.812 
94,-31.250 
94,-37.646 
94,-39.974 
94,-46.125 
94,107.312 
95,-7.812 
95,-28.516 
95,-35.432 
95,-28.141 
95,-26.042 
95,107.312 
96,-7.812 
96,-14.917 
96,-12.312 
96,-37.141 
96,-40.974 
96,80.312 
97,-7.812 
97,-14.917 
97,-16.682 
97,-5.021 
97,-18.375 
97,126.062 
98,-7.812 
98,-9.766 
98,-7.682 
98,-13.891 
98,-16.292 
98,126.062 
99,-6.641 
99,-9.766 
99,-7.682 
99,-21.224 
99,-43.057 
99,88.271 
100,-6.641 
100,-14.266 
100,-30.932 
100,-23.641 
100,-25.292 
100,108.062 
101,-6.641 
101,-28.516 
101,-26.432 
101,-32.641 
101,-25.292 
101,99.062 
102,-7.812 
102,-14.917 
102,-30.932 
102,-39.974 
102,-46.125 
102,107.312 
103,-7.812 
103,-14.266 
103,-12.182 
103,-25.724 
103,-27.375 
103,105.979 
104,-7.812 
104,-14.917 
104,-16.682 
104,-23.641 
104,-26.042 
104,107.312 
105,-6.641 
105,-9.766 
105,-21.182 
105,-19.271 
105,-30.542 
105,128.146 
106,-6.641 
106,-18.766 
106,-25.000 
106,-43.562 
106,-40.583 
106,109.104 
107,-7.812 
107,-18.766 
107,-16.682 
107,-30.224 
107,-27.083 
107,100.104 
108,-6.641 
108,-9.766 
108,-26.432 
108,-32.641 
108,-35.042 
108,107.312 
109,-7.812 
109,-10.417 
109,-33.146 
109,-46.167 
109,-34.057 
109,88.271 
110,-7.812 
110,-10.417 
110,-7.682 
110,-21.224 
110,-40.974 
110,107.312 
111,-7.812 
111,-14.266 
111,-30.932 
111,-23.641 
111,-31.974 
111,80.312 
112,-7.812 
112,-9.766 
112,-7.682 
112,-0.391 
112,-22.224 
112,109.104 
113,-7.812 
113,-28.516 
113,-30.932 
113,-23.641 
113,-35.042 
113,107.312 
114,-7.812 
114,-10.417 
114,-28.646 
114,-48.224 
114,-28.125 
114,80.312 
115,-7.812 
115,-31.250 
115,-37.646 
115,-25.724 
115,-46.125 
115,80.312 
116,-7.812 
116,-31.250 
116,-33.146 
116,-39.224 
116,-43.057 
116,88.271 
117,-7.812 
117,-31.250 
117,-33.016 
117,-25.724 
117,-37.125 
117,126.062 
118,-7.812 
118,-10.417 
118,-7.812 
118,-19.141 
118,-44.042 
118,119.146 
119,-7.812 
119,-18.766 
119,-12.182 
119,-30.224 
119,-31.583 
119,109.104 
120,-6.641 
120,-26.562 
120,-34.000 
120,-27.229 
120,-15.250 
120,109.104 
121,-7.812 
121,-10.417 
121,-33.146 
121,-44.474 
121,-31.974 
121,108.062 
122,-6.641 
122,-9.766 
122,-21.182 
122,-30.224 
122,-32.625 
122,108.062 
123,-7.812 
123,-28.516 
123,-35.432 
123,-28.141 
123,-26.042 
123,107.312 
124,-7.812 
124,-14.917 
124,-35.432 
124,-32.641 
124,-30.542 
124,80.312 
125,-7.812 
125,-9.766 
125,-7.682 
125,-21.224 
125,-54.083 
125,100.104 
126,-6.641 
126,-28.516 
126,-35.432 
126,-19.271 
126,-16.292 
126,126.062 
127,-6.641 
127,-8.854 
127,-16.292 
127,-9.521 
127,-16.292 
127,108.062 
128,-6.641 
128,-18.766 
128,-7.292 
128,-28.271 
128,-16.292 
128,108.062 
129,-7.812 
129,-10.417 
129,-7.682 
129,-36.229 
129,-36.083 
129,88.271 
130,-6.641 
130,-14.266 
130,-30.932 
130,-23.641 
130,-11.141 
130,101.146 
131,-7.812 
131,-28.516 
131,-26.432 
131,-32.641 
131,-31.974 
131,80.312 
132,-7.812 
132,-9.766 
132,-30.932 
132,-44.474 
132,-46.125 
132,107.312 
133,-7.812 
133,-10.417 
133,-7.812 
133,-29.833 
133,-35.724 
133,108.062 
134,-6.641 
134,-9.766 
134,-28.516 
134,-57.062 
134,-36.083 
134,88.271 
135,-6.641 
135,-9.766 
135,-30.932 
135,-23.641 
135,-35.042 
135,128.146 
136,-7.812 
136,-9.766 
136,-16.292 
136,-28.271 
136,-41.625 
136,80.312 
137,-7.812 
137,-10.417 
137,-25.682 
137,-25.724 
137,-31.974 
137,126.062 
138,-7.812 
138,-28.516 
138,-30.932 
138,-23.641 
138,-25.292 
138,108.062 
139,-7.812 
139,-18.766 
139,-30.932 
139,-53.474 
139,-40.974 
139,80.312 
140,-6.641 
140,-18.766 
140,-37.516 
140,-30.224 
140,-38.557 
140,105.979 
141,-7.812 
141,-10.417 
141,-35.432 
141,-28.141 
141,-26.042 
141,107.312 
142,-7.812 
142,-28.516 
142,-26.432 
142,-47.021 
142,-35.042 
142,119.146 
143,-6.641 
143,-8.854 
143,-30.542 
143,-32.771 
143,-39.542 
143,101.146 
144,-6.641 
144,-14.266 
144,-28.516 
144,-44.474 
144,-46.125 
144,107.312 
145,-7.812 
145,-18.766 
145,-26.432 
145,-44.474 
145,-32.625 
145,126.062 
146,-7.812 
146,-18.766 
146,-26.432 
146,-28.141 
146,-7.292 
146,128.146 
147,-6.641 
147,-18.766 
147,-37.516 
147,-30.224 
147,-28.125 
147,107.312 
148,-7.812 
148,-14.917 
148,-26.432 
148,-38.021 
148,-39.542 
148,107.312 
149,-6.641 
149,-28.516 
149,-26.042 
149,-42.521 
149,-39.542 
149,128.146 
150,-7.812 
150,-14.917 
150,-12.182 
150,-25.724 
150,-46.125 
150,80.312 
151,-6.641 
151,-18.766 
151,-37.516 
151,-21.354 
151,-37.125 
151,80.312 
152,-7.812 
152,-28.516 
152,-35.432 
152,-28.141 
152,-36.474 
152,126.062 
153,-7.812 
153,-31.250 
153,-28.646 
153,-48.224 
153,-40.974 
153,80.312 
154,-6.641 
154,-8.854 
154,-16.292 
154,-28.271 
154,-37.125 
154,80.312 
155,-7.812 
155,-18.766 
155,-16.682 
155,-28.141 
155,-40.974 
155,99.062 
156,-7.812 
156,-10.417 
156,-16.812 
156,-4.891 
156,-11.141 
156,119.146 
157,-7.812 
157,-10.417 
157,-25.682 
157,-19.271 
157,-20.792 
157,108.062 
158,-7.812 
158,-10.417 
158,-33.146 
158,-39.224 
158,-31.974 
158,107.312 
159,-7.812 
159,-10.417 
159,-35.432 
159,-28.141 
159,-7.292 
159,126.062 
160,-7.812 
160,-14.917 
160,-12.182 
160,-21.224 
160,-13.224 
160,126.062 
161,-7.812 
161,-31.250 
161,-28.516 
161,-48.974 
161,-31.974 
161,108.062 
162,-7.812 
162,-18.766 
162,-16.682 
162,-18.229 
162,-36.083 
162,88.271 
163,-7.812 
163,-18.766 
163,-16.682 
163,-19.271 
163,-16.292 
163,108.062 
164,-7.812 
164,-28.516 
164,-35.432 
164,-44.474 
164,-32.625 
164,107.312 
165,-7.812 
165,-14.266 
165,-28.516 
165,-25.724 
165,-27.375 
165,105.979 
166,-7.812 
166,-14.917 
166,-28.646 
166,-25.724 
166,-37.125 
166,107.312 
167,-7.812 
167,-31.250 
167,-33.146 
167,-48.974 
167,-40.974 
167,107.312 
168,-7.812 
168,-31.250 
168,-33.146 
168,-39.224 
168,-43.057 
168,105.979 
169,-7.812 
169,-10.417 
169,-7.682 
169,-21.224 
169,-54.083 
169,88.271 
170,-6.641 
170,-18.766 
170,-16.682 
170,-19.271 
170,-20.792 
170,108.062 
171,-6.641 
171,-14.266 
171,-28.516 
171,-44.474 
171,-46.125 
171,107.312 
172,-7.812 
172,-10.417 
172,-7.812 
172,-29.833 
172,-45.474 
172,126.062 
173,-7.812 
173,-31.250 
173,-37.646 
173,-25.724 
173,-46.125 
173,99.062 
174,-7.812 
174,-14.917 
174,-33.146 
174,-25.333 
174,-27.474 
174,107.312 
175,-7.812 
175,-10.417 
175,-16.812 
175,-28.141 
175,-30.542 
175,107.312 
176,-7.812 
176,-14.917 
176,-12.312 
176,-28.141 
176,-26.042 
176,107.312 
177,-7.812 
177,-10.417 
177,-26.432 
177,-19.141 
177,-34.292 
177,101.146 
178,-7.812 
178,-14.917 
178,-16.682 
178,-34.724 
178,-31.583 
178,88.271 
179,-7.812 
179,-31.250 
179,-46.516 
179,-30.224 
179,-40.974 
179,99.062 
180,-7.812 
180,-31.250 
180,-46.516 
180,-30.224 
180,-40.974 
180,80.312 
181,-7.812 
181,-9.766 
181,-7.682 
181,-28.271 
181,-16.292 
181,126.062 
182,-6.641 
182,-18.766 
182,-26.042 
182,-38.021 
182,-35.042 
182,107.312 
183,-6.641 
183,-9.766 
183,-16.292 
183,-28.271 
183,-16.292 
183,101.146 
184,-6.641 
184,-18.766 
184,-16.682 
184,-28.141 
184,-40.974 
184,99.062 
185,-6.641 
185,-9.766 
185,-7.682 
185,-21.224 
185,-36.375 
185,99.062 
186,-6.641 
186,-18.766 
186,-26.432 
186,-28.141 
186,-7.292 
186,128.146 
187,-7.812 
187,-10.417 
187,-33.146 
187,-48.974 
187,-32.625 
187,126.062 
188,-7.812 
188,-14.917 
188,-12.312 
188,-28.141 
188,-20.141 
188,128.146 
189,-7.812 
189,-14.917 
189,-30.932 
189,-39.974 
189,-31.974 
189,108.062 
190,-6.641 
190,-9.766 
190,-30.932 
190,-23.771 
190,-39.542 
190,119.146 
191,-6.641 
191,-14.266 
191,-7.292 
191,-32.771 
191,-37.125 
191,107.312 
192,-7.812 
192,-10.417 
192,-25.682 
192,-28.141 
192,-30.542 
192,101.146 
193,-7.812 
193,-28.516 
193,-35.432 
193,-48.974 
193,-28.125 
193,117.062 
194,-6.641 
194,-28.516 
194,-39.932 
194,-42.521 
194,-39.542 
194,80.312 
195,-7.812 
195,-9.766 
195,-16.292 
195,-23.771 
195,-20.792 
195,108.062 
196,-7.812 
196,-14.917 
196,-12.312 
196,-4.500 
196,-11.141 
196,119.146 
197,-7.812 
197,-10.417 
197,-7.812 
197,-37.141 
197,-7.292 
197,126.062 
198,-7.812 
198,-10.417 
198,-25.682 
198,-19.271 
198,-26.042 
198,107.312 
199,-7.812 
199,-10.417 
199,-26.432 
199,-19.141 
199,-40.974 
199,107.312 
200,-6.641 
200,-28.516 
200,-35.432 
200,-23.641 
200,-31.974 
200,80.312 
201,-7.812 
201,-9.766 
201,-37.516 
201,-25.854 
201,-32.625 
201,107.312 
202,-6.641 
202,-28.516 
202,-35.432 
202,-23.641 
202,-25.292 
202,108.062 
203,-6.641 
203,-26.562 
203,-34.000 
203,-27.229 
203,-19.750 
203,109.104 
204,-7.812 
204,-18.766 
204,-37.516 
204,-21.354 
204,-41.625 
204,99.062 
205,-6.641 
205,-18.766 
205,-16.682 
205,-25.724 
205,-32.625 
205,107.312 
206,-7.812 
206,-14.917 
206,-33.146 
206,-39.974 
206,-31.974 
206,107.312 
207,-7.812 
207,-28.516 
207,-26.042 
207,-28.271 
207,-35.042 
207,107.312 
208,-6.641 
208,-9.766 
208,-7.682 
208,-21.224 
208,-26.724 
208,117.062 
209,-7.812 
209,-31.250 
209,-46.516 
209,-39.062 
209,-40.583 
209,88.271 
210,-7.812 
210,-10.417 
210,-35.432 
210,-28.141 
210,-26.042 
210,107.312 
211,-7.812 
211,-28.516 
211,-30.932 
211,-23.771 
211,-20.792 
211,117.062 
212,-7.812 
212,-31.250 
212,-37.516 
212,-34.724 
212,-43.057 
212,105.979 
213,-7.812 
213,-9.766 
213,-7.682 
213,-36.229 
213,-36.083 
213,88.271 
214,-7.812 
214,-14.917 
214,-33.146 
214,-41.667 
214,-34.057 
214,105.979 
215,-7.812 
215,-31.250 
215,-46.516 
215,-39.974 
215,-28.125 
215,117.062 
216,-7.812 
216,-10.417 
216,-33.146 
216,-25.333 
216,-35.724 
216,108.062 
217,-7.812 
217,-10.417 
217,-28.646 
217,-21.224 
217,-36.375 
217,108.062 
218,-7.812 
218,-14.917 
218,-33.146 
218,-39.224 
218,-28.125 
218,108.062 
219,-6.641 
219,-18.766 
219,-16.682 
219,-19.141 
219,-20.141 
219,128.146 
220,-6.641 
220,-28.516 
220,-35.042 
220,-28.271 
220,-39.542 
220,80.312 
221,-7.812 
221,-14.266 
221,-12.182 
221,-27.229 
221,-40.583 
221,100.104 
222,-6.641 
222,-8.854 
222,-35.042 
222,-28.271 
222,-37.125 
222,108.062 
223,-6.641 
223,-9.766 
223,-16.292 
223,-28.271 
223,-16.292 
223,108.062 
224,-7.812 
224,-31.250 
224,-33.146 
224,-48.974 
224,-40.974 
224,107.312 
225,-7.812 
225,-28.516 
225,-26.432 
225,-47.021 
225,-35.042 
225,119.146 
226,-6.641 
226,-14.266 
226,-7.292 
226,-14.021 
226,-11.792 
226,126.062 
227,-6.641 
227,-9.766 
227,-7.682 
227,-13.891 
227,-13.224 
227,117.062 
228,-6.641 
228,-18.766 
228,-16.682 
228,-25.724 
228,-22.224 
228,109.104 
229,-6.641 
229,-28.516 
229,-35.432 
229,-28.141 
229,-11.792 
229,117.062 
230,-7.812 
230,-18.766 
230,-25.000 
230,-48.062 
230,-40.583 
230,100.104 
231,-7.812 
231,-31.250 
231,-33.146 
231,-44.474 
231,-46.125 
231,108.062 
232,-7.812 
232,-9.766 
232,-30.932 
232,-32.641 
232,-26.042 
232,128.146 
233,-7.812 
233,-31.250 
233,-37.646 
233,-39.224 
233,-28.125 
233,108.062 
234,-7.812 
234,-10.417 
234,-33.146 
234,-48.974 
234,-32.625 
234,126.062 
235,-6.641 
235,-18.766 
235,-16.682 
235,-19.271 
235,-37.125 
235,108.062 
236,-7.812 
236,-31.250 
236,-33.016 
236,-44.474 
236,-46.125 
236,107.312 
237,-7.812 
237,-14.917 
237,-26.432 
237,-23.771 
237,-37.125 
237,107.312 
238,-7.812 
238,-14.917 
238,-16.682 
238,-30.224 
238,-31.974 
238,126.062 
239,-7.812 
239,-9.766 
239,-7.682 
239,-13.891 
239,-16.292 
239,126.062 
240,-7.812 
240,-9.766 
240,-28.516 
240,-39.354 
240,-37.125 
240,99.062 
241,-7.812 
241,-9.766 
241,-28.516 
241,-39.974 
241,-45.474 
241,99.062 
242,-6.641 
242,-9.766 
242,-7.682 
242,-28.141 
242,-35.042 
242,107.312 
243,-7.812 
243,-9.766 
243,-34.000 
243,-27.229 
243,-40.583 
243,88.271 
244,-6.641 
244,-18.766 
244,-30.932 
244,-32.641 
244,-30.542 
244,101.146 
245,-7.812 
245,-31.250 
245,-33.146 
245,-39.224 
245,-13.875 
245,105.979 
246,-6.641 
246,-28.516 
246,-39.932 
246,-32.641 
246,-40.974 
246,80.312 
247,-6.641 
247,-28.516 
247,-35.432 
247,-28.141 
247,-11.792 
247,117.062 
248,-7.812 
248,-9.766 
248,-26.432 
248,-37.271 
248,-16.292 
248,108.062 
249,-7.812 
249,-14.917 
249,-12.182 
249,-21.224 
249,-13.224 
249,126.062 
250,-6.641 
250,-18.766 
250,-37.516 
250,-39.062 
250,-40.583 
250,88.271 
251,-6.641 
251,-9.766 
251,-33.016 
251,-44.474 
251,-46.125 
251,108.062 
252,-7.812 
252,-18.766 
252,-16.682 
252,-25.724 
252,-31.583 
252,109.104 
253,-6.641 
253,-8.854 
253,-16.292 
253,-30.354 
253,-37.125 
253,107.312 
254,-7.812 
254,-31.250 
254,-28.516 
254,-21.224 
254,-40.974 
254,108.062 
255,-7.812 
255,-10.417 
255,-28.646 
255,-48.224 
255,-38.557 
255,105.979 
256,-7.812 
256,-18.766 
256,-26.432 
256,-44.474 
256,-32.625 
256,126.062 
257,-7.812 
257,-18.766 
257,-26.432 
257,-28.141 
257,-30.542 
257,107.312 
258,-7.812 
258,-14.917 
258,-12.182 
258,-27.229 
258,-40.583 
258,88.271 
259,-7.812 
259,-10.417 
259,-28.646 
259,-21.224 
259,-26.724 
259,117.062 
260,-6.641 
260,-9.766 
260,-26.432 
260,-47.021 
260,-35.042 
260,107.312 
261,-7.812 
261,-9.766 
261,-26.432 
261,-47.021 
261,-35.042 
261,119.146 
262,-7.812 
262,-18.766 
262,-16.682 
262,-19.271 
262,-37.125 
262,107.312 
263,-7.812 
263,-28.516 
263,-30.932 
263,-28.271 
263,-41.625 
263,107.312 
264,-6.641 
264,-9.766 
264,-16.682 
264,-27.229 
264,-40.583 
264,88.271 
265,-7.812 
265,-14.917 
265,-12.182 
265,-4.891 
265,-16.292 
265,117.062 
266,-7.812 
266,-31.250 
266,-33.146 
266,-25.724 
266,-13.224 
266,109.104 
267,-7.812 
267,-14.917 
267,-30.932 
267,-28.271 
267,-30.542 
267,119.146 
268,-6.641 
268,-18.766 
268,-12.182 
268,-30.224 
268,-32.625 
268,108.062 
269,-7.812 
269,-28.516 
269,-35.432 
269,-28.271 
269,-20.792 
269,99.062 
270,-7.812 
270,-31.250 
270,-28.646 
270,-21.224 
270,-54.083 
270,88.271 
271,-6.641 
271,-9.766 
271,-26.432 
271,-19.141 
271,-40.974 
271,107.312 
272,-7.812 
272,-18.766 
272,-37.516 
272,-30.224 
272,-13.875 
272,105.979 
273,-7.812 
273,-10.417 
273,-26.432 
273,-37.271 
273,-26.042 
273,119.146 
274,-7.812 
274,-10.417 
274,-35.432 
274,-28.141 
274,-20.141 
274,128.146 
275,-6.641 
275,-28.516 
275,-35.432 
275,-39.974 
275,-31.974 
275,108.062 
276,-6.641 
276,-9.766 
276,-21.182 
276,-23.771 
276,-37.125 
276,107.312 
277,-6.641 
277,-28.516 
277,-30.932 
277,-32.641 
277,-20.141 
277,119.146 
278,-6.641 
278,-28.516 
278,-35.432 
278,-28.141 
278,-30.542 
278,107.312 
279,-7.812 
279,-10.417 
279,-26.432 
279,-19.141 
279,-24.641 
279,101.146 
280,-7.812 
280,-31.250 
280,-28.516 
280,-48.974 
280,-31.974 
280,107.312 
281,-7.812 
281,-14.266 
281,-12.182 
281,-25.724 
281,-45.083 
281,88.271 
282,-7.812 
282,-14.917 
282,-12.312 
282,-23.641 
282,-31.974 
282,99.062 
283,-6.641 
283,-18.766 
283,-16.682 
283,-18.229 
283,-15.250 
283,109.104 
284,-7.812 
284,-14.266 
284,-30.932 
284,-28.271 
284,-30.542 
284,107.312 
285,-7.812 
285,-14.917 
285,-30.932 
285,-39.974 
285,-31.974 
285,108.062 
286,-7.812 
286,-14.917 
286,-12.312 
286,-25.333 
286,-31.974 
286,80.312 
287,-7.812 
287,-9.766 
287,-21.182 
287,-5.021 
287,-20.792 
287,108.062 
288,-6.641 
288,-8.854 
288,-16.292 
288,-9.521 
288,-16.292 
288,108.062 
289,-7.812 
289,-31.250 
289,-28.646 
289,-21.224 
289,-54.083 
289,88.271 
290,-7.812 
290,-14.917 
290,-26.432 
290,-23.771 
290,-37.125 
290,107.312 
291,-7.812 
291,-28.516 
291,-30.932 
291,-32.641 
291,-20.141 
291,119.146 
292,-7.812 
292,-10.417 
292,-25.682 
292,-25.724 
292,-31.583 
292,88.271 
293,-6.641 
293,-28.516 
293,-30.932 
293,-23.641 
293,-31.974 
293,107.312 
294,-7.812 
294,-10.417 
294,-33.146 
294,-25.724 
294,-13.224 
294,126.062 
295,-6.641 
295,-26.562 
295,-34.000 
295,-43.562 
295,-40.583 
295,88.271 
296,-6.641 
296,-28.516 
296,-30.932 
296,-23.641 
296,-31.974 
296,108.062 
297,-7.812 
297,-14.266 
297,-30.932 
297,-47.021 
297,-39.542 
297,80.312 
298,-7.812 
298,-31.250 
298,-33.146 
298,-25.724 
298,-27.375 
298,126.062 
299,-6.641 
299,-8.854 
299,-35.042 
299,-28.271 
299,-37.125 
299,108.062 
300,-7.812 
300,-18.766 
300,-12.182 
300,-30.224 
300,-32.625 
300,107.312 
301,-7.812 
301,-10.417 
301,-7.682 
301,-21.224 
301,-26.724 
301,117.062 
302,-7.812 
302,-14.917 
302,-12.182 
302,-25.724 
302,-13.224 
302,99.062 
303,-7.812 
303,-14.266 
303,-28.516 
303,-48.062 
303,-40.583 
303,109.104 
304,-7.812 
304,-18.766 
304,-37.516 
304,-39.974 
304,-40.974 
304,117.062 
305,-7.812 
305,-14.917 
305,-12.312 
305,-4.891 
305,-13.224 
305,117.062 
306,-7.812 
306,-10.417 
306,-26.432 
306,-39.974 
306,-55.125 
306,80.312 
307,-7.812 
307,-9.766 
307,-16.682 
307,-4.891 
307,-11.141 
307,119.146 
308,-7.812 
308,-14.917 
308,-28.646 
308,-39.224 
308,-31.974 
308,107.312 
309,-7.812 
309,-9.766 
309,-21.182 
309,-19.271 
309,-41.625 
309,107.312 
310,-7.812 
310,-9.766 
310,-16.682 
310,-27.229 
310,-19.750 
310,100.104 
311,-7.812 
311,-28.516 
311,-26.432 
311,-19.141 
311,-34.292 
311,108.062 
312,-7.812 
312,-31.250 
312,-28.646 
312,-39.974 
312,-45.474 
312,99.062 
313,-7.812 
313,-10.417 
313,-33.146 
313,-46.167 
313,-56.557 
313,88.271 
314,-7.812 
314,-31.250 
314,-33.016 
314,-44.474 
314,-31.974 
314,108.062 
315,-6.641 
315,-18.766 
315,-28.516 
315,-43.562 
315,-40.583 
315,109.104 
316,-7.812 
316,-9.766 
316,-21.182 
316,-30.224 
316,-32.625 
316,107.312 
317,-7.812 
317,-10.417 
317,-16.812 
317,-19.141 
317,-11.141 
317,128.146 
318,-6.641 
318,-9.766 
318,-26.432 
318,-32.641 
318,-35.042 
318,107.312 
319,-6.641 
319,-14.266 
319,-26.042 
319,-51.521 
319,-39.542 
319,80.312 
320,-7.812 
320,-9.766 
320,-11.792 
320,-32.771 
320,-30.542 
320,107.312 
321,-7.812 
321,-14.917 
321,-28.646 
321,-25.333 
321,-45.474 
321,107.312 
322,-6.641 
322,-9.766 
322,-7.682 
322,-36.229 
322,-36.083 
322,109.104 
323,-7.812 
323,-18.766 
323,-16.682 
323,-0.521 
323,-18.375 
323,105.979 
324,-6.641 
324,-9.766 
324,-26.432 
324,-39.974 
324,-45.474 
324,99.062 
325,-6.641 
325,-9.766 
325,-37.516 
325,-44.474 
325,-32.625 
325,126.062 
326,-7.812 
326,-10.417 
326,-35.432 
326,-28.141 
326,-36.474 
326,126.062 
327,-7.812 
327,-9.766 
327,-28.516 
327,-57.062 
327,-36.083 
327,100.104 
328,-7.812 
328,-9.766 
328,-30.932 
328,-48.974 
328,-32.625 
328,126.062 
329,-6.641 
329,-28.516 
329,-39.932 
329,-32.641 
329,-20.141 
329,101.146 
330,-7.812 
330,-10.417 
330,-35.432 
330,-38.021 
330,-35.042 
330,119.146 
331,-6.641 
331,-28.516 
331,-30.932 
331,-32.641 
331,-30.542 
331,107.312 
332,-7.812 
332,-10.417 
332,-25.682 
332,-9.391 
332,-7.292 
332,101.146 
333,-7.812 
333,-18.766 
333,-37.516 
333,-48.974 
333,-40.974 
333,80.312 
334,-7.812 
334,-31.250 
334,-33.146 
334,-48.974 
334,-32.625 
334,126.062 
335,-7.812 
335,-31.250 
335,-37.516 
335,-44.474 
335,-32.625 
335,107.312 
336,-7.812 
336,-14.917 
336,-30.932 
336,-39.974 
336,-31.974 
336,107.312 
337,-6.641 
337,-8.854 
337,-16.292 
337,-25.854 
337,-41.625 
337,108.062 
338,-6.641 
338,-28.516 
338,-35.432 
338,-19.271 
338,-20.792 
338,126.062 
339,-7.812 
339,-9.766 
339,-30.932 
339,-32.641 
339,-36.474 
339,107.312 
340,-7.812 
340,-31.250 
340,-28.516 
340,-21.224 
340,-40.974 
340,108.062 
341,-7.812 
341,-10.417 
341,-28.646 
341,-48.224 
341,-27.083 
341,88.271 
342,-6.641 
342,-9.766 
342,-16.682 
342,-21.224 
342,-27.375 
342,105.979 
343,-7.812 
343,-9.766 
343,-7.682 
343,-28.141 
343,-31.974 
343,108.062 
344,-6.641 
344,-8.854 
344,-26.042 
344,-42.521 
344,-39.542 
344,128.146 
345,-7.812 
345,-14.917 
345,-28.646 
345,-44.474 
345,-31.974 
345,107.312 
346,-7.812 
346,-10.417 
346,-7.682 
346,-18.521 
346,-18.375 
346,108.062 
347,-6.641 
347,-26.562 
347,-34.000 
347,-48.062 
347,-36.083 
347,88.271 
348,-6.641 
348,-18.766 
348,-12.182 
348,-22.729 
348,-19.750 
348,100.104 
349,-6.641 
349,-18.766 
349,-30.932 
349,-42.521 
349,-39.542 
349,80.312 
350,-6.641 
350,-18.766 
350,-25.000 
350,-48.062 
350,-36.083 
350,100.104 
351,-7.812 
351,-10.417 
351,-7.812 
351,-0.391 
351,-25.292 
351,126.062 
352,-7.812 
352,-10.417 
352,-16.812 
352,-20.833 
352,-45.474 
352,126.062 
353,-7.812 
353,-9.766 
353,-28.516 
353,-21.224 
353,-43.057 
353,88.271 
354,-7.812 
354,-18.766 
354,-16.682 
354,-19.141 
354,-26.042 
354,107.312 
355,-7.812 
355,-31.250 
355,-28.646 
355,-34.333 
355,-54.474 
355,99.062 
356,-7.812 
356,-10.417 
356,-28.646 
356,-21.224 
356,-40.974 
356,108.062 
357,-7.812 
357,-18.766 
357,-12.182 
357,-30.224 
357,-22.224 
357,109.104 
358,-7.812 
358,-18.766 
358,-30.932 
358,-53.474 
358,-32.625 
358,99.062 
359,-7.812 
359,-9.766 
359,-16.292 
359,-28.271 
359,-39.542 
359,101.146 
360,-7.812 
360,-31.250 
360,-46.516 
360,-21.354 
360,-37.125 
360,99.062 
361,-6.641 
361,-8.854 
361,-16.292 
361,-28.271 
361,-39.542 
361,101.146 
362,-7.812 
362,-9.766 
362,-28.516 
362,-34.724 
362,-46.125 
362,99.062 
363,-6.641 
363,-18.766 
363,-7.292 
363,-28.271 
363,-39.542 
363,101.146 
364,-7.812 
364,-31.250 
364,-28.646 
364,-48.224 
364,-38.557 
364,88.271 
365,-6.641 
365,-18.766 
365,-16.682 
365,-25.724 
365,-31.583 
365,109.104 
366,-7.812 
366,-10.417 
366,-25.682 
366,-25.724 
366,-31.974 
366,126.062 
367,-7.812 
367,-31.250 
367,-33.146 
367,-25.724 
367,-37.125 
367,107.312 
368,-7.812 
368,-28.516 
368,-30.932 
368,-28.271 
368,-30.542 
368,128.146 
369,-7.812 
369,-14.917 
369,-35.432 
369,-53.474 
369,-32.625 
369,80.312 
370,-7.812 
370,-9.766 
370,-16.682 
370,-4.891 
370,-24.250 
370,109.104 
371,-6.641 
371,-18.766 
371,-25.000 
371,-27.229 
371,-19.750 
371,100.104 
372,-7.812 
372,-14.917 
372,-26.432 
372,-48.974 
372,-32.625 
372,107.312 
373,-7.812 
373,-31.250 
373,-28.646 
373,-57.974 
373,-40.974 
373,107.312 
374,-7.812 
374,-9.766 
374,-21.182 
374,-23.771 
374,-20.792 
374,99.062 
375,-7.812 
375,-14.917 
375,-33.146 
375,-25.333 
375,-27.474 
375,108.062 
376,-7.812 
376,-10.417 
376,-28.646 
376,-34.333 
376,-54.474 
376,99.062 
377,-7.812 
377,-10.417 
377,-7.682 
377,-19.141 
377,-44.042 
377,107.312 
378,-7.812 
378,-10.417 
378,-7.812 
378,-37.141 
378,-36.474 
378,126.062 
379,-7.812 
379,-28.516 
379,-35.042 
379,-28.271 
379,-26.042 
379,107.312 
380,-6.641 
380,-9.766 
380,-7.682 
380,-28.271 
380,-35.042 
380,119.146 
381,-7.812 
381,-9.766 
381,-16.292 
381,-19.271 
381,-16.292 
381,126.062 
382,-7.812 
382,-31.250 
382,-37.646 
382,-25.724 
382,-31.974 
382,99.062 
383,-7.812 
383,-14.917 
383,-28.646 
383,-25.724 
383,-45.083 
383,109.104 
384,-7.812 
384,-9.766 
384,-26.432 
384,-39.974 
384,-45.474 
384,80.312 
385,-7.812 
385,-10.417 
385,-28.646 
385,-39.974 
385,-55.125 
385,80.312 
386,-6.641 
386,-18.766 
386,-12.182 
386,-34.724 
386,-38.557 
386,88.271 
387,-7.812 
387,-10.417 
387,-35.432 
387,-44.474 
387,-32.625 
387,126.062 
388,-7.812 
388,-14.917 
388,-12.312 
388,-25.333 
388,-54.474 
388,99.062 
389,-7.812 
389,-9.766 
389,-7.682 
389,-28.141 
389,-35.042 
389,107.312 
390,-6.641 
390,-18.766 
390,-12.182 
390,-22.729 
390,-36.083 
390,109.104 
391,-7.812 
391,-10.417 
391,-7.682 
391,-19.141 
391,-40.974 
391,107.312 
392,-7.812 
392,-14.917 
392,-12.182 
392,-28.271 
392,-20.792 
392,99.062 
393,-7.812 
393,-10.417 
393,-7.682 
393,-0.391 
393,-22.224 
393,126.062 
394,-6.641 
394,-18.766 
394,-7.292 
394,-25.854 
394,-41.625 
394,108.062 
395,-7.812 
395,-9.766 
395,-7.682 
395,-0.391 
395,-33.250 
395,109.104 
396,-7.812 
396,-9.766 
396,-28.516 
396,-34.724 
396,-45.083 
396,88.271 
397,-7.812 
397,-10.417 
397,-33.146 
397,-25.724 
397,-45.083 
397,88.271 
398,-7.812 
398,-28.516 
398,-26.432 
398,-48.974 
398,-46.125 
398,107.312 
399,-7.812 
399,-18.766 
399,-26.432 
399,-48.974 
399,-40.974 
399,117.062 
400,-7.812 
400,-31.250 
400,-28.516 
400,-21.224 
400,-40.974 
400,107.312 
401,-6.641 
401,-8.854 
401,-26.042 
401,-28.271 
401,-37.125 
401,117.062 
402,-6.641 
402,-18.766 
402,-12.182 
402,-30.224 
402,-22.224 
402,108.062 
403,-7.812 
403,-14.917 
403,-28.646 
403,-39.224 
403,-43.057 
403,105.979 
404,-6.641 
404,-9.766 
404,-7.682 
404,-19.141 
404,-40.974 
404,107.312 
405,-7.812 
405,-14.917 
405,-33.146 
405,-39.224 
405,-22.224 
405,100.104 
406,-6.641 
406,-8.854 
406,-16.292 
406,-23.771 
406,-30.542 
406,128.146 
407,-7.812 
407,-18.766 
407,-25.000 
407,-27.229 
407,-36.083 
407,88.271 
408,-6.641 
408,-9.766 
408,-7.682 
408,-21.224 
408,-43.057 
408,105.979 
409,-6.641 
409,-28.516 
409,-26.432 
409,-37.271 
409,-16.292 
409,108.062 
410,-6.641 
410,-28.516 
410,-35.432 
410,-47.021 
410,-39.542 
410,80.312 
411,-7.812 
411,-10.417 
411,-25.682 
411,-25.724 
411,-43.057 
411,88.271 
412,-7.812 
412,-9.766 
412,-30.932 
412,-23.641 
412,-11.141 
412,128.146 
413,-7.812 
413,-10.417 
413,-7.682 
413,-30.224 
413,-45.083 
413,88.271 
414,-7.812 
414,-14.917 
414,-12.312 
414,-23.641 
414,-27.474 
414,107.312 
415,-7.812 
415,-14.266 
415,-12.182 
415,-28.271 
415,-20.792 
415,99.062 
416,-6.641 
416,-28.516 
416,-35.432 
416,-28.141 
416,-36.474 
416,126.062 
417,-7.812 
417,-9.766 
417,-26.432 
417,-37.271 
417,-37.125 
417,80.312 
418,-7.812 
418,-14.917 
418,-33.146 
418,-25.724 
418,-13.224 
418,100.104 
419,-7.812 
419,-14.917 
419,-16.682 
419,-22.729 
419,-40.583 
419,100.104 
420,-6.641 
420,-8.854 
420,-16.292 
420,-19.271 
420,-35.042 
420,119.146 
421,-6.641 
421,-9.766 
421,-16.292 
421,-19.271 
421,-37.125 
421,126.062 
422,-6.641 
422,-9.766 
422,-16.682 
422,-25.724 
422,-13.224 
422,99.062 
423,-7.812 
423,-28.516 
423,-39.932 
423,-42.521 
423,-39.542 
423,80.312 
424,-7.812 
424,-10.417 
424,-7.682 
424,-30.224 
424,-37.125 
424,107.312 
425,-7.812 
425,-9.766 
425,-21.182 
425,-13.891 
425,-7.292 
425,108.062 
426,-6.641 
426,-9.766 
426,-30.932 
426,-32.641 
426,-11.792 
426,119.146 
427,-6.641 
427,-18.766 
427,-12.182 
427,-13.891 
427,-11.792 
427,108.062 
428,-6.641 
428,-14.266 
428,-12.182 
428,-21.224 
428,-37.125 
428,107.312 
429,-7.812 
429,-14.917 
429,-30.932 
429,-23.641 
429,-35.042 
429,119.146 
430,-7.812 
430,-28.516 
430,-30.932 
430,-44.474 
430,-31.974 
430,107.312 
431,-7.812 
431,-31.250 
431,-46.516 
431,-39.062 
431,-40.583 
431,100.104 
432,-6.641 
432,-18.766 
432,-26.042 
432,-38.021 
432,-35.042 
432,107.312 
433,-6.641 
433,-9.766 
433,-26.432 
433,-47.021 
433,-39.542 
433,119.146 
434,-7.812 
434,-10.417 
434,-7.682 
434,-19.141 
434,-34.292 
434,108.062 
435,-6.641 
435,-8.854 
435,-11.792 
435,-30.354 
435,-22.875 
435,108.062 
436,-7.812 
436,-10.417 
436,-26.432 
436,-32.641 
436,-44.042 
436,80.312 
437,-7.812 
437,-28.516 
437,-26.042 
437,-28.271 
437,-20.792 
437,117.062 
438,-7.812 
438,-14.917 
438,-12.312 
438,-4.891 
438,-16.292 
438,117.062 
439,-7.812 
439,-9.766 
439,-7.682 
439,-19.141 
439,-40.974 
439,108.062 
440,-7.812 
440,-31.250 
440,-28.646 
440,-21.224 
440,-26.724 
440,99.062 
441,-7.812 
441,-18.766 
441,-7.292 
441,-28.271 
441,-39.542 
441,80.312 
442,-6.641 
442,-8.854 
442,-26.042 
442,-47.021 
442,-39.542 
442,107.312 
443,-6.641 
443,-28.516 
443,-30.932 
443,-28.271 
443,-20.792 
443,128.146 
444,-6.641 
444,-9.766 
444,-11.792 
444,-30.354 
444,-22.875 
444,108.062 
445,-7.812 
445,-14.917 
445,-28.646 
445,-25.724 
445,-37.125 
445,126.062 
446,-6.641 
446,-8.854 
446,-30.542 
446,-32.771 
446,-20.792 
446,99.062 
447,-7.812 
447,-9.766 
447,-21.182 
447,-34.724 
447,-28.125 
447,108.062 
448,-7.812 
448,-9.766 
448,-26.432 
448,-32.641 
448,-44.042 
448,80.312 
449,-7.812 
449,-14.917 
449,-16.682 
449,-23.641 
449,-36.474 
449,126.062 
450,-7.812 
450,-31.250 
450,-37.646 
450,-39.224 
450,-38.557 
450,105.979 
451,-7.812 
451,-18.766 
451,-37.516 
451,-39.974 
451,-28.125 
451,117.062 
452,-7.812 
452,-10.417 
452,-7.682 
452,-28.271 
452,-35.042 
452,107.312 
453,-6.641 
453,-9.766 
453,-7.682 
453,-36.229 
453,-19.750 
453,109.104 
454,-7.812 
454,-31.250 
454,-28.516 
454,-21.224 
454,-36.375 
454,108.062 
455,-7.812 
455,-14.917 
455,-16.682 
455,-23.641 
455,-20.141 
455,128.146 
456,-6.641 
456,-28.516 
456,-26.042 
456,-42.521 
456,-39.542 
456,128.146 
457,-7.812 
457,-9.766 
457,-37.516 
457,-43.562 
457,-40.583 
457,109.104 
458,-6.641 
458,-28.516 
458,-30.542 
458,-32.771 
458,-20.792 
458,99.062 
459,-7.812 
459,-10.417 
459,-7.812 
459,-27.391 
459,-20.141 
459,101.146 
460,-7.812 
460,-31.250 
460,-28.516 
460,-48.974 
460,-46.125 
460,107.312 
461,-7.812 
461,-28.516 
461,-35.432 
461,-28.141 
461,-20.141 
461,128.146 
462,-6.641 
462,-8.854 
462,-35.042 
462,-28.271 
462,-37.125 
462,107.312 
463,-7.812 
463,-10.417 
463,-28.646 
463,-34.333 
463,-27.474 
463,107.312 
464,-6.641 
464,-9.766 
464,-7.682 
464,-28.271 
464,-35.042 
464,119.146 
465,-7.812 
465,-14.266 
465,-12.182 
465,-28.271 
465,-39.542 
465,101.146 
466,-7.812 
466,-14.917 
466,-33.146 
466,-39.974 
466,-31.974 
466,108.062 
467,-6.641 
467,-8.854 
467,-11.792 
467,-14.021 
467,-22.875 
467,105.979 
468,-7.812 
468,-10.417 
468,-16.812 
468,-4.500 
468,-24.641 
468,119.146 
469,-7.812 
469,-31.250 
469,-33.146 
469,-25.333 
469,-45.474 
469,126.062 
470,-7.812 
470,-10.417 
470,-26.432 
470,-48.974 
470,-31.974 
470,107.312 
471,-7.812 
471,-10.417 
471,-16.812 
471,-18.391 
471,-10.750 
471,100.104 
472,-7.812 
472,-28.516 
472,-39.932 
472,-42.521 
472,-39.542 
472,80.312 
473,-7.812 
473,-14.917 
473,-12.312 
473,-20.833 
473,-35.724 
473,109.104 
474,-7.812 
474,-31.250 
474,-33.016 
474,-30.354 
474,-32.625 
474,107.312 
475,-7.812 
475,-14.917 
475,-12.312 
475,-4.891 
475,-24.250 
475,109.104 
476,-7.812 
476,-10.417 
476,-16.812 
476,-19.141 
476,-31.974 
476,107.312 
477,-7.812 
477,-10.417 
477,-28.646 
477,-21.224 
477,-46.125 
477,117.062 
478,-6.641 
478,-9.766 
478,-26.432 
478,-19.141 
478,-44.042 
478,107.312 
479,-6.641 
479,-18.766 
479,-25.000 
479,-27.229 
479,-19.750 
479,100.104 
480,-6.641 
480,-9.766 
480,-26.432 
480,-32.641 
480,-35.042 
480,107.312 
481,-6.641 
481,-8.854 
481,-26.042 
481,-28.271 
481,-35.042 
481,107.312 
482,-7.812 
482,-9.766 
482,-30.932 
482,-44.474 
482,-46.125 
482,107.312 
483,-6.641 
483,-18.766 
483,-12.182 
483,-13.891 
483,-11.792 
483,99.062 
484,-6.641 
484,-9.766 
484,-7.682 
484,-19.141 
484,-40.974 
484,108.062 
485,-7.812 
485,-28.516 
485,-26.042 
485,-28.271 
485,-35.042 
485,107.312 
486,-7.812 
486,-14.917 
486,-12.182 
486,-23.641 
486,-35.042 
486,107.312 
487,-7.812 
487,-9.766 
487,-30.932 
487,-23.641 
487,-31.974 
487,107.312 
488,-7.812 
488,-10.417 
488,-7.812 
488,-37.141 
488,-36.474 
488,126.062 
489,-7.812 
489,-14.917 
489,-26.432 
489,-38.021 
489,-39.542 
489,107.312 
490,-7.812 
490,-10.417 
490,-28.646 
490,-50.667 
490,-34.057 
490,105.979 
491,-7.812 
491,-31.250 
491,-33.146 
491,-25.333 
491,-13.224 
491,126.062 
492,-6.641 
492,-8.854 
492,-16.292 
492,-23.771 
492,-41.625 
492,107.312 
493,-7.812 
493,-10.417 
493,-7.812 
493,-19.141 
493,-40.974 
493,107.312 
494,-7.812 
494,-10.417 
494,-35.432 
494,-19.271 
494,-37.125 
494,117.062 
495,-7.812 
495,-28.516 
495,-35.432 
495,-28.271 
495,-30.542 
495,107.312 
496,-7.812 
496,-14.266 
496,-30.932 
496,-47.021 
496,-39.542 
496,80.312 
497,-7.812 
497,-10.417 
497,-28.646 
497,-50.667 
497,-56.557 
497,105.979 
498,-7.812 
498,-10.417 
498,-35.432 
498,-19.271 
498,-37.125 
498,107.312 
499,-6.641 
499,-8.854 
499,-35.042 
499,-28.271 
499,-37.125 
499,108.062 
500,-6.641 
500,-28.516 
500,-26.042 
500,-28.271 
500,-37.125 
500,107.312 
501,-7.812 
501,-10.417 
501,-35.432 
501,-48.974 
501,-40.974 
501,117.062 
502,-7.812 
502,-10.417 
502,-28.646 
502,-48.224 
502,-28.125 
502,99.062 
503,-6.641 
503,-9.766 
503,-21.182 
503,-34.724 
503,-22.224 
503,100.104 
504,-7.812 
504,-14.917 
504,-30.932 
504,-28.271 
504,-37.125 
504,107.312 
505,-7.812 
505,-14.917 
505,-33.146 
505,-25.724 
505,-45.083 
505,100.104 
506,-7.812 
506,-14.917 
506,-12.312 
506,-28.141 
506,-40.974 
506,117.062 
507,-6.641 
507,-18.766 
507,-28.516 
507,-44.474 
507,-40.974 
507,107.312 
508,-7.812 
508,-9.766 
508,-37.516 
508,-25.854 
508,-22.875 
508,105.979 
509,-6.641 
509,-18.766 
509,-30.932 
509,-42.521 
509,-39.542 
509,80.312 
510,-7.812 
510,-14.917 
510,-33.146 
510,-25.724 
510,-13.224 
510,117.062 
511,-7.812 
511,-10.417 
511,-28.646 
511,-21.224 
511,-46.125 
511,107.312 
512,-7.812 
512,-14.266 
512,-12.182 
512,-4.891 
512,-16.292 
512,126.062 
513,-7.812 
513,-28.516 
513,-39.932 
513,-32.641 
513,-11.792 
513,101.146 
514,-7.812 
514,-31.250 
514,-37.646 
514,-25.724 
514,-46.125 
514,80.312 
515,-7.812 
515,-9.766 
515,-7.682 
515,-13.891 
515,-16.292 
515,117.062 
516,-7.812 
516,-18.766 
516,-25.000 
516,-48.062 
516,-36.083 
516,100.104 
517,-7.812 
517,-18.766 
517,-26.042 
517,-28.271 
517,-37.125 
517,108.062 
518,-7.812 
518,-10.417 
518,-26.432 
518,-47.021 
518,-35.042 
518,107.312 
519,-7.812 
519,-10.417 
519,-26.432 
519,-48.974 
519,-46.125 
519,107.312 
520,-7.812 
520,-18.766 
520,-7.292 
520,-19.271 
520,-16.292 
520,126.062 
521,-6.641 
521,-18.766 
521,-25.000 
521,-48.062 
521,-40.583 
521,88.271 
522,-6.641 
522,-9.766 
522,-34.000 
522,-27.229 
522,-40.583 
522,88.271 
523,-6.641 
523,-18.766 
523,-16.682 
523,-0.521 
523,-7.292 
523,126.062 
524,-7.812 
524,-10.417 
524,-35.432 
524,-28.141 
524,-36.474 
524,126.062 
525,-7.812 
525,-14.917 
525,-35.432 
525,-32.641 
525,-11.792 
525,101.146 
526,-6.641 
526,-18.766 
526,-12.182 
526,-23.641 
526,-26.042 
526,107.312 
527,-6.641 
527,-9.766 
527,-26.432 
527,-48.974 
527,-31.974 
527,108.062 
528,-7.812 
528,-9.766 
528,-7.682 
528,-30.224 
528,-13.224 
528,126.062 
529,-7.812 
529,-14.917 
529,-33.146 
529,-39.224 
529,-31.974 
529,107.312 
530,-7.812 
530,-28.516 
530,-26.042 
530,-32.771 
530,-30.542 
530,107.312 
531,-7.812 
531,-14.917 
531,-33.146 
531,-39.974 
531,-46.125 
531,108.062 
532,-6.641 
532,-9.766 
532,-7.682 
532,-13.891 
532,-13.224 
532,100.104 
533,-7.812 
533,-28.516 
533,-39.932 
533,-53.474 
533,-40.974 
533,99.062 
534,-7.812 
534,-14.917 
534,-16.682 
534,-34.724 
534,-13.875 
534,117.062 
535,-7.812 
535,-14.917 
535,-35.432 
535,-32.641 
535,-20.141 
535,101.146 
536,-6.641 
536,-18.766 
536,-37.516 
536,-39.062 
536,-40.583 
536,100.104 
537,-6.641 
537,-8.854 
537,-16.292 
537,-28.271 
537,-16.292 
537,108.062 
538,-6.641 
538,-8.854 
538,-35.042 
538,-38.021 
538,-35.042 
538,107.312 
539,-6.641 
539,-8.854 
539,-35.042 
539,-28.271 
539,-20.792 
539,99.062 
540,-7.812 
540,-9.766 
540,-34.000 
540,-27.229 
540,-36.083 
540,100.104 
541,-7.812 
541,-14.917 
541,-26.432 
541,-28.271 
541,-30.542 
541,128.146 
542,-7.812 
542,-28.516 
542,-35.432 
542,-19.271 
542,-35.042 
542,128.146 
543,-7.812 
543,-31.250 
543,-33.016 
543,-25.724 
543,-31.974 
543,108.062 
544,-7.812 
544,-14.917 
544,-33.146 
544,-39.974 
544,-46.125 
544,108.062 
545,-7.812 
545,-10.417 
545,-16.812 
545,-23.641 
545,-44.042 
545,101.146 
546,-6.641 
546,-18.766 
546,-16.682 
546,-18.229 
546,-36.083 
546,88.271 
547,-6.641 
547,-9.766 
547,-26.042 
547,-42.521 
547,-39.542 
547,128.146 
548,-6.641 
548,-14.266 
548,-30.932 
548,-23.641 
548,-27.474 
548,108.062 
549,-7.812 
549,-10.417 
549,-25.682 
549,-0.521 
549,-18.375 
549,99.062 
550,-6.641 
550,-18.766 
550,-16.682 
550,-25.724 
550,-32.625 
550,108.062 
551,-7.812 
551,-9.766 
551,-26.432 
551,-48.974 
551,-31.974 
551,107.312 
552,-7.812 
552,-10.417 
552,-26.432 
552,-39.974 
552,-55.125 
552,80.312 
553,-7.812 
553,-10.417 
553,-33.146 
553,-39.224 
553,-22.224 
553,109.104 
554,-7.812 
554,-31.250 
554,-37.646 
554,-39.974 
554,-31.974 
554,108.062 
555,-6.641 
555,-9.766 
555,-30.932 
555,-23.641 
555,-35.042 
555,107.312 
556,-7.812 
556,-14.917 
556,-30.932 
556,-47.021 
556,-39.542 
556,80.312 
557,-6.641 
557,-26.562 
557,-34.000 
557,-27.229 
557,-36.083 
557,88.271 
558,-7.812 
558,-31.250 
558,-33.146 
558,-25.333 
558,-31.974 
558,108.062 
559,-7.812 
559,-18.766 
559,-26.432 
559,-48.974 
559,-28.125 
559,117.062 
560,-7.812 
560,-31.250 
560,-46.516 
560,-21.354 
560,-37.125 
560,108.062 
561,-7.812 
561,-18.766 
561,-26.432 
561,-28.141 
561,-36.474 
561,107.312 
562,-6.641 
562,-14.266 
562,-25.000 
562,-31.729 
562,-19.750 
562,100.104 
563,-6.641 
563,-18.766 
563,-7.292 
563,-30.354 
563,-37.125 
563,80.312 
564,-7.812 
564,-14.917 
564,-12.312 
564,-4.500 
564,-11.141 
564,101.146 
565,-6.641 
565,-18.766 
565,-30.932 
565,-32.641 
565,-30.542 
565,101.146 
566,-7.812 
566,-28.516 
566,-35.432 
566,-19.271 
566,-37.125 
566,107.312 
567,-7.812 
567,-14.917 
567,-12.312 
567,-37.141 
567,-30.542 
567,80.312 
568,-7.812 
568,-14.917 
568,-12.312 
568,-4.500 
568,-24.641 
568,119.146 
569,-7.812 
569,-10.417 
569,-16.812 
569,-25.333 
569,-45.474 
569,107.312 
570,-7.812 
570,-14.917 
570,-30.932 
570,-23.641 
570,-44.042 
570,80.312 
571,-6.641 
571,-18.766 
571,-12.182 
571,-13.891 
571,-7.292 
571,128.146 
572,-7.812 
572,-14.917 
572,-26.432 
572,-44.474 
572,-46.125 
572,108.062 
573,-7.812 
573,-14.917 
573,-26.432 
573,-48.974 
573,-32.625 
573,107.312 
574,-6.641 
574,-28.516 
574,-39.932 
574,-23.771 
574,-41.625 
574,99.062 
575,-6.641 
575,-18.766 
575,-37.516 
575,-48.974 
575,-32.625 
575,99.062 
576,-7.812 
576,-31.250 
576,-28.516 
576,-21.224 
576,-46.125 
576,107.312 
577,-6.641 
577,-28.516 
577,-26.432 
577,-39.974 
577,-45.474 
577,99.062 
578,-7.812 
578,-9.766 
578,-29.500 
578,-31.729 
578,-36.083 
578,88.271 
579,-6.641 
579,-18.766 
579,-16.682 
579,-28.141 
579,-11.792 
579,99.062 
580,-7.812 
580,-10.417 
580,-35.432 
580,-28.141 
580,-20.141 
580,128.146 
581,-6.641 
581,-8.854 
581,-16.292 
581,-19.271 
581,-37.125 
581,107.312 
582,-7.812 
582,-10.417 
582,-35.432 
582,-19.271 
582,-37.125 
582,107.312 
583,-6.641 
583,-9.766 
583,-33.016 
583,-25.724 
583,-37.125 
583,107.312 
584,-6.641 
584,-26.562 
584,-29.500 
584,-48.062 
584,-40.583 
584,88.271 
585,-7.812 
585,-9.766 
585,-21.182 
585,-34.724 
585,-38.557 
585,88.271 
586,-7.812 
586,-14.917 
586,-30.932 
586,-47.021 
586,-39.542 
586,101.146 
587,-6.641 
587,-18.766 
587,-12.182 
587,-23.771 
587,-20.792 
587,108.062 
588,-7.812 
588,-31.250 
588,-28.646 
588,-34.333 
588,-27.474 
588,108.062 
589,-7.812 
589,-31.250 
589,-33.146 
589,-46.167 
589,-34.057 
589,105.979 
590,-7.812 
590,-10.417 
590,-35.432 
590,-19.271 
590,-37.125 
590,107.312 
591,-7.812 
591,-10.417 
591,-7.812 
591,-19.141 
591,-24.641 
591,119.146 
592,-7.812 
592,-28.516 
592,-35.432 
592,-44.474 
592,-32.625 
592,107.312 
593,-7.812 
593,-18.766 
593,-16.682 
593,-19.141 
593,-26.042 
593,119.146 
594,-7.812 
594,-18.766 
594,-26.432 
594,-28.141 
594,-36.474 
594,107.312 
595,-7.812 
595,-31.250 
595,-28.646 
595,-57.974 
595,-28.125 
595,117.062 
596,-7.812 
596,-10.417 
596,-25.682 
596,-25.724 
596,-13.875 
596,105.979 
597,-6.641 
597,-14.266 
597,-28.516 
597,-30.354 
597,-32.625 
597,126.062 
598,-7.812 
598,-28.516 
598,-26.432 
598,-39.974 
598,-55.125 
598,80.312 
599,-7.812 
599,-10.417 
599,-33.146 
599,-44.474 
599,-31.974 
599,108.062 
600,-6.641 
600,-18.766 
600,-12.182 
600,-23.771 
600,-20.792 
600,99.062 
601,-7.812 
601,-10.417 
601,-26.432 
601,-39.974 
601,-45.474 
601,99.062 
602,-7.812 
602,-14.917 
602,-12.312 
602,-23.641 
602,-31.974 
602,99.062 
603,-7.812 
603,-9.766 
603,-33.016 
603,-30.354 
603,-41.625 
603,108.062 
604,-7.812 
604,-31.250 
604,-33.146 
604,-44.474 
604,-46.125 
604,107.312 
605,-7.812 
605,-10.417 
605,-28.646 
605,-39.974 
605,-45.474 
605,99.062 
606,-7.812 
606,-14.917 
606,-28.646 
606,-25.724 
606,-13.224 
606,126.062 
607,-7.812 
607,-18.766 
607,-26.042 
607,-47.021 
607,-39.542 
607,80.312 
608,-6.641 
608,-28.516 
608,-35.432 
608,-28.141 
608,-20.141 
608,119.146 
609,-7.812 
609,-10.417 
609,-26.432 
609,-37.271 
609,-20.792 
609,99.062 
610,-7.812 
610,-14.917 
610,-12.312 
610,-37.141 
610,-40.974 
610,80.312 
611,-6.641 
611,-18.766 
611,-26.432 
611,-48.974 
611,-28.125 
611,107.312 
612,-7.812 
612,-14.917 
612,-12.312 
612,-23.641 
612,-35.042 
612,119.146 
613,-7.812 
613,-28.516 
613,-35.042 
613,-28.271 
613,-37.125 
613,108.062 
614,-7.812 
614,-14.266 
614,-30.932 
614,-47.021 
614,-39.542 
614,101.146 
615,-7.812 
615,-31.250 
615,-33.146 
615,-48.974 
615,-40.974 
615,107.312 
616,-7.812 
616,-28.516 
616,-26.042 
616,-47.021 
616,-35.042 
616,107.312 
617,-7.812 
617,-9.766 
617,-30.932 
617,-48.974 
617,-32.625 
617,107.312 
618,-7.812 
618,-14.917 
618,-16.682 
618,-22.729 
618,-36.083 
618,88.271 
619,-7.812 
619,-14.917 
619,-12.182 
619,-28.271 
619,-20.792 
619,99.062 
620,-7.812 
620,-10.417 
620,-26.432 
620,-32.641 
620,-31.974 
620,80.312 
621,-7.812 
621,-18.766 
621,-37.516 
621,-21.354 
621,-18.375 
621,99.062 
622,-7.812 
622,-9.766 
622,-7.682 
622,-13.891 
622,-25.292 
622,99.062 
623,-6.641 
623,-9.766 
623,-26.432 
623,-47.021 
623,-35.042 
623,107.312 
624,-6.641 
624,-28.516 
624,-30.932 
624,-44.474 
624,-31.974 
624,107.312 
625,-6.641 
625,-28.516 
625,-26.042 
625,-47.021 
625,-39.542 
625,119.146 
626,-7.812 
626,-14.917 
626,-30.932 
626,-23.641 
626,-11.141 
626,119.146 
627,-7.812 
627,-10.417 
627,-25.682 
627,-25.724 
627,-31.583 
627,88.271 
628,-6.641 
628,-9.766 
628,-16.682 
628,-4.891 
628,-16.292 
628,126.062 
629,-7.812 
629,-10.417 
629,-28.646 
629,-21.224 
629,-54.083 
629,88.271 
630,-7.812 
630,-18.766 
630,-7.292 
630,-28.271 
630,-20.792 
630,108.062 
631,-6.641 
631,-9.766 
631,-26.432 
631,-32.641 
631,-27.474 
631,108.062 
632,-7.812 
632,-9.766 
632,-30.932 
632,-32.641 
632,-20.141 
632,119.146 
633,-6.641 
633,-9.766 
633,-11.792 
633,-32.771 
633,-37.125 
633,108.062 
634,-7.812 
634,-31.250 
634,-28.516 
634,-39.974 
634,-55.125 
634,99.062 
635,-7.812 
635,-14.917 
635,-30.932 
635,-47.021 
635,-39.542 
635,101.146 
636,-7.812 
636,-14.266 
636,-30.932 
636,-23.641 
636,-27.474 
636,108.062 
637,-6.641 
637,-9.766 
637,-33.016 
637,-25.724 
637,-27.375 
637,105.979 
638,-7.812 
638,-31.250 
638,-37.646 
638,-41.667 
638,-56.557 
638,88.271 
639,-7.812 
639,-9.766 
639,-16.292 
639,-19.271 
639,-37.125 
639,117.062 
640,-7.812 
640,-14.917 
640,-28.646 
640,-44.474 
640,-46.125 
640,108.062 
641,-6.641 
641,-9.766 
641,-7.682 
641,-18.521 
641,-18.375 
641,108.062 
642,-7.812 
642,-14.917 
642,-33.146 
642,-25.333 
642,-13.224 
642,100.104 
643,-7.812 
643,-10.417 
643,-28.646 
643,-48.224 
643,-9.375 
643,105.979 
644,-7.812 
644,-14.917 
644,-35.432 
644,-53.474 
644,-40.974 
644,99.062 
645,-7.812 
645,-10.417 
645,-33.146 
645,-25.724 
645,-27.375 
645,126.062 
646,-7.812 
646,-31.250 
646,-33.016 
646,-48.062 
646,-40.583 
646,109.104 
647,-6.641 
647,-8.854 
647,-16.292 
647,-19.271 
647,-37.125 
647,107.312 
648,-7.812 
648,-18.766 
648,-26.042 
648,-38.021 
648,-39.542 
648,119.146 
649,-6.641 
649,-28.516 
649,-35.432 
649,-19.271 
649,-16.292 
649,126.062 
650,-6.641 
650,-26.562 
650,-34.000 
650,-27.229 
650,-15.250 
650,109.104 
651,-6.641 
651,-28.516 
651,-35.042 
651,-28.271 
651,-26.042 
651,119.146 
652,-7.812 
652,-9.766 
652,-7.682 
652,-36.229 
652,-15.250 
652,109.104 
653,-7.812 
653,-31.250 
653,-28.516 
653,-34.724 
653,-45.083 
653,100.104 
654,-6.641 
654,-9.766 
654,-7.682 
654,-28.271 
654,-37.125 
654,107.312 
655,-7.812 
655,-28.516 
655,-39.932 
655,-53.474 
655,-40.974 
655,99.062 
656,-7.812 
656,-14.917 
656,-16.682 
656,-22.729 
656,-19.750 
656,100.104 
657,-6.641 
657,-26.562 
657,-34.000 
657,-27.229 
657,-36.083 
657,88.271 
658,-7.812 
658,-31.250 
658,-33.146 
658,-25.333 
658,-31.974 
658,108.062 
659,-7.812 
659,-10.417 
659,-33.146 
659,-39.224 
659,-13.875 
659,126.062 
660,-7.812 
660,-31.250 
660,-28.646 
660,-50.667 
660,-56.557 
660,105.979 
661,-7.812 
661,-14.917 
661,-12.182 
661,-4.891 
661,-16.292 
661,119.146 
662,-7.812 
662,-31.250 
662,-33.146 
662,-25.333 
662,-45.474 
662,126.062 
663,-7.812 
663,-10.417 
663,-7.682 
663,-30.224 
663,-45.083 
663,88.271 
664,-7.812 
664,-31.250 
664,-46.516 
664,-39.062 
664,-36.083 
664,88.271 
665,-7.812 
665,-10.417 
665,-35.432 
665,-28.141 
665,-26.042 
665,119.146 
666,-6.641 
666,-9.766 
666,-26.432 
666,-37.271 
666,-37.125 
666,99.062 
667,-6.641 
667,-18.766 
667,-26.432 
667,-28.141 
667,-30.542 
667,107.312 
668,-7.812 
668,-10.417 
668,-26.432 
668,-47.021 
668,-35.042 
668,107.312 
669,-6.641 
669,-28.516 
669,-30.932 
669,-38.021 
669,-39.542 
669,107.312 
670,-7.812 
670,-18.766 
670,-26.432 
670,-48.974 
670,-28.125 
670,117.062 
671,-7.812 
671,-10.417 
671,-26.432 
671,-37.271 
671,-37.125 
671,108.062 
672,-7.812 
672,-10.417 
672,-16.812 
672,-28.141 
672,-30.542 
672,107.312 
673,-7.812 
673,-18.766 
673,-16.682 
673,-9.391 
673,-11.141 
673,128.146 
674,-7.812 
674,-10.417 
674,-7.682 
674,-13.891 
674,-25.292 
674,101.146 
675,-7.812 
675,-18.766 
675,-28.516 
675,-25.854 
675,-22.875 
675,108.062 
676,-7.812 
676,-31.250 
676,-46.516 
676,-30.224 
676,-9.375 
676,105.979 
677,-7.812 
677,-10.417 
677,-25.682 
677,-30.224 
677,-22.224 
677,99.062 
678,-7.812 
678,-31.250 
678,-33.016 
678,-30.354 
678,-32.625 
678,126.062 
679,-7.812 
679,-14.917 
679,-16.682 
679,-13.891 
679,-22.224 
679,108.062 
680,-7.812 
680,-14.917 
680,-28.646 
680,-25.333 
680,-35.724 
680,109.104 
681,-7.812 
681,-14.917 
681,-16.682 
681,-30.224 
681,-13.875 
681,126.062 
682,-6.641 
682,-8.854 
682,-35.042 
682,-38.021 
682,-39.542 
682,119.146 
683,-7.812 
683,-10.417 
683,-35.432 
683,-28.141 
683,-36.474 
683,126.062 
684,-6.641 
684,-9.766 
684,-30.932 
684,-48.974 
684,-32.625 
684,107.312 
685,-6.641 
685,-8.854 
685,-26.042 
685,-32.771 
685,-20.792 
685,108.062 
686,-6.641 
686,-9.766 
686,-7.682 
686,-19.141 
686,-44.042 
686,119.146 
687,-7.812 
687,-14.917 
687,-26.432 
687,-23.771 
687,-20.792 
687,119.146 
688,-7.812 
688,-9.766 
688,-29.500 
688,-31.729 
688,-19.750 
688,109.104 
689,-6.641 
689,-9.766 
689,-30.932 
689,-44.474 
689,-46.125 
689,107.312 
690,-7.812 
690,-14.266 
690,-12.182 
690,-19.271 
690,-20.792 
690,126.062 
691,-7.812 
691,-9.766 
691,-26.432 
691,-47.021 
691,-35.042 
691,119.146 
692,-7.812 
692,-14.917 
692,-12.182 
692,-21.224 
692,-45.083 
692,109.104 
693,-7.812 
693,-9.766 
693,-30.932 
693,-32.641 
693,-40.974 
693,117.062 
694,-7.812 
694,-14.917 
694,-30.932 
694,-23.641 
694,-11.141 
694,101.146 
695,-7.812 
695,-18.766 
695,-16.682 
695,-25.724 
695,-43.057 
695,105.979 
696,-7.812 
696,-31.250 
696,-28.516 
696,-39.974 
696,-45.474 
696,99.062 
697,-7.812 
697,-31.250 
697,-37.646 
697,-39.974 
697,-46.125 
697,107.312 
698,-6.641 
698,-9.766 
698,-28.516 
698,-39.974 
698,-55.125 
698,99.062 
699,-7.812 
699,-10.417 
699,-28.646 
699,-21.224 
699,-36.375 
699,99.062 
700,-7.812 
700,-9.766 
700,-34.000 
700,-27.229 
700,-40.583 
700,88.271 
701,-7.812 
701,-10.417 
701,-33.146 
701,-48.974 
701,-40.974 
701,126.062 
702,-7.812 
702,-28.516 
702,-35.432 
702,-44.474 
702,-40.974 
702,126.062 
703,-7.812 
703,-28.516 
703,-35.432 
703,-44.474 
703,-32.625 
703,126.062 
704,-6.641 
704,-8.854 
704,-26.042 
704,-28.271 
704,-35.042 
704,119.146 
705,-7.812 
705,-9.766 
705,-16.292 
705,-30.354 
705,-37.125 
705,107.312 
706,-7.812 
706,-31.250 
706,-33.016 
706,-25.724 
706,-27.375 
706,126.062 
707,-6.641 
707,-9.766 
707,-26.042 
707,-47.021 
707,-39.542 
707,107.312 
708,-7.812 
708,-31.250 
708,-33.146 
708,-48.974 
708,-32.625 
708,126.062 
709,-7.812 
709,-14.917 
709,-12.312 
709,-4.500 
709,-24.641 
709,119.146 
710,-7.812 
710,-9.766 
710,-33.016 
710,-25.724 
710,-37.125 
710,126.062 
711,-6.641 
711,-8.854 
711,-11.792 
711,-32.771 
711,-20.792 
711,108.062 
712,-6.641 
712,-8.854 
712,-16.292 
712,-28.271 
712,-20.792 
712,108.062 
713,-7.812 
713,-31.250 
713,-28.516 
713,-57.062 
713,-40.583 
713,88.271 
714,-7.812 
714,-9.766 
714,-11.792 
714,-14.021 
714,-18.375 
714,126.062 
715,-6.641 
715,-8.854 
715,-35.042 
715,-38.021 
715,-35.042 
715,107.312 
716,-7.812 
716,-31.250 
716,-28.516 
716,-57.062 
716,-36.083 
716,100.104 
717,-7.812 
717,-14.917 
717,-12.312 
717,-4.891 
717,-25.292 
717,99.062 
718,-6.641 
718,-14.266 
718,-12.182 
718,-4.891 
718,-13.224 
718,99.062 
719,-7.812 
719,-10.417 
719,-28.646 
719,-50.667 
719,-56.557 
719,88.271 
720,-7.812 
720,-14.917 
720,-12.312 
720,-25.333 
720,-13.224 
720,100.104 
721,-6.641 
721,-18.766 
721,-16.682 
721,-19.271 
721,-20.792 
721,119.146 
722,-7.812 
722,-14.917 
722,-12.182 
722,-25.724 
722,-27.375 
722,117.062 
723,-7.812 
723,-14.917 
723,-28.646 
723,-25.724 
723,-37.125 
723,126.062 
724,-7.812 
724,-9.766 
724,-16.682 
724,-4.891 
724,-13.224 
724,100.104 
725,-6.641 
725,-8.854 
725,-30.542 
725,-32.771 
725,-41.625 
725,80.312 
726,-7.812 
726,-14.917 
726,-33.146 
726,-25.724 
726,-27.375 
726,117.062 
727,-7.812 
727,-18.766 
727,-37.516 
727,-48.974 
727,-32.625 
727,99.062 
728,-7.812 
728,-10.417 
728,-25.682 
728,-25.724 
728,-22.224 
728,108.062 
729,-7.812 
729,-31.250 
729,-37.646 
729,-39.224 
729,-28.125 
729,108.062 
730,-6.641 
730,-28.516 
730,-26.042 
730,-32.771 
730,-41.625 
730,107.312 
731,-7.812 
731,-28.516 
731,-26.042 
731,-47.021 
731,-39.542 
731,119.146 
732,-7.812 
732,-14.917 
732,-12.312 
732,-23.641 
732,-31.974 
732,80.312 
733,-7.812 
733,-28.516 
733,-30.932 
733,-38.021 
733,-39.542 
733,128.146 
734,-7.812 
734,-14.917 
734,-12.182 
734,-4.891 
734,-16.292 
734,119.146 
735,-7.812 
735,-31.250 
735,-33.146 
735,-25.333 
735,-13.224 
735,109.104 
736,-7.812 
736,-31.250 
736,-37.516 
736,-34.724 
736,-32.625 
736,108.062 
737,-7.812 
737,-10.417 
737,-28.646 
737,-34.333 
737,-35.724 
737,108.062 
738,-7.812 
738,-10.417 
738,-35.432 
738,-19.271 
738,-16.292 
738,128.146 
739,-6.641 
739,-18.766 
739,-25.000 
739,-27.229 
739,-40.583 
739,88.271 
740,-7.812 
740,-14.917 
740,-26.432 
740,-23.641 
740,-35.042 
740,128.146 
741,-7.812 
741,-9.766 
741,-16.292 
741,-23.771 
741,-30.542 
741,128.146 
742,-6.641 
742,-28.516 
742,-35.432 
742,-19.271 
742,-35.042 
742,107.312 
743,-7.812 
743,-28.516 
743,-35.432 
743,-28.141 
743,-36.474 
743,107.312 
744,-7.812 
744,-10.417 
744,-25.682 
744,-25.724 
744,-32.625 
744,107.312 
745,-6.641 
745,-9.766 
745,-7.682 
745,-30.224 
745,-27.375 
745,108.062 
746,-6.641 
746,-18.766 
746,-16.682 
746,-25.724 
746,-31.974 
746,107.312 
747,-6.641 
747,-9.766 
747,-30.932 
747,-32.641 
747,-11.792 
747,117.062 
748,-7.812 
748,-18.766 
748,-37.516 
748,-30.224 
748,-31.974 
748,117.062 
749,-7.812 
749,-14.917 
749,-28.646 
749,-25.724 
749,-45.083 
749,88.271 
750,-6.641 
750,-18.766 
750,-12.182 
750,-19.271 
750,-41.625 
750,108.062 
751,-6.641 
751,-9.766 
751,-7.682 
751,-18.521 
751,-18.375 
751,99.062 
752,-7.812 
752,-18.766 
752,-26.432 
752,-38.021 
752,-39.542 
752,107.312 
753,-6.641 
753,-9.766 
753,-7.682 
753,-13.891 
753,-13.224 
753,99.062 
754,-7.812 
754,-14.917 
754,-26.432 
754,-38.021 
754,-39.542 
754,107.312 
755,-6.641 
755,-14.266 
755,-12.182 
755,-21.224 
755,-34.057 
755,88.271 
756,-7.812 
756,-18.766 
756,-26.042 
756,-38.021 
756,-35.042 
756,107.312 
757,-7.812 
757,-10.417 
757,-28.646 
757,-34.333 
757,-45.474 
757,107.312 
758,-7.812 
758,-10.417 
758,-26.432 
758,-32.641 
758,-27.474 
758,107.312 
759,-7.812 
759,-28.516 
759,-26.042 
759,-28.271 
759,-20.792 
759,119.146 
760,-7.812 
760,-31.250 
760,-37.516 
760,-25.854 
760,-41.625 
760,108.062 
761,-7.812 
761,-10.417 
761,-33.146 
761,-44.474 
761,-31.974 
761,108.062 
762,-6.641 
762,-18.766 
762,-25.000 
762,-27.229 
762,-36.083 
762,88.271 
763,-7.812 
763,-18.766 
763,-16.682 
763,-30.224 
763,-27.083 
763,100.104 
764,-6.641 
764,-18.766 
764,-16.682 
764,-25.724 
764,-13.875 
764,126.062 
765,-7.812 
765,-9.766 
765,-16.292 
765,-28.271 
765,-26.042 
765,119.146 
766,-6.641 
766,-14.266 
766,-30.932 
766,-28.271 
766,-37.125 
766,108.062 
767,-6.641 
767,-8.854 
767,-35.042 
767,-28.271 
767,-20.792 
767,119.146 
768,-7.812 
768,-10.417 
768,-7.812 
768,-19.141 
768,-40.974 
768,108.062 
769,-7.812 
769,-18.766 
769,-16.682 
769,-9.391 
769,-20.141 
769,101.146 
770,-7.812 
770,-31.250 
770,-37.516 
770,-43.562 
770,-40.583 
770,109.104 
771,-7.812 
771,-28.516 
771,-30.932 
771,-44.474 
771,-46.125 
771,107.312 
772,-7.812 
772,-18.766 
772,-28.516 
772,-34.724 
772,-31.974 
772,107.312 
773,-6.641 
773,-9.766 
773,-7.682 
773,-21.224 
773,-43.057 
773,88.271 
774,-7.812 
774,-10.417 
774,-7.812 
774,-19.141 
774,-44.042 
774,119.146 
775,-7.812 
775,-18.766 
775,-7.292 
775,-28.271 
775,-16.292 
775,101.146 
776,-6.641 
776,-18.766 
776,-37.516 
776,-39.974 
776,-28.125 
776,117.062 
777,-6.641 
777,-9.766 
777,-7.682 
777,-21.224 
777,-36.375 
777,105.979 
778,-7.812 
778,-14.917 
778,-16.682 
778,-23.641 
778,-26.042 
778,128.146 
779,-7.812 
779,-9.766 
779,-33.016 
779,-48.062 
779,-40.583 
779,88.271 
780,-7.812 
780,-10.417 
780,-7.812 
780,-29.833 
780,-45.474 
780,107.312 
781,-7.812 
781,-31.250 
781,-33.146 
781,-48.974 
781,-40.974 
781,126.062 
782,-7.812 
782,-9.766 
782,-7.682 
782,-0.391 
782,-20.141 
782,128.146 
783,-7.812 
783,-10.417 
783,-26.432 
783,-19.141 
783,-24.641 
783,101.146 
784,-7.812 
784,-28.516 
784,-26.042 
784,-28.271 
784,-20.792 
784,119.146 
785,-7.812 
785,-31.250 
785,-46.516 
785,-21.354 
785,-28.125 
785,107.312 
786,-6.641 
786,-14.266 
786,-30.932 
786,-39.974 
786,-31.974 
786,108.062 
787,-7.812 
787,-14.917 
787,-12.182 
787,-21.224 
787,-37.125 
787,126.062 
788,-6.641 
788,-28.516 
788,-30.932 
788,-32.641 
788,-11.792 
788,117.062 
789,-7.812 
789,-14.917 
789,-16.682 
789,-13.891 
789,-22.224 
789,100.104 
790,-7.812 
790,-9.766 
790,-26.432 
790,-37.271 
790,-37.125 
790,99.062 
791,-7.812 
791,-14.917 
791,-12.312 
791,-28.141 
791,-11.792 
791,119.146 
792,-7.812 
792,-10.417 
792,-16.812 
792,-23.641 
792,-35.042 
792,107.312 
793,-7.812 
793,-31.250 
793,-28.646 
793,-39.974 
793,-55.125 
793,99.062 
794,-6.641 
794,-28.516 
794,-35.432 
794,-38.021 
794,-35.042 
794,119.146 
795,-7.812 
795,-10.417 
795,-33.146 
795,-25.333 
795,-45.474 
795,107.312 
796,-7.812 
796,-10.417 
796,-35.432 
796,-28.141 
796,-30.542 
796,119.146 
797,-6.641 
797,-18.766 
797,-12.182 
797,-34.724 
797,-28.125 
797,107.312 
798,-7.812 
798,-10.417 
798,-25.682 
798,-9.391 
798,-22.224 
798,99.062 
799,-7.812 
799,-14.917 
799,-12.312 
799,-25.333 
799,-27.474 
799,108.062 
800,-7.812 
800,-14.917 
800,-33.146 
800,-39.974 
800,-31.974 
800,108.062 
801,-6.641 
801,-26.562 
801,-29.500 
801,-48.062 
801,-40.583 
801,109.104 
802,-7.812 
802,-14.917 
802,-12.312 
802,-28.141 
802,-40.974 
802,117.062 
803,-7.812 
803,-31.250 
803,-37.516 
803,-34.724 
803,-31.583 
803,109.104 
804,-7.812 
804,-14.266 
804,-7.292 
804,-14.021 
804,-18.375 
804,126.062 
805,-6.641 
805,-28.516 
805,-35.432 
805,-44.474 
805,-40.974 
805,126.062 
806,-7.812 
806,-18.766 
806,-26.042 
806,-28.271 
806,-20.792 
806,99.062 
807,-7.812 
807,-9.766 
807,-16.682 
807,-19.271 
807,-37.125 
807,107.312 
808,-7.812 
808,-31.250 
808,-28.646 
808,-57.974 
808,-28.125 
808,107.312 
809,-7.812 
809,-31.250 
809,-46.516 
809,-30.224 
809,-22.224 
809,99.062 
810,-7.812 
810,-28.516 
810,-26.042 
810,-42.521 
810,-39.542 
810,128.146 
811,-7.812 
811,-10.417 
811,-26.432 
811,-32.641 
811,-35.042 
811,119.146 
812,-6.641 
812,-9.766 
812,-34.000 
812,-48.062 
812,-36.083 
812,88.271 
813,-7.812 
813,-10.417 
813,-16.812 
813,-19.141 
813,-35.042 
813,107.312 
814,-7.812 
814,-14.917 
814,-33.146 
814,-25.333 
814,-13.224 
814,100.104 
815,-6.641 
815,-28.516 
815,-35.432 
815,-38.021 
815,-39.542 
815,119.146 
816,-7.812 
816,-14.917 
816,-33.146 
816,-25.333 
816,-27.474 
816,108.062 
817,-6.641 
817,-8.854 
817,-26.042 
817,-47.021 
817,-39.542 
817,107.312 
818,-6.641 
818,-18.766 
818,-16.682 
818,-19.271 
818,-39.542 
818,101.146 
819,-7.812 
819,-9.766 
819,-30.932 
819,-23.771 
819,-39.542 
819,107.312 
820,-7.812 
820,-14.917 
820,-16.682 
820,-22.729 
820,-40.583 
820,88.271 
821,-6.641 
821,-9.766 
821,-16.292 
821,-28.271 
821,-20.792 
821,99.062 
822,-7.812 
822,-18.766 
822,-7.292 
822,-28.271 
822,-37.125 
822,99.062 
823,-7.812 
823,-9.766 
823,-26.432 
823,-37.271 
823,-26.042 
823,107.312 
824,-6.641 
824,-9.766 
824,-30.932 
824,-23.771 
824,-20.792 
824,126.062 
825,-7.812 
825,-28.516 
825,-30.932 
825,-38.021 
825,-39.542 
825,128.146 
826,-6.641 
826,-28.516 
826,-26.432 
826,-48.974 
826,-46.125 
826,107.312 
827,-7.812 
827,-10.417 
827,-16.812 
827,-25.333 
827,-54.474 
827,99.062 
828,-7.812 
828,-9.766 
828,-26.432 
828,-37.271 
828,-20.792 
828,99.062 
829,-7.812 
829,-31.250 
829,-37.516 
829,-43.562 
829,-40.583 
829,109.104 
830,-6.641 
830,-18.766 
830,-30.932 
830,-32.641 
830,-40.974 
830,99.062 
831,-7.812 
831,-18.766 
831,-30.932 
831,-23.771 
831,-39.542 
831,101.146 
832,-6.641 
832,-18.766 
832,-16.682 
832,-19.271 
832,-16.292 
832,108.062 
833,-6.641 
833,-9.766 
833,-16.292 
833,-28.271 
833,-20.792 
833,108.062 
834,-6.641 
834,-8.854 
834,-30.542 
834,-51.521 
834,-39.542 
834,101.146 
835,-6.641 
835,-18.766 
835,-16.682 
835,-19.271 
835,-37.125 
835,107.312 
836,-7.812 
836,-28.516 
836,-39.932 
836,-23.771 
836,-20.792 
836,101.146 
837,-7.812 
837,-9.766 
837,-16.682 
837,-23.641 
837,-27.474 
837,107.312 
838,-7.812 
838,-18.766 
838,-7.292 
838,-28.271 
838,-37.125 
838,108.062 
839,-7.812 
839,-28.516 
839,-35.042 
839,-28.271 
839,-37.125 
839,108.062 
840,-7.812 
840,-10.417 
840,-33.146 
840,-39.224 
840,-22.224 
840,108.062 
841,-7.812 
841,-10.417 
841,-35.432 
841,-48.974 
841,-40.974 
841,107.312 
842,-6.641 
842,-18.766 
842,-26.042 
842,-28.271 
842,-26.042 
842,107.312 
843,-6.641 
843,-9.766 
843,-34.000 
843,-48.062 
843,-36.083 
843,88.271 
844,-7.812 
844,-10.417 
844,-16.812 
844,-28.141 
844,-36.474 
844,126.062 
845,-7.812 
845,-9.766 
845,-30.932 
845,-32.641 
845,-30.542 
845,119.146 
846,-7.812 
846,-14.917 
846,-16.682 
846,-23.771 
846,-37.125 
846,107.312 
847,-7.812 
847,-9.766 
847,-21.182 
847,-13.891 
847,-22.224 
847,108.062 
848,-7.812 
848,-9.766 
848,-37.516 
848,-34.724 
848,-43.057 
848,88.271 
849,-7.812 
849,-10.417 
849,-33.146 
849,-25.724 
849,-13.224 
849,109.104 
850,-7.812 
850,-10.417 
850,-26.432 
850,-39.974 
850,-45.474 
850,99.062 
851,-7.812 
851,-10.417 
851,-7.812 
851,-27.391 
851,-17.724 
851,108.062 
852,-7.812 
852,-14.917 
852,-12.312 
852,-4.891 
852,-25.292 
852,101.146 
853,-7.812 
853,-9.766 
853,-26.432 
853,-19.141 
853,-34.292 
853,101.146 
854,-7.812 
854,-9.766 
854,-29.500 
854,-31.729 
854,-40.583 
854,88.271 
855,-6.641 
855,-9.766 
855,-33.016 
855,-25.724 
855,-31.974 
855,107.312 
856,-6.641 
856,-9.766 
856,-30.932 
856,-23.641 
856,-31.974 
856,108.062 
857,-7.812 
857,-14.266 
857,-30.932 
857,-23.641 
857,-44.042 
857,80.312 
858,-7.812 
858,-31.250 
858,-37.516 
858,-34.724 
858,-43.057 
858,105.979 
859,-7.812 
859,-31.250 
859,-28.516 
859,-48.974 
859,-46.125 
859,107.312 
860,-6.641 
860,-18.766 
860,-28.516 
860,-34.724 
860,-32.625 
860,108.062 
861,-6.641 
861,-8.854 
861,-11.792 
861,-32.771 
861,-20.792 
861,108.062 
862,-7.812 
862,-10.417 
862,-7.682 
862,-36.229 
862,-36.083 
862,109.104 
863,-7.812 
863,-31.250 
863,-37.646 
863,-39.974 
863,-31.974 
863,107.312 
864,-7.812 
864,-9.766 
864,-16.292 
864,-30.354 
864,-37.125 
864,99.062 
865,-7.812 
865,-14.917 
865,-12.312 
865,-25.333 
865,-35.724 
865,108.062 
866,-6.641 
866,-9.766 
866,-16.292 
866,-25.854 
866,-22.875 
866,126.062 
867,-7.812 
867,-14.917 
867,-16.682 
867,-19.271 
867,-20.792 
867,128.146 
868,-7.812 
868,-31.250 
868,-33.146 
868,-46.167 
868,-56.557 
868,88.271 
869,-7.812 
869,-10.417 
869,-28.646 
869,-57.974 
869,-28.125 
869,107.312 
870,-7.812 
870,-9.766 
870,-7.682 
870,-30.224 
870,-31.974 
870,107.312 
871,-7.812 
871,-31.250 
871,-33.146 
871,-25.333 
871,-45.474 
871,126.062 
872,-7.812 
872,-14.917 
872,-16.682 
872,-34.724 
872,-22.224 
872,100.104 
873,-6.641 
873,-28.516 
873,-30.542 
873,-32.771 
873,-41.625 
873,80.312 
874,-7.812 
874,-10.417 
874,-35.432 
874,-48.974 
874,-28.125 
874,117.062 
875,-6.641 
875,-9.766 
875,-33.016 
875,-44.474 
875,-46.125 
875,107.312 
876,-7.812 
876,-18.766 
876,-7.292 
876,-23.771 
876,-20.792 
876,108.062 
877,-6.641 
877,-28.516 
877,-30.542 
877,-51.521 
877,-39.542 
877,101.146 
878,-6.641 
878,-8.854 
878,-35.042 
878,-28.271 
878,-20.792 
878,119.146 
879,-7.812 
879,-14.917 
879,-30.932 
879,-28.271 
879,-37.125 
879,107.312 
880,-7.812 
880,-9.766 
880,-26.432 
880,-48.974 
880,-46.125 
880,107.312 
881,-7.812 
881,-14.917 
881,-28.646 
881,-44.474 
881,-46.125 
881,108.062 
882,-7.812 
882,-31.250 
882,-33.146 
882,-48.974 
882,-40.974 
882,126.062 
883,-7.812 
883,-10.417 
883,-16.812 
883,-37.141 
883,-40.974 
883,99.062 
884,-6.641 
884,-9.766 
884,-16.292 
884,-28.271 
884,-39.542 
884,80.312 
885,-7.812 
885,-14.266 
885,-28.516 
885,-44.474 
885,-31.974 
885,107.312 
886,-6.641 
886,-9.766 
886,-7.682 
886,-28.271 
886,-20.792 
886,119.146 
887,-7.812 
887,-10.417 
887,-33.146 
887,-44.474 
887,-31.974 
887,107.312 
888,-7.812 
888,-9.766 
888,-26.432 
888,-47.021 
888,-35.042 
888,119.146 
889,-6.641 
889,-9.766 
889,-21.182 
889,-23.771 
889,-20.792 
889,119.146 
890,-6.641 
890,-8.854 
890,-30.542 
890,-51.521 
890,-39.542 
890,80.312 
891,-6.641 
891,-28.516 
891,-30.932 
891,-44.474 
891,-46.125 
891,107.312 
892,-6.641 
892,-14.266 
892,-28.516 
892,-30.354 
892,-22.875 
892,126.062 
893,-6.641 
893,-14.266 
893,-30.932 
893,-47.021 
893,-39.542 
893,101.146 
894,-7.812 
894,-18.766 
894,-7.292 
894,-25.854 
894,-22.875 
894,126.062 
895,-7.812 
895,-9.766 
895,-7.682 
895,-28.271 
895,-37.125 
895,117.062 
896,-7.812 
896,-9.766 
896,-28.516 
896,-39.974 
896,-45.474 
896,80.312 
897,-7.812 
897,-14.917 
897,-12.182 
897,-25.724 
897,-29.557 
897,105.979 
898,-7.812 
898,-14.917 
898,-12.312 
898,-23.641 
898,-25.292 
898,119.146 
899,-7.812 
899,-10.417 
899,-26.432 
899,-19.141 
899,-44.042 
899,119.146 
900,-7.812 
900,-28.516 
900,-35.432 
900,-28.141 
900,-7.292 
900,128.146 
901,-7.812 
901,-10.417 
901,-25.682 
901,-0.521 
901,-7.292 
901,128.146 
902,-7.812 
902,-10.417 
902,-35.432 
902,-28.141 
902,-36.474 
902,107.312 
903,-6.641 
903,-9.766 
903,-26.432 
903,-48.974 
903,-46.125 
903,108.062 
904,-7.812 
904,-10.417 
904,-33.146 
904,-25.333 
904,-45.474 
904,126.062 
905,-6.641 
905,-18.766 
905,-16.682 
905,-9.391 
905,-10.750 
905,100.104 
906,-7.812 
906,-10.417 
906,-7.812 
906,-29.833 
906,-13.224 
906,109.104 
907,-7.812 
907,-9.766 
907,-26.432 
907,-48.974 
907,-31.974 
907,108.062 
908,-7.812 
908,-14.917 
908,-28.646 
908,-48.974 
908,-40.974 
908,107.312 
909,-7.812 
909,-10.417 
909,-16.812 
909,-19.141 
909,-11.141 
909,128.146 
910,-6.641 
910,-9.766 
910,-26.432 
910,-32.641 
910,-35.042 
910,107.312 
911,-6.641 
911,-8.854 
911,-26.042 
911,-28.271 
911,-35.042 
911,107.312 
912,-6.641 
912,-14.266 
912,-12.182 
912,-4.891 
912,-16.292 
912,117.062 
913,-6.641 
913,-9.766 
913,-30.932 
913,-28.271 
913,-30.542 
913,107.312 
914,-7.812 
914,-9.766 
914,-21.182 
914,-22.729 
914,-40.583 
914,88.271 
915,-6.641 
915,-9.766 
915,-16.682 
915,-28.271 
915,-20.792 
915,99.062 
916,-6.641 
916,-9.766 
916,-33.016 
916,-48.062 
916,-40.583 
916,88.271 
917,-6.641 
917,-26.562 
917,-29.500 
917,-48.062 
917,-40.583 
917,109.104 
918,-6.641 
918,-9.766 
918,-16.292 
918,-9.521 
918,-18.375 
918,108.062 
919,-6.641 
919,-8.854 
919,-35.042 
919,-28.271 
919,-37.125 
919,108.062 
920,-7.812 
920,-31.250 
920,-33.146 
920,-44.474 
920,-46.125 
920,108.062 
921,-7.812 
921,-10.417 
921,-28.646 
921,-34.333 
921,-45.474 
921,117.062 
922,-7.812 
922,-28.516 
922,-30.932 
922,-23.641 
922,-11.141 
922,128.146 
923,-7.812 
923,-14.917 
923,-16.682 
923,-19.271 
923,-20.792 
923,108.062 
924,-7.812 
924,-31.250 
924,-46.516 
924,-39.062 
924,-40.583 
924,88.271 
925,-7.812 
925,-10.417 
925,-7.682 
925,-36.229 
925,-19.750 
925,100.104 
926,-6.641 
926,-9.766 
926,-7.682 
926,-28.141 
926,-31.974 
926,107.312 
927,-7.812 
927,-9.766 
927,-33.016 
927,-25.724 
927,-31.974 
927,108.062 
928,-6.641 
928,-9.766 
928,-28.516 
928,-21.224 
928,-40.974 
928,107.312 
929,-7.812 
929,-18.766 
929,-37.516 
929,-39.062 
929,-36.083 
929,88.271 
930,-7.812 
930,-18.766 
930,-25.000 
930,-43.562 
930,-40.583 
930,109.104 
931,-6.641 
931,-28.516 
931,-35.432 
931,-47.021 
931,-39.542 
931,80.312 
932,-6.641 
932,-14.266 
932,-12.182 
932,-21.224 
932,-45.083 
932,88.271 
933,-6.641 
933,-8.854 
933,-35.042 
933,-38.021 
933,-35.042 
933,119.146 
934,-7.812 
934,-28.516 
934,-35.432 
934,-23.641 
934,-31.974 
934,80.312 
935,-7.812 
935,-9.766 
935,-21.182 
935,-30.224 
935,-31.974 
935,126.062 
936,-7.812 
936,-10.417 
936,-25.682 
936,-18.229 
936,-36.083 
936,109.104 
937,-7.812 
937,-10.417 
937,-16.812 
937,-25.333 
937,-13.224 
937,100.104 
938,-6.641 
938,-9.766 
938,-34.000 
938,-27.229 
938,-36.083 
938,88.271 
939,-7.812 
939,-31.250 
939,-46.516 
939,-30.224 
939,-9.375 
939,105.979 
940,-7.812 
940,-10.417 
940,-7.812 
940,-19.141 
940,-24.641 
940,119.146 
941,-6.641 
941,-18.766 
941,-7.292 
941,-19.271 
941,-20.792 
941,126.062 
942,-7.812 
942,-18.766 
942,-26.042 
942,-28.271 
942,-37.125 
942,108.062 
943,-7.812 
943,-9.766 
943,-16.682 
943,-4.891 
943,-8.724 
943,126.062 
944,-7.812 
944,-10.417 
944,-16.812 
944,-28.141 
944,-36.474 
944,126.062 
945,-7.812 
945,-14.266 
945,-30.932 
945,-28.271 
945,-20.792 
945,119.146 
946,-7.812 
946,-14.917 
946,-28.646 
946,-25.724 
946,-27.375 
946,126.062 
947,-7.812 
947,-14.266 
947,-28.516 
947,-25.724 
947,-45.083 
947,88.271 
948,-7.812 
948,-18.766 
948,-16.682 
948,-30.224 
948,-40.974 
948,80.312 
949,-7.812 
949,-14.917 
949,-35.432 
949,-32.641 
949,-30.542 
949,80.312 
950,-7.812 
950,-10.417 
950,-33.146 
950,-46.167 
950,-56.557 
950,88.271 
951,-6.641 
951,-18.766 
951,-37.516 
951,-21.354 
951,-28.125 
951,117.062 
952,-7.812 
952,-14.917 
952,-12.182 
952,-23.641 
952,-25.292 
952,99.062 
953,-7.812 
953,-31.250 
953,-28.516 
953,-39.974 
953,-45.474 
953,80.312 
954,-7.812 
954,-9.766 
954,-16.682 
954,-9.521 
954,-18.375 
954,108.062 
955,-6.641 
955,-18.766 
955,-26.432 
955,-19.271 
955,-16.292 
955,126.062 
956,-7.812 
956,-18.766 
956,-37.516 
956,-30.224 
956,-22.224 
956,108.062 
957,-7.812 
957,-18.766 
957,-16.682 
957,-25.724 
957,-31.974 
957,107.312 
958,-6.641 
958,-9.766 
958,-16.292 
958,-23.771 
958,-41.625 
958,107.312 
959,-6.641 
959,-9.766 
959,-7.682 
959,-28.141 
959,-31.974 
959,108.062 
960,-6.641 
960,-14.266 
960,-12.182 
960,-27.229 
960,-40.583 
960,100.104 
961,-7.812 
961,-28.516 
961,-26.432 
961,-32.641 
961,-11.141 
961,119.146 
962,-7.812 
962,-9.766 
962,-26.432 
962,-32.641 
962,-31.974 
962,99.062 
963,-7.812 
963,-9.766 
963,-7.682 
963,-13.891 
963,-13.224 
963,99.062 
964,-6.641 
964,-26.562 
964,-34.000 
964,-48.062 
964,-40.583 
964,88.271 
965,-7.812 
965,-18.766 
965,-16.682 
965,-19.271 
965,-16.292 
965,108.062 
966,-7.812 
966,-18.766 
966,-16.682 
966,-0.521 
966,-18.375 
966,105.979 
967,-6.641 
967,-8.854 
967,-11.792 
967,-14.021 
967,-18.375 
967,126.062 
968,-6.641 
968,-9.766 
968,-34.000 
968,-27.229 
968,-40.583 
968,88.271 
969,-7.812 
969,-14.917 
969,-28.646 
969,-25.333 
969,-35.724 
969,108.062 
970,-7.812 
970,-14.917 
970,-28.646 
970,-48.974 
970,-40.974 
970,126.062 
971,-7.812 
971,-18.766 
971,-25.000 
971,-27.229 
971,-36.083 
971,109.104 
972,-6.641 
972,-18.766 
972,-25.000 
972,-27.229 
972,-36.083 
972,100.104 
973,-7.812 
973,-9.766 
973,-7.682 
973,-28.271 
973,-37.125 
973,107.312 
974,-7.812 
974,-31.250 
974,-33.016 
974,-25.724 
974,-31.974 
974,107.312 
975,-6.641 
975,-9.766 
975,-33.016 
975,-30.354 
975,-32.625 
975,107.312 
976,-6.641 
976,-28.516 
976,-35.432 
976,-39.974 
976,-46.125 
976,108.062 
977,-7.812 
977,-14.917 
977,-12.312 
977,-25.333 
977,-54.474 
977,99.062 
978,-6.641 
978,-9.766 
978,-26.432 
978,-39.974 
978,-55.125 
978,80.312 
979,-6.641 
979,-18.766 
979,-7.292 
979,-19.271 
979,-37.125 
979,107.312 
980,-6.641 
980,-9.766 
980,-30.932 
980,-32.641 
980,-30.542 
980,107.312 
981,-6.641 
981,-26.562 
981,-34.000 
981,-27.229 
981,-36.083 
981,88.271 
982,-6.641 
982,-14.266 
982,-30.932 
982,-23.641 
982,-11.141 
982,119.146 
983,-7.812 
983,-31.250 
983,-33.146 
983,-25.724 
983,-45.083 
983,88.271 
984,-6.641 
984,-26.562 
984,-34.000 
984,-48.062 
984,-40.583 
984,88.271 
985,-7.812 
985,-10.417 
985,-35.432 
985,-28.141 
985,-26.042 
985,119.146 
986,-7.812 
986,-18.766 
986,-7.292 
986,-25.854 
986,-41.625 
986,108.062 
987,-7.812 
987,-9.766 
987,-28.516 
987,-48.974 
987,-31.974 
987,107.312 
988,-7.812 
988,-31.250 
988,-37.646 
988,-39.974 
988,-46.125 
988,108.062 
989,-6.641 
989,-18.766 
989,-16.682 
989,-9.391 
989,-22.224 
989,100.104 
990,-7.812 
990,-31.250 
990,-33.146 
990,-25.333 
990,-45.474 
990,107.312 
991,-7.812 
991,-18.766 
991,-37.516 
991,-30.224 
991,-38.557 
991,88.271 
992,-7.812 
992,-31.250 
992,-28.646 
992,-21.224 
992,-26.724 
992,117.062 
993,-6.641 
993,-28.516 
993,-26.042 
993,-28.271 
993,-39.542 
993,107.312 
994,-6.641 
994,-18.766 
994,-25.000 
994,-27.229 
994,-40.583 
994,88.271 
995,-7.812 
995,-9.766 
995,-7.682 
995,-28.271 
995,-35.042 
995,119.146 
996,-7.812 
996,-14.917 
996,-12.182 
996,-21.224 
996,-31.974 
996,108.062 
997,-7.812 
997,-18.766 
997,-28.516 
997,-43.562 
997,-40.583 
997,109.104 
998,-7.812 
998,-10.417 
998,-7.682 
998,-36.229 
998,-36.083 
998,109.104 
999,-6.641 
999,-28.516 
999,-35.432 
999,-28.141 
999,-30.542 
999,119.146 
1000,-7.812 
1000,-10.417 
1000,-28.646 
1000,-21.224 
1000,-43.057 
1000,105.979 
1001,-7.812 
1001,-14.917 
1001,-12.182 
1001,-28.271 
1001,-20.792 
1001,99.062 
1002,-7.812 
1002,-18.766 
1002,-26.432 
1002,-19.271 
1002,-35.042 
1002,119.146 
1003,-7.812 
1003,-31.250 
1003,-33.016 
1003,-48.062 
1003,-40.583 
1003,109.104 
1004,-7.812 
1004,-14.266 
1004,-28.516 
1004,-30.354 
1004,-22.875 
1004,105.979 
1005,-6.641 
1005,-9.766 
1005,-28.516 
1005,-57.062 
1005,-40.583 
1005,88.271 
1006,-6.641 
1006,-18.766 
1006,-37.516 
1006,-39.974 
1006,-40.974 
1006,107.312 
1007,-7.812 
1007,-10.417 
1007,-25.682 
1007,-28.141 
1007,-11.792 
1007,99.062 
1008,-7.812 
1008,-14.917 
1008,-33.146 
1008,-39.974 
1008,-31.974 
1008,108.062 
1009,-7.812 
1009,-31.250 
1009,-28.646 
1009,-57.974 
1009,-28.125 
1009,107.312 
1010,-7.812 
1010,-14.917 
1010,-12.312 
1010,-23.641 
1010,-27.474 
1010,108.062 
1011,-7.812 
1011,-10.417 
1011,-7.812 
1011,-0.391 
1011,-25.292 
1011,128.146 
1012,-6.641 
1012,-8.854 
1012,-11.792 
1012,-32.771 
1012,-20.792 
1012,119.146 
1013,-6.641 
1013,-18.766 
1013,-28.516 
1013,-25.854 
1013,-22.875 
1013,108.062 
1014,-6.641 
1014,-8.854 
1014,-26.042 
1014,-28.271 
1014,-37.125 
1014,107.312 
1015,-6.641 
1015,-9.766 
1015,-33.016 
1015,-25.724 
1015,-45.083 
1015,109.104 
1016,-7.812 
1016,-10.417 
1016,-16.812 
1016,-18.391 
1016,-22.224 
1016,100.104 
1017,-7.812 
1017,-9.766 
1017,-16.292 
1017,-25.854 
1017,-41.625 
1017,108.062 
1018,-6.641 
1018,-9.766 
1018,-7.682 
1018,-18.521 
1018,-18.375 
1018,105.979 
1019,-7.812 
1019,-31.250 
1019,-33.146 
1019,-44.474 
1019,-31.974 
1019,107.312 
1020,-7.812 
1020,-9.766 
1020,-16.682 
1020,-23.641 
1020,-31.974 
1020,99.062 
1021,-6.641 
1021,-8.854 
1021,-16.292 
1021,-28.271 
1021,-16.292 
1021,108.062 
1022,-7.812 
1022,-31.250 
1022,-33.146 
1022,-25.724 
1022,-27.375 
1022,108.062 
1023,-7.812 
1023,-9.766 
1023,-26.042 
1023,-47.021 
1023,-35.042 
1023,119.146 
1024,-6.641 
1024,-26.562 
1024,-34.000 
1024,-27.229 
1024,-40.583 
1024,88.271 
1025,-7.812 
1025,-9.766 
1025,-37.516 
1025,-34.724 
1025,-22.224 
1025,109.104 
1026,-7.812 
1026,-10.417 
1026,-16.812 
1026,-4.891 
1026,-16.292 
1026,117.062 
1027,-6.641 
1027,-9.766 
1027,-16.292 
1027,-19.271 
1027,-20.792 
1027,117.062 
1028,-7.812 
1028,-9.766 
1028,-7.682 
1028,-30.224 
1028,-27.375 
1028,126.062 
1029,-7.812 
1029,-28.516 
1029,-35.432 
1029,-44.474 
1029,-40.974 
1029,107.312 
1030,-7.812 
1030,-14.917 
1030,-35.432 
1030,-42.521 
1030,-39.542 
1030,101.146 
1031,-6.641 
1031,-9.766 
1031,-30.932 
1031,-23.641 
1031,-35.042 
1031,128.146 
1032,-6.641 
1032,-8.854 
1032,-16.292 
1032,-28.271 
1032,-37.125 
1032,80.312 
1033,-6.641 
1033,-8.854 
1033,-26.042 
1033,-28.271 
1033,-35.042 
1033,119.146 
1034,-7.812 
1034,-9.766 
1034,-37.516 
1034,-44.474 
1034,-32.625 
1034,107.312 
1035,-7.812 
1035,-14.266 
1035,-25.000 
1035,-31.729 
1035,-19.750 
1035,100.104 
1036,-7.812 
1036,-31.250 
1036,-33.146 
1036,-46.167 
1036,-56.557 
1036,88.271 
1037,-6.641 
1037,-18.766 
1037,-25.000 
1037,-27.229 
1037,-40.583 
1037,100.104 
1038,-7.812 
1038,-31.250 
1038,-28.646 
1038,-50.667 
1038,-34.057 
1038,88.271 
1039,-7.812 
1039,-18.766 
1039,-7.292 
1039,-23.771 
1039,-30.542 
1039,107.312 
1040,-6.641 
1040,-18.766 
1040,-16.682 
1040,-30.224 
1040,-40.974 
1040,80.312 
1041,-6.641 
1041,-28.516 
1041,-35.432 
1041,-47.021 
1041,-39.542 
1041,101.146 
1042,-7.812 
1042,-31.250 
1042,-33.146 
1042,-39.224 
1042,-32.625 
1042,107.312 
1043,-7.812 
1043,-9.766 
1043,-26.432 
1043,-19.141 
1043,-24.641 
1043,119.146 
1044,-7.812 
1044,-10.417 
1044,-7.812 
1044,-37.141 
1044,-26.042 
1044,107.312 
1045,-7.812 
1045,-10.417 
1045,-28.646 
1045,-34.333 
1045,-27.474 
1045,107.312 
1046,-6.641 
1046,-28.516 
1046,-30.932 
1046,-32.641 
1046,-26.042 
1046,107.312 
1047,-7.812 
1047,-14.266 
1047,-12.182 
1047,-4.891 
1047,-16.292 
1047,126.062 
1048,-7.812 
1048,-28.516 
1048,-30.932 
1048,-32.641 
1048,-11.792 
1048,117.062 
1049,-6.641 
1049,-28.516 
1049,-35.432 
1049,-39.974 
1049,-31.974 
1049,107.312 
1050,-7.812 
1050,-14.917 
1050,-28.646 
1050,-46.167 
1050,-34.057 
1050,105.979 
1051,-6.641 
1051,-18.766 
1051,-25.000 
1051,-48.062 
1051,-40.583 
1051,100.104 
1052,-6.641 
1052,-18.766 
1052,-7.292 
1052,-30.354 
1052,-37.125 
1052,99.062 
1053,-7.812 
1053,-28.516 
1053,-26.432 
1053,-37.271 
1053,-37.125 
1053,80.312 
1054,-7.812 
1054,-14.917 
1054,-30.932 
1054,-23.641 
1054,-11.141 
1054,119.146 
1055,-7.812 
1055,-10.417 
1055,-26.432 
1055,-19.141 
1055,-44.042 
1055,119.146 
1056,-6.641 
1056,-9.766 
1056,-30.932 
1056,-23.771 
1056,-37.125 
1056,126.062 
1057,-7.812 
1057,-14.266 
1057,-12.182 
1057,-21.224 
1057,-13.224 
1057,109.104 
1058,-6.641 
1058,-26.562 
1058,-29.500 
1058,-48.062 
1058,-40.583 
1058,88.271 
1059,-7.812 
1059,-31.250 
1059,-33.146 
1059,-25.333 
1059,-31.974 
1059,108.062 
1060,-6.641 
1060,-8.854 
1060,-11.792 
1060,-30.354 
1060,-41.625 
1060,107.312 
1061,-7.812 
1061,-18.766 
1061,-28.516 
1061,-25.854 
1061,-32.625 
1061,126.062 
1062,-7.812 
1062,-31.250 
1062,-33.146 
1062,-46.167 
1062,-56.557 
1062,88.271 
1063,-7.812 
1063,-14.917 
1063,-12.182 
1063,-23.641 
1063,-31.974 
1063,99.062 
1064,-7.812 
1064,-28.516 
1064,-30.932 
1064,-23.641 
1064,-31.974 
1064,107.312 
1065,-7.812 
1065,-9.766 
1065,-26.042 
1065,-28.271 
1065,-35.042 
1065,119.146 
1066,-7.812 
1066,-18.766 
1066,-28.516 
1066,-34.724 
1066,-32.625 
1066,108.062 
1067,-6.641 
1067,-9.766 
1067,-30.932 
1067,-28.271 
1067,-20.792 
1067,108.062 
1068,-7.812 
1068,-10.417 
1068,-26.432 
1068,-39.974 
1068,-45.474 
1068,99.062 
1069,-7.812 
1069,-31.250 
1069,-46.516 
1069,-21.354 
1069,-41.625 
1069,80.312 
1070,-7.812 
1070,-10.417 
1070,-26.432 
1070,-47.021 
1070,-35.042 
1070,119.146 
1071,-6.641 
1071,-18.766 
1071,-16.682 
1071,-9.391 
1071,-22.224 
1071,100.104 
1072,-6.641 
1072,-18.766 
1072,-7.292 
1072,-23.771 
1072,-41.625 
1072,107.312 
1073,-6.641 
1073,-18.766 
1073,-26.042 
1073,-28.271 
1073,-20.792 
1073,119.146 
1074,-7.812 
1074,-14.917 
1074,-26.432 
1074,-23.771 
1074,-39.542 
1074,107.312 
1075,-7.812 
1075,-31.250 
1075,-33.016 
1075,-25.724 
1075,-31.974 
1075,108.062 
1076,-7.812 
1076,-10.417 
1076,-7.682 
1076,-28.271 
1076,-35.042 
1076,107.312 
1077,-7.812 
1077,-14.266 
1077,-28.516 
1077,-30.354 
1077,-32.625 
1077,107.312 
1078,-7.812 
1078,-18.766 
1078,-12.182 
1078,-5.021 
1078,-22.875 
1078,105.979 
1079,-6.641 
1079,-14.266 
1079,-30.932 
1079,-23.641 
1079,-27.474 
1079,108.062 
1080,-7.812 
1080,-28.516 
1080,-26.042 
1080,-28.271 
1080,-35.042 
1080,119.146 
1081,-6.641 
1081,-28.516 
1081,-26.432 
1081,-47.021 
1081,-35.042 
1081,107.312 
1082,-7.812 
1082,-10.417 
1082,-16.812 
1082,-28.141 
1082,-40.974 
1082,117.062 
1083,-7.812 
1083,-18.766 
1083,-26.432 
1083,-38.021 
1083,-39.542 
1083,119.146 
1084,-6.641 
1084,-9.766 
1084,-16.682 
1084,-4.891 
1084,-25.292 
1084,99.062 
1085,-7.812 
1085,-28.516 
1085,-30.932 
1085,-44.474 
1085,-46.125 
1085,108.062 
1086,-7.812 
1086,-14.917 
1086,-12.312 
1086,-4.891 
1086,-8.724 
1086,126.062 
1087,-6.641 
1087,-14.266 
1087,-7.292 
1087,-14.021 
1087,-20.792 
1087,108.062 
1088,-7.812 
1088,-31.250 
1088,-28.516 
1088,-34.724 
1088,-27.375 
1088,99.062 
1089,-6.641 
1089,-8.854 
1089,-16.292 
1089,-28.271 
1089,-20.792 
1089,99.062 
1090,-6.641 
1090,-18.766 
1090,-37.516 
1090,-30.224 
1090,-9.375 
1090,105.979 
1091,-7.812 
1091,-31.250 
1091,-37.516 
1091,-43.562 
1091,-40.583 
1091,109.104 
1092,-7.812 
1092,-31.250 
1092,-33.146 
1092,-39.224 
1092,-31.974 
1092,107.312 
1093,-7.812 
1093,-14.917 
1093,-12.182 
1093,-19.271 
1093,-20.792 
1093,126.062 
1094,-7.812 
1094,-14.917 
1094,-35.432 
1094,-32.641 
1094,-30.542 
1094,80.312 
1095,-6.641 
1095,-9.766 
1095,-7.682 
1095,-28.271 
1095,-35.042 
1095,119.146 
1096,-7.812 
1096,-10.417 
1096,-25.682 
1096,-19.271 
1096,-16.292 
1096,108.062 
1097,-7.812 
1097,-9.766 
1097,-11.792 
1097,-14.021 
1097,-20.792 
1097,119.146 
1098,-7.812 
1098,-31.250 
1098,-46.516 
1098,-21.354 
1098,-22.875 
1098,117.062 
1099,-7.812 
1099,-9.766 
1099,-7.682 
1099,-18.521 
1099,-18.375 
1099,108.062 
1100,-6.641 
1100,-9.766 
1100,-7.682 
1100,-28.271 
1100,-37.125 
1100,117.062 
1101,-7.812 
1101,-14.266 
1101,-7.292 
1101,-23.771 
1101,-39.542 
1101,119.146 
1102,-6.641 
1102,-18.766 
1102,-16.682 
1102,-0.521 
1102,-18.375 
1102,99.062 
1103,-6.641 
1103,-28.516 
1103,-30.932 
1103,-23.641 
1103,-31.974 
1103,107.312 
1104,-6.641 
1104,-9.766 
1104,-7.682 
1104,-13.891 
1104,-11.141 
1104,101.146 
1105,-6.641 
1105,-8.854 
1105,-35.042 
1105,-38.021 
1105,-35.042 
1105,107.312 
1106,-7.812 
1106,-18.766 
1106,-26.432 
1106,-28.141 
1106,-7.292 
1106,126.062 
1107,-7.812 
1107,-14.917 
1107,-16.682 
1107,-30.224 
1107,-43.057 
1107,88.271 
1108,-7.812 
1108,-10.417 
1108,-25.682 
1108,-9.391 
1108,-7.292 
1108,108.062 
1109,-7.812 
1109,-10.417 
1109,-35.432 
1109,-48.974 
1109,-28.125 
1109,117.062 
1110,-7.812 
1110,-31.250 
1110,-33.146 
1110,-46.167 
1110,-56.557 
1110,88.271 
1111,-7.812 
1111,-10.417 
1111,-26.432 
1111,-48.974 
1111,-31.974 
1111,107.312 
1112,-6.641 
1112,-26.562 
1112,-34.000 
1112,-43.562 
1112,-40.583 
1112,88.271 
1113,-7.812 
1113,-9.766 
1113,-37.516 
1113,-44.474 
1113,-32.625 
1113,126.062 
1114,-6.641 
1114,-9.766 
1114,-16.682 
1114,-25.724 
1114,-45.083 
1114,100.104 
1115,-7.812 
1115,-31.250 
1115,-33.146 
1115,-39.224 
1115,-32.625 
1115,107.312 
1116,-7.812 
1116,-10.417 
1116,-26.432 
1116,-32.641 
1116,-31.974 
1116,80.312 
1117,-7.812 
1117,-14.917 
1117,-16.682 
1117,-13.891 
1117,-11.141 
1117,128.146 
1118,-7.812 
1118,-14.917 
1118,-35.432 
1118,-23.771 
1118,-41.625 
1118,80.312 
1119,-7.812 
1119,-31.250 
1119,-28.646 
1119,-21.224 
1119,-54.083 
1119,100.104 
1120,-7.812 
1120,-14.917 
1120,-16.682 
1120,-19.271 
1120,-30.542 
1120,128.146 
1121,-7.812 
1121,-18.766 
1121,-16.682 
1121,-19.141 
1121,-26.042 
1121,119.146 
1122,-7.812 
1122,-31.250 
1122,-33.146 
1122,-39.224 
1122,-31.974 
1122,107.312 
1123,-6.641 
1123,-9.766 
1123,-34.000 
1123,-27.229 
1123,-36.083 
1123,100.104 
1124,-7.812 
1124,-28.516 
1124,-30.932 
1124,-23.771 
1124,-37.125 
1124,107.312 
1125,-7.812 
1125,-9.766 
1125,-28.516 
1125,-21.224 
1125,-26.724 
1125,99.062 
1126,-7.812 
1126,-18.766 
1126,-12.182 
1126,-30.224 
1126,-32.625 
1126,107.312 
1127,-7.812 
1127,-10.417 
1127,-7.682 
1127,-21.224 
1127,-26.724 
1127,99.062 
1128,-7.812 
1128,-14.917 
1128,-12.312 
1128,-25.333 
1128,-31.974 
1128,80.312 
1129,-7.812 
1129,-10.417 
1129,-33.146 
1129,-25.333 
1129,-35.724 
1129,108.062 
1130,-7.812 
1130,-10.417 
1130,-33.146 
1130,-39.224 
1130,-32.625 
1130,108.062 
1131,-7.812 
1131,-10.417 
1131,-7.682 
1131,-28.271 
1131,-37.125 
1131,126.062 
1132,-6.641 
1132,-9.766 
1132,-21.182 
1132,-34.724 
1132,-31.583 
1132,100.104 
1133,-6.641 
1133,-8.854 
1133,-11.792 
1133,-23.771 
1133,-39.542 
1133,119.146 
1134,-7.812 
1134,-10.417 
1134,-28.646 
1134,-48.224 
1134,-38.557 
1134,105.979 
1135,-6.641 
1135,-28.516 
1135,-30.932 
1135,-32.641 
1135,-36.474 
1135,107.312 
1136,-7.812 
1136,-18.766 
1136,-28.516 
1136,-25.854 
1136,-22.875 
1136,108.062 
1137,-6.641 
1137,-8.854 
1137,-16.292 
1137,-25.854 
1137,-41.625 
1137,108.062 
1138,-7.812 
1138,-10.417 
1138,-7.682 
1138,-21.224 
1138,-26.724 
1138,99.062 
1139,-7.812 
1139,-14.917 
1139,-12.312 
1139,-25.333 
1139,-13.224 
1139,117.062 
1140,-7.812 
1140,-10.417 
1140,-28.646 
1140,-57.974 
1140,-40.974 
1140,117.062 
1141,-7.812 
1141,-9.766 
1141,-26.432 
1141,-48.974 
1141,-46.125 
1141,108.062 
1142,-7.812 
1142,-10.417 
1142,-7.682 
1142,-30.224 
1142,-31.974 
1142,107.312 
1143,-6.641 
1143,-8.854 
1143,-16.292 
1143,-19.271 
1143,-37.125 
1143,117.062 
1144,-6.641 
1144,-9.766 
1144,-30.932 
1144,-38.021 
1144,-39.542 
1144,107.312 
1145,-6.641 
1145,-9.766 
1145,-21.182 
1145,-30.224 
1145,-13.875 
1145,126.062 
1146,-6.641 
1146,-9.766 
1146,-28.516 
1146,-21.224 
1146,-36.375 
1146,99.062 
1147,-7.812 
1147,-10.417 
1147,-7.682 
1147,-18.521 
1147,-18.375 
1147,99.062 
1148,-7.812 
1148,-10.417 
1148,-26.432 
1148,-32.641 
1148,-27.474 
1148,107.312 
1149,-7.812 
1149,-10.417 
1149,-35.432 
1149,-48.974 
1149,-40.974 
1149,107.312 
1150,-6.641 
1150,-18.766 
1150,-28.516 
1150,-34.724 
1150,-13.875 
1150,126.062 
1151,-7.812 
1151,-18.766 
1151,-30.932 
1151,-53.474 
1151,-40.974 
1151,80.312 
1152,-7.812 
1152,-14.266 
1152,-12.182 
1152,-9.521 
1152,-22.875 
1152,105.979 
1153,-7.812 
1153,-14.917 
1153,-16.682 
1153,-13.891 
1153,-17.724 
1153,109.104 
1154,-6.641 
1154,-18.766 
1154,-37.516 
1154,-30.224 
1154,-28.125 
1154,108.062 
1155,-7.812 
1155,-9.766 
1155,-26.432 
1155,-19.141 
1155,-40.974 
1155,108.062 
1156,-6.641 
1156,-28.516 
1156,-35.432 
1156,-28.141 
1156,-36.474 
1156,126.062 
1157,-6.641 
1157,-9.766 
1157,-33.016 
1157,-30.354 
1157,-32.625 
1157,107.312 
1158,-6.641 
1158,-18.766 
1158,-28.516 
1158,-25.854 
1158,-41.625 
1158,107.312 
1159,-7.812 
1159,-10.417 
1159,-35.432 
1159,-28.141 
1159,-36.474 
1159,126.062 
1160,-6.641 
1160,-9.766 
1160,-21.182 
1160,-30.224 
1160,-31.583 
1160,109.104 
1161,-7.812 
1161,-9.766 
1161,-28.516 
1161,-39.354 
1161,-37.125 
1161,107.312 
1162,-7.812 
1162,-9.766 
1162,-26.432 
1162,-32.641 
1162,-11.141 
1162,119.146 
1163,-7.812 
1163,-18.766 
1163,-16.682 
1163,-0.521 
1163,-18.375 
1163,99.062 
1164,-6.641 
1164,-8.854 
1164,-11.792 
1164,-14.021 
1164,-20.792 
1164,119.146 
1165,-7.812 
1165,-31.250 
1165,-37.646 
1165,-39.224 
1165,-22.224 
1165,99.062 
1166,-7.812 
1166,-14.917 
1166,-12.312 
1166,-19.141 
1166,-31.974 
1166,108.062 
1167,-6.641 
1167,-8.854 
1167,-35.042 
1167,-28.271 
1167,-37.125 
1167,107.312 
1168,-7.812 
1168,-10.417 
1168,-33.146 
1168,-25.724 
1168,-27.375 
1168,105.979 
1169,-7.812 
1169,-10.417 
1169,-35.432 
1169,-28.141 
1169,-26.042 
1169,119.146 
1170,-6.641 
1170,-28.516 
1170,-30.932 
1170,-23.641 
1170,-35.042 
1170,107.312 
1171,-6.641 
1171,-8.854 
1171,-16.292 
1171,-28.271 
1171,-39.542 
1171,80.312 
1172,-7.812 
1172,-10.417 
1172,-33.146 
1172,-25.333 
1172,-31.974 
1172,108.062 
1173,-6.641 
1173,-8.854 
1173,-11.792 
1173,-23.771 
1173,-37.125 
1173,107.312 
1174,-6.641 
1174,-9.766 
1174,-26.042 
1174,-32.771 
1174,-30.542 
1174,128.146 
1175,-7.812 
1175,-10.417 
1175,-16.812 
1175,-23.641 
1175,-31.974 
1175,99.062 
1176,-6.641 
1176,-9.766 
1176,-16.682 
1176,-21.224 
1176,-45.083 
1176,88.271 
1177,-7.812 
1177,-18.766 
1177,-16.682 
1177,-9.391 
1177,-10.750 
1177,109.104 
1178,-7.812 
1178,-14.266 
1178,-12.182 
1178,-25.724 
1178,-45.083 
1178,88.271 
1179,-7.812 
1179,-28.516 
1179,-35.432 
1179,-23.641 
1179,-44.042 
1179,101.146 
1180,-7.812 
1180,-9.766 
1180,-7.682 
1180,-30.224 
1180,-34.057 
1180,105.979 
1181,-7.812 
1181,-31.250 
1181,-28.516 
1181,-39.354 
1181,-28.125 
1181,117.062 
1182,-6.641 
1182,-18.766 
1182,-28.516 
1182,-25.854 
1182,-41.625 
1182,108.062 
1183,-7.812 
1183,-18.766 
1183,-16.682 
1183,-9.391 
1183,-22.224 
1183,100.104 
1184,-7.812 
1184,-31.250 
1184,-33.146 
1184,-39.224 
1184,-13.875 
1184,108.062 
1185,-7.812 
1185,-9.766 
1185,-7.682 
1185,-30.224 
1185,-31.974 
1185,107.312 
1186,-7.812 
1186,-14.917 
1186,-28.646 
1186,-25.724 
1186,-45.083 
1186,109.104 
1187,-6.641 
1187,-26.562 
1187,-29.500 
1187,-48.062 
1187,-40.583 
1187,88.271 
1188,-6.641 
1188,-18.766 
1188,-16.682 
1188,-30.224 
1188,-22.224 
1188,100.104 
1189,-7.812 
1189,-14.917 
1189,-12.182 
1189,-25.724 
1189,-29.557 
1189,105.979 
1190,-6.641 
1190,-9.766 
1190,-26.042 
1190,-28.271 
1190,-37.125 
1190,126.062 
1191,-6.641 
1191,-18.766 
1191,-16.682 
1191,-19.141 
1191,-36.474 
1191,107.312 
1192,-7.812 
1192,-10.417 
1192,-7.812 
1192,-37.141 
1192,-26.042 
1192,119.146 
1193,-7.812 
1193,-10.417 
1193,-7.682 
1193,-0.391 
1193,-33.250 
1193,109.104 
1194,-7.812 
1194,-14.917 
1194,-30.932 
1194,-28.271 
1194,-37.125 
1194,107.312 
1195,-6.641 
1195,-9.766 
1195,-7.682 
1195,-30.224 
1195,-37.125 
1195,126.062 
1196,-7.812 
1196,-14.917 
1196,-12.312 
1196,-28.141 
1196,-11.792 
1196,117.062 
1197,-7.812 
1197,-10.417 
1197,-7.682 
1197,-19.141 
1197,-40.974 
1197,107.312 
1198,-6.641 
1198,-18.766 
1198,-37.516 
1198,-30.224 
1198,-31.974 
1198,107.312 
1199,-6.641 
1199,-26.562 
1199,-34.000 
1199,-48.062 
1199,-40.583 
1199,88.271 
1200,-7.812 
1200,-10.417 
1200,-28.646 
1200,-21.224 
1200,-36.375 
1200,99.062 
1201,-7.812 
1201,-28.516 
1201,-35.042 
1201,-47.021 
1201,-39.542 
1201,101.146 
1202,-7.812 
1202,-31.250 
1202,-46.516 
1202,-30.224 
1202,-40.974 
1202,80.312 
1203,-6.641 
1203,-9.766 
1203,-16.682 
1203,-23.641 
1203,-44.042 
1203,80.312 
1204,-6.641 
1204,-26.562 
1204,-34.000 
1204,-27.229 
1204,-36.083 
1204,109.104 
1205,-7.812 
1205,-14.917 
1205,-30.932 
1205,-28.271 
1205,-20.792 
1205,119.146 
1206,-7.812 
1206,-31.250 
1206,-28.516 
1206,-34.724 
1206,-45.083 
1206,100.104 
1207,-6.641 
1207,-9.766 
1207,-16.682 
1207,-25.724 
1207,-29.557 
1207,105.979 
1208,-6.641 
1208,-9.766 
1208,-7.682 
1208,-36.229 
1208,-36.083 
1208,88.271 
1209,-7.812 
1209,-31.250 
1209,-28.516 
1209,-39.354 
1209,-28.125 
1209,117.062 
1210,-7.812 
1210,-14.917 
1210,-16.682 
1210,-13.891 
1210,-11.792 
1210,119.146 
1211,-7.812 
1211,-10.417 
1211,-28.646 
1211,-21.224 
1211,-46.125 
1211,117.062 
1212,-7.812 
1212,-18.766 
1212,-37.516 
1212,-30.224 
1212,-22.224 
1212,100.104 
1213,-6.641 
1213,-9.766 
1213,-16.682 
1213,-21.224 
1213,-37.125 
1213,107.312 
1214,-6.641 
1214,-9.766 
1214,-26.432 
1214,-32.641 
1214,-31.974 
1214,80.312 
1215,-6.641 
1215,-28.516 
1215,-39.932 
1215,-53.474 
1215,-40.974 
1215,80.312 
1216,-6.641 
1216,-9.766 
1216,-11.792 
1216,-14.021 
1216,-18.375 
1216,108.062 
1217,-6.641 
1217,-9.766 
1217,-16.682 
1217,-21.224 
1217,-31.974 
1217,107.312 
1218,-7.812 
1218,-31.250 
1218,-46.516 
1218,-30.224 
1218,-28.125 
1218,80.312 
1219,-6.641 
1219,-28.516 
1219,-35.432 
1219,-28.141 
1219,-26.042 
1219,119.146 
1220,-6.641 
1220,-18.766 
1220,-26.432 
1220,-28.141 
1220,-36.474 
1220,126.062 
1221,-7.812 
1221,-14.917 
1221,-26.432 
1221,-23.641 
1221,-31.974 
1221,108.062 
1222,-7.812 
1222,-28.516 
1222,-39.932 
1222,-53.474 
1222,-40.974 
1222,99.062 
1223,-7.812 
1223,-18.766 
1223,-26.432 
1223,-28.141 
1223,-26.042 
1223,107.312 
1224,-7.812 
1224,-31.250 
1224,-37.516 
1224,-44.474 
1224,-40.974 
1224,126.062 
1225,-6.641 
1225,-28.516 
1225,-35.432 
1225,-19.271 
1225,-35.042 
1225,107.312 
1226,-7.812 
1226,-9.766 
1226,-28.516 
1226,-34.724 
1226,-31.974 
1226,99.062 
1227,-6.641 
1227,-28.516 
1227,-35.432 
1227,-23.641 
1227,-31.974 
1227,99.062 
1228,-6.641 
1228,-28.516 
1228,-39.932 
1228,-32.641 
1228,-11.792 
1228,101.146 
1229,-6.641 
1229,-8.854 
1229,-26.042 
1229,-28.271 
1229,-35.042 
1229,107.312 
1230,-7.812 
1230,-18.766 
1230,-16.682 
1230,-19.141 
1230,-36.474 
1230,107.312 
1231,-7.812 
1231,-9.766 
1231,-16.682 
1231,-4.891 
1231,-16.292 
1231,126.062 
1232,-7.812 
1232,-10.417 
1232,-25.682 
1232,-30.224 
1232,-28.125 
1232,80.312 
1233,-6.641 
1233,-28.516 
1233,-26.432 
1233,-32.641 
1233,-11.141 
1233,101.146 
1234,-7.812 
1234,-10.417 
1234,-25.682 
1234,-0.521 
1234,-18.375 
1234,105.979 
1235,-6.641 
1235,-9.766 
1235,-37.516 
1235,-34.724 
1235,-22.224 
1235,108.062 
1236,-7.812 
1236,-10.417 
1236,-26.432 
1236,-47.021 
1236,-39.542 
1236,119.146 
1237,-7.812 
1237,-28.516 
1237,-30.932 
1237,-23.771 
1237,-39.542 
1237,119.146 
1238,-7.812 
1238,-10.417 
1238,-35.432 
1238,-28.141 
1238,-26.042 
1238,107.312 
1239,-7.812 
1239,-28.516 
1239,-30.932 
1239,-44.474 
1239,-46.125 
1239,107.312 
1240,-7.812 
1240,-10.417 
1240,-25.682 
1240,-25.724 
1240,-22.224 
1240,108.062 
1241,-7.812 
1241,-31.250 
1241,-28.516 
1241,-48.974 
1241,-46.125 
1241,107.312 
1242,-7.812 
1242,-10.417 
1242,-25.682 
1242,-19.271 
1242,-37.125 
1242,99.062 
1243,-7.812 
1243,-14.917 
1243,-16.682 
1243,-13.891 
1243,-22.224 
1243,100.104 
1244,-7.812 
1244,-10.417 
1244,-28.646 
1244,-34.333 
1244,-35.724 
1244,100.104 
1245,-7.812 
1245,-9.766 
1245,-16.682 
1245,-23.641 
1245,-35.042 
1245,119.146 
1246,-7.812 
1246,-14.917 
1246,-12.182 
1246,-9.521 
1246,-18.375 
1246,105.979 
1247,-7.812 
1247,-31.250 
1247,-33.146 
1247,-44.474 
1247,-46.125 
1247,108.062 
1248,-6.641 
1248,-18.766 
1248,-26.432 
1248,-28.141 
1248,-26.042 
1248,128.146 
1249,-7.812 
1249,-10.417 
1249,-16.812 
1249,-20.833 
1249,-35.724 
1249,108.062 
1250,-6.641 
1250,-28.516 
1250,-30.932 
1250,-38.021 
1250,-39.542 
1250,128.146 
1251,-7.812 
1251,-9.766 
1251,-34.000 
1251,-48.062 
1251,-40.583 
1251,100.104 
1252,-6.641 
1252,-8.854 
1252,-26.042 
1252,-28.271 
1252,-35.042 
1252,107.312 
1253,-6.641 
1253,-28.516 
1253,-30.932 
1253,-32.641 
1253,-26.042 
1253,128.146 
1254,-7.812 
1254,-31.250 
1254,-33.016 
1254,-25.724 
1254,-27.375 
1254,126.062 
1255,-7.812 
1255,-10.417 
1255,-25.682 
1255,-9.391 
1255,-17.724 
1255,108.062 
1256,-6.641 
1256,-26.562 
1256,-34.000 
1256,-43.562 
1256,-40.583 
1256,109.104 
1257,-7.812 
1257,-18.766 
1257,-7.292 
1257,-9.521 
1257,-18.375 
1257,105.979 
1258,-6.641 
1258,-14.266 
1258,-30.932 
1258,-23.641 
1258,-31.974 
1258,99.062 
1259,-7.812 
1259,-28.516 
1259,-30.932 
1259,-28.271 
1259,-30.542 
1259,128.146 
1260,-7.812 
1260,-9.766 
1260,-7.682 
1260,-19.141 
1260,-40.974 
1260,108.062 
1261,-7.812 
1261,-31.250 
1261,-28.646 
1261,-21.224 
1261,-43.057 
1261,105.979 
1262,-6.641 
1262,-18.766 
1262,-28.516 
1262,-25.854 
1262,-32.625 
1262,107.312 
1263,-7.812 
1263,-10.417 
1263,-33.146 
1263,-48.974 
1263,-32.625 
1263,126.062 
1264,-7.812 
1264,-9.766 
1264,-37.516 
1264,-25.854 
1264,-41.625 
1264,107.312 
1265,-7.812 
1265,-10.417 
1265,-7.812 
1265,-29.833 
1265,-13.224 
1265,126.062 
1266,-7.812 
1266,-10.417 
1266,-25.682 
1266,-28.141 
1266,-20.141 
1266,101.146 
1267,-7.812 
1267,-14.917 
1267,-12.312 
1267,-19.141 
1267,-31.974 
1267,107.312 
1268,-7.812 
1268,-10.417 
1268,-28.646 
1268,-48.224 
1268,-9.375 
1268,105.979 
1269,-6.641 
1269,-18.766 
1269,-16.682 
1269,-25.724 
1269,-31.974 
1269,126.062 
1270,-7.812 
1270,-10.417 
1270,-33.146 
1270,-44.474 
1270,-31.974 
1270,108.062 
1271,-7.812 
1271,-10.417 
1271,-35.432 
1271,-28.141 
1271,-26.042 
1271,119.146 
1272,-7.812 
1272,-10.417 
1272,-35.432 
1272,-44.474 
1272,-40.974 
1272,107.312 
1273,-6.641 
1273,-18.766 
1273,-26.042 
1273,-38.021 
1273,-39.542 
1273,107.312 
1274,-7.812 
1274,-10.417 
1274,-35.432 
1274,-48.974 
1274,-40.974 
1274,117.062 
1275,-7.812 
1275,-9.766 
1275,-37.516 
1275,-44.474 
1275,-40.974 
1275,107.312 
1276,-6.641 
1276,-18.766 
1276,-16.682 
1276,-25.724 
1276,-13.875 
1276,105.979 
1277,-7.812 
1277,-31.250 
1277,-28.646 
1277,-39.974 
1277,-55.125 
1277,80.312 
1278,-6.641 
1278,-8.854 
1278,-35.042 
1278,-38.021 
1278,-35.042 
1278,119.146 
1279,-6.641 
1279,-28.516 
1279,-26.432 
1279,-32.641 
1279,-35.042 
1279,107.312 
1280,-6.641 
1280,-9.766 
1280,-34.000 
1280,-27.229 
1280,-36.083 
1280,100.104 
1281,-6.641 
1281,-28.516 
1281,-35.432 
1281,-19.271 
1281,-37.125 
1281,107.312 
1282,-7.812 
1282,-14.917 
1282,-12.312 
1282,-28.141 
1282,-40.974 
1282,117.062 
1283,-7.812 
1283,-10.417 
1283,-35.432 
1283,-38.021 
1283,-35.042 
1283,107.312 
1284,-7.812 
1284,-14.917 
1284,-12.182 
1284,-4.891 
1284,-16.292 
1284,117.062 
1285,-6.641 
1285,-14.266 
1285,-12.182 
1285,-27.229 
1285,-19.750 
1285,100.104 
1286,-7.812 
1286,-10.417 
1286,-7.682 
1286,-19.141 
1286,-40.974 
1286,108.062 
1287,-7.812 
1287,-10.417 
1287,-25.682 
1287,-9.391 
1287,-6.250 
1287,109.104 
1288,-6.641 
1288,-28.516 
1288,-35.042 
1288,-47.021 
1288,-39.542 
1288,101.146 
1289,-7.812 
1289,-10.417 
1289,-26.432 
1289,-32.641 
1289,-11.141 
1289,119.146 
1290,-7.812 
1290,-14.917 
1290,-12.312 
1290,-23.641 
1290,-25.292 
1290,108.062 
1291,-6.641 
1291,-28.516 
1291,-26.042 
1291,-28.271 
1291,-37.125 
1291,126.062 
1292,-6.641 
1292,-28.516 
1292,-26.432 
1292,-32.641 
1292,-25.292 
1292,108.062 
1293,-6.641 
1293,-28.516 
1293,-30.542 
1293,-51.521 
1293,-39.542 
1293,80.312 
1294,-7.812 
1294,-18.766 
1294,-16.682 
1294,-25.724 
1294,-22.224 
1294,108.062 
1295,-7.812 
1295,-14.917 
1295,-28.646 
1295,-25.724 
1295,-27.375 
1295,105.979 
1296,-7.812 
1296,-10.417 
1296,-7.812 
1296,-19.141 
1296,-34.292 
1296,108.062 
1297,-6.641 
1297,-28.516 
1297,-35.042 
1297,-47.021 
1297,-39.542 
1297,80.312 
1298,-6.641 
1298,-8.854 
1298,-16.292 
1298,-19.271 
1298,-35.042 
1298,119.146 
1299,-7.812 
1299,-14.917 
1299,-26.432 
1299,-44.474 
1299,-31.974 
1299,107.312 
1300,-7.812 
1300,-10.417 
1300,-7.812 
1300,-29.833 
1300,-31.974 
1300,108.062 
1301,-6.641 
1301,-26.562 
1301,-34.000 
1301,-27.229 
1301,-36.083 
1301,88.271 
1302,-7.812 
1302,-18.766 
1302,-37.516 
1302,-30.224 
1302,-9.375 
1302,99.062 
1303,-7.812 
1303,-18.766 
1303,-26.042 
1303,-28.271 
1303,-30.542 
1303,119.146 
1304,-7.812 
1304,-10.417 
1304,-26.432 
1304,-47.021 
1304,-39.542 
1304,119.146 
1305,-6.641 
1305,-9.766 
1305,-29.500 
1305,-31.729 
1305,-36.083 
1305,88.271 
1306,-7.812 
1306,-14.917 
1306,-12.312 
1306,-23.641 
1306,-31.974 
1306,80.312 
1307,-7.812 
1307,-10.417 
1307,-35.432 
1307,-28.141 
1307,-20.141 
1307,119.146 
1308,-6.641 
1308,-18.766 
1308,-37.516 
1308,-48.974 
1308,-32.625 
1308,80.312 
1309,-7.812 
1309,-10.417 
1309,-28.646 
1309,-34.333 
1309,-27.474 
1309,107.312 
1310,-7.812 
1310,-14.917 
1310,-16.682 
1310,-23.771 
1310,-20.792 
1310,99.062 
1311,-6.641 
1311,-9.766 
1311,-26.432 
1311,-48.974 
1311,-31.974 
1311,107.312 
1312,-7.812 
1312,-14.917 
1312,-16.682 
1312,-23.641 
1312,-26.042 
1312,107.312 
1313,-6.641 
1313,-18.766 
1313,-16.682 
1313,-19.271 
1313,-20.792 
1313,99.062 
1314,-7.812 
1314,-14.917 
1314,-12.182 
1314,-27.229 
1314,-19.750 
1314,100.104 
1315,-7.812 
1315,-14.266 
1315,-7.292 
1315,-30.354 
1315,-41.625 
1315,108.062 
1316,-7.812 
1316,-18.766 
1316,-16.682 
1316,-19.141 
1316,-36.474 
1316,107.312 
1317,-6.641 
1317,-18.766 
1317,-16.682 
1317,-0.521 
1317,-7.292 
1317,126.062 
1318,-6.641 
1318,-8.854 
1318,-30.542 
1318,-51.521 
1318,-39.542 
1318,80.312 
1319,-7.812 
1319,-10.417 
1319,-26.432 
1319,-48.974 
1319,-46.125 
1319,107.312 
1320,-6.641 
1320,-28.516 
1320,-26.432 
1320,-47.021 
1320,-35.042 
1320,107.312 
1321,-6.641 
1321,-18.766 
1321,-37.516 
1321,-30.224 
1321,-28.125 
1321,107.312 
1322,-6.641 
1322,-9.766 
1322,-28.516 
1322,-39.354 
1322,-28.125 
1322,107.312 
1323,-6.641 
1323,-18.766 
1323,-7.292 
1323,-28.271 
1323,-37.125 
1323,99.062 
1324,-6.641 
1324,-8.854 
1324,-26.042 
1324,-42.521 
1324,-39.542 
1324,128.146 
1325,-7.812 
1325,-14.917 
1325,-26.432 
1325,-44.474 
1325,-46.125 
1325,108.062 
1326,-7.812 
1326,-10.417 
1326,-7.682 
1326,-18.521 
1326,-18.375 
1326,105.979 
1327,-6.641 
1327,-28.516 
1327,-26.432 
1327,-32.641 
1327,-11.141 
1327,119.146 
1328,-7.812 
1328,-10.417 
1328,-7.812 
1328,-37.141 
1328,-7.292 
1328,126.062 
1329,-7.812 
1329,-10.417 
1329,-28.646 
1329,-39.974 
1329,-55.125 
1329,99.062 
1330,-7.812 
1330,-10.417 
1330,-16.812 
1330,-25.333 
1330,-45.474 
1330,107.312 
1331,-6.641 
1331,-9.766 
1331,-11.792 
1331,-30.354 
1331,-22.875 
1331,105.979 
1332,-7.812 
1332,-10.417 
1332,-25.682 
1332,-19.271 
1332,-26.042 
1332,107.312 
1333,-7.812 
1333,-10.417 
1333,-16.812 
1333,-4.891 
1333,-13.224 
1333,117.062 
1334,-6.641 
1334,-28.516 
1334,-35.432 
1334,-23.641 
1334,-35.042 
1334,107.312 
1335,-6.641 
1335,-8.854 
1335,-26.042 
1335,-28.271 
1335,-35.042 
1335,107.312 
1336,-6.641 
1336,-9.766 
1336,-30.932 
1336,-32.641 
1336,-20.141 
1336,119.146 
1337,-6.641 
1337,-9.766 
1337,-21.182 
1337,-23.641 
1337,-20.141 
1337,119.146 
1338,-6.641 
1338,-9.766 
1338,-7.682 
1338,-13.891 
1338,-8.724 
1338,126.062 
1339,-7.812 
1339,-10.417 
1339,-35.432 
1339,-28.141 
1339,-36.474 
1339,126.062 
1340,-6.641 
1340,-18.766 
1340,-12.182 
1340,-19.271 
1340,-41.625 
1340,107.312 
1341,-7.812 
1341,-14.917 
1341,-12.182 
1341,-9.521 
1341,-11.792 
1341,119.146 
1342,-6.641 
1342,-18.766 
1342,-16.682 
1342,-0.521 
1342,-18.375 
1342,108.062 
1343,-6.641 
1343,-26.562 
1343,-34.000 
1343,-27.229 
1343,-36.083 
1343,100.104 
1344,-6.641 
1344,-28.516 
1344,-39.932 
1344,-53.474 
1344,-32.625 
1344,80.312 
1345,-6.641 
1345,-8.854 
1345,-35.042 
1345,-28.271 
1345,-20.792 
1345,119.146 
1346,-7.812 
1346,-14.266 
1346,-7.292 
1346,-23.771 
1346,-39.542 
1346,119.146 
1347,-7.812 
1347,-14.917 
1347,-12.182 
1347,-21.224 
1347,-34.057 
1347,105.979 
1348,-7.812 
1348,-14.917 
1348,-16.682 
1348,-5.021 
1348,-11.792 
1348,119.146 
1349,-6.641 
1349,-9.766 
1349,-7.682 
1349,-19.141 
1349,-34.292 
1349,101.146 
1350,-6.641 
1350,-9.766 
1350,-7.682 
1350,-13.891 
1350,-13.224 
1350,99.062 
1351,-7.812 
1351,-31.250 
1351,-46.516 
1351,-30.224 
1351,-28.125 
1351,80.312 
1352,-6.641 
1352,-14.266 
1352,-30.932 
1352,-23.641 
1352,-11.141 
1352,119.146 
1353,-7.812 
1353,-14.917 
1353,-12.312 
1353,-18.391 
1353,-11.141 
1353,128.146 
1354,-6.641 
1354,-9.766 
1354,-7.682 
1354,-18.521 
1354,-16.292 
1354,108.062 
1355,-6.641 
1355,-18.766 
1355,-37.516 
1355,-39.974 
1355,-28.125 
1355,117.062 
1356,-7.812 
1356,-14.917 
1356,-33.146 
1356,-25.724 
1356,-27.375 
1356,99.062 
1357,-7.812 
1357,-14.266 
1357,-12.182 
1357,-23.641 
1357,-35.042 
1357,119.146 
1358,-7.812 
1358,-9.766 
1358,-16.292 
1358,-19.271 
1358,-35.042 
1358,128.146 
1359,-6.641 
1359,-9.766 
1359,-21.182 
1359,-19.271 
1359,-30.542 
1359,128.146 
1360,-7.812 
1360,-9.766 
1360,-26.432 
1360,-19.141 
1360,-44.042 
1360,119.146 
1361,-7.812 
1361,-14.917 
1361,-16.682 
1361,-22.729 
1361,-40.583 
1361,88.271 
1362,-6.641 
1362,-28.516 
1362,-30.932 
1362,-48.974 
1362,-40.974 
1362,126.062 
1363,-7.812 
1363,-9.766 
1363,-28.516 
1363,-34.724 
1363,-13.224 
1363,100.104 
1364,-6.641 
1364,-28.516 
1364,-35.432 
1364,-28.141 
1364,-20.141 
1364,128.146 
1365,-7.812 
1365,-10.417 
1365,-28.646 
1365,-48.224 
1365,-22.224 
1365,108.062 
1366,-7.812 
1366,-28.516 
1366,-26.432 
1366,-47.021 
1366,-35.042 
1366,107.312 
1367,-7.812 
1367,-10.417 
1367,-25.682 
1367,-25.724 
1367,-13.875 
1367,105.979 
1368,-6.641 
1368,-9.766 
1368,-33.016 
1368,-44.474 
1368,-46.125 
1368,107.312 
1369,-7.812 
1369,-31.250 
1369,-33.016 
1369,-48.062 
1369,-40.583 
1369,109.104 
1370,-7.812 
1370,-14.917 
1370,-12.312 
1370,-25.333 
1370,-31.974 
1370,80.312 
1371,-7.812 
1371,-14.917 
1371,-28.646 
1371,-39.224 
1371,-22.224 
1371,108.062 
1372,-7.812 
1372,-14.917 
1372,-12.312 
1372,-28.141 
1372,-26.042 
1372,128.146 
1373,-6.641 
1373,-28.516 
1373,-35.042 
1373,-28.271 
1373,-26.042 
1373,119.146 
1374,-7.812 
1374,-9.766 
1374,-7.682 
1374,-28.141 
1374,-25.292 
1374,128.146 
1375,-6.641 
1375,-28.516 
1375,-39.932 
1375,-42.521 
1375,-39.542 
1375,80.312 
1376,-7.812 
1376,-9.766 
1376,-37.516 
1376,-34.724 
1376,-13.875 
1376,108.062 
1377,-7.812 
1377,-14.266 
1377,-28.516 
1377,-30.354 
1377,-41.625 
1377,108.062 
1378,-6.641 
1378,-28.516 
1378,-35.042 
1378,-28.271 
1378,-16.292 
1378,108.062 
1379,-7.812 
1379,-10.417 
1379,-28.646 
1379,-21.224 
1379,-43.057 
1379,105.979 
1380,-6.641 
1380,-18.766 
1380,-16.682 
1380,-25.724 
1380,-31.583 
1380,109.104 
1381,-6.641 
1381,-9.766 
1381,-7.682 
1381,-30.224 
1381,-34.057 
1381,105.979 
1382,-7.812 
1382,-31.250 
1382,-33.146 
1382,-25.724 
1382,-34.057 
1382,105.979 
1383,-6.641 
1383,-28.516 
1383,-35.432 
1383,-28.141 
1383,-30.542 
1383,119.146 
1384,-6.641 
1384,-26.562 
1384,-34.000 
1384,-27.229 
1384,-19.750 
1384,109.104 
1385,-7.812 
1385,-9.766 
1385,-28.516 
1385,-57.062 
1385,-40.583 
1385,100.104 
1386,-6.641 
1386,-26.562 
1386,-34.000 
1386,-27.229 
1386,-15.250 
1386,109.104 
1387,-7.812 
1387,-9.766 
1387,-16.292 
1387,-23.771 
1387,-30.542 
1387,128.146 
1388,-7.812 
1388,-10.417 
1388,-26.432 
1388,-47.021 
1388,-35.042 
1388,119.146 
1389,-7.812 
1389,-18.766 
1389,-37.516 
1389,-21.354 
1389,-37.125 
1389,80.312 
1390,-7.812 
1390,-10.417 
1390,-7.682 
1390,-21.224 
1390,-46.125 
1390,117.062 
1391,-6.641 
1391,-9.766 
1391,-28.516 
1391,-21.224 
1391,-43.057 
1391,105.979 
1392,-6.641 
1392,-18.766 
1392,-26.432 
1392,-38.021 
1392,-35.042 
1392,119.146 
1393,-7.812 
1393,-31.250 
1393,-33.016 
1393,-30.354 
1393,-22.875 
1393,108.062 
1394,-7.812 
1394,-14.917 
1394,-12.312 
1394,-4.500 
1394,-11.141 
1394,119.146 
1395,-7.812 
1395,-31.250 
1395,-46.516 
1395,-30.224 
1395,-22.224 
1395,108.062 
1396,-7.812 
1396,-9.766 
1396,-26.432 
1396,-37.271 
1396,-16.292 
1396,108.062 
1397,-6.641 
1397,-26.562 
1397,-29.500 
1397,-31.729 
1397,-19.750 
1397,100.104 
1398,-6.641 
1398,-8.854 
1398,-11.792 
1398,-14.021 
1398,-11.792 
1398,119.146 
1399,-7.812 
1399,-9.766 
1399,-16.682 
1399,-23.641 
1399,-44.042 
1399,80.312 
1400,-7.812 
1400,-31.250 
1400,-28.646 
1400,-48.224 
1400,-28.125 
1400,99.062 
1401,-6.641 
1401,-9.766 
1401,-7.682 
1401,-18.521 
1401,-16.292 
1401,128.146 
1402,-7.812 
1402,-14.917 
1402,-12.312 
1402,-28.141 
1402,-26.042 
1402,128.146 
1403,-7.812 
1403,-14.917 
1403,-33.146 
1403,-41.667 
1403,-56.557 
1403,105.979 
1404,-7.812 
1404,-31.250 
1404,-28.516 
1404,-21.224 
1404,-26.724 
1404,100.104 
1405,-7.812 
1405,-10.417 
1405,-7.682 
1405,-21.224 
1405,-43.057 
1405,105.979 
1406,-6.641 
1406,-28.516 
1406,-30.932 
1406,-23.771 
1406,-20.792 
1406,117.062 
1407,-7.812 
1407,-18.766 
1407,-26.042 
1407,-28.271 
1407,-37.125 
1407,108.062 
1408,-6.641 
1408,-18.766 
1408,-16.682 
1408,-0.521 
1408,-7.292 
1408,128.146 
1409,-7.812 
1409,-18.766 
1409,-7.292 
1409,-9.521 
1409,-18.375 
1409,126.062 
1410,-6.641 
1410,-18.766 
1410,-37.516 
1410,-30.224 
1410,-38.557 
1410,88.271 
1411,-7.812 
1411,-14.266 
1411,-28.516 
1411,-25.724 
1411,-37.125 
1411,107.312 
1412,-7.812 
1412,-18.766 
1412,-12.182 
1412,-13.891 
1412,-7.292 
1412,108.062 
1413,-6.641 
1413,-28.516 
1413,-26.042 
1413,-28.271 
1413,-37.125 
1413,107.312 
1414,-7.812 
1414,-31.250 
1414,-46.516 
1414,-30.224 
1414,-38.557 
1414,105.979 
1415,-6.641 
1415,-9.766 
1415,-16.682 
1415,-25.724 
1415,-27.375 
1415,105.979 
1416,-6.641 
1416,-28.516 
1416,-39.932 
1416,-23.771 
1416,-41.625 
1416,99.062 
1417,-6.641 
1417,-8.854 
1417,-16.292 
1417,-9.521 
1417,-7.292 
1417,126.062 
1418,-7.812 
1418,-14.917 
1418,-26.432 
1418,-38.021 
1418,-39.542 
1418,107.312 
1419,-7.812 
1419,-18.766 
1419,-26.432 
1419,-28.141 
1419,-36.474 
1419,107.312 
1420,-6.641 
1420,-14.266 
1420,-30.932 
1420,-23.641 
1420,-44.042 
1420,80.312 
1421,-7.812 
1421,-14.917 
1421,-35.432 
1421,-32.641 
1421,-11.792 
1421,99.062 
1422,-7.812 
1422,-18.766 
1422,-28.516 
1422,-44.474 
1422,-32.625 
1422,107.312 
1423,-6.641 
1423,-28.516 
1423,-26.432 
1423,-39.974 
1423,-55.125 
1423,80.312 
1424,-7.812 
1424,-10.417 
1424,-7.682 
1424,-13.891 
1424,-13.224 
1424,100.104 
1425,-6.641 
1425,-18.766 
1425,-28.516 
1425,-44.474 
1425,-32.625 
1425,107.312 
1426,-7.812 
1426,-14.917 
1426,-16.682 
1426,-30.224 
1426,-13.875 
1426,105.979 
1427,-7.812 
1427,-9.766 
1427,-7.682 
1427,-19.141 
1427,-40.974 
1427,107.312 
1428,-6.641 
1428,-9.766 
1428,-7.682 
1428,-21.224 
1428,-46.125 
1428,117.062 
1429,-6.641 
1429,-28.516 
1429,-26.432 
1429,-37.271 
1429,-16.292 
1429,108.062 
1430,-6.641 
1430,-26.562 
1430,-29.500 
1430,-31.729 
1430,-19.750 
1430,109.104 
1431,-7.812 
1431,-9.766 
1431,-7.682 
1431,-21.224 
1431,-36.375 
1431,105.979 
1432,-6.641 
1432,-28.516 
1432,-39.932 
1432,-42.521 
1432,-39.542 
1432,80.312 
1433,-6.641 
1433,-18.766 
1433,-28.516 
1433,-34.724 
1433,-13.875 
1433,126.062 
1434,-7.812 
1434,-10.417 
1434,-33.146 
1434,-25.333 
1434,-45.474 
1434,107.312 
1435,-6.641 
1435,-18.766 
1435,-12.182 
1435,-5.021 
1435,-20.792 
1435,119.146 
1436,-7.812 
1436,-18.766 
1436,-37.516 
1436,-39.062 
1436,-40.583 
1436,100.104 
1437,-6.641 
1437,-9.766 
1437,-30.932 
1437,-48.974 
1437,-32.625 
1437,126.062 
1438,-7.812 
1438,-28.516 
1438,-26.042 
1438,-32.771 
1438,-41.625 
1438,107.312 
1439,-6.641 
1439,-8.854 
1439,-16.292 
1439,-19.271 
1439,-35.042 
1439,107.312 
1440,-7.812 
1440,-18.766 
1440,-26.432 
1440,-28.141 
1440,-7.292 
1440,126.062 
1441,-7.812 
1441,-9.766 
1441,-7.682 
1441,-21.224 
1441,-36.375 
1441,105.979 
1442,-6.641 
1442,-28.516 
1442,-35.432 
1442,-23.641 
1442,-31.974 
1442,99.062 
1443,-7.812 
1443,-9.766 
1443,-28.516 
1443,-48.974 
1443,-31.974 
1443,107.312 
1444,-6.641 
1444,-18.766 
1444,-28.516 
1444,-34.724 
1444,-32.625 
1444,108.062 
1445,-7.812 
1445,-10.417 
1445,-28.646 
1445,-57.974 
1445,-40.974 
1445,117.062 
1446,-7.812 
1446,-14.917 
1446,-12.312 
1446,-28.141 
1446,-20.141 
1446,128.146 
1447,-6.641 
1447,-18.766 
1447,-26.432 
1447,-28.141 
1447,-36.474 
1447,107.312 
1448,-7.812 
1448,-10.417 
1448,-26.432 
1448,-37.271 
1448,-26.042 
1448,107.312 
1449,-6.641 
1449,-9.766 
1449,-28.516 
1449,-57.062 
1449,-40.583 
1449,88.271 
1450,-7.812 
1450,-10.417 
1450,-33.146 
1450,-25.724 
1450,-45.083 
1450,109.104 
1451,-6.641 
1451,-8.854 
1451,-26.042 
1451,-28.271 
1451,-35.042 
1451,107.312 
1452,-7.812 
1452,-10.417 
1452,-26.432 
1452,-32.641 
1452,-44.042 
1452,101.146 
1453,-7.812 
1453,-10.417 
1453,-26.432 
1453,-32.641 
1453,-35.042 
1453,119.146 
1454,-7.812 
1454,-28.516 
1454,-30.932 
1454,-48.974 
1454,-32.625 
1454,107.312 
1455,-7.812 
1455,-10.417 
1455,-26.432 
1455,-37.271 
1455,-37.125 
1455,99.062 
1456,-7.812 
1456,-10.417 
1456,-16.812 
1456,-37.141 
1456,-30.542 
1456,101.146 
1457,-6.641 
1457,-8.854 
1457,-16.292 
1457,-28.271 
1457,-39.542 
1457,80.312 
1458,-7.812 
1458,-9.766 
1458,-28.516 
1458,-34.724 
1458,-46.125 
1458,99.062 
1459,-7.812 
1459,-14.917 
1459,-33.146 
1459,-57.974 
1459,-40.974 
1459,80.312 
1460,-6.641 
1460,-9.766 
1460,-26.042 
1460,-28.271 
1460,-35.042 
1460,119.146 
1461,-7.812 
1461,-31.250 
1461,-37.516 
1461,-43.562 
1461,-40.583 
1461,88.271 
1462,-7.812 
1462,-10.417 
1462,-7.682 
1462,-13.891 
1462,-11.141 
1462,119.146 
1463,-7.812 
1463,-14.917 
1463,-12.312 
1463,-23.641 
1463,-11.141 
1463,101.146 
1464,-7.812 
1464,-14.266 
1464,-26.042 
1464,-51.521 
1464,-39.542 
1464,101.146 
1465,-7.812 
1465,-31.250 
1465,-33.146 
1465,-39.224 
1465,-31.583 
1465,109.104 
1466,-7.812 
1466,-10.417 
1466,-7.812 
1466,-0.391 
1466,-20.141 
1466,128.146 
1467,-7.812 
1467,-9.766 
1467,-7.682 
1467,-28.271 
1467,-20.792 
1467,119.146 
1468,-7.812 
1468,-31.250 
1468,-37.516 
1468,-34.724 
1468,-32.625 
1468,107.312 
1469,-7.812 
1469,-14.917 
1469,-12.312 
1469,-23.641 
1469,-11.141 
1469,119.146 
1470,-6.641 
1470,-14.266 
1470,-12.182 
1470,-27.229 
1470,-40.583 
1470,88.271 
1471,-7.812 
1471,-31.250 
1471,-46.516 
1471,-30.224 
1471,-9.375 
1471,108.062 
1472,-6.641 
1472,-8.854 
1472,-26.042 
1472,-28.271 
1472,-20.792 
1472,126.062 
1473,-7.812 
1473,-10.417 
1473,-28.646 
1473,-21.224 
1473,-26.724 
1473,100.104 
1474,-6.641 
1474,-14.266 
1474,-28.516 
1474,-25.724 
1474,-13.224 
1474,109.104 
1475,-7.812 
1475,-9.766 
1475,-7.682 
1475,-36.229 
1475,-15.250 
1475,109.104 
1476,-7.812 
1476,-14.917 
1476,-33.146 
1476,-25.333 
1476,-54.474 
1476,99.062 
1477,-6.641 
1477,-8.854 
1477,-35.042 
1477,-47.021 
1477,-39.542 
1477,101.146 
1478,-7.812 
1478,-10.417 
1478,-35.432 
1478,-44.474 
1478,-32.625 
1478,126.062 
1479,-7.812 
1479,-10.417 
1479,-26.432 
1479,-37.271 
1479,-39.542 
1479,80.312 
1480,-6.641 
1480,-9.766 
1480,-26.432 
1480,-32.641 
1480,-31.974 
1480,99.062 
1481,-7.812 
1481,-10.417 
1481,-33.146 
1481,-39.224 
1481,-31.583 
1481,88.271 
1482,-7.812 
1482,-14.917 
1482,-16.682 
1482,-34.724 
1482,-31.974 
1482,117.062 
1483,-7.812 
1483,-10.417 
1483,-33.146 
1483,-39.224 
1483,-22.224 
1483,108.062 
1484,-7.812 
1484,-10.417 
1484,-33.146 
1484,-48.974 
1484,-40.974 
1484,107.312 
1485,-7.812 
1485,-10.417 
1485,-16.812 
1485,-18.391 
1485,-7.292 
1485,108.062 
1486,-7.812 
1486,-31.250 
1486,-37.646 
1486,-41.667 
1486,-34.057 
1486,105.979 
1487,-7.812 
1487,-9.766 
1487,-26.042 
1487,-47.021 
1487,-39.542 
1487,119.146 
1488,-7.812 
1488,-18.766 
1488,-16.682 
1488,-0.521 
1488,-18.375 
1488,99.062 
1489,-7.812 
1489,-31.250 
1489,-46.516 
1489,-30.224 
1489,-22.224 
1489,100.104 
1490,-7.812 
1490,-28.516 
1490,-35.432 
1490,-28.141 
1490,-11.792 
1490,117.062 
1491,-7.812 
1491,-31.250 
1491,-37.516 
1491,-25.854 
1491,-22.875 
1491,108.062 
1492,-7.812 
1492,-14.917 
1492,-12.182 
1492,-9.521 
1492,-18.375 
1492,126.062 
1493,-6.641 
1493,-9.766 
1493,-7.682 
1493,-19.141 
1493,-40.974 
1493,107.312 
1494,-7.812 
1494,-14.917 
1494,-12.182 
1494,-4.891 
1494,-13.224 
1494,99.062 
1495,-6.641 
1495,-8.854 
1495,-35.042 
1495,-38.021 
1495,-35.042 
1495,119.146 
1496,-7.812 
1496,-31.250 
1496,-46.516 
1496,-21.354 
1496,-18.375 
1496,108.062 
1497,-7.812 
1497,-31.250 
1497,-33.146 
1497,-25.724 
1497,-31.974 
1497,108.062 
1498,-7.812 
1498,-9.766 
1498,-16.292 
1498,-9.521 
1498,-16.292 
1498,108.062 
1499,-6.641 
1499,-9.766 
1499,-16.292 
1499,-28.271 
1499,-37.125 
1499,80.312 
1500,-7.812 
1500,-14.917 
1500,-28.646 
1500,-39.224 
1500,-31.583 
1500,88.271 
1501,-7.812 
1501,-18.766 
1501,-12.182 
1501,-5.021 
1501,-11.792 
1501,119.146 
1502,-6.641 
1502,-18.766 
1502,-37.516 
1502,-21.354 
1502,-18.375 
1502,108.062 
1503,-7.812 
1503,-31.250 
1503,-33.146 
1503,-46.167 
1503,-56.557 
1503,88.271 
1504,-7.812 
1504,-10.417 
1504,-7.812 
1504,-19.141 
1504,-44.042 
1504,119.146 
1505,-6.641 
1505,-26.562 
1505,-29.500 
1505,-48.062 
1505,-40.583 
1505,109.104 
1506,-6.641 
1506,-28.516 
1506,-30.932 
1506,-32.641 
1506,-26.042 
1506,128.146 
1507,-7.812 
1507,-28.516 
1507,-26.042 
1507,-47.021 
1507,-35.042 
1507,107.312 
1508,-7.812 
1508,-31.250 
1508,-33.016 
1508,-25.724 
1508,-13.224 
1508,126.062 
1509,-6.641 
1509,-14.266 
1509,-12.182 
1509,-19.271 
1509,-20.792 
1509,117.062 
1510,-6.641 
1510,-9.766 
1510,-21.182 
1510,-5.021 
1510,-20.792 
1510,99.062 
1511,-6.641 
1511,-18.766 
1511,-26.432 
1511,-38.021 
1511,-35.042 
1511,107.312 
1512,-6.641 
1512,-9.766 
1512,-7.682 
1512,-28.271 
1512,-35.042 
1512,128.146 
1513,-6.641 
1513,-28.516 
1513,-26.432 
1513,-48.974 
1513,-46.125 
1513,108.062 
1514,-7.812 
1514,-18.766 
1514,-26.432 
1514,-48.974 
1514,-40.974 
1514,107.312 
1515,-6.641 
1515,-28.516 
1515,-35.432 
1515,-28.141 
1515,-20.141 
1515,128.146 
1516,-7.812 
1516,-28.516 
1516,-35.042 
1516,-47.021 
1516,-39.542 
1516,101.146 
1517,-6.641 
1517,-28.516 
1517,-35.432 
1517,-28.141 
1517,-20.141 
1517,119.146 
1518,-7.812 
1518,-9.766 
1518,-7.682 
1518,-18.521 
1518,-18.375 
1518,105.979 
1519,-7.812 
1519,-31.250 
1519,-37.516 
1519,-34.724 
1519,-31.583 
1519,109.104 
1520,-7.812 
1520,-31.250 
1520,-28.646 
1520,-34.333 
1520,-35.724 
1520,100.104 
1521,-7.812 
1521,-31.250 
1521,-37.516 
1521,-43.562 
1521,-40.583 
1521,109.104 
1522,-6.641 
1522,-28.516 
1522,-35.042 
1522,-28.271 
1522,-39.542 
1522,101.146 
1523,-6.641 
1523,-9.766 
1523,-28.516 
1523,-21.224 
1523,-43.057 
1523,88.271 
1524,-7.812 
1524,-9.766 
1524,-16.292 
1524,-9.521 
1524,-18.375 
1524,108.062 
1525,-7.812 
1525,-9.766 
1525,-26.432 
1525,-48.974 
1525,-31.974 
1525,108.062 
1526,-7.812 
1526,-28.516 
1526,-30.932 
1526,-23.641 
1526,-11.141 
1526,128.146 
1527,-7.812 
1527,-10.417 
1527,-16.812 
1527,-28.141 
1527,-30.542 
1527,119.146 
1528,-7.812 
1528,-18.766 
1528,-16.682 
1528,-9.391 
1528,-17.724 
1528,108.062 
1529,-7.812 
1529,-10.417 
1529,-28.646 
1529,-34.333 
1529,-45.474 
1529,107.312 
1530,-7.812 
1530,-10.417 
1530,-25.682 
1530,-30.224 
1530,-22.224 
1530,99.062 
1531,-7.812 
1531,-18.766 
1531,-12.182 
1531,-22.729 
1531,-36.083 
1531,109.104 
1532,-7.812 
1532,-31.250 
1532,-37.516 
1532,-25.854 
1532,-22.875 
1532,108.062 
1533,-7.812 
1533,-14.917 
1533,-33.146 
1533,-39.224 
1533,-38.557 
1533,105.979 
1534,-6.641 
1534,-18.766 
1534,-7.292 
1534,-28.271 
1534,-26.042 
1534,119.146 
1535,-7.812 
1535,-28.516 
1535,-30.932 
1535,-23.771 
1535,-37.125 
1535,107.312 
1536,-7.812 
1536,-31.250 
1536,-33.146 
1536,-25.333 
1536,-45.474 
1536,107.312 
1537,-6.641 
1537,-18.766 
1537,-16.682 
1537,-18.229 
1537,-19.750 
1537,109.104 
1538,-6.641 
1538,-9.766 
1538,-7.682 
1538,-13.891 
1538,-13.224 
1538,100.104 
1539,-7.812 
1539,-9.766 
1539,-16.682 
1539,-9.521 
1539,-20.792 
1539,99.062 
1540,-7.812 
1540,-14.917 
1540,-26.432 
1540,-23.641 
1540,-35.042 
1540,128.146 
1541,-6.641 
1541,-9.766 
1541,-29.500 
1541,-31.729 
1541,-40.583 
1541,100.104 
1542,-6.641 
1542,-18.766 
1542,-12.182 
1542,-34.724 
1542,-13.875 
1542,99.062 
1543,-7.812 
1543,-31.250 
1543,-33.016 
1543,-25.724 
1543,-37.125 
1543,107.312 
1544,-7.812 
1544,-14.266 
1544,-12.182 
1544,-21.224 
1544,-31.974 
1544,107.312 
1545,-7.812 
1545,-31.250 
1545,-33.146 
1545,-39.224 
1545,-31.974 
1545,107.312 
1546,-6.641 
1546,-9.766 
1546,-33.016 
1546,-30.354 
1546,-32.625 
1546,107.312 
1547,-7.812 
1547,-31.250 
1547,-33.146 
1547,-25.724 
1547,-13.224 
1547,126.062 
1548,-7.812 
1548,-9.766 
1548,-7.682 
1548,-28.271 
1548,-35.042 
1548,107.312 
1549,-7.812 
1549,-10.417 
1549,-7.682 
1549,-21.224 
1549,-40.974 
1549,107.312 
1550,-6.641 
1550,-9.766 
1550,-16.682 
1550,-4.891 
1550,-8.724 
1550,126.062 
1551,-7.812 
1551,-18.766 
1551,-30.932 
1551,-32.641 
1551,-20.141 
1551,101.146 
1552,-7.812 
1552,-31.250 
1552,-28.646 
1552,-34.333 
1552,-27.474 
1552,108.062 
1553,-7.812 
1553,-10.417 
1553,-28.646 
1553,-34.333 
1553,-35.724 
1553,99.062 
1554,-7.812 
1554,-9.766 
1554,-26.042 
1554,-32.771 
1554,-20.792 
1554,128.146 
1555,-7.812 
1555,-31.250 
1555,-33.016 
1555,-44.474 
1555,-46.125 
1555,108.062 
1556,-6.641 
1556,-26.562 
1556,-29.500 
1556,-31.729 
1556,-40.583 
1556,88.271 
1557,-7.812 
1557,-9.766 
1557,-28.516 
1557,-21.224 
1557,-40.974 
1557,108.062 
1558,-6.641 
1558,-9.766 
1558,-26.042 
1558,-28.271 
1558,-16.292 
1558,126.062 
1559,-6.641 
1559,-18.766 
1559,-16.682 
1559,-19.141 
1559,-36.474 
1559,126.062 
1560,-6.641 
1560,-18.766 
1560,-16.682 
1560,-25.724 
1560,-22.224 
1560,108.062 
1561,-7.812 
1561,-14.917 
1561,-12.312 
1561,-19.141 
1561,-31.974 
1561,107.312 
1562,-7.812 
1562,-28.516 
1562,-30.932 
1562,-44.474 
1562,-46.125 
1562,108.062 
1563,-6.641 
1563,-14.266 
1563,-12.182 
1563,-23.641 
1563,-35.042 
1563,107.312 
1564,-7.812 
1564,-10.417 
1564,-26.432 
1564,-32.641 
1564,-35.042 
1564,107.312 
1565,-7.812 
1565,-9.766 
1565,-16.292 
1565,-19.271 
1565,-35.042 
1565,128.146 
1566,-7.812 
1566,-14.917 
1566,-12.182 
1566,-25.724 
1566,-31.974 
1566,80.312 
1567,-7.812 
1567,-9.766 
1567,-16.292 
1567,-23.771 
1567,-20.792 
1567,108.062 
1568,-7.812 
1568,-14.917 
1568,-12.312 
1568,-4.500 
1568,-24.641 
1568,128.146 
1569,-7.812 
1569,-18.766 
1569,-16.682 
1569,-19.271 
1569,-39.542 
1569,101.146 
1570,-7.812 
1570,-18.766 
1570,-16.682 
1570,-19.271 
1570,-20.792 
1570,119.146 
1571,-7.812 
1571,-10.417 
1571,-25.682 
1571,-9.391 
1571,-6.250 
1571,109.104 
1572,-7.812 
1572,-18.766 
1572,-16.682 
1572,-30.224 
1572,-27.083 
1572,88.271 
1573,-6.641 
1573,-8.854 
1573,-35.042 
1573,-38.021 
1573,-39.542 
1573,107.312 
1574,-7.812 
1574,-31.250 
1574,-33.146 
1574,-39.224 
1574,-22.224 
1574,108.062 
1575,-6.641 
1575,-18.766 
1575,-16.682 
1575,-25.724 
1575,-32.625 
1575,108.062 
1576,-7.812 
1576,-31.250 
1576,-28.516 
1576,-39.974 
1576,-55.125 
1576,99.062 
1577,-7.812 
1577,-14.917 
1577,-26.432 
1577,-32.641 
1577,-36.474 
1577,126.062 
1578,-7.812 
1578,-31.250 
1578,-28.646 
1578,-57.974 
1578,-40.974 
1578,117.062 
1579,-7.812 
1579,-18.766 
1579,-26.432 
1579,-28.141 
1579,-26.042 
1579,107.312 
1580,-7.812 
1580,-9.766 
1580,-16.292 
1580,-19.271 
1580,-35.042 
1580,128.146 
1581,-7.812 
1581,-14.917 
1581,-12.312 
1581,-23.641 
1581,-35.042 
1581,107.312 
1582,-7.812 
1582,-10.417 
1582,-7.682 
1582,-21.224 
1582,-26.724 
1582,100.104 
1583,-7.812 
1583,-9.766 
1583,-34.000 
1583,-48.062 
1583,-36.083 
1583,100.104 
1584,-6.641 
1584,-18.766 
1584,-7.292 
1584,-9.521 
1584,-16.292 
1584,101.146 
1585,-6.641 
1585,-18.766 
1585,-37.516 
1585,-30.224 
1585,-28.125 
1585,108.062 
1586,-7.812 
1586,-31.250 
1586,-33.146 
1586,-25.724 
1586,-13.224 
1586,109.104 
1587,-7.812 
1587,-10.417 
1587,-35.432 
1587,-19.271 
1587,-35.042 
1587,107.312 
1588,-6.641 
1588,-18.766 
1588,-7.292 
1588,-9.521 
1588,-16.292 
1588,108.062 
1589,-6.641 
1589,-26.562 
1589,-34.000 
1589,-27.229 
1589,-36.083 
1589,88.271 
1590,-7.812 
1590,-10.417 
1590,-26.432 
1590,-48.974 
1590,-46.125 
1590,107.312 
1591,-7.812 
1591,-28.516 
1591,-30.932 
1591,-23.771 
1591,-37.125 
1591,126.062 
1592,-7.812 
1592,-10.417 
1592,-7.682 
1592,-18.521 
1592,-18.375 
1592,108.062 
1593,-6.641 
1593,-28.516 
1593,-30.932 
1593,-38.021 
1593,-39.542 
1593,107.312 
1594,-7.812 
1594,-28.516 
1594,-26.432 
1594,-47.021 
1594,-35.042 
1594,107.312 
1595,-6.641 
1595,-14.266 
1595,-30.932 
1595,-39.974 
1595,-46.125 
1595,107.312 
1596,-7.812 
1596,-9.766 
1596,-7.682 
1596,-18.521 
1596,-18.375 
1596,108.062 
1597,-7.812 
1597,-14.917 
1597,-12.312 
1597,-4.500 
1597,-33.641 
1597,101.146 
1598,-7.812 
1598,-18.766 
1598,-30.932 
1598,-32.641 
1598,-30.542 
1598,101.146 
1599,-6.641 
1599,-18.766 
1599,-16.682 
1599,-18.229 
1599,-36.083 
1599,88.271 
1600,-7.812 
1600,-10.417 
1600,-26.432 
1600,-19.141 
1600,-24.641 
1600,119.146 
1601,-6.641 
1601,-18.766 
1601,-37.516 
1601,-39.974 
1601,-40.974 
1601,107.312 
1602,-6.641 
1602,-8.854 
1602,-16.292 
1602,-28.271 
1602,-16.292 
1602,108.062 
1603,-7.812 
1603,-10.417 
1603,-7.682 
1603,-28.271 
1603,-16.292 
1603,128.146 
1604,-7.812 
1604,-10.417 
1604,-7.812 
1604,-27.391 
1604,-20.141 
1604,101.146 
1605,-6.641 
1605,-28.516 
1605,-35.432 
1605,-47.021 
1605,-39.542 
1605,80.312 
1606,-7.812 
1606,-10.417 
1606,-35.432 
1606,-28.141 
1606,-30.542 
1606,119.146 
1607,-6.641 
1607,-9.766 
1607,-16.292 
1607,-28.271 
1607,-37.125 
1607,107.312 
1608,-7.812 
1608,-14.917 
1608,-16.682 
1608,-19.271 
1608,-30.542 
1608,128.146 
1609,-7.812 
1609,-28.516 
1609,-35.432 
1609,-47.021 
1609,-39.542 
1609,101.146 
1610,-6.641 
1610,-8.854 
1610,-16.292 
1610,-19.271 
1610,-35.042 
1610,119.146 
1611,-6.641 
1611,-8.854 
1611,-26.042 
1611,-42.521 
1611,-39.542 
1611,107.312 
1612,-7.812 
1612,-14.917 
1612,-35.432 
1612,-23.771 
1612,-41.625 
1612,99.062 
1613,-7.812 
1613,-18.766 
1613,-28.516 
1613,-44.474 
1613,-32.625 
1613,107.312 
1614,-7.812 
1614,-31.250 
1614,-37.516 
1614,-34.724 
1614,-43.057 
1614,105.979 
1615,-6.641 
1615,-14.266 
1615,-7.292 
1615,-32.771 
1615,-37.125 
1615,107.312 
1616,-7.812 
1616,-18.766 
1616,-30.932 
1616,-32.641 
1616,-40.974 
1616,80.312 
1617,-7.812 
1617,-31.250 
1617,-33.146 
1617,-25.724 
1617,-45.083 
1617,109.104 
1618,-6.641 
1618,-9.766 
1618,-7.682 
1618,-21.224 
1618,-36.375 
1618,105.979 
1619,-6.641 
1619,-9.766 
1619,-7.682 
1619,-28.271 
1619,-37.125 
1619,126.062 
1620,-6.641 
1620,-26.562 
1620,-29.500 
1620,-48.062 
1620,-40.583 
1620,109.104 
1621,-7.812 
1621,-14.917 
1621,-16.682 
1621,-23.771 
1621,-37.125 
1621,108.062 
1622,-7.812 
1622,-31.250 
1622,-33.146 
1622,-39.224 
1622,-31.583 
1622,88.271 
1623,-7.812 
1623,-10.417 
1623,-25.682 
1623,-0.521 
1623,-7.292 
1623,128.146 
1624,-6.641 
1624,-18.766 
1624,-16.682 
1624,-25.724 
1624,-13.875 
1624,126.062 
1625,-6.641 
1625,-18.766 
1625,-37.516 
1625,-48.974 
1625,-40.974 
1625,80.312 
1626,-7.812 
1626,-14.917 
1626,-28.646 
1626,-48.974 
1626,-32.625 
1626,107.312 
1627,-7.812 
1627,-31.250 
1627,-28.646 
1627,-34.333 
1627,-45.474 
1627,107.312 
1628,-7.812 
1628,-10.417 
1628,-28.646 
1628,-57.974 
1628,-40.974 
1628,117.062 
1629,-7.812 
1629,-28.516 
1629,-39.932 
1629,-53.474 
1629,-32.625 
1629,80.312 
1630,-6.641 
1630,-9.766 
1630,-7.682 
1630,-13.891 
1630,-11.141 
1630,101.146 
1631,-7.812 
1631,-10.417 
1631,-7.682 
1631,-0.391 
1631,-25.292 
1631,126.062 
1632,-6.641 
1632,-28.516 
1632,-35.042 
1632,-28.271 
1632,-20.792 
1632,99.062 
1633,-7.812 
1633,-10.417 
1633,-7.682 
1633,-19.141 
1633,-24.641 
1633,119.146 
1634,-6.641 
1634,-9.766 
1634,-26.042 
1634,-28.271 
1634,-35.042 
1634,128.146 
1635,-6.641 
1635,-8.854 
1635,-26.042 
1635,-28.271 
1635,-20.792 
1635,119.146 
1636,-7.812 
1636,-10.417 
1636,-28.646 
1636,-50.667 
1636,-34.057 
1636,88.271 
1637,-7.812 
1637,-31.250 
1637,-37.646 
1637,-25.724 
1637,-46.125 
1637,99.062 
1638,-7.812 
1638,-14.917 
1638,-12.312 
1638,-20.833 
1638,-35.724 
1638,108.062 
1639,-7.812 
1639,-10.417 
1639,-25.682 
1639,-0.521 
1639,-7.292 
1639,126.062 
1640,-6.641 
1640,-18.766 
1640,-12.182 
1640,-23.641 
1640,-20.141 
1640,119.146 
1641,-7.812 
1641,-31.250 
1641,-33.016 
1641,-25.724 
1641,-34.057 
1641,105.979 
1642,-7.812 
1642,-31.250 
1642,-33.146 
1642,-39.224 
1642,-31.974 
1642,107.312 
1643,-6.641 
1643,-9.766 
1643,-26.432 
1643,-39.974 
1643,-55.125 
1643,80.312 
1644,-7.812 
1644,-18.766 
1644,-16.682 
1644,-28.141 
1644,-40.974 
1644,80.312 
1645,-6.641 
1645,-8.854 
1645,-16.292 
1645,-25.854 
1645,-22.875 
1645,105.979 
1646,-7.812 
1646,-10.417 
1646,-26.432 
1646,-32.641 
1646,-27.474 
1646,107.312 
1647,-7.812 
1647,-10.417 
1647,-16.812 
1647,-28.141 
1647,-30.542 
1647,107.312 
1648,-7.812 
1648,-10.417 
1648,-7.682 
1648,-30.224 
1648,-31.974 
1648,108.062 
1649,-7.812 
1649,-14.917 
1649,-12.182 
1649,-28.271 
1649,-39.542 
1649,101.146 
1650,-7.812 
1650,-18.766 
1650,-16.682 
1650,-28.141 
1650,-40.974 
1650,99.062 
1651,-6.641 
1651,-14.266 
1651,-25.000 
1651,-31.729 
1651,-36.083 
1651,88.271 
1652,-7.812 
1652,-28.516 
1652,-39.932 
1652,-23.771 
1652,-39.542 
1652,80.312 
1653,-6.641 
1653,-8.854 
1653,-16.292 
1653,-28.271 
1653,-37.125 
1653,107.312 
1654,-6.641 
1654,-9.766 
1654,-33.016 
1654,-30.354 
1654,-32.625 
1654,107.312 
1655,-6.641 
1655,-8.854 
1655,-35.042 
1655,-28.271 
1655,-39.542 
1655,101.146 
1656,-7.812 
1656,-14.917 
1656,-28.646 
1656,-25.333 
1656,-35.724 
1656,108.062 
1657,-7.812 
1657,-10.417 
1657,-33.146 
1657,-39.224 
1657,-43.057 
1657,88.271 
1658,-6.641 
1658,-28.516 
1658,-35.432 
1658,-28.141 
1658,-26.042 
1658,107.312 
1659,-7.812 
1659,-10.417 
1659,-35.432 
1659,-28.141 
1659,-11.792 
1659,126.062 
1660,-7.812 
1660,-14.917 
1660,-28.646 
1660,-39.224 
1660,-31.583 
1660,109.104 
1661,-6.641 
1661,-8.854 
1661,-35.042 
1661,-38.021 
1661,-35.042 
1661,119.146 
1662,-7.812 
1662,-14.917 
1662,-33.146 
1662,-25.724 
1662,-13.224 
1662,99.062 
1663,-7.812 
1663,-28.516 
1663,-26.432 
1663,-39.974 
1663,-45.474 
1663,80.312 
1664,-7.812 
1664,-18.766 
1664,-26.042 
1664,-28.271 
1664,-26.042 
1664,107.312 
1665,-7.812 
1665,-14.917 
1665,-26.432 
1665,-23.771 
1665,-20.792 
1665,126.062 
1666,-6.641 
1666,-8.854 
1666,-26.042 
1666,-32.771 
1666,-30.542 
1666,107.312 
1667,-7.812 
1667,-9.766 
1667,-30.932 
1667,-23.771 
1667,-37.125 
1667,107.312 
1668,-7.812 
1668,-9.766 
1668,-26.432 
1668,-47.021 
1668,-35.042 
1668,119.146 
1669,-7.812 
1669,-10.417 
1669,-28.646 
1669,-21.224 
1669,-36.375 
1669,108.062 
1670,-7.812 
1670,-18.766 
1670,-16.682 
1670,-19.141 
1670,-36.474 
1670,126.062 
1671,-7.812 
1671,-10.417 
1671,-16.812 
1671,-25.333 
1671,-31.974 
1671,80.312 
1672,-7.812 
1672,-9.766 
1672,-28.516 
1672,-34.724 
1672,-46.125 
1672,99.062 
1673,-7.812 
1673,-10.417 
1673,-25.682 
1673,-9.391 
1673,-11.141 
1673,128.146 
1674,-6.641 
1674,-9.766 
1674,-11.792 
1674,-30.354 
1674,-41.625 
1674,108.062 
1675,-6.641 
1675,-18.766 
1675,-7.292 
1675,-28.271 
1675,-39.542 
1675,80.312 
1676,-7.812 
1676,-9.766 
1676,-26.432 
1676,-48.974 
1676,-46.125 
1676,108.062 
1677,-6.641 
1677,-26.562 
1677,-29.500 
1677,-48.062 
1677,-40.583 
1677,109.104 
1678,-7.812 
1678,-9.766 
1678,-7.682 
1678,-36.229 
1678,-19.750 
1678,100.104 
1679,-6.641 
1679,-14.266 
1679,-7.292 
1679,-23.771 
1679,-39.542 
1679,107.312 
1680,-6.641 
1680,-28.516 
1680,-26.432 
1680,-19.141 
1680,-34.292 
1680,108.062 
1681,-7.812 
1681,-14.266 
1681,-7.292 
1681,-14.021 
1681,-11.792 
1681,119.146 
1682,-7.812 
1682,-10.417 
1682,-7.682 
1682,-36.229 
1682,-19.750 
1682,100.104 
1683,-6.641 
1683,-28.516 
1683,-26.432 
1683,-47.021 
1683,-35.042 
1683,107.312 
1684,-7.812 
1684,-14.917 
1684,-28.646 
1684,-39.224 
1684,-22.224 
1684,109.104 
1685,-6.641 
1685,-9.766 
1685,-30.932 
1685,-38.021 
1685,-39.542 
1685,107.312 
1686,-7.812 
1686,-9.766 
1686,-37.516 
1686,-25.854 
1686,-32.625 
1686,126.062 
1687,-7.812 
1687,-18.766 
1687,-12.182 
1687,-34.724 
1687,-13.875 
1687,117.062 
1688,-7.812 
1688,-18.766 
1688,-26.432 
1688,-48.974 
1688,-40.974 
1688,117.062 
1689,-7.812 
1689,-9.766 
1689,-33.016 
1689,-48.062 
1689,-40.583 
1689,88.271 
1690,-7.812 
1690,-14.917 
1690,-30.932 
1690,-23.641 
1690,-25.292 
1690,119.146 
1691,-7.812 
1691,-10.417 
1691,-7.682 
1691,-0.391 
1691,-22.224 
1691,109.104 
1692,-7.812 
1692,-18.766 
1692,-12.182 
1692,-23.641 
1692,-26.042 
1692,128.146 
1693,-7.812 
1693,-28.516 
1693,-26.432 
1693,-37.271 
1693,-26.042 
1693,107.312 
1694,-7.812 
1694,-28.516 
1694,-26.432 
1694,-19.141 
1694,-34.292 
1694,108.062 
1695,-7.812 
1695,-28.516 
1695,-39.932 
1695,-32.641 
1695,-30.542 
1695,101.146 
1696,-7.812 
1696,-9.766 
1696,-7.682 
1696,-28.271 
1696,-20.792 
1696,126.062 
1697,-7.812 
1697,-10.417 
1697,-7.812 
1697,-19.141 
1697,-34.292 
1697,108.062 
1698,-7.812 
1698,-9.766 
1698,-26.432 
1698,-19.141 
1698,-40.974 
1698,108.062 
1699,-7.812 
1699,-14.917 
1699,-35.432 
1699,-23.771 
1699,-41.625 
1699,99.062 
1700,-7.812 
1700,-10.417 
1700,-26.432 
1700,-32.641 
1700,-44.042 
1700,80.312 
1701,-7.812 
1701,-14.266 
1701,-28.516 
1701,-25.724 
1701,-37.125 
1701,126.062 
1702,-7.812 
1702,-31.250 
1702,-33.146 
1702,-39.224 
1702,-32.625 
1702,108.062 
1703,-7.812 
1703,-14.266 
1703,-28.516 
1703,-44.474 
1703,-46.125 
1703,108.062 
1704,-7.812 
1704,-14.917 
1704,-12.182 
1704,-25.724 
1704,-13.224 
1704,100.104 
1705,-6.641 
1705,-8.854 
1705,-35.042 
1705,-28.271 
1705,-30.542 
1705,107.312 
1706,-6.641 
1706,-9.766 
1706,-7.682 
1706,-18.521 
1706,-18.375 
1706,105.979 
1707,-7.812 
1707,-9.766 
1707,-26.432 
1707,-32.641 
1707,-44.042 
1707,80.312 
1708,-7.812 
1708,-10.417 
1708,-26.432 
1708,-39.974 
1708,-55.125 
1708,99.062 
1709,-7.812 
1709,-14.917 
1709,-12.312 
1709,-25.333 
1709,-54.474 
1709,80.312 
1710,-7.812 
1710,-14.917 
1710,-33.146 
1710,-39.224 
1710,-31.583 
1710,100.104 
1711,-6.641 
1711,-18.766 
1711,-16.682 
1711,-9.391 
1711,-11.141 
1711,119.146 
1712,-7.812 
1712,-10.417 
1712,-25.682 
1712,-18.229 
1712,-15.250 
1712,109.104 
1713,-7.812 
1713,-28.516 
1713,-35.042 
1713,-28.271 
1713,-30.542 
1713,107.312 
1714,-7.812 
1714,-9.766 
1714,-30.932 
1714,-28.271 
1714,-20.792 
1714,108.062 
1715,-7.812 
1715,-9.766 
1715,-21.182 
1715,-13.891 
1715,-22.224 
1715,100.104 
1716,-7.812 
1716,-14.917 
1716,-30.932 
1716,-39.974 
1716,-46.125 
1716,108.062 
1717,-7.812 
1717,-31.250 
1717,-33.146 
1717,-25.724 
1717,-45.083 
1717,109.104 
1718,-7.812 
1718,-9.766 
1718,-26.042 
1718,-28.271 
1718,-16.292 
1718,128.146 
1719,-7.812 
1719,-28.516 
1719,-26.042 
1719,-32.771 
1719,-30.542 
1719,107.312 
1720,-6.641 
1720,-14.266 
1720,-12.182 
1720,-25.724 
1720,-45.083 
1720,100.104 
1721,-7.812 
1721,-10.417 
1721,-28.646 
1721,-21.224 
1721,-40.974 
1721,108.062 
1722,-7.812 
1722,-10.417 
1722,-25.682 
1722,-30.224 
1722,-28.125 
1722,80.312 
1723,-7.812 
1723,-18.766 
1723,-7.292 
1723,-25.854 
1723,-32.625 
1723,126.062 
1724,-7.812 
1724,-14.917 
1724,-26.432 
1724,-23.771 
1724,-39.542 
1724,119.146 
1725,-7.812 
1725,-28.516 
1725,-35.432 
1725,-28.141 
1725,-36.474 
1725,107.312 
1726,-7.812 
1726,-14.917 
1726,-12.312 
1726,-23.641 
1726,-31.974 
1726,80.312 
1727,-7.812 
1727,-14.266 
1727,-7.292 
1727,-23.771 
1727,-37.125 
1727,107.312 
1728,-6.641 
1728,-8.854 
1728,-35.042 
1728,-38.021 
1728,-39.542 
1728,119.146 
1729,-6.641 
1729,-9.766 
1729,-26.042 
1729,-28.271 
1729,-35.042 
1729,128.146 
1730,-7.812 
1730,-14.266 
1730,-7.292 
1730,-23.771 
1730,-20.792 
1730,119.146 
1731,-7.812 
1731,-10.417 
1731,-35.432 
1731,-38.021 
1731,-39.542 
1731,119.146 
1732,-6.641 
1732,-9.766 
1732,-33.016 
1732,-30.354 
1732,-32.625 
1732,126.062 
1733,-6.641 
1733,-9.766 
1733,-16.682 
1733,-27.229 
1733,-40.583 
1733,100.104 
1734,-6.641 
1734,-8.854 
1734,-35.042 
1734,-28.271 
1734,-37.125 
1734,80.312 
1735,-6.641 
1735,-14.266 
1735,-28.516 
1735,-44.474 
1735,-46.125 
1735,108.062 
1736,-7.812 
1736,-14.917 
1736,-33.146 
1736,-39.224 
1736,-22.224 
1736,108.062 
1737,-7.812 
1737,-10.417 
1737,-25.682 
1737,-19.271 
1737,-16.292 
1737,101.146 
1738,-7.812 
1738,-18.766 
1738,-16.682 
1738,-9.391 
1738,-7.292 
1738,108.062 
1739,-6.641 
1739,-26.562 
1739,-34.000 
1739,-27.229 
1739,-19.750 
1739,109.104 
1740,-7.812 
1740,-14.917 
1740,-26.432 
1740,-44.474 
1740,-46.125 
1740,107.312 
1741,-6.641 
1741,-14.266 
1741,-12.182 
1741,-23.641 
1741,-27.474 
1741,107.312 
1742,-6.641 
1742,-8.854 
1742,-16.292 
1742,-28.271 
1742,-41.625 
1742,99.062 
1743,-6.641 
1743,-18.766 
1743,-26.042 
1743,-38.021 
1743,-35.042 
1743,119.146 
1744,-7.812 
1744,-18.766 
1744,-7.292 
1744,-30.354 
1744,-37.125 
1744,108.062 
1745,-6.641 
1745,-9.766 
1745,-29.500 
1745,-48.062 
1745,-40.583 
1745,109.104 
1746,-6.641 
1746,-28.516 
1746,-39.932 
1746,-53.474 
1746,-40.974 
1746,80.312 
1747,-7.812 
1747,-14.917 
1747,-26.432 
1747,-44.474 
1747,-46.125 
1747,107.312 
1748,-7.812 
1748,-18.766 
1748,-25.000 
1748,-27.229 
1748,-40.583 
1748,100.104 
1749,-7.812 
1749,-10.417 
1749,-16.812 
1749,-23.641 
1749,-11.141 
1749,119.146 
1750,-7.812 
1750,-14.917 
1750,-33.146 
1750,-25.333 
1750,-27.474 
1750,108.062 
1751,-7.812 
1751,-31.250 
1751,-37.516 
1751,-44.474 
1751,-32.625 
1751,107.312 
1752,-6.641 
1752,-9.766 
1752,-7.682 
1752,-21.224 
1752,-40.974 
1752,108.062 
1753,-6.641 
1753,-9.766 
1753,-16.292 
1753,-9.521 
1753,-18.375 
1753,105.979 
1754,-6.641 
1754,-8.854 
1754,-11.792 
1754,-32.771 
1754,-37.125 
1754,107.312 
1755,-7.812 
1755,-31.250 
1755,-33.016 
1755,-25.724 
1755,-27.375 
1755,126.062 
1756,-7.812 
1756,-10.417 
1756,-25.682 
1756,-0.521 
1756,-18.375 
1756,99.062 
1757,-7.812 
1757,-18.766 
1757,-37.516 
1757,-48.974 
1757,-40.974 
1757,99.062 
1758,-7.812 
1758,-10.417 
1758,-16.812 
1758,-28.141 
1758,-20.141 
1758,119.146 
1759,-6.641 
1759,-18.766 
1759,-12.182 
1759,-19.271 
1759,-41.625 
1759,108.062 
1760,-7.812 
1760,-28.516 
1760,-35.432 
1760,-28.141 
1760,-36.474 
1760,126.062 
1761,-6.641 
1761,-9.766 
1761,-11.792 
1761,-32.771 
1761,-37.125 
1761,107.312 
1762,-6.641 
1762,-18.766 
1762,-7.292 
1762,-9.521 
1762,-18.375 
1762,105.979 
1763,-6.641 
1763,-14.266 
1763,-12.182 
1763,-23.641 
1763,-35.042 
1763,119.146 
1764,-7.812 
1764,-14.917 
1764,-12.312 
1764,-28.141 
1764,-11.792 
1764,119.146 
1765,-7.812 
1765,-9.766 
1765,-26.042 
1765,-32.771 
1765,-20.792 
1765,108.062 
1766,-7.812 
1766,-14.917 
1766,-28.646 
1766,-25.724 
1766,-31.974 
1766,108.062 
1767,-7.812 
1767,-31.250 
1767,-37.516 
1767,-34.724 
1767,-31.974 
1767,126.062 
1768,-7.812 
1768,-14.917 
1768,-12.182 
1768,-23.641 
1768,-31.974 
1768,99.062 
1769,-6.641 
1769,-8.854 
1769,-26.042 
1769,-28.271 
1769,-20.792 
1769,119.146 
1770,-7.812 
1770,-10.417 
1770,-28.646 
1770,-21.224 
1770,-26.724 
1770,100.104 
1771,-6.641 
1771,-9.766 
1771,-21.182 
1771,-34.724 
1771,-22.224 
1771,100.104 
1772,-7.812 
1772,-9.766 
1772,-7.682 
1772,-19.141 
1772,-34.292 
1772,101.146 
1773,-6.641 
1773,-9.766 
1773,-37.516 
1773,-34.724 
1773,-32.625 
1773,107.312 
1774,-7.812 
1774,-28.516 
1774,-30.932 
1774,-23.771 
1774,-39.542 
1774,107.312 
1775,-7.812 
1775,-28.516 
1775,-30.932 
1775,-38.021 
1775,-39.542 
1775,128.146 
1776,-6.641 
1776,-18.766 
1776,-16.682 
1776,-19.271 
1776,-26.042 
1776,119.146 
1777,-7.812 
1777,-31.250 
1777,-37.646 
1777,-57.974 
1777,-32.625 
1777,80.312 
1778,-7.812 
1778,-31.250 
1778,-37.646 
1778,-25.724 
1778,-31.974 
1778,80.312 
1779,-7.812 
1779,-10.417 
1779,-7.812 
1779,-19.141 
1779,-44.042 
1779,107.312 
1780,-7.812 
1780,-31.250 
1780,-37.646 
1780,-25.724 
1780,-13.224 
1780,117.062 
1781,-7.812 
1781,-14.266 
1781,-12.182 
1781,-21.224 
1781,-37.125 
1781,126.062 
1782,-6.641 
1782,-8.854 
1782,-26.042 
1782,-42.521 
1782,-39.542 
1782,107.312 
1783,-6.641 
1783,-9.766 
1783,-7.682 
1783,-30.224 
1783,-34.057 
1783,88.271 
1784,-7.812 
1784,-10.417 
1784,-7.682 
1784,-21.224 
1784,-36.375 
1784,99.062 
1785,-7.812 
1785,-31.250 
1785,-37.516 
1785,-25.854 
1785,-41.625 
1785,107.312 
1786,-7.812 
1786,-31.250 
1786,-33.146 
1786,-25.724 
1786,-37.125 
1786,107.312 
1787,-7.812 
1787,-31.250 
1787,-37.516 
1787,-43.562 
1787,-40.583 
1787,109.104 
1788,-7.812 
1788,-28.516 
1788,-30.932 
1788,-28.271 
1788,-41.625 
1788,108.062 
1789,-7.812 
1789,-10.417 
1789,-26.432 
1789,-19.141 
1789,-40.974 
1789,107.312 
1790,-6.641 
1790,-8.854 
1790,-30.542 
1790,-32.771 
1790,-39.542 
1790,101.146 
1791,-7.812 
1791,-14.917 
1791,-33.146 
1791,-57.974 
1791,-40.974 
1791,99.062 
1792,-6.641 
1792,-9.766 
1792,-26.432 
1792,-47.021 
1792,-39.542 
1792,119.146 
1793,-6.641 
1793,-9.766 
1793,-26.432 
1793,-19.141 
1793,-44.042 
1793,107.312 
1794,-7.812 
1794,-14.917 
1794,-33.146 
1794,-39.224 
1794,-22.224 
1794,100.104 
1795,-7.812 
1795,-14.266 
1795,-30.932 
1795,-23.641 
1795,-11.141 
1795,119.146 
1796,-7.812 
1796,-14.266 
1796,-12.182 
1796,-25.724 
1796,-13.224 
1796,99.062 
1797,-7.812 
1797,-31.250 
1797,-28.516 
1797,-48.974 
1797,-31.974 
1797,108.062 
1798,-6.641 
1798,-18.766 
1798,-16.682 
1798,-9.391 
1798,-7.292 
1798,101.146 
1799,-6.641 
1799,-28.516 
1799,-26.432 
1799,-32.641 
1799,-25.292 
1799,119.146 
1800,-7.812 
1800,-14.917 
1800,-26.432 
1800,-32.641 
1800,-40.974 
1800,107.312 
1801,-7.812 
1801,-14.917 
1801,-33.146 
1801,-25.724 
1801,-31.974 
1801,99.062 
1802,-7.812 
1802,-28.516 
1802,-35.432 
1802,-38.021 
1802,-39.542 
1802,107.312 
1803,-6.641 
1803,-9.766 
1803,-26.042 
1803,-28.271 
1803,-16.292 
1803,126.062 
1804,-7.812 
1804,-9.766 
1804,-34.000 
1804,-27.229 
1804,-36.083 
1804,88.271 
1805,-7.812 
1805,-28.516 
1805,-35.432 
1805,-19.271 
1805,-20.792 
1805,126.062 
1806,-7.812 
1806,-14.917 
1806,-35.432 
1806,-23.771 
1806,-20.792 
1806,99.062 
1807,-7.812 
1807,-31.250 
1807,-37.516 
1807,-25.854 
1807,-41.625 
1807,107.312 
1808,-7.812 
1808,-14.917 
1808,-12.182 
1808,-25.724 
1808,-31.974 
1808,99.062 
1809,-7.812 
1809,-14.917 
1809,-28.646 
1809,-25.724 
1809,-45.083 
1809,109.104 
1810,-7.812 
1810,-14.917 
1810,-12.312 
1810,-18.391 
1810,-22.224 
1810,108.062 
1811,-7.812 
1811,-10.417 
1811,-28.646 
1811,-34.333 
1811,-54.474 
1811,80.312 
1812,-7.812 
1812,-10.417 
1812,-33.146 
1812,-39.224 
1812,-31.583 
1812,109.104 
1813,-7.812 
1813,-14.917 
1813,-12.182 
1813,-25.724 
1813,-31.974 
1813,80.312 
1814,-7.812 
1814,-14.917 
1814,-12.182 
1814,-19.271 
1814,-20.792 
1814,119.146 
1815,-7.812 
1815,-9.766 
1815,-26.042 
1815,-28.271 
1815,-35.042 
1815,119.146 
1816,-7.812 
1816,-9.766 
1816,-7.682 
1816,-30.224 
1816,-45.083 
1816,88.271 
1817,-6.641 
1817,-9.766 
1817,-7.682 
1817,-18.521 
1817,-16.292 
1817,108.062 
1818,-7.812 
1818,-10.417 
1818,-7.682 
1818,-30.224 
1818,-37.125 
1818,126.062 
1819,-7.812 
1819,-31.250 
1819,-37.516 
1819,-34.724 
1819,-31.974 
1819,107.312 
1820,-7.812 
1820,-10.417 
1820,-26.432 
1820,-19.141 
1820,-40.974 
1820,107.312 
1821,-6.641 
1821,-8.854 
1821,-16.292 
1821,-19.271 
1821,-37.125 
1821,107.312 
1822,-7.812 
1822,-10.417 
1822,-7.812 
1822,-19.141 
1822,-44.042 
1822,119.146 
1823,-7.812 
1823,-31.250 
1823,-37.516 
1823,-34.724 
1823,-13.875 
1823,105.979 
1824,-7.812 
1824,-10.417 
1824,-25.682 
1824,-28.141 
1824,-30.542 
1824,101.146 
1825,-7.812 
1825,-10.417 
1825,-26.432 
1825,-32.641 
1825,-11.141 
1825,101.146 
1826,-7.812 
1826,-28.516 
1826,-35.432 
1826,-48.974 
1826,-28.125 
1826,117.062 
1827,-6.641 
1827,-28.516 
1827,-26.432 
1827,-19.141 
1827,-34.292 
1827,101.146 
1828,-6.641 
1828,-26.562 
1828,-34.000 
1828,-27.229 
1828,-19.750 
1828,109.104 
1829,-7.812 
1829,-28.516 
1829,-30.932 
1829,-23.771 
1829,-39.542 
1829,107.312 
1830,-7.812 
1830,-14.917 
1830,-12.312 
1830,-25.333 
1830,-13.224 
1830,99.062 
1831,-7.812 
1831,-14.917 
1831,-12.312 
1831,-23.641 
1831,-25.292 
1831,99.062 
1832,-7.812 
1832,-31.250 
1832,-37.516 
1832,-44.474 
1832,-32.625 
1832,126.062 
1833,-7.812 
1833,-14.266 
1833,-30.932 
1833,-28.271 
1833,-30.542 
1833,119.146 
1834,-7.812 
1834,-14.266 
1834,-7.292 
1834,-23.771 
1834,-39.542 
1834,119.146 
1835,-6.641 
1835,-18.766 
1835,-26.042 
1835,-38.021 
1835,-39.542 
1835,119.146 
1836,-7.812 
1836,-10.417 
1836,-35.432 
1836,-28.141 
1836,-20.141 
1836,128.146 
1837,-7.812 
1837,-14.917 
1837,-12.312 
1837,-28.141 
1837,-30.542 
1837,107.312 
1838,-7.812 
1838,-9.766 
1838,-7.682 
1838,-28.271 
1838,-35.042 
1838,119.146 
1839,-6.641 
1839,-9.766 
1839,-7.682 
1839,-13.891 
1839,-8.724 
1839,109.104 
1840,-7.812 
1840,-10.417 
1840,-28.646 
1840,-48.224 
1840,-22.224 
1840,99.062 
1841,-7.812 
1841,-14.917 
1841,-35.432 
1841,-32.641 
1841,-30.542 
1841,101.146 
1842,-6.641 
1842,-9.766 
1842,-26.432 
1842,-37.271 
1842,-37.125 
1842,107.312 
1843,-7.812 
1843,-9.766 
1843,-7.682 
1843,-36.229 
1843,-15.250 
1843,109.104 
1844,-6.641 
1844,-9.766 
1844,-7.682 
1844,-0.391 
1844,-20.141 
1844,128.146 
1845,-7.812 
1845,-14.266 
1845,-7.292 
1845,-30.354 
1845,-32.625 
1845,126.062 
1846,-6.641 
1846,-9.766 
1846,-28.516 
1846,-34.724 
1846,-29.557 
1846,88.271 
1847,-7.812 
1847,-14.917 
1847,-33.146 
1847,-39.224 
1847,-38.557 
1847,88.271 
1848,-6.641 
1848,-9.766 
1848,-21.182 
1848,-5.021 
1848,-11.792 
1848,119.146 
1849,-6.641 
1849,-14.266 
1849,-30.932 
1849,-23.641 
1849,-31.974 
1849,80.312 
1850,-7.812 
1850,-31.250 
1850,-37.516 
1850,-34.724 
1850,-31.974 
1850,107.312 
1851,-7.812 
1851,-18.766 
1851,-7.292 
1851,-19.271 
1851,-35.042 
1851,107.312 
1852,-7.812 
1852,-28.516 
1852,-26.432 
1852,-32.641 
1852,-35.042 
1852,107.312 
1853,-6.641 
1853,-8.854 
1853,-16.292 
1853,-25.854 
1853,-32.625 
1853,107.312 
1854,-7.812 
1854,-31.250 
1854,-28.516 
1854,-39.974 
1854,-45.474 
1854,99.062 
1855,-7.812 
1855,-9.766 
1855,-26.432 
1855,-37.271 
1855,-37.125 
1855,80.312 
1856,-7.812 
1856,-31.250 
1856,-37.516 
1856,-34.724 
1856,-22.224 
1856,108.062 
1857,-7.812 
1857,-10.417 
1857,-35.432 
1857,-28.141 
1857,-30.542 
1857,107.312 
1858,-7.812 
1858,-31.250 
1858,-28.646 
1858,-21.224 
1858,-54.083 
1858,100.104 
1859,-6.641 
1859,-14.266 
1859,-26.042 
1859,-51.521 
1859,-39.542 
1859,80.312 
1860,-6.641 
1860,-28.516 
1860,-39.932 
1860,-32.641 
1860,-40.974 
1860,99.062 
1861,-6.641 
1861,-9.766 
1861,-34.000 
1861,-27.229 
1861,-19.750 
1861,100.104 
1862,-6.641 
1862,-28.516 
1862,-39.932 
1862,-32.641 
1862,-20.141 
1862,101.146 
1863,-7.812 
1863,-10.417 
1863,-33.146 
1863,-39.224 
1863,-31.583 
1863,88.271 
1864,-7.812 
1864,-9.766 
1864,-16.682 
1864,-19.271 
1864,-37.125 
1864,126.062 
1865,-6.641 
1865,-28.516 
1865,-35.432 
1865,-19.271 
1865,-20.792 
1865,117.062 
1866,-6.641 
1866,-18.766 
1866,-16.682 
1866,-19.141 
1866,-20.141 
1866,119.146 
1867,-7.812 
1867,-9.766 
1867,-21.182 
1867,-19.271 
1867,-20.792 
1867,108.062 
1868,-7.812 
1868,-9.766 
1868,-34.000 
1868,-27.229 
1868,-19.750 
1868,100.104 
1869,-7.812 
1869,-31.250 
1869,-28.516 
1869,-39.354 
1869,-37.125 
1869,80.312 
1870,-7.812 
1870,-31.250 
1870,-33.146 
1870,-25.724 
1870,-27.375 
1870,108.062 
1871,-6.641 
1871,-18.766 
1871,-26.432 
1871,-48.974 
1871,-40.974 
1871,107.312 
1872,-7.812 
1872,-10.417 
1872,-35.432 
1872,-28.141 
1872,-26.042 
1872,119.146 
1873,-7.812 
1873,-14.917 
1873,-33.146 
1873,-41.667 
1873,-34.057 
1873,88.271 
1874,-7.812 
1874,-28.516 
1874,-26.432 
1874,-47.021 
1874,-39.542 
1874,119.146 
1875,-6.641 
1875,-9.766 
1875,-34.000 
1875,-27.229 
1875,-36.083 
1875,109.104 
1876,-7.812 
1876,-28.516 
1876,-26.432 
1876,-19.141 
1876,-44.042 
1876,119.146 
1877,-7.812 
1877,-14.917 
1877,-30.932 
1877,-28.271 
1877,-30.542 
1877,107.312 
1878,-7.812 
1878,-10.417 
1878,-26.432 
1878,-19.141 
1878,-40.974 
1878,107.312 
1879,-7.812 
1879,-10.417 
1879,-25.682 
1879,-18.229 
1879,-36.083 
1879,109.104 
1880,-7.812 
1880,-31.250 
1880,-37.646 
1880,-25.724 
1880,-31.974 
1880,80.312 
1881,-6.641 
1881,-28.516 
1881,-30.932 
1881,-38.021 
1881,-39.542 
1881,128.146 
1882,-7.812 
1882,-14.917 
1882,-16.682 
1882,-23.771 
1882,-37.125 
1882,108.062 
1883,-7.812 
1883,-14.917 
1883,-12.312 
1883,-23.641 
1883,-11.141 
1883,119.146 
1884,-7.812 
1884,-14.917 
1884,-12.312 
1884,-20.833 
1884,-31.974 
1884,108.062 
1885,-7.812 
1885,-14.917 
1885,-33.146 
1885,-39.224 
1885,-13.875 
1885,105.979 
1886,-7.812 
1886,-14.917 
1886,-28.646 
1886,-44.474 
1886,-46.125 
1886,108.062 
1887,-6.641 
1887,-18.766 
1887,-16.682 
1887,-9.391 
1887,-11.792 
1887,108.062 
1888,-7.812 
1888,-14.917 
1888,-12.312 
1888,-37.141 
1888,-30.542 
1888,101.146 
1889,-7.812 
1889,-18.766 
1889,-7.292 
1889,-9.521 
1889,-16.292 
1889,108.062 
1890,-7.812 
1890,-10.417 
1890,-26.432 
1890,-37.271 
1890,-37.125 
1890,108.062 
1891,-7.812 
1891,-10.417 
1891,-25.682 
1891,-19.141 
1891,-26.042 
1891,107.312 
1892,-7.812 
1892,-31.250 
1892,-33.146 
1892,-48.974 
1892,-40.974 
1892,107.312 
1893,-7.812 
1893,-10.417 
1893,-25.682 
1893,-28.141 
1893,-40.974 
1893,99.062 
1894,-7.812 
1894,-14.917 
1894,-12.182 
1894,-9.521 
1894,-22.875 
1894,117.062 
1895,-7.812 
1895,-31.250 
1895,-33.146 
1895,-25.724 
1895,-31.974 
1895,108.062 
1896,-7.812 
1896,-14.266 
1896,-12.182 
1896,-9.521 
1896,-11.792 
1896,126.062 
1897,-7.812 
1897,-28.516 
1897,-39.932 
1897,-42.521 
1897,-39.542 
1897,101.146 
1898,-7.812 
1898,-14.917 
1898,-12.182 
1898,-19.271 
1898,-20.792 
1898,119.146 
1899,-7.812 
1899,-31.250 
1899,-46.516 
1899,-30.224 
1899,-27.083 
1899,100.104 
1900,-7.812 
1900,-14.917 
1900,-12.312 
1900,-4.891 
1900,-8.724 
1900,109.104 
1901,-7.812 
1901,-14.917 
1901,-26.432 
1901,-48.974 
1901,-40.974 
1901,126.062 
1902,-7.812 
1902,-28.516 
1902,-26.432 
1902,-37.271 
1902,-37.125 
1902,80.312 
1903,-6.641 
1903,-18.766 
1903,-26.432 
1903,-44.474 
1903,-32.625 
1903,126.062 
1904,-7.812 
1904,-28.516 
1904,-26.042 
1904,-28.271 
1904,-35.042 
1904,128.146 
1905,-6.641 
1905,-9.766 
1905,-21.182 
1905,-22.729 
1905,-36.083 
1905,88.271 
1906,-7.812 
1906,-28.516 
1906,-26.432 
1906,-19.141 
1906,-44.042 
1906,119.146 
1907,-7.812 
1907,-14.266 
1907,-12.182 
1907,-23.641 
1907,-31.974 
1907,99.062 
1908,-7.812 
1908,-28.516 
1908,-26.432 
1908,-47.021 
1908,-39.542 
1908,107.312 
1909,-7.812 
1909,-10.417 
1909,-26.432 
1909,-47.021 
1909,-39.542 
1909,107.312 
1910,-6.641 
1910,-18.766 
1910,-26.432 
1910,-19.271 
1910,-37.125 
1910,107.312 
1911,-7.812 
1911,-18.766 
1911,-7.292 
1911,-28.271 
1911,-41.625 
1911,80.312 
1912,-6.641 
1912,-14.266 
1912,-28.516 
1912,-44.474 
1912,-46.125 
1912,108.062 
1913,-7.812 
1913,-9.766 
1913,-26.432 
1913,-37.271 
1913,-20.792 
1913,99.062 
1914,-6.641 
1914,-28.516 
1914,-35.432 
1914,-28.141 
1914,-40.974 
1914,107.312 
1915,-6.641 
1915,-9.766 
1915,-34.000 
1915,-43.562 
1915,-40.583 
1915,109.104 
1916,-6.641 
1916,-28.516 
1916,-26.042 
1916,-28.271 
1916,-39.542 
1916,107.312 
1917,-7.812 
1917,-31.250 
1917,-46.516 
1917,-30.224 
1917,-9.375 
1917,99.062 
1918,-7.812 
1918,-31.250 
1918,-33.146 
1918,-25.724 
1918,-34.057 
1918,88.271 
1919,-7.812 
1919,-14.266 
1919,-28.516 
1919,-25.724 
1919,-13.224 
1919,126.062 
1920,-7.812 
1920,-9.766 
1920,-37.516 
1920,-25.854 
1920,-32.625 
1920,107.312 
1921,-7.812 
1921,-10.417 
1921,-35.432 
1921,-28.141 
1921,-7.292 
1921,126.062 
1922,-6.641 
1922,-8.854 
1922,-26.042 
1922,-28.271 
1922,-16.292 
1922,126.062 
1923,-7.812 
1923,-14.266 
1923,-12.182 
1923,-4.891 
1923,-25.292 
1923,101.146 
1924,-6.641 
1924,-9.766 
1924,-30.932 
1924,-48.974 
1924,-40.974 
1924,126.062 
1925,-7.812 
1925,-14.917 
1925,-12.312 
1925,-4.891 
1925,-13.224 
1925,117.062 
1926,-7.812 
1926,-14.266 
1926,-12.182 
1926,-28.271 
1926,-39.542 
1926,80.312 
1927,-7.812 
1927,-28.516 
1927,-26.042 
1927,-42.521 
1927,-39.542 
1927,107.312 
1928,-7.812 
1928,-14.917 
1928,-12.312 
1928,-28.141 
1928,-11.792 
1928,117.062 
1929,-7.812 
1929,-10.417 
1929,-7.682 
1929,-19.141 
1929,-24.641 
1929,101.146 
1930,-6.641 
1930,-28.516 
1930,-39.932 
1930,-32.641 
1930,-40.974 
1930,80.312 
1931,-6.641 
1931,-9.766 
1931,-26.432 
1931,-32.641 
1931,-31.974 
1931,99.062 
1932,-6.641 
1932,-28.516 
1932,-26.042 
1932,-32.771 
1932,-41.625 
1932,108.062 
1933,-7.812 
1933,-10.417 
1933,-7.682 
1933,-36.229 
1933,-15.250 
1933,109.104 
1934,-7.812 
1934,-18.766 
1934,-16.682 
1934,-30.224 
1934,-28.125 
1934,99.062 
1935,-7.812 
1935,-14.917 
1935,-12.312 
1935,-4.891 
1935,-16.292 
1935,117.062 
1936,-7.812 
1936,-9.766 
1936,-37.516 
1936,-34.724 
1936,-43.057 
1936,105.979 
1937,-7.812 
1937,-18.766 
1937,-26.432 
1937,-28.141 
1937,-40.974 
1937,107.312 
1938,-6.641 
1938,-18.766 
1938,-12.182 
1938,-34.724 
1938,-31.583 
1938,88.271 
1939,-7.812 
1939,-18.766 
1939,-16.682 
1939,-19.141 
1939,-36.474 
1939,107.312 
1940,-7.812 
1940,-14.917 
1940,-26.432 
1940,-23.771 
1940,-39.542 
1940,119.146 
1941,-7.812 
1941,-18.766 
1941,-16.682 
1941,-28.141 
1941,-11.792 
1941,99.062 
1942,-6.641 
1942,-9.766 
1942,-11.792 
1942,-32.771 
1942,-37.125 
1942,107.312 
1943,-6.641 
1943,-18.766 
1943,-16.682 
1943,-25.724 
1943,-43.057 
1943,105.979 
1944,-6.641 
1944,-18.766 
1944,-26.042 
1944,-38.021 
1944,-39.542 
1944,119.146 
1945,-7.812 
1945,-14.917 
1945,-12.312 
1945,-25.333 
1945,-13.224 
1945,99.062 
1946,-7.812 
1946,-10.417 
1946,-25.682 
1946,-19.271 
1946,-26.042 
1946,119.146 
1947,-6.641 
1947,-28.516 
1947,-26.432 
1947,-39.974 
1947,-55.125 
1947,99.062 
1948,-7.812 
1948,-9.766 
1948,-37.516 
1948,-25.854 
1948,-41.625 
1948,108.062 
1949,-7.812 
1949,-14.917 
1949,-26.432 
1949,-44.474 
1949,-46.125 
1949,107.312 
1950,-7.812 
1950,-28.516 
1950,-30.932 
1950,-23.641 
1950,-31.974 
1950,107.312 
1951,-7.812 
1951,-10.417 
1951,-33.146 
1951,-25.333 
1951,-45.474 
1951,126.062 
1952,-7.812 
1952,-9.766 
1952,-29.500 
1952,-31.729 
1952,-40.583 
1952,100.104 
1953,-6.641 
1953,-9.766 
1953,-28.516 
1953,-34.724 
1953,-31.974 
1953,99.062 
1954,-6.641 
1954,-8.854 
1954,-16.292 
1954,-9.521 
1954,-18.375 
1954,105.979 
1955,-7.812 
1955,-10.417 
1955,-7.812 
1955,-29.833 
1955,-31.974 
1955,108.062 
1956,-7.812 
1956,-10.417 
1956,-16.812 
1956,-18.391 
1956,-22.224 
1956,99.062 
1957,-7.812 
1957,-28.516 
1957,-35.042 
1957,-28.271 
1957,-37.125 
1957,108.062 
1958,-7.812 
1958,-10.417 
1958,-33.146 
1958,-25.724 
1958,-31.974 
1958,108.062 
1959,-6.641 
1959,-28.516 
1959,-35.432 
1959,-38.021 
1959,-35.042 
1959,119.146 
1960,-6.641 
1960,-9.766 
1960,-26.042 
1960,-42.521 
1960,-39.542 
1960,128.146 
1961,-7.812 
1961,-9.766 
1961,-7.682 
1961,-21.224 
1961,-36.375 
1961,99.062 
1962,-7.812 
1962,-9.766 
1962,-21.182 
1962,-34.724 
1962,-31.974 
1962,107.312 
1963,-6.641 
1963,-28.516 
1963,-35.432 
1963,-28.141 
1963,-36.474 
1963,107.312 
1964,-7.812 
1964,-10.417 
1964,-33.146 
1964,-48.974 
1964,-40.974 
1964,126.062 
1965,-7.812 
1965,-14.917 
1965,-33.146 
1965,-57.974 
1965,-40.974 
1965,80.312 
1966,-7.812 
1966,-10.417 
1966,-25.682 
1966,-25.724 
1966,-32.625 
1966,108.062 
1967,-7.812 
1967,-14.917 
1967,-12.312 
1967,-37.141 
1967,-40.974 
1967,80.312 
1968,-7.812 
1968,-18.766 
1968,-37.516 
1968,-21.354 
1968,-22.875 
1968,105.979 
1969,-7.812 
1969,-10.417 
1969,-7.812 
1969,-0.391 
1969,-20.141 
1969,128.146 
1970,-6.641 
1970,-8.854 
1970,-35.042 
1970,-38.021 
1970,-35.042 
1970,107.312 
1971,-7.812 
1971,-10.417 
1971,-7.812 
1971,-37.141 
1971,-20.141 
1971,128.146 
1972,-7.812 
1972,-31.250 
1972,-28.516 
1972,-21.224 
1972,-43.057 
1972,88.271 
1973,-6.641 
1973,-14.266 
1973,-30.932 
1973,-47.021 
1973,-39.542 
1973,80.312 
1974,-7.812 
1974,-10.417 
1974,-26.432 
1974,-37.271 
1974,-37.125 
1974,99.062 
1975,-7.812 
1975,-14.917 
1975,-16.682 
1975,-23.641 
1975,-20.141 
1975,119.146 
1976,-7.812 
1976,-31.250 
1976,-33.146 
1976,-46.167 
1976,-56.557 
1976,88.271 
1977,-6.641 
1977,-9.766 
1977,-21.182 
1977,-30.224 
1977,-13.875 
1977,108.062 
1978,-7.812 
1978,-10.417 
1978,-26.432 
1978,-32.641 
1978,-11.141 
1978,119.146 
1979,-7.812 
1979,-31.250 
1979,-33.146 
1979,-25.724 
1979,-34.057 
1979,105.979 
1980,-6.641 
1980,-8.854 
1980,-16.292 
1980,-25.854 
1980,-41.625 
1980,107.312 
1981,-7.812 
1981,-28.516 
1981,-26.042 
1981,-28.271 
1981,-37.125 
1981,117.062 
1982,-7.812 
1982,-14.917 
1982,-12.312 
1982,-4.891 
1982,-11.141 
1982,119.146 
1983,-7.812 
1983,-14.917 
1983,-26.432 
1983,-38.021 
1983,-39.542 
1983,107.312 
1984,-7.812 
1984,-10.417 
1984,-16.812 
1984,-23.641 
1984,-35.042 
1984,107.312 
1985,-7.812 
1985,-9.766 
1985,-37.516 
1985,-34.724 
1985,-43.057 
1985,88.271 
1986,-6.641 
1986,-14.266 
1986,-12.182 
1986,-4.891 
1986,-11.141 
1986,119.146 
1987,-7.812 
1987,-10.417 
1987,-35.432 
1987,-19.271 
1987,-37.125 
1987,117.062 
1988,-6.641 
1988,-18.766 
1988,-26.432 
1988,-48.974 
1988,-40.974 
1988,107.312 
1989,-7.812 
1989,-14.917 
1989,-12.312 
1989,-19.141 
1989,-31.974 
1989,107.312 
1990,-7.812 
1990,-18.766 
1990,-26.042 
1990,-28.271 
1990,-26.042 
1990,119.146 
1991,-7.812 
1991,-18.766 
1991,-12.182 
1991,-22.729 
1991,-40.583 
1991,100.104 
1992,-6.641 
1992,-9.766 
1992,-16.682 
1992,-4.891 
1992,-16.292 
1992,126.062 
1993,-7.812 
1993,-9.766 
1993,-28.516 
1993,-34.724 
1993,-31.974 
1993,80.312 
1994,-7.812 
1994,-10.417 
1994,-28.646 
1994,-39.974 
1994,-45.474 
1994,99.062 
1995,-7.812 
1995,-14.917 
1995,-35.432 
1995,-53.474 
1995,-40.974 
1995,80.312 
1996,-7.812 
1996,-10.417 
1996,-33.146 
1996,-39.224 
1996,-43.057 
1996,105.979 
1997,-7.812 
1997,-10.417 
1997,-16.812 
1997,-19.141 
1997,-31.974 
1997,107.312 
1998,-6.641 
1998,-8.854 
1998,-26.042 
1998,-47.021 
1998,-39.542 
1998,119.146 
1999,-7.812 
1999,-31.250 
1999,-28.516 
1999,-39.974 
1999,-55.125 
1999,99.062 
