2026-03-24 17:12:26,874 - INFO - episode:rsdql_last reward:1.0292111880694934 Actions:[[7, 0], [0, 2], [3, 1], [2, 0], [1, 0], [5, 0], [8, 3], [9, 0], [4, 1], [6, 1]]
2026-03-24 17:12:26,874 - INFO - episode:rsdql_best reward:106.65383292848765 Actions:[[8, 5], [9, 1], [3, 0], [7, 2], [5, 0], [1, 3], [4, 1], [6, 2], [2, 0], [0, 1]]
2026-03-24 17:25:35,488 - INFO - episode:0 reward:0.6000000000000001 Actions:[[6, 0], [1, 0], [3, 2], [2, 0], [4, 0], [5, 0], [7, 1], [8, 2], [0, 4], [9, 1]]
2026-03-24 17:25:35,490 - INFO - episode:1 reward:0.6000000000000001 Actions:[[1, 0], [0, 0], [5, 1], [4, 0], [9, 1], [3, 4], [7, 0], [2, 2], [6, 2], [8, 1]]
2026-03-24 17:25:35,492 - INFO - episode:2 reward:1.0 Actions:[[6, 1], [8, 4], [1, 0], [4, 0], [0, 0], [3, 2], [2, 0], [9, 0], [7, 0], [5, 0]]
2026-03-24 17:25:35,493 - INFO - episode:3 reward:0.6000000000000001 Actions:[[3, 0], [4, 5], [1, 0], [2, 0], [7, 0], [6, 1], [9, 0], [5, 0], [8, 1], [0, 0]]
2026-03-24 17:25:35,495 - INFO - episode:4 reward:2.1 Actions:[[0, 0], [4, 1], [2, 1], [6, 0], [1, 4], [7, 0], [8, 0], [9, 1], [5, 2], [3, 0]]
2026-03-24 17:25:35,496 - INFO - episode:5 reward:1.5 Actions:[[7, 0], [1, 0], [2, 1], [6, 1], [0, 1], [5, 1], [3, 0], [4, 0], [9, 0], [8, 2]]
2026-03-24 17:25:35,498 - INFO - episode:6 reward:0.1 Actions:[[0, 0], [8, 0], [1, 2], [4, 2], [2, 3], [6, 0], [3, 1], [5, 2], [9, 3], [7, 0]]
2026-03-24 17:25:35,500 - INFO - episode:7 reward:0.1 Actions:[[8, 0], [3, 0], [5, 0], [1, 5], [0, 2], [9, 1], [4, 0], [2, 1], [7, 2], [6, 0]]
2026-03-24 17:25:35,501 - INFO - episode:8 reward:1.0 Actions:[[5, 1], [1, 2], [8, 3], [7, 2], [0, 3], [4, 0], [9, 2], [2, 1], [6, 0], [3, 2]]
2026-03-24 17:25:35,503 - INFO - episode:9 reward:0.1 Actions:[[7, 0], [8, 0], [4, 1], [6, 2], [5, 1], [9, 1], [2, 0], [3, 0], [1, 4], [0, 1]]
2026-03-24 17:25:35,505 - INFO - episode:10 reward:2.1 Actions:[[9, 1], [6, 0], [0, 3], [2, 0], [1, 2], [3, 0], [5, 0], [4, 0], [8, 0], [7, 0]]
2026-03-24 17:25:35,506 - INFO - episode:11 reward:0.30000000000000004 Actions:[[9, 0], [1, 0], [6, 0], [2, 0], [4, 1], [7, 1], [0, 0], [8, 0], [5, 1], [3, 4]]
2026-03-24 17:25:35,508 - INFO - episode:12 reward:0.6000000000000001 Actions:[[9, 0], [8, 2], [0, 1], [2, 2], [1, 3], [4, 1], [7, 1], [6, 1], [3, 2], [5, 0]]
2026-03-24 17:25:35,510 - INFO - episode:13 reward:1.5 Actions:[[7, 2], [0, 0], [9, 0], [5, 0], [4, 5], [2, 0], [6, 0], [3, 1], [8, 3], [1, 1]]
2026-03-24 17:25:35,511 - INFO - episode:14 reward:0.30000000000000004 Actions:[[2, 2], [5, 1], [8, 1], [1, 0], [0, 2], [9, 0], [3, 0], [7, 1], [4, 0], [6, 1]]
2026-03-24 17:25:35,513 - INFO - episode:15 reward:0.6000000000000001 Actions:[[9, 0], [1, 2], [0, 1], [8, 2], [7, 0], [4, 5], [2, 4], [6, 1], [3, 0], [5, 1]]
2026-03-24 17:25:35,514 - INFO - episode:16 reward:1.5 Actions:[[3, 0], [0, 1], [2, 1], [5, 0], [6, 0], [8, 0], [4, 0], [1, 2], [7, 0], [9, 0]]
2026-03-24 17:25:35,516 - INFO - episode:17 reward:1.5 Actions:[[8, 5], [7, 1], [4, 0], [5, 0], [1, 1], [6, 5], [0, 0], [9, 1], [2, 5], [3, 0]]
2026-03-24 17:25:35,518 - INFO - episode:18 reward:2.1 Actions:[[9, 1], [4, 0], [5, 0], [7, 0], [6, 1], [0, 2], [3, 0], [1, 0], [8, 0], [2, 0]]
2026-03-24 17:25:35,519 - INFO - episode:19 reward:0.6000000000000001 Actions:[[1, 0], [5, 3], [9, 0], [3, 0], [4, 1], [6, 3], [7, 4], [8, 1], [2, 0], [0, 0]]
2026-03-24 17:25:35,521 - INFO - episode:20 reward:0.6000000000000001 Actions:[[1, 2], [6, 1], [8, 0], [2, 0], [9, 0], [4, 2], [7, 2], [5, 0], [3, 3], [0, 0]]
2026-03-24 17:25:35,523 - INFO - episode:21 reward:1.5 Actions:[[0, 1], [6, 0], [9, 0], [4, 0], [1, 1], [7, 1], [8, 0], [5, 0], [3, 3], [2, 0]]
2026-03-24 17:25:35,524 - INFO - episode:22 reward:0.30000000000000004 Actions:[[9, 1], [0, 0], [8, 0], [7, 0], [3, 0], [5, 3], [6, 0], [4, 2], [2, 0], [1, 0]]
2026-03-24 17:25:35,526 - INFO - episode:23 reward:2.1 Actions:[[0, 0], [9, 2], [4, 0], [5, 0], [8, 1], [2, 2], [1, 0], [7, 1], [3, 0], [6, 1]]
2026-03-24 17:25:35,527 - INFO - episode:24 reward:1.5 Actions:[[7, 1], [1, 0], [4, 2], [9, 0], [5, 1], [6, 0], [0, 1], [2, 3], [3, 1], [8, 1]]
2026-03-24 17:25:35,529 - INFO - episode:25 reward:2.1 Actions:[[5, 0], [7, 1], [9, 0], [2, 0], [1, 5], [6, 1], [0, 0], [3, 1], [4, 0], [8, 1]]
2026-03-24 17:25:35,531 - INFO - episode:26 reward:0.30000000000000004 Actions:[[2, 1], [1, 1], [0, 1], [6, 1], [8, 2], [7, 3], [4, 1], [9, 2], [5, 4], [3, 1]]
2026-03-24 17:25:35,532 - INFO - episode:27 reward:2.1 Actions:[[4, 1], [3, 0], [9, 4], [6, 0], [0, 2], [7, 0], [2, 0], [8, 2], [5, 0], [1, 2]]
2026-03-24 17:25:35,534 - INFO - episode:28 reward:0.1 Actions:[[4, 0], [8, 0], [0, 3], [3, 0], [7, 2], [5, 0], [9, 1], [1, 3], [6, 1], [2, 1]]
2026-03-24 17:25:35,536 - INFO - episode:29 reward:0.30000000000000004 Actions:[[4, 0], [5, 1], [8, 1], [1, 0], [7, 1], [6, 1], [2, 0], [3, 1], [0, 0], [9, 0]]
2026-03-24 17:25:35,537 - INFO - episode:30 reward:1.0 Actions:[[4, 0], [0, 0], [9, 2], [2, 0], [7, 0], [5, 0], [8, 1], [1, 1], [3, 1], [6, 0]]
2026-03-24 17:25:35,539 - INFO - episode:31 reward:0.6000000000000001 Actions:[[8, 0], [0, 2], [1, 1], [6, 0], [4, 0], [9, 4], [5, 0], [2, 0], [3, 0], [7, 2]]
2026-03-24 17:25:35,540 - INFO - episode:32 reward:0.1 Actions:[[2, 1], [8, 1], [4, 2], [7, 0], [6, 0], [3, 0], [5, 0], [9, 0], [1, 3], [0, 0]]
2026-03-24 17:25:35,542 - INFO - episode:33 reward:2.1 Actions:[[9, 1], [5, 1], [0, 0], [1, 0], [3, 1], [2, 2], [4, 0], [6, 0], [8, 0], [7, 0]]
2026-03-24 17:25:35,543 - INFO - episode:34 reward:1.0 Actions:[[3, 2], [0, 2], [7, 4], [4, 0], [8, 0], [9, 1], [2, 1], [6, 0], [5, 1], [1, 1]]
2026-03-24 17:25:35,545 - INFO - episode:35 reward:2.8 Actions:[[2, 1], [3, 3], [4, 0], [5, 3], [1, 2], [6, 1], [0, 0], [8, 0], [9, 1], [7, 0]]
2026-03-24 17:25:35,546 - INFO - episode:36 reward:2.1 Actions:[[0, 0], [5, 1], [7, 3], [9, 2], [6, 1], [4, 0], [8, 0], [1, 1], [2, 0], [3, 0]]
2026-03-24 17:25:35,548 - INFO - episode:37 reward:1.0 Actions:[[0, 0], [7, 2], [5, 0], [9, 0], [3, 0], [6, 0], [8, 0], [1, 0], [2, 0], [4, 0]]
2026-03-24 17:25:35,549 - INFO - episode:38 reward:1.0 Actions:[[3, 0], [6, 0], [7, 0], [0, 2], [9, 0], [5, 0], [8, 0], [4, 0], [1, 0], [2, 0]]
2026-03-24 17:25:35,551 - INFO - episode:39 reward:2.8 Actions:[[7, 1], [0, 0], [2, 5], [6, 3], [9, 0], [3, 0], [5, 2], [8, 0], [1, 3], [4, 4]]
2026-03-24 17:25:35,552 - INFO - episode:40 reward:1.0 Actions:[[9, 1], [7, 0], [0, 0], [5, 0], [2, 0], [4, 0], [6, 1], [3, 0], [1, 1], [8, 0]]
2026-03-24 17:25:35,554 - INFO - episode:41 reward:0.6000000000000001 Actions:[[3, 0], [0, 0], [7, 0], [8, 0], [9, 2], [2, 0], [4, 0], [1, 1], [5, 1], [6, 0]]
2026-03-24 17:25:35,556 - INFO - episode:42 reward:1.5 Actions:[[3, 1], [6, 2], [5, 2], [7, 3], [9, 0], [8, 1], [4, 5], [0, 5], [1, 5], [2, 4]]
2026-03-24 17:25:35,557 - INFO - episode:43 reward:1.5 Actions:[[0, 0], [5, 2], [6, 0], [3, 0], [9, 1], [8, 0], [1, 1], [7, 1], [2, 1], [4, 3]]
2026-03-24 17:25:35,559 - INFO - episode:44 reward:1.5 Actions:[[4, 1], [9, 0], [3, 0], [6, 1], [5, 3], [1, 1], [2, 2], [0, 2], [7, 0], [8, 0]]
2026-03-24 17:25:35,560 - INFO - episode:45 reward:3.5999999999999996 Actions:[[1, 1], [6, 2], [8, 0], [9, 2], [7, 2], [2, 5], [4, 5], [0, 1], [3, 0], [5, 0]]
2026-03-24 17:25:35,562 - INFO - episode:46 reward:1.0 Actions:[[0, 2], [4, 2], [2, 1], [3, 0], [8, 2], [6, 2], [5, 1], [9, 0], [7, 2], [1, 2]]
2026-03-24 17:25:35,563 - INFO - episode:47 reward:1.0 Actions:[[7, 0], [6, 0], [5, 1], [4, 0], [0, 0], [8, 1], [9, 2], [1, 1], [3, 1], [2, 0]]
2026-03-24 17:25:35,565 - INFO - episode:48 reward:0.6000000000000001 Actions:[[0, 0], [1, 2], [5, 2], [9, 2], [6, 2], [4, 1], [8, 2], [2, 3], [7, 5], [3, 1]]
2026-03-24 17:25:35,566 - INFO - episode:49 reward:0.6000000000000001 Actions:[[9, 1], [7, 2], [6, 2], [8, 1], [5, 0], [4, 0], [2, 0], [3, 0], [1, 1], [0, 1]]
2026-03-24 17:25:35,568 - INFO - episode:50 reward:0.6000000000000001 Actions:[[7, 0], [1, 0], [0, 3], [2, 0], [6, 1], [5, 1], [9, 2], [3, 0], [8, 3], [4, 0]]
2026-03-24 17:25:35,569 - INFO - episode:51 reward:1.0 Actions:[[3, 0], [6, 1], [2, 2], [1, 0], [5, 0], [4, 0], [8, 2], [9, 2], [0, 2], [7, 2]]
2026-03-24 17:25:35,571 - INFO - episode:52 reward:0.30000000000000004 Actions:[[5, 0], [0, 0], [1, 0], [8, 2], [3, 1], [4, 0], [7, 1], [2, 2], [6, 1], [9, 2]]
2026-03-24 17:25:35,572 - INFO - episode:53 reward:0.1 Actions:[[0, 0], [8, 0], [5, 4], [9, 0], [3, 1], [7, 0], [1, 0], [2, 1], [4, 0], [6, 0]]
2026-03-24 17:25:35,574 - INFO - episode:54 reward:0.30000000000000004 Actions:[[8, 0], [7, 1], [3, 0], [9, 1], [6, 0], [5, 1], [4, 2], [1, 0], [2, 1], [0, 0]]
2026-03-24 17:25:35,576 - INFO - episode:55 reward:2.8 Actions:[[7, 3], [9, 5], [6, 0], [1, 0], [4, 2], [5, 1], [3, 3], [8, 0], [2, 1], [0, 0]]
2026-03-24 17:25:35,577 - INFO - episode:56 reward:2.1 Actions:[[5, 0], [8, 2], [2, 1], [3, 1], [9, 0], [7, 1], [6, 2], [4, 1], [0, 3], [1, 0]]
2026-03-24 17:25:35,579 - INFO - episode:57 reward:3.5999999999999996 Actions:[[4, 1], [7, 0], [5, 3], [2, 3], [1, 1], [0, 2], [6, 3], [3, 0], [9, 1], [8, 0]]
2026-03-24 17:25:35,580 - INFO - episode:58 reward:1.0 Actions:[[4, 5], [1, 0], [0, 0], [7, 3], [3, 0], [8, 1], [2, 1], [9, 1], [5, 0], [6, 0]]
2026-03-24 17:25:35,582 - INFO - episode:59 reward:3.5999999999999996 Actions:[[4, 2], [6, 0], [3, 1], [5, 0], [1, 3], [0, 1], [7, 0], [9, 2], [8, 2], [2, 0]]
2026-03-24 17:25:35,583 - INFO - episode:60 reward:1.5 Actions:[[9, 0], [5, 3], [3, 1], [6, 1], [2, 1], [8, 0], [4, 0], [7, 2], [1, 0], [0, 4]]
2026-03-24 17:25:35,585 - INFO - episode:61 reward:1.0 Actions:[[7, 0], [0, 0], [9, 0], [2, 3], [5, 0], [6, 0], [1, 3], [3, 0], [4, 4], [8, 3]]
2026-03-24 17:25:35,586 - INFO - episode:62 reward:1.5 Actions:[[5, 4], [6, 1], [7, 0], [3, 0], [4, 3], [1, 0], [2, 0], [9, 0], [8, 0], [0, 1]]
2026-03-24 17:25:35,588 - INFO - episode:63 reward:2.1 Actions:[[4, 5], [5, 0], [6, 0], [3, 0], [2, 5], [8, 3], [7, 0], [0, 0], [9, 0], [1, 0]]
2026-03-24 17:25:35,590 - INFO - episode:64 reward:0.6000000000000001 Actions:[[4, 0], [1, 0], [2, 3], [3, 0], [7, 0], [0, 2], [9, 3], [5, 1], [6, 0], [8, 0]]
2026-03-24 17:25:35,591 - INFO - episode:65 reward:1.0 Actions:[[7, 0], [0, 0], [6, 0], [5, 2], [2, 0], [8, 3], [1, 0], [3, 0], [9, 2], [4, 2]]
2026-03-24 17:25:35,593 - INFO - episode:66 reward:0.6000000000000001 Actions:[[8, 1], [9, 3], [1, 2], [0, 1], [4, 0], [2, 1], [3, 3], [6, 0], [7, 4], [5, 1]]
2026-03-24 17:25:35,594 - INFO - episode:67 reward:0.1 Actions:[[8, 0], [1, 0], [5, 0], [2, 1], [0, 3], [4, 1], [6, 0], [9, 4], [7, 4], [3, 0]]
2026-03-24 17:25:35,596 - INFO - episode:68 reward:1.5 Actions:[[4, 0], [3, 0], [0, 1], [7, 1], [5, 2], [1, 0], [6, 1], [9, 0], [8, 0], [2, 0]]
2026-03-24 17:25:35,597 - INFO - episode:69 reward:0.6000000000000001 Actions:[[1, 2], [8, 1], [5, 2], [2, 2], [6, 0], [0, 4], [9, 5], [7, 0], [3, 0], [4, 0]]
2026-03-24 17:25:35,599 - INFO - episode:70 reward:0.30000000000000004 Actions:[[9, 0], [5, 0], [1, 0], [0, 0], [8, 4], [7, 0], [6, 0], [4, 0], [2, 2], [3, 2]]
2026-03-24 17:25:35,600 - INFO - episode:71 reward:0.1 Actions:[[7, 0], [8, 0], [5, 2], [6, 0], [9, 1], [0, 2], [4, 2], [3, 1], [1, 0], [2, 1]]
2026-03-24 17:25:35,602 - INFO - episode:72 reward:0.6000000000000001 Actions:[[3, 1], [4, 1], [0, 0], [8, 1], [9, 1], [7, 1], [1, 1], [2, 0], [6, 2], [5, 1]]
2026-03-24 17:25:35,603 - INFO - episode:73 reward:1.0 Actions:[[0, 3], [1, 0], [5, 0], [9, 1], [7, 0], [3, 2], [8, 4], [2, 3], [4, 3], [6, 0]]
2026-03-24 17:25:35,605 - INFO - episode:74 reward:0.6000000000000001 Actions:[[1, 0], [3, 0], [8, 1], [5, 0], [6, 0], [7, 1], [0, 0], [2, 0], [9, 2], [4, 2]]
2026-03-24 17:25:35,607 - INFO - episode:75 reward:2.8 Actions:[[2, 0], [0, 2], [8, 1], [4, 0], [9, 0], [3, 3], [6, 2], [7, 0], [5, 0], [1, 0]]
2026-03-24 17:25:35,608 - INFO - episode:76 reward:1.0 Actions:[[2, 0], [0, 0], [8, 1], [4, 0], [3, 0], [9, 1], [5, 1], [1, 0], [6, 0], [7, 1]]
2026-03-24 17:25:35,616 - INFO - episode:77 reward:4.5 Actions:[[3, 1], [4, 3], [6, 5], [5, 0], [0, 1], [2, 0], [8, 4], [9, 3], [7, 1], [1, 0]]
2026-03-24 17:25:35,617 - INFO - episode:78 reward:0.1 Actions:[[8, 0], [0, 0], [3, 1], [1, 2], [5, 0], [9, 0], [4, 0], [2, 1], [6, 0], [7, 0]]
2026-03-24 17:25:35,619 - INFO - episode:79 reward:3.5999999999999996 Actions:[[0, 0], [5, 3], [6, 5], [1, 3], [4, 5], [8, 2], [2, 0], [9, 0], [7, 3], [3, 0]]
2026-03-24 17:25:35,620 - INFO - episode:80 reward:0.1 Actions:[[8, 2], [7, 2], [6, 2], [9, 0], [0, 2], [5, 0], [1, 3], [3, 2], [4, 1], [2, 1]]
2026-03-24 17:25:35,622 - INFO - episode:81 reward:1.5 Actions:[[7, 1], [2, 0], [9, 0], [4, 0], [3, 5], [5, 0], [1, 0], [6, 1], [0, 0], [8, 1]]
2026-03-24 17:25:35,623 - INFO - episode:82 reward:0.30000000000000004 Actions:[[9, 0], [1, 0], [2, 0], [3, 1], [8, 0], [6, 0], [4, 1], [0, 1], [5, 1], [7, 3]]
2026-03-24 17:25:35,625 - INFO - episode:83 reward:0.1 Actions:[[6, 0], [8, 0], [1, 1], [5, 0], [2, 0], [4, 2], [9, 0], [7, 0], [3, 1], [0, 3]]
2026-03-24 17:25:35,627 - INFO - episode:84 reward:0.1 Actions:[[2, 0], [8, 0], [4, 0], [3, 1], [0, 2], [6, 0], [5, 1], [9, 4], [7, 1], [1, 0]]
2026-03-24 17:25:35,628 - INFO - episode:85 reward:1.5 Actions:[[6, 0], [9, 3], [0, 0], [2, 1], [4, 1], [1, 0], [3, 1], [8, 1], [7, 1], [5, 3]]
2026-03-24 17:25:35,630 - INFO - episode:86 reward:0.6000000000000001 Actions:[[7, 0], [0, 0], [4, 0], [8, 0], [1, 5], [9, 0], [5, 0], [6, 0], [2, 0], [3, 4]]
2026-03-24 17:25:35,631 - INFO - episode:87 reward:0.6000000000000001 Actions:[[3, 5], [1, 0], [4, 2], [8, 0], [7, 2], [2, 0], [9, 4], [6, 0], [0, 1], [5, 0]]
2026-03-24 17:25:35,633 - INFO - episode:88 reward:2.8 Actions:[[8, 3], [9, 1], [1, 0], [3, 5], [0, 2], [6, 1], [5, 1], [4, 1], [2, 1], [7, 1]]
2026-03-24 17:25:35,634 - INFO - episode:89 reward:0.6000000000000001 Actions:[[6, 1], [0, 1], [9, 0], [8, 0], [2, 0], [1, 3], [4, 0], [7, 2], [5, 4], [3, 0]]
2026-03-24 17:25:35,636 - INFO - episode:90 reward:1.0 Actions:[[3, 1], [1, 0], [2, 0], [7, 1], [0, 0], [8, 1], [6, 1], [5, 1], [4, 0], [9, 0]]
2026-03-24 17:25:35,637 - INFO - episode:91 reward:0.30000000000000004 Actions:[[7, 0], [6, 1], [8, 1], [9, 0], [0, 0], [4, 0], [5, 5], [3, 0], [2, 0], [1, 0]]
2026-03-24 17:25:35,639 - INFO - episode:92 reward:2.1 Actions:[[4, 1], [9, 0], [0, 3], [2, 0], [3, 0], [6, 4], [8, 0], [5, 1], [7, 1], [1, 4]]
2026-03-24 17:25:35,644 - INFO - episode:93 reward:106.65383292848765 Actions:[[8, 5], [9, 1], [3, 0], [7, 2], [5, 0], [1, 3], [4, 1], [6, 2], [2, 0], [0, 1]]
2026-03-24 17:25:35,645 - INFO - episode:94 reward:2.8 Actions:[[1, 1], [8, 3], [3, 0], [6, 0], [7, 0], [9, 2], [4, 1], [5, 0], [0, 3], [2, 0]]
2026-03-24 17:25:35,647 - INFO - episode:95 reward:2.1 Actions:[[0, 1], [2, 5], [1, 0], [3, 1], [4, 0], [9, 1], [5, 1], [8, 2], [6, 4], [7, 1]]
2026-03-24 17:25:35,651 - INFO - episode:96 reward:4.5 Actions:[[4, 1], [5, 3], [2, 0], [6, 1], [1, 5], [0, 0], [7, 1], [9, 3], [3, 0], [8, 0]]
2026-03-24 17:25:35,653 - INFO - episode:97 reward:0.6000000000000001 Actions:[[5, 2], [8, 0], [7, 1], [4, 0], [9, 0], [1, 0], [2, 0], [3, 2], [0, 2], [6, 0]]
2026-03-24 17:25:35,654 - INFO - episode:98 reward:0.30000000000000004 Actions:[[8, 1], [0, 0], [4, 1], [1, 5], [6, 2], [9, 0], [2, 2], [7, 0], [3, 0], [5, 0]]
2026-03-24 17:25:35,656 - INFO - episode:99 reward:0.30000000000000004 Actions:[[8, 3], [5, 2], [9, 3], [7, 1], [0, 0], [4, 0], [3, 0], [2, 0], [6, 1], [1, 1]]
2026-03-24 17:25:35,657 - INFO - episode:100 reward:0.6000000000000001 Actions:[[4, 0], [1, 0], [8, 1], [0, 0], [7, 0], [9, 0], [5, 2], [3, 0], [2, 1], [6, 1]]
2026-03-24 17:25:35,659 - INFO - episode:101 reward:0.6000000000000001 Actions:[[0, 2], [6, 0], [2, 0], [1, 0], [4, 2], [3, 3], [8, 2], [7, 1], [5, 0], [9, 0]]
2026-03-24 17:25:35,661 - INFO - episode:102 reward:0.6000000000000001 Actions:[[5, 0], [2, 0], [7, 0], [0, 0], [1, 2], [4, 0], [9, 2], [3, 0], [6, 2], [8, 0]]
2026-03-24 17:25:35,662 - INFO - episode:103 reward:1.5 Actions:[[3, 0], [1, 0], [5, 5], [7, 2], [0, 2], [6, 0], [8, 0], [2, 2], [9, 1], [4, 0]]
2026-03-24 17:25:35,664 - INFO - episode:104 reward:0.30000000000000004 Actions:[[1, 0], [5, 0], [9, 0], [2, 1], [3, 3], [8, 3], [0, 0], [4, 0], [7, 1], [6, 1]]
2026-03-24 17:25:35,665 - INFO - episode:105 reward:0.30000000000000004 Actions:[[7, 0], [0, 0], [1, 0], [6, 1], [2, 1], [3, 0], [8, 0], [9, 1], [4, 1], [5, 0]]
2026-03-24 17:25:35,667 - INFO - episode:106 reward:0.30000000000000004 Actions:[[2, 0], [6, 1], [8, 0], [0, 0], [1, 0], [4, 0], [5, 1], [3, 1], [7, 0], [9, 0]]
2026-03-24 17:25:35,668 - INFO - episode:107 reward:0.1 Actions:[[1, 0], [8, 0], [7, 0], [4, 2], [3, 2], [2, 1], [5, 0], [6, 0], [9, 0], [0, 1]]
2026-03-24 17:25:35,670 - INFO - episode:108 reward:0.6000000000000001 Actions:[[8, 1], [0, 0], [3, 2], [1, 1], [6, 0], [4, 0], [9, 0], [5, 1], [7, 0], [2, 0]]
2026-03-24 17:25:35,671 - INFO - episode:109 reward:1.5 Actions:[[0, 0], [9, 2], [3, 0], [1, 1], [4, 1], [2, 1], [6, 0], [5, 0], [7, 0], [8, 0]]
2026-03-24 17:25:35,673 - INFO - episode:110 reward:2.1 Actions:[[0, 0], [9, 0], [4, 1], [7, 2], [1, 2], [3, 0], [6, 2], [8, 0], [5, 2], [2, 1]]
2026-03-24 17:25:35,674 - INFO - episode:111 reward:1.5 Actions:[[0, 3], [7, 0], [2, 0], [1, 1], [4, 0], [5, 0], [8, 2], [6, 0], [9, 3], [3, 2]]
2026-03-24 17:25:35,676 - INFO - episode:112 reward:1.0 Actions:[[0, 0], [2, 0], [3, 1], [4, 0], [1, 0], [7, 1], [6, 0], [8, 0], [9, 0], [5, 0]]
2026-03-24 17:25:35,678 - INFO - episode:113 reward:1.0 Actions:[[3, 1], [2, 0], [5, 0], [6, 0], [4, 0], [0, 1], [8, 2], [7, 0], [1, 2], [9, 3]]
2026-03-24 17:25:35,679 - INFO - episode:114 reward:1.0 Actions:[[9, 1], [5, 5], [2, 0], [3, 0], [1, 0], [4, 0], [8, 1], [6, 3], [0, 0], [7, 1]]
2026-03-24 17:25:35,681 - INFO - episode:115 reward:0.6000000000000001 Actions:[[8, 0], [7, 1], [4, 1], [3, 0], [1, 1], [5, 3], [6, 0], [2, 1], [0, 5], [9, 0]]
2026-03-24 17:25:35,685 - INFO - episode:116 reward:4.5 Actions:[[4, 2], [9, 5], [2, 0], [3, 2], [0, 1], [7, 1], [5, 0], [8, 3], [6, 4], [1, 1]]
2026-03-24 17:25:35,687 - INFO - episode:117 reward:0.6000000000000001 Actions:[[1, 3], [7, 1], [3, 0], [8, 1], [9, 0], [6, 1], [5, 1], [4, 4], [2, 0], [0, 0]]
2026-03-24 17:25:35,688 - INFO - episode:118 reward:1.5 Actions:[[7, 1], [2, 0], [4, 0], [0, 2], [9, 3], [8, 2], [5, 3], [1, 0], [6, 2], [3, 2]]
2026-03-24 17:25:35,690 - INFO - episode:119 reward:2.1 Actions:[[9, 4], [8, 0], [7, 1], [3, 2], [4, 3], [2, 2], [6, 0], [0, 0], [1, 0], [5, 1]]
2026-03-24 17:25:35,691 - INFO - episode:120 reward:1.5 Actions:[[0, 1], [6, 1], [2, 0], [3, 2], [5, 0], [8, 2], [1, 1], [4, 2], [7, 1], [9, 1]]
2026-03-24 17:25:35,693 - INFO - episode:121 reward:0.6000000000000001 Actions:[[8, 0], [1, 1], [4, 1], [9, 0], [6, 2], [3, 0], [2, 0], [0, 0], [7, 0], [5, 0]]
2026-03-24 17:25:35,695 - INFO - episode:122 reward:0.30000000000000004 Actions:[[5, 0], [1, 0], [9, 0], [6, 0], [3, 1], [0, 1], [7, 0], [4, 0], [2, 1], [8, 0]]
2026-03-24 17:25:35,696 - INFO - episode:123 reward:0.6000000000000001 Actions:[[2, 1], [3, 0], [0, 1], [1, 1], [5, 0], [9, 0], [7, 0], [4, 1], [8, 2], [6, 1]]
2026-03-24 17:25:35,698 - INFO - episode:124 reward:2.1 Actions:[[7, 0], [6, 2], [0, 0], [5, 1], [4, 0], [8, 3], [9, 0], [1, 0], [3, 0], [2, 1]]
2026-03-24 17:25:35,699 - INFO - episode:125 reward:2.1 Actions:[[5, 0], [4, 1], [0, 0], [6, 0], [3, 1], [9, 1], [7, 1], [8, 1], [2, 0], [1, 0]]
2026-03-24 17:25:35,701 - INFO - episode:126 reward:2.1 Actions:[[4, 1], [3, 0], [9, 1], [0, 1], [1, 2], [2, 2], [6, 2], [5, 1], [7, 0], [8, 1]]
2026-03-24 17:25:35,702 - INFO - episode:127 reward:0.30000000000000004 Actions:[[6, 0], [1, 0], [5, 0], [0, 1], [7, 0], [9, 0], [2, 0], [3, 2], [8, 1], [4, 0]]
2026-03-24 17:25:35,704 - INFO - episode:128 reward:2.1 Actions:[[1, 1], [8, 2], [9, 3], [7, 0], [5, 0], [6, 0], [2, 0], [4, 0], [0, 1], [3, 4]]
2026-03-24 17:25:35,705 - INFO - episode:129 reward:0.6000000000000001 Actions:[[0, 1], [1, 1], [4, 0], [6, 1], [7, 3], [3, 1], [9, 1], [8, 0], [5, 0], [2, 1]]
2026-03-24 17:25:35,707 - INFO - episode:130 reward:1.0 Actions:[[5, 0], [2, 0], [7, 0], [1, 1], [6, 0], [9, 0], [3, 0], [8, 1], [0, 0], [4, 0]]
2026-03-24 17:25:35,708 - INFO - episode:131 reward:2.1 Actions:[[9, 3], [1, 2], [5, 1], [7, 0], [6, 0], [0, 0], [8, 0], [3, 2], [2, 3], [4, 0]]
2026-03-24 17:25:35,710 - INFO - episode:132 reward:2.1 Actions:[[4, 4], [0, 0], [3, 1], [2, 1], [9, 0], [5, 1], [1, 0], [8, 4], [6, 0], [7, 0]]
2026-03-24 17:25:35,715 - INFO - episode:133 reward:46.313668040001815 Actions:[[7, 1], [8, 3], [4, 4], [9, 1], [1, 2], [2, 0], [0, 0], [3, 1], [6, 2], [5, 0]]
2026-03-24 17:25:35,716 - INFO - episode:134 reward:1.5 Actions:[[2, 0], [5, 5], [1, 0], [9, 1], [0, 2], [8, 1], [3, 4], [6, 2], [7, 0], [4, 0]]
2026-03-24 17:25:35,718 - INFO - episode:135 reward:1.5 Actions:[[0, 0], [9, 2], [6, 2], [3, 1], [4, 2], [8, 2], [2, 2], [5, 2], [1, 2], [7, 1]]
2026-03-24 17:25:35,719 - INFO - episode:136 reward:1.5 Actions:[[8, 3], [4, 2], [5, 0], [0, 0], [2, 1], [1, 0], [7, 0], [9, 0], [6, 2], [3, 0]]
2026-03-24 17:25:35,721 - INFO - episode:137 reward:0.1 Actions:[[2, 0], [8, 0], [0, 2], [6, 1], [4, 1], [1, 4], [5, 0], [7, 3], [3, 1], [9, 0]]
2026-03-24 17:25:35,722 - INFO - episode:138 reward:1.5 Actions:[[6, 1], [8, 4], [9, 0], [7, 0], [5, 0], [1, 0], [0, 1], [2, 3], [3, 0], [4, 2]]
2026-03-24 17:25:35,724 - INFO - episode:139 reward:1.0 Actions:[[8, 1], [1, 3], [3, 0], [6, 0], [2, 1], [4, 0], [0, 0], [9, 5], [5, 0], [7, 1]]
2026-03-24 17:25:35,726 - INFO - episode:140 reward:1.5 Actions:[[3, 1], [2, 1], [4, 0], [1, 2], [5, 3], [8, 0], [0, 2], [6, 0], [9, 0], [7, 1]]
2026-03-24 17:25:35,727 - INFO - episode:141 reward:1.0 Actions:[[1, 2], [9, 0], [0, 1], [4, 1], [8, 2], [5, 3], [7, 2], [6, 2], [2, 3], [3, 0]]
2026-03-24 17:25:35,729 - INFO - episode:142 reward:0.30000000000000004 Actions:[[9, 0], [4, 0], [1, 0], [6, 0], [7, 0], [0, 1], [8, 0], [5, 0], [3, 1], [2, 0]]
2026-03-24 17:25:35,730 - INFO - episode:143 reward:0.6000000000000001 Actions:[[1, 0], [4, 2], [6, 0], [2, 0], [3, 0], [0, 0], [7, 2], [5, 1], [9, 1], [8, 0]]
2026-03-24 17:25:35,732 - INFO - episode:144 reward:0.30000000000000004 Actions:[[4, 2], [6, 2], [1, 2], [2, 0], [9, 2], [7, 1], [5, 2], [0, 1], [3, 1], [8, 2]]
2026-03-24 17:25:35,733 - INFO - episode:145 reward:1.0 Actions:[[3, 0], [0, 0], [2, 0], [5, 1], [8, 0], [4, 0], [9, 1], [6, 4], [7, 0], [1, 0]]
2026-03-24 17:25:35,735 - INFO - episode:146 reward:2.1 Actions:[[7, 2], [9, 0], [5, 2], [3, 3], [1, 0], [2, 1], [0, 0], [6, 0], [4, 1], [8, 4]]
2026-03-24 17:25:35,737 - INFO - episode:147 reward:1.0 Actions:[[7, 0], [1, 0], [8, 1], [3, 3], [4, 0], [9, 1], [5, 1], [0, 0], [6, 0], [2, 2]]
2026-03-24 17:25:35,738 - INFO - episode:148 reward:2.8 Actions:[[6, 0], [0, 1], [3, 0], [4, 1], [5, 3], [7, 0], [9, 3], [8, 0], [1, 1], [2, 1]]
2026-03-24 17:25:35,740 - INFO - episode:149 reward:1.0 Actions:[[1, 5], [4, 0], [5, 0], [2, 0], [8, 0], [3, 0], [7, 3], [0, 1], [9, 0], [6, 0]]
2026-03-24 17:25:35,741 - INFO - episode:150 reward:0.1 Actions:[[7, 0], [8, 0], [4, 0], [3, 0], [6, 1], [2, 0], [9, 4], [0, 3], [5, 3], [1, 3]]
2026-03-24 17:25:35,743 - INFO - episode:151 reward:2.8 Actions:[[4, 2], [0, 1], [9, 0], [2, 2], [1, 3], [7, 1], [3, 0], [8, 1], [6, 0], [5, 0]]
2026-03-24 17:25:35,744 - INFO - episode:152 reward:3.5999999999999996 Actions:[[2, 0], [4, 1], [5, 1], [3, 0], [7, 0], [1, 2], [9, 1], [6, 2], [0, 0], [8, 3]]
2026-03-24 17:25:35,746 - INFO - episode:153 reward:2.1 Actions:[[3, 0], [2, 1], [4, 0], [9, 0], [1, 3], [5, 1], [7, 0], [6, 1], [0, 0], [8, 0]]
2026-03-24 17:25:35,747 - INFO - episode:154 reward:0.1 Actions:[[8, 1], [3, 1], [1, 1], [5, 3], [2, 0], [7, 1], [6, 0], [9, 0], [0, 0], [4, 0]]
2026-03-24 17:25:35,749 - INFO - episode:155 reward:0.1 Actions:[[3, 0], [8, 0], [6, 0], [4, 0], [0, 0], [1, 0], [7, 1], [9, 1], [5, 0], [2, 1]]
2026-03-24 17:25:35,750 - INFO - episode:156 reward:0.1 Actions:[[8, 1], [9, 1], [0, 0], [1, 0], [2, 1], [4, 0], [5, 0], [3, 0], [7, 0], [6, 0]]
2026-03-24 17:25:35,752 - INFO - episode:157 reward:2.8 Actions:[[4, 3], [6, 0], [3, 1], [2, 1], [9, 0], [7, 1], [0, 0], [1, 0], [8, 0], [5, 0]]
2026-03-24 17:25:35,754 - INFO - episode:158 reward:2.1 Actions:[[4, 2], [0, 1], [1, 0], [5, 3], [6, 1], [2, 0], [7, 0], [9, 0], [8, 1], [3, 1]]
2026-03-24 17:25:35,755 - INFO - episode:159 reward:0.1 Actions:[[7, 0], [8, 0], [9, 2], [5, 1], [6, 2], [4, 0], [1, 0], [0, 0], [2, 1], [3, 0]]
2026-03-24 17:25:35,757 - INFO - episode:160 reward:1.5 Actions:[[0, 0], [4, 0], [9, 1], [5, 1], [6, 2], [1, 0], [3, 2], [2, 2], [8, 2], [7, 3]]
2026-03-24 17:25:35,758 - INFO - episode:161 reward:2.1 Actions:[[4, 2], [3, 2], [5, 2], [6, 1], [9, 3], [1, 0], [8, 0], [0, 5], [2, 0], [7, 0]]
2026-03-24 17:25:35,760 - INFO - episode:162 reward:1.0 Actions:[[6, 5], [2, 0], [0, 0], [5, 0], [9, 0], [8, 0], [1, 0], [3, 2], [4, 0], [7, 1]]
2026-03-24 17:25:35,761 - INFO - episode:163 reward:0.6000000000000001 Actions:[[9, 0], [2, 0], [5, 1], [8, 0], [0, 0], [6, 0], [1, 0], [7, 1], [3, 0], [4, 2]]
2026-03-24 17:25:35,763 - INFO - episode:164 reward:2.1 Actions:[[2, 0], [5, 0], [3, 0], [8, 1], [0, 2], [6, 3], [1, 1], [9, 3], [4, 0], [7, 3]]
2026-03-24 17:25:35,764 - INFO - episode:165 reward:2.1 Actions:[[9, 3], [0, 0], [4, 0], [3, 0], [6, 2], [5, 3], [1, 0], [8, 4], [2, 1], [7, 3]]
2026-03-24 17:25:35,766 - INFO - episode:166 reward:2.1 Actions:[[0, 0], [4, 2], [8, 1], [1, 3], [6, 0], [5, 0], [3, 0], [2, 1], [9, 0], [7, 0]]
2026-03-24 17:25:35,767 - INFO - episode:167 reward:3.5999999999999996 Actions:[[1, 3], [2, 0], [7, 1], [4, 1], [6, 1], [3, 5], [0, 0], [5, 0], [9, 0], [8, 5]]
2026-03-24 17:25:35,769 - INFO - episode:168 reward:2.1 Actions:[[2, 0], [0, 0], [6, 0], [3, 1], [5, 3], [1, 2], [8, 0], [4, 1], [9, 2], [7, 0]]
2026-03-24 17:25:35,771 - INFO - episode:169 reward:0.6000000000000001 Actions:[[8, 1], [2, 0], [3, 0], [5, 1], [0, 1], [7, 1], [6, 1], [9, 2], [4, 2], [1, 0]]
2026-03-24 17:25:35,772 - INFO - episode:170 reward:1.5 Actions:[[5, 1], [1, 0], [0, 1], [2, 0], [7, 1], [6, 1], [3, 4], [9, 0], [4, 1], [8, 1]]
2026-03-24 17:25:35,774 - INFO - episode:171 reward:2.8 Actions:[[6, 1], [3, 1], [9, 0], [4, 0], [8, 2], [0, 1], [2, 0], [1, 1], [5, 3], [7, 3]]
2026-03-24 17:25:35,775 - INFO - episode:172 reward:1.0 Actions:[[9, 0], [0, 1], [5, 0], [8, 2], [4, 2], [1, 0], [6, 0], [2, 3], [3, 1], [7, 1]]
2026-03-24 17:25:35,777 - INFO - episode:173 reward:1.5 Actions:[[0, 5], [9, 3], [5, 0], [3, 0], [2, 0], [4, 0], [1, 1], [7, 0], [8, 0], [6, 4]]
2026-03-24 17:25:35,778 - INFO - episode:174 reward:0.30000000000000004 Actions:[[3, 2], [5, 0], [8, 0], [7, 0], [1, 1], [9, 0], [4, 0], [6, 1], [2, 0], [0, 3]]
2026-03-24 17:25:35,783 - INFO - episode:175 reward:50.48109990396966 Actions:[[7, 0], [4, 2], [9, 2], [3, 1], [0, 3], [5, 2], [1, 3], [2, 0], [6, 4], [8, 1]]
2026-03-24 17:25:35,784 - INFO - episode:176 reward:1.5 Actions:[[4, 1], [5, 0], [9, 1], [8, 2], [3, 1], [2, 2], [1, 2], [6, 2], [7, 2], [0, 2]]
2026-03-24 17:25:35,786 - INFO - episode:177 reward:2.8 Actions:[[4, 1], [7, 0], [9, 2], [0, 1], [5, 0], [3, 0], [6, 4], [8, 0], [1, 0], [2, 0]]
2026-03-24 17:25:35,787 - INFO - episode:178 reward:0.30000000000000004 Actions:[[9, 0], [0, 0], [8, 0], [5, 0], [1, 0], [2, 1], [4, 1], [6, 1], [3, 0], [7, 1]]
2026-03-24 17:25:35,789 - INFO - episode:179 reward:1.0 Actions:[[3, 0], [0, 0], [9, 0], [6, 1], [4, 0], [1, 3], [2, 1], [8, 5], [7, 1], [5, 4]]
2026-03-24 17:25:35,791 - INFO - episode:180 reward:1.0 Actions:[[2, 0], [4, 0], [3, 1], [6, 0], [1, 0], [0, 4], [5, 0], [9, 0], [8, 0], [7, 1]]
2026-03-24 17:25:35,792 - INFO - episode:181 reward:0.30000000000000004 Actions:[[8, 0], [3, 2], [1, 0], [0, 1], [7, 1], [9, 2], [6, 2], [2, 0], [4, 1], [5, 2]]
2026-03-24 17:25:35,794 - INFO - episode:182 reward:1.5 Actions:[[5, 2], [1, 1], [3, 2], [8, 0], [4, 2], [6, 0], [7, 2], [2, 1], [0, 2], [9, 0]]
2026-03-24 17:25:35,795 - INFO - episode:183 reward:0.1 Actions:[[4, 0], [8, 0], [2, 0], [6, 1], [3, 0], [5, 0], [9, 0], [1, 1], [0, 0], [7, 0]]
2026-03-24 17:25:35,797 - INFO - episode:184 reward:2.1 Actions:[[2, 1], [5, 1], [6, 1], [1, 3], [4, 0], [3, 0], [0, 1], [7, 0], [9, 1], [8, 0]]
2026-03-24 17:25:35,798 - INFO - episode:185 reward:0.30000000000000004 Actions:[[8, 0], [2, 3], [0, 0], [9, 1], [4, 1], [6, 0], [3, 0], [5, 0], [1, 0], [7, 0]]
2026-03-24 17:25:35,800 - INFO - episode:186 reward:2.8 Actions:[[3, 0], [9, 1], [2, 0], [1, 1], [4, 0], [0, 3], [5, 2], [7, 0], [6, 0], [8, 0]]
2026-03-24 17:25:35,801 - INFO - episode:187 reward:1.0 Actions:[[4, 1], [6, 0], [0, 0], [2, 0], [9, 0], [3, 0], [1, 1], [7, 0], [5, 1], [8, 0]]
2026-03-24 17:25:35,803 - INFO - episode:188 reward:1.5 Actions:[[0, 0], [7, 0], [5, 0], [1, 2], [3, 2], [2, 0], [6, 0], [8, 2], [4, 4], [9, 2]]
2026-03-24 17:25:35,805 - INFO - episode:189 reward:1.0 Actions:[[8, 1], [0, 0], [9, 0], [7, 0], [2, 0], [1, 0], [5, 0], [4, 0], [3, 4], [6, 0]]
2026-03-24 17:25:35,806 - INFO - episode:190 reward:1.0 Actions:[[1, 0], [5, 4], [2, 1], [3, 0], [4, 0], [8, 2], [7, 1], [6, 0], [0, 3], [9, 2]]
2026-03-24 17:25:35,808 - INFO - episode:191 reward:1.5 Actions:[[9, 0], [6, 0], [7, 1], [0, 0], [8, 2], [1, 0], [3, 2], [5, 1], [2, 4], [4, 1]]
2026-03-24 17:25:35,809 - INFO - episode:192 reward:0.1 Actions:[[8, 0], [6, 0], [7, 1], [5, 1], [2, 0], [1, 1], [4, 0], [0, 0], [3, 1], [9, 0]]
2026-03-24 17:25:35,811 - INFO - episode:193 reward:2.1 Actions:[[3, 3], [0, 0], [8, 1], [2, 0], [6, 0], [1, 3], [5, 0], [4, 1], [7, 1], [9, 0]]
2026-03-24 17:25:35,812 - INFO - episode:194 reward:0.30000000000000004 Actions:[[8, 1], [3, 0], [0, 1], [4, 2], [6, 0], [7, 0], [2, 0], [5, 3], [9, 1], [1, 2]]
2026-03-24 17:25:35,814 - INFO - episode:195 reward:2.1 Actions:[[1, 4], [6, 0], [8, 1], [5, 0], [9, 2], [0, 0], [4, 0], [2, 5], [3, 2], [7, 1]]
2026-03-24 17:25:35,818 - INFO - episode:196 reward:4.5 Actions:[[2, 2], [7, 2], [3, 2], [9, 5], [5, 0], [4, 3], [0, 0], [1, 1], [6, 0], [8, 0]]
2026-03-24 17:25:35,820 - INFO - episode:197 reward:0.30000000000000004 Actions:[[1, 0], [2, 0], [5, 0], [7, 0], [0, 2], [3, 0], [8, 2], [6, 0], [4, 0], [9, 0]]
2026-03-24 17:25:35,821 - INFO - episode:198 reward:1.0 Actions:[[1, 0], [2, 0], [6, 1], [4, 2], [0, 0], [5, 0], [7, 1], [8, 0], [9, 0], [3, 1]]
2026-03-24 17:25:35,823 - INFO - episode:199 reward:1.0 Actions:[[7, 0], [2, 1], [6, 0], [5, 0], [8, 1], [9, 1], [0, 3], [4, 1], [1, 1], [3, 1]]
2026-03-24 17:25:35,825 - INFO - episode:200 reward:2.1 Actions:[[3, 3], [6, 0], [2, 0], [5, 0], [1, 1], [7, 3], [4, 0], [0, 1], [9, 1], [8, 0]]
2026-03-24 17:25:35,826 - INFO - episode:201 reward:3.5999999999999996 Actions:[[3, 1], [4, 0], [2, 1], [6, 1], [0, 2], [1, 0], [7, 5], [5, 4], [8, 0], [9, 0]]
2026-03-24 17:25:35,828 - INFO - episode:202 reward:0.6000000000000001 Actions:[[6, 1], [9, 1], [8, 0], [3, 0], [7, 0], [0, 1], [5, 0], [1, 0], [4, 0], [2, 1]]
2026-03-24 17:25:35,829 - INFO - episode:203 reward:0.1 Actions:[[8, 3], [5, 3], [4, 1], [0, 1], [3, 1], [9, 1], [2, 2], [1, 1], [6, 5], [7, 2]]
2026-03-24 17:25:35,831 - INFO - episode:204 reward:1.0 Actions:[[6, 2], [4, 0], [1, 0], [8, 4], [3, 0], [7, 2], [5, 0], [2, 0], [9, 2], [0, 4]]
2026-03-24 17:25:35,832 - INFO - episode:205 reward:0.1 Actions:[[6, 0], [8, 0], [4, 1], [2, 0], [5, 0], [3, 0], [1, 1], [9, 0], [7, 0], [0, 2]]
2026-03-24 17:25:35,834 - INFO - episode:206 reward:0.6000000000000001 Actions:[[8, 3], [9, 2], [7, 1], [4, 3], [2, 0], [5, 0], [0, 1], [3, 2], [1, 0], [6, 3]]
2026-03-24 17:25:35,835 - INFO - episode:207 reward:2.1 Actions:[[7, 1], [6, 2], [3, 5], [0, 0], [5, 1], [1, 0], [2, 0], [4, 2], [9, 0], [8, 0]]
2026-03-24 17:25:35,837 - INFO - episode:208 reward:1.0 Actions:[[5, 3], [8, 0], [1, 3], [0, 1], [9, 0], [4, 3], [6, 1], [2, 2], [7, 2], [3, 1]]
2026-03-24 17:25:35,839 - INFO - episode:209 reward:0.30000000000000004 Actions:[[3, 0], [5, 1], [8, 1], [7, 0], [2, 0], [4, 1], [9, 1], [6, 1], [0, 0], [1, 1]]
2026-03-24 17:25:35,840 - INFO - episode:210 reward:1.0 Actions:[[8, 3], [9, 0], [2, 0], [3, 0], [1, 3], [0, 0], [5, 3], [4, 1], [6, 0], [7, 3]]
2026-03-24 17:25:35,842 - INFO - episode:211 reward:1.5 Actions:[[2, 0], [6, 0], [7, 1], [4, 4], [0, 0], [5, 0], [8, 0], [9, 2], [3, 0], [1, 0]]
2026-03-24 17:25:35,843 - INFO - episode:212 reward:0.1 Actions:[[8, 0], [7, 0], [2, 1], [3, 1], [9, 3], [6, 0], [1, 2], [5, 2], [0, 5], [4, 1]]
2026-03-24 17:25:35,845 - INFO - episode:213 reward:0.30000000000000004 Actions:[[1, 0], [6, 0], [5, 0], [4, 3], [3, 0], [2, 2], [7, 0], [9, 2], [0, 0], [8, 5]]
2026-03-24 17:25:35,846 - INFO - episode:214 reward:2.1 Actions:[[6, 0], [7, 0], [0, 1], [9, 5], [2, 0], [1, 1], [5, 1], [4, 0], [8, 0], [3, 0]]
2026-03-24 17:25:35,848 - INFO - episode:215 reward:1.0 Actions:[[8, 2], [1, 1], [9, 1], [6, 3], [7, 1], [0, 1], [5, 1], [3, 1], [2, 1], [4, 1]]
2026-03-24 17:25:35,849 - INFO - episode:216 reward:0.6000000000000001 Actions:[[1, 0], [0, 0], [7, 1], [3, 0], [5, 0], [9, 0], [4, 1], [2, 1], [8, 0], [6, 1]]
2026-03-24 17:25:35,851 - INFO - episode:217 reward:2.8 Actions:[[0, 0], [4, 1], [3, 1], [5, 5], [7, 0], [2, 1], [9, 0], [8, 0], [6, 1], [1, 1]]
2026-03-24 17:25:35,853 - INFO - episode:218 reward:1.5 Actions:[[2, 0], [3, 2], [5, 0], [4, 2], [0, 0], [8, 0], [9, 2], [7, 0], [6, 0], [1, 4]]
2026-03-24 17:25:35,854 - INFO - episode:219 reward:2.1 Actions:[[3, 0], [4, 1], [9, 0], [1, 1], [7, 0], [2, 2], [8, 2], [6, 0], [5, 2], [0, 1]]
2026-03-24 17:25:35,856 - INFO - episode:220 reward:1.5 Actions:[[0, 0], [8, 1], [7, 2], [3, 2], [6, 2], [5, 1], [4, 2], [1, 2], [9, 2], [2, 0]]
2026-03-24 17:25:35,857 - INFO - episode:221 reward:1.0 Actions:[[6, 0], [3, 0], [4, 0], [9, 1], [8, 0], [0, 3], [7, 0], [2, 1], [1, 0], [5, 0]]
2026-03-24 17:25:35,859 - INFO - episode:222 reward:2.8 Actions:[[9, 1], [5, 1], [8, 0], [7, 2], [3, 1], [6, 2], [2, 4], [1, 1], [0, 0], [4, 0]]
2026-03-24 17:25:35,860 - INFO - episode:223 reward:0.30000000000000004 Actions:[[8, 1], [5, 0], [7, 1], [0, 5], [4, 1], [1, 0], [9, 0], [6, 0], [3, 1], [2, 1]]
2026-03-24 17:25:35,862 - INFO - episode:224 reward:0.6000000000000001 Actions:[[0, 1], [4, 1], [5, 0], [1, 1], [3, 0], [7, 0], [9, 3], [8, 0], [2, 0], [6, 0]]
2026-03-24 17:25:35,863 - INFO - episode:225 reward:0.6000000000000001 Actions:[[5, 0], [4, 0], [2, 0], [6, 0], [1, 0], [0, 3], [8, 2], [7, 2], [9, 1], [3, 0]]
2026-03-24 17:25:35,865 - INFO - episode:226 reward:1.0 Actions:[[2, 2], [7, 0], [4, 1], [1, 0], [3, 0], [9, 1], [5, 0], [8, 2], [6, 1], [0, 1]]
2026-03-24 17:25:35,866 - INFO - episode:227 reward:2.1 Actions:[[9, 1], [2, 1], [5, 1], [1, 0], [4, 3], [7, 0], [6, 0], [3, 2], [0, 1], [8, 1]]
2026-03-24 17:25:35,868 - INFO - episode:228 reward:2.1 Actions:[[9, 3], [7, 0], [0, 3], [4, 4], [1, 0], [3, 5], [8, 0], [2, 0], [6, 0], [5, 2]]
2026-03-24 17:25:35,870 - INFO - episode:229 reward:0.1 Actions:[[0, 1], [8, 1], [2, 2], [4, 0], [5, 0], [3, 0], [1, 1], [6, 0], [9, 0], [7, 0]]
2026-03-24 17:25:35,871 - INFO - episode:230 reward:1.0 Actions:[[3, 0], [7, 0], [9, 2], [6, 1], [8, 0], [0, 0], [2, 3], [4, 0], [5, 2], [1, 1]]
2026-03-24 17:25:35,873 - INFO - episode:231 reward:1.0 Actions:[[5, 2], [6, 5], [8, 0], [3, 1], [1, 0], [2, 0], [0, 0], [7, 0], [4, 0], [9, 0]]
2026-03-24 17:25:35,874 - INFO - episode:232 reward:0.6000000000000001 Actions:[[6, 1], [8, 0], [5, 1], [0, 0], [4, 0], [2, 0], [7, 1], [1, 0], [9, 0], [3, 2]]
2026-03-24 17:25:35,876 - INFO - episode:233 reward:0.6000000000000001 Actions:[[5, 0], [2, 0], [4, 0], [6, 0], [8, 1], [9, 0], [3, 0], [7, 5], [0, 0], [1, 0]]
2026-03-24 17:25:35,877 - INFO - episode:234 reward:2.8 Actions:[[1, 3], [0, 0], [5, 1], [7, 0], [9, 0], [6, 5], [4, 2], [8, 0], [3, 0], [2, 0]]
2026-03-24 17:25:35,879 - INFO - episode:235 reward:1.5 Actions:[[9, 3], [3, 0], [6, 0], [8, 1], [0, 0], [2, 0], [5, 5], [1, 1], [7, 0], [4, 1]]
2026-03-24 17:25:35,881 - INFO - episode:236 reward:2.1 Actions:[[1, 1], [6, 0], [4, 0], [3, 2], [5, 1], [2, 0], [8, 2], [7, 0], [9, 1], [0, 4]]
2026-03-24 17:25:35,882 - INFO - episode:237 reward:0.30000000000000004 Actions:[[7, 1], [8, 0], [4, 0], [9, 0], [0, 0], [2, 0], [5, 0], [6, 0], [1, 3], [3, 1]]
2026-03-24 17:25:35,884 - INFO - episode:238 reward:2.1 Actions:[[3, 2], [2, 1], [1, 1], [7, 2], [0, 0], [5, 0], [8, 2], [4, 1], [9, 1], [6, 1]]
2026-03-24 17:25:35,885 - INFO - episode:239 reward:1.5 Actions:[[3, 0], [5, 2], [0, 0], [4, 0], [6, 3], [2, 0], [1, 0], [9, 3], [7, 0], [8, 2]]
2026-03-24 17:25:35,887 - INFO - episode:240 reward:1.0 Actions:[[9, 2], [5, 3], [4, 1], [8, 0], [6, 0], [2, 0], [3, 0], [7, 1], [0, 1], [1, 5]]
2026-03-24 17:25:35,888 - INFO - episode:241 reward:0.1 Actions:[[3, 0], [8, 0], [2, 3], [7, 1], [0, 0], [6, 1], [4, 2], [9, 0], [5, 0], [1, 1]]
2026-03-24 17:25:35,890 - INFO - episode:242 reward:1.0 Actions:[[5, 5], [4, 0], [3, 0], [9, 0], [2, 0], [7, 4], [8, 0], [6, 0], [1, 2], [0, 0]]
2026-03-24 17:25:35,891 - INFO - episode:243 reward:1.5 Actions:[[3, 1], [6, 1], [1, 2], [4, 1], [5, 2], [7, 1], [2, 3], [0, 1], [8, 1], [9, 0]]
2026-03-24 17:25:35,893 - INFO - episode:244 reward:1.5 Actions:[[0, 0], [6, 0], [9, 1], [3, 0], [4, 3], [1, 0], [5, 0], [8, 0], [7, 1], [2, 0]]
2026-03-24 17:25:35,895 - INFO - episode:245 reward:1.5 Actions:[[9, 5], [2, 2], [5, 1], [3, 1], [8, 0], [0, 0], [7, 2], [6, 0], [4, 0], [1, 0]]
2026-03-24 17:25:35,896 - INFO - episode:246 reward:1.0 Actions:[[7, 0], [5, 1], [1, 0], [2, 3], [8, 0], [3, 1], [9, 1], [4, 4], [6, 0], [0, 0]]
2026-03-24 17:25:35,898 - INFO - episode:247 reward:2.1 Actions:[[2, 0], [5, 0], [0, 1], [7, 0], [6, 3], [3, 1], [9, 0], [4, 5], [1, 0], [8, 4]]
2026-03-24 17:25:35,899 - INFO - episode:248 reward:2.8 Actions:[[2, 1], [4, 2], [5, 0], [6, 1], [0, 1], [9, 0], [7, 0], [8, 1], [3, 0], [1, 1]]
2026-03-24 17:25:35,901 - INFO - episode:249 reward:2.1 Actions:[[7, 1], [1, 4], [0, 2], [8, 0], [6, 1], [3, 1], [9, 0], [5, 1], [2, 2], [4, 0]]
2026-03-24 17:25:35,902 - INFO - episode:250 reward:0.6000000000000001 Actions:[[1, 2], [6, 2], [4, 1], [7, 2], [8, 1], [0, 3], [2, 1], [3, 1], [9, 1], [5, 1]]
2026-03-24 17:25:35,904 - INFO - episode:251 reward:0.30000000000000004 Actions:[[8, 2], [6, 5], [0, 2], [1, 1], [2, 5], [5, 2], [9, 2], [3, 1], [7, 1], [4, 1]]
2026-03-24 17:25:35,905 - INFO - episode:252 reward:1.5 Actions:[[6, 0], [0, 1], [1, 1], [3, 0], [5, 0], [8, 0], [7, 0], [9, 0], [2, 0], [4, 0]]
2026-03-24 17:25:35,907 - INFO - episode:253 reward:2.1 Actions:[[4, 0], [6, 0], [0, 1], [8, 4], [9, 0], [2, 1], [5, 0], [1, 1], [7, 0], [3, 1]]
2026-03-24 17:25:35,909 - INFO - episode:254 reward:1.0 Actions:[[6, 1], [9, 4], [1, 0], [3, 0], [8, 0], [7, 0], [5, 1], [4, 0], [2, 0], [0, 3]]
2026-03-24 17:25:35,910 - INFO - episode:255 reward:0.1 Actions:[[8, 1], [5, 1], [0, 0], [2, 1], [6, 1], [4, 0], [7, 0], [3, 2], [1, 2], [9, 3]]
2026-03-24 17:25:35,912 - INFO - episode:256 reward:1.0 Actions:[[2, 0], [5, 0], [7, 1], [9, 0], [6, 0], [3, 1], [1, 1], [8, 0], [4, 0], [0, 0]]
2026-03-24 17:25:35,913 - INFO - episode:257 reward:1.0 Actions:[[4, 2], [5, 1], [2, 1], [3, 1], [0, 1], [9, 0], [1, 0], [7, 1], [6, 0], [8, 0]]
2026-03-24 17:25:35,915 - INFO - episode:258 reward:1.0 Actions:[[4, 0], [5, 0], [2, 1], [7, 0], [3, 0], [8, 3], [6, 1], [0, 0], [1, 0], [9, 3]]
2026-03-24 17:25:35,916 - INFO - episode:259 reward:0.1 Actions:[[3, 0], [8, 0], [0, 3], [4, 1], [7, 2], [2, 4], [1, 0], [9, 0], [5, 0], [6, 0]]
2026-03-24 17:25:35,918 - INFO - episode:260 reward:2.1 Actions:[[9, 1], [4, 2], [3, 0], [1, 2], [0, 1], [6, 1], [2, 1], [5, 1], [8, 2], [7, 1]]
2026-03-24 17:25:35,919 - INFO - episode:261 reward:2.1 Actions:[[3, 2], [8, 1], [6, 0], [7, 0], [5, 5], [9, 2], [1, 2], [0, 2], [4, 2], [2, 4]]
2026-03-24 17:25:35,921 - INFO - episode:262 reward:1.5 Actions:[[2, 2], [7, 0], [9, 2], [5, 1], [4, 1], [1, 1], [0, 1], [6, 1], [8, 2], [3, 4]]
2026-03-24 17:25:35,922 - INFO - episode:263 reward:1.5 Actions:[[1, 2], [9, 2], [3, 0], [7, 1], [4, 1], [0, 2], [8, 5], [5, 1], [6, 1], [2, 1]]
2026-03-24 17:25:35,924 - INFO - episode:264 reward:1.0 Actions:[[4, 0], [0, 0], [6, 0], [7, 1], [1, 0], [5, 1], [9, 1], [8, 0], [2, 4], [3, 2]]
2026-03-24 17:25:35,926 - INFO - episode:265 reward:2.8 Actions:[[3, 1], [7, 0], [0, 0], [9, 1], [6, 0], [1, 2], [5, 1], [4, 0], [8, 3], [2, 0]]
2026-03-24 17:25:35,927 - INFO - episode:266 reward:2.8 Actions:[[3, 2], [7, 0], [0, 2], [1, 0], [6, 1], [5, 3], [9, 2], [2, 0], [8, 1], [4, 0]]
2026-03-24 17:25:35,929 - INFO - episode:267 reward:1.0 Actions:[[5, 3], [4, 0], [1, 0], [7, 1], [8, 1], [3, 1], [2, 0], [0, 2], [6, 0], [9, 0]]
2026-03-24 17:25:35,930 - INFO - episode:268 reward:2.8 Actions:[[9, 2], [0, 3], [3, 0], [1, 1], [8, 4], [7, 0], [2, 0], [5, 0], [4, 1], [6, 0]]
2026-03-24 17:25:35,932 - INFO - episode:269 reward:0.30000000000000004 Actions:[[3, 5], [8, 0], [6, 0], [5, 1], [1, 2], [4, 0], [7, 0], [2, 3], [9, 0], [0, 0]]
2026-03-24 17:25:35,933 - INFO - episode:270 reward:1.5 Actions:[[3, 0], [1, 1], [0, 1], [7, 0], [9, 2], [8, 2], [6, 2], [2, 1], [4, 1], [5, 0]]
2026-03-24 17:25:35,935 - INFO - episode:271 reward:3.5999999999999996 Actions:[[3, 0], [4, 2], [7, 2], [9, 1], [8, 5], [1, 0], [0, 2], [6, 1], [2, 0], [5, 0]]
2026-03-24 17:25:35,936 - INFO - episode:272 reward:2.1 Actions:[[9, 3], [3, 0], [2, 2], [7, 2], [4, 2], [8, 1], [0, 2], [1, 2], [5, 0], [6, 1]]
2026-03-24 17:25:35,938 - INFO - episode:273 reward:1.0 Actions:[[9, 0], [8, 1], [0, 0], [2, 2], [4, 1], [1, 1], [7, 2], [3, 0], [6, 2], [5, 1]]
2026-03-24 17:25:35,940 - INFO - episode:274 reward:1.0 Actions:[[4, 0], [3, 2], [5, 0], [2, 1], [8, 0], [1, 2], [7, 0], [0, 2], [6, 0], [9, 4]]
2026-03-24 17:25:35,941 - INFO - episode:275 reward:0.30000000000000004 Actions:[[9, 0], [0, 0], [1, 0], [5, 0], [6, 0], [3, 2], [2, 0], [7, 1], [4, 5], [8, 0]]
2026-03-24 17:25:35,943 - INFO - episode:276 reward:2.1 Actions:[[3, 3], [9, 0], [5, 0], [0, 0], [1, 1], [2, 1], [8, 0], [4, 2], [6, 4], [7, 0]]
2026-03-24 17:25:35,944 - INFO - episode:277 reward:0.6000000000000001 Actions:[[9, 0], [3, 0], [8, 1], [1, 0], [6, 1], [7, 0], [5, 1], [0, 1], [2, 1], [4, 0]]
2026-03-24 17:25:35,946 - INFO - episode:278 reward:2.1 Actions:[[4, 1], [3, 2], [6, 1], [9, 0], [7, 0], [0, 0], [8, 2], [1, 1], [5, 3], [2, 0]]
2026-03-24 17:25:35,947 - INFO - episode:279 reward:0.30000000000000004 Actions:[[0, 1], [3, 0], [8, 0], [4, 0], [5, 1], [6, 0], [9, 1], [2, 0], [7, 0], [1, 1]]
2026-03-24 17:25:35,949 - INFO - episode:280 reward:1.0 Actions:[[9, 1], [0, 3], [7, 2], [1, 2], [8, 1], [5, 1], [3, 2], [2, 1], [6, 2], [4, 1]]
2026-03-24 17:25:35,950 - INFO - episode:281 reward:2.1 Actions:[[5, 3], [0, 0], [7, 2], [2, 1], [4, 1], [6, 0], [1, 1], [3, 0], [9, 1], [8, 0]]
2026-03-24 17:25:35,952 - INFO - episode:282 reward:0.30000000000000004 Actions:[[1, 0], [5, 0], [0, 0], [9, 0], [8, 1], [4, 1], [3, 0], [2, 0], [7, 0], [6, 0]]
2026-03-24 17:25:35,954 - INFO - episode:283 reward:0.6000000000000001 Actions:[[1, 0], [5, 2], [7, 0], [3, 0], [2, 1], [9, 0], [8, 0], [0, 0], [4, 1], [6, 1]]
2026-03-24 17:25:35,955 - INFO - episode:284 reward:0.1 Actions:[[8, 0], [2, 0], [1, 0], [5, 0], [0, 0], [3, 0], [4, 0], [6, 0], [9, 0], [7, 5]]
2026-03-24 17:25:35,957 - INFO - episode:285 reward:3.5999999999999996 Actions:[[8, 3], [7, 0], [4, 0], [3, 1], [2, 1], [6, 0], [9, 2], [5, 2], [1, 0], [0, 0]]
2026-03-24 17:25:35,958 - INFO - episode:286 reward:1.0 Actions:[[1, 0], [6, 2], [9, 1], [5, 0], [3, 0], [2, 0], [0, 0], [7, 0], [4, 0], [8, 0]]
2026-03-24 17:25:35,960 - INFO - episode:287 reward:0.30000000000000004 Actions:[[2, 0], [6, 0], [1, 0], [3, 3], [5, 0], [0, 2], [4, 2], [9, 0], [8, 1], [7, 0]]
2026-03-24 17:25:35,961 - INFO - episode:288 reward:0.30000000000000004 Actions:[[2, 3], [8, 2], [1, 2], [3, 5], [7, 3], [5, 4], [9, 2], [6, 2], [0, 2], [4, 1]]
2026-03-24 17:25:35,963 - INFO - episode:289 reward:0.30000000000000004 Actions:[[9, 0], [3, 1], [8, 1], [4, 0], [7, 0], [5, 1], [6, 0], [2, 2], [1, 2], [0, 3]]
2026-03-24 17:25:35,964 - INFO - episode:290 reward:1.5 Actions:[[9, 1], [7, 1], [6, 1], [3, 3], [4, 2], [8, 2], [1, 0], [0, 1], [2, 5], [5, 1]]
2026-03-24 17:25:35,966 - INFO - episode:291 reward:0.6000000000000001 Actions:[[1, 0], [0, 0], [6, 1], [9, 0], [4, 0], [3, 0], [7, 3], [2, 0], [5, 0], [8, 2]]
2026-03-24 17:25:35,967 - INFO - episode:292 reward:0.1 Actions:[[8, 2], [5, 2], [4, 0], [9, 1], [3, 1], [7, 1], [6, 1], [2, 0], [0, 2], [1, 2]]
2026-03-24 17:25:35,969 - INFO - episode:293 reward:1.5 Actions:[[3, 5], [7, 1], [6, 0], [2, 3], [9, 1], [8, 0], [1, 1], [0, 0], [5, 0], [4, 1]]
2026-03-24 17:25:35,971 - INFO - episode:294 reward:1.0 Actions:[[1, 1], [3, 0], [2, 0], [7, 0], [6, 0], [0, 1], [4, 0], [9, 0], [8, 2], [5, 0]]
2026-03-24 17:25:35,972 - INFO - episode:295 reward:0.30000000000000004 Actions:[[8, 0], [0, 2], [1, 0], [9, 0], [4, 0], [5, 1], [2, 3], [6, 0], [7, 0], [3, 4]]
2026-03-24 17:25:35,977 - INFO - episode:296 reward:4.5 Actions:[[6, 0], [4, 1], [2, 0], [7, 2], [1, 2], [9, 1], [5, 4], [8, 3], [3, 0], [0, 1]]
2026-03-24 17:25:35,978 - INFO - episode:297 reward:1.0 Actions:[[2, 0], [1, 2], [8, 1], [7, 3], [0, 1], [9, 0], [3, 1], [5, 0], [6, 0], [4, 0]]
2026-03-24 17:25:35,980 - INFO - episode:298 reward:1.0 Actions:[[0, 1], [7, 1], [9, 2], [5, 0], [8, 2], [6, 0], [1, 3], [4, 1], [3, 4], [2, 1]]
2026-03-24 17:25:35,981 - INFO - episode:299 reward:1.0 Actions:[[8, 0], [5, 3], [6, 1], [2, 1], [3, 0], [7, 2], [9, 0], [1, 0], [4, 0], [0, 0]]
2026-03-24 17:25:35,983 - INFO - episode:300 reward:1.0 Actions:[[0, 0], [3, 0], [6, 0], [9, 1], [4, 0], [1, 1], [5, 2], [2, 1], [7, 2], [8, 0]]
2026-03-24 17:25:35,984 - INFO - episode:301 reward:1.0 Actions:[[2, 2], [3, 0], [0, 0], [6, 2], [1, 0], [4, 0], [5, 0], [8, 0], [9, 1], [7, 0]]
2026-03-24 17:25:35,986 - INFO - episode:302 reward:0.1 Actions:[[9, 0], [8, 0], [5, 0], [0, 0], [6, 0], [2, 0], [3, 1], [1, 0], [7, 0], [4, 0]]
2026-03-24 17:25:35,987 - INFO - episode:303 reward:1.0 Actions:[[2, 5], [8, 1], [3, 2], [1, 3], [6, 1], [5, 0], [4, 2], [7, 0], [9, 1], [0, 0]]
2026-03-24 17:25:35,989 - INFO - episode:304 reward:0.30000000000000004 Actions:[[1, 0], [3, 0], [0, 0], [7, 0], [2, 0], [4, 2], [5, 0], [9, 0], [6, 5], [8, 1]]
2026-03-24 17:25:35,991 - INFO - episode:305 reward:0.30000000000000004 Actions:[[5, 1], [8, 0], [4, 0], [2, 0], [0, 0], [7, 0], [3, 0], [1, 0], [6, 0], [9, 1]]
2026-03-24 17:25:35,992 - INFO - episode:306 reward:1.5 Actions:[[3, 0], [1, 1], [9, 1], [5, 0], [4, 0], [6, 1], [2, 1], [0, 0], [7, 0], [8, 3]]
2026-03-24 17:25:35,994 - INFO - episode:307 reward:0.1 Actions:[[1, 1], [8, 1], [3, 3], [2, 1], [9, 1], [5, 0], [7, 0], [0, 4], [4, 1], [6, 1]]
2026-03-24 17:25:35,995 - INFO - episode:308 reward:0.6000000000000001 Actions:[[0, 3], [8, 0], [6, 2], [9, 0], [3, 0], [5, 0], [7, 3], [4, 0], [1, 1], [2, 3]]
2026-03-24 17:25:35,997 - INFO - episode:309 reward:0.30000000000000004 Actions:[[8, 0], [1, 1], [4, 0], [9, 0], [2, 0], [0, 0], [7, 1], [6, 0], [3, 0], [5, 0]]
2026-03-24 17:25:35,998 - INFO - episode:310 reward:0.1 Actions:[[9, 0], [8, 0], [2, 3], [0, 3], [3, 0], [5, 2], [6, 4], [4, 0], [1, 3], [7, 0]]
2026-03-24 17:25:36,000 - INFO - episode:311 reward:0.30000000000000004 Actions:[[3, 0], [6, 1], [8, 0], [1, 1], [2, 1], [5, 0], [9, 0], [7, 1], [4, 2], [0, 2]]
2026-03-24 17:25:36,001 - INFO - episode:312 reward:0.6000000000000001 Actions:[[6, 1], [8, 0], [5, 5], [3, 0], [4, 2], [2, 0], [7, 0], [1, 0], [0, 2], [9, 0]]
2026-03-24 17:25:36,003 - INFO - episode:313 reward:0.30000000000000004 Actions:[[1, 3], [4, 0], [8, 0], [3, 2], [7, 1], [0, 1], [6, 0], [5, 0], [9, 0], [2, 1]]
2026-03-24 17:25:36,004 - INFO - episode:314 reward:2.1 Actions:[[1, 1], [6, 0], [0, 2], [3, 1], [9, 2], [2, 2], [4, 1], [8, 2], [7, 0], [5, 0]]
2026-03-24 17:25:36,006 - INFO - episode:315 reward:2.8 Actions:[[0, 0], [9, 3], [3, 1], [6, 0], [7, 1], [1, 2], [4, 1], [8, 1], [5, 1], [2, 1]]
2026-03-24 17:25:36,008 - INFO - episode:316 reward:0.1 Actions:[[9, 0], [8, 0], [1, 0], [7, 0], [5, 1], [2, 1], [6, 1], [4, 0], [0, 2], [3, 2]]
2026-03-24 17:25:36,009 - INFO - episode:317 reward:0.1 Actions:[[8, 0], [1, 0], [6, 0], [3, 1], [7, 0], [4, 1], [9, 0], [0, 0], [5, 0], [2, 0]]
2026-03-24 17:25:36,011 - INFO - episode:318 reward:1.5 Actions:[[2, 0], [3, 1], [9, 1], [0, 1], [4, 2], [8, 2], [6, 1], [1, 2], [7, 2], [5, 1]]
2026-03-24 17:25:36,012 - INFO - episode:319 reward:1.5 Actions:[[6, 1], [2, 0], [7, 1], [1, 0], [5, 1], [8, 1], [4, 1], [9, 3], [0, 0], [3, 0]]
2026-03-24 17:25:36,014 - INFO - episode:320 reward:1.5 Actions:[[2, 2], [3, 0], [0, 2], [4, 2], [1, 0], [9, 0], [8, 2], [7, 0], [5, 0], [6, 0]]
2026-03-24 17:25:36,015 - INFO - episode:321 reward:0.6000000000000001 Actions:[[6, 0], [4, 0], [0, 0], [5, 0], [9, 0], [2, 0], [8, 0], [3, 2], [7, 4], [1, 2]]
2026-03-24 17:25:36,017 - INFO - episode:322 reward:1.0 Actions:[[0, 0], [5, 5], [2, 0], [8, 3], [1, 0], [9, 0], [4, 0], [6, 3], [3, 1], [7, 0]]
2026-03-24 17:25:36,018 - INFO - episode:323 reward:0.30000000000000004 Actions:[[8, 0], [1, 1], [0, 0], [3, 1], [6, 3], [9, 0], [2, 0], [5, 0], [7, 3], [4, 0]]
2026-03-24 17:25:36,020 - INFO - episode:324 reward:0.1 Actions:[[8, 2], [9, 2], [7, 3], [5, 1], [6, 1], [1, 1], [3, 0], [4, 1], [2, 0], [0, 1]]
2026-03-24 17:25:36,021 - INFO - episode:325 reward:1.5 Actions:[[7, 3], [9, 1], [2, 3], [6, 0], [3, 1], [1, 1], [8, 0], [0, 0], [5, 0], [4, 0]]
2026-03-24 17:25:36,023 - INFO - episode:326 reward:1.0 Actions:[[6, 1], [0, 0], [2, 0], [4, 0], [3, 0], [1, 0], [5, 4], [7, 0], [8, 5], [9, 0]]
2026-03-24 17:25:36,025 - INFO - episode:327 reward:0.6000000000000001 Actions:[[4, 2], [2, 0], [5, 2], [8, 2], [7, 3], [6, 3], [3, 2], [1, 1], [9, 1], [0, 4]]
2026-03-24 17:25:36,026 - INFO - episode:328 reward:1.0 Actions:[[9, 1], [6, 2], [0, 4], [7, 0], [8, 0], [2, 0], [5, 0], [3, 1], [1, 3], [4, 1]]
2026-03-24 17:25:36,028 - INFO - episode:329 reward:0.6000000000000001 Actions:[[4, 0], [3, 0], [9, 0], [5, 0], [6, 0], [0, 0], [7, 0], [8, 0], [2, 0], [1, 0]]
2026-03-24 17:25:36,029 - INFO - episode:330 reward:1.0 Actions:[[1, 1], [7, 0], [5, 1], [3, 3], [8, 0], [0, 0], [4, 1], [6, 4], [9, 0], [2, 1]]
2026-03-24 17:25:36,031 - INFO - episode:331 reward:1.5 Actions:[[0, 0], [5, 0], [9, 1], [1, 1], [7, 0], [4, 0], [2, 0], [3, 1], [8, 0], [6, 0]]
2026-03-24 17:25:36,032 - INFO - episode:332 reward:0.6000000000000001 Actions:[[9, 0], [8, 1], [1, 0], [2, 0], [0, 0], [6, 0], [7, 0], [3, 1], [4, 0], [5, 0]]
2026-03-24 17:25:36,034 - INFO - episode:333 reward:1.5 Actions:[[6, 2], [4, 0], [1, 0], [0, 1], [7, 1], [8, 0], [5, 0], [3, 0], [2, 2], [9, 0]]
2026-03-24 17:25:36,035 - INFO - episode:334 reward:1.5 Actions:[[5, 1], [3, 0], [2, 2], [4, 4], [6, 0], [1, 0], [8, 0], [9, 0], [0, 0], [7, 0]]
2026-03-24 17:25:36,037 - INFO - episode:335 reward:0.1 Actions:[[8, 1], [2, 1], [6, 0], [1, 0], [4, 0], [7, 2], [9, 1], [5, 0], [3, 0], [0, 0]]
2026-03-24 17:25:36,038 - INFO - episode:336 reward:1.0 Actions:[[3, 0], [5, 0], [4, 0], [2, 1], [8, 0], [7, 1], [1, 0], [6, 0], [0, 1], [9, 0]]
2026-03-24 17:25:36,040 - INFO - episode:337 reward:0.30000000000000004 Actions:[[5, 1], [8, 0], [6, 0], [4, 0], [3, 0], [7, 1], [0, 0], [9, 0], [2, 0], [1, 0]]
2026-03-24 17:25:36,042 - INFO - episode:338 reward:1.0 Actions:[[9, 2], [2, 2], [0, 3], [8, 1], [3, 1], [6, 5], [5, 0], [7, 0], [4, 0], [1, 1]]
2026-03-24 17:25:36,043 - INFO - episode:339 reward:2.1 Actions:[[1, 1], [4, 1], [5, 0], [6, 3], [7, 0], [0, 0], [9, 1], [8, 2], [3, 1], [2, 4]]
2026-03-24 17:25:36,045 - INFO - episode:340 reward:2.8 Actions:[[3, 0], [4, 0], [8, 3], [5, 1], [2, 2], [0, 1], [6, 0], [7, 0], [1, 0], [9, 0]]
2026-03-24 17:25:36,046 - INFO - episode:341 reward:0.1 Actions:[[8, 2], [7, 2], [3, 4], [9, 2], [0, 1], [2, 0], [5, 2], [1, 2], [4, 2], [6, 1]]
2026-03-24 17:25:36,048 - INFO - episode:342 reward:1.5 Actions:[[1, 0], [2, 1], [9, 1], [7, 1], [3, 0], [6, 1], [8, 0], [0, 0], [5, 0], [4, 0]]
2026-03-24 17:25:36,049 - INFO - episode:343 reward:2.8 Actions:[[2, 1], [7, 2], [4, 2], [1, 0], [3, 2], [6, 1], [0, 1], [9, 2], [8, 2], [5, 2]]
2026-03-24 17:25:36,051 - INFO - episode:344 reward:0.6000000000000001 Actions:[[0, 1], [7, 0], [2, 0], [8, 0], [6, 2], [4, 3], [5, 2], [9, 1], [3, 1], [1, 1]]
2026-03-24 17:25:36,052 - INFO - episode:345 reward:0.6000000000000001 Actions:[[9, 0], [5, 0], [6, 1], [1, 0], [0, 0], [4, 0], [7, 0], [3, 0], [2, 1], [8, 1]]
2026-03-24 17:25:36,054 - INFO - episode:346 reward:1.5 Actions:[[6, 1], [3, 1], [1, 0], [7, 1], [9, 0], [8, 1], [4, 0], [2, 0], [0, 1], [5, 4]]
2026-03-24 17:25:36,056 - INFO - episode:347 reward:1.0 Actions:[[8, 1], [3, 0], [6, 0], [5, 0], [2, 1], [7, 2], [9, 0], [1, 2], [4, 2], [0, 1]]
2026-03-24 17:25:36,057 - INFO - episode:348 reward:0.6000000000000001 Actions:[[9, 0], [0, 0], [6, 0], [1, 0], [7, 2], [5, 0], [8, 3], [2, 0], [3, 0], [4, 0]]
2026-03-24 17:25:36,059 - INFO - episode:349 reward:2.1 Actions:[[8, 2], [2, 1], [7, 1], [3, 1], [9, 3], [4, 0], [6, 1], [1, 1], [5, 0], [0, 0]]
2026-03-24 17:25:36,060 - INFO - episode:350 reward:1.5 Actions:[[2, 2], [5, 0], [8, 1], [4, 0], [6, 0], [7, 1], [0, 1], [3, 1], [9, 4], [1, 0]]
2026-03-24 17:25:36,062 - INFO - episode:351 reward:1.5 Actions:[[8, 1], [9, 3], [5, 0], [4, 0], [7, 0], [6, 0], [3, 3], [2, 1], [1, 0], [0, 0]]
2026-03-24 17:25:36,063 - INFO - episode:352 reward:1.0 Actions:[[3, 2], [9, 0], [2, 1], [5, 0], [8, 2], [4, 2], [1, 0], [7, 0], [6, 2], [0, 0]]
2026-03-24 17:25:36,065 - INFO - episode:353 reward:0.6000000000000001 Actions:[[1, 1], [2, 0], [6, 1], [8, 1], [3, 0], [4, 0], [5, 1], [9, 0], [0, 0], [7, 0]]
2026-03-24 17:25:36,066 - INFO - episode:354 reward:0.6000000000000001 Actions:[[6, 0], [5, 5], [0, 0], [8, 0], [1, 4], [9, 0], [4, 2], [2, 2], [7, 0], [3, 0]]
2026-03-24 17:25:36,071 - INFO - episode:355 reward:4.5 Actions:[[1, 2], [6, 1], [9, 2], [5, 1], [2, 0], [8, 3], [3, 0], [4, 1], [0, 0], [7, 1]]
2026-03-24 17:25:36,073 - INFO - episode:356 reward:1.0 Actions:[[4, 2], [5, 3], [8, 0], [3, 1], [6, 0], [0, 0], [2, 0], [7, 3], [9, 1], [1, 0]]
2026-03-24 17:25:36,074 - INFO - episode:357 reward:1.5 Actions:[[9, 0], [4, 0], [6, 0], [8, 1], [2, 2], [7, 0], [3, 1], [0, 0], [5, 3], [1, 1]]
2026-03-24 17:25:36,076 - INFO - episode:358 reward:0.30000000000000004 Actions:[[8, 0], [4, 3], [0, 0], [3, 2], [7, 0], [2, 1], [6, 0], [5, 2], [1, 0], [9, 0]]
2026-03-24 17:25:36,077 - INFO - episode:359 reward:1.5 Actions:[[7, 0], [9, 0], [5, 2], [2, 0], [0, 1], [8, 0], [3, 1], [6, 0], [1, 0], [4, 0]]
2026-03-24 17:25:36,079 - INFO - episode:360 reward:0.1 Actions:[[9, 1], [8, 1], [3, 2], [1, 0], [5, 1], [2, 0], [0, 0], [4, 0], [7, 0], [6, 0]]
2026-03-24 17:25:36,080 - INFO - episode:361 reward:0.6000000000000001 Actions:[[4, 0], [0, 1], [6, 0], [1, 0], [8, 0], [9, 0], [2, 2], [7, 2], [5, 1], [3, 0]]
2026-03-24 17:25:36,082 - INFO - episode:362 reward:1.0 Actions:[[0, 1], [4, 2], [9, 1], [6, 0], [1, 1], [2, 0], [8, 0], [5, 1], [7, 0], [3, 3]]
2026-03-24 17:25:36,083 - INFO - episode:363 reward:2.8 Actions:[[9, 0], [2, 1], [3, 1], [7, 2], [0, 0], [4, 1], [6, 3], [8, 1], [5, 3], [1, 1]]
2026-03-24 17:25:36,085 - INFO - episode:364 reward:1.5 Actions:[[5, 1], [2, 0], [7, 2], [3, 0], [6, 1], [8, 0], [4, 0], [0, 1], [1, 1], [9, 0]]
2026-03-24 17:25:36,086 - INFO - episode:365 reward:0.30000000000000004 Actions:[[3, 0], [1, 5], [8, 0], [0, 2], [7, 0], [9, 0], [2, 1], [6, 3], [5, 1], [4, 1]]
2026-03-24 17:25:36,088 - INFO - episode:366 reward:1.5 Actions:[[0, 2], [4, 1], [9, 3], [5, 0], [1, 0], [8, 0], [6, 0], [2, 0], [3, 0], [7, 4]]
2026-03-24 17:25:36,093 - INFO - episode:367 reward:15.264099257751878 Actions:[[0, 2], [5, 1], [2, 1], [1, 5], [9, 0], [6, 1], [3, 0], [7, 2], [4, 0], [8, 0]]
2026-03-24 17:25:36,094 - INFO - episode:368 reward:0.6000000000000001 Actions:[[4, 2], [9, 0], [6, 0], [1, 0], [8, 0], [2, 1], [0, 0], [3, 0], [7, 2], [5, 0]]
2026-03-24 17:25:36,096 - INFO - episode:369 reward:0.1 Actions:[[4, 1], [8, 1], [0, 3], [2, 0], [6, 0], [5, 0], [7, 0], [1, 0], [3, 0], [9, 1]]
2026-03-24 17:25:36,097 - INFO - episode:370 reward:0.30000000000000004 Actions:[[2, 0], [1, 0], [4, 0], [3, 1], [0, 1], [8, 1], [5, 0], [9, 1], [7, 1], [6, 0]]
2026-03-24 17:25:36,099 - INFO - episode:371 reward:0.1 Actions:[[0, 1], [8, 1], [6, 2], [9, 1], [7, 2], [4, 0], [3, 1], [2, 1], [5, 2], [1, 2]]
2026-03-24 17:25:36,100 - INFO - episode:372 reward:2.8 Actions:[[4, 0], [5, 0], [8, 2], [6, 3], [2, 1], [9, 0], [3, 1], [1, 1], [0, 2], [7, 1]]
2026-03-24 17:25:36,102 - INFO - episode:373 reward:0.6000000000000001 Actions:[[5, 0], [0, 0], [4, 0], [3, 0], [9, 2], [6, 1], [7, 2], [1, 0], [2, 0], [8, 0]]
2026-03-24 17:25:36,103 - INFO - episode:374 reward:0.6000000000000001 Actions:[[6, 0], [4, 1], [1, 0], [2, 0], [7, 0], [5, 2], [3, 0], [8, 0], [9, 2], [0, 1]]
2026-03-24 17:25:36,105 - INFO - episode:375 reward:0.30000000000000004 Actions:[[3, 0], [2, 1], [8, 0], [4, 1], [5, 1], [6, 0], [0, 3], [7, 2], [9, 2], [1, 0]]
2026-03-24 17:25:36,106 - INFO - episode:376 reward:0.6000000000000001 Actions:[[4, 0], [7, 0], [0, 0], [2, 0], [1, 2], [9, 2], [6, 0], [5, 2], [8, 0], [3, 1]]
2026-03-24 17:25:36,108 - INFO - episode:377 reward:2.1 Actions:[[8, 1], [5, 0], [0, 3], [3, 2], [4, 0], [6, 2], [1, 0], [7, 2], [9, 1], [2, 2]]
2026-03-24 17:25:36,110 - INFO - episode:378 reward:0.1 Actions:[[8, 0], [9, 0], [4, 0], [7, 2], [2, 0], [6, 3], [3, 2], [1, 1], [5, 0], [0, 0]]
2026-03-24 17:25:36,111 - INFO - episode:379 reward:2.1 Actions:[[7, 1], [2, 3], [9, 0], [6, 1], [0, 0], [4, 0], [3, 0], [5, 1], [8, 1], [1, 1]]
2026-03-24 17:25:36,113 - INFO - episode:380 reward:1.5 Actions:[[8, 3], [6, 0], [4, 0], [1, 1], [9, 0], [3, 3], [0, 0], [7, 4], [5, 1], [2, 0]]
2026-03-24 17:25:36,114 - INFO - episode:381 reward:1.0 Actions:[[0, 2], [4, 1], [2, 2], [7, 4], [1, 2], [8, 5], [3, 1], [9, 0], [6, 1], [5, 1]]
2026-03-24 17:25:36,116 - INFO - episode:382 reward:1.0 Actions:[[7, 0], [6, 0], [3, 0], [2, 1], [0, 0], [5, 0], [1, 0], [9, 3], [8, 0], [4, 1]]
2026-03-24 17:25:36,117 - INFO - episode:383 reward:0.6000000000000001 Actions:[[5, 1], [3, 2], [7, 0], [8, 0], [6, 0], [2, 0], [4, 0], [0, 0], [1, 2], [9, 0]]
2026-03-24 17:25:36,119 - INFO - episode:384 reward:1.0 Actions:[[4, 0], [1, 0], [9, 1], [5, 1], [2, 0], [0, 0], [3, 1], [7, 2], [8, 3], [6, 0]]
2026-03-24 17:25:36,120 - INFO - episode:385 reward:1.0 Actions:[[0, 0], [1, 0], [4, 1], [9, 1], [2, 0], [8, 3], [6, 0], [7, 0], [5, 0], [3, 2]]
2026-03-24 17:25:36,122 - INFO - episode:386 reward:1.5 Actions:[[1, 3], [4, 1], [2, 0], [0, 0], [9, 0], [5, 0], [6, 0], [7, 0], [3, 2], [8, 2]]
2026-03-24 17:25:36,123 - INFO - episode:387 reward:1.0 Actions:[[6, 0], [3, 0], [7, 5], [5, 0], [1, 0], [8, 3], [0, 0], [4, 0], [9, 1], [2, 1]]
2026-03-24 17:25:36,125 - INFO - episode:388 reward:1.0 Actions:[[7, 0], [4, 0], [8, 1], [5, 0], [3, 1], [0, 1], [1, 0], [2, 0], [6, 1], [9, 0]]
2026-03-24 17:25:36,127 - INFO - episode:389 reward:2.1 Actions:[[6, 4], [1, 2], [9, 2], [0, 0], [4, 0], [8, 1], [5, 2], [3, 0], [7, 0], [2, 0]]
2026-03-24 17:25:36,128 - INFO - episode:390 reward:0.1 Actions:[[8, 0], [3, 0], [2, 1], [4, 3], [7, 0], [5, 0], [6, 2], [0, 1], [9, 0], [1, 0]]
2026-03-24 17:25:36,130 - INFO - episode:391 reward:0.30000000000000004 Actions:[[9, 0], [6, 3], [8, 0], [4, 2], [2, 1], [1, 0], [7, 1], [0, 0], [3, 0], [5, 1]]
2026-03-24 17:25:36,131 - INFO - episode:392 reward:0.30000000000000004 Actions:[[6, 1], [1, 2], [8, 1], [0, 1], [2, 3], [4, 0], [9, 3], [5, 1], [7, 0], [3, 0]]
2026-03-24 17:25:36,133 - INFO - episode:393 reward:1.5 Actions:[[9, 2], [0, 0], [2, 2], [1, 1], [7, 2], [8, 2], [3, 2], [5, 4], [6, 2], [4, 2]]
2026-03-24 17:25:36,134 - INFO - episode:394 reward:0.30000000000000004 Actions:[[8, 0], [5, 2], [9, 0], [2, 3], [1, 0], [4, 2], [3, 1], [6, 2], [0, 0], [7, 1]]
2026-03-24 17:25:36,136 - INFO - episode:395 reward:2.1 Actions:[[9, 0], [2, 2], [7, 2], [6, 2], [3, 1], [4, 1], [8, 0], [1, 0], [0, 0], [5, 0]]
2026-03-24 17:25:36,137 - INFO - episode:396 reward:0.1 Actions:[[8, 0], [2, 0], [5, 0], [7, 0], [3, 0], [4, 4], [1, 0], [0, 2], [9, 0], [6, 2]]
2026-03-24 17:25:36,139 - INFO - episode:397 reward:0.6000000000000001 Actions:[[0, 2], [6, 0], [4, 0], [8, 0], [2, 0], [5, 1], [7, 2], [9, 2], [3, 2], [1, 1]]
2026-03-24 17:25:36,141 - INFO - episode:398 reward:2.1 Actions:[[4, 0], [7, 0], [1, 1], [2, 0], [5, 2], [0, 1], [8, 0], [9, 0], [3, 3], [6, 1]]
2026-03-24 17:25:36,142 - INFO - episode:399 reward:0.30000000000000004 Actions:[[6, 0], [4, 2], [8, 2], [0, 1], [5, 0], [7, 0], [2, 1], [1, 2], [9, 3], [3, 2]]
2026-03-24 17:25:36,144 - INFO - episode:400 reward:1.5 Actions:[[6, 1], [5, 2], [4, 0], [9, 1], [1, 2], [2, 2], [3, 2], [7, 1], [8, 4], [0, 1]]
2026-03-24 17:25:36,145 - INFO - episode:401 reward:1.0 Actions:[[4, 2], [1, 0], [0, 0], [8, 1], [5, 0], [3, 5], [6, 0], [2, 0], [7, 0], [9, 1]]
2026-03-24 17:25:36,147 - INFO - episode:402 reward:0.1 Actions:[[8, 0], [9, 0], [3, 0], [5, 0], [1, 0], [6, 1], [4, 2], [2, 0], [7, 0], [0, 0]]
2026-03-24 17:25:36,148 - INFO - episode:403 reward:0.6000000000000001 Actions:[[1, 1], [6, 1], [5, 0], [9, 1], [0, 0], [4, 0], [3, 0], [2, 2], [8, 0], [7, 0]]
2026-03-24 17:25:36,150 - INFO - episode:404 reward:2.8 Actions:[[3, 0], [5, 1], [1, 2], [0, 3], [7, 0], [6, 3], [9, 0], [2, 0], [4, 0], [8, 0]]
2026-03-24 17:25:36,151 - INFO - episode:405 reward:1.5 Actions:[[9, 0], [7, 1], [2, 1], [0, 0], [3, 0], [4, 0], [5, 3], [1, 0], [8, 2], [6, 0]]
2026-03-24 17:25:36,153 - INFO - episode:406 reward:1.5 Actions:[[8, 1], [6, 0], [0, 0], [7, 0], [9, 2], [4, 1], [1, 0], [2, 0], [5, 2], [3, 0]]
2026-03-24 17:25:36,154 - INFO - episode:407 reward:1.0 Actions:[[2, 3], [7, 5], [9, 0], [5, 0], [1, 0], [6, 3], [3, 0], [8, 4], [0, 0], [4, 0]]
2026-03-24 17:25:36,156 - INFO - episode:408 reward:1.5 Actions:[[8, 2], [9, 1], [4, 1], [3, 1], [5, 5], [6, 1], [7, 1], [1, 2], [0, 2], [2, 2]]
2026-03-24 17:25:36,158 - INFO - episode:409 reward:3.5999999999999996 Actions:[[2, 2], [0, 0], [1, 0], [6, 2], [8, 3], [9, 1], [4, 1], [3, 2], [7, 0], [5, 0]]
2026-03-24 17:25:36,159 - INFO - episode:410 reward:1.0 Actions:[[9, 0], [2, 1], [0, 4], [4, 0], [8, 1], [1, 2], [3, 2], [7, 0], [5, 1], [6, 4]]
2026-03-24 17:25:36,161 - INFO - episode:411 reward:2.1 Actions:[[9, 0], [1, 1], [6, 1], [0, 0], [5, 3], [2, 2], [7, 1], [3, 0], [8, 1], [4, 5]]
2026-03-24 17:25:36,162 - INFO - episode:412 reward:1.0 Actions:[[3, 1], [5, 0], [1, 0], [6, 3], [7, 0], [8, 0], [2, 0], [4, 0], [9, 4], [0, 4]]
2026-03-24 17:25:36,164 - INFO - episode:413 reward:1.0 Actions:[[4, 0], [6, 5], [3, 0], [2, 0], [9, 0], [1, 1], [5, 0], [8, 0], [0, 1], [7, 0]]
2026-03-24 17:25:36,165 - INFO - episode:414 reward:2.8 Actions:[[3, 0], [9, 0], [8, 2], [7, 1], [2, 1], [6, 1], [4, 0], [5, 1], [1, 0], [0, 0]]
2026-03-24 17:25:36,167 - INFO - episode:415 reward:1.0 Actions:[[3, 0], [8, 2], [2, 0], [1, 3], [9, 2], [5, 0], [0, 0], [4, 0], [6, 1], [7, 0]]
2026-03-24 17:25:36,168 - INFO - episode:416 reward:2.8 Actions:[[0, 1], [1, 3], [6, 1], [4, 4], [9, 4], [3, 1], [7, 0], [8, 0], [2, 0], [5, 0]]
2026-03-24 17:25:36,170 - INFO - episode:417 reward:0.6000000000000001 Actions:[[1, 1], [0, 0], [9, 1], [8, 0], [5, 0], [3, 1], [4, 0], [6, 1], [2, 0], [7, 0]]
2026-03-24 17:25:36,172 - INFO - episode:418 reward:1.5 Actions:[[2, 0], [4, 0], [5, 3], [3, 0], [1, 1], [0, 0], [9, 0], [7, 0], [8, 1], [6, 0]]
2026-03-24 17:25:36,173 - INFO - episode:419 reward:1.5 Actions:[[9, 0], [1, 0], [5, 1], [3, 3], [4, 1], [6, 0], [8, 1], [2, 1], [7, 5], [0, 1]]
2026-03-24 17:25:36,175 - INFO - episode:420 reward:0.1 Actions:[[8, 0], [2, 0], [4, 0], [3, 4], [6, 0], [7, 0], [5, 1], [1, 0], [9, 1], [0, 0]]
2026-03-24 17:25:36,176 - INFO - episode:421 reward:0.30000000000000004 Actions:[[7, 1], [3, 0], [8, 0], [9, 0], [5, 2], [1, 0], [0, 0], [6, 0], [2, 2], [4, 1]]
2026-03-24 17:25:36,178 - INFO - episode:422 reward:1.5 Actions:[[1, 1], [7, 0], [5, 0], [6, 0], [9, 1], [0, 0], [3, 0], [8, 0], [4, 1], [2, 0]]
2026-03-24 17:25:36,179 - INFO - episode:423 reward:3.5999999999999996 Actions:[[3, 1], [9, 1], [2, 0], [4, 1], [8, 4], [0, 2], [7, 0], [5, 2], [1, 0], [6, 0]]
2026-03-24 17:25:36,181 - INFO - episode:424 reward:0.6000000000000001 Actions:[[6, 3], [2, 0], [3, 0], [8, 0], [7, 3], [1, 0], [5, 1], [9, 0], [0, 0], [4, 2]]
2026-03-24 17:25:36,182 - INFO - episode:425 reward:1.0 Actions:[[4, 2], [5, 1], [8, 0], [3, 1], [2, 0], [9, 1], [7, 1], [0, 0], [6, 2], [1, 1]]
2026-03-24 17:25:36,184 - INFO - episode:426 reward:0.1 Actions:[[0, 0], [8, 0], [1, 0], [4, 0], [3, 3], [5, 0], [2, 0], [9, 2], [6, 0], [7, 0]]
2026-03-24 17:25:36,185 - INFO - episode:427 reward:1.0 Actions:[[1, 0], [9, 3], [3, 0], [4, 2], [7, 0], [2, 2], [6, 4], [5, 0], [0, 3], [8, 0]]
2026-03-24 17:25:36,187 - INFO - episode:428 reward:2.1 Actions:[[5, 2], [2, 0], [0, 0], [1, 3], [9, 0], [4, 1], [8, 1], [6, 0], [3, 1], [7, 0]]
2026-03-24 17:25:36,189 - INFO - episode:429 reward:0.30000000000000004 Actions:[[9, 3], [8, 0], [5, 0], [2, 0], [1, 0], [7, 2], [6, 0], [3, 1], [0, 1], [4, 1]]
2026-03-24 17:25:36,190 - INFO - episode:430 reward:2.1 Actions:[[0, 0], [4, 0], [3, 0], [1, 2], [7, 1], [5, 2], [6, 0], [9, 0], [2, 0], [8, 0]]
2026-03-24 17:25:36,192 - INFO - episode:431 reward:1.0 Actions:[[3, 1], [4, 0], [6, 1], [9, 3], [8, 0], [1, 5], [0, 1], [5, 0], [7, 4], [2, 3]]
2026-03-24 17:25:36,193 - INFO - episode:432 reward:1.5 Actions:[[7, 0], [4, 3], [3, 0], [2, 1], [0, 0], [5, 0], [8, 2], [6, 0], [1, 0], [9, 1]]
2026-03-24 17:25:36,195 - INFO - episode:433 reward:2.8 Actions:[[0, 1], [7, 0], [6, 0], [2, 1], [9, 1], [4, 0], [5, 2], [3, 0], [1, 3], [8, 0]]
2026-03-24 17:25:36,196 - INFO - episode:434 reward:1.5 Actions:[[3, 0], [9, 1], [6, 1], [0, 0], [7, 0], [5, 0], [4, 1], [8, 0], [1, 0], [2, 0]]
2026-03-24 17:25:36,198 - INFO - episode:435 reward:2.1 Actions:[[2, 0], [5, 3], [4, 2], [0, 0], [6, 0], [7, 1], [1, 0], [9, 1], [8, 0], [3, 0]]
2026-03-24 17:25:36,200 - INFO - episode:436 reward:2.1 Actions:[[6, 1], [0, 1], [3, 0], [2, 2], [4, 1], [9, 2], [8, 0], [7, 0], [1, 0], [5, 1]]
2026-03-24 17:25:36,201 - INFO - episode:437 reward:1.0 Actions:[[9, 1], [3, 0], [2, 2], [5, 3], [8, 1], [4, 0], [0, 2], [6, 1], [7, 4], [1, 2]]
2026-03-24 17:25:36,203 - INFO - episode:438 reward:1.0 Actions:[[0, 0], [4, 1], [7, 0], [5, 0], [1, 0], [3, 0], [6, 0], [8, 5], [9, 1], [2, 2]]
2026-03-24 17:25:36,204 - INFO - episode:439 reward:0.30000000000000004 Actions:[[4, 0], [1, 0], [5, 0], [0, 0], [7, 2], [9, 0], [8, 1], [2, 0], [6, 1], [3, 1]]
2026-03-24 17:25:36,206 - INFO - episode:440 reward:0.30000000000000004 Actions:[[4, 2], [1, 0], [8, 0], [5, 0], [0, 0], [9, 0], [3, 1], [2, 0], [7, 0], [6, 1]]
2026-03-24 17:25:36,207 - INFO - episode:441 reward:1.5 Actions:[[2, 1], [6, 0], [0, 0], [3, 1], [5, 2], [8, 1], [4, 0], [9, 1], [1, 2], [7, 1]]
2026-03-24 17:25:36,209 - INFO - episode:442 reward:1.0 Actions:[[9, 1], [7, 1], [4, 0], [0, 2], [1, 1], [5, 0], [6, 2], [3, 2], [8, 1], [2, 1]]
2026-03-24 17:25:36,210 - INFO - episode:443 reward:2.8 Actions:[[4, 0], [9, 0], [3, 2], [7, 3], [2, 0], [5, 2], [6, 1], [8, 0], [0, 0], [1, 0]]
2026-03-24 17:25:36,212 - INFO - episode:444 reward:1.5 Actions:[[6, 0], [5, 1], [2, 1], [0, 1], [1, 0], [7, 1], [8, 1], [4, 0], [9, 2], [3, 1]]
2026-03-24 17:25:36,214 - INFO - episode:445 reward:1.0 Actions:[[2, 0], [4, 1], [1, 0], [7, 3], [3, 0], [9, 0], [5, 3], [8, 0], [6, 1], [0, 0]]
2026-03-24 17:25:36,215 - INFO - episode:446 reward:1.5 Actions:[[6, 0], [9, 1], [7, 1], [2, 5], [0, 1], [3, 1], [1, 0], [8, 0], [4, 1], [5, 0]]
2026-03-24 17:25:36,217 - INFO - episode:447 reward:1.0 Actions:[[3, 1], [0, 1], [5, 1], [8, 2], [9, 1], [4, 1], [6, 3], [7, 2], [1, 2], [2, 1]]
2026-03-24 17:25:36,218 - INFO - episode:448 reward:1.5 Actions:[[2, 1], [4, 0], [0, 0], [5, 3], [6, 1], [8, 1], [3, 4], [1, 0], [9, 0], [7, 1]]
2026-03-24 17:25:36,220 - INFO - episode:449 reward:0.6000000000000001 Actions:[[1, 0], [4, 0], [9, 1], [6, 0], [3, 0], [5, 2], [2, 1], [0, 1], [7, 0], [8, 1]]
2026-03-24 17:25:36,221 - INFO - episode:450 reward:1.5 Actions:[[5, 0], [7, 1], [9, 5], [6, 0], [3, 3], [8, 0], [2, 0], [0, 2], [1, 2], [4, 2]]
2026-03-24 17:25:36,223 - INFO - episode:451 reward:2.8 Actions:[[6, 1], [2, 0], [7, 0], [5, 0], [0, 2], [4, 2], [3, 1], [1, 0], [9, 0], [8, 0]]
2026-03-24 17:25:36,224 - INFO - episode:452 reward:0.6000000000000001 Actions:[[2, 1], [3, 4], [8, 0], [4, 0], [1, 0], [9, 0], [5, 4], [0, 1], [6, 1], [7, 0]]
2026-03-24 17:25:36,226 - INFO - episode:453 reward:0.6000000000000001 Actions:[[8, 0], [4, 1], [7, 1], [1, 0], [5, 0], [2, 2], [9, 0], [0, 0], [6, 1], [3, 0]]
2026-03-24 17:25:36,227 - INFO - episode:454 reward:1.0 Actions:[[4, 0], [5, 2], [3, 0], [7, 0], [6, 0], [8, 5], [9, 0], [2, 0], [1, 0], [0, 0]]
2026-03-24 17:25:36,229 - INFO - episode:455 reward:2.8 Actions:[[2, 2], [1, 1], [6, 0], [9, 0], [5, 0], [0, 2], [7, 1], [8, 0], [4, 0], [3, 1]]
2026-03-24 17:25:36,231 - INFO - episode:456 reward:2.8 Actions:[[1, 2], [9, 2], [0, 3], [7, 1], [5, 3], [4, 0], [3, 0], [8, 0], [6, 0], [2, 1]]
2026-03-24 17:25:36,232 - INFO - episode:457 reward:0.30000000000000004 Actions:[[2, 0], [7, 0], [1, 0], [9, 0], [3, 2], [8, 1], [5, 0], [4, 1], [6, 0], [0, 0]]
2026-03-24 17:25:36,234 - INFO - episode:458 reward:1.5 Actions:[[2, 0], [1, 3], [3, 1], [0, 0], [6, 0], [9, 0], [4, 0], [7, 3], [8, 0], [5, 0]]
2026-03-24 17:25:36,235 - INFO - episode:459 reward:1.0 Actions:[[6, 0], [9, 0], [4, 1], [0, 0], [7, 0], [1, 0], [2, 1], [5, 4], [3, 0], [8, 0]]
2026-03-24 17:25:36,237 - INFO - episode:460 reward:1.0 Actions:[[5, 0], [3, 4], [2, 0], [7, 1], [1, 0], [4, 1], [9, 0], [0, 2], [8, 0], [6, 1]]
2026-03-24 17:25:36,238 - INFO - episode:461 reward:2.8 Actions:[[2, 1], [9, 5], [1, 1], [7, 0], [6, 2], [4, 0], [3, 0], [8, 0], [0, 5], [5, 0]]
2026-03-24 17:25:36,240 - INFO - episode:462 reward:0.6000000000000001 Actions:[[5, 3], [8, 0], [2, 2], [1, 0], [3, 3], [7, 1], [9, 1], [6, 1], [0, 0], [4, 0]]
2026-03-24 17:25:36,242 - INFO - episode:463 reward:2.8 Actions:[[4, 3], [3, 0], [0, 2], [9, 0], [1, 1], [2, 2], [6, 0], [8, 0], [7, 1], [5, 2]]
2026-03-24 17:25:36,243 - INFO - episode:464 reward:0.1 Actions:[[0, 0], [8, 0], [5, 0], [7, 0], [6, 0], [3, 4], [2, 0], [4, 0], [9, 1], [1, 0]]
2026-03-24 17:25:36,245 - INFO - episode:465 reward:2.8 Actions:[[3, 0], [0, 1], [9, 0], [7, 0], [6, 2], [4, 4], [5, 3], [1, 0], [8, 0], [2, 1]]
2026-03-24 17:25:36,246 - INFO - episode:466 reward:0.1 Actions:[[8, 0], [7, 0], [2, 0], [4, 2], [1, 1], [9, 2], [0, 0], [5, 2], [6, 2], [3, 1]]
2026-03-24 17:25:36,248 - INFO - episode:467 reward:3.5999999999999996 Actions:[[3, 0], [7, 5], [9, 0], [5, 1], [6, 2], [0, 0], [2, 1], [4, 1], [1, 0], [8, 0]]
2026-03-24 17:25:36,249 - INFO - episode:468 reward:1.0 Actions:[[0, 0], [6, 0], [5, 0], [1, 1], [4, 0], [3, 1], [7, 1], [2, 0], [9, 0], [8, 2]]
2026-03-24 17:25:36,251 - INFO - episode:469 reward:1.5 Actions:[[7, 0], [3, 2], [6, 0], [2, 0], [5, 1], [8, 0], [4, 0], [1, 1], [0, 2], [9, 1]]
2026-03-24 17:25:36,252 - INFO - episode:470 reward:1.5 Actions:[[0, 0], [2, 1], [3, 2], [5, 2], [1, 0], [8, 2], [6, 3], [7, 0], [4, 1], [9, 2]]
2026-03-24 17:25:36,257 - INFO - episode:471 reward:41.549480355126846 Actions:[[0, 0], [1, 3], [6, 1], [2, 0], [8, 2], [9, 1], [4, 3], [7, 0], [5, 1], [3, 0]]
2026-03-24 17:25:36,258 - INFO - episode:472 reward:2.1 Actions:[[1, 0], [2, 1], [9, 2], [5, 1], [7, 0], [0, 1], [4, 0], [6, 1], [8, 0], [3, 2]]
2026-03-24 17:25:36,260 - INFO - episode:473 reward:1.0 Actions:[[1, 1], [4, 0], [7, 0], [6, 0], [3, 0], [2, 1], [9, 0], [5, 0], [8, 1], [0, 4]]
2026-03-24 17:25:36,262 - INFO - episode:474 reward:0.6000000000000001 Actions:[[9, 0], [6, 1], [2, 1], [8, 0], [4, 0], [7, 0], [5, 0], [3, 1], [0, 1], [1, 0]]
2026-03-24 17:25:36,263 - INFO - episode:475 reward:0.30000000000000004 Actions:[[6, 1], [0, 0], [8, 0], [4, 2], [7, 2], [1, 1], [2, 0], [5, 0], [3, 2], [9, 0]]
2026-03-24 17:25:36,265 - INFO - episode:476 reward:1.0 Actions:[[8, 2], [3, 0], [0, 1], [4, 1], [6, 2], [1, 1], [5, 3], [2, 1], [7, 1], [9, 2]]
2026-03-24 17:25:36,266 - INFO - episode:477 reward:1.0 Actions:[[8, 2], [1, 1], [7, 5], [6, 1], [9, 2], [2, 1], [3, 3], [0, 3], [4, 2], [5, 5]]
2026-03-24 17:25:36,268 - INFO - episode:478 reward:0.6000000000000001 Actions:[[5, 0], [0, 0], [2, 0], [4, 0], [9, 3], [7, 2], [1, 0], [3, 0], [6, 0], [8, 0]]
2026-03-24 17:25:36,269 - INFO - episode:479 reward:0.30000000000000004 Actions:[[6, 1], [1, 1], [8, 1], [7, 2], [4, 0], [0, 1], [3, 0], [9, 2], [2, 0], [5, 5]]
2026-03-24 17:25:36,271 - INFO - episode:480 reward:1.5 Actions:[[2, 2], [1, 0], [0, 5], [8, 1], [3, 0], [4, 0], [9, 1], [7, 0], [6, 0], [5, 1]]
2026-03-24 17:25:36,272 - INFO - episode:481 reward:1.0 Actions:[[0, 0], [2, 1], [4, 3], [8, 2], [3, 2], [7, 1], [1, 0], [6, 0], [9, 0], [5, 0]]
2026-03-24 17:25:36,274 - INFO - episode:482 reward:2.1 Actions:[[6, 1], [4, 0], [5, 0], [7, 0], [0, 1], [1, 2], [9, 0], [2, 2], [3, 2], [8, 0]]
2026-03-24 17:25:36,275 - INFO - episode:483 reward:1.0 Actions:[[7, 0], [3, 0], [6, 1], [9, 3], [8, 0], [4, 0], [2, 2], [0, 0], [5, 2], [1, 0]]
2026-03-24 17:25:36,277 - INFO - episode:484 reward:1.5 Actions:[[7, 1], [4, 2], [9, 2], [5, 0], [6, 0], [8, 2], [1, 3], [0, 2], [2, 4], [3, 0]]
2026-03-24 17:25:36,279 - INFO - episode:485 reward:1.0 Actions:[[1, 2], [4, 1], [3, 1], [9, 1], [6, 1], [0, 1], [5, 0], [7, 1], [8, 2], [2, 4]]
2026-03-24 17:25:36,280 - INFO - episode:486 reward:1.0 Actions:[[7, 2], [1, 0], [4, 0], [5, 1], [6, 0], [2, 1], [0, 0], [8, 0], [3, 0], [9, 3]]
2026-03-24 17:25:36,282 - INFO - episode:487 reward:0.30000000000000004 Actions:[[7, 0], [3, 1], [8, 1], [9, 2], [6, 2], [2, 2], [0, 0], [4, 0], [1, 2], [5, 3]]
2026-03-24 17:25:36,283 - INFO - episode:488 reward:1.0 Actions:[[0, 0], [7, 1], [5, 1], [1, 0], [3, 0], [9, 1], [8, 0], [6, 2], [4, 0], [2, 2]]
2026-03-24 17:25:36,285 - INFO - episode:489 reward:0.1 Actions:[[8, 0], [0, 0], [9, 0], [5, 0], [1, 0], [2, 0], [7, 1], [3, 1], [6, 0], [4, 2]]
2026-03-24 17:25:36,286 - INFO - episode:490 reward:0.30000000000000004 Actions:[[1, 0], [7, 0], [3, 0], [4, 2], [9, 1], [2, 2], [5, 0], [8, 0], [6, 2], [0, 0]]
2026-03-24 17:25:36,288 - INFO - episode:491 reward:0.6000000000000001 Actions:[[0, 0], [3, 0], [2, 0], [6, 0], [8, 1], [5, 0], [7, 0], [9, 0], [1, 0], [4, 1]]
2026-03-24 17:25:36,289 - INFO - episode:492 reward:0.30000000000000004 Actions:[[3, 1], [4, 0], [8, 0], [6, 0], [2, 1], [7, 0], [1, 0], [9, 0], [0, 0], [5, 0]]
2026-03-24 17:25:36,291 - INFO - episode:493 reward:1.5 Actions:[[4, 0], [7, 0], [0, 0], [1, 5], [2, 1], [8, 1], [9, 0], [3, 1], [5, 0], [6, 0]]
2026-03-24 17:25:36,292 - INFO - episode:494 reward:0.1 Actions:[[8, 0], [7, 0], [3, 0], [2, 1], [1, 0], [4, 0], [6, 1], [0, 1], [9, 2], [5, 4]]
2026-03-24 17:25:36,294 - INFO - episode:495 reward:1.0 Actions:[[8, 0], [3, 2], [4, 1], [5, 2], [1, 2], [0, 0], [2, 1], [9, 2], [7, 2], [6, 1]]
2026-03-24 17:25:36,296 - INFO - episode:496 reward:0.30000000000000004 Actions:[[8, 0], [9, 3], [4, 0], [7, 0], [0, 3], [6, 0], [5, 0], [2, 1], [1, 1], [3, 2]]
2026-03-24 17:25:36,297 - INFO - episode:497 reward:1.5 Actions:[[7, 3], [5, 2], [4, 0], [2, 1], [6, 2], [8, 0], [9, 1], [3, 0], [0, 1], [1, 0]]
2026-03-24 17:25:36,299 - INFO - episode:498 reward:2.8 Actions:[[2, 0], [1, 2], [5, 0], [0, 1], [7, 1], [6, 1], [9, 0], [8, 2], [4, 2], [3, 5]]
2026-03-24 17:25:36,300 - INFO - episode:499 reward:0.6000000000000001 Actions:[[5, 0], [3, 0], [0, 0], [4, 0], [9, 0], [1, 2], [2, 0], [6, 0], [7, 2], [8, 1]]
2026-03-24 17:25:36,302 - INFO - episode:500 reward:1.5 Actions:[[9, 0], [7, 0], [1, 5], [6, 1], [4, 0], [0, 0], [3, 1], [5, 0], [2, 0], [8, 0]]
2026-03-24 17:25:36,303 - INFO - episode:501 reward:0.6000000000000001 Actions:[[5, 0], [0, 1], [7, 1], [8, 0], [6, 0], [3, 0], [4, 0], [9, 0], [1, 1], [2, 0]]
2026-03-24 17:25:36,305 - INFO - episode:502 reward:1.0 Actions:[[9, 0], [6, 1], [1, 1], [4, 2], [7, 1], [2, 2], [0, 3], [5, 0], [8, 0], [3, 1]]
2026-03-24 17:25:36,306 - INFO - episode:503 reward:0.30000000000000004 Actions:[[1, 0], [0, 0], [2, 0], [7, 1], [5, 0], [3, 1], [4, 0], [6, 4], [9, 0], [8, 1]]
2026-03-24 17:25:36,308 - INFO - episode:504 reward:1.0 Actions:[[5, 1], [1, 0], [7, 0], [4, 1], [8, 0], [9, 0], [6, 0], [2, 0], [0, 0], [3, 1]]
2026-03-24 17:25:36,309 - INFO - episode:505 reward:0.6000000000000001 Actions:[[7, 0], [0, 3], [3, 1], [8, 0], [4, 0], [6, 2], [9, 1], [1, 0], [2, 1], [5, 1]]
2026-03-24 17:25:36,311 - INFO - episode:506 reward:0.30000000000000004 Actions:[[5, 0], [1, 0], [4, 0], [7, 0], [2, 0], [6, 0], [9, 0], [0, 1], [8, 4], [3, 0]]
2026-03-24 17:25:36,313 - INFO - episode:507 reward:1.5 Actions:[[3, 1], [9, 0], [8, 3], [7, 0], [2, 1], [1, 0], [0, 0], [4, 0], [5, 0], [6, 1]]
2026-03-24 17:25:36,314 - INFO - episode:508 reward:0.1 Actions:[[2, 0], [8, 0], [9, 2], [0, 2], [5, 0], [4, 0], [7, 0], [3, 0], [6, 0], [1, 0]]
2026-03-24 17:25:36,316 - INFO - episode:509 reward:0.30000000000000004 Actions:[[6, 0], [3, 0], [8, 0], [1, 1], [2, 0], [7, 0], [0, 3], [5, 0], [4, 0], [9, 1]]
2026-03-24 17:25:36,317 - INFO - episode:510 reward:1.0 Actions:[[6, 0], [5, 0], [2, 0], [0, 1], [9, 0], [1, 1], [4, 1], [7, 0], [8, 0], [3, 0]]
2026-03-24 17:25:36,319 - INFO - episode:511 reward:0.6000000000000001 Actions:[[9, 1], [3, 0], [5, 5], [8, 0], [2, 0], [6, 0], [7, 4], [0, 1], [4, 1], [1, 0]]
2026-03-24 17:25:36,320 - INFO - episode:512 reward:0.1 Actions:[[8, 0], [4, 0], [0, 3], [9, 1], [5, 1], [6, 0], [7, 1], [1, 0], [2, 0], [3, 1]]
2026-03-24 17:25:36,322 - INFO - episode:513 reward:2.1 Actions:[[6, 0], [0, 0], [4, 0], [5, 1], [7, 3], [2, 3], [9, 0], [1, 1], [8, 0], [3, 0]]
2026-03-24 17:25:36,323 - INFO - episode:514 reward:1.0 Actions:[[8, 2], [4, 1], [7, 1], [5, 1], [3, 1], [1, 3], [6, 0], [0, 1], [9, 1], [2, 1]]
2026-03-24 17:25:36,325 - INFO - episode:515 reward:0.1 Actions:[[9, 0], [8, 0], [5, 1], [1, 2], [6, 0], [3, 1], [4, 0], [7, 0], [0, 1], [2, 4]]
2026-03-24 17:25:36,326 - INFO - episode:516 reward:2.1 Actions:[[4, 1], [5, 1], [2, 4], [6, 0], [1, 0], [3, 1], [9, 0], [0, 0], [8, 1], [7, 0]]
2026-03-24 17:25:36,328 - INFO - episode:517 reward:0.6000000000000001 Actions:[[1, 0], [8, 1], [0, 0], [4, 0], [3, 0], [7, 0], [9, 0], [6, 0], [5, 0], [2, 0]]
2026-03-24 17:25:36,330 - INFO - episode:518 reward:2.8 Actions:[[9, 2], [7, 5], [5, 2], [0, 1], [4, 0], [1, 1], [3, 0], [2, 1], [6, 0], [8, 1]]
2026-03-24 17:25:36,331 - INFO - episode:519 reward:1.5 Actions:[[0, 0], [6, 5], [9, 4], [3, 1], [1, 0], [8, 0], [2, 0], [4, 0], [5, 1], [7, 1]]
2026-03-24 17:25:36,333 - INFO - episode:520 reward:0.30000000000000004 Actions:[[3, 0], [5, 3], [8, 0], [0, 1], [9, 0], [7, 2], [4, 0], [6, 0], [2, 1], [1, 0]]
2026-03-24 17:25:36,334 - INFO - episode:521 reward:1.0 Actions:[[6, 0], [0, 0], [9, 0], [7, 1], [5, 0], [3, 0], [2, 0], [1, 2], [8, 0], [4, 0]]
2026-03-24 17:25:36,336 - INFO - episode:522 reward:2.8 Actions:[[2, 0], [4, 5], [6, 0], [5, 2], [0, 1], [7, 1], [3, 4], [8, 1], [1, 0], [9, 2]]
2026-03-24 17:25:36,337 - INFO - episode:523 reward:0.30000000000000004 Actions:[[2, 0], [1, 0], [9, 0], [3, 0], [4, 0], [8, 0], [5, 0], [0, 1], [6, 1], [7, 0]]
2026-03-24 17:25:36,339 - INFO - episode:524 reward:0.6000000000000001 Actions:[[8, 0], [1, 3], [3, 4], [2, 0], [4, 0], [0, 3], [5, 0], [9, 1], [7, 4], [6, 0]]
2026-03-24 17:25:36,340 - INFO - episode:525 reward:0.1 Actions:[[8, 0], [3, 0], [5, 1], [1, 1], [9, 0], [0, 1], [4, 1], [7, 1], [2, 0], [6, 0]]
2026-03-24 17:25:36,342 - INFO - episode:526 reward:2.1 Actions:[[9, 2], [1, 1], [0, 0], [2, 0], [7, 0], [6, 1], [8, 0], [3, 3], [4, 0], [5, 0]]
2026-03-24 17:25:36,343 - INFO - episode:527 reward:3.5999999999999996 Actions:[[6, 0], [2, 0], [3, 0], [7, 2], [5, 1], [4, 1], [9, 1], [1, 2], [0, 1], [8, 2]]
2026-03-24 17:25:36,345 - INFO - episode:528 reward:2.8 Actions:[[1, 0], [6, 1], [5, 3], [3, 1], [2, 1], [7, 0], [0, 2], [9, 1], [4, 0], [8, 0]]
2026-03-24 17:25:36,347 - INFO - episode:529 reward:0.6000000000000001 Actions:[[0, 3], [2, 0], [7, 2], [8, 0], [6, 0], [1, 1], [4, 1], [9, 5], [3, 0], [5, 0]]
2026-03-24 17:25:36,348 - INFO - episode:530 reward:0.6000000000000001 Actions:[[5, 0], [8, 1], [0, 0], [1, 0], [3, 0], [2, 1], [4, 0], [7, 2], [9, 0], [6, 0]]
2026-03-24 17:25:36,350 - INFO - episode:531 reward:0.30000000000000004 Actions:[[8, 1], [3, 0], [1, 1], [9, 3], [7, 2], [5, 2], [0, 0], [6, 0], [2, 4], [4, 1]]
2026-03-24 17:25:36,351 - INFO - episode:532 reward:1.5 Actions:[[1, 0], [9, 2], [4, 3], [3, 1], [7, 0], [8, 0], [0, 1], [5, 0], [2, 2], [6, 1]]
2026-03-24 17:25:36,353 - INFO - episode:533 reward:1.5 Actions:[[4, 1], [9, 4], [0, 1], [2, 0], [1, 0], [8, 0], [5, 1], [7, 1], [3, 0], [6, 0]]
2026-03-24 17:25:36,354 - INFO - episode:534 reward:3.5999999999999996 Actions:[[2, 0], [5, 2], [4, 1], [9, 1], [3, 2], [6, 1], [0, 0], [1, 3], [8, 0], [7, 0]]
2026-03-24 17:25:36,356 - INFO - episode:535 reward:2.8 Actions:[[2, 3], [9, 3], [5, 5], [3, 1], [1, 2], [7, 0], [0, 0], [8, 2], [4, 1], [6, 3]]
2026-03-24 17:25:36,358 - INFO - episode:536 reward:2.1 Actions:[[6, 1], [7, 0], [0, 2], [3, 0], [5, 0], [2, 1], [1, 1], [9, 0], [8, 0], [4, 0]]
2026-03-24 17:25:36,359 - INFO - episode:537 reward:0.30000000000000004 Actions:[[1, 0], [8, 1], [3, 1], [9, 0], [0, 0], [5, 1], [4, 2], [2, 3], [7, 0], [6, 1]]
2026-03-24 17:25:36,361 - INFO - episode:538 reward:0.1 Actions:[[8, 0], [6, 0], [7, 1], [9, 3], [2, 1], [0, 0], [3, 0], [4, 0], [5, 0], [1, 0]]
2026-03-24 17:25:36,362 - INFO - episode:539 reward:1.0 Actions:[[4, 2], [2, 0], [7, 0], [5, 0], [1, 0], [9, 1], [6, 3], [8, 0], [3, 2], [0, 0]]
2026-03-24 17:25:36,364 - INFO - episode:540 reward:2.1 Actions:[[1, 0], [9, 4], [2, 1], [6, 0], [0, 5], [5, 5], [3, 0], [7, 0], [4, 1], [8, 0]]
2026-03-24 17:25:36,365 - INFO - episode:541 reward:1.0 Actions:[[8, 1], [6, 2], [9, 5], [4, 0], [5, 1], [1, 2], [0, 3], [7, 0], [3, 1], [2, 1]]
2026-03-24 17:25:36,367 - INFO - episode:542 reward:2.8 Actions:[[5, 0], [0, 1], [1, 2], [2, 0], [6, 5], [7, 1], [3, 2], [8, 0], [9, 0], [4, 0]]
2026-03-24 17:25:36,368 - INFO - episode:543 reward:2.1 Actions:[[7, 0], [9, 1], [3, 2], [5, 0], [2, 1], [6, 1], [8, 0], [4, 2], [1, 1], [0, 1]]
2026-03-24 17:25:36,370 - INFO - episode:544 reward:1.0 Actions:[[9, 2], [1, 0], [3, 1], [0, 0], [2, 0], [7, 1], [5, 1], [6, 5], [8, 1], [4, 0]]
2026-03-24 17:25:36,372 - INFO - episode:545 reward:0.30000000000000004 Actions:[[8, 0], [6, 1], [4, 0], [1, 2], [7, 1], [5, 1], [9, 0], [2, 2], [3, 0], [0, 1]]
2026-03-24 17:25:36,373 - INFO - episode:546 reward:2.8 Actions:[[9, 1], [1, 1], [4, 4], [2, 0], [7, 0], [8, 2], [6, 0], [0, 0], [3, 2], [5, 0]]
2026-03-24 17:25:36,375 - INFO - episode:547 reward:2.8 Actions:[[9, 0], [0, 0], [4, 3], [1, 1], [6, 3], [5, 0], [7, 3], [2, 0], [3, 1], [8, 1]]
2026-03-24 17:25:36,376 - INFO - episode:548 reward:1.5 Actions:[[5, 1], [9, 1], [7, 1], [2, 2], [3, 0], [0, 1], [4, 0], [6, 4], [8, 1], [1, 0]]
2026-03-24 17:25:36,378 - INFO - episode:549 reward:0.6000000000000001 Actions:[[7, 1], [1, 0], [3, 0], [6, 0], [9, 0], [0, 0], [4, 1], [2, 0], [5, 1], [8, 0]]
2026-03-24 17:25:36,379 - INFO - episode:550 reward:0.1 Actions:[[0, 0], [8, 0], [1, 2], [5, 0], [6, 0], [3, 0], [7, 0], [9, 1], [2, 3], [4, 1]]
2026-03-24 17:25:36,381 - INFO - episode:551 reward:2.8 Actions:[[3, 2], [0, 2], [5, 0], [9, 3], [2, 0], [7, 0], [6, 2], [1, 2], [4, 5], [8, 1]]
2026-03-24 17:25:36,382 - INFO - episode:552 reward:2.1 Actions:[[9, 0], [0, 0], [2, 2], [5, 2], [7, 0], [3, 2], [1, 0], [6, 1], [4, 0], [8, 2]]
2026-03-24 17:25:36,384 - INFO - episode:553 reward:0.6000000000000001 Actions:[[0, 0], [3, 1], [5, 0], [1, 0], [7, 0], [4, 0], [8, 1], [9, 0], [6, 4], [2, 2]]
2026-03-24 17:25:36,385 - INFO - episode:554 reward:2.8 Actions:[[9, 0], [8, 4], [3, 1], [2, 0], [0, 1], [4, 2], [5, 0], [1, 1], [7, 0], [6, 0]]
2026-03-24 17:25:36,387 - INFO - episode:555 reward:0.1 Actions:[[8, 0], [4, 0], [9, 1], [1, 3], [6, 0], [3, 1], [0, 0], [5, 0], [2, 0], [7, 1]]
2026-03-24 17:25:36,389 - INFO - episode:556 reward:2.8 Actions:[[7, 2], [0, 5], [1, 1], [5, 1], [3, 3], [6, 0], [9, 0], [8, 0], [4, 0], [2, 0]]
2026-03-24 17:25:36,390 - INFO - episode:557 reward:0.1 Actions:[[8, 0], [7, 0], [5, 0], [3, 0], [9, 2], [0, 1], [2, 2], [1, 1], [4, 1], [6, 1]]
2026-03-24 17:25:36,392 - INFO - episode:558 reward:0.30000000000000004 Actions:[[7, 2], [6, 2], [8, 2], [9, 3], [4, 2], [5, 2], [2, 1], [1, 2], [0, 1], [3, 2]]
2026-03-24 17:25:36,393 - INFO - episode:559 reward:0.30000000000000004 Actions:[[6, 2], [8, 0], [4, 0], [9, 0], [7, 0], [1, 0], [5, 2], [2, 0], [3, 0], [0, 1]]
2026-03-24 17:25:36,395 - INFO - episode:560 reward:1.0 Actions:[[0, 2], [4, 0], [7, 0], [3, 0], [9, 0], [2, 2], [6, 0], [5, 0], [1, 4], [8, 3]]
2026-03-24 17:25:36,396 - INFO - episode:561 reward:1.0 Actions:[[2, 5], [1, 0], [0, 1], [3, 0], [6, 0], [4, 3], [7, 0], [5, 1], [8, 0], [9, 2]]
2026-03-24 17:25:36,398 - INFO - episode:562 reward:1.5 Actions:[[4, 1], [1, 0], [0, 3], [9, 1], [2, 0], [7, 0], [8, 1], [3, 1], [5, 0], [6, 3]]
2026-03-24 17:25:36,399 - INFO - episode:563 reward:0.6000000000000001 Actions:[[4, 1], [9, 1], [2, 1], [8, 1], [0, 1], [1, 0], [7, 1], [5, 0], [6, 1], [3, 3]]
2026-03-24 17:25:36,401 - INFO - episode:564 reward:1.5 Actions:[[9, 0], [6, 1], [0, 2], [7, 1], [4, 1], [2, 1], [3, 1], [5, 1], [1, 0], [8, 1]]
2026-03-24 17:25:36,402 - INFO - episode:565 reward:2.1 Actions:[[0, 5], [1, 4], [2, 0], [6, 1], [5, 0], [4, 1], [8, 5], [7, 0], [3, 0], [9, 5]]
2026-03-24 17:25:36,404 - INFO - episode:566 reward:0.30000000000000004 Actions:[[5, 1], [9, 1], [1, 1], [4, 0], [6, 0], [3, 0], [2, 0], [0, 3], [7, 5], [8, 0]]
2026-03-24 17:25:36,406 - INFO - episode:567 reward:1.0 Actions:[[0, 2], [7, 0], [9, 5], [4, 0], [8, 5], [2, 0], [5, 1], [1, 0], [6, 0], [3, 0]]
2026-03-24 17:25:36,407 - INFO - episode:568 reward:0.1 Actions:[[8, 1], [9, 1], [5, 2], [4, 0], [1, 2], [7, 3], [6, 1], [3, 2], [2, 0], [0, 0]]
2026-03-24 17:25:36,409 - INFO - episode:569 reward:1.0 Actions:[[1, 0], [4, 5], [3, 3], [7, 0], [2, 0], [9, 0], [0, 0], [5, 1], [8, 1], [6, 0]]
2026-03-24 17:25:36,410 - INFO - episode:570 reward:1.5 Actions:[[9, 0], [5, 1], [3, 1], [7, 0], [0, 0], [1, 0], [2, 1], [4, 0], [6, 0], [8, 0]]
2026-03-24 17:25:36,412 - INFO - episode:571 reward:0.30000000000000004 Actions:[[5, 0], [7, 1], [8, 0], [1, 1], [0, 3], [3, 0], [6, 0], [4, 0], [2, 1], [9, 2]]
2026-03-24 17:25:36,413 - INFO - episode:572 reward:1.0 Actions:[[0, 2], [2, 1], [6, 0], [3, 0], [1, 0], [5, 0], [7, 0], [9, 0], [4, 2], [8, 0]]
2026-03-24 17:25:36,415 - INFO - episode:573 reward:0.6000000000000001 Actions:[[7, 2], [9, 5], [8, 0], [1, 0], [6, 1], [4, 1], [3, 3], [0, 0], [5, 0], [2, 5]]
2026-03-24 17:25:36,416 - INFO - episode:574 reward:1.5 Actions:[[9, 1], [4, 1], [6, 4], [7, 1], [1, 2], [0, 1], [2, 2], [5, 0], [3, 1], [8, 2]]
2026-03-24 17:25:36,418 - INFO - episode:575 reward:1.0 Actions:[[5, 1], [2, 1], [9, 1], [8, 0], [3, 1], [0, 2], [7, 0], [1, 0], [4, 0], [6, 4]]
2026-03-24 17:25:36,419 - INFO - episode:576 reward:2.1 Actions:[[8, 3], [6, 1], [5, 0], [1, 1], [9, 2], [7, 2], [2, 3], [0, 1], [3, 0], [4, 1]]
2026-03-24 17:25:36,421 - INFO - episode:577 reward:0.6000000000000001 Actions:[[3, 1], [7, 1], [6, 5], [8, 1], [0, 0], [2, 0], [4, 2], [5, 1], [9, 0], [1, 0]]
2026-03-24 17:25:36,423 - INFO - episode:578 reward:1.0 Actions:[[6, 0], [3, 3], [1, 0], [7, 1], [4, 0], [5, 0], [0, 2], [2, 0], [8, 4], [9, 1]]
2026-03-24 17:25:36,424 - INFO - episode:579 reward:1.5 Actions:[[4, 1], [2, 1], [1, 0], [0, 3], [6, 1], [5, 1], [9, 3], [7, 5], [8, 0], [3, 0]]
2026-03-24 17:25:36,426 - INFO - episode:580 reward:1.0 Actions:[[1, 0], [4, 2], [5, 1], [9, 0], [6, 0], [7, 0], [8, 1], [2, 3], [3, 1], [0, 2]]
2026-03-24 17:25:36,427 - INFO - episode:581 reward:0.6000000000000001 Actions:[[6, 0], [0, 0], [7, 0], [3, 0], [2, 2], [1, 0], [8, 0], [4, 3], [9, 1], [5, 0]]
2026-03-24 17:25:36,429 - INFO - episode:582 reward:1.5 Actions:[[0, 0], [9, 1], [4, 3], [2, 0], [6, 1], [8, 1], [3, 0], [7, 0], [1, 0], [5, 0]]
2026-03-24 17:25:36,430 - INFO - episode:583 reward:0.6000000000000001 Actions:[[0, 2], [8, 0], [9, 2], [1, 0], [2, 1], [5, 0], [6, 1], [4, 0], [7, 2], [3, 4]]
2026-03-24 17:25:36,432 - INFO - episode:584 reward:0.30000000000000004 Actions:[[8, 1], [0, 0], [3, 1], [6, 2], [2, 4], [5, 1], [4, 0], [9, 0], [7, 1], [1, 0]]
2026-03-24 17:25:36,433 - INFO - episode:585 reward:1.5 Actions:[[0, 0], [8, 2], [3, 0], [5, 1], [4, 3], [7, 2], [2, 3], [6, 3], [1, 0], [9, 0]]
2026-03-24 17:25:36,435 - INFO - episode:586 reward:0.1 Actions:[[8, 0], [4, 0], [2, 0], [1, 2], [5, 1], [6, 0], [3, 0], [9, 2], [0, 0], [7, 0]]
2026-03-24 17:25:36,436 - INFO - episode:587 reward:0.6000000000000001 Actions:[[8, 0], [9, 1], [3, 1], [7, 0], [5, 0], [2, 0], [4, 0], [1, 0], [0, 1], [6, 0]]
2026-03-24 17:25:36,438 - INFO - episode:588 reward:3.5999999999999996 Actions:[[8, 1], [6, 3], [5, 0], [0, 5], [3, 0], [9, 5], [2, 2], [7, 2], [4, 1], [1, 1]]
2026-03-24 17:25:36,440 - INFO - episode:589 reward:0.6000000000000001 Actions:[[6, 0], [2, 2], [4, 0], [8, 0], [5, 3], [3, 0], [7, 1], [1, 1], [0, 2], [9, 0]]
2026-03-24 17:25:36,441 - INFO - episode:590 reward:1.5 Actions:[[7, 0], [1, 2], [3, 1], [0, 2], [6, 1], [5, 2], [4, 0], [9, 3], [8, 1], [2, 0]]
2026-03-24 17:25:36,443 - INFO - episode:591 reward:0.30000000000000004 Actions:[[7, 0], [8, 1], [9, 1], [3, 2], [2, 0], [6, 0], [1, 0], [4, 0], [0, 3], [5, 4]]
2026-03-24 17:25:36,444 - INFO - episode:592 reward:2.8 Actions:[[5, 1], [1, 1], [9, 2], [6, 0], [7, 5], [4, 0], [3, 3], [8, 0], [2, 0], [0, 2]]
2026-03-24 17:25:36,446 - INFO - episode:593 reward:0.6000000000000001 Actions:[[7, 1], [1, 0], [9, 0], [6, 0], [2, 2], [3, 0], [4, 2], [5, 0], [0, 1], [8, 1]]
2026-03-24 17:25:36,447 - INFO - episode:594 reward:2.8 Actions:[[2, 2], [0, 1], [4, 0], [9, 5], [1, 2], [3, 0], [7, 1], [8, 2], [6, 2], [5, 1]]
2026-03-24 17:25:36,449 - INFO - episode:595 reward:0.6000000000000001 Actions:[[7, 0], [5, 3], [4, 0], [1, 0], [0, 2], [2, 0], [9, 0], [8, 1], [3, 1], [6, 0]]
2026-03-24 17:25:36,450 - INFO - episode:596 reward:0.6000000000000001 Actions:[[2, 0], [6, 0], [0, 3], [1, 0], [9, 3], [7, 0], [3, 0], [5, 4], [8, 0], [4, 0]]
2026-03-24 17:25:36,452 - INFO - episode:597 reward:0.6000000000000001 Actions:[[1, 0], [8, 1], [2, 0], [3, 0], [9, 0], [7, 0], [5, 2], [6, 0], [4, 2], [0, 0]]
2026-03-24 17:25:36,454 - INFO - episode:598 reward:1.5 Actions:[[6, 0], [4, 0], [8, 1], [5, 0], [0, 2], [7, 1], [1, 0], [2, 0], [9, 0], [3, 2]]
2026-03-24 17:25:36,455 - INFO - episode:599 reward:0.6000000000000001 Actions:[[7, 0], [5, 0], [2, 0], [9, 0], [1, 0], [6, 0], [8, 0], [4, 0], [3, 1], [0, 0]]
2026-03-24 17:25:36,457 - INFO - episode:600 reward:1.5 Actions:[[2, 2], [8, 0], [4, 2], [9, 1], [6, 1], [0, 0], [1, 1], [3, 0], [7, 1], [5, 0]]
2026-03-24 17:25:36,458 - INFO - episode:601 reward:1.5 Actions:[[6, 1], [7, 0], [4, 3], [2, 5], [9, 1], [8, 1], [5, 0], [1, 0], [3, 1], [0, 1]]
2026-03-24 17:25:36,460 - INFO - episode:602 reward:0.30000000000000004 Actions:[[5, 0], [9, 1], [8, 1], [6, 1], [1, 2], [3, 2], [0, 4], [2, 2], [4, 1], [7, 1]]
2026-03-24 17:25:36,461 - INFO - episode:603 reward:2.8 Actions:[[7, 3], [0, 2], [2, 1], [9, 2], [3, 0], [4, 5], [5, 0], [8, 0], [1, 1], [6, 0]]
2026-03-24 17:25:36,463 - INFO - episode:604 reward:0.6000000000000001 Actions:[[8, 1], [7, 0], [2, 0], [1, 0], [3, 1], [9, 0], [4, 1], [5, 2], [6, 2], [0, 0]]
2026-03-24 17:25:36,464 - INFO - episode:605 reward:3.5999999999999996 Actions:[[9, 0], [0, 0], [4, 2], [2, 3], [7, 0], [6, 3], [3, 2], [5, 2], [8, 2], [1, 2]]
2026-03-24 17:25:36,466 - INFO - episode:606 reward:0.1 Actions:[[5, 2], [8, 2], [4, 2], [0, 0], [2, 0], [6, 0], [7, 2], [1, 2], [3, 3], [9, 1]]
2026-03-24 17:25:36,468 - INFO - episode:607 reward:2.1 Actions:[[6, 0], [0, 1], [9, 0], [4, 1], [2, 1], [7, 0], [1, 1], [5, 1], [3, 1], [8, 1]]
2026-03-24 17:25:36,469 - INFO - episode:608 reward:2.1 Actions:[[1, 2], [3, 1], [5, 2], [4, 1], [2, 3], [0, 0], [8, 1], [7, 1], [9, 1], [6, 1]]
2026-03-24 17:25:36,471 - INFO - episode:609 reward:0.1 Actions:[[8, 0], [4, 0], [9, 1], [2, 1], [3, 4], [0, 0], [6, 4], [1, 0], [5, 0], [7, 1]]
2026-03-24 17:25:36,472 - INFO - episode:610 reward:0.30000000000000004 Actions:[[8, 1], [3, 0], [9, 1], [6, 1], [4, 0], [5, 0], [7, 1], [1, 0], [2, 1], [0, 0]]
2026-03-24 17:25:36,474 - INFO - episode:611 reward:0.30000000000000004 Actions:[[0, 1], [8, 0], [1, 0], [4, 2], [6, 1], [5, 3], [7, 2], [3, 0], [9, 1], [2, 4]]
2026-03-24 17:25:36,475 - INFO - episode:612 reward:1.5 Actions:[[2, 1], [1, 0], [6, 2], [0, 0], [8, 3], [3, 0], [4, 3], [9, 3], [7, 1], [5, 1]]
2026-03-24 17:25:36,477 - INFO - episode:613 reward:0.6000000000000001 Actions:[[7, 0], [3, 0], [0, 0], [8, 0], [6, 0], [5, 0], [1, 1], [2, 2], [4, 0], [9, 0]]
2026-03-24 17:25:36,478 - INFO - episode:614 reward:1.0 Actions:[[5, 2], [3, 0], [6, 0], [8, 1], [9, 1], [1, 0], [2, 0], [7, 0], [4, 0], [0, 0]]
2026-03-24 17:25:36,480 - INFO - episode:615 reward:0.30000000000000004 Actions:[[4, 0], [5, 0], [1, 0], [9, 0], [0, 0], [8, 1], [6, 1], [7, 0], [2, 1], [3, 1]]
2026-03-24 17:25:36,481 - INFO - episode:616 reward:1.5 Actions:[[5, 0], [6, 1], [1, 1], [7, 0], [9, 0], [3, 0], [8, 1], [0, 3], [4, 0], [2, 0]]
2026-03-24 17:25:36,483 - INFO - episode:617 reward:1.5 Actions:[[9, 5], [7, 0], [4, 2], [8, 1], [0, 5], [2, 1], [5, 2], [3, 0], [6, 0], [1, 0]]
2026-03-24 17:25:36,484 - INFO - episode:618 reward:0.6000000000000001 Actions:[[8, 3], [0, 0], [7, 1], [5, 3], [9, 2], [4, 3], [6, 1], [2, 0], [3, 0], [1, 4]]
2026-03-24 17:25:36,486 - INFO - episode:619 reward:2.1 Actions:[[2, 0], [8, 1], [3, 3], [4, 0], [6, 3], [7, 3], [1, 0], [5, 0], [0, 0], [9, 4]]
2026-03-24 17:25:36,488 - INFO - episode:620 reward:1.0 Actions:[[8, 0], [3, 1], [0, 1], [9, 3], [1, 0], [5, 0], [2, 0], [4, 2], [7, 1], [6, 4]]
2026-03-24 17:25:36,489 - INFO - episode:621 reward:0.30000000000000004 Actions:[[0, 0], [6, 1], [8, 0], [9, 1], [7, 0], [4, 0], [2, 0], [3, 2], [5, 1], [1, 0]]
2026-03-24 17:25:36,491 - INFO - episode:622 reward:0.1 Actions:[[0, 0], [8, 0], [3, 0], [2, 1], [7, 2], [6, 3], [4, 2], [5, 4], [9, 0], [1, 4]]
2026-03-24 17:25:36,492 - INFO - episode:623 reward:0.30000000000000004 Actions:[[5, 0], [2, 1], [8, 1], [3, 1], [0, 0], [4, 0], [9, 0], [1, 0], [6, 0], [7, 1]]
2026-03-24 17:25:36,494 - INFO - episode:624 reward:2.1 Actions:[[7, 1], [2, 2], [4, 0], [3, 0], [0, 0], [9, 3], [8, 1], [1, 1], [6, 0], [5, 4]]
2026-03-24 17:25:36,495 - INFO - episode:625 reward:0.6000000000000001 Actions:[[9, 0], [1, 1], [7, 0], [8, 1], [2, 0], [0, 1], [3, 1], [5, 1], [6, 1], [4, 2]]
2026-03-24 17:25:36,497 - INFO - episode:626 reward:1.5 Actions:[[1, 0], [4, 3], [2, 2], [7, 2], [6, 0], [8, 0], [0, 0], [3, 0], [5, 1], [9, 2]]
2026-03-24 17:25:36,498 - INFO - episode:627 reward:0.6000000000000001 Actions:[[7, 0], [5, 0], [3, 0], [0, 0], [8, 2], [4, 2], [1, 1], [2, 3], [9, 2], [6, 1]]
2026-03-24 17:25:36,500 - INFO - episode:628 reward:1.5 Actions:[[0, 2], [4, 0], [6, 0], [5, 4], [8, 1], [9, 1], [7, 3], [2, 1], [1, 0], [3, 1]]
2026-03-24 17:25:36,502 - INFO - episode:629 reward:0.1 Actions:[[8, 2], [7, 2], [4, 2], [5, 1], [1, 2], [0, 0], [9, 0], [2, 0], [6, 2], [3, 3]]
2026-03-24 17:25:36,503 - INFO - episode:630 reward:0.6000000000000001 Actions:[[8, 3], [1, 5], [7, 1], [9, 3], [2, 0], [4, 1], [5, 0], [0, 1], [6, 1], [3, 0]]
2026-03-24 17:25:36,505 - INFO - episode:631 reward:1.5 Actions:[[5, 0], [3, 1], [4, 2], [7, 0], [6, 0], [0, 0], [1, 0], [8, 1], [2, 0], [9, 2]]
2026-03-24 17:25:36,506 - INFO - episode:632 reward:0.6000000000000001 Actions:[[9, 0], [0, 0], [6, 0], [7, 0], [5, 0], [2, 0], [1, 0], [4, 0], [3, 0], [8, 0]]
2026-03-24 17:25:36,508 - INFO - episode:633 reward:0.30000000000000004 Actions:[[0, 0], [1, 0], [9, 0], [4, 2], [6, 0], [7, 4], [8, 2], [2, 4], [5, 0], [3, 0]]
2026-03-24 17:25:36,509 - INFO - episode:634 reward:2.8 Actions:[[2, 0], [9, 0], [4, 3], [0, 1], [1, 1], [3, 2], [5, 4], [7, 1], [8, 1], [6, 1]]
2026-03-24 17:25:36,511 - INFO - episode:635 reward:1.0 Actions:[[7, 0], [2, 1], [6, 0], [3, 0], [8, 1], [4, 0], [9, 0], [1, 0], [0, 1], [5, 0]]
2026-03-24 17:25:36,512 - INFO - episode:636 reward:1.0 Actions:[[0, 0], [6, 0], [2, 2], [3, 1], [1, 0], [8, 0], [7, 0], [4, 1], [9, 1], [5, 3]]
2026-03-24 17:25:36,514 - INFO - episode:637 reward:1.0 Actions:[[3, 0], [0, 0], [9, 0], [4, 1], [7, 0], [6, 0], [8, 3], [1, 5], [2, 3], [5, 3]]
2026-03-24 17:25:36,516 - INFO - episode:638 reward:0.6000000000000001 Actions:[[2, 2], [7, 1], [9, 0], [8, 2], [5, 2], [6, 2], [0, 0], [1, 2], [4, 3], [3, 4]]
2026-03-24 17:25:36,517 - INFO - episode:639 reward:1.0 Actions:[[0, 2], [1, 0], [3, 0], [5, 1], [6, 0], [8, 0], [2, 3], [9, 0], [4, 0], [7, 1]]
2026-03-24 17:25:36,519 - INFO - episode:640 reward:0.30000000000000004 Actions:[[4, 0], [1, 0], [7, 0], [2, 2], [3, 0], [9, 0], [6, 0], [5, 0], [8, 4], [0, 1]]
2026-03-24 17:25:36,520 - INFO - episode:641 reward:0.1 Actions:[[8, 1], [3, 1], [2, 0], [6, 0], [9, 0], [1, 0], [5, 0], [7, 1], [0, 4], [4, 0]]
2026-03-24 17:25:36,522 - INFO - episode:642 reward:2.8 Actions:[[2, 0], [4, 1], [8, 3], [9, 0], [5, 1], [6, 0], [3, 2], [1, 0], [7, 0], [0, 0]]
2026-03-24 17:25:36,523 - INFO - episode:643 reward:1.0 Actions:[[0, 0], [4, 0], [9, 2], [5, 3], [8, 0], [3, 1], [7, 0], [6, 0], [2, 0], [1, 1]]
2026-03-24 17:25:36,525 - INFO - episode:644 reward:0.30000000000000004 Actions:[[4, 0], [1, 0], [2, 0], [6, 0], [5, 0], [0, 0], [7, 0], [3, 1], [9, 2], [8, 0]]
2026-03-24 17:25:36,526 - INFO - episode:645 reward:3.5999999999999996 Actions:[[7, 1], [9, 0], [3, 1], [6, 1], [4, 2], [2, 0], [8, 3], [5, 0], [0, 1], [1, 0]]
2026-03-24 17:25:36,528 - INFO - episode:646 reward:0.30000000000000004 Actions:[[8, 1], [3, 0], [6, 1], [4, 2], [9, 1], [7, 2], [1, 1], [5, 0], [2, 1], [0, 1]]
2026-03-24 17:25:36,530 - INFO - episode:647 reward:0.30000000000000004 Actions:[[3, 1], [9, 0], [8, 0], [7, 2], [4, 0], [1, 2], [6, 1], [0, 0], [5, 0], [2, 0]]
2026-03-24 17:25:36,531 - INFO - episode:648 reward:2.8 Actions:[[1, 2], [2, 3], [3, 1], [6, 0], [7, 0], [9, 0], [5, 4], [8, 0], [0, 2], [4, 0]]
2026-03-24 17:25:36,533 - INFO - episode:649 reward:2.1 Actions:[[3, 3], [4, 3], [5, 2], [0, 4], [7, 1], [1, 1], [9, 1], [2, 0], [8, 0], [6, 0]]
2026-03-24 17:25:36,534 - INFO - episode:650 reward:0.1 Actions:[[8, 0], [9, 0], [6, 1], [1, 0], [2, 0], [3, 1], [4, 0], [5, 4], [7, 0], [0, 0]]
2026-03-24 17:25:36,536 - INFO - episode:651 reward:1.0 Actions:[[4, 0], [7, 0], [5, 0], [3, 1], [0, 0], [1, 0], [2, 1], [9, 1], [6, 0], [8, 4]]
2026-03-24 17:25:36,537 - INFO - episode:652 reward:2.1 Actions:[[3, 1], [6, 5], [5, 0], [1, 1], [4, 0], [7, 0], [9, 0], [2, 1], [0, 1], [8, 0]]
2026-03-24 17:25:36,539 - INFO - episode:653 reward:1.5 Actions:[[7, 0], [5, 2], [1, 0], [6, 1], [9, 2], [0, 0], [3, 1], [8, 0], [4, 0], [2, 1]]
2026-03-24 17:25:36,540 - INFO - episode:654 reward:2.8 Actions:[[1, 3], [5, 0], [3, 3], [2, 0], [0, 0], [9, 1], [6, 1], [4, 3], [7, 0], [8, 0]]
2026-03-24 17:25:36,542 - INFO - episode:655 reward:1.0 Actions:[[0, 0], [5, 1], [3, 0], [2, 0], [4, 0], [1, 1], [7, 5], [9, 2], [8, 2], [6, 3]]
2026-03-24 17:25:36,544 - INFO - episode:656 reward:2.8 Actions:[[1, 1], [2, 3], [8, 2], [0, 0], [3, 3], [6, 0], [4, 0], [7, 0], [5, 1], [9, 1]]
2026-03-24 17:25:36,545 - INFO - episode:657 reward:2.1 Actions:[[7, 3], [6, 1], [4, 0], [0, 0], [3, 2], [9, 0], [2, 0], [5, 0], [8, 4], [1, 0]]
2026-03-24 17:25:36,547 - INFO - episode:658 reward:1.5 Actions:[[7, 3], [2, 0], [6, 0], [5, 0], [8, 2], [1, 0], [4, 0], [0, 0], [3, 0], [9, 1]]
2026-03-24 17:25:36,548 - INFO - episode:659 reward:0.1 Actions:[[3, 0], [8, 0], [0, 1], [4, 0], [6, 0], [7, 1], [1, 1], [5, 1], [9, 1], [2, 0]]
2026-03-24 17:25:36,550 - INFO - episode:660 reward:2.1 Actions:[[3, 0], [2, 1], [0, 0], [5, 1], [6, 1], [4, 0], [1, 0], [9, 0], [7, 0], [8, 1]]
2026-03-24 17:25:36,551 - INFO - episode:661 reward:0.6000000000000001 Actions:[[1, 2], [7, 1], [5, 0], [8, 1], [0, 2], [2, 2], [9, 2], [3, 2], [4, 1], [6, 5]]
2026-03-24 17:25:36,553 - INFO - episode:662 reward:1.0 Actions:[[4, 3], [7, 0], [2, 0], [9, 0], [1, 0], [3, 0], [8, 1], [6, 0], [5, 4], [0, 0]]
2026-03-24 17:25:36,554 - INFO - episode:663 reward:1.5 Actions:[[2, 1], [5, 0], [6, 0], [7, 0], [8, 2], [9, 0], [1, 0], [0, 0], [4, 1], [3, 2]]
2026-03-24 17:25:36,556 - INFO - episode:664 reward:1.5 Actions:[[6, 2], [0, 0], [2, 5], [1, 1], [9, 0], [8, 0], [4, 0], [5, 3], [3, 0], [7, 0]]
2026-03-24 17:25:36,558 - INFO - episode:665 reward:0.6000000000000001 Actions:[[7, 0], [5, 0], [0, 0], [2, 0], [6, 3], [1, 1], [4, 0], [9, 0], [3, 1], [8, 1]]
2026-03-24 17:25:36,559 - INFO - episode:666 reward:0.6000000000000001 Actions:[[2, 2], [1, 0], [4, 0], [7, 0], [0, 1], [8, 0], [5, 0], [3, 0], [6, 2], [9, 0]]
2026-03-24 17:25:36,561 - INFO - episode:667 reward:1.5 Actions:[[2, 0], [0, 1], [7, 2], [5, 2], [6, 2], [8, 0], [3, 1], [9, 0], [4, 1], [1, 1]]
2026-03-24 17:25:36,562 - INFO - episode:668 reward:0.6000000000000001 Actions:[[9, 0], [0, 1], [3, 0], [8, 0], [7, 1], [2, 1], [6, 0], [1, 3], [4, 1], [5, 4]]
2026-03-24 17:25:36,564 - INFO - episode:669 reward:2.8 Actions:[[9, 3], [2, 0], [1, 1], [0, 1], [7, 2], [4, 0], [6, 0], [5, 1], [3, 0], [8, 2]]
2026-03-24 17:25:36,565 - INFO - episode:670 reward:1.0 Actions:[[0, 1], [1, 0], [5, 2], [6, 0], [8, 2], [9, 1], [4, 1], [3, 0], [2, 3], [7, 1]]
2026-03-24 17:25:36,567 - INFO - episode:671 reward:1.0 Actions:[[4, 0], [5, 0], [2, 0], [9, 2], [1, 0], [3, 0], [7, 4], [6, 2], [8, 2], [0, 0]]
2026-03-24 17:25:36,568 - INFO - episode:672 reward:1.5 Actions:[[9, 1], [4, 1], [6, 2], [2, 3], [1, 2], [7, 2], [0, 2], [3, 0], [8, 1], [5, 1]]
2026-03-24 17:25:36,570 - INFO - episode:673 reward:2.1 Actions:[[2, 2], [7, 0], [0, 1], [9, 0], [4, 0], [5, 4], [8, 1], [6, 2], [3, 2], [1, 2]]
2026-03-24 17:25:36,572 - INFO - episode:674 reward:0.6000000000000001 Actions:[[2, 0], [5, 0], [4, 3], [1, 0], [9, 0], [3, 0], [7, 0], [6, 3], [0, 1], [8, 1]]
2026-03-24 17:25:36,573 - INFO - episode:675 reward:0.30000000000000004 Actions:[[3, 0], [8, 1], [2, 1], [6, 0], [1, 0], [5, 0], [4, 0], [7, 0], [0, 1], [9, 1]]
2026-03-24 17:25:36,575 - INFO - episode:676 reward:2.1 Actions:[[6, 0], [7, 0], [9, 0], [3, 3], [2, 1], [1, 2], [4, 0], [5, 0], [0, 2], [8, 1]]
2026-03-24 17:25:36,576 - INFO - episode:677 reward:0.6000000000000001 Actions:[[3, 0], [9, 4], [7, 0], [8, 0], [2, 1], [6, 0], [0, 1], [1, 1], [5, 1], [4, 0]]
2026-03-24 17:25:36,578 - INFO - episode:678 reward:1.0 Actions:[[7, 0], [5, 2], [9, 1], [1, 1], [6, 1], [4, 0], [2, 0], [3, 0], [0, 1], [8, 0]]
2026-03-24 17:25:36,579 - INFO - episode:679 reward:2.8 Actions:[[6, 1], [1, 1], [3, 3], [9, 0], [2, 0], [8, 2], [7, 0], [0, 0], [5, 0], [4, 2]]
2026-03-24 17:25:36,581 - INFO - episode:680 reward:1.5 Actions:[[5, 0], [1, 1], [6, 0], [3, 0], [4, 2], [9, 0], [0, 0], [8, 0], [2, 0], [7, 2]]
2026-03-24 17:25:36,583 - INFO - episode:681 reward:1.5 Actions:[[9, 0], [2, 1], [3, 0], [4, 2], [5, 0], [0, 0], [7, 0], [1, 0], [6, 1], [8, 1]]
2026-03-24 17:25:36,584 - INFO - episode:682 reward:2.1 Actions:[[6, 3], [0, 1], [1, 3], [3, 2], [5, 1], [8, 0], [2, 3], [9, 0], [7, 4], [4, 0]]
2026-03-24 17:25:36,586 - INFO - episode:683 reward:2.8 Actions:[[4, 1], [7, 2], [6, 0], [5, 0], [8, 3], [0, 2], [3, 0], [1, 0], [2, 3], [9, 0]]
2026-03-24 17:25:36,587 - INFO - episode:684 reward:0.30000000000000004 Actions:[[8, 2], [2, 1], [1, 2], [4, 0], [6, 5], [9, 2], [7, 0], [3, 3], [0, 1], [5, 4]]
2026-03-24 17:25:36,589 - INFO - episode:685 reward:1.5 Actions:[[7, 1], [2, 4], [5, 5], [8, 2], [1, 3], [9, 2], [3, 0], [6, 0], [4, 1], [0, 1]]
2026-03-24 17:25:36,590 - INFO - episode:686 reward:1.0 Actions:[[3, 5], [9, 0], [7, 5], [8, 1], [6, 1], [2, 0], [5, 0], [4, 0], [0, 1], [1, 0]]
2026-03-24 17:25:36,595 - INFO - episode:687 reward:4.5 Actions:[[5, 2], [6, 1], [1, 5], [7, 0], [3, 5], [0, 0], [4, 1], [2, 2], [9, 0], [8, 3]]
2026-03-24 17:25:36,596 - INFO - episode:688 reward:0.6000000000000001 Actions:[[6, 0], [1, 2], [7, 2], [4, 2], [5, 1], [9, 0], [0, 5], [3, 2], [2, 1], [8, 1]]
2026-03-24 17:25:36,598 - INFO - episode:689 reward:0.6000000000000001 Actions:[[7, 1], [3, 1], [4, 2], [1, 1], [9, 5], [0, 0], [5, 0], [6, 0], [2, 1], [8, 4]]
2026-03-24 17:25:36,600 - INFO - episode:690 reward:0.6000000000000001 Actions:[[4, 1], [1, 0], [3, 0], [8, 0], [5, 3], [2, 0], [6, 0], [9, 1], [0, 4], [7, 0]]
2026-03-24 17:25:36,601 - INFO - episode:691 reward:0.30000000000000004 Actions:[[7, 2], [8, 0], [9, 0], [0, 2], [1, 1], [6, 0], [3, 2], [2, 2], [5, 4], [4, 0]]
2026-03-24 17:25:36,603 - INFO - episode:692 reward:1.5 Actions:[[3, 0], [2, 1], [0, 0], [7, 2], [1, 1], [4, 1], [6, 0], [5, 0], [8, 2], [9, 1]]
2026-03-24 17:25:36,604 - INFO - episode:693 reward:0.30000000000000004 Actions:[[2, 0], [6, 0], [1, 0], [8, 1], [7, 2], [0, 2], [5, 0], [9, 1], [4, 0], [3, 3]]
2026-03-24 17:25:36,606 - INFO - episode:694 reward:1.0 Actions:[[4, 3], [7, 0], [1, 0], [6, 1], [5, 0], [8, 0], [0, 4], [3, 3], [9, 0], [2, 0]]
2026-03-24 17:25:36,607 - INFO - episode:695 reward:0.30000000000000004 Actions:[[4, 0], [6, 2], [8, 0], [3, 0], [1, 0], [5, 0], [0, 1], [9, 0], [2, 0], [7, 2]]
2026-03-24 17:25:36,609 - INFO - episode:696 reward:0.1 Actions:[[8, 0], [7, 0], [2, 0], [0, 1], [3, 1], [1, 1], [5, 1], [4, 0], [9, 0], [6, 0]]
2026-03-24 17:25:36,610 - INFO - episode:697 reward:1.0 Actions:[[5, 3], [7, 0], [4, 0], [6, 1], [8, 0], [2, 1], [1, 0], [9, 4], [3, 0], [0, 0]]
2026-03-24 17:25:36,612 - INFO - episode:698 reward:1.0 Actions:[[2, 1], [6, 0], [0, 2], [5, 0], [8, 1], [9, 3], [1, 0], [3, 1], [7, 2], [4, 3]]
2026-03-24 17:25:36,614 - INFO - episode:699 reward:0.6000000000000001 Actions:[[2, 0], [0, 2], [1, 0], [8, 0], [3, 0], [6, 2], [7, 0], [4, 1], [9, 1], [5, 0]]
2026-03-24 17:25:36,615 - INFO - episode:700 reward:0.1 Actions:[[6, 0], [8, 0], [0, 0], [3, 0], [1, 0], [4, 1], [7, 0], [5, 0], [9, 2], [2, 1]]
2026-03-24 17:25:36,617 - INFO - episode:701 reward:0.30000000000000004 Actions:[[5, 0], [2, 0], [1, 0], [7, 0], [9, 0], [6, 1], [0, 2], [4, 2], [8, 0], [3, 1]]
2026-03-24 17:25:36,618 - INFO - episode:702 reward:1.0 Actions:[[1, 0], [0, 1], [2, 0], [4, 3], [7, 0], [6, 1], [9, 0], [5, 1], [3, 0], [8, 2]]
2026-03-24 17:25:36,620 - INFO - episode:703 reward:0.1 Actions:[[7, 0], [8, 0], [2, 1], [3, 0], [5, 0], [6, 0], [0, 0], [4, 2], [9, 0], [1, 1]]
2026-03-24 17:25:36,621 - INFO - episode:704 reward:0.30000000000000004 Actions:[[6, 0], [7, 1], [8, 0], [0, 0], [1, 0], [5, 3], [3, 0], [9, 0], [2, 0], [4, 0]]
2026-03-24 17:25:36,623 - INFO - episode:705 reward:2.8 Actions:[[7, 1], [3, 0], [6, 0], [0, 2], [8, 3], [9, 0], [5, 1], [1, 1], [4, 0], [2, 0]]
2026-03-24 17:25:36,624 - INFO - episode:706 reward:0.6000000000000001 Actions:[[9, 0], [1, 0], [6, 2], [8, 0], [4, 0], [0, 3], [2, 0], [7, 0], [3, 1], [5, 1]]
2026-03-24 17:25:36,626 - INFO - episode:707 reward:1.0 Actions:[[5, 1], [2, 1], [1, 0], [7, 0], [9, 0], [6, 0], [8, 0], [4, 2], [0, 2], [3, 2]]
2026-03-24 17:25:36,627 - INFO - episode:708 reward:1.5 Actions:[[1, 0], [6, 1], [5, 0], [7, 3], [2, 1], [3, 0], [9, 0], [4, 0], [8, 5], [0, 0]]
2026-03-24 17:25:36,629 - INFO - episode:709 reward:1.0 Actions:[[1, 1], [2, 0], [7, 0], [9, 1], [4, 1], [8, 2], [6, 1], [5, 0], [0, 1], [3, 1]]
2026-03-24 17:25:36,631 - INFO - episode:710 reward:0.6000000000000001 Actions:[[4, 0], [3, 3], [0, 1], [8, 1], [2, 0], [1, 2], [6, 1], [9, 2], [7, 0], [5, 0]]
2026-03-24 17:25:36,632 - INFO - episode:711 reward:0.30000000000000004 Actions:[[6, 0], [1, 0], [5, 0], [4, 0], [8, 1], [7, 0], [9, 1], [2, 2], [0, 1], [3, 0]]
2026-03-24 17:25:36,634 - INFO - episode:712 reward:0.6000000000000001 Actions:[[3, 2], [0, 0], [1, 0], [4, 0], [9, 3], [5, 0], [8, 1], [2, 0], [7, 0], [6, 0]]
2026-03-24 17:25:36,635 - INFO - episode:713 reward:0.30000000000000004 Actions:[[6, 0], [2, 0], [1, 0], [8, 0], [4, 3], [5, 1], [7, 1], [0, 0], [9, 0], [3, 1]]
2026-03-24 17:25:36,637 - INFO - episode:714 reward:1.0 Actions:[[0, 0], [7, 0], [3, 0], [8, 1], [6, 0], [2, 0], [4, 3], [9, 0], [5, 1], [1, 1]]
2026-03-24 17:25:36,638 - INFO - episode:715 reward:1.0 Actions:[[9, 0], [2, 0], [0, 0], [7, 2], [3, 0], [4, 1], [6, 0], [5, 1], [8, 1], [1, 0]]
2026-03-24 17:25:36,640 - INFO - episode:716 reward:3.5999999999999996 Actions:[[9, 1], [0, 5], [2, 1], [7, 0], [8, 2], [5, 3], [6, 1], [1, 0], [4, 0], [3, 2]]
2026-03-24 17:25:36,642 - INFO - episode:717 reward:1.5 Actions:[[8, 1], [7, 2], [6, 2], [1, 0], [4, 0], [2, 0], [0, 0], [9, 3], [3, 1], [5, 1]]
2026-03-24 17:25:36,643 - INFO - episode:718 reward:0.30000000000000004 Actions:[[2, 0], [5, 0], [1, 0], [8, 1], [4, 0], [7, 0], [9, 0], [0, 3], [6, 2], [3, 0]]
2026-03-24 17:25:36,645 - INFO - episode:719 reward:0.30000000000000004 Actions:[[0, 1], [1, 0], [8, 0], [9, 2], [4, 0], [7, 1], [2, 0], [5, 0], [6, 0], [3, 0]]
2026-03-24 17:25:36,646 - INFO - episode:720 reward:1.5 Actions:[[0, 2], [5, 0], [3, 4], [2, 0], [7, 0], [1, 0], [9, 0], [6, 0], [8, 0], [4, 2]]
2026-03-24 17:25:36,648 - INFO - episode:721 reward:2.8 Actions:[[5, 1], [7, 3], [3, 3], [6, 1], [9, 0], [2, 5], [1, 2], [8, 0], [0, 0], [4, 4]]
2026-03-24 17:25:36,649 - INFO - episode:722 reward:1.0 Actions:[[8, 1], [7, 0], [1, 0], [4, 3], [2, 0], [0, 0], [5, 2], [6, 0], [9, 3], [3, 0]]
2026-03-24 17:25:36,651 - INFO - episode:723 reward:2.1 Actions:[[6, 0], [2, 2], [1, 3], [5, 1], [7, 1], [4, 3], [8, 0], [3, 2], [0, 0], [9, 1]]
2026-03-24 17:25:36,652 - INFO - episode:724 reward:2.8 Actions:[[9, 1], [0, 0], [8, 3], [7, 1], [4, 1], [6, 4], [5, 0], [3, 1], [1, 0], [2, 1]]
2026-03-24 17:25:36,654 - INFO - episode:725 reward:1.5 Actions:[[7, 1], [6, 3], [3, 5], [8, 0], [5, 3], [2, 0], [1, 3], [0, 2], [4, 0], [9, 0]]
2026-03-24 17:25:36,656 - INFO - episode:726 reward:2.8 Actions:[[0, 1], [9, 0], [6, 0], [2, 2], [3, 0], [5, 2], [1, 1], [7, 0], [4, 0], [8, 3]]
2026-03-24 17:25:36,657 - INFO - episode:727 reward:0.1 Actions:[[3, 0], [8, 0], [2, 2], [9, 2], [0, 1], [1, 0], [4, 4], [6, 2], [5, 2], [7, 2]]
2026-03-24 17:25:36,659 - INFO - episode:728 reward:0.6000000000000001 Actions:[[7, 0], [1, 0], [4, 1], [3, 0], [6, 0], [9, 3], [2, 0], [0, 4], [8, 0], [5, 1]]
2026-03-24 17:25:36,660 - INFO - episode:729 reward:0.1 Actions:[[8, 0], [3, 0], [5, 1], [2, 0], [9, 0], [0, 1], [6, 1], [7, 1], [4, 0], [1, 2]]
2026-03-24 17:25:36,662 - INFO - episode:730 reward:2.1 Actions:[[7, 1], [6, 1], [3, 5], [4, 0], [5, 0], [0, 0], [2, 0], [9, 0], [8, 0], [1, 1]]
2026-03-24 17:25:36,663 - INFO - episode:731 reward:0.6000000000000001 Actions:[[3, 0], [1, 1], [4, 1], [8, 1], [7, 0], [9, 0], [5, 2], [6, 2], [2, 1], [0, 2]]
2026-03-24 17:25:36,665 - INFO - episode:732 reward:0.6000000000000001 Actions:[[3, 0], [4, 0], [7, 0], [8, 0], [0, 0], [5, 0], [1, 1], [6, 0], [2, 0], [9, 1]]
2026-03-24 17:25:36,666 - INFO - episode:733 reward:1.0 Actions:[[2, 0], [3, 0], [6, 2], [4, 1], [1, 0], [8, 0], [9, 1], [7, 0], [0, 1], [5, 1]]
2026-03-24 17:25:36,668 - INFO - episode:734 reward:0.30000000000000004 Actions:[[2, 0], [5, 0], [1, 0], [0, 0], [7, 5], [3, 2], [8, 4], [9, 1], [6, 0], [4, 0]]
2026-03-24 17:25:36,670 - INFO - episode:735 reward:2.8 Actions:[[7, 2], [3, 1], [9, 2], [8, 3], [0, 2], [6, 0], [5, 1], [1, 2], [2, 1], [4, 0]]
2026-03-24 17:25:36,671 - INFO - episode:736 reward:2.8 Actions:[[6, 1], [7, 0], [5, 1], [9, 0], [4, 3], [2, 1], [0, 0], [1, 0], [8, 0], [3, 4]]
2026-03-24 17:25:36,673 - INFO - episode:737 reward:0.30000000000000004 Actions:[[2, 0], [3, 0], [1, 0], [5, 1], [6, 0], [4, 2], [9, 0], [7, 1], [0, 0], [8, 0]]
2026-03-24 17:25:36,674 - INFO - episode:738 reward:1.0 Actions:[[2, 0], [7, 0], [6, 2], [1, 1], [8, 0], [3, 0], [9, 2], [5, 0], [4, 0], [0, 0]]
2026-03-24 17:25:36,676 - INFO - episode:739 reward:0.6000000000000001 Actions:[[1, 5], [4, 0], [7, 0], [8, 0], [0, 0], [6, 0], [3, 0], [2, 0], [5, 0], [9, 0]]
2026-03-24 17:25:36,677 - INFO - episode:740 reward:1.5 Actions:[[5, 0], [4, 1], [9, 0], [6, 1], [0, 0], [1, 0], [2, 0], [3, 0], [8, 0], [7, 0]]
2026-03-24 17:25:36,679 - INFO - episode:741 reward:1.5 Actions:[[2, 0], [5, 0], [4, 2], [6, 1], [7, 0], [9, 0], [1, 0], [3, 0], [8, 0], [0, 0]]
2026-03-24 17:25:36,680 - INFO - episode:742 reward:1.5 Actions:[[6, 0], [3, 0], [2, 1], [8, 2], [4, 0], [9, 0], [0, 0], [7, 1], [5, 2], [1, 0]]
2026-03-24 17:25:36,682 - INFO - episode:743 reward:3.5999999999999996 Actions:[[1, 2], [6, 0], [9, 1], [7, 3], [2, 2], [0, 1], [5, 0], [4, 1], [3, 1], [8, 0]]
2026-03-24 17:25:36,684 - INFO - episode:744 reward:1.0 Actions:[[8, 2], [9, 1], [6, 0], [5, 1], [1, 1], [7, 2], [2, 0], [4, 1], [3, 0], [0, 1]]
2026-03-24 17:25:36,685 - INFO - episode:745 reward:0.6000000000000001 Actions:[[2, 1], [5, 0], [1, 0], [0, 0], [7, 0], [9, 0], [4, 0], [6, 0], [8, 0], [3, 0]]
2026-03-24 17:25:36,687 - INFO - episode:746 reward:0.6000000000000001 Actions:[[5, 0], [4, 0], [7, 3], [8, 0], [2, 0], [9, 0], [0, 1], [3, 2], [6, 0], [1, 0]]
2026-03-24 17:25:36,688 - INFO - episode:747 reward:1.0 Actions:[[7, 2], [3, 3], [8, 0], [2, 2], [5, 0], [6, 0], [1, 1], [0, 0], [9, 0], [4, 1]]
2026-03-24 17:25:36,690 - INFO - episode:748 reward:0.6000000000000001 Actions:[[9, 2], [5, 0], [4, 1], [8, 0], [2, 1], [7, 1], [6, 0], [0, 0], [1, 0], [3, 3]]
2026-03-24 17:25:36,691 - INFO - episode:749 reward:1.0 Actions:[[0, 1], [9, 0], [5, 0], [2, 0], [4, 0], [6, 0], [1, 0], [7, 0], [3, 3], [8, 0]]
2026-03-24 17:25:36,693 - INFO - episode:750 reward:0.6000000000000001 Actions:[[7, 0], [8, 1], [4, 0], [1, 0], [9, 1], [5, 0], [6, 0], [0, 0], [2, 5], [3, 3]]
2026-03-24 17:25:36,694 - INFO - episode:751 reward:0.30000000000000004 Actions:[[5, 0], [1, 0], [6, 0], [2, 1], [3, 0], [4, 1], [9, 0], [7, 1], [8, 1], [0, 2]]
2026-03-24 17:25:36,696 - INFO - episode:752 reward:2.1 Actions:[[4, 0], [5, 5], [8, 1], [3, 0], [7, 0], [0, 3], [6, 1], [2, 3], [1, 0], [9, 0]]
2026-03-24 17:25:36,698 - INFO - episode:753 reward:1.0 Actions:[[7, 4], [9, 2], [4, 2], [5, 2], [2, 2], [8, 1], [1, 0], [0, 0], [3, 2], [6, 0]]
2026-03-24 17:25:36,699 - INFO - episode:754 reward:2.1 Actions:[[6, 0], [5, 1], [9, 0], [8, 2], [1, 1], [4, 0], [3, 1], [7, 1], [0, 1], [2, 2]]
2026-03-24 17:25:36,701 - INFO - episode:755 reward:2.1 Actions:[[1, 2], [7, 3], [0, 0], [3, 2], [6, 1], [5, 5], [8, 2], [2, 3], [4, 1], [9, 1]]
2026-03-24 17:25:36,702 - INFO - episode:756 reward:0.1 Actions:[[4, 0], [8, 0], [5, 0], [9, 0], [1, 0], [7, 0], [2, 0], [3, 0], [0, 1], [6, 0]]
2026-03-24 17:25:36,704 - INFO - episode:757 reward:1.5 Actions:[[0, 0], [3, 0], [7, 2], [8, 5], [4, 0], [5, 0], [1, 1], [9, 2], [6, 3], [2, 3]]
2026-03-24 17:25:36,705 - INFO - episode:758 reward:1.0 Actions:[[9, 0], [6, 0], [5, 3], [7, 0], [8, 3], [0, 4], [3, 0], [4, 1], [2, 0], [1, 0]]
2026-03-24 17:25:36,707 - INFO - episode:759 reward:2.1 Actions:[[6, 0], [0, 0], [3, 1], [9, 1], [7, 0], [2, 4], [8, 0], [1, 0], [4, 1], [5, 0]]
2026-03-24 17:25:36,709 - INFO - episode:760 reward:1.0 Actions:[[9, 0], [0, 1], [5, 0], [3, 5], [8, 1], [2, 1], [1, 0], [6, 0], [7, 0], [4, 0]]
2026-03-24 17:25:36,710 - INFO - episode:761 reward:0.30000000000000004 Actions:[[8, 1], [7, 0], [3, 1], [0, 0], [6, 0], [4, 0], [9, 0], [2, 0], [1, 0], [5, 0]]
2026-03-24 17:25:36,712 - INFO - episode:762 reward:1.0 Actions:[[6, 0], [7, 0], [3, 3], [0, 0], [1, 0], [9, 0], [5, 0], [8, 2], [2, 1], [4, 0]]
2026-03-24 17:25:36,713 - INFO - episode:763 reward:1.5 Actions:[[0, 2], [5, 1], [4, 0], [8, 3], [1, 1], [2, 1], [3, 0], [7, 1], [6, 1], [9, 0]]
2026-03-24 17:25:36,715 - INFO - episode:764 reward:0.6000000000000001 Actions:[[9, 2], [3, 1], [1, 1], [6, 1], [5, 0], [2, 0], [7, 1], [4, 2], [0, 2], [8, 5]]
2026-03-24 17:25:36,716 - INFO - episode:765 reward:1.5 Actions:[[8, 5], [3, 0], [4, 1], [6, 0], [5, 0], [2, 0], [1, 1], [9, 2], [7, 0], [0, 0]]
2026-03-24 17:25:36,718 - INFO - episode:766 reward:2.8 Actions:[[2, 0], [0, 3], [4, 1], [7, 0], [6, 0], [9, 2], [1, 1], [3, 0], [8, 0], [5, 1]]
2026-03-24 17:25:36,719 - INFO - episode:767 reward:2.1 Actions:[[3, 0], [4, 1], [6, 3], [9, 0], [7, 3], [0, 5], [8, 0], [1, 0], [2, 0], [5, 0]]
2026-03-24 17:25:36,721 - INFO - episode:768 reward:2.8 Actions:[[5, 0], [1, 0], [2, 1], [4, 3], [8, 5], [3, 1], [6, 3], [7, 0], [9, 0], [0, 0]]
2026-03-24 17:25:36,723 - INFO - episode:769 reward:0.30000000000000004 Actions:[[1, 2], [8, 0], [2, 0], [6, 2], [3, 0], [9, 1], [4, 1], [0, 2], [7, 0], [5, 1]]
2026-03-24 17:25:36,724 - INFO - episode:770 reward:1.5 Actions:[[5, 0], [8, 2], [0, 1], [3, 3], [1, 3], [6, 3], [2, 0], [4, 0], [9, 3], [7, 5]]
2026-03-24 17:25:36,726 - INFO - episode:771 reward:0.6000000000000001 Actions:[[3, 0], [9, 0], [5, 0], [7, 0], [2, 0], [1, 0], [6, 4], [4, 0], [8, 0], [0, 1]]
2026-03-24 17:25:36,727 - INFO - episode:772 reward:3.5999999999999996 Actions:[[6, 2], [5, 3], [9, 0], [0, 3], [4, 1], [3, 1], [7, 1], [1, 0], [8, 0], [2, 0]]
2026-03-24 17:25:36,729 - INFO - episode:773 reward:0.30000000000000004 Actions:[[6, 2], [8, 0], [9, 0], [1, 0], [0, 0], [7, 3], [4, 0], [5, 1], [2, 4], [3, 0]]
2026-03-24 17:25:36,730 - INFO - episode:774 reward:0.30000000000000004 Actions:[[2, 1], [9, 0], [8, 0], [3, 0], [4, 0], [6, 2], [1, 2], [7, 1], [5, 0], [0, 3]]
2026-03-24 17:25:36,732 - INFO - episode:775 reward:0.1 Actions:[[3, 0], [8, 0], [5, 3], [2, 2], [6, 3], [4, 0], [9, 3], [0, 4], [1, 1], [7, 0]]
2026-03-24 17:25:36,733 - INFO - episode:776 reward:1.5 Actions:[[6, 2], [2, 0], [3, 0], [5, 0], [7, 1], [1, 0], [0, 1], [4, 0], [8, 2], [9, 0]]
2026-03-24 17:25:36,735 - INFO - episode:777 reward:0.30000000000000004 Actions:[[0, 2], [8, 0], [2, 0], [3, 1], [9, 1], [7, 0], [1, 0], [5, 0], [4, 2], [6, 1]]
2026-03-24 17:25:36,737 - INFO - episode:778 reward:2.1 Actions:[[2, 2], [6, 1], [5, 0], [9, 2], [3, 3], [1, 0], [8, 0], [7, 3], [4, 0], [0, 1]]
2026-03-24 17:25:36,738 - INFO - episode:779 reward:1.5 Actions:[[9, 5], [4, 1], [5, 2], [3, 0], [6, 0], [8, 2], [7, 2], [1, 0], [2, 0], [0, 0]]
2026-03-24 17:25:36,740 - INFO - episode:780 reward:0.1 Actions:[[4, 0], [8, 0], [0, 0], [7, 0], [6, 0], [3, 0], [9, 1], [2, 2], [5, 0], [1, 2]]
2026-03-24 17:25:36,741 - INFO - episode:781 reward:1.5 Actions:[[1, 0], [7, 1], [2, 1], [9, 1], [3, 0], [5, 0], [8, 2], [0, 1], [4, 1], [6, 2]]
2026-03-24 17:25:36,743 - INFO - episode:782 reward:1.0 Actions:[[9, 0], [5, 0], [2, 0], [8, 1], [7, 0], [6, 0], [0, 0], [3, 0], [4, 0], [1, 0]]
2026-03-24 17:25:36,744 - INFO - episode:783 reward:0.30000000000000004 Actions:[[0, 0], [1, 0], [2, 0], [6, 0], [4, 1], [7, 0], [3, 0], [5, 2], [8, 0], [9, 1]]
2026-03-24 17:25:36,746 - INFO - episode:784 reward:1.0 Actions:[[4, 0], [9, 2], [1, 0], [0, 1], [2, 0], [7, 1], [5, 0], [3, 0], [8, 0], [6, 1]]
2026-03-24 17:25:36,748 - INFO - episode:785 reward:1.5 Actions:[[3, 0], [0, 2], [7, 0], [4, 0], [1, 5], [5, 0], [2, 0], [9, 0], [8, 4], [6, 1]]
2026-03-24 17:25:36,749 - INFO - episode:786 reward:1.5 Actions:[[5, 2], [7, 0], [0, 1], [2, 2], [4, 0], [8, 0], [3, 0], [9, 2], [6, 0], [1, 1]]
2026-03-24 17:25:36,751 - INFO - episode:787 reward:1.5 Actions:[[3, 1], [1, 0], [2, 0], [8, 2], [0, 3], [4, 0], [7, 0], [6, 2], [5, 4], [9, 2]]
2026-03-24 17:25:36,752 - INFO - episode:788 reward:0.6000000000000001 Actions:[[1, 0], [6, 0], [8, 1], [3, 0], [4, 0], [2, 0], [9, 3], [5, 1], [0, 0], [7, 1]]
2026-03-24 17:25:36,754 - INFO - episode:789 reward:2.1 Actions:[[0, 1], [7, 0], [9, 2], [5, 0], [2, 2], [4, 2], [8, 1], [1, 2], [6, 1], [3, 2]]
2026-03-24 17:25:36,755 - INFO - episode:790 reward:0.6000000000000001 Actions:[[0, 0], [1, 0], [9, 3], [4, 0], [2, 1], [8, 0], [5, 0], [6, 2], [7, 2], [3, 4]]
2026-03-24 17:25:36,757 - INFO - episode:791 reward:0.6000000000000001 Actions:[[8, 1], [9, 0], [3, 5], [6, 1], [7, 1], [4, 0], [2, 0], [0, 5], [5, 0], [1, 5]]
2026-03-24 17:25:36,758 - INFO - episode:792 reward:2.1 Actions:[[8, 3], [2, 0], [7, 1], [0, 0], [1, 1], [6, 0], [5, 1], [4, 1], [3, 3], [9, 0]]
2026-03-24 17:25:36,760 - INFO - episode:793 reward:0.30000000000000004 Actions:[[7, 2], [1, 0], [8, 0], [0, 1], [3, 1], [2, 0], [5, 0], [4, 0], [9, 0], [6, 1]]
2026-03-24 17:25:36,762 - INFO - episode:794 reward:1.5 Actions:[[9, 0], [2, 0], [4, 2], [6, 1], [3, 2], [8, 1], [5, 0], [0, 1], [1, 1], [7, 1]]
2026-03-24 17:25:36,763 - INFO - episode:795 reward:0.30000000000000004 Actions:[[0, 0], [8, 2], [3, 2], [2, 2], [5, 0], [4, 2], [1, 4], [6, 0], [7, 4], [9, 0]]
2026-03-24 17:25:36,765 - INFO - episode:796 reward:2.1 Actions:[[8, 1], [9, 0], [6, 0], [3, 2], [7, 2], [4, 3], [1, 0], [0, 4], [2, 0], [5, 3]]
2026-03-24 17:25:36,766 - INFO - episode:797 reward:1.0 Actions:[[3, 0], [4, 1], [2, 0], [9, 0], [6, 0], [7, 0], [8, 2], [5, 0], [1, 0], [0, 4]]
2026-03-24 17:25:36,768 - INFO - episode:798 reward:1.0 Actions:[[1, 0], [0, 2], [3, 0], [9, 2], [4, 0], [7, 2], [6, 0], [5, 1], [8, 1], [2, 0]]
2026-03-24 17:25:36,769 - INFO - episode:799 reward:1.0 Actions:[[9, 3], [4, 1], [3, 0], [1, 3], [8, 1], [2, 1], [6, 1], [0, 0], [7, 4], [5, 0]]
2026-03-24 17:25:36,771 - INFO - episode:800 reward:1.0 Actions:[[5, 2], [8, 3], [3, 1], [2, 0], [7, 3], [4, 1], [9, 0], [1, 3], [6, 1], [0, 4]]
2026-03-24 17:25:36,773 - INFO - episode:801 reward:1.0 Actions:[[4, 0], [1, 1], [2, 0], [5, 2], [8, 1], [6, 4], [9, 0], [0, 2], [3, 5], [7, 2]]
2026-03-24 17:25:36,774 - INFO - episode:802 reward:0.30000000000000004 Actions:[[6, 0], [3, 0], [8, 0], [1, 1], [5, 0], [4, 1], [7, 3], [0, 4], [9, 1], [2, 0]]
2026-03-24 17:25:36,776 - INFO - episode:803 reward:3.5999999999999996 Actions:[[2, 1], [0, 4], [5, 3], [1, 0], [7, 2], [9, 1], [3, 1], [4, 0], [6, 0], [8, 2]]
2026-03-24 17:25:36,777 - INFO - episode:804 reward:1.0 Actions:[[6, 2], [3, 3], [0, 1], [7, 0], [8, 0], [9, 1], [2, 0], [5, 0], [4, 3], [1, 0]]
2026-03-24 17:25:36,779 - INFO - episode:805 reward:1.0 Actions:[[3, 1], [6, 0], [5, 0], [7, 0], [0, 0], [4, 0], [1, 1], [2, 1], [9, 2], [8, 0]]
2026-03-24 17:25:36,780 - INFO - episode:806 reward:0.6000000000000001 Actions:[[5, 1], [9, 2], [2, 0], [8, 2], [0, 5], [3, 2], [4, 0], [6, 5], [1, 3], [7, 2]]
2026-03-24 17:25:36,782 - INFO - episode:807 reward:1.5 Actions:[[2, 0], [5, 0], [4, 1], [7, 0], [0, 1], [3, 0], [1, 0], [6, 1], [9, 0], [8, 0]]
2026-03-24 17:25:36,784 - INFO - episode:808 reward:3.5999999999999996 Actions:[[6, 0], [9, 0], [2, 1], [3, 5], [8, 2], [0, 3], [4, 3], [7, 1], [1, 3], [5, 0]]
2026-03-24 17:25:36,785 - INFO - episode:809 reward:1.5 Actions:[[6, 0], [5, 0], [9, 0], [1, 1], [3, 1], [0, 0], [8, 0], [4, 1], [2, 1], [7, 0]]
2026-03-24 17:25:36,787 - INFO - episode:810 reward:2.8 Actions:[[7, 3], [5, 0], [8, 5], [4, 0], [9, 1], [3, 1], [2, 1], [0, 1], [1, 0], [6, 0]]
2026-03-24 17:25:36,788 - INFO - episode:811 reward:0.6000000000000001 Actions:[[7, 0], [1, 1], [6, 1], [9, 1], [2, 0], [0, 0], [8, 0], [3, 0], [4, 1], [5, 4]]
2026-03-24 17:25:36,790 - INFO - episode:812 reward:2.1 Actions:[[8, 5], [0, 1], [7, 2], [4, 1], [6, 1], [1, 0], [3, 1], [5, 0], [9, 1], [2, 0]]
2026-03-24 17:25:36,791 - INFO - episode:813 reward:2.8 Actions:[[6, 0], [1, 2], [7, 1], [5, 1], [3, 0], [9, 1], [2, 0], [0, 0], [4, 4], [8, 0]]
2026-03-24 17:25:36,793 - INFO - episode:814 reward:2.1 Actions:[[7, 3], [6, 1], [5, 0], [4, 0], [8, 2], [1, 1], [2, 1], [9, 2], [0, 1], [3, 1]]
2026-03-24 17:25:36,795 - INFO - episode:815 reward:1.0 Actions:[[9, 0], [4, 1], [7, 0], [5, 0], [6, 0], [2, 1], [8, 0], [1, 2], [0, 0], [3, 4]]
2026-03-24 17:25:36,796 - INFO - episode:816 reward:0.6000000000000001 Actions:[[5, 2], [1, 1], [9, 1], [2, 1], [6, 0], [0, 1], [4, 1], [3, 0], [7, 1], [8, 0]]
2026-03-24 17:25:36,798 - INFO - episode:817 reward:1.0 Actions:[[9, 0], [6, 0], [8, 3], [7, 0], [0, 0], [1, 4], [4, 1], [5, 2], [2, 1], [3, 0]]
2026-03-24 17:25:36,799 - INFO - episode:818 reward:1.0 Actions:[[4, 0], [0, 0], [2, 2], [3, 3], [8, 2], [9, 1], [7, 0], [6, 0], [1, 1], [5, 1]]
2026-03-24 17:25:36,801 - INFO - episode:819 reward:1.5 Actions:[[5, 0], [9, 1], [0, 1], [1, 0], [7, 1], [4, 1], [3, 1], [8, 0], [6, 2], [2, 1]]
2026-03-24 17:25:36,802 - INFO - episode:820 reward:1.0 Actions:[[7, 2], [2, 0], [3, 0], [4, 0], [9, 0], [8, 0], [5, 0], [1, 1], [6, 0], [0, 0]]
2026-03-24 17:25:36,804 - INFO - episode:821 reward:0.30000000000000004 Actions:[[9, 0], [1, 0], [6, 0], [5, 2], [4, 1], [2, 0], [3, 1], [0, 0], [7, 1], [8, 4]]
2026-03-24 17:25:36,806 - INFO - episode:822 reward:1.0 Actions:[[5, 0], [6, 0], [3, 0], [9, 2], [8, 0], [2, 2], [4, 0], [1, 0], [0, 0], [7, 0]]
2026-03-24 17:25:36,807 - INFO - episode:823 reward:2.1 Actions:[[5, 1], [2, 0], [0, 0], [9, 1], [3, 0], [8, 3], [6, 0], [1, 0], [4, 4], [7, 0]]
2026-03-24 17:25:36,809 - INFO - episode:824 reward:2.1 Actions:[[0, 0], [9, 1], [4, 2], [3, 0], [7, 1], [6, 0], [1, 0], [2, 2], [5, 1], [8, 1]]
2026-03-24 17:25:36,810 - INFO - episode:825 reward:0.6000000000000001 Actions:[[7, 3], [3, 0], [4, 3], [8, 0], [1, 3], [5, 0], [6, 0], [2, 0], [0, 0], [9, 3]]
2026-03-24 17:25:36,812 - INFO - episode:826 reward:0.6000000000000001 Actions:[[5, 1], [0, 5], [9, 0], [8, 1], [4, 2], [3, 2], [2, 1], [6, 0], [7, 0], [1, 0]]
2026-03-24 17:25:36,813 - INFO - episode:827 reward:0.1 Actions:[[2, 0], [8, 0], [0, 3], [5, 3], [4, 1], [1, 0], [3, 0], [6, 2], [9, 0], [7, 2]]
2026-03-24 17:25:36,815 - INFO - episode:828 reward:1.5 Actions:[[5, 0], [9, 3], [7, 0], [6, 0], [2, 1], [4, 0], [0, 2], [3, 1], [1, 0], [8, 2]]
2026-03-24 17:25:36,816 - INFO - episode:829 reward:0.6000000000000001 Actions:[[6, 0], [8, 2], [7, 0], [3, 2], [4, 3], [9, 2], [0, 0], [1, 0], [2, 0], [5, 2]]
2026-03-24 17:25:36,818 - INFO - episode:830 reward:1.0 Actions:[[0, 0], [6, 0], [5, 0], [3, 1], [2, 0], [7, 0], [1, 1], [4, 0], [8, 0], [9, 0]]
2026-03-24 17:25:36,820 - INFO - episode:831 reward:0.6000000000000001 Actions:[[2, 0], [6, 2], [3, 2], [8, 2], [4, 2], [1, 2], [5, 1], [7, 3], [9, 1], [0, 2]]
2026-03-24 17:25:36,821 - INFO - episode:832 reward:0.1 Actions:[[7, 0], [8, 0], [4, 1], [3, 0], [5, 2], [0, 0], [9, 2], [2, 1], [6, 3], [1, 2]]
2026-03-24 17:25:36,823 - INFO - episode:833 reward:2.1 Actions:[[7, 1], [6, 5], [5, 1], [2, 2], [0, 0], [4, 1], [3, 1], [1, 3], [9, 3], [8, 0]]
2026-03-24 17:25:36,824 - INFO - episode:834 reward:0.6000000000000001 Actions:[[9, 0], [7, 0], [5, 0], [3, 0], [6, 0], [2, 0], [1, 0], [0, 1], [8, 1], [4, 0]]
2026-03-24 17:25:36,826 - INFO - episode:835 reward:0.6000000000000001 Actions:[[3, 2], [8, 1], [4, 0], [1, 1], [6, 2], [7, 0], [0, 1], [5, 0], [2, 0], [9, 0]]
2026-03-24 17:25:36,827 - INFO - episode:836 reward:0.6000000000000001 Actions:[[5, 2], [0, 0], [3, 0], [8, 0], [4, 1], [6, 0], [1, 1], [9, 1], [2, 0], [7, 1]]
2026-03-24 17:25:36,829 - INFO - episode:837 reward:0.30000000000000004 Actions:[[3, 0], [4, 1], [8, 0], [9, 3], [7, 0], [2, 1], [1, 1], [6, 0], [0, 0], [5, 2]]
2026-03-24 17:25:36,830 - INFO - episode:838 reward:0.30000000000000004 Actions:[[9, 0], [8, 1], [3, 1], [6, 3], [1, 2], [4, 2], [0, 1], [5, 2], [7, 0], [2, 1]]
2026-03-24 17:25:36,832 - INFO - episode:839 reward:1.0 Actions:[[0, 1], [4, 1], [9, 0], [7, 1], [6, 1], [1, 2], [2, 3], [8, 4], [5, 0], [3, 0]]
2026-03-24 17:25:36,834 - INFO - episode:840 reward:2.1 Actions:[[2, 0], [5, 5], [0, 1], [9, 5], [6, 0], [3, 0], [4, 0], [8, 1], [7, 0], [1, 0]]
2026-03-24 17:25:36,835 - INFO - episode:841 reward:0.1 Actions:[[8, 0], [3, 0], [4, 0], [5, 4], [9, 0], [0, 0], [6, 0], [2, 0], [7, 1], [1, 2]]
2026-03-24 17:25:36,837 - INFO - episode:842 reward:0.6000000000000001 Actions:[[5, 2], [8, 0], [3, 1], [1, 0], [9, 0], [0, 0], [6, 1], [2, 5], [7, 0], [4, 0]]
2026-03-24 17:25:36,838 - INFO - episode:843 reward:2.1 Actions:[[6, 2], [4, 3], [0, 2], [7, 2], [9, 3], [2, 0], [1, 2], [5, 2], [3, 4], [8, 0]]
2026-03-24 17:25:36,840 - INFO - episode:844 reward:0.1 Actions:[[8, 1], [6, 1], [2, 2], [5, 0], [4, 0], [7, 4], [1, 1], [3, 1], [9, 0], [0, 1]]
2026-03-24 17:25:36,841 - INFO - episode:845 reward:1.5 Actions:[[2, 1], [0, 0], [6, 0], [3, 0], [7, 3], [8, 0], [4, 0], [1, 0], [5, 1], [9, 0]]
2026-03-24 17:25:36,843 - INFO - episode:846 reward:0.1 Actions:[[3, 0], [8, 0], [9, 0], [6, 4], [5, 0], [2, 0], [7, 0], [4, 3], [1, 0], [0, 0]]
2026-03-24 17:25:36,844 - INFO - episode:847 reward:0.30000000000000004 Actions:[[1, 0], [3, 0], [2, 0], [7, 0], [9, 1], [8, 1], [0, 1], [6, 0], [5, 2], [4, 2]]
2026-03-24 17:25:36,849 - INFO - episode:848 reward:14.660174036674471 Actions:[[6, 1], [9, 0], [4, 5], [1, 5], [5, 1], [8, 4], [2, 0], [0, 0], [3, 1], [7, 0]]
2026-03-24 17:25:36,851 - INFO - episode:849 reward:0.6000000000000001 Actions:[[4, 0], [0, 0], [6, 0], [1, 0], [3, 1], [2, 0], [7, 1], [9, 0], [5, 1], [8, 5]]
2026-03-24 17:25:36,852 - INFO - episode:850 reward:0.6000000000000001 Actions:[[4, 2], [9, 3], [8, 0], [6, 0], [2, 2], [1, 0], [7, 2], [3, 1], [5, 0], [0, 4]]
2026-03-24 17:25:36,854 - INFO - episode:851 reward:1.0 Actions:[[0, 0], [8, 1], [6, 0], [1, 3], [2, 1], [5, 3], [3, 1], [9, 0], [7, 3], [4, 0]]
2026-03-24 17:25:36,855 - INFO - episode:852 reward:0.30000000000000004 Actions:[[6, 0], [0, 1], [8, 0], [4, 1], [5, 1], [7, 1], [1, 0], [9, 0], [3, 0], [2, 0]]
2026-03-24 17:25:36,857 - INFO - episode:853 reward:0.6000000000000001 Actions:[[0, 0], [1, 0], [9, 2], [5, 0], [4, 3], [2, 0], [6, 0], [3, 0], [7, 0], [8, 1]]
2026-03-24 17:25:36,859 - INFO - episode:854 reward:3.5999999999999996 Actions:[[3, 0], [2, 3], [1, 1], [4, 3], [6, 0], [7, 2], [0, 0], [9, 1], [5, 0], [8, 0]]
2026-03-24 17:25:36,860 - INFO - episode:855 reward:1.5 Actions:[[2, 2], [0, 0], [6, 3], [4, 0], [3, 0], [7, 0], [8, 0], [5, 1], [1, 0], [9, 0]]
2026-03-24 17:25:36,862 - INFO - episode:856 reward:1.0 Actions:[[5, 5], [0, 0], [6, 0], [4, 0], [9, 0], [1, 0], [7, 2], [2, 2], [3, 1], [8, 2]]
2026-03-24 17:25:36,863 - INFO - episode:857 reward:2.1 Actions:[[4, 2], [5, 1], [7, 0], [0, 0], [2, 0], [1, 2], [3, 0], [6, 0], [8, 0], [9, 0]]
2026-03-24 17:25:36,865 - INFO - episode:858 reward:0.1 Actions:[[8, 1], [9, 1], [7, 0], [4, 0], [5, 1], [6, 3], [2, 1], [1, 1], [0, 0], [3, 0]]
2026-03-24 17:25:36,867 - INFO - episode:859 reward:1.0 Actions:[[3, 0], [9, 1], [5, 1], [6, 1], [2, 1], [0, 0], [7, 2], [8, 1], [1, 1], [4, 5]]
2026-03-24 17:25:36,868 - INFO - episode:860 reward:0.1 Actions:[[8, 1], [6, 1], [2, 0], [1, 0], [9, 1], [3, 1], [0, 1], [5, 0], [4, 2], [7, 2]]
2026-03-24 17:25:36,870 - INFO - episode:861 reward:3.5999999999999996 Actions:[[0, 0], [5, 3], [4, 0], [9, 5], [2, 5], [7, 3], [6, 0], [8, 2], [1, 0], [3, 2]]
2026-03-24 17:25:36,871 - INFO - episode:862 reward:0.6000000000000001 Actions:[[9, 0], [5, 0], [0, 0], [6, 0], [2, 1], [8, 1], [4, 5], [7, 0], [3, 0], [1, 0]]
2026-03-24 17:25:36,873 - INFO - episode:863 reward:1.0 Actions:[[0, 0], [6, 0], [9, 0], [1, 3], [4, 0], [8, 0], [2, 1], [5, 1], [7, 1], [3, 1]]
2026-03-24 17:25:36,875 - INFO - episode:864 reward:1.0 Actions:[[9, 0], [3, 0], [6, 1], [1, 1], [4, 1], [0, 0], [5, 2], [7, 0], [2, 1], [8, 2]]
2026-03-24 17:25:36,876 - INFO - episode:865 reward:1.0 Actions:[[3, 0], [9, 0], [1, 1], [7, 0], [2, 0], [0, 0], [6, 1], [8, 0], [4, 1], [5, 2]]
2026-03-24 17:25:36,878 - INFO - episode:866 reward:1.0 Actions:[[9, 1], [1, 0], [4, 1], [2, 1], [5, 1], [7, 0], [6, 1], [3, 2], [8, 0], [0, 1]]
2026-03-24 17:25:36,880 - INFO - episode:867 reward:1.0 Actions:[[1, 0], [6, 0], [5, 1], [0, 1], [9, 0], [3, 5], [2, 2], [8, 1], [7, 0], [4, 1]]
2026-03-24 17:25:36,881 - INFO - episode:868 reward:2.8 Actions:[[6, 0], [9, 0], [2, 2], [0, 1], [3, 1], [1, 3], [5, 0], [4, 0], [7, 1], [8, 0]]
2026-03-24 17:25:36,883 - INFO - episode:869 reward:0.30000000000000004 Actions:[[6, 0], [1, 0], [0, 0], [4, 1], [3, 1], [7, 1], [5, 0], [8, 0], [2, 1], [9, 2]]
2026-03-24 17:25:36,885 - INFO - episode:870 reward:1.0 Actions:[[5, 0], [6, 1], [4, 1], [7, 0], [1, 1], [3, 1], [0, 1], [2, 2], [9, 5], [8, 0]]
2026-03-24 17:25:36,886 - INFO - episode:871 reward:1.0 Actions:[[4, 1], [6, 1], [0, 0], [1, 0], [8, 0], [9, 1], [5, 0], [3, 0], [2, 4], [7, 1]]
2026-03-24 17:25:36,888 - INFO - episode:872 reward:0.30000000000000004 Actions:[[3, 0], [6, 0], [1, 0], [7, 1], [8, 1], [2, 0], [5, 0], [9, 0], [0, 0], [4, 0]]
2026-03-24 17:25:36,889 - INFO - episode:873 reward:1.5 Actions:[[5, 1], [0, 0], [9, 2], [6, 1], [4, 1], [7, 1], [1, 2], [8, 2], [2, 1], [3, 1]]
2026-03-24 17:25:36,891 - INFO - episode:874 reward:0.6000000000000001 Actions:[[2, 1], [3, 1], [5, 2], [1, 1], [8, 3], [6, 1], [0, 0], [4, 0], [9, 0], [7, 0]]
2026-03-24 17:25:36,893 - INFO - episode:875 reward:1.5 Actions:[[1, 0], [0, 1], [4, 3], [6, 1], [5, 0], [8, 0], [7, 0], [3, 2], [9, 0], [2, 1]]
2026-03-24 17:25:36,894 - INFO - episode:876 reward:0.1 Actions:[[8, 0], [6, 0], [3, 0], [7, 2], [1, 0], [0, 3], [9, 0], [2, 0], [4, 0], [5, 2]]
2026-03-24 17:25:36,896 - INFO - episode:877 reward:0.30000000000000004 Actions:[[1, 0], [9, 1], [8, 0], [3, 0], [0, 1], [6, 0], [7, 5], [4, 0], [2, 1], [5, 0]]
2026-03-24 17:25:36,898 - INFO - episode:878 reward:1.5 Actions:[[6, 5], [4, 1], [7, 2], [0, 0], [5, 2], [8, 1], [9, 5], [3, 0], [1, 1], [2, 0]]
2026-03-24 17:25:36,899 - INFO - episode:879 reward:1.0 Actions:[[8, 3], [5, 0], [3, 0], [7, 0], [0, 0], [2, 1], [6, 0], [4, 0], [1, 0], [9, 0]]
2026-03-24 17:25:36,901 - INFO - episode:880 reward:1.5 Actions:[[0, 4], [5, 1], [8, 0], [3, 1], [4, 1], [6, 1], [2, 0], [7, 2], [1, 0], [9, 0]]
2026-03-24 17:25:36,902 - INFO - episode:881 reward:0.6000000000000001 Actions:[[1, 2], [2, 2], [9, 5], [6, 2], [8, 1], [0, 1], [5, 1], [4, 0], [7, 0], [3, 1]]
2026-03-24 17:25:36,904 - INFO - episode:882 reward:1.0 Actions:[[5, 2], [8, 0], [1, 3], [2, 1], [0, 0], [6, 1], [3, 1], [9, 0], [4, 0], [7, 0]]
2026-03-24 17:25:36,906 - INFO - episode:883 reward:1.0 Actions:[[4, 2], [1, 0], [3, 0], [9, 3], [8, 0], [5, 0], [7, 0], [0, 1], [6, 1], [2, 2]]
2026-03-24 17:25:36,907 - INFO - episode:884 reward:0.6000000000000001 Actions:[[7, 1], [1, 0], [6, 0], [3, 0], [8, 0], [2, 0], [4, 0], [5, 0], [9, 0], [0, 4]]
2026-03-24 17:25:36,909 - INFO - episode:885 reward:0.30000000000000004 Actions:[[0, 0], [1, 0], [6, 0], [9, 0], [5, 0], [4, 0], [7, 0], [3, 0], [2, 0], [8, 1]]
2026-03-24 17:25:36,911 - INFO - episode:886 reward:1.0 Actions:[[5, 0], [3, 0], [6, 1], [1, 1], [2, 1], [7, 1], [8, 1], [4, 0], [9, 4], [0, 0]]
2026-03-24 17:25:36,912 - INFO - episode:887 reward:1.5 Actions:[[2, 0], [6, 0], [3, 0], [7, 1], [1, 1], [0, 0], [5, 0], [8, 1], [4, 0], [9, 2]]
2026-03-24 17:25:36,914 - INFO - episode:888 reward:1.5 Actions:[[0, 0], [6, 1], [4, 0], [1, 1], [5, 0], [2, 1], [7, 0], [3, 2], [9, 0], [8, 0]]
2026-03-24 17:25:36,916 - INFO - episode:889 reward:1.5 Actions:[[5, 0], [4, 1], [0, 0], [8, 2], [6, 0], [1, 2], [7, 3], [2, 2], [3, 2], [9, 3]]
2026-03-24 17:25:36,917 - INFO - episode:890 reward:0.6000000000000001 Actions:[[3, 0], [5, 1], [4, 1], [8, 0], [9, 1], [2, 1], [7, 1], [6, 0], [0, 0], [1, 1]]
2026-03-24 17:25:36,919 - INFO - episode:891 reward:0.30000000000000004 Actions:[[0, 0], [8, 1], [1, 1], [7, 0], [9, 0], [6, 0], [2, 1], [4, 2], [5, 0], [3, 0]]
2026-03-24 17:25:36,920 - INFO - episode:892 reward:0.6000000000000001 Actions:[[5, 0], [7, 1], [9, 2], [8, 0], [6, 1], [4, 0], [3, 0], [0, 1], [2, 0], [1, 1]]
2026-03-24 17:25:36,922 - INFO - episode:893 reward:0.6000000000000001 Actions:[[5, 0], [0, 0], [3, 0], [6, 0], [4, 5], [1, 3], [2, 1], [8, 1], [9, 4], [7, 4]]
2026-03-24 17:25:36,924 - INFO - episode:894 reward:0.6000000000000001 Actions:[[1, 0], [9, 0], [5, 3], [4, 0], [6, 1], [8, 0], [0, 0], [2, 4], [7, 1], [3, 4]]
2026-03-24 17:25:36,925 - INFO - episode:895 reward:2.1 Actions:[[2, 1], [3, 0], [7, 2], [0, 1], [5, 2], [9, 2], [6, 2], [4, 1], [1, 1], [8, 3]]
2026-03-24 17:25:36,927 - INFO - episode:896 reward:0.6000000000000001 Actions:[[5, 0], [8, 1], [0, 0], [7, 1], [2, 1], [1, 0], [3, 1], [4, 1], [6, 0], [9, 0]]
2026-03-24 17:25:36,929 - INFO - episode:897 reward:0.6000000000000001 Actions:[[6, 1], [9, 1], [2, 0], [8, 1], [1, 0], [7, 1], [3, 1], [5, 1], [0, 1], [4, 1]]
2026-03-24 17:25:36,930 - INFO - episode:898 reward:1.5 Actions:[[0, 3], [9, 1], [2, 2], [8, 0], [4, 1], [7, 0], [3, 1], [5, 1], [1, 2], [6, 2]]
2026-03-24 17:25:36,932 - INFO - episode:899 reward:1.0 Actions:[[7, 0], [0, 2], [3, 1], [2, 0], [1, 0], [5, 0], [8, 3], [9, 0], [4, 1], [6, 1]]
2026-03-24 17:25:36,933 - INFO - episode:rsdql_last reward:1.0292111880694934 Actions:[[7, 0], [0, 2], [3, 1], [2, 0], [1, 0], [5, 0], [8, 3], [9, 0], [4, 1], [6, 1]]
2026-03-24 17:25:36,933 - INFO - episode:rsdql_best reward:106.65383292848765 Actions:[[8, 5], [9, 1], [3, 0], [7, 2], [5, 0], [1, 3], [4, 1], [6, 2], [2, 0], [0, 1]]
