2026-03-23 23:15:59,501 - INFO - episode:rmsddpg Actions:[[0, 0], [1, 0], [2, 0], [3, 0], [4, 0], [5, 0], [6, 0], [7, 0], [8, 0], [9, 0]]
2026-03-24 16:05:03,635 - INFO - episode:rmsddpg Actions:[[3, 2], [7, 1], [1, 2], [6, 1], [8, 1], [5, 2], [9, 0], [0, 1], [2, 1], [4, 0]]
2026-03-24 16:05:03,636 - INFO - episode:rmsddpg Actions:[[3, 2], [7, 4], [1, 4], [6, 1], [8, 1], [5, 4], [9, 3], [0, 1], [2, 1], [4, 0]]
2026-03-24 16:12:13,373 - INFO - episode:rmsddpg Actions:[[3, 2], [7, 0], [1, 3], [6, 4], [8, 5], [5, 4], [9, 0], [0, 4], [2, 0], [4, 1]]
2026-03-24 16:23:11,517 - INFO - episode:rmsddpg Actions:[[3, 1], [7, 4], [1, 1], [6, 3], [8, 1], [5, 1], [9, 0], [0, 1], [2, 3], [4, 1]]
2026-03-24 17:26:44,608 - INFO - episode:0 reward:1.5 Actions:[[2, 0], [6, 1], [1, 2], [0, 0], [3, 0], [4, 0], [7, 1], [8, 4], [5, 1], [9, 1]]
2026-03-24 17:26:44,636 - INFO - episode:1 reward:4.5 Actions:[[3, 2], [1, 3], [4, 1], [6, 0], [7, 1], [0, 4], [9, 0], [2, 2], [5, 2], [8, 1]]
2026-03-24 17:26:44,657 - INFO - episode:2 reward:2.1 Actions:[[2, 1], [8, 4], [9, 0], [4, 0], [6, 0], [1, 5], [3, 0], [5, 0], [7, 0], [0, 0]]
2026-03-24 17:26:44,679 - INFO - episode:3 reward:1.0 Actions:[[2, 4], [0, 3], [3, 1], [8, 0], [9, 0], [7, 1], [6, 4], [5, 0], [1, 1], [4, 0]]
2026-03-24 17:26:44,700 - INFO - episode:4 reward:2.8 Actions:[[5, 1], [9, 1], [4, 3], [7, 0], [3, 4], [0, 0], [2, 0], [1, 1], [8, 2], [6, 0]]
2026-03-24 17:26:44,722 - INFO - episode:5 reward:1.0 Actions:[[1, 5], [2, 0], [3, 1], [7, 1], [8, 1], [5, 1], [9, 1], [4, 0], [0, 0], [6, 2]]
2026-03-24 17:26:44,743 - INFO - episode:6 reward:2.8 Actions:[[6, 1], [8, 2], [5, 3], [3, 3], [2, 3], [7, 0], [1, 1], [9, 2], [4, 3], [0, 0]]
2026-03-24 17:26:44,767 - INFO - episode:7 reward:7.724789208190941 Actions:[[0, 2], [2, 2], [4, 1], [1, 5], [5, 4], [9, 1], [8, 0], [3, 1], [7, 2], [6, 0]]
2026-03-24 17:26:44,789 - INFO - episode:8 reward:2.8 Actions:[[9, 1], [6, 2], [1, 3], [3, 2], [2, 3], [7, 1], [0, 2], [5, 2], [8, 2], [4, 2]]
2026-03-24 17:26:44,810 - INFO - episode:9 reward:1.0 Actions:[[9, 1], [4, 2], [1, 1], [0, 2], [8, 1], [5, 1], [6, 0], [2, 1], [3, 4], [7, 1]]
2026-03-24 17:26:44,831 - INFO - episode:10 reward:1.5 Actions:[[1, 1], [6, 4], [2, 3], [9, 0], [4, 2], [8, 3], [5, 3], [0, 0], [7, 1], [3, 2]]
2026-03-24 17:26:44,853 - INFO - episode:11 reward:1.0 Actions:[[4, 0], [8, 1], [3, 3], [2, 2], [9, 1], [1, 1], [7, 0], [6, 0], [5, 1], [0, 4]]
2026-03-24 17:26:44,874 - INFO - episode:12 reward:2.1 Actions:[[2, 1], [0, 2], [7, 1], [4, 2], [6, 3], [5, 1], [3, 1], [9, 1], [1, 2], [8, 0]]
2026-03-24 17:26:44,898 - INFO - episode:13 reward:4.5 Actions:[[3, 3], [7, 0], [0, 1], [6, 4], [5, 4], [2, 1], [1, 0], [4, 1], [9, 5], [8, 1]]
2026-03-24 17:26:44,920 - INFO - episode:14 reward:3.5999999999999996 Actions:[[3, 2], [2, 2], [5, 3], [1, 0], [9, 2], [4, 1], [6, 0], [7, 1], [8, 2], [0, 1]]
2026-03-24 17:26:44,941 - INFO - episode:15 reward:2.1 Actions:[[0, 1], [8, 2], [5, 1], [3, 5], [1, 0], [2, 1], [7, 1], [6, 1], [4, 0], [9, 1]]
2026-03-24 17:26:44,962 - INFO - episode:16 reward:3.5999999999999996 Actions:[[7, 0], [2, 1], [4, 1], [5, 0], [3, 0], [0, 4], [6, 1], [1, 2], [8, 0], [9, 0]]
2026-03-24 17:26:44,983 - INFO - episode:17 reward:2.8 Actions:[[5, 1], [0, 1], [4, 2], [7, 0], [9, 1], [8, 5], [2, 2], [6, 1], [1, 3], [3, 1]]
2026-03-24 17:26:45,005 - INFO - episode:18 reward:2.8 Actions:[[5, 1], [8, 0], [9, 1], [7, 2], [1, 4], [4, 2], [2, 1], [3, 0], [0, 1], [6, 1]]
2026-03-24 17:26:45,026 - INFO - episode:19 reward:3.5999999999999996 Actions:[[3, 0], [0, 4], [2, 0], [9, 1], [5, 1], [6, 5], [4, 4], [7, 1], [8, 0], [1, 0]]
2026-03-24 17:26:45,047 - INFO - episode:20 reward:2.1 Actions:[[2, 2], [9, 1], [3, 0], [0, 1], [5, 1], [7, 2], [1, 2], [4, 1], [8, 3], [6, 1]]
2026-03-24 17:26:45,068 - INFO - episode:21 reward:1.5 Actions:[[1, 1], [7, 0], [6, 0], [8, 2], [5, 1], [0, 1], [2, 2], [3, 0], [9, 4], [4, 0]]
2026-03-24 17:26:45,089 - INFO - episode:22 reward:2.8 Actions:[[3, 1], [4, 2], [6, 0], [5, 0], [7, 1], [0, 3], [1, 3], [8, 2], [9, 1], [2, 2]]
2026-03-24 17:26:45,113 - INFO - episode:23 reward:4.5 Actions:[[5, 3], [3, 2], [6, 2], [8, 0], [1, 1], [2, 2], [0, 3], [7, 1], [9, 3], [4, 1]]
2026-03-24 17:26:45,135 - INFO - episode:24 reward:1.5 Actions:[[7, 1], [8, 0], [6, 2], [5, 4], [1, 1], [2, 0], [0, 1], [9, 3], [4, 1], [3, 1]]
2026-03-24 17:26:45,156 - INFO - episode:25 reward:1.0 Actions:[[5, 0], [3, 1], [6, 0], [8, 5], [1, 5], [7, 1], [2, 1], [0, 1], [9, 1], [4, 1]]
2026-03-24 17:26:45,177 - INFO - episode:26 reward:0.6000000000000001 Actions:[[0, 1], [1, 1], [8, 3], [7, 1], [5, 2], [2, 3], [6, 1], [3, 2], [4, 4], [9, 1]]
2026-03-24 17:26:45,198 - INFO - episode:27 reward:0.30000000000000004 Actions:[[8, 4], [9, 0], [2, 4], [1, 0], [6, 2], [5, 0], [7, 0], [0, 5], [3, 0], [4, 2]]
2026-03-24 17:26:45,219 - INFO - episode:28 reward:2.8 Actions:[[2, 1], [4, 0], [8, 3], [6, 0], [3, 2], [0, 0], [9, 1], [5, 3], [7, 1], [1, 1]]
2026-03-24 17:26:45,240 - INFO - episode:29 reward:0.1 Actions:[[8, 2], [3, 2], [6, 2], [7, 0], [1, 1], [0, 1], [5, 0], [9, 1], [4, 1], [2, 0]]
2026-03-24 17:26:45,261 - INFO - episode:30 reward:3.5999999999999996 Actions:[[0, 2], [3, 3], [2, 2], [5, 0], [8, 5], [7, 0], [1, 1], [9, 1], [6, 1], [4, 3]]
2026-03-24 17:26:45,283 - INFO - episode:31 reward:3.5999999999999996 Actions:[[3, 3], [7, 2], [1, 2], [0, 0], [2, 1], [8, 4], [9, 0], [4, 0], [6, 0], [5, 3]]
2026-03-24 17:26:45,304 - INFO - episode:32 reward:0.1 Actions:[[8, 1], [4, 1], [0, 2], [3, 1], [9, 0], [1, 1], [5, 2], [7, 1], [6, 3], [2, 4]]
2026-03-24 17:26:45,325 - INFO - episode:33 reward:2.8 Actions:[[9, 1], [6, 1], [3, 0], [0, 0], [5, 1], [7, 3], [8, 2], [1, 0], [2, 3], [4, 0]]
2026-03-24 17:26:45,346 - INFO - episode:34 reward:1.0 Actions:[[9, 2], [7, 3], [2, 4], [8, 0], [1, 0], [3, 1], [4, 1], [0, 1], [6, 1], [5, 1]]
2026-03-24 17:26:45,367 - INFO - episode:35 reward:2.1 Actions:[[7, 1], [3, 3], [8, 0], [0, 3], [4, 2], [2, 1], [5, 0], [9, 1], [1, 2], [6, 1]]
2026-03-24 17:26:45,388 - INFO - episode:36 reward:2.8 Actions:[[0, 1], [7, 1], [2, 3], [8, 2], [5, 1], [9, 0], [4, 4], [3, 1], [6, 2], [1, 0]]
2026-03-24 17:26:45,410 - INFO - episode:37 reward:1.0 Actions:[[7, 0], [3, 2], [9, 1], [0, 0], [1, 0], [6, 1], [4, 0], [8, 1], [2, 5], [5, 0]]
2026-03-24 17:26:45,431 - INFO - episode:38 reward:2.8 Actions:[[8, 2], [9, 0], [3, 0], [6, 1], [4, 0], [2, 1], [5, 1], [0, 0], [1, 0], [7, 1]]
2026-03-24 17:26:45,452 - INFO - episode:39 reward:2.8 Actions:[[7, 3], [3, 0], [6, 1], [4, 3], [5, 1], [2, 3], [0, 2], [8, 0], [9, 3], [1, 3]]
2026-03-24 17:26:45,473 - INFO - episode:40 reward:1.5 Actions:[[4, 1], [0, 0], [9, 0], [7, 5], [6, 1], [1, 0], [2, 1], [5, 0], [8, 1], [3, 1]]
2026-03-24 17:26:45,494 - INFO - episode:41 reward:1.0 Actions:[[0, 1], [1, 0], [8, 2], [3, 3], [2, 2], [7, 2], [5, 0], [9, 1], [4, 1], [6, 1]]
2026-03-24 17:26:45,515 - INFO - episode:42 reward:3.5999999999999996 Actions:[[6, 1], [7, 2], [9, 3], [3, 3], [4, 0], [1, 1], [0, 3], [8, 4], [5, 4], [2, 4]]
2026-03-24 17:26:45,539 - INFO - episode:43 reward:4.5 Actions:[[5, 0], [8, 5], [9, 2], [7, 4], [3, 1], [1, 3], [0, 2], [6, 1], [2, 1], [4, 3]]
2026-03-24 17:26:45,560 - INFO - episode:44 reward:1.0 Actions:[[0, 1], [7, 1], [4, 0], [6, 1], [2, 1], [1, 1], [5, 2], [9, 2], [3, 0], [8, 1]]
2026-03-24 17:26:45,582 - INFO - episode:45 reward:2.8 Actions:[[3, 2], [8, 3], [4, 0], [9, 2], [6, 2], [0, 5], [2, 1], [1, 2], [7, 4], [5, 0]]
2026-03-24 17:26:45,603 - INFO - episode:46 reward:1.5 Actions:[[2, 2], [3, 2], [6, 1], [4, 0], [0, 2], [7, 2], [1, 1], [9, 0], [8, 3], [5, 1]]
2026-03-24 17:26:45,624 - INFO - episode:47 reward:2.8 Actions:[[2, 5], [9, 0], [7, 1], [4, 3], [5, 1], [6, 1], [1, 2], [8, 1], [3, 1], [0, 0]]
2026-03-24 17:26:45,645 - INFO - episode:48 reward:1.0 Actions:[[7, 0], [5, 2], [6, 2], [9, 2], [0, 2], [4, 1], [1, 2], [2, 1], [3, 5], [8, 1]]
2026-03-24 17:26:45,666 - INFO - episode:49 reward:2.8 Actions:[[2, 1], [6, 2], [5, 2], [9, 1], [3, 3], [7, 0], [0, 1], [4, 1], [8, 1], [1, 1]]
2026-03-24 17:26:45,687 - INFO - episode:50 reward:1.5 Actions:[[7, 0], [6, 0], [0, 4], [5, 0], [8, 1], [3, 1], [1, 2], [2, 2], [4, 3], [9, 1]]
2026-03-24 17:26:45,708 - INFO - episode:51 reward:2.8 Actions:[[9, 2], [6, 3], [7, 2], [0, 3], [8, 4], [4, 0], [3, 2], [1, 2], [2, 2], [5, 4]]
2026-03-24 17:26:45,729 - INFO - episode:52 reward:1.5 Actions:[[2, 0], [3, 0], [1, 4], [9, 3], [0, 1], [8, 0], [6, 1], [5, 5], [4, 1], [7, 2]]
2026-03-24 17:26:45,751 - INFO - episode:53 reward:2.1 Actions:[[9, 0], [5, 1], [1, 4], [2, 0], [3, 1], [0, 0], [4, 0], [6, 1], [8, 0], [7, 4]]
2026-03-24 17:26:45,772 - INFO - episode:54 reward:1.0 Actions:[[4, 1], [0, 1], [7, 0], [2, 1], [6, 1], [8, 1], [3, 2], [5, 0], [9, 1], [1, 0]]
2026-03-24 17:26:45,794 - INFO - episode:55 reward:2.1 Actions:[[7, 3], [2, 5], [0, 0], [4, 0], [6, 2], [5, 1], [8, 3], [9, 2], [1, 1], [3, 0]]
2026-03-24 17:26:45,815 - INFO - episode:56 reward:2.8 Actions:[[2, 0], [3, 1], [9, 1], [4, 0], [5, 0], [7, 1], [1, 2], [6, 1], [8, 3], [0, 0]]
2026-03-24 17:26:45,836 - INFO - episode:57 reward:1.5 Actions:[[0, 1], [1, 5], [6, 3], [7, 3], [9, 3], [5, 3], [4, 3], [3, 0], [8, 1], [2, 1]]
2026-03-24 17:26:45,857 - INFO - episode:58 reward:2.8 Actions:[[2, 5], [1, 0], [9, 3], [3, 3], [6, 1], [0, 1], [4, 2], [8, 1], [7, 0], [5, 3]]
2026-03-24 17:26:45,878 - INFO - episode:59 reward:1.0 Actions:[[0, 2], [3, 1], [7, 3], [9, 3], [8, 3], [4, 2], [2, 1], [6, 2], [1, 2], [5, 0]]
2026-03-24 17:26:45,900 - INFO - episode:60 reward:0.6000000000000001 Actions:[[0, 2], [3, 3], [6, 2], [8, 2], [9, 2], [4, 0], [5, 0], [1, 4], [7, 3], [2, 4]]
2026-03-24 17:26:45,921 - INFO - episode:61 reward:2.1 Actions:[[1, 1], [2, 0], [7, 0], [0, 4], [3, 3], [4, 0], [8, 3], [6, 0], [9, 2], [5, 3]]
2026-03-24 17:26:45,942 - INFO - episode:62 reward:1.0 Actions:[[6, 4], [3, 3], [4, 3], [2, 0], [1, 3], [9, 0], [8, 1], [7, 3], [0, 1], [5, 1]]
2026-03-24 17:26:45,963 - INFO - episode:63 reward:1.5 Actions:[[5, 4], [1, 2], [8, 3], [7, 2], [2, 5], [6, 3], [4, 4], [0, 0], [3, 0], [9, 0]]
2026-03-24 17:26:45,984 - INFO - episode:64 reward:3.5999999999999996 Actions:[[4, 0], [6, 3], [9, 3], [2, 0], [5, 0], [1, 2], [3, 3], [8, 1], [0, 0], [7, 5]]
2026-03-24 17:26:46,006 - INFO - episode:65 reward:1.0 Actions:[[6, 0], [0, 5], [1, 1], [2, 2], [8, 2], [9, 0], [3, 0], [7, 1], [4, 1], [5, 3]]
2026-03-24 17:26:46,027 - INFO - episode:66 reward:2.8 Actions:[[5, 1], [4, 3], [3, 2], [0, 1], [8, 0], [6, 1], [7, 3], [2, 0], [9, 2], [1, 2]]
2026-03-24 17:26:46,051 - INFO - episode:67 reward:12.938158061363993 Actions:[[4, 0], [3, 1], [1, 0], [0, 1], [9, 3], [5, 1], [2, 5], [6, 4], [7, 4], [8, 0]]
2026-03-24 17:26:46,072 - INFO - episode:68 reward:0.6000000000000001 Actions:[[9, 0], [5, 1], [3, 1], [1, 1], [4, 2], [8, 0], [2, 1], [6, 1], [7, 1], [0, 1]]
2026-03-24 17:26:46,093 - INFO - episode:69 reward:3.5999999999999996 Actions:[[3, 2], [2, 1], [1, 2], [0, 3], [8, 0], [5, 4], [4, 5], [9, 1], [7, 0], [6, 1]]
2026-03-24 17:26:46,115 - INFO - episode:70 reward:0.30000000000000004 Actions:[[5, 3], [6, 0], [8, 0], [1, 0], [9, 4], [2, 4], [7, 1], [4, 0], [3, 2], [0, 1]]
2026-03-24 17:26:46,136 - INFO - episode:71 reward:2.8 Actions:[[4, 1], [3, 0], [8, 3], [7, 0], [9, 1], [5, 2], [0, 2], [1, 1], [2, 0], [6, 1]]
2026-03-24 17:26:46,157 - INFO - episode:72 reward:1.5 Actions:[[4, 2], [3, 1], [9, 1], [7, 1], [6, 4], [8, 2], [5, 1], [1, 0], [0, 0], [2, 1]]
2026-03-24 17:26:46,178 - INFO - episode:73 reward:2.8 Actions:[[8, 3], [2, 5], [7, 0], [9, 1], [3, 1], [5, 2], [0, 4], [1, 3], [4, 3], [6, 2]]
2026-03-24 17:26:46,199 - INFO - episode:74 reward:0.6000000000000001 Actions:[[4, 0], [7, 0], [2, 1], [1, 0], [9, 1], [3, 1], [6, 2], [8, 1], [0, 2], [5, 2]]
2026-03-24 17:26:46,221 - INFO - episode:75 reward:1.5 Actions:[[5, 0], [7, 2], [8, 1], [4, 0], [9, 0], [1, 1], [3, 5], [0, 0], [6, 0], [2, 0]]
2026-03-24 17:26:46,242 - INFO - episode:76 reward:1.5 Actions:[[9, 3], [5, 1], [1, 1], [3, 0], [2, 0], [6, 1], [8, 1], [7, 0], [0, 1], [4, 1]]
2026-03-24 17:26:46,263 - INFO - episode:77 reward:2.8 Actions:[[0, 2], [5, 3], [3, 1], [4, 0], [1, 2], [2, 0], [8, 4], [7, 4], [6, 1], [9, 0]]
2026-03-24 17:26:46,284 - INFO - episode:78 reward:1.5 Actions:[[3, 0], [7, 1], [1, 1], [9, 4], [5, 0], [2, 1], [0, 0], [8, 1], [6, 0], [4, 1]]
2026-03-24 17:26:46,306 - INFO - episode:79 reward:0.30000000000000004 Actions:[[4, 0], [8, 4], [1, 4], [3, 3], [0, 4], [2, 4], [7, 1], [9, 0], [6, 2], [5, 1]]
2026-03-24 17:26:46,330 - INFO - episode:80 reward:151.1871136351224 Actions:[[5, 2], [6, 2], [3, 2], [1, 0], [2, 3], [7, 0], [0, 3], [4, 3], [8, 1], [9, 2]]
2026-03-24 17:26:46,351 - INFO - episode:81 reward:2.8 Actions:[[0, 1], [5, 2], [1, 0], [2, 2], [7, 4], [3, 0], [6, 3], [8, 1], [4, 0], [9, 1]]
2026-03-24 17:26:46,373 - INFO - episode:82 reward:2.8 Actions:[[3, 1], [8, 3], [6, 0], [1, 1], [9, 2], [5, 0], [7, 2], [4, 1], [0, 3], [2, 3]]
2026-03-24 17:26:46,394 - INFO - episode:83 reward:0.1 Actions:[[4, 2], [8, 2], [9, 1], [2, 0], [3, 0], [7, 5], [0, 1], [5, 3], [1, 1], [6, 3]]
2026-03-24 17:26:46,415 - INFO - episode:84 reward:2.1 Actions:[[1, 3], [6, 0], [9, 1], [7, 2], [5, 2], [0, 1], [8, 1], [3, 4], [2, 1], [4, 1]]
2026-03-24 17:26:46,436 - INFO - episode:85 reward:2.1 Actions:[[9, 3], [7, 3], [4, 1], [0, 1], [3, 2], [2, 0], [1, 1], [5, 1], [6, 1], [8, 2]]
2026-03-24 17:26:46,457 - INFO - episode:86 reward:0.6000000000000001 Actions:[[7, 0], [4, 0], [3, 0], [0, 0], [5, 5], [9, 1], [2, 1], [8, 0], [6, 1], [1, 5]]
2026-03-24 17:26:46,479 - INFO - episode:87 reward:1.5 Actions:[[6, 5], [4, 0], [9, 2], [2, 0], [7, 2], [1, 2], [5, 2], [0, 0], [3, 3], [8, 3]]
2026-03-24 17:26:46,500 - INFO - episode:88 reward:3.5999999999999996 Actions:[[1, 3], [4, 1], [2, 2], [8, 5], [0, 2], [6, 1], [3, 2], [5, 1], [9, 1], [7, 1]]
2026-03-24 17:26:46,521 - INFO - episode:89 reward:0.6000000000000001 Actions:[[7, 1], [5, 1], [8, 0], [4, 0], [6, 1], [2, 4], [1, 0], [9, 2], [0, 4], [3, 1]]
2026-03-24 17:26:46,542 - INFO - episode:90 reward:2.1 Actions:[[6, 2], [7, 1], [1, 0], [0, 1], [3, 0], [2, 1], [5, 1], [4, 1], [9, 1], [8, 2]]
2026-03-24 17:26:46,563 - INFO - episode:91 reward:1.5 Actions:[[3, 3], [6, 1], [5, 1], [2, 0], [7, 3], [8, 0], [1, 5], [0, 3], [9, 0], [4, 0]]
2026-03-24 17:26:46,588 - INFO - episode:92 reward:86.15030862702542 Actions:[[3, 2], [7, 0], [9, 3], [0, 3], [2, 2], [1, 4], [6, 0], [4, 3], [5, 1], [8, 4]]
2026-03-24 17:26:46,609 - INFO - episode:93 reward:2.1 Actions:[[6, 1], [0, 1], [9, 0], [4, 2], [7, 1], [5, 3], [3, 1], [8, 2], [1, 0], [2, 1]]
2026-03-24 17:26:46,633 - INFO - episode:94 reward:15.633471608624404 Actions:[[0, 1], [8, 3], [7, 0], [2, 1], [3, 2], [5, 2], [6, 1], [9, 0], [4, 2], [1, 0]]
2026-03-24 17:26:46,654 - INFO - episode:95 reward:1.5 Actions:[[1, 1], [8, 5], [4, 0], [3, 1], [5, 2], [6, 1], [2, 2], [9, 2], [0, 4], [7, 1]]
2026-03-24 17:26:46,675 - INFO - episode:96 reward:2.1 Actions:[[1, 1], [8, 3], [2, 0], [6, 1], [4, 4], [5, 0], [3, 3], [7, 3], [9, 3], [0, 0]]
2026-03-24 17:26:46,697 - INFO - episode:97 reward:1.0 Actions:[[4, 4], [9, 0], [7, 1], [1, 0], [8, 1], [6, 2], [0, 0], [5, 2], [3, 4], [2, 0]]
2026-03-24 17:26:46,721 - INFO - episode:98 reward:4.5 Actions:[[0, 1], [6, 3], [5, 1], [3, 5], [2, 3], [7, 0], [8, 2], [4, 0], [9, 0], [1, 0]]
2026-03-24 17:26:46,742 - INFO - episode:99 reward:1.5 Actions:[[9, 3], [3, 2], [1, 3], [6, 2], [4, 0], [7, 3], [5, 0], [0, 3], [8, 1], [2, 1]]
2026-03-24 17:26:46,763 - INFO - episode:100 reward:0.1 Actions:[[8, 0], [7, 0], [5, 1], [0, 2], [6, 2], [3, 0], [4, 3], [2, 0], [9, 1], [1, 1]]
2026-03-24 17:26:46,785 - INFO - episode:101 reward:3.5999999999999996 Actions:[[1, 2], [9, 0], [0, 0], [6, 0], [2, 4], [5, 4], [4, 1], [7, 1], [8, 0], [3, 0]]
2026-03-24 17:26:46,806 - INFO - episode:102 reward:0.6000000000000001 Actions:[[4, 0], [0, 0], [3, 0], [5, 0], [2, 3], [7, 1], [1, 1], [9, 0], [6, 4], [8, 0]]
2026-03-24 17:26:46,830 - INFO - episode:103 reward:35.40286871012336 Actions:[[2, 5], [4, 0], [0, 5], [6, 2], [1, 2], [3, 0], [5, 0], [8, 3], [9, 1], [7, 1]]
2026-03-24 17:26:46,851 - INFO - episode:104 reward:0.6000000000000001 Actions:[[9, 0], [2, 1], [6, 0], [8, 1], [0, 4], [5, 3], [7, 0], [1, 0], [4, 1], [3, 1]]
2026-03-24 17:26:46,873 - INFO - episode:105 reward:3.5999999999999996 Actions:[[0, 1], [3, 3], [5, 1], [7, 2], [2, 4], [9, 0], [1, 2], [6, 1], [4, 1], [8, 0]]
2026-03-24 17:26:46,894 - INFO - episode:106 reward:1.5 Actions:[[3, 3], [4, 1], [1, 0], [0, 4], [5, 0], [9, 0], [2, 5], [6, 1], [8, 1], [7, 0]]
2026-03-24 17:26:46,915 - INFO - episode:107 reward:1.0 Actions:[[1, 4], [6, 0], [3, 0], [2, 4], [7, 4], [8, 1], [4, 0], [5, 0], [0, 0], [9, 1]]
2026-03-24 17:26:46,936 - INFO - episode:108 reward:1.5 Actions:[[0, 1], [1, 0], [7, 2], [3, 1], [4, 0], [2, 0], [9, 1], [5, 1], [6, 0], [8, 0]]
2026-03-24 17:26:46,957 - INFO - episode:109 reward:0.30000000000000004 Actions:[[8, 1], [5, 2], [9, 1], [7, 1], [3, 1], [0, 1], [1, 0], [6, 1], [4, 0], [2, 1]]
2026-03-24 17:26:46,978 - INFO - episode:110 reward:1.0 Actions:[[7, 3], [3, 3], [2, 2], [0, 2], [1, 2], [4, 0], [6, 2], [5, 0], [9, 3], [8, 1]]
2026-03-24 17:26:47,000 - INFO - episode:111 reward:2.8 Actions:[[6, 3], [4, 0], [7, 1], [0, 2], [5, 1], [3, 1], [1, 2], [9, 1], [2, 3], [8, 2]]
2026-03-24 17:26:47,021 - INFO - episode:112 reward:2.1 Actions:[[0, 3], [5, 0], [7, 1], [3, 0], [4, 0], [2, 1], [9, 0], [8, 1], [1, 1], [6, 1]]
2026-03-24 17:26:47,042 - INFO - episode:113 reward:0.6000000000000001 Actions:[[3, 1], [5, 1], [1, 0], [8, 0], [2, 4], [4, 1], [6, 2], [7, 0], [9, 2], [0, 4]]
2026-03-24 17:26:47,063 - INFO - episode:114 reward:1.5 Actions:[[9, 1], [3, 3], [8, 4], [0, 0], [7, 0], [1, 0], [6, 1], [5, 3], [2, 0], [4, 1]]
2026-03-24 17:26:47,084 - INFO - episode:115 reward:1.5 Actions:[[4, 3], [3, 1], [5, 3], [6, 0], [2, 2], [1, 3], [9, 3], [7, 1], [8, 5], [0, 1]]
2026-03-24 17:26:47,108 - INFO - episode:116 reward:4.5 Actions:[[3, 2], [1, 3], [0, 4], [4, 2], [2, 4], [9, 1], [7, 0], [6, 3], [5, 4], [8, 1]]
2026-03-24 17:26:47,129 - INFO - episode:117 reward:1.5 Actions:[[9, 3], [3, 1], [1, 2], [2, 3], [6, 1], [8, 1], [4, 2], [5, 4], [0, 3], [7, 0]]
2026-03-24 17:26:47,151 - INFO - episode:118 reward:1.0 Actions:[[1, 3], [9, 1], [4, 3], [5, 2], [3, 3], [6, 3], [0, 0], [7, 0], [2, 2], [8, 4]]
2026-03-24 17:26:47,172 - INFO - episode:119 reward:2.1 Actions:[[9, 4], [7, 1], [6, 3], [3, 2], [2, 3], [0, 2], [1, 2], [5, 1], [4, 0], [8, 1]]
2026-03-24 17:26:47,193 - INFO - episode:120 reward:0.1 Actions:[[1, 1], [8, 1], [6, 0], [3, 2], [0, 1], [7, 2], [4, 1], [5, 2], [2, 4], [9, 4]]
2026-03-24 17:26:47,214 - INFO - episode:121 reward:0.30000000000000004 Actions:[[9, 2], [8, 1], [4, 1], [2, 0], [6, 2], [7, 1], [0, 0], [1, 0], [5, 0], [3, 0]]
2026-03-24 17:26:47,235 - INFO - episode:122 reward:2.8 Actions:[[1, 3], [0, 1], [3, 0], [7, 3], [2, 1], [6, 2], [9, 2], [8, 0], [5, 1], [4, 0]]
2026-03-24 17:26:47,256 - INFO - episode:123 reward:0.30000000000000004 Actions:[[8, 1], [5, 3], [3, 1], [0, 1], [6, 0], [4, 0], [9, 0], [1, 1], [2, 2], [7, 1]]
2026-03-24 17:26:47,277 - INFO - episode:124 reward:2.8 Actions:[[9, 0], [5, 5], [3, 3], [4, 1], [7, 1], [2, 3], [6, 2], [8, 0], [0, 2], [1, 1]]
2026-03-24 17:26:47,299 - INFO - episode:125 reward:2.1 Actions:[[6, 2], [2, 1], [3, 0], [9, 0], [7, 1], [5, 1], [8, 1], [4, 1], [0, 2], [1, 0]]
2026-03-24 17:26:47,324 - INFO - episode:126 reward:4.5 Actions:[[6, 1], [2, 1], [5, 3], [7, 2], [9, 3], [3, 4], [1, 2], [4, 1], [0, 0], [8, 1]]
2026-03-24 17:26:47,346 - INFO - episode:127 reward:2.1 Actions:[[2, 3], [0, 3], [5, 0], [9, 1], [4, 1], [7, 3], [1, 3], [6, 2], [8, 1], [3, 1]]
2026-03-24 17:26:47,369 - INFO - episode:128 reward:3.5999999999999996 Actions:[[5, 1], [1, 2], [0, 3], [3, 3], [4, 1], [2, 1], [9, 3], [8, 0], [6, 1], [7, 4]]
2026-03-24 17:26:47,391 - INFO - episode:129 reward:2.1 Actions:[[1, 2], [2, 1], [9, 0], [3, 3], [4, 3], [5, 1], [8, 1], [6, 0], [0, 2], [7, 1]]
2026-03-24 17:26:47,413 - INFO - episode:130 reward:0.6000000000000001 Actions:[[4, 3], [9, 0], [8, 1], [5, 1], [7, 0], [2, 0], [0, 1], [3, 1], [6, 1], [1, 0]]
2026-03-24 17:26:47,435 - INFO - episode:131 reward:2.1 Actions:[[7, 3], [6, 2], [0, 1], [3, 1], [9, 2], [8, 0], [1, 2], [4, 2], [2, 3], [5, 3]]
2026-03-24 17:26:47,456 - INFO - episode:132 reward:2.1 Actions:[[7, 4], [9, 0], [5, 1], [0, 1], [1, 0], [2, 1], [8, 0], [6, 4], [3, 0], [4, 1]]
2026-03-24 17:26:47,477 - INFO - episode:133 reward:0.6000000000000001 Actions:[[6, 1], [5, 3], [4, 4], [8, 1], [0, 2], [9, 0], [2, 0], [3, 1], [7, 2], [1, 0]]
2026-03-24 17:26:47,498 - INFO - episode:134 reward:3.5999999999999996 Actions:[[9, 0], [6, 5], [2, 3], [5, 1], [3, 2], [7, 1], [8, 4], [0, 2], [1, 4], [4, 0]]
2026-03-24 17:26:47,519 - INFO - episode:135 reward:1.0 Actions:[[4, 0], [2, 2], [3, 5], [6, 2], [1, 2], [5, 2], [8, 0], [9, 1], [0, 2], [7, 1]]
2026-03-24 17:26:47,540 - INFO - episode:136 reward:0.30000000000000004 Actions:[[2, 3], [8, 2], [9, 2], [6, 5], [5, 1], [3, 0], [4, 1], [1, 0], [7, 2], [0, 3]]
2026-03-24 17:26:47,561 - INFO - episode:137 reward:0.1 Actions:[[8, 0], [2, 0], [0, 4], [5, 1], [4, 1], [6, 4], [7, 1], [3, 3], [1, 1], [9, 0]]
2026-03-24 17:26:47,582 - INFO - episode:138 reward:2.1 Actions:[[8, 1], [7, 4], [9, 3], [5, 0], [4, 3], [2, 0], [1, 1], [3, 3], [0, 2], [6, 2]]
2026-03-24 17:26:47,603 - INFO - episode:139 reward:1.5 Actions:[[6, 1], [4, 3], [9, 1], [7, 0], [0, 4], [8, 0], [1, 2], [5, 5], [2, 3], [3, 1]]
2026-03-24 17:26:47,625 - INFO - episode:140 reward:3.5999999999999996 Actions:[[9, 1], [6, 1], [7, 2], [2, 5], [1, 3], [8, 0], [4, 2], [5, 1], [3, 0], [0, 1]]
2026-03-24 17:26:47,646 - INFO - episode:141 reward:2.8 Actions:[[7, 2], [4, 0], [5, 1], [9, 5], [6, 3], [3, 3], [1, 0], [8, 2], [2, 1], [0, 0]]
2026-03-24 17:26:47,667 - INFO - episode:142 reward:1.5 Actions:[[3, 1], [9, 2], [4, 1], [6, 1], [5, 0], [8, 1], [7, 0], [1, 0], [2, 1], [0, 3]]
2026-03-24 17:26:47,688 - INFO - episode:143 reward:1.5 Actions:[[4, 1], [1, 2], [5, 0], [3, 2], [7, 0], [6, 2], [8, 2], [9, 3], [0, 1], [2, 1]]
2026-03-24 17:26:47,709 - INFO - episode:144 reward:2.1 Actions:[[3, 2], [2, 2], [7, 2], [0, 0], [5, 0], [8, 1], [4, 2], [9, 1], [6, 1], [1, 2]]
2026-03-24 17:26:47,733 - INFO - episode:145 reward:47.45655325830421 Actions:[[6, 1], [2, 0], [5, 0], [0, 1], [7, 2], [9, 2], [4, 1], [8, 4], [3, 0], [1, 0]]
2026-03-24 17:26:47,755 - INFO - episode:146 reward:1.0 Actions:[[4, 2], [3, 0], [7, 2], [8, 3], [6, 3], [9, 3], [0, 1], [2, 2], [1, 1], [5, 4]]
2026-03-24 17:26:47,776 - INFO - episode:147 reward:1.0 Actions:[[3, 0], [1, 0], [2, 1], [7, 4], [0, 0], [5, 1], [6, 1], [9, 0], [8, 2], [4, 2]]
2026-03-24 17:26:47,797 - INFO - episode:148 reward:0.1 Actions:[[3, 1], [8, 1], [7, 0], [6, 2], [4, 3], [0, 0], [5, 1], [2, 0], [9, 1], [1, 1]]
2026-03-24 17:26:47,818 - INFO - episode:149 reward:1.0 Actions:[[0, 5], [3, 0], [9, 0], [7, 0], [5, 0], [8, 1], [1, 4], [2, 1], [4, 1], [6, 2]]
2026-03-24 17:26:47,839 - INFO - episode:150 reward:1.5 Actions:[[1, 0], [4, 1], [3, 1], [0, 0], [9, 1], [2, 0], [5, 1], [8, 2], [7, 2], [6, 5]]
2026-03-24 17:26:47,861 - INFO - episode:151 reward:3.5999999999999996 Actions:[[4, 2], [5, 2], [3, 0], [9, 2], [6, 3], [1, 1], [0, 0], [2, 1], [7, 1], [8, 2]]
2026-03-24 17:26:47,882 - INFO - episode:152 reward:1.0 Actions:[[2, 0], [4, 1], [5, 1], [0, 0], [8, 1], [7, 2], [9, 1], [6, 2], [1, 2], [3, 1]]
2026-03-24 17:26:47,904 - INFO - episode:153 reward:1.5 Actions:[[7, 2], [4, 2], [0, 3], [6, 4], [2, 3], [1, 3], [8, 4], [5, 1], [3, 2], [9, 0]]
2026-03-24 17:26:47,926 - INFO - episode:154 reward:2.1 Actions:[[0, 1], [6, 1], [9, 2], [1, 3], [4, 0], [5, 3], [7, 3], [2, 2], [3, 1], [8, 0]]
2026-03-24 17:26:47,948 - INFO - episode:155 reward:1.5 Actions:[[8, 3], [0, 0], [4, 0], [7, 1], [2, 0], [5, 0], [6, 1], [3, 1], [1, 0], [9, 1]]
2026-03-24 17:26:47,970 - INFO - episode:156 reward:1.0 Actions:[[9, 1], [3, 1], [5, 1], [2, 2], [0, 1], [8, 0], [6, 1], [4, 0], [1, 3], [7, 0]]
2026-03-24 17:26:47,992 - INFO - episode:157 reward:0.30000000000000004 Actions:[[5, 3], [8, 2], [0, 2], [9, 1], [3, 0], [1, 1], [2, 0], [6, 3], [7, 0], [4, 1]]
2026-03-24 17:26:48,014 - INFO - episode:158 reward:1.5 Actions:[[3, 2], [6, 1], [1, 0], [0, 3], [7, 1], [8, 0], [9, 3], [2, 0], [5, 1], [4, 1]]
2026-03-24 17:26:48,036 - INFO - episode:159 reward:1.5 Actions:[[2, 1], [3, 1], [1, 2], [5, 1], [9, 2], [7, 1], [6, 2], [4, 0], [0, 1], [8, 0]]
2026-03-24 17:26:48,058 - INFO - episode:160 reward:1.0 Actions:[[1, 3], [5, 2], [3, 1], [6, 1], [8, 2], [2, 0], [4, 2], [0, 2], [9, 2], [7, 1]]
2026-03-24 17:26:48,080 - INFO - episode:161 reward:0.6000000000000001 Actions:[[0, 4], [2, 2], [9, 2], [8, 4], [4, 3], [6, 0], [7, 0], [5, 3], [3, 0], [1, 2]]
2026-03-24 17:26:48,102 - INFO - episode:162 reward:2.1 Actions:[[8, 5], [1, 2], [5, 0], [9, 2], [6, 0], [2, 0], [3, 0], [4, 5], [7, 0], [0, 1]]
2026-03-24 17:26:48,124 - INFO - episode:163 reward:1.0 Actions:[[7, 0], [3, 0], [6, 1], [9, 4], [1, 0], [4, 1], [0, 0], [5, 1], [8, 1], [2, 2]]
2026-03-24 17:26:48,146 - INFO - episode:164 reward:2.1 Actions:[[6, 3], [8, 4], [1, 1], [5, 1], [9, 3], [4, 3], [3, 3], [7, 3], [2, 0], [0, 3]]
2026-03-24 17:26:48,168 - INFO - episode:165 reward:3.5999999999999996 Actions:[[2, 3], [3, 1], [8, 0], [1, 1], [6, 2], [5, 3], [4, 2], [0, 4], [9, 1], [7, 3]]
2026-03-24 17:26:48,190 - INFO - episode:166 reward:3.5999999999999996 Actions:[[6, 3], [2, 2], [1, 1], [9, 3], [5, 2], [4, 0], [3, 2], [0, 1], [7, 1], [8, 1]]
2026-03-24 17:26:48,212 - INFO - episode:167 reward:3.5999999999999996 Actions:[[0, 3], [6, 0], [2, 1], [3, 1], [4, 2], [1, 3], [5, 2], [9, 0], [8, 2], [7, 4]]
2026-03-24 17:26:48,234 - INFO - episode:168 reward:2.1 Actions:[[8, 2], [2, 0], [1, 0], [6, 1], [3, 4], [0, 1], [7, 0], [4, 1], [9, 2], [5, 2]]
2026-03-24 17:26:48,256 - INFO - episode:169 reward:1.5 Actions:[[9, 2], [5, 1], [2, 3], [1, 1], [3, 2], [4, 1], [0, 2], [7, 5], [6, 4], [8, 0]]
2026-03-24 17:26:48,278 - INFO - episode:170 reward:0.6000000000000001 Actions:[[1, 2], [3, 0], [2, 1], [8, 2], [0, 1], [4, 1], [6, 4], [9, 2], [5, 1], [7, 1]]
2026-03-24 17:26:48,299 - INFO - episode:171 reward:1.5 Actions:[[2, 1], [5, 1], [3, 0], [0, 0], [9, 1], [7, 1], [4, 0], [6, 1], [8, 0], [1, 3]]
2026-03-24 17:26:48,320 - INFO - episode:172 reward:0.1 Actions:[[8, 1], [5, 1], [3, 0], [6, 4], [2, 5], [4, 0], [1, 1], [9, 4], [0, 1], [7, 1]]
2026-03-24 17:26:48,341 - INFO - episode:173 reward:1.5 Actions:[[7, 5], [6, 3], [1, 0], [2, 2], [4, 0], [5, 0], [3, 1], [8, 1], [0, 1], [9, 4]]
2026-03-24 17:26:48,362 - INFO - episode:174 reward:1.0 Actions:[[7, 2], [5, 3], [4, 0], [9, 1], [8, 1], [0, 0], [3, 1], [2, 3], [1, 0], [6, 3]]
2026-03-24 17:26:48,384 - INFO - episode:175 reward:2.1 Actions:[[4, 0], [5, 2], [9, 2], [1, 5], [0, 3], [2, 2], [8, 0], [7, 0], [6, 4], [3, 1]]
2026-03-24 17:26:48,405 - INFO - episode:176 reward:1.5 Actions:[[4, 1], [6, 3], [9, 1], [2, 2], [3, 1], [8, 2], [7, 2], [1, 1], [5, 2], [0, 1]]
2026-03-24 17:26:48,426 - INFO - episode:177 reward:2.1 Actions:[[5, 1], [4, 0], [1, 2], [0, 4], [6, 0], [7, 0], [8, 4], [2, 0], [3, 0], [9, 0]]
2026-03-24 17:26:48,447 - INFO - episode:178 reward:2.1 Actions:[[5, 2], [7, 1], [9, 4], [2, 0], [6, 0], [3, 1], [8, 1], [0, 1], [4, 0], [1, 1]]
2026-03-24 17:26:48,468 - INFO - episode:179 reward:1.0 Actions:[[2, 2], [6, 1], [3, 0], [0, 1], [8, 0], [9, 3], [7, 1], [5, 4], [4, 4], [1, 4]]
2026-03-24 17:26:48,491 - INFO - episode:180 reward:2.8 Actions:[[4, 1], [8, 2], [7, 3], [2, 3], [9, 0], [0, 4], [5, 0], [1, 0], [6, 0], [3, 1]]
2026-03-24 17:26:48,514 - INFO - episode:181 reward:1.0 Actions:[[1, 1], [6, 2], [7, 2], [4, 1], [0, 1], [5, 2], [2, 2], [9, 1], [8, 1], [3, 2]]
2026-03-24 17:26:48,536 - INFO - episode:182 reward:0.30000000000000004 Actions:[[8, 2], [6, 3], [0, 2], [7, 0], [5, 5], [2, 3], [4, 2], [1, 1], [3, 2], [9, 0]]
2026-03-24 17:26:48,558 - INFO - episode:183 reward:2.8 Actions:[[3, 2], [6, 1], [9, 3], [0, 4], [7, 3], [4, 1], [5, 3], [1, 3], [8, 0], [2, 0]]
2026-03-24 17:26:48,581 - INFO - episode:184 reward:2.1 Actions:[[2, 1], [0, 1], [4, 4], [3, 3], [5, 0], [9, 0], [8, 3], [7, 3], [6, 1], [1, 3]]
2026-03-24 17:26:48,603 - INFO - episode:185 reward:0.30000000000000004 Actions:[[8, 0], [2, 3], [4, 0], [3, 1], [0, 1], [9, 0], [5, 1], [7, 2], [6, 0], [1, 1]]
2026-03-24 17:26:48,625 - INFO - episode:186 reward:1.5 Actions:[[8, 3], [1, 1], [7, 0], [0, 2], [2, 0], [6, 3], [9, 2], [4, 3], [5, 0], [3, 1]]
2026-03-24 17:26:48,647 - INFO - episode:187 reward:2.8 Actions:[[7, 1], [3, 3], [4, 0], [6, 0], [9, 2], [1, 1], [2, 2], [5, 1], [0, 1], [8, 0]]
2026-03-24 17:26:48,669 - INFO - episode:188 reward:1.5 Actions:[[6, 0], [0, 0], [7, 0], [4, 2], [9, 2], [5, 0], [2, 0], [8, 2], [1, 1], [3, 1]]
2026-03-24 17:26:48,691 - INFO - episode:189 reward:1.5 Actions:[[5, 2], [3, 2], [6, 2], [8, 0], [1, 1], [2, 2], [4, 1], [7, 4], [0, 4], [9, 4]]
2026-03-24 17:26:48,713 - INFO - episode:190 reward:2.1 Actions:[[3, 1], [9, 4], [7, 1], [2, 0], [5, 0], [0, 2], [1, 1], [4, 1], [6, 4], [8, 2]]
2026-03-24 17:26:48,735 - INFO - episode:191 reward:2.1 Actions:[[3, 3], [1, 1], [7, 1], [2, 0], [0, 2], [6, 0], [8, 2], [5, 1], [4, 1], [9, 1]]
2026-03-24 17:26:48,758 - INFO - episode:192 reward:1.5 Actions:[[8, 0], [9, 5], [6, 1], [0, 1], [7, 1], [5, 1], [4, 2], [1, 0], [3, 1], [2, 1]]
2026-03-24 17:26:48,780 - INFO - episode:193 reward:2.8 Actions:[[1, 3], [3, 1], [9, 1], [0, 2], [6, 0], [5, 3], [4, 1], [8, 1], [7, 1], [2, 0]]
2026-03-24 17:26:48,802 - INFO - episode:194 reward:1.0 Actions:[[1, 1], [8, 0], [6, 1], [5, 2], [7, 1], [0, 0], [4, 0], [9, 4], [2, 1], [3, 2]]
2026-03-24 17:26:48,824 - INFO - episode:195 reward:1.5 Actions:[[0, 4], [6, 3], [1, 1], [8, 0], [9, 4], [2, 0], [3, 0], [4, 5], [7, 3], [5, 1]]
2026-03-24 17:26:48,846 - INFO - episode:196 reward:0.1 Actions:[[3, 2], [8, 2], [5, 3], [9, 5], [6, 0], [7, 3], [2, 0], [1, 1], [4, 0], [0, 0]]
2026-03-24 17:26:48,868 - INFO - episode:197 reward:1.5 Actions:[[6, 1], [4, 2], [2, 3], [3, 0], [7, 2], [8, 3], [9, 2], [1, 0], [5, 2], [0, 0]]
2026-03-24 17:26:48,894 - INFO - episode:198 reward:4.5 Actions:[[0, 0], [3, 0], [4, 1], [8, 2], [2, 5], [5, 4], [9, 1], [6, 1], [7, 0], [1, 1]]
2026-03-24 17:26:48,916 - INFO - episode:199 reward:1.0 Actions:[[2, 3], [0, 1], [1, 1], [5, 0], [4, 1], [3, 1], [8, 3], [7, 3], [6, 1], [9, 3]]
2026-03-24 17:26:48,938 - INFO - episode:200 reward:1.0 Actions:[[0, 3], [2, 5], [3, 1], [1, 1], [6, 1], [8, 3], [9, 0], [7, 1], [4, 2], [5, 0]]
2026-03-24 17:26:48,960 - INFO - episode:201 reward:1.0 Actions:[[1, 1], [5, 2], [2, 4], [9, 1], [8, 2], [4, 0], [0, 5], [3, 4], [6, 0], [7, 0]]
2026-03-24 17:26:48,982 - INFO - episode:202 reward:0.1 Actions:[[6, 1], [8, 1], [9, 0], [5, 0], [1, 2], [7, 1], [0, 0], [2, 1], [3, 0], [4, 1]]
2026-03-24 17:26:49,004 - INFO - episode:203 reward:0.6000000000000001 Actions:[[3, 3], [5, 3], [1, 1], [8, 3], [4, 4], [6, 1], [2, 2], [9, 1], [7, 3], [0, 2]]
2026-03-24 17:26:49,026 - INFO - episode:204 reward:2.1 Actions:[[0, 2], [5, 0], [6, 0], [1, 5], [4, 1], [7, 2], [8, 0], [3, 0], [9, 5], [2, 4]]
2026-03-24 17:26:49,048 - INFO - episode:205 reward:1.0 Actions:[[4, 2], [3, 1], [6, 1], [9, 1], [0, 1], [5, 0], [1, 1], [7, 0], [8, 0], [2, 2]]
2026-03-24 17:26:49,071 - INFO - episode:206 reward:1.5 Actions:[[6, 5], [5, 5], [3, 3], [4, 3], [7, 0], [8, 0], [2, 1], [1, 4], [9, 0], [0, 3]]
2026-03-24 17:26:49,093 - INFO - episode:207 reward:3.5999999999999996 Actions:[[5, 1], [4, 2], [9, 5], [1, 0], [3, 4], [7, 2], [0, 0], [2, 4], [6, 0], [8, 0]]
2026-03-24 17:26:49,115 - INFO - episode:208 reward:3.5999999999999996 Actions:[[0, 3], [3, 1], [7, 3], [5, 2], [9, 2], [2, 3], [1, 1], [4, 2], [8, 2], [6, 1]]
2026-03-24 17:26:49,137 - INFO - episode:209 reward:0.30000000000000004 Actions:[[1, 1], [3, 2], [8, 1], [6, 3], [2, 0], [7, 1], [9, 1], [0, 1], [5, 0], [4, 1]]
2026-03-24 17:26:49,161 - INFO - episode:210 reward:4.5 Actions:[[4, 3], [2, 3], [1, 0], [0, 2], [9, 2], [7, 3], [3, 2], [8, 1], [5, 0], [6, 3]]
2026-03-24 17:26:49,183 - INFO - episode:211 reward:1.0 Actions:[[5, 3], [7, 0], [4, 1], [2, 4], [8, 0], [1, 5], [9, 1], [6, 2], [3, 1], [0, 2]]
2026-03-24 17:26:49,204 - INFO - episode:212 reward:2.1 Actions:[[3, 1], [7, 1], [8, 2], [0, 1], [5, 3], [2, 0], [4, 2], [6, 2], [9, 5], [1, 1]]
2026-03-24 17:26:49,229 - INFO - episode:213 reward:47.03044430245273 Actions:[[4, 2], [3, 2], [5, 4], [9, 3], [7, 0], [1, 4], [0, 0], [6, 3], [2, 0], [8, 5]]
2026-03-24 17:26:49,251 - INFO - episode:214 reward:2.1 Actions:[[7, 0], [3, 0], [1, 1], [4, 4], [5, 0], [0, 1], [8, 1], [6, 1], [9, 2], [2, 2]]
2026-03-24 17:26:49,274 - INFO - episode:215 reward:1.0 Actions:[[9, 2], [1, 1], [6, 1], [3, 3], [5, 1], [0, 1], [4, 1], [2, 3], [8, 1], [7, 3]]
2026-03-24 17:26:49,295 - INFO - episode:216 reward:2.1 Actions:[[4, 1], [5, 3], [3, 1], [7, 0], [2, 2], [9, 0], [8, 1], [1, 1], [6, 0], [0, 2]]
2026-03-24 17:26:49,317 - INFO - episode:217 reward:0.30000000000000004 Actions:[[5, 0], [2, 1], [8, 1], [4, 4], [7, 2], [6, 1], [0, 0], [9, 0], [3, 1], [1, 1]]
2026-03-24 17:26:49,343 - INFO - episode:218 reward:4.5 Actions:[[8, 1], [9, 3], [4, 3], [7, 2], [0, 0], [6, 0], [1, 2], [3, 0], [2, 3], [5, 5]]
2026-03-24 17:26:49,368 - INFO - episode:219 reward:32.93240515435255 Actions:[[7, 4], [9, 1], [4, 0], [6, 1], [2, 1], [3, 0], [1, 2], [0, 0], [5, 3], [8, 1]]
2026-03-24 17:26:49,390 - INFO - episode:220 reward:1.0 Actions:[[2, 3], [6, 1], [3, 2], [7, 2], [1, 2], [8, 3], [4, 2], [0, 2], [9, 2], [5, 0]]
2026-03-24 17:26:49,413 - INFO - episode:221 reward:0.6000000000000001 Actions:[[3, 1], [9, 2], [1, 3], [8, 1], [6, 0], [0, 3], [5, 3], [4, 3], [2, 1], [7, 0]]
2026-03-24 17:26:49,435 - INFO - episode:222 reward:3.5999999999999996 Actions:[[2, 1], [0, 1], [9, 0], [6, 3], [4, 2], [5, 2], [1, 4], [3, 4], [8, 0], [7, 0]]
2026-03-24 17:26:49,457 - INFO - episode:223 reward:0.30000000000000004 Actions:[[0, 2], [8, 3], [6, 3], [7, 4], [5, 1], [2, 0], [4, 3], [9, 1], [1, 1], [3, 1]]
2026-03-24 17:26:49,479 - INFO - episode:224 reward:0.1 Actions:[[8, 1], [7, 1], [3, 0], [6, 1], [1, 0], [0, 2], [2, 3], [9, 2], [5, 2], [4, 0]]
2026-03-24 17:26:49,501 - INFO - episode:225 reward:1.0 Actions:[[3, 0], [2, 0], [6, 1], [9, 4], [1, 0], [7, 3], [0, 1], [5, 2], [8, 1], [4, 1]]
2026-03-24 17:26:49,524 - INFO - episode:226 reward:1.0 Actions:[[7, 2], [2, 0], [9, 1], [1, 0], [5, 0], [6, 1], [4, 0], [0, 2], [8, 1], [3, 1]]
2026-03-24 17:26:49,546 - INFO - episode:227 reward:1.0 Actions:[[5, 1], [9, 1], [2, 3], [1, 0], [8, 3], [3, 2], [4, 0], [6, 2], [0, 1], [7, 1]]
2026-03-24 17:26:49,568 - INFO - episode:228 reward:0.30000000000000004 Actions:[[2, 3], [6, 3], [8, 3], [3, 4], [5, 0], [7, 4], [9, 1], [0, 0], [4, 0], [1, 2]]
2026-03-24 17:26:49,589 - INFO - episode:229 reward:1.5 Actions:[[1, 1], [7, 1], [3, 2], [2, 2], [4, 0], [6, 1], [9, 1], [5, 1], [8, 1], [0, 0]]
2026-03-24 17:26:49,610 - INFO - episode:230 reward:1.5 Actions:[[2, 1], [3, 1], [9, 2], [4, 1], [7, 0], [8, 0], [1, 4], [5, 2], [0, 2], [6, 1]]
2026-03-24 17:26:49,632 - INFO - episode:231 reward:2.1 Actions:[[6, 5], [8, 4], [9, 0], [5, 1], [4, 0], [0, 0], [1, 0], [3, 1], [7, 4], [2, 0]]
2026-03-24 17:26:49,653 - INFO - episode:232 reward:1.5 Actions:[[4, 1], [6, 1], [2, 4], [8, 0], [9, 4], [0, 0], [7, 1], [3, 0], [1, 1], [5, 2]]
2026-03-24 17:26:49,675 - INFO - episode:233 reward:0.30000000000000004 Actions:[[2, 0], [1, 0], [0, 0], [5, 1], [3, 1], [7, 1], [4, 1], [8, 1], [9, 1], [6, 0]]
2026-03-24 17:26:49,701 - INFO - episode:234 reward:21.841072383936307 Actions:[[4, 3], [8, 5], [0, 3], [3, 2], [5, 1], [2, 4], [1, 2], [9, 0], [6, 1], [7, 1]]
2026-03-24 17:26:49,723 - INFO - episode:235 reward:0.30000000000000004 Actions:[[6, 3], [8, 1], [0, 1], [7, 2], [4, 0], [1, 0], [3, 5], [5, 1], [9, 0], [2, 1]]
2026-03-24 17:26:49,745 - INFO - episode:236 reward:1.5 Actions:[[4, 1], [7, 0], [1, 0], [0, 2], [3, 1], [5, 0], [2, 2], [8, 0], [6, 1], [9, 4]]
2026-03-24 17:26:49,767 - INFO - episode:237 reward:0.30000000000000004 Actions:[[9, 1], [5, 3], [8, 1], [7, 0], [2, 0], [1, 0], [3, 0], [0, 0], [6, 5], [4, 1]]
2026-03-24 17:26:49,789 - INFO - episode:238 reward:2.1 Actions:[[3, 2], [0, 3], [6, 1], [1, 2], [2, 1], [8, 0], [7, 2], [5, 1], [9, 1], [4, 1]]
2026-03-24 17:26:49,810 - INFO - episode:239 reward:1.5 Actions:[[4, 0], [1, 5], [6, 2], [0, 0], [7, 3], [8, 2], [2, 0], [5, 1], [3, 0], [9, 2]]
2026-03-24 17:26:49,831 - INFO - episode:240 reward:2.8 Actions:[[2, 2], [3, 3], [0, 2], [4, 3], [5, 0], [6, 1], [7, 2], [1, 3], [8, 1], [9, 5]]
2026-03-24 17:26:49,852 - INFO - episode:241 reward:2.8 Actions:[[9, 0], [0, 1], [3, 3], [6, 1], [7, 2], [4, 1], [5, 2], [1, 2], [2, 1], [8, 1]]
2026-03-24 17:26:49,873 - INFO - episode:242 reward:1.0 Actions:[[4, 1], [0, 1], [7, 0], [2, 0], [1, 0], [5, 4], [9, 0], [8, 1], [6, 2], [3, 1]]
2026-03-24 17:26:49,894 - INFO - episode:243 reward:1.5 Actions:[[1, 1], [0, 1], [2, 4], [9, 0], [6, 0], [7, 1], [3, 5], [8, 1], [4, 1], [5, 0]]
2026-03-24 17:26:49,915 - INFO - episode:244 reward:0.6000000000000001 Actions:[[8, 0], [6, 1], [7, 1], [5, 0], [1, 1], [9, 0], [4, 0], [3, 2], [0, 1], [2, 0]]
2026-03-24 17:26:49,940 - INFO - episode:245 reward:4.5 Actions:[[0, 5], [1, 2], [8, 3], [4, 5], [6, 4], [9, 0], [7, 2], [3, 0], [5, 0], [2, 0]]
2026-03-24 17:26:49,961 - INFO - episode:246 reward:2.1 Actions:[[1, 1], [2, 2], [7, 4], [9, 3], [6, 0], [4, 1], [8, 1], [3, 4], [0, 0], [5, 0]]
2026-03-24 17:26:49,982 - INFO - episode:247 reward:1.0 Actions:[[1, 1], [6, 1], [4, 2], [8, 4], [0, 4], [3, 1], [7, 0], [2, 5], [9, 0], [5, 5]]
2026-03-24 17:26:50,006 - INFO - episode:248 reward:4.5 Actions:[[3, 1], [1, 2], [2, 4], [0, 2], [4, 1], [5, 1], [8, 3], [9, 4], [7, 0], [6, 2]]
2026-03-24 17:26:50,027 - INFO - episode:249 reward:2.8 Actions:[[6, 1], [4, 4], [5, 2], [9, 0], [0, 1], [2, 1], [3, 0], [8, 1], [1, 2], [7, 0]]
2026-03-24 17:26:50,049 - INFO - episode:250 reward:2.1 Actions:[[4, 2], [2, 4], [9, 1], [0, 2], [1, 1], [3, 3], [5, 1], [8, 1], [6, 1], [7, 1]]
2026-03-24 17:26:50,070 - INFO - episode:251 reward:1.0 Actions:[[0, 3], [4, 4], [1, 2], [8, 1], [2, 1], [9, 3], [7, 1], [3, 1], [5, 2], [6, 1]]
2026-03-24 17:26:50,091 - INFO - episode:252 reward:0.30000000000000004 Actions:[[4, 1], [2, 1], [8, 1], [7, 0], [1, 0], [3, 0], [0, 1], [5, 0], [9, 0], [6, 0]]
2026-03-24 17:26:50,112 - INFO - episode:253 reward:2.1 Actions:[[1, 0], [0, 3], [6, 1], [2, 4], [9, 0], [4, 1], [5, 0], [3, 1], [7, 0], [8, 1]]
2026-03-24 17:26:50,133 - INFO - episode:254 reward:1.5 Actions:[[5, 1], [4, 4], [2, 0], [6, 0], [7, 0], [1, 0], [8, 1], [0, 4], [9, 3], [3, 4]]
2026-03-24 17:26:50,155 - INFO - episode:255 reward:1.0 Actions:[[6, 1], [4, 1], [8, 0], [9, 1], [3, 1], [2, 3], [1, 0], [7, 2], [0, 2], [5, 3]]
2026-03-24 17:26:50,176 - INFO - episode:256 reward:1.5 Actions:[[0, 3], [6, 0], [3, 1], [4, 2], [7, 0], [8, 3], [2, 1], [5, 0], [1, 1], [9, 1]]
2026-03-24 17:26:50,197 - INFO - episode:257 reward:0.1 Actions:[[4, 2], [8, 2], [9, 5], [0, 1], [2, 1], [7, 0], [1, 0], [3, 1], [5, 0], [6, 0]]
2026-03-24 17:26:50,218 - INFO - episode:258 reward:1.0 Actions:[[1, 0], [5, 0], [8, 1], [7, 4], [4, 1], [3, 5], [0, 1], [6, 0], [2, 0], [9, 3]]
2026-03-24 17:26:50,239 - INFO - episode:259 reward:0.1 Actions:[[2, 2], [8, 2], [4, 3], [7, 2], [6, 2], [3, 4], [5, 0], [9, 0], [1, 0], [0, 3]]
2026-03-24 17:26:50,260 - INFO - episode:260 reward:1.0 Actions:[[1, 1], [7, 3], [4, 0], [9, 2], [8, 1], [3, 2], [0, 1], [5, 1], [2, 2], [6, 0]]
2026-03-24 17:26:50,282 - INFO - episode:261 reward:2.8 Actions:[[7, 3], [3, 1], [2, 0], [9, 1], [5, 4], [4, 2], [6, 2], [8, 2], [1, 2], [0, 0]]
2026-03-24 17:26:50,303 - INFO - episode:262 reward:2.1 Actions:[[4, 2], [8, 3], [9, 2], [5, 1], [2, 1], [0, 1], [6, 1], [3, 1], [1, 2], [7, 4]]
2026-03-24 17:26:50,325 - INFO - episode:263 reward:3.5999999999999996 Actions:[[2, 2], [4, 2], [8, 0], [0, 1], [3, 1], [7, 2], [5, 5], [6, 1], [9, 1], [1, 3]]
2026-03-24 17:26:50,347 - INFO - episode:264 reward:1.0 Actions:[[0, 1], [4, 1], [5, 0], [7, 1], [1, 1], [6, 1], [3, 1], [9, 0], [2, 4], [8, 2]]
2026-03-24 17:26:50,369 - INFO - episode:265 reward:1.0 Actions:[[9, 4], [6, 0], [2, 0], [3, 1], [8, 0], [5, 4], [4, 1], [7, 0], [0, 1], [1, 0]]
2026-03-24 17:26:50,394 - INFO - episode:266 reward:68.91174803955033 Actions:[[5, 2], [0, 3], [2, 2], [1, 0], [9, 1], [4, 3], [7, 2], [3, 0], [6, 1], [8, 3]]
2026-03-24 17:26:50,417 - INFO - episode:267 reward:1.0 Actions:[[2, 3], [1, 1], [6, 0], [4, 1], [9, 1], [3, 1], [5, 0], [0, 2], [8, 0], [7, 2]]
2026-03-24 17:26:50,439 - INFO - episode:268 reward:0.1 Actions:[[1, 3], [8, 3], [0, 3], [7, 3], [3, 4], [5, 0], [6, 0], [2, 0], [4, 1], [9, 0]]
2026-03-24 17:26:50,464 - INFO - episode:269 reward:4.5 Actions:[[2, 5], [8, 0], [0, 1], [6, 1], [1, 2], [4, 3], [3, 2], [7, 3], [9, 1], [5, 1]]
2026-03-24 17:26:50,486 - INFO - episode:270 reward:0.6000000000000001 Actions:[[7, 3], [5, 2], [8, 1], [1, 1], [2, 2], [6, 2], [9, 2], [4, 1], [0, 1], [3, 0]]
2026-03-24 17:26:50,508 - INFO - episode:271 reward:2.8 Actions:[[5, 1], [3, 2], [6, 2], [1, 1], [2, 5], [9, 2], [7, 3], [8, 1], [4, 0], [0, 0]]
2026-03-24 17:26:50,530 - INFO - episode:272 reward:2.8 Actions:[[1, 3], [3, 0], [4, 3], [0, 2], [5, 2], [7, 1], [9, 2], [8, 2], [2, 0], [6, 1]]
2026-03-24 17:26:50,552 - INFO - episode:273 reward:1.0 Actions:[[4, 0], [8, 1], [5, 2], [6, 2], [1, 1], [9, 1], [2, 2], [7, 0], [3, 3], [0, 1]]
2026-03-24 17:26:50,575 - INFO - episode:274 reward:2.8 Actions:[[7, 0], [0, 3], [3, 2], [9, 1], [4, 4], [2, 2], [6, 2], [8, 3], [5, 0], [1, 4]]
2026-03-24 17:26:50,597 - INFO - episode:275 reward:1.0 Actions:[[2, 2], [1, 3], [7, 0], [5, 1], [8, 3], [0, 2], [4, 0], [3, 1], [6, 5], [9, 0]]
2026-03-24 17:26:50,622 - INFO - episode:276 reward:17.349964591589924 Actions:[[4, 3], [2, 2], [1, 1], [3, 3], [9, 1], [0, 4], [7, 3], [6, 2], [5, 4], [8, 0]]
2026-03-24 17:26:50,644 - INFO - episode:277 reward:1.0 Actions:[[2, 1], [0, 0], [3, 1], [5, 0], [1, 1], [4, 0], [7, 1], [9, 1], [6, 4], [8, 0]]
2026-03-24 17:26:50,669 - INFO - episode:278 reward:4.5 Actions:[[3, 1], [4, 2], [2, 1], [1, 3], [7, 2], [5, 1], [9, 2], [6, 0], [0, 3], [8, 0]]
2026-03-24 17:26:50,691 - INFO - episode:279 reward:1.0 Actions:[[2, 1], [7, 2], [1, 1], [5, 2], [8, 1], [4, 0], [9, 1], [3, 4], [0, 0], [6, 2]]
2026-03-24 17:26:50,713 - INFO - episode:280 reward:2.8 Actions:[[5, 2], [3, 3], [0, 2], [6, 2], [4, 3], [7, 1], [8, 4], [9, 4], [1, 2], [2, 1]]
2026-03-24 17:26:50,739 - INFO - episode:281 reward:55.71337991841979 Actions:[[8, 3], [6, 0], [7, 2], [0, 1], [5, 1], [2, 1], [4, 4], [9, 0], [1, 4], [3, 0]]
2026-03-24 17:26:50,761 - INFO - episode:282 reward:1.0 Actions:[[4, 1], [2, 3], [7, 1], [6, 0], [8, 1], [1, 1], [5, 2], [0, 1], [9, 0], [3, 0]]
2026-03-24 17:26:50,783 - INFO - episode:283 reward:1.5 Actions:[[1, 0], [9, 5], [3, 1], [2, 0], [0, 1], [4, 0], [6, 1], [8, 0], [7, 1], [5, 1]]
2026-03-24 17:26:50,804 - INFO - episode:284 reward:1.0 Actions:[[6, 0], [1, 0], [0, 1], [9, 3], [4, 0], [3, 1], [5, 0], [2, 0], [8, 1], [7, 3]]
2026-03-24 17:26:50,825 - INFO - episode:285 reward:2.8 Actions:[[9, 3], [5, 0], [6, 0], [7, 1], [0, 1], [4, 2], [1, 2], [2, 2], [8, 0], [3, 1]]
2026-03-24 17:26:50,846 - INFO - episode:286 reward:1.0 Actions:[[5, 0], [4, 4], [0, 1], [9, 0], [1, 0], [2, 0], [6, 0], [7, 0], [8, 0], [3, 0]]
2026-03-24 17:26:50,868 - INFO - episode:287 reward:1.0 Actions:[[8, 0], [0, 1], [5, 1], [3, 4], [1, 0], [9, 2], [4, 2], [6, 2], [2, 1], [7, 1]]
2026-03-24 17:26:50,890 - INFO - episode:288 reward:1.0 Actions:[[0, 3], [9, 2], [1, 3], [8, 4], [2, 3], [6, 4], [3, 1], [5, 2], [4, 2], [7, 1]]
2026-03-24 17:26:50,912 - INFO - episode:289 reward:0.30000000000000004 Actions:[[3, 0], [9, 1], [8, 1], [2, 0], [7, 1], [4, 1], [0, 0], [1, 2], [6, 2], [5, 0]]
2026-03-24 17:26:50,938 - INFO - episode:290 reward:4.5 Actions:[[9, 1], [0, 3], [2, 2], [6, 3], [5, 2], [7, 2], [4, 0], [1, 1], [8, 5], [3, 1]]
2026-03-24 17:26:50,960 - INFO - episode:291 reward:3.5999999999999996 Actions:[[4, 1], [5, 4], [0, 3], [6, 2], [9, 3], [3, 0], [7, 3], [2, 0], [8, 2], [1, 2]]
2026-03-24 17:26:50,982 - INFO - episode:292 reward:1.5 Actions:[[2, 3], [8, 2], [4, 0], [1, 1], [7, 1], [0, 1], [3, 0], [5, 0], [9, 2], [6, 5]]
2026-03-24 17:26:51,004 - INFO - episode:293 reward:1.5 Actions:[[5, 5], [1, 1], [4, 1], [7, 3], [3, 2], [6, 1], [2, 1], [0, 1], [8, 3], [9, 1]]
2026-03-24 17:26:51,027 - INFO - episode:294 reward:0.30000000000000004 Actions:[[3, 1], [9, 0], [8, 0], [4, 2], [1, 0], [2, 1], [6, 1], [7, 1], [0, 2], [5, 3]]
2026-03-24 17:26:51,049 - INFO - episode:295 reward:1.5 Actions:[[9, 3], [3, 2], [5, 2], [1, 3], [8, 1], [4, 1], [2, 3], [6, 3], [0, 3], [7, 4]]
2026-03-24 17:26:51,074 - INFO - episode:296 reward:8.96314665163518 Actions:[[1, 1], [6, 2], [3, 0], [0, 2], [2, 2], [7, 1], [8, 4], [4, 5], [9, 0], [5, 1]]
2026-03-24 17:26:51,096 - INFO - episode:297 reward:2.1 Actions:[[9, 0], [0, 3], [5, 1], [4, 3], [2, 1], [6, 3], [1, 1], [8, 0], [3, 2], [7, 1]]
2026-03-24 17:26:51,119 - INFO - episode:298 reward:2.8 Actions:[[1, 1], [7, 1], [6, 2], [3, 0], [2, 2], [5, 0], [4, 3], [0, 1], [8, 3], [9, 1]]
2026-03-24 17:26:51,141 - INFO - episode:299 reward:0.6000000000000001 Actions:[[4, 2], [9, 3], [6, 1], [8, 1], [1, 3], [2, 2], [5, 4], [3, 2], [7, 0], [0, 2]]
2026-03-24 17:26:51,163 - INFO - episode:300 reward:2.1 Actions:[[3, 3], [0, 0], [5, 1], [4, 1], [6, 2], [9, 1], [8, 2], [7, 1], [1, 2], [2, 0]]
2026-03-24 17:26:51,185 - INFO - episode:301 reward:1.5 Actions:[[0, 2], [5, 0], [3, 0], [4, 2], [9, 0], [8, 0], [2, 2], [7, 1], [6, 1], [1, 1]]
2026-03-24 17:26:51,207 - INFO - episode:302 reward:0.1 Actions:[[8, 0], [3, 0], [4, 3], [7, 1], [6, 1], [5, 4], [9, 1], [0, 0], [2, 1], [1, 0]]
2026-03-24 17:26:51,230 - INFO - episode:303 reward:2.1 Actions:[[3, 5], [5, 3], [8, 2], [1, 3], [2, 1], [7, 0], [4, 2], [6, 3], [0, 1], [9, 0]]
2026-03-24 17:26:51,252 - INFO - episode:304 reward:0.6000000000000001 Actions:[[7, 0], [1, 0], [2, 1], [8, 0], [3, 2], [6, 2], [4, 0], [0, 1], [9, 1], [5, 1]]
2026-03-24 17:26:51,274 - INFO - episode:305 reward:0.30000000000000004 Actions:[[7, 1], [4, 0], [8, 0], [6, 0], [1, 1], [3, 1], [2, 0], [9, 0], [5, 0], [0, 1]]
2026-03-24 17:26:51,296 - INFO - episode:306 reward:1.0 Actions:[[0, 3], [8, 1], [7, 3], [9, 0], [1, 3], [6, 1], [5, 5], [3, 4], [4, 0], [2, 3]]
2026-03-24 17:26:51,319 - INFO - episode:307 reward:0.30000000000000004 Actions:[[1, 1], [8, 3], [4, 3], [9, 3], [3, 1], [2, 0], [0, 4], [7, 4], [6, 2], [5, 1]]
2026-03-24 17:26:51,340 - INFO - episode:308 reward:2.8 Actions:[[5, 3], [4, 0], [1, 2], [9, 2], [7, 0], [6, 0], [3, 3], [2, 0], [8, 1], [0, 3]]
2026-03-24 17:26:51,362 - INFO - episode:309 reward:0.30000000000000004 Actions:[[4, 0], [5, 1], [8, 0], [9, 2], [0, 0], [2, 1], [6, 1], [3, 0], [1, 0], [7, 3]]
2026-03-24 17:26:51,384 - INFO - episode:310 reward:0.30000000000000004 Actions:[[2, 3], [7, 0], [8, 3], [1, 3], [0, 1], [3, 2], [6, 4], [9, 3], [4, 3], [5, 3]]
2026-03-24 17:26:51,407 - INFO - episode:311 reward:1.5 Actions:[[0, 0], [6, 1], [3, 0], [2, 1], [9, 1], [7, 1], [4, 1], [1, 1], [5, 2], [8, 2]]
2026-03-24 17:26:51,432 - INFO - episode:312 reward:4.5 Actions:[[5, 2], [7, 3], [2, 5], [0, 4], [6, 3], [4, 0], [3, 1], [1, 0], [9, 2], [8, 1]]
2026-03-24 17:26:51,454 - INFO - episode:313 reward:1.5 Actions:[[5, 3], [0, 0], [3, 0], [6, 2], [7, 1], [8, 1], [4, 0], [2, 0], [1, 0], [9, 1]]
2026-03-24 17:26:51,475 - INFO - episode:314 reward:0.6000000000000001 Actions:[[0, 1], [3, 0], [2, 3], [8, 1], [7, 2], [4, 2], [1, 1], [9, 2], [5, 0], [6, 0]]
2026-03-24 17:26:51,496 - INFO - episode:315 reward:2.8 Actions:[[7, 1], [2, 3], [3, 1], [6, 0], [1, 4], [0, 4], [5, 1], [9, 1], [4, 1], [8, 1]]
2026-03-24 17:26:51,519 - INFO - episode:316 reward:3.5999999999999996 Actions:[[0, 2], [2, 1], [7, 0], [6, 2], [4, 3], [9, 1], [3, 1], [5, 0], [1, 2], [8, 2]]
2026-03-24 17:26:51,541 - INFO - episode:317 reward:2.1 Actions:[[8, 2], [4, 0], [1, 0], [6, 1], [9, 1], [5, 1], [0, 0], [2, 0], [7, 0], [3, 1]]
2026-03-24 17:26:51,563 - INFO - episode:318 reward:0.1 Actions:[[8, 1], [5, 1], [0, 3], [6, 2], [9, 5], [1, 2], [7, 1], [2, 5], [3, 3], [4, 1]]
2026-03-24 17:26:51,585 - INFO - episode:319 reward:1.5 Actions:[[6, 1], [3, 0], [0, 1], [2, 0], [4, 1], [9, 1], [8, 1], [5, 3], [7, 0], [1, 2]]
2026-03-24 17:26:51,608 - INFO - episode:320 reward:2.1 Actions:[[1, 2], [4, 0], [7, 2], [8, 3], [9, 0], [2, 0], [6, 2], [3, 0], [5, 0], [0, 1]]
2026-03-24 17:26:51,630 - INFO - episode:321 reward:0.6000000000000001 Actions:[[2, 1], [3, 1], [6, 0], [8, 0], [4, 4], [5, 0], [1, 4], [9, 2], [7, 4], [0, 2]]
2026-03-24 17:26:51,651 - INFO - episode:322 reward:0.30000000000000004 Actions:[[8, 0], [7, 1], [6, 0], [9, 4], [0, 0], [3, 0], [5, 0], [2, 4], [4, 1], [1, 2]]
2026-03-24 17:26:51,672 - INFO - episode:323 reward:0.6000000000000001 Actions:[[6, 3], [3, 1], [0, 0], [8, 1], [9, 3], [5, 5], [1, 0], [7, 2], [4, 3], [2, 1]]
2026-03-24 17:26:51,694 - INFO - episode:324 reward:1.5 Actions:[[1, 2], [5, 0], [2, 1], [0, 1], [4, 1], [9, 1], [3, 0], [8, 1], [7, 0], [6, 1]]
2026-03-24 17:26:51,716 - INFO - episode:325 reward:2.8 Actions:[[5, 3], [6, 1], [2, 4], [4, 1], [1, 5], [0, 1], [8, 0], [7, 0], [3, 0], [9, 0]]
2026-03-24 17:26:51,737 - INFO - episode:326 reward:1.5 Actions:[[4, 1], [2, 1], [8, 0], [9, 5], [3, 4], [0, 0], [5, 4], [7, 0], [1, 4], [6, 0]]
2026-03-24 17:26:51,762 - INFO - episode:327 reward:16.701296895105997 Actions:[[6, 2], [0, 5], [4, 2], [2, 2], [7, 3], [3, 5], [8, 0], [1, 1], [9, 1], [5, 4]]
2026-03-24 17:26:51,784 - INFO - episode:328 reward:1.5 Actions:[[0, 1], [5, 2], [8, 4], [6, 0], [9, 0], [1, 0], [4, 0], [7, 1], [2, 4], [3, 1]]
2026-03-24 17:26:51,805 - INFO - episode:329 reward:0.30000000000000004 Actions:[[6, 3], [8, 0], [1, 0], [3, 0], [7, 3], [9, 0], [2, 0], [5, 0], [0, 0], [4, 0]]
2026-03-24 17:26:51,827 - INFO - episode:330 reward:3.5999999999999996 Actions:[[4, 1], [9, 4], [2, 2], [6, 3], [8, 0], [5, 3], [7, 1], [0, 2], [1, 2], [3, 1]]
2026-03-24 17:26:51,850 - INFO - episode:331 reward:0.6000000000000001 Actions:[[0, 0], [1, 1], [3, 1], [6, 1], [5, 4], [2, 0], [8, 0], [4, 1], [7, 0], [9, 0]]
2026-03-24 17:26:51,872 - INFO - episode:332 reward:0.6000000000000001 Actions:[[7, 1], [0, 1], [3, 0], [8, 0], [9, 2], [6, 1], [4, 1], [5, 1], [1, 1], [2, 1]]
2026-03-24 17:26:51,895 - INFO - episode:333 reward:1.5 Actions:[[9, 2], [0, 1], [2, 0], [1, 3], [3, 1], [8, 1], [4, 3], [7, 0], [6, 2], [5, 3]]
2026-03-24 17:26:51,916 - INFO - episode:334 reward:2.1 Actions:[[0, 1], [1, 0], [9, 5], [3, 4], [2, 1], [6, 0], [4, 0], [8, 0], [7, 0], [5, 0]]
2026-03-24 17:26:51,937 - INFO - episode:335 reward:0.1 Actions:[[8, 1], [2, 1], [4, 0], [7, 0], [9, 1], [6, 2], [1, 1], [0, 0], [3, 0], [5, 5]]
2026-03-24 17:26:51,959 - INFO - episode:336 reward:2.1 Actions:[[2, 2], [4, 0], [3, 0], [9, 1], [6, 0], [5, 1], [8, 0], [1, 4], [0, 1], [7, 0]]
2026-03-24 17:26:51,980 - INFO - episode:337 reward:2.8 Actions:[[6, 1], [7, 2], [5, 0], [2, 2], [9, 3], [1, 1], [0, 0], [8, 1], [3, 0], [4, 0]]
2026-03-24 17:26:52,002 - INFO - episode:338 reward:0.1 Actions:[[8, 2], [4, 2], [2, 3], [9, 3], [5, 1], [7, 5], [1, 0], [3, 0], [6, 0], [0, 1]]
2026-03-24 17:26:52,024 - INFO - episode:339 reward:2.1 Actions:[[6, 1], [5, 1], [0, 0], [3, 3], [2, 0], [1, 3], [9, 3], [8, 2], [7, 1], [4, 0]]
2026-03-24 17:26:52,045 - INFO - episode:340 reward:3.5999999999999996 Actions:[[9, 2], [1, 2], [0, 3], [3, 3], [4, 4], [6, 1], [2, 0], [7, 0], [8, 0], [5, 1]]
2026-03-24 17:26:52,067 - INFO - episode:341 reward:2.8 Actions:[[6, 2], [1, 2], [4, 4], [9, 0], [3, 0], [7, 0], [0, 1], [8, 2], [2, 4], [5, 1]]
2026-03-24 17:26:52,088 - INFO - episode:342 reward:1.5 Actions:[[7, 0], [8, 1], [9, 2], [1, 2], [3, 3], [0, 1], [5, 2], [6, 1], [4, 1], [2, 0]]
2026-03-24 17:26:52,110 - INFO - episode:343 reward:1.5 Actions:[[9, 1], [4, 2], [7, 2], [2, 0], [5, 2], [8, 1], [0, 1], [6, 4], [3, 2], [1, 1]]
2026-03-24 17:26:52,131 - INFO - episode:344 reward:2.1 Actions:[[2, 1], [5, 0], [3, 0], [9, 1], [7, 1], [4, 2], [8, 2], [6, 1], [0, 1], [1, 1]]
2026-03-24 17:26:52,156 - INFO - episode:345 reward:4.5 Actions:[[1, 3], [0, 0], [9, 4], [7, 0], [2, 3], [3, 1], [5, 2], [6, 2], [4, 1], [8, 3]]
2026-03-24 17:26:52,177 - INFO - episode:346 reward:1.5 Actions:[[7, 1], [4, 1], [3, 0], [9, 1], [1, 5], [2, 1], [5, 0], [0, 0], [8, 1], [6, 4]]
2026-03-24 17:26:52,198 - INFO - episode:347 reward:2.8 Actions:[[3, 1], [4, 2], [9, 5], [5, 0], [8, 3], [1, 2], [7, 1], [2, 2], [0, 2], [6, 1]]
2026-03-24 17:26:52,220 - INFO - episode:348 reward:2.8 Actions:[[1, 0], [2, 0], [8, 3], [7, 4], [6, 4], [3, 1], [0, 1], [5, 0], [4, 1], [9, 0]]
2026-03-24 17:26:52,241 - INFO - episode:349 reward:1.5 Actions:[[8, 2], [5, 1], [3, 3], [9, 1], [0, 1], [7, 1], [4, 1], [2, 1], [1, 0], [6, 0]]
2026-03-24 17:26:52,262 - INFO - episode:350 reward:3.5999999999999996 Actions:[[2, 3], [4, 3], [3, 1], [6, 0], [0, 4], [9, 1], [7, 3], [1, 2], [8, 4], [5, 0]]
2026-03-24 17:26:52,284 - INFO - episode:351 reward:3.5999999999999996 Actions:[[4, 1], [8, 3], [7, 0], [9, 0], [5, 1], [6, 0], [0, 4], [2, 1], [3, 0], [1, 0]]
2026-03-24 17:26:52,305 - INFO - episode:352 reward:0.30000000000000004 Actions:[[2, 3], [9, 1], [8, 1], [7, 0], [4, 2], [5, 1], [3, 0], [6, 0], [1, 2], [0, 3]]
2026-03-24 17:26:52,326 - INFO - episode:353 reward:0.30000000000000004 Actions:[[8, 2], [7, 0], [9, 2], [5, 2], [4, 0], [3, 2], [0, 1], [2, 2], [1, 1], [6, 0]]
2026-03-24 17:26:52,351 - INFO - episode:354 reward:23.81343739675258 Actions:[[6, 0], [0, 5], [3, 0], [2, 1], [7, 4], [9, 2], [8, 3], [1, 2], [5, 0], [4, 3]]
2026-03-24 17:26:52,373 - INFO - episode:355 reward:0.30000000000000004 Actions:[[2, 2], [0, 1], [8, 2], [3, 1], [4, 0], [9, 0], [1, 0], [5, 1], [7, 5], [6, 1]]
2026-03-24 17:26:52,396 - INFO - episode:356 reward:3.5999999999999996 Actions:[[0, 2], [2, 3], [4, 0], [8, 1], [7, 2], [6, 0], [3, 3], [5, 3], [9, 1], [1, 0]]
2026-03-24 17:26:52,418 - INFO - episode:357 reward:1.5 Actions:[[6, 2], [1, 0], [9, 0], [5, 1], [4, 2], [8, 0], [7, 1], [0, 1], [2, 4], [3, 1]]
2026-03-24 17:26:52,443 - INFO - episode:358 reward:4.5 Actions:[[3, 0], [2, 3], [0, 3], [4, 3], [5, 2], [6, 1], [1, 1], [9, 2], [7, 0], [8, 0]]
2026-03-24 17:26:52,464 - INFO - episode:359 reward:0.6000000000000001 Actions:[[1, 1], [6, 1], [2, 2], [8, 2], [9, 1], [7, 0], [0, 1], [5, 0], [3, 0], [4, 0]]
2026-03-24 17:26:52,485 - INFO - episode:360 reward:1.0 Actions:[[1, 1], [0, 2], [7, 3], [3, 3], [8, 1], [5, 3], [6, 2], [4, 1], [9, 1], [2, 0]]
2026-03-24 17:26:52,507 - INFO - episode:361 reward:1.0 Actions:[[1, 1], [6, 1], [8, 0], [2, 2], [7, 0], [9, 4], [5, 4], [4, 2], [0, 1], [3, 0]]
2026-03-24 17:26:52,528 - INFO - episode:362 reward:1.0 Actions:[[7, 1], [8, 2], [5, 1], [0, 1], [6, 1], [4, 0], [2, 3], [9, 1], [3, 1], [1, 3]]
2026-03-24 17:26:52,550 - INFO - episode:363 reward:2.1 Actions:[[7, 2], [5, 1], [0, 3], [4, 2], [9, 4], [1, 1], [8, 3], [2, 1], [3, 3], [6, 1]]
2026-03-24 17:26:52,571 - INFO - episode:364 reward:2.8 Actions:[[1, 1], [7, 3], [3, 2], [4, 0], [2, 3], [9, 3], [0, 0], [8, 1], [6, 1], [5, 0]]
2026-03-24 17:26:52,592 - INFO - episode:365 reward:2.1 Actions:[[4, 1], [1, 0], [3, 5], [0, 2], [7, 2], [2, 2], [8, 1], [5, 4], [9, 1], [6, 1]]
2026-03-24 17:26:52,614 - INFO - episode:366 reward:2.1 Actions:[[3, 2], [0, 2], [6, 3], [4, 3], [7, 3], [9, 0], [2, 3], [8, 1], [5, 0], [1, 4]]
2026-03-24 17:26:52,635 - INFO - episode:367 reward:1.5 Actions:[[0, 2], [1, 1], [3, 1], [2, 4], [6, 0], [8, 1], [7, 3], [4, 2], [9, 0], [5, 1]]
2026-03-24 17:26:52,656 - INFO - episode:368 reward:1.5 Actions:[[1, 2], [2, 0], [5, 2], [3, 0], [7, 1], [8, 1], [9, 0], [6, 2], [0, 2], [4, 1]]
2026-03-24 17:26:52,678 - INFO - episode:369 reward:2.1 Actions:[[1, 1], [7, 1], [6, 3], [5, 0], [0, 3], [4, 0], [9, 1], [8, 0], [3, 1], [2, 1]]
2026-03-24 17:26:52,699 - INFO - episode:370 reward:1.0 Actions:[[6, 0], [4, 0], [1, 1], [3, 1], [2, 1], [0, 1], [8, 0], [9, 1], [5, 1], [7, 0]]
2026-03-24 17:26:52,720 - INFO - episode:371 reward:0.1 Actions:[[6, 1], [8, 1], [5, 2], [0, 1], [3, 2], [1, 0], [7, 1], [9, 1], [2, 0], [4, 4]]
2026-03-24 17:26:52,742 - INFO - episode:372 reward:1.0 Actions:[[6, 1], [7, 2], [9, 4], [1, 3], [8, 1], [3, 0], [5, 2], [2, 1], [0, 2], [4, 1]]
2026-03-24 17:26:52,763 - INFO - episode:373 reward:3.5999999999999996 Actions:[[1, 1], [6, 3], [2, 0], [9, 0], [4, 2], [0, 3], [7, 2], [3, 2], [8, 1], [5, 2]]
2026-03-24 17:26:52,784 - INFO - episode:374 reward:2.8 Actions:[[7, 2], [1, 3], [2, 0], [0, 0], [6, 3], [4, 2], [3, 1], [8, 2], [9, 2], [5, 1]]
2026-03-24 17:26:52,806 - INFO - episode:375 reward:1.5 Actions:[[0, 1], [7, 3], [8, 0], [9, 1], [5, 1], [3, 0], [6, 1], [2, 2], [4, 2], [1, 0]]
2026-03-24 17:26:52,828 - INFO - episode:376 reward:0.30000000000000004 Actions:[[9, 1], [8, 0], [2, 0], [5, 0], [1, 2], [6, 4], [7, 1], [0, 2], [3, 0], [4, 1]]
2026-03-24 17:26:52,851 - INFO - episode:377 reward:1.5 Actions:[[2, 1], [7, 1], [6, 3], [5, 2], [0, 3], [8, 2], [3, 0], [1, 2], [4, 3], [9, 2]]
2026-03-24 17:26:52,872 - INFO - episode:378 reward:3.5999999999999996 Actions:[[7, 0], [5, 1], [2, 0], [9, 2], [3, 0], [4, 4], [6, 5], [1, 1], [0, 0], [8, 0]]
2026-03-24 17:26:52,893 - INFO - episode:379 reward:1.0 Actions:[[9, 1], [8, 3], [4, 0], [6, 1], [2, 3], [0, 0], [5, 0], [1, 2], [3, 1], [7, 1]]
2026-03-24 17:26:52,918 - INFO - episode:380 reward:4.5 Actions:[[3, 3], [6, 0], [4, 2], [8, 1], [5, 0], [1, 3], [9, 0], [7, 4], [2, 2], [0, 0]]
2026-03-24 17:26:52,939 - INFO - episode:381 reward:1.0 Actions:[[9, 2], [3, 1], [0, 2], [8, 4], [6, 4], [2, 4], [4, 1], [5, 0], [1, 0], [7, 0]]
2026-03-24 17:26:52,963 - INFO - episode:382 reward:32.828211618516704 Actions:[[7, 2], [6, 1], [5, 2], [4, 1], [0, 2], [1, 0], [2, 1], [3, 3], [9, 0], [8, 1]]
2026-03-24 17:26:52,985 - INFO - episode:383 reward:2.1 Actions:[[9, 1], [5, 2], [0, 3], [2, 1], [8, 0], [4, 3], [6, 0], [1, 0], [7, 5], [3, 3]]
2026-03-24 17:26:53,006 - INFO - episode:384 reward:1.5 Actions:[[0, 0], [2, 0], [7, 1], [4, 1], [5, 3], [1, 0], [3, 1], [8, 2], [9, 4], [6, 1]]
2026-03-24 17:26:53,027 - INFO - episode:385 reward:1.5 Actions:[[1, 2], [7, 0], [8, 3], [3, 5], [0, 0], [2, 3], [4, 0], [6, 2], [9, 2], [5, 2]]
2026-03-24 17:26:53,048 - INFO - episode:386 reward:1.5 Actions:[[5, 3], [0, 1], [3, 0], [1, 0], [9, 5], [2, 0], [7, 1], [8, 1], [6, 2], [4, 2]]
2026-03-24 17:26:53,070 - INFO - episode:387 reward:1.5 Actions:[[2, 3], [1, 3], [4, 5], [5, 0], [0, 0], [8, 3], [3, 2], [7, 1], [9, 1], [6, 1]]
2026-03-24 17:26:53,091 - INFO - episode:388 reward:0.6000000000000001 Actions:[[8, 1], [6, 0], [5, 3], [7, 1], [1, 2], [0, 1], [2, 2], [9, 1], [4, 1], [3, 4]]
2026-03-24 17:26:53,112 - INFO - episode:389 reward:3.5999999999999996 Actions:[[9, 4], [3, 2], [0, 2], [7, 0], [2, 5], [4, 2], [5, 3], [1, 0], [6, 2], [8, 1]]
2026-03-24 17:26:53,133 - INFO - episode:390 reward:1.5 Actions:[[9, 0], [1, 0], [4, 1], [2, 4], [5, 1], [0, 0], [8, 4], [3, 1], [6, 0], [7, 0]]
2026-03-24 17:26:53,155 - INFO - episode:391 reward:1.5 Actions:[[7, 1], [0, 3], [9, 0], [4, 2], [1, 1], [8, 0], [2, 1], [3, 1], [6, 0], [5, 1]]
2026-03-24 17:26:53,176 - INFO - episode:392 reward:2.1 Actions:[[9, 1], [0, 2], [4, 4], [5, 3], [3, 3], [2, 0], [8, 3], [1, 4], [6, 0], [7, 0]]
2026-03-24 17:26:53,200 - INFO - episode:393 reward:4.5 Actions:[[9, 2], [7, 1], [4, 2], [6, 3], [8, 5], [5, 2], [1, 3], [2, 4], [0, 0], [3, 3]]
2026-03-24 17:26:53,222 - INFO - episode:394 reward:0.30000000000000004 Actions:[[8, 0], [0, 1], [9, 0], [7, 4], [2, 1], [1, 2], [3, 1], [4, 2], [5, 0], [6, 1]]
2026-03-24 17:26:53,243 - INFO - episode:395 reward:2.1 Actions:[[8, 0], [6, 5], [0, 2], [1, 2], [2, 1], [9, 1], [3, 0], [4, 0], [5, 0], [7, 1]]
2026-03-24 17:26:53,264 - INFO - episode:396 reward:0.6000000000000001 Actions:[[8, 0], [1, 2], [5, 3], [3, 0], [7, 2], [0, 4], [2, 4], [9, 4], [4, 0], [6, 5]]
2026-03-24 17:26:53,286 - INFO - episode:397 reward:1.0 Actions:[[6, 2], [5, 0], [0, 0], [7, 0], [8, 0], [2, 1], [1, 4], [9, 2], [3, 1], [4, 1]]
2026-03-24 17:26:53,307 - INFO - episode:398 reward:2.8 Actions:[[1, 0], [6, 1], [3, 1], [7, 0], [2, 2], [0, 1], [5, 5], [9, 0], [4, 5], [8, 1]]
2026-03-24 17:26:53,329 - INFO - episode:399 reward:1.5 Actions:[[1, 0], [0, 3], [6, 2], [7, 1], [3, 0], [5, 0], [9, 1], [8, 3], [2, 0], [4, 1]]
2026-03-24 17:26:53,351 - INFO - episode:400 reward:0.6000000000000001 Actions:[[1, 1], [7, 2], [5, 1], [9, 1], [6, 2], [2, 2], [8, 2], [4, 1], [3, 4], [0, 1]]
2026-03-24 17:26:53,374 - INFO - episode:401 reward:2.1 Actions:[[7, 2], [8, 0], [6, 2], [1, 1], [9, 2], [4, 4], [5, 0], [2, 3], [0, 2], [3, 1]]
2026-03-24 17:26:53,395 - INFO - episode:402 reward:0.6000000000000001 Actions:[[8, 0], [4, 1], [3, 5], [5, 0], [2, 5], [0, 1], [1, 2], [7, 0], [9, 4], [6, 4]]
2026-03-24 17:26:53,417 - INFO - episode:403 reward:2.1 Actions:[[3, 1], [4, 1], [0, 0], [7, 1], [9, 0], [6, 0], [8, 0], [5, 2], [1, 2], [2, 1]]
2026-03-24 17:26:53,439 - INFO - episode:404 reward:1.0 Actions:[[7, 0], [1, 1], [2, 3], [4, 3], [8, 0], [5, 3], [9, 0], [6, 0], [0, 1], [3, 0]]
2026-03-24 17:26:53,462 - INFO - episode:405 reward:0.30000000000000004 Actions:[[8, 2], [4, 1], [3, 2], [5, 0], [9, 3], [6, 1], [2, 3], [0, 0], [7, 2], [1, 1]]
2026-03-24 17:26:53,483 - INFO - episode:406 reward:3.5999999999999996 Actions:[[4, 1], [3, 0], [6, 0], [0, 5], [9, 3], [5, 2], [7, 0], [1, 2], [2, 2], [8, 0]]
2026-03-24 17:26:53,506 - INFO - episode:407 reward:2.1 Actions:[[2, 3], [9, 2], [4, 0], [6, 0], [1, 2], [0, 3], [5, 2], [8, 4], [3, 0], [7, 1]]
2026-03-24 17:26:53,528 - INFO - episode:408 reward:0.6000000000000001 Actions:[[0, 2], [4, 1], [1, 1], [7, 1], [8, 0], [2, 0], [3, 0], [5, 2], [9, 2], [6, 1]]
2026-03-24 17:26:53,553 - INFO - episode:409 reward:1.5 Actions:[[1, 2], [6, 0], [4, 4], [7, 2], [3, 3], [0, 2], [5, 1], [2, 2], [8, 2], [9, 0]]
2026-03-24 17:26:53,579 - INFO - episode:410 reward:0.1 Actions:[[2, 1], [8, 1], [4, 4], [3, 0], [9, 1], [5, 2], [7, 2], [6, 0], [0, 1], [1, 4]]
2026-03-24 17:26:53,601 - INFO - episode:411 reward:2.8 Actions:[[3, 2], [9, 2], [6, 1], [4, 0], [7, 3], [0, 2], [5, 1], [8, 2], [2, 1], [1, 4]]
2026-03-24 17:26:53,622 - INFO - episode:412 reward:2.8 Actions:[[9, 1], [4, 3], [0, 0], [5, 3], [7, 0], [1, 1], [8, 2], [2, 1], [6, 4], [3, 4]]
2026-03-24 17:26:53,647 - INFO - episode:413 reward:51.47769855741222 Actions:[[4, 1], [7, 5], [3, 3], [5, 0], [9, 0], [6, 1], [1, 3], [2, 0], [0, 1], [8, 2]]
2026-03-24 17:26:53,669 - INFO - episode:414 reward:2.1 Actions:[[5, 0], [2, 0], [3, 4], [0, 1], [7, 0], [9, 1], [8, 0], [6, 1], [1, 0], [4, 0]]
2026-03-24 17:26:53,690 - INFO - episode:415 reward:2.8 Actions:[[3, 0], [5, 4], [9, 0], [1, 3], [4, 2], [7, 1], [0, 0], [6, 0], [8, 1], [2, 0]]
2026-03-24 17:26:53,713 - INFO - episode:416 reward:1.0 Actions:[[5, 1], [3, 3], [7, 1], [8, 4], [6, 4], [0, 1], [1, 0], [4, 0], [9, 0], [2, 0]]
2026-03-24 17:26:53,735 - INFO - episode:417 reward:0.6000000000000001 Actions:[[0, 1], [8, 0], [4, 1], [3, 0], [2, 4], [6, 1], [5, 0], [7, 1], [1, 0], [9, 0]]
2026-03-24 17:26:53,758 - INFO - episode:418 reward:0.1 Actions:[[8, 0], [1, 0], [7, 3], [3, 1], [6, 1], [2, 2], [5, 1], [0, 1], [4, 1], [9, 0]]
2026-03-24 17:26:53,780 - INFO - episode:419 reward:1.0 Actions:[[5, 1], [0, 0], [9, 1], [8, 3], [6, 3], [7, 0], [2, 2], [3, 2], [4, 4], [1, 1]]
2026-03-24 17:26:53,802 - INFO - episode:420 reward:1.5 Actions:[[6, 3], [2, 1], [9, 0], [0, 4], [1, 1], [8, 0], [7, 1], [4, 1], [3, 1], [5, 1]]
2026-03-24 17:26:53,823 - INFO - episode:421 reward:2.8 Actions:[[3, 1], [5, 1], [1, 3], [9, 0], [4, 2], [7, 0], [0, 1], [8, 0], [2, 2], [6, 1]]
2026-03-24 17:26:53,845 - INFO - episode:422 reward:1.5 Actions:[[2, 1], [7, 2], [1, 3], [4, 2], [9, 4], [8, 3], [0, 3], [3, 2], [6, 1], [5, 2]]
2026-03-24 17:26:53,866 - INFO - episode:423 reward:0.6000000000000001 Actions:[[0, 2], [8, 1], [2, 4], [9, 1], [5, 4], [1, 2], [6, 0], [4, 5], [7, 3], [3, 0]]
2026-03-24 17:26:53,887 - INFO - episode:424 reward:1.0 Actions:[[8, 3], [3, 1], [4, 0], [9, 0], [0, 3], [5, 2], [6, 1], [7, 0], [1, 0], [2, 2]]
2026-03-24 17:26:53,909 - INFO - episode:425 reward:2.1 Actions:[[0, 4], [8, 2], [6, 3], [4, 1], [9, 0], [1, 1], [7, 1], [2, 0], [3, 3], [5, 2]]
2026-03-24 17:26:53,933 - INFO - episode:426 reward:4.5 Actions:[[4, 1], [6, 0], [5, 0], [0, 5], [3, 3], [2, 3], [7, 0], [8, 2], [1, 5], [9, 1]]
2026-03-24 17:26:53,955 - INFO - episode:427 reward:2.8 Actions:[[5, 2], [6, 3], [0, 0], [9, 2], [2, 1], [4, 2], [7, 4], [8, 0], [1, 3], [3, 2]]
2026-03-24 17:26:53,977 - INFO - episode:428 reward:1.0 Actions:[[1, 2], [5, 1], [6, 0], [9, 3], [8, 0], [2, 1], [0, 1], [7, 0], [4, 1], [3, 0]]
2026-03-24 17:26:53,998 - INFO - episode:429 reward:3.5999999999999996 Actions:[[8, 3], [7, 1], [6, 0], [9, 1], [5, 0], [2, 2], [1, 2], [4, 1], [0, 1], [3, 1]]
2026-03-24 17:26:54,023 - INFO - episode:430 reward:4.5 Actions:[[9, 2], [4, 2], [2, 2], [5, 3], [6, 3], [1, 5], [0, 0], [8, 1], [3, 3], [7, 1]]
2026-03-24 17:26:54,045 - INFO - episode:431 reward:1.5 Actions:[[1, 1], [5, 2], [0, 1], [2, 3], [9, 0], [8, 3], [7, 1], [3, 0], [4, 3], [6, 3]]
2026-03-24 17:26:54,066 - INFO - episode:432 reward:2.8 Actions:[[3, 0], [4, 3], [5, 1], [6, 1], [0, 0], [9, 3], [7, 2], [1, 3], [2, 4], [8, 1]]
2026-03-24 17:26:54,088 - INFO - episode:433 reward:3.5999999999999996 Actions:[[7, 1], [3, 3], [9, 0], [5, 1], [2, 2], [1, 0], [4, 2], [6, 2], [8, 3], [0, 0]]
2026-03-24 17:26:54,109 - INFO - episode:434 reward:1.0 Actions:[[2, 1], [6, 1], [9, 3], [1, 0], [8, 0], [3, 0], [7, 1], [0, 4], [5, 0], [4, 0]]
2026-03-24 17:26:54,132 - INFO - episode:435 reward:2.1 Actions:[[6, 0], [5, 3], [1, 2], [2, 3], [7, 2], [9, 5], [8, 0], [0, 1], [3, 0], [4, 0]]
2026-03-24 17:26:54,154 - INFO - episode:436 reward:1.0 Actions:[[4, 1], [5, 1], [3, 0], [1, 3], [8, 3], [7, 2], [6, 0], [2, 3], [9, 0], [0, 1]]
2026-03-24 17:26:54,176 - INFO - episode:437 reward:1.0 Actions:[[9, 1], [1, 1], [7, 2], [0, 3], [5, 1], [4, 1], [3, 2], [2, 1], [6, 4], [8, 2]]
2026-03-24 17:26:54,198 - INFO - episode:438 reward:1.5 Actions:[[6, 1], [0, 1], [5, 3], [1, 0], [3, 0], [7, 0], [4, 1], [9, 1], [8, 1], [2, 2]]
2026-03-24 17:26:54,220 - INFO - episode:439 reward:0.6000000000000001 Actions:[[1, 2], [6, 3], [0, 3], [8, 2], [5, 2], [9, 0], [2, 1], [3, 0], [7, 1], [4, 1]]
2026-03-24 17:26:54,241 - INFO - episode:440 reward:0.6000000000000001 Actions:[[4, 2], [7, 3], [6, 3], [8, 3], [3, 0], [9, 3], [0, 1], [5, 3], [1, 3], [2, 1]]
2026-03-24 17:26:54,263 - INFO - episode:441 reward:0.1 Actions:[[8, 1], [2, 1], [7, 0], [6, 1], [0, 2], [4, 1], [1, 0], [5, 1], [9, 2], [3, 1]]
2026-03-24 17:26:54,284 - INFO - episode:442 reward:1.5 Actions:[[2, 1], [3, 1], [7, 3], [9, 2], [6, 1], [8, 1], [5, 2], [4, 2], [1, 0], [0, 1]]
2026-03-24 17:26:54,305 - INFO - episode:443 reward:1.0 Actions:[[7, 0], [9, 1], [3, 2], [6, 3], [8, 1], [2, 2], [0, 1], [1, 3], [5, 0], [4, 0]]
2026-03-24 17:26:54,327 - INFO - episode:444 reward:1.5 Actions:[[4, 0], [5, 1], [6, 1], [9, 1], [1, 0], [8, 1], [3, 1], [7, 0], [2, 2], [0, 1]]
2026-03-24 17:26:54,348 - INFO - episode:445 reward:1.5 Actions:[[0, 1], [2, 1], [1, 0], [7, 3], [9, 0], [4, 0], [8, 1], [5, 1], [3, 1], [6, 0]]
2026-03-24 17:26:54,369 - INFO - episode:446 reward:0.30000000000000004 Actions:[[1, 0], [6, 1], [8, 1], [2, 4], [0, 1], [4, 1], [9, 1], [5, 0], [7, 1], [3, 0]]
2026-03-24 17:26:54,390 - INFO - episode:447 reward:1.5 Actions:[[4, 1], [5, 1], [1, 2], [3, 2], [0, 1], [7, 1], [2, 3], [9, 2], [8, 2], [6, 2]]
2026-03-24 17:26:54,412 - INFO - episode:448 reward:1.0 Actions:[[9, 1], [2, 1], [3, 0], [8, 4], [1, 1], [0, 1], [6, 3], [4, 1], [7, 0], [5, 1]]
2026-03-24 17:26:54,433 - INFO - episode:449 reward:1.0 Actions:[[2, 3], [4, 1], [3, 1], [6, 0], [8, 3], [5, 2], [7, 1], [1, 1], [0, 0], [9, 2]]
2026-03-24 17:26:54,455 - INFO - episode:450 reward:0.30000000000000004 Actions:[[3, 2], [8, 3], [2, 3], [5, 0], [9, 3], [1, 1], [7, 4], [4, 2], [6, 3], [0, 2]]
2026-03-24 17:26:54,477 - INFO - episode:451 reward:0.6000000000000001 Actions:[[3, 1], [9, 0], [1, 0], [7, 0], [4, 5], [8, 3], [5, 1], [6, 0], [2, 0], [0, 0]]
2026-03-24 17:26:54,498 - INFO - episode:452 reward:1.0 Actions:[[1, 1], [2, 4], [3, 4], [8, 0], [5, 0], [0, 0], [4, 4], [6, 1], [7, 1], [9, 0]]
2026-03-24 17:26:54,520 - INFO - episode:453 reward:2.1 Actions:[[0, 1], [6, 1], [1, 2], [4, 0], [2, 3], [3, 2], [8, 1], [7, 3], [9, 1], [5, 0]]
2026-03-24 17:26:54,542 - INFO - episode:454 reward:1.0 Actions:[[9, 0], [7, 3], [5, 2], [8, 1], [3, 1], [1, 5], [0, 4], [4, 0], [6, 0], [2, 2]]
2026-03-24 17:26:54,564 - INFO - episode:455 reward:1.5 Actions:[[4, 2], [6, 1], [7, 0], [8, 3], [5, 2], [0, 3], [1, 1], [9, 0], [3, 0], [2, 1]]
2026-03-24 17:26:54,587 - INFO - episode:456 reward:2.8 Actions:[[3, 4], [6, 0], [0, 3], [7, 1], [1, 3], [2, 0], [9, 0], [5, 0], [8, 0], [4, 1]]
2026-03-24 17:26:54,609 - INFO - episode:457 reward:0.30000000000000004 Actions:[[0, 0], [8, 1], [6, 1], [2, 0], [9, 4], [4, 1], [5, 1], [1, 1], [3, 0], [7, 2]]
2026-03-24 17:26:54,631 - INFO - episode:458 reward:2.8 Actions:[[9, 0], [2, 5], [7, 1], [3, 0], [6, 1], [4, 0], [0, 1], [8, 5], [1, 0], [5, 1]]
2026-03-24 17:26:54,656 - INFO - episode:459 reward:4.5 Actions:[[8, 5], [0, 1], [2, 3], [5, 2], [1, 3], [9, 0], [6, 1], [4, 4], [7, 2], [3, 0]]
2026-03-24 17:26:54,678 - INFO - episode:460 reward:0.6000000000000001 Actions:[[7, 1], [1, 4], [4, 0], [8, 1], [3, 0], [0, 1], [6, 0], [2, 2], [9, 1], [5, 1]]
2026-03-24 17:26:54,700 - INFO - episode:461 reward:3.5999999999999996 Actions:[[6, 1], [8, 5], [9, 2], [2, 1], [3, 2], [0, 1], [5, 4], [7, 3], [4, 5], [1, 0]]
2026-03-24 17:26:54,722 - INFO - episode:462 reward:2.1 Actions:[[9, 3], [8, 1], [4, 2], [3, 3], [7, 3], [0, 2], [5, 1], [2, 3], [6, 0], [1, 0]]
2026-03-24 17:26:54,747 - INFO - episode:463 reward:13.546934233185675 Actions:[[1, 3], [4, 5], [8, 2], [3, 0], [9, 1], [6, 3], [5, 1], [0, 0], [7, 1], [2, 2]]
2026-03-24 17:26:54,770 - INFO - episode:464 reward:2.8 Actions:[[4, 1], [2, 1], [7, 0], [6, 0], [8, 2], [1, 4], [9, 0], [0, 0], [3, 1], [5, 0]]
2026-03-24 17:26:54,792 - INFO - episode:465 reward:0.6000000000000001 Actions:[[6, 2], [1, 1], [7, 0], [8, 1], [3, 2], [2, 4], [0, 3], [4, 0], [9, 0], [5, 1]]
2026-03-24 17:26:54,813 - INFO - episode:466 reward:2.8 Actions:[[9, 0], [0, 0], [2, 1], [7, 2], [4, 1], [5, 3], [1, 2], [8, 2], [6, 2], [3, 1]]
2026-03-24 17:26:54,834 - INFO - episode:467 reward:2.8 Actions:[[9, 0], [3, 5], [0, 0], [4, 1], [8, 2], [5, 0], [6, 1], [1, 1], [2, 1], [7, 0]]
2026-03-24 17:26:54,856 - INFO - episode:468 reward:1.5 Actions:[[9, 3], [1, 0], [2, 5], [7, 1], [6, 1], [8, 1], [0, 3], [5, 0], [4, 2], [3, 2]]
2026-03-24 17:26:54,877 - INFO - episode:469 reward:0.6000000000000001 Actions:[[8, 0], [6, 3], [5, 1], [2, 0], [4, 1], [7, 1], [1, 1], [0, 1], [9, 2], [3, 1]]
2026-03-24 17:26:54,899 - INFO - episode:470 reward:0.6000000000000001 Actions:[[7, 5], [9, 2], [3, 2], [1, 2], [0, 0], [4, 5], [8, 3], [2, 0], [6, 1], [5, 2]]
2026-03-24 17:26:54,922 - INFO - episode:471 reward:2.1 Actions:[[0, 1], [8, 3], [4, 1], [2, 0], [3, 2], [9, 2], [1, 3], [6, 0], [7, 1], [5, 3]]
2026-03-24 17:26:54,944 - INFO - episode:472 reward:1.5 Actions:[[6, 1], [7, 1], [4, 3], [2, 1], [0, 0], [8, 1], [1, 0], [3, 1], [5, 1], [9, 2]]
2026-03-24 17:26:54,967 - INFO - episode:473 reward:2.1 Actions:[[9, 1], [1, 0], [6, 4], [7, 0], [0, 2], [2, 1], [4, 0], [5, 2], [3, 1], [8, 4]]
2026-03-24 17:26:54,989 - INFO - episode:474 reward:0.6000000000000001 Actions:[[4, 0], [1, 1], [5, 1], [8, 0], [7, 0], [0, 0], [9, 2], [3, 1], [6, 1], [2, 0]]
2026-03-24 17:26:55,011 - INFO - episode:475 reward:2.8 Actions:[[4, 1], [9, 2], [2, 0], [6, 3], [1, 2], [0, 1], [3, 0], [8, 0], [7, 4], [5, 0]]
2026-03-24 17:26:55,033 - INFO - episode:476 reward:0.6000000000000001 Actions:[[1, 2], [9, 0], [8, 1], [4, 1], [6, 5], [5, 1], [2, 5], [0, 1], [3, 1], [7, 0]]
2026-03-24 17:26:55,055 - INFO - episode:477 reward:2.8 Actions:[[2, 2], [1, 1], [7, 5], [3, 3], [4, 3], [9, 0], [0, 3], [6, 3], [5, 1], [8, 1]]
2026-03-24 17:26:55,077 - INFO - episode:478 reward:3.5999999999999996 Actions:[[9, 1], [7, 1], [8, 0], [6, 1], [4, 3], [3, 2], [2, 4], [1, 2], [5, 2], [0, 3]]
2026-03-24 17:26:55,099 - INFO - episode:479 reward:2.8 Actions:[[8, 3], [7, 1], [3, 2], [9, 2], [5, 2], [2, 5], [4, 0], [6, 2], [0, 0], [1, 3]]
2026-03-24 17:26:55,120 - INFO - episode:480 reward:2.8 Actions:[[3, 3], [7, 1], [2, 3], [6, 3], [9, 2], [1, 0], [5, 1], [4, 3], [8, 2], [0, 1]]
2026-03-24 17:26:55,144 - INFO - episode:481 reward:1.5 Actions:[[5, 1], [0, 1], [4, 3], [9, 2], [7, 2], [8, 1], [3, 0], [6, 0], [2, 5], [1, 1]]
2026-03-24 17:26:55,166 - INFO - episode:482 reward:3.5999999999999996 Actions:[[3, 1], [2, 3], [7, 0], [5, 0], [1, 1], [4, 2], [9, 0], [0, 2], [8, 2], [6, 1]]
2026-03-24 17:26:55,191 - INFO - episode:483 reward:27.7677453735907 Actions:[[9, 0], [7, 5], [1, 4], [0, 3], [2, 1], [4, 2], [6, 2], [5, 0], [3, 3], [8, 0]]
2026-03-24 17:26:55,212 - INFO - episode:484 reward:0.30000000000000004 Actions:[[5, 2], [4, 2], [1, 2], [6, 0], [7, 0], [0, 3], [9, 3], [3, 2], [8, 4], [2, 4]]
2026-03-24 17:26:55,234 - INFO - episode:485 reward:0.30000000000000004 Actions:[[1, 2], [5, 1], [8, 1], [6, 1], [2, 1], [3, 1], [4, 0], [9, 1], [0, 2], [7, 4]]
2026-03-24 17:26:55,255 - INFO - episode:486 reward:0.6000000000000001 Actions:[[3, 2], [5, 0], [0, 1], [8, 1], [9, 3], [2, 1], [7, 0], [1, 0], [4, 4], [6, 3]]
2026-03-24 17:26:55,276 - INFO - episode:487 reward:1.5 Actions:[[6, 2], [3, 1], [0, 1], [5, 2], [8, 3], [1, 2], [9, 0], [7, 0], [2, 1], [4, 2]]
2026-03-24 17:26:55,301 - INFO - episode:488 reward:4.5 Actions:[[4, 1], [9, 5], [2, 3], [3, 0], [7, 2], [0, 3], [5, 0], [6, 2], [1, 1], [8, 2]]
2026-03-24 17:26:55,322 - INFO - episode:489 reward:1.0 Actions:[[8, 0], [1, 1], [9, 3], [7, 3], [5, 0], [0, 2], [3, 1], [4, 2], [2, 0], [6, 2]]
2026-03-24 17:26:55,344 - INFO - episode:490 reward:2.1 Actions:[[6, 1], [9, 0], [5, 0], [1, 4], [3, 1], [4, 1], [7, 1], [8, 0], [0, 2], [2, 2]]
2026-03-24 17:26:55,365 - INFO - episode:491 reward:2.8 Actions:[[6, 0], [2, 2], [3, 1], [5, 4], [0, 1], [7, 0], [1, 4], [8, 0], [4, 1], [9, 1]]
2026-03-24 17:26:55,387 - INFO - episode:492 reward:0.1 Actions:[[7, 3], [8, 3], [3, 3], [9, 0], [2, 1], [1, 0], [6, 1], [5, 3], [0, 1], [4, 0]]
2026-03-24 17:26:55,408 - INFO - episode:493 reward:2.1 Actions:[[7, 0], [9, 5], [0, 0], [2, 5], [4, 1], [6, 1], [1, 0], [3, 1], [8, 0], [5, 0]]
2026-03-24 17:26:55,429 - INFO - episode:494 reward:1.0 Actions:[[4, 3], [5, 0], [1, 0], [6, 1], [2, 0], [7, 5], [0, 1], [8, 1], [9, 2], [3, 0]]
2026-03-24 17:26:55,451 - INFO - episode:495 reward:1.0 Actions:[[7, 1], [8, 2], [9, 1], [2, 4], [0, 2], [6, 0], [3, 1], [5, 2], [1, 2], [4, 1]]
2026-03-24 17:26:55,472 - INFO - episode:496 reward:2.1 Actions:[[6, 3], [5, 3], [7, 1], [3, 0], [2, 3], [0, 0], [1, 0], [8, 1], [4, 1], [9, 2]]
2026-03-24 17:26:55,494 - INFO - episode:497 reward:1.0 Actions:[[7, 3], [9, 2], [4, 2], [6, 1], [1, 2], [2, 2], [5, 1], [0, 0], [8, 1], [3, 1]]
2026-03-24 17:26:55,515 - INFO - episode:498 reward:2.8 Actions:[[7, 3], [1, 2], [3, 0], [0, 1], [5, 1], [6, 1], [4, 0], [8, 2], [9, 2], [2, 5]]
2026-03-24 17:26:55,536 - INFO - episode:499 reward:1.0 Actions:[[8, 0], [7, 1], [5, 1], [0, 1], [6, 0], [1, 2], [4, 0], [9, 0], [2, 4], [3, 1]]
2026-03-24 17:26:55,558 - INFO - episode:500 reward:1.0 Actions:[[4, 0], [1, 3], [5, 1], [0, 1], [8, 3], [9, 3], [3, 1], [2, 0], [6, 0], [7, 0]]
2026-03-24 17:26:55,579 - INFO - episode:501 reward:1.0 Actions:[[8, 0], [2, 1], [5, 1], [3, 3], [9, 0], [7, 3], [4, 1], [6, 0], [1, 1], [0, 0]]
2026-03-24 17:26:55,603 - INFO - episode:502 reward:13.026463951083997 Actions:[[0, 2], [6, 1], [4, 1], [3, 3], [1, 4], [2, 2], [5, 3], [9, 2], [8, 0], [7, 3]]
2026-03-24 17:26:55,625 - INFO - episode:503 reward:1.0 Actions:[[5, 2], [4, 0], [7, 1], [2, 4], [8, 0], [3, 1], [6, 0], [1, 4], [9, 0], [0, 1]]
2026-03-24 17:26:55,646 - INFO - episode:504 reward:1.0 Actions:[[7, 1], [4, 0], [0, 0], [5, 1], [1, 0], [8, 0], [9, 2], [3, 0], [6, 1], [2, 1]]
2026-03-24 17:26:55,667 - INFO - episode:505 reward:3.5999999999999996 Actions:[[2, 0], [1, 5], [3, 3], [6, 0], [5, 3], [4, 2], [0, 1], [7, 3], [8, 1], [9, 1]]
2026-03-24 17:26:55,689 - INFO - episode:506 reward:0.30000000000000004 Actions:[[8, 0], [0, 5], [9, 0], [3, 0], [6, 1], [2, 0], [4, 1], [7, 1], [1, 1], [5, 0]]
2026-03-24 17:26:55,710 - INFO - episode:507 reward:0.30000000000000004 Actions:[[5, 1], [4, 3], [8, 3], [9, 0], [0, 3], [2, 4], [6, 0], [1, 3], [7, 0], [3, 1]]
2026-03-24 17:26:55,732 - INFO - episode:508 reward:0.1 Actions:[[2, 0], [8, 0], [6, 2], [7, 2], [9, 1], [3, 0], [1, 4], [0, 0], [5, 3], [4, 1]]
2026-03-24 17:26:55,754 - INFO - episode:509 reward:0.30000000000000004 Actions:[[1, 2], [8, 1], [5, 1], [6, 1], [9, 0], [2, 3], [3, 3], [0, 0], [4, 0], [7, 1]]
2026-03-24 17:26:55,776 - INFO - episode:510 reward:1.5 Actions:[[3, 2], [7, 1], [9, 1], [5, 1], [1, 0], [4, 1], [6, 1], [0, 0], [2, 4], [8, 1]]
2026-03-24 17:26:55,798 - INFO - episode:511 reward:2.8 Actions:[[8, 1], [2, 2], [3, 3], [4, 3], [5, 4], [0, 0], [1, 4], [7, 1], [6, 4], [9, 0]]
2026-03-24 17:26:55,820 - INFO - episode:512 reward:3.5999999999999996 Actions:[[0, 0], [5, 0], [9, 5], [2, 1], [3, 1], [6, 3], [1, 4], [4, 0], [7, 0], [8, 1]]
2026-03-24 17:26:55,842 - INFO - episode:513 reward:0.30000000000000004 Actions:[[4, 1], [5, 1], [1, 1], [0, 2], [3, 3], [2, 3], [6, 0], [9, 1], [7, 0], [8, 2]]
2026-03-24 17:26:55,867 - INFO - episode:514 reward:22.774587240608298 Actions:[[1, 2], [5, 3], [8, 0], [7, 3], [4, 1], [0, 3], [6, 4], [9, 2], [3, 1], [2, 2]]
2026-03-24 17:26:55,890 - INFO - episode:515 reward:2.8 Actions:[[2, 3], [3, 0], [6, 1], [0, 2], [7, 0], [9, 1], [4, 2], [8, 0], [5, 1], [1, 1]]
2026-03-24 17:26:55,915 - INFO - episode:516 reward:4.5 Actions:[[4, 3], [0, 3], [7, 4], [3, 3], [5, 0], [8, 1], [9, 0], [6, 0], [2, 4], [1, 0]]
2026-03-24 17:26:55,937 - INFO - episode:517 reward:1.0 Actions:[[5, 3], [2, 1], [7, 0], [9, 0], [8, 3], [6, 0], [0, 0], [1, 0], [4, 0], [3, 1]]
2026-03-24 17:26:55,958 - INFO - episode:518 reward:0.6000000000000001 Actions:[[8, 2], [0, 0], [9, 3], [6, 2], [5, 0], [4, 1], [1, 1], [2, 1], [3, 0], [7, 1]]
2026-03-24 17:26:55,980 - INFO - episode:519 reward:2.1 Actions:[[8, 3], [4, 0], [2, 4], [3, 1], [7, 0], [0, 0], [5, 0], [6, 0], [1, 1], [9, 1]]
2026-03-24 17:26:56,001 - INFO - episode:520 reward:1.0 Actions:[[1, 0], [4, 3], [0, 0], [3, 1], [8, 1], [5, 2], [9, 1], [6, 0], [7, 1], [2, 1]]
2026-03-24 17:26:56,025 - INFO - episode:521 reward:4.5 Actions:[[3, 1], [1, 3], [2, 0], [6, 4], [0, 2], [9, 0], [7, 1], [5, 2], [4, 1], [8, 0]]
2026-03-24 17:26:56,047 - INFO - episode:522 reward:0.30000000000000004 Actions:[[4, 0], [3, 5], [8, 0], [6, 2], [7, 1], [1, 1], [5, 4], [9, 1], [0, 1], [2, 2]]
2026-03-24 17:26:56,069 - INFO - episode:523 reward:0.30000000000000004 Actions:[[1, 0], [9, 1], [8, 0], [0, 1], [6, 2], [3, 2], [4, 0], [2, 1], [7, 1], [5, 1]]
2026-03-24 17:26:56,091 - INFO - episode:524 reward:1.0 Actions:[[3, 2], [2, 3], [0, 4], [8, 0], [7, 0], [9, 4], [1, 0], [6, 1], [5, 2], [4, 3]]
2026-03-24 17:26:56,113 - INFO - episode:525 reward:1.0 Actions:[[5, 1], [7, 1], [6, 1], [1, 3], [8, 1], [3, 1], [9, 1], [4, 5], [2, 4], [0, 0]]
2026-03-24 17:26:56,138 - INFO - episode:526 reward:4.5 Actions:[[0, 2], [4, 1], [5, 3], [2, 0], [6, 2], [9, 2], [1, 1], [3, 0], [7, 4], [8, 4]]
2026-03-24 17:26:56,159 - INFO - episode:527 reward:1.5 Actions:[[9, 0], [6, 0], [3, 1], [4, 2], [7, 1], [1, 1], [5, 1], [8, 2], [2, 1], [0, 2]]
2026-03-24 17:26:56,184 - INFO - episode:528 reward:4.5 Actions:[[2, 3], [0, 1], [3, 3], [4, 4], [1, 5], [6, 0], [8, 2], [7, 3], [5, 0], [9, 0]]
2026-03-24 17:26:56,210 - INFO - episode:529 reward:63.23564980595211 Actions:[[4, 3], [2, 3], [9, 2], [7, 0], [5, 0], [3, 1], [1, 1], [6, 5], [0, 0], [8, 0]]
2026-03-24 17:26:56,232 - INFO - episode:530 reward:1.0 Actions:[[6, 0], [0, 1], [9, 0], [1, 1], [8, 0], [5, 1], [2, 3], [3, 2], [7, 0], [4, 1]]
2026-03-24 17:26:56,254 - INFO - episode:531 reward:2.8 Actions:[[5, 3], [9, 1], [3, 1], [7, 4], [6, 2], [1, 2], [4, 0], [8, 2], [0, 4], [2, 1]]
2026-03-24 17:26:56,277 - INFO - episode:532 reward:1.5 Actions:[[5, 1], [1, 2], [6, 3], [3, 1], [8, 0], [2, 0], [0, 1], [9, 0], [7, 2], [4, 1]]
2026-03-24 17:26:56,299 - INFO - episode:533 reward:1.5 Actions:[[7, 3], [8, 4], [6, 1], [1, 0], [4, 0], [5, 0], [9, 1], [3, 1], [2, 0], [0, 2]]
2026-03-24 17:26:56,320 - INFO - episode:534 reward:1.5 Actions:[[2, 3], [4, 2], [6, 2], [5, 1], [3, 2], [9, 2], [1, 0], [7, 3], [0, 2], [8, 2]]
2026-03-24 17:26:56,341 - INFO - episode:535 reward:0.1 Actions:[[8, 3], [5, 3], [4, 2], [9, 1], [6, 2], [7, 2], [1, 1], [3, 2], [0, 1], [2, 3]]
2026-03-24 17:26:56,362 - INFO - episode:536 reward:1.0 Actions:[[4, 5], [0, 0], [9, 2], [5, 0], [8, 0], [2, 1], [6, 1], [7, 0], [1, 0], [3, 4]]
2026-03-24 17:26:56,384 - INFO - episode:537 reward:0.1 Actions:[[9, 1], [8, 1], [5, 2], [2, 2], [4, 3], [7, 1], [1, 2], [6, 3], [0, 3], [3, 1]]
2026-03-24 17:26:56,405 - INFO - episode:538 reward:2.1 Actions:[[1, 0], [9, 0], [0, 1], [8, 3], [4, 1], [6, 1], [7, 1], [5, 1], [3, 0], [2, 4]]
2026-03-24 17:26:56,426 - INFO - episode:539 reward:2.1 Actions:[[7, 2], [6, 1], [2, 1], [9, 4], [3, 3], [1, 2], [8, 3], [0, 2], [4, 2], [5, 0]]
2026-03-24 17:26:56,448 - INFO - episode:540 reward:2.8 Actions:[[9, 3], [4, 4], [8, 2], [2, 0], [0, 4], [5, 5], [1, 0], [7, 0], [3, 1], [6, 0]]
2026-03-24 17:26:56,469 - INFO - episode:541 reward:1.5 Actions:[[5, 3], [8, 2], [4, 5], [1, 3], [9, 1], [3, 2], [7, 3], [0, 0], [6, 1], [2, 1]]
2026-03-24 17:26:56,490 - INFO - episode:542 reward:3.5999999999999996 Actions:[[3, 0], [7, 1], [8, 2], [5, 0], [9, 5], [2, 1], [6, 5], [0, 0], [4, 0], [1, 0]]
2026-03-24 17:26:56,511 - INFO - episode:543 reward:1.5 Actions:[[3, 0], [7, 1], [6, 0], [9, 1], [5, 1], [0, 1], [4, 2], [1, 2], [8, 1], [2, 1]]
2026-03-24 17:26:56,533 - INFO - episode:544 reward:0.6000000000000001 Actions:[[4, 2], [7, 2], [3, 1], [8, 2], [5, 0], [2, 1], [1, 1], [9, 5], [0, 1], [6, 0]]
2026-03-24 17:26:56,554 - INFO - episode:545 reward:0.1 Actions:[[8, 1], [0, 1], [3, 0], [7, 4], [6, 1], [9, 1], [4, 0], [1, 2], [2, 0], [5, 1]]
2026-03-24 17:26:56,575 - INFO - episode:546 reward:2.8 Actions:[[3, 1], [4, 1], [8, 4], [1, 0], [9, 0], [5, 2], [7, 1], [0, 0], [6, 2], [2, 0]]
2026-03-24 17:26:56,596 - INFO - episode:547 reward:1.0 Actions:[[2, 0], [3, 2], [8, 3], [9, 1], [4, 3], [0, 0], [7, 2], [1, 1], [5, 2], [6, 1]]
2026-03-24 17:26:56,618 - INFO - episode:548 reward:0.30000000000000004 Actions:[[3, 1], [1, 1], [5, 1], [0, 2], [9, 1], [8, 4], [7, 0], [2, 4], [4, 4], [6, 0]]
2026-03-24 17:26:56,639 - INFO - episode:549 reward:1.5 Actions:[[8, 1], [7, 3], [2, 3], [0, 0], [3, 0], [4, 1], [5, 1], [1, 0], [9, 1], [6, 1]]
2026-03-24 17:26:56,660 - INFO - episode:550 reward:1.0 Actions:[[3, 0], [5, 0], [7, 4], [0, 1], [1, 0], [2, 1], [6, 0], [4, 1], [9, 3], [8, 1]]
2026-03-24 17:26:56,685 - INFO - episode:551 reward:7.946239304544088 Actions:[[3, 4], [6, 2], [5, 0], [1, 5], [0, 0], [7, 0], [2, 5], [9, 2], [4, 3], [8, 0]]
2026-03-24 17:26:56,707 - INFO - episode:552 reward:0.30000000000000004 Actions:[[9, 2], [4, 0], [8, 2], [0, 2], [1, 0], [2, 3], [5, 1], [6, 1], [7, 0], [3, 2]]
2026-03-24 17:26:56,729 - INFO - episode:553 reward:2.1 Actions:[[6, 1], [5, 1], [9, 0], [0, 0], [2, 1], [3, 0], [1, 1], [4, 2], [8, 4], [7, 2]]
2026-03-24 17:26:56,751 - INFO - episode:554 reward:1.5 Actions:[[0, 2], [8, 4], [6, 1], [5, 0], [2, 1], [4, 4], [9, 0], [7, 1], [1, 0], [3, 0]]
2026-03-24 17:26:56,773 - INFO - episode:555 reward:1.5 Actions:[[0, 0], [5, 0], [8, 1], [9, 4], [3, 0], [7, 1], [6, 1], [4, 0], [2, 1], [1, 1]]
2026-03-24 17:26:56,795 - INFO - episode:556 reward:2.8 Actions:[[9, 2], [8, 4], [0, 1], [4, 1], [7, 3], [3, 0], [1, 0], [5, 0], [6, 0], [2, 0]]
2026-03-24 17:26:56,817 - INFO - episode:557 reward:2.8 Actions:[[5, 0], [4, 1], [9, 0], [6, 4], [7, 4], [0, 1], [3, 3], [8, 1], [1, 2], [2, 2]]
2026-03-24 17:26:56,838 - INFO - episode:558 reward:0.30000000000000004 Actions:[[0, 2], [1, 2], [2, 2], [8, 3], [6, 2], [7, 2], [5, 1], [4, 2], [3, 2], [9, 2]]
2026-03-24 17:26:56,859 - INFO - episode:559 reward:0.30000000000000004 Actions:[[9, 2], [7, 0], [8, 2], [2, 2], [0, 4], [4, 1], [5, 2], [6, 2], [3, 1], [1, 1]]
2026-03-24 17:26:56,881 - INFO - episode:560 reward:2.1 Actions:[[7, 2], [2, 0], [6, 0], [0, 0], [5, 2], [8, 1], [9, 1], [1, 0], [3, 5], [4, 4]]
2026-03-24 17:26:56,902 - INFO - episode:561 reward:1.0 Actions:[[1, 5], [5, 3], [0, 3], [6, 0], [8, 0], [7, 3], [2, 1], [3, 1], [9, 0], [4, 2]]
2026-03-24 17:26:56,923 - INFO - episode:562 reward:3.5999999999999996 Actions:[[5, 1], [0, 0], [3, 3], [4, 1], [2, 4], [6, 2], [9, 2], [7, 1], [8, 0], [1, 2]]
2026-03-24 17:26:56,944 - INFO - episode:563 reward:0.30000000000000004 Actions:[[3, 3], [8, 1], [7, 1], [0, 1], [6, 2], [5, 0], [4, 1], [9, 4], [1, 1], [2, 3]]
2026-03-24 17:26:56,966 - INFO - episode:564 reward:0.6000000000000001 Actions:[[5, 0], [6, 1], [7, 2], [8, 1], [3, 1], [4, 1], [0, 1], [9, 3], [2, 0], [1, 0]]
2026-03-24 17:26:56,990 - INFO - episode:565 reward:4.5 Actions:[[1, 5], [9, 4], [5, 1], [7, 3], [3, 0], [2, 5], [4, 2], [0, 0], [6, 4], [8, 3]]
2026-03-24 17:26:57,012 - INFO - episode:566 reward:1.0 Actions:[[7, 5], [1, 1], [9, 1], [0, 2], [2, 1], [6, 0], [8, 0], [3, 2], [4, 5], [5, 1]]
2026-03-24 17:26:57,033 - INFO - episode:567 reward:2.8 Actions:[[5, 2], [7, 2], [1, 4], [4, 0], [3, 4], [0, 0], [2, 1], [8, 0], [9, 0], [6, 0]]
2026-03-24 17:26:57,055 - INFO - episode:568 reward:0.6000000000000001 Actions:[[9, 1], [2, 1], [3, 2], [1, 1], [0, 2], [5, 3], [8, 1], [4, 0], [6, 0], [7, 0]]
2026-03-24 17:26:57,079 - INFO - episode:569 reward:4.5 Actions:[[2, 0], [6, 5], [1, 3], [3, 0], [7, 1], [4, 5], [5, 5], [8, 2], [9, 1], [0, 1]]
2026-03-24 17:26:57,101 - INFO - episode:570 reward:1.5 Actions:[[6, 0], [2, 1], [4, 1], [1, 0], [7, 1], [9, 0], [3, 1], [8, 0], [0, 0], [5, 2]]
2026-03-24 17:26:57,123 - INFO - episode:571 reward:1.5 Actions:[[5, 1], [3, 1], [6, 0], [7, 1], [9, 3], [2, 1], [4, 0], [1, 1], [0, 1], [8, 2]]
2026-03-24 17:26:57,146 - INFO - episode:572 reward:1.0 Actions:[[7, 2], [3, 4], [5, 3], [4, 0], [8, 2], [0, 0], [1, 0], [9, 0], [6, 3], [2, 1]]
2026-03-24 17:26:57,167 - INFO - episode:573 reward:1.0 Actions:[[0, 2], [2, 5], [4, 0], [9, 2], [8, 2], [5, 1], [7, 3], [6, 0], [1, 1], [3, 5]]
2026-03-24 17:26:57,189 - INFO - episode:574 reward:3.5999999999999996 Actions:[[5, 1], [4, 1], [2, 4], [1, 4], [3, 3], [6, 3], [7, 2], [9, 0], [8, 1], [0, 2]]
2026-03-24 17:26:57,210 - INFO - episode:575 reward:1.0 Actions:[[7, 4], [1, 1], [2, 1], [3, 0], [4, 1], [0, 2], [8, 3], [9, 0], [5, 2], [6, 4]]
2026-03-24 17:26:57,232 - INFO - episode:576 reward:1.0 Actions:[[1, 3], [5, 1], [2, 3], [4, 2], [8, 2], [7, 1], [9, 3], [3, 1], [0, 0], [6, 1]]
2026-03-24 17:26:57,254 - INFO - episode:577 reward:1.5 Actions:[[5, 1], [4, 1], [3, 4], [0, 3], [7, 1], [8, 1], [9, 2], [2, 1], [1, 0], [6, 0]]
2026-03-24 17:26:57,275 - INFO - episode:578 reward:3.5999999999999996 Actions:[[7, 0], [9, 4], [3, 0], [6, 4], [0, 0], [5, 5], [8, 1], [2, 5], [1, 4], [4, 1]]
2026-03-24 17:26:57,296 - INFO - episode:579 reward:2.8 Actions:[[1, 1], [7, 1], [6, 3], [2, 3], [8, 4], [3, 5], [0, 3], [9, 4], [5, 0], [4, 0]]
2026-03-24 17:26:57,318 - INFO - episode:580 reward:2.8 Actions:[[5, 0], [8, 5], [9, 1], [6, 0], [3, 1], [0, 0], [2, 1], [4, 1], [1, 1], [7, 2]]
2026-03-24 17:26:57,342 - INFO - episode:581 reward:22.455251074291027 Actions:[[0, 1], [2, 2], [8, 0], [5, 2], [9, 3], [3, 1], [6, 1], [7, 3], [1, 4], [4, 0]]
2026-03-24 17:26:57,363 - INFO - episode:582 reward:2.8 Actions:[[3, 2], [4, 3], [9, 3], [1, 0], [6, 1], [2, 1], [5, 0], [8, 0], [0, 1], [7, 0]]
2026-03-24 17:26:57,384 - INFO - episode:583 reward:2.1 Actions:[[0, 2], [4, 0], [8, 5], [2, 1], [5, 1], [3, 1], [7, 1], [1, 0], [6, 2], [9, 1]]
2026-03-24 17:26:57,406 - INFO - episode:584 reward:1.5 Actions:[[6, 1], [1, 1], [3, 2], [2, 4], [7, 4], [8, 2], [5, 0], [9, 2], [4, 1], [0, 0]]
2026-03-24 17:26:57,427 - INFO - episode:585 reward:1.5 Actions:[[0, 0], [8, 5], [9, 0], [7, 1], [4, 4], [1, 0], [2, 0], [5, 5], [6, 0], [3, 1]]
2026-03-24 17:26:57,448 - INFO - episode:586 reward:1.0 Actions:[[1, 0], [6, 1], [5, 0], [9, 5], [8, 1], [4, 0], [3, 0], [7, 2], [0, 0], [2, 0]]
2026-03-24 17:26:57,471 - INFO - episode:587 reward:1.0 Actions:[[1, 1], [9, 1], [6, 2], [4, 5], [2, 1], [0, 0], [3, 2], [5, 2], [8, 1], [7, 0]]
2026-03-24 17:26:57,493 - INFO - episode:588 reward:1.0 Actions:[[3, 1], [2, 3], [0, 0], [5, 5], [8, 1], [6, 0], [7, 2], [4, 2], [9, 1], [1, 1]]
2026-03-24 17:26:57,515 - INFO - episode:589 reward:0.6000000000000001 Actions:[[5, 1], [0, 2], [7, 1], [8, 1], [4, 3], [1, 0], [2, 1], [9, 1], [3, 2], [6, 2]]
2026-03-24 17:26:57,538 - INFO - episode:590 reward:1.5 Actions:[[6, 0], [7, 2], [4, 3], [0, 2], [2, 1], [1, 2], [5, 0], [9, 3], [8, 1], [3, 0]]
2026-03-24 17:26:57,559 - INFO - episode:591 reward:1.5 Actions:[[2, 1], [1, 1], [0, 3], [3, 2], [9, 0], [8, 0], [7, 0], [4, 0], [5, 4], [6, 4]]
2026-03-24 17:26:57,581 - INFO - episode:592 reward:2.1 Actions:[[0, 1], [1, 1], [9, 2], [7, 4], [2, 4], [4, 0], [5, 1], [8, 0], [3, 0], [6, 2]]
2026-03-24 17:26:57,602 - INFO - episode:593 reward:1.0 Actions:[[5, 1], [4, 0], [6, 0], [1, 3], [8, 3], [9, 0], [3, 2], [0, 3], [2, 1], [7, 1]]
2026-03-24 17:26:57,627 - INFO - episode:594 reward:0.30000000000000004 Actions:[[0, 3], [6, 1], [8, 3], [4, 4], [5, 2], [2, 0], [3, 1], [1, 2], [9, 2], [7, 1]]
2026-03-24 17:26:57,651 - INFO - episode:595 reward:1.5 Actions:[[0, 0], [1, 3], [7, 0], [8, 1], [2, 2], [5, 1], [6, 2], [3, 1], [4, 1], [9, 1]]
2026-03-24 17:26:57,674 - INFO - episode:596 reward:2.1 Actions:[[9, 2], [1, 2], [2, 3], [6, 4], [0, 3], [7, 0], [8, 2], [4, 4], [3, 0], [5, 0]]
2026-03-24 17:26:57,700 - INFO - episode:597 reward:4.5 Actions:[[0, 0], [1, 1], [4, 0], [6, 0], [5, 1], [3, 4], [7, 2], [2, 4], [9, 2], [8, 0]]
2026-03-24 17:26:57,723 - INFO - episode:598 reward:2.1 Actions:[[2, 1], [0, 2], [9, 1], [1, 2], [5, 3], [7, 1], [4, 1], [8, 0], [6, 0], [3, 2]]
2026-03-24 17:26:57,745 - INFO - episode:599 reward:2.1 Actions:[[7, 0], [3, 0], [0, 1], [9, 0], [4, 1], [8, 4], [2, 0], [1, 0], [5, 1], [6, 0]]
2026-03-24 17:26:57,767 - INFO - episode:600 reward:0.6000000000000001 Actions:[[5, 2], [3, 0], [0, 3], [8, 3], [9, 1], [4, 2], [7, 1], [1, 2], [2, 1], [6, 0]]
2026-03-24 17:26:57,788 - INFO - episode:601 reward:2.8 Actions:[[4, 1], [0, 0], [5, 3], [2, 2], [7, 1], [9, 1], [1, 0], [6, 0], [3, 1], [8, 1]]
2026-03-24 17:26:57,810 - INFO - episode:602 reward:1.0 Actions:[[5, 1], [3, 1], [7, 1], [4, 2], [8, 2], [6, 0], [1, 4], [9, 2], [0, 1], [2, 1]]
2026-03-24 17:26:57,832 - INFO - episode:603 reward:0.6000000000000001 Actions:[[2, 3], [6, 2], [9, 1], [8, 3], [3, 2], [0, 1], [4, 2], [1, 0], [5, 1], [7, 2]]
2026-03-24 17:26:57,855 - INFO - episode:604 reward:0.30000000000000004 Actions:[[3, 1], [5, 0], [8, 0], [0, 0], [7, 1], [4, 0], [2, 1], [9, 2], [1, 2], [6, 4]]
2026-03-24 17:26:57,877 - INFO - episode:605 reward:2.1 Actions:[[3, 2], [2, 2], [6, 2], [1, 5], [0, 3], [5, 3], [7, 2], [4, 2], [8, 2], [9, 0]]
2026-03-24 17:26:57,899 - INFO - episode:606 reward:2.1 Actions:[[9, 2], [3, 2], [0, 2], [7, 0], [1, 0], [8, 1], [6, 2], [4, 2], [2, 3], [5, 1]]
2026-03-24 17:26:57,922 - INFO - episode:607 reward:0.1 Actions:[[8, 1], [4, 1], [0, 0], [1, 3], [7, 2], [2, 0], [5, 1], [9, 2], [3, 1], [6, 3]]
2026-03-24 17:26:57,945 - INFO - episode:608 reward:3.5999999999999996 Actions:[[4, 3], [7, 1], [9, 2], [6, 1], [1, 3], [2, 0], [3, 2], [0, 1], [8, 3], [5, 3]]
2026-03-24 17:26:57,967 - INFO - episode:609 reward:3.5999999999999996 Actions:[[4, 0], [8, 1], [6, 2], [7, 2], [3, 4], [9, 0], [0, 4], [5, 0], [2, 0], [1, 1]]
2026-03-24 17:26:57,989 - INFO - episode:610 reward:1.5 Actions:[[5, 1], [4, 3], [2, 1], [3, 1], [8, 0], [9, 0], [0, 1], [1, 0], [6, 1], [7, 4]]
2026-03-24 17:26:58,011 - INFO - episode:611 reward:0.30000000000000004 Actions:[[2, 1], [3, 0], [8, 0], [4, 4], [0, 1], [6, 4], [5, 4], [1, 0], [7, 1], [9, 4]]
2026-03-24 17:26:58,033 - INFO - episode:612 reward:0.6000000000000001 Actions:[[7, 1], [4, 1], [6, 2], [8, 1], [3, 3], [0, 3], [5, 3], [2, 3], [9, 1], [1, 4]]
2026-03-24 17:26:58,058 - INFO - episode:613 reward:4.5 Actions:[[0, 3], [2, 3], [3, 2], [8, 5], [5, 0], [7, 2], [1, 1], [4, 2], [9, 0], [6, 0]]
2026-03-24 17:26:58,080 - INFO - episode:614 reward:2.8 Actions:[[1, 3], [6, 0], [7, 0], [4, 1], [5, 1], [2, 4], [0, 2], [8, 0], [9, 0], [3, 5]]
2026-03-24 17:26:58,102 - INFO - episode:615 reward:0.6000000000000001 Actions:[[6, 3], [5, 0], [0, 0], [8, 0], [4, 1], [9, 1], [7, 1], [3, 0], [2, 1], [1, 1]]
2026-03-24 17:26:58,123 - INFO - episode:616 reward:3.5999999999999996 Actions:[[5, 3], [4, 1], [2, 1], [9, 0], [6, 0], [3, 0], [7, 1], [1, 3], [0, 0], [8, 0]]
2026-03-24 17:26:58,148 - INFO - episode:617 reward:4.5 Actions:[[7, 5], [0, 2], [5, 5], [4, 1], [2, 4], [8, 3], [3, 2], [6, 0], [9, 0], [1, 0]]
2026-03-24 17:26:58,169 - INFO - episode:618 reward:2.1 Actions:[[2, 3], [5, 0], [6, 1], [0, 3], [1, 2], [4, 3], [7, 3], [8, 0], [3, 1], [9, 2]]
2026-03-24 17:26:58,191 - INFO - episode:619 reward:1.5 Actions:[[4, 1], [7, 3], [6, 3], [9, 0], [3, 3], [5, 3], [0, 2], [2, 0], [8, 0], [1, 2]]
2026-03-24 17:26:58,212 - INFO - episode:620 reward:1.5 Actions:[[6, 0], [3, 1], [1, 1], [9, 3], [8, 2], [4, 1], [5, 1], [2, 2], [7, 1], [0, 4]]
2026-03-24 17:26:58,234 - INFO - episode:621 reward:0.6000000000000001 Actions:[[9, 0], [8, 1], [0, 0], [1, 1], [5, 0], [6, 0], [2, 1], [4, 2], [3, 1], [7, 1]]
2026-03-24 17:26:58,256 - INFO - episode:622 reward:2.8 Actions:[[4, 1], [0, 0], [1, 0], [2, 1], [5, 4], [8, 3], [3, 2], [7, 3], [6, 0], [9, 4]]
2026-03-24 17:26:58,278 - INFO - episode:623 reward:0.6000000000000001 Actions:[[7, 1], [9, 1], [5, 1], [6, 1], [3, 1], [1, 3], [4, 0], [2, 1], [8, 0], [0, 1]]
2026-03-24 17:26:58,299 - INFO - episode:624 reward:0.6000000000000001 Actions:[[8, 1], [4, 2], [6, 0], [9, 1], [2, 2], [7, 3], [0, 1], [3, 1], [5, 0], [1, 4]]
2026-03-24 17:26:58,322 - INFO - episode:625 reward:1.0 Actions:[[9, 2], [0, 1], [5, 0], [4, 1], [1, 1], [2, 4], [7, 1], [6, 4], [3, 1], [8, 2]]
2026-03-24 17:26:58,344 - INFO - episode:626 reward:2.1 Actions:[[0, 3], [4, 3], [9, 2], [7, 3], [5, 1], [1, 1], [6, 3], [3, 0], [8, 2], [2, 2]]
2026-03-24 17:26:58,366 - INFO - episode:627 reward:1.0 Actions:[[2, 2], [6, 2], [4, 1], [3, 2], [7, 2], [9, 2], [8, 1], [0, 3], [1, 5], [5, 1]]
2026-03-24 17:26:58,387 - INFO - episode:628 reward:0.30000000000000004 Actions:[[6, 2], [8, 0], [5, 0], [4, 4], [3, 1], [9, 1], [0, 3], [7, 1], [1, 3], [2, 3]]
2026-03-24 17:26:58,409 - INFO - episode:629 reward:2.8 Actions:[[1, 2], [6, 2], [5, 5], [4, 1], [2, 1], [3, 0], [9, 0], [8, 0], [0, 4], [7, 3]]
2026-03-24 17:26:58,430 - INFO - episode:630 reward:1.5 Actions:[[4, 3], [9, 3], [2, 1], [6, 3], [5, 0], [8, 1], [0, 2], [3, 1], [7, 1], [1, 0]]
2026-03-24 17:26:58,452 - INFO - episode:631 reward:3.5999999999999996 Actions:[[4, 2], [6, 1], [9, 2], [5, 0], [3, 2], [1, 0], [0, 4], [2, 1], [8, 2], [7, 1]]
2026-03-24 17:26:58,473 - INFO - episode:632 reward:2.1 Actions:[[5, 0], [0, 2], [8, 4], [4, 0], [3, 1], [2, 0], [9, 0], [7, 1], [6, 0], [1, 2]]
2026-03-24 17:26:58,497 - INFO - episode:633 reward:46.65144846528765 Actions:[[7, 1], [8, 0], [5, 3], [9, 2], [2, 1], [6, 4], [3, 2], [1, 4], [0, 1], [4, 0]]
2026-03-24 17:26:58,519 - INFO - episode:634 reward:1.0 Actions:[[5, 3], [0, 1], [3, 3], [1, 1], [8, 1], [6, 2], [7, 3], [2, 1], [4, 1], [9, 1]]
2026-03-24 17:26:58,540 - INFO - episode:635 reward:2.1 Actions:[[1, 0], [5, 1], [7, 1], [3, 2], [0, 4], [9, 0], [8, 0], [6, 0], [4, 1], [2, 1]]
2026-03-24 17:26:58,561 - INFO - episode:636 reward:0.1 Actions:[[1, 3], [8, 3], [9, 2], [4, 4], [6, 3], [5, 0], [2, 1], [0, 1], [3, 1], [7, 3]]
2026-03-24 17:26:58,582 - INFO - episode:637 reward:0.30000000000000004 Actions:[[8, 2], [7, 0], [3, 2], [0, 1], [9, 3], [6, 1], [1, 5], [2, 5], [5, 1], [4, 2]]
2026-03-24 17:26:58,604 - INFO - episode:638 reward:1.5 Actions:[[8, 4], [7, 1], [3, 0], [4, 2], [9, 2], [5, 4], [1, 0], [6, 3], [0, 1], [2, 0]]
2026-03-24 17:26:58,626 - INFO - episode:639 reward:3.5999999999999996 Actions:[[1, 2], [2, 4], [7, 3], [9, 1], [3, 4], [4, 0], [6, 3], [5, 3], [8, 0], [0, 1]]
2026-03-24 17:26:58,649 - INFO - episode:640 reward:1.5 Actions:[[6, 0], [7, 0], [8, 1], [2, 4], [5, 0], [0, 0], [1, 4], [3, 0], [4, 5], [9, 1]]
2026-03-24 17:26:58,671 - INFO - episode:641 reward:0.6000000000000001 Actions:[[8, 1], [0, 3], [4, 2], [3, 1], [1, 0], [7, 2], [2, 0], [9, 1], [5, 4], [6, 0]]
2026-03-24 17:26:58,696 - INFO - episode:642 reward:23.200266656713577 Actions:[[2, 3], [6, 1], [9, 3], [7, 0], [5, 1], [4, 1], [8, 2], [3, 3], [1, 0], [0, 0]]
2026-03-24 17:26:58,718 - INFO - episode:643 reward:0.30000000000000004 Actions:[[2, 2], [5, 2], [8, 2], [3, 3], [7, 0], [9, 1], [6, 4], [4, 0], [0, 0], [1, 1]]
2026-03-24 17:26:58,740 - INFO - episode:644 reward:1.0 Actions:[[4, 3], [2, 1], [7, 0], [9, 1], [8, 0], [5, 0], [1, 1], [3, 1], [6, 2], [0, 0]]
2026-03-24 17:26:58,762 - INFO - episode:645 reward:0.6000000000000001 Actions:[[4, 1], [0, 0], [9, 1], [1, 1], [5, 2], [2, 2], [8, 3], [6, 0], [3, 1], [7, 0]]
2026-03-24 17:26:58,783 - INFO - episode:646 reward:1.5 Actions:[[6, 1], [7, 1], [4, 2], [2, 2], [3, 2], [8, 2], [0, 1], [5, 0], [1, 1], [9, 1]]
2026-03-24 17:26:58,805 - INFO - episode:647 reward:0.1 Actions:[[2, 1], [8, 1], [3, 0], [0, 3], [1, 0], [5, 4], [6, 1], [7, 0], [4, 0], [9, 0]]
2026-03-24 17:26:58,826 - INFO - episode:648 reward:1.5 Actions:[[8, 2], [6, 3], [3, 3], [2, 0], [0, 1], [1, 2], [9, 4], [7, 0], [5, 2], [4, 0]]
2026-03-24 17:26:58,848 - INFO - episode:649 reward:2.8 Actions:[[3, 3], [2, 3], [8, 2], [5, 4], [9, 1], [0, 1], [4, 1], [6, 2], [1, 0], [7, 2]]
2026-03-24 17:26:58,870 - INFO - episode:650 reward:2.1 Actions:[[6, 2], [2, 3], [0, 1], [9, 0], [7, 1], [4, 1], [8, 0], [5, 4], [1, 0], [3, 0]]
2026-03-24 17:26:58,892 - INFO - episode:651 reward:1.5 Actions:[[2, 0], [1, 1], [0, 0], [9, 1], [7, 0], [5, 0], [4, 1], [8, 1], [6, 1], [3, 4]]
2026-03-24 17:26:58,914 - INFO - episode:652 reward:1.5 Actions:[[0, 1], [9, 5], [1, 2], [3, 3], [4, 0], [8, 0], [6, 0], [2, 1], [7, 1], [5, 0]]
2026-03-24 17:26:58,936 - INFO - episode:653 reward:0.6000000000000001 Actions:[[5, 0], [6, 5], [8, 1], [0, 1], [7, 2], [9, 1], [1, 1], [4, 2], [2, 0], [3, 1]]
2026-03-24 17:26:58,958 - INFO - episode:654 reward:0.30000000000000004 Actions:[[0, 3], [7, 0], [8, 3], [6, 1], [5, 3], [3, 2], [4, 1], [2, 2], [1, 1], [9, 3]]
2026-03-24 17:26:58,980 - INFO - episode:655 reward:1.5 Actions:[[2, 0], [8, 1], [4, 4], [1, 0], [6, 2], [7, 1], [3, 5], [9, 2], [0, 2], [5, 2]]
2026-03-24 17:26:59,002 - INFO - episode:656 reward:1.0 Actions:[[4, 1], [7, 3], [3, 2], [5, 0], [8, 3], [1, 0], [9, 1], [0, 0], [2, 1], [6, 1]]
2026-03-24 17:26:59,023 - INFO - episode:657 reward:0.6000000000000001 Actions:[[4, 3], [1, 1], [7, 0], [8, 1], [3, 2], [0, 0], [2, 0], [5, 2], [6, 4], [9, 2]]
2026-03-24 17:26:59,048 - INFO - episode:658 reward:4.5 Actions:[[9, 3], [7, 2], [3, 2], [0, 0], [1, 3], [8, 1], [4, 0], [5, 0], [6, 2], [2, 3]]
2026-03-24 17:26:59,069 - INFO - episode:659 reward:0.6000000000000001 Actions:[[3, 1], [6, 0], [0, 1], [8, 0], [9, 0], [5, 1], [7, 1], [4, 1], [1, 1], [2, 0]]
2026-03-24 17:26:59,090 - INFO - episode:660 reward:2.1 Actions:[[0, 1], [8, 3], [4, 0], [5, 1], [9, 1], [1, 0], [7, 1], [6, 0], [2, 0], [3, 1]]
2026-03-24 17:26:59,111 - INFO - episode:661 reward:1.0 Actions:[[2, 2], [5, 1], [3, 0], [6, 0], [8, 2], [0, 3], [9, 2], [7, 2], [1, 1], [4, 1]]
2026-03-24 17:26:59,133 - INFO - episode:662 reward:0.30000000000000004 Actions:[[0, 3], [8, 0], [5, 0], [9, 0], [2, 0], [1, 4], [6, 1], [7, 0], [3, 4], [4, 1]]
2026-03-24 17:26:59,155 - INFO - episode:663 reward:0.30000000000000004 Actions:[[5, 1], [8, 0], [7, 0], [1, 4], [6, 2], [9, 0], [4, 4], [0, 0], [3, 1], [2, 4]]
2026-03-24 17:26:59,177 - INFO - episode:664 reward:3.5999999999999996 Actions:[[1, 2], [7, 1], [4, 5], [6, 1], [8, 0], [2, 1], [9, 2], [5, 3], [0, 0], [3, 4]]
2026-03-24 17:26:59,199 - INFO - episode:665 reward:2.1 Actions:[[0, 0], [6, 1], [2, 0], [7, 0], [3, 3], [9, 1], [1, 1], [5, 1], [4, 1], [8, 1]]
2026-03-24 17:26:59,220 - INFO - episode:666 reward:0.30000000000000004 Actions:[[8, 2], [2, 0], [9, 2], [4, 1], [5, 1], [1, 0], [7, 0], [0, 0], [3, 2], [6, 0]]
2026-03-24 17:26:59,241 - INFO - episode:667 reward:0.1 Actions:[[8, 1], [1, 1], [2, 2], [3, 4], [6, 3], [9, 0], [4, 1], [0, 0], [5, 3], [7, 1]]
2026-03-24 17:26:59,263 - INFO - episode:668 reward:0.6000000000000001 Actions:[[5, 0], [6, 1], [1, 1], [8, 0], [4, 1], [2, 1], [3, 1], [9, 4], [7, 1], [0, 4]]
2026-03-24 17:26:59,288 - INFO - episode:669 reward:38.9683624948997 Actions:[[5, 3], [3, 1], [4, 1], [9, 1], [7, 2], [2, 0], [1, 4], [0, 2], [6, 0], [8, 2]]
2026-03-24 17:26:59,311 - INFO - episode:670 reward:3.5999999999999996 Actions:[[3, 1], [7, 2], [1, 4], [2, 0], [9, 3], [4, 1], [0, 2], [5, 0], [8, 1], [6, 1]]
2026-03-24 17:26:59,333 - INFO - episode:671 reward:1.0 Actions:[[0, 1], [2, 2], [3, 2], [5, 2], [8, 1], [1, 0], [6, 4], [9, 2], [7, 2], [4, 1]]
2026-03-24 17:26:59,355 - INFO - episode:672 reward:1.0 Actions:[[1, 1], [2, 2], [6, 3], [9, 3], [8, 2], [4, 3], [5, 0], [0, 0], [7, 1], [3, 1]]
2026-03-24 17:26:59,377 - INFO - episode:673 reward:2.8 Actions:[[1, 2], [2, 2], [5, 1], [7, 0], [6, 1], [8, 4], [4, 1], [9, 4], [0, 4], [3, 2]]
2026-03-24 17:26:59,400 - INFO - episode:674 reward:2.1 Actions:[[6, 1], [1, 1], [4, 3], [5, 0], [0, 0], [3, 0], [9, 0], [8, 4], [7, 1], [2, 1]]
2026-03-24 17:26:59,421 - INFO - episode:675 reward:2.8 Actions:[[2, 1], [6, 1], [0, 5], [4, 0], [8, 4], [3, 0], [7, 0], [5, 0], [1, 1], [9, 1]]
2026-03-24 17:26:59,443 - INFO - episode:676 reward:3.5999999999999996 Actions:[[9, 2], [3, 0], [6, 0], [2, 5], [0, 1], [1, 2], [4, 0], [5, 1], [7, 2], [8, 1]]
2026-03-24 17:26:59,464 - INFO - episode:677 reward:1.5 Actions:[[5, 1], [4, 4], [0, 1], [9, 0], [6, 1], [8, 0], [2, 1], [7, 1], [3, 1], [1, 2]]
2026-03-24 17:26:59,485 - INFO - episode:678 reward:0.6000000000000001 Actions:[[7, 1], [0, 2], [1, 1], [6, 1], [2, 1], [5, 0], [9, 4], [3, 1], [8, 2], [4, 0]]
2026-03-24 17:26:59,507 - INFO - episode:679 reward:2.1 Actions:[[6, 1], [0, 1], [5, 3], [3, 0], [4, 3], [9, 2], [1, 1], [8, 0], [2, 0], [7, 2]]
2026-03-24 17:26:59,528 - INFO - episode:680 reward:0.6000000000000001 Actions:[[3, 2], [2, 3], [8, 1], [0, 1], [4, 3], [9, 0], [5, 0], [7, 1], [1, 0], [6, 2]]
2026-03-24 17:26:59,549 - INFO - episode:681 reward:1.0 Actions:[[8, 0], [9, 1], [6, 4], [7, 4], [0, 0], [2, 0], [1, 4], [4, 0], [5, 1], [3, 1]]
2026-03-24 17:26:59,570 - INFO - episode:682 reward:1.5 Actions:[[9, 3], [6, 1], [5, 3], [2, 2], [0, 2], [8, 2], [1, 3], [7, 1], [3, 4], [4, 0]]
2026-03-24 17:26:59,592 - INFO - episode:683 reward:2.1 Actions:[[7, 1], [4, 2], [8, 0], [9, 1], [3, 3], [1, 2], [2, 2], [0, 1], [6, 3], [5, 0]]
2026-03-24 17:26:59,613 - INFO - episode:684 reward:1.5 Actions:[[5, 2], [0, 1], [6, 2], [9, 0], [3, 1], [1, 1], [8, 0], [7, 3], [2, 1], [4, 4]]
2026-03-24 17:26:59,635 - INFO - episode:685 reward:0.30000000000000004 Actions:[[2, 1], [8, 4], [3, 4], [1, 2], [0, 0], [6, 4], [5, 0], [9, 0], [7, 1], [4, 1]]
2026-03-24 17:26:59,657 - INFO - episode:686 reward:1.5 Actions:[[6, 5], [3, 0], [9, 4], [1, 1], [2, 1], [8, 1], [0, 0], [5, 0], [7, 1], [4, 1]]
2026-03-24 17:26:59,679 - INFO - episode:687 reward:2.1 Actions:[[8, 2], [9, 1], [7, 5], [6, 4], [0, 4], [2, 0], [1, 4], [5, 4], [4, 0], [3, 4]]
2026-03-24 17:26:59,701 - INFO - episode:688 reward:2.1 Actions:[[2, 0], [4, 2], [5, 2], [6, 2], [0, 1], [3, 0], [8, 1], [1, 2], [9, 1], [7, 1]]
2026-03-24 17:26:59,724 - INFO - episode:689 reward:2.1 Actions:[[3, 1], [6, 1], [1, 4], [5, 1], [0, 3], [2, 2], [9, 1], [4, 2], [7, 1], [8, 3]]
2026-03-24 17:26:59,746 - INFO - episode:690 reward:1.0 Actions:[[5, 1], [4, 3], [1, 0], [2, 2], [8, 3], [7, 2], [6, 0], [9, 1], [0, 4], [3, 3]]
2026-03-24 17:26:59,768 - INFO - episode:691 reward:0.6000000000000001 Actions:[[5, 2], [0, 0], [6, 2], [1, 2], [8, 1], [7, 4], [3, 2], [4, 4], [2, 3], [9, 1]]
2026-03-24 17:26:59,789 - INFO - episode:692 reward:1.5 Actions:[[0, 0], [7, 1], [4, 0], [3, 2], [2, 1], [1, 1], [5, 0], [6, 2], [8, 3], [9, 1]]
2026-03-24 17:26:59,811 - INFO - episode:693 reward:1.0 Actions:[[8, 2], [6, 0], [7, 3], [0, 1], [4, 2], [5, 2], [1, 0], [3, 1], [2, 1], [9, 3]]
2026-03-24 17:26:59,833 - INFO - episode:694 reward:3.5999999999999996 Actions:[[6, 3], [0, 0], [2, 0], [9, 1], [1, 1], [3, 0], [4, 4], [7, 3], [8, 0], [5, 2]]
2026-03-24 17:26:59,855 - INFO - episode:695 reward:1.0 Actions:[[6, 2], [4, 3], [0, 0], [7, 0], [8, 2], [5, 0], [3, 1], [1, 1], [9, 1], [2, 2]]
2026-03-24 17:26:59,877 - INFO - episode:696 reward:1.5 Actions:[[1, 0], [6, 3], [5, 0], [4, 1], [2, 1], [8, 1], [3, 1], [9, 0], [0, 0], [7, 0]]
2026-03-24 17:26:59,899 - INFO - episode:697 reward:1.0 Actions:[[6, 3], [1, 2], [4, 0], [8, 1], [7, 1], [9, 1], [3, 0], [5, 5], [0, 0], [2, 2]]
2026-03-24 17:26:59,920 - INFO - episode:698 reward:1.0 Actions:[[3, 1], [5, 0], [7, 2], [6, 1], [1, 1], [9, 3], [4, 0], [2, 1], [0, 2], [8, 3]]
2026-03-24 17:26:59,941 - INFO - episode:699 reward:0.6000000000000001 Actions:[[5, 0], [7, 4], [1, 0], [0, 0], [2, 3], [6, 3], [4, 0], [8, 1], [9, 1], [3, 0]]
2026-03-24 17:26:59,963 - INFO - episode:700 reward:0.6000000000000001 Actions:[[2, 0], [8, 1], [1, 3], [3, 1], [6, 0], [7, 3], [5, 2], [4, 0], [9, 2], [0, 1]]
2026-03-24 17:26:59,985 - INFO - episode:701 reward:1.0 Actions:[[2, 2], [5, 1], [8, 0], [4, 1], [1, 1], [3, 1], [0, 2], [7, 2], [9, 0], [6, 1]]
2026-03-24 17:27:00,008 - INFO - episode:702 reward:0.6000000000000001 Actions:[[6, 2], [9, 2], [8, 5], [3, 5], [7, 0], [0, 1], [5, 2], [4, 4], [2, 3], [1, 2]]
2026-03-24 17:27:00,030 - INFO - episode:703 reward:2.8 Actions:[[7, 1], [3, 5], [4, 2], [9, 0], [0, 5], [2, 2], [5, 0], [8, 2], [1, 0], [6, 1]]
2026-03-24 17:27:00,053 - INFO - episode:704 reward:2.1 Actions:[[3, 3], [7, 3], [6, 1], [2, 0], [9, 5], [4, 3], [8, 0], [1, 0], [5, 1], [0, 0]]
2026-03-24 17:27:00,074 - INFO - episode:705 reward:3.5999999999999996 Actions:[[6, 2], [8, 0], [4, 1], [0, 3], [1, 3], [3, 2], [9, 1], [7, 1], [5, 0], [2, 0]]
2026-03-24 17:27:00,096 - INFO - episode:706 reward:1.0 Actions:[[9, 3], [3, 1], [7, 2], [0, 4], [8, 3], [5, 3], [6, 3], [4, 0], [1, 1], [2, 1]]
2026-03-24 17:27:00,117 - INFO - episode:707 reward:1.5 Actions:[[3, 1], [6, 1], [0, 2], [7, 0], [2, 0], [8, 1], [5, 1], [9, 2], [4, 2], [1, 2]]
2026-03-24 17:27:00,139 - INFO - episode:708 reward:2.1 Actions:[[4, 2], [0, 1], [5, 0], [8, 3], [9, 1], [6, 0], [2, 3], [1, 1], [7, 5], [3, 0]]
2026-03-24 17:27:00,160 - INFO - episode:709 reward:1.0 Actions:[[0, 1], [5, 1], [8, 0], [3, 1], [1, 1], [2, 2], [9, 1], [4, 0], [7, 1], [6, 1]]
2026-03-24 17:27:00,181 - INFO - episode:710 reward:3.5999999999999996 Actions:[[6, 4], [7, 3], [1, 1], [0, 3], [5, 0], [4, 2], [9, 4], [3, 2], [8, 1], [2, 0]]
2026-03-24 17:27:00,203 - INFO - episode:711 reward:1.0 Actions:[[7, 5], [9, 1], [4, 0], [6, 3], [8, 1], [1, 0], [2, 1], [5, 2], [3, 1], [0, 0]]
2026-03-24 17:27:00,224 - INFO - episode:712 reward:1.0 Actions:[[8, 3], [5, 1], [0, 0], [2, 0], [1, 3], [9, 0], [4, 1], [3, 2], [7, 0], [6, 3]]
2026-03-24 17:27:00,245 - INFO - episode:713 reward:1.5 Actions:[[6, 1], [2, 0], [5, 0], [4, 0], [3, 1], [1, 1], [0, 1], [7, 1], [9, 3], [8, 1]]
2026-03-24 17:27:00,266 - INFO - episode:714 reward:0.6000000000000001 Actions:[[1, 1], [7, 1], [4, 0], [8, 1], [0, 0], [5, 0], [6, 3], [9, 0], [2, 1], [3, 1]]
2026-03-24 17:27:00,288 - INFO - episode:715 reward:2.1 Actions:[[2, 3], [3, 1], [7, 0], [6, 3], [9, 2], [1, 1], [8, 2], [4, 1], [0, 1], [5, 0]]
2026-03-24 17:27:00,309 - INFO - episode:716 reward:2.8 Actions:[[9, 1], [2, 5], [7, 2], [0, 0], [4, 2], [6, 3], [3, 2], [1, 2], [8, 5], [5, 5]]
2026-03-24 17:27:00,330 - INFO - episode:717 reward:2.1 Actions:[[4, 1], [2, 2], [7, 3], [8, 4], [1, 0], [6, 0], [0, 0], [5, 3], [3, 1], [9, 1]]
2026-03-24 17:27:00,355 - INFO - episode:718 reward:0.6000000000000001 Actions:[[7, 3], [8, 1], [9, 4], [2, 1], [4, 0], [1, 0], [0, 0], [6, 4], [5, 4], [3, 0]]
2026-03-24 17:27:00,378 - INFO - episode:719 reward:0.6000000000000001 Actions:[[4, 1], [8, 2], [6, 0], [1, 2], [3, 0], [0, 1], [7, 0], [9, 1], [5, 1], [2, 1]]
2026-03-24 17:27:00,400 - INFO - episode:720 reward:1.0 Actions:[[7, 2], [0, 0], [5, 4], [9, 0], [1, 0], [4, 0], [8, 5], [2, 2], [3, 1], [6, 2]]
2026-03-24 17:27:00,423 - INFO - episode:721 reward:1.0 Actions:[[8, 1], [0, 3], [2, 3], [5, 2], [6, 1], [7, 4], [9, 2], [4, 0], [1, 0], [3, 3]]
2026-03-24 17:27:00,446 - INFO - episode:722 reward:1.5 Actions:[[3, 1], [7, 1], [0, 0], [5, 4], [1, 0], [6, 0], [4, 2], [2, 2], [9, 3], [8, 0]]
2026-03-24 17:27:00,469 - INFO - episode:723 reward:3.5999999999999996 Actions:[[5, 1], [1, 2], [0, 3], [4, 1], [2, 4], [3, 3], [9, 0], [7, 2], [8, 0], [6, 1]]
2026-03-24 17:27:00,491 - INFO - episode:724 reward:1.0 Actions:[[6, 1], [5, 1], [2, 3], [8, 2], [0, 2], [4, 4], [7, 0], [3, 1], [1, 1], [9, 1]]
2026-03-24 17:27:00,513 - INFO - episode:725 reward:1.0 Actions:[[6, 1], [8, 3], [0, 4], [3, 0], [5, 3], [7, 0], [4, 3], [9, 2], [1, 1], [2, 0]]
2026-03-24 17:27:00,536 - INFO - episode:726 reward:2.1 Actions:[[1, 1], [9, 1], [4, 0], [3, 3], [6, 4], [0, 2], [7, 1], [5, 0], [8, 2], [2, 3]]
2026-03-24 17:27:00,558 - INFO - episode:727 reward:2.8 Actions:[[2, 0], [3, 0], [5, 2], [4, 4], [1, 1], [9, 0], [0, 4], [8, 2], [7, 2], [6, 4]]
2026-03-24 17:27:00,581 - INFO - episode:728 reward:1.0 Actions:[[9, 5], [5, 0], [0, 3], [6, 1], [8, 1], [2, 3], [1, 0], [7, 4], [4, 0], [3, 1]]
2026-03-24 17:27:00,603 - INFO - episode:729 reward:1.0 Actions:[[1, 0], [2, 0], [0, 1], [3, 1], [5, 0], [6, 1], [7, 1], [8, 1], [9, 0], [4, 2]]
2026-03-24 17:27:00,624 - INFO - episode:730 reward:2.1 Actions:[[0, 1], [1, 3], [5, 2], [2, 0], [7, 1], [9, 3], [8, 1], [6, 1], [3, 0], [4, 1]]
2026-03-24 17:27:00,649 - INFO - episode:731 reward:4.5 Actions:[[6, 3], [0, 1], [3, 1], [5, 3], [1, 0], [4, 0], [9, 2], [2, 2], [7, 3], [8, 2]]
2026-03-24 17:27:00,674 - INFO - episode:732 reward:1.5 Actions:[[2, 1], [1, 1], [0, 0], [9, 0], [7, 2], [8, 1], [4, 1], [6, 0], [5, 4], [3, 1]]
2026-03-24 17:27:00,696 - INFO - episode:733 reward:1.0 Actions:[[3, 0], [7, 1], [0, 2], [1, 1], [5, 1], [9, 0], [2, 1], [4, 0], [6, 1], [8, 1]]
2026-03-24 17:27:00,717 - INFO - episode:734 reward:0.6000000000000001 Actions:[[2, 4], [1, 0], [5, 0], [0, 0], [9, 4], [3, 2], [7, 4], [8, 1], [4, 0], [6, 0]]
2026-03-24 17:27:00,739 - INFO - episode:735 reward:2.8 Actions:[[4, 2], [5, 1], [0, 3], [3, 3], [1, 2], [7, 0], [2, 1], [6, 2], [9, 1], [8, 4]]
2026-03-24 17:27:00,763 - INFO - episode:736 reward:17.118876466074653 Actions:[[1, 1], [0, 3], [7, 3], [4, 0], [3, 4], [9, 1], [2, 0], [6, 2], [5, 0], [8, 4]]
2026-03-24 17:27:00,785 - INFO - episode:737 reward:0.6000000000000001 Actions:[[4, 0], [6, 0], [8, 1], [1, 1], [7, 1], [9, 2], [3, 0], [5, 1], [2, 2], [0, 1]]
2026-03-24 17:27:00,806 - INFO - episode:738 reward:1.5 Actions:[[4, 2], [5, 4], [6, 3], [0, 1], [9, 4], [8, 4], [1, 4], [2, 0], [3, 0], [7, 1]]
2026-03-24 17:27:00,829 - INFO - episode:739 reward:1.5 Actions:[[9, 1], [0, 3], [7, 0], [4, 0], [6, 0], [1, 0], [5, 2], [3, 1], [2, 0], [8, 0]]
2026-03-24 17:27:00,851 - INFO - episode:740 reward:0.30000000000000004 Actions:[[2, 0], [6, 1], [8, 0], [0, 1], [9, 0], [7, 0], [4, 5], [1, 3], [3, 4], [5, 1]]
2026-03-24 17:27:00,876 - INFO - episode:741 reward:4.5 Actions:[[1, 2], [2, 1], [4, 2], [9, 1], [6, 0], [3, 0], [8, 3], [7, 1], [0, 0], [5, 3]]
2026-03-24 17:27:00,899 - INFO - episode:742 reward:3.5999999999999996 Actions:[[7, 2], [6, 1], [1, 4], [9, 2], [2, 0], [3, 0], [5, 0], [0, 1], [8, 2], [4, 0]]
2026-03-24 17:27:00,921 - INFO - episode:743 reward:2.8 Actions:[[4, 2], [9, 0], [1, 1], [2, 3], [3, 3], [0, 1], [7, 0], [6, 1], [8, 4], [5, 0]]
2026-03-24 17:27:00,944 - INFO - episode:744 reward:0.6000000000000001 Actions:[[7, 3], [3, 1], [1, 0], [8, 1], [5, 0], [2, 2], [4, 0], [9, 1], [0, 0], [6, 1]]
2026-03-24 17:27:00,966 - INFO - episode:745 reward:1.5 Actions:[[4, 2], [2, 3], [1, 0], [9, 0], [7, 1], [6, 0], [3, 1], [0, 1], [5, 0], [8, 0]]
2026-03-24 17:27:00,988 - INFO - episode:746 reward:0.30000000000000004 Actions:[[3, 3], [1, 5], [8, 5], [0, 0], [6, 1], [9, 1], [2, 1], [7, 2], [4, 2], [5, 0]]
2026-03-24 17:27:01,010 - INFO - episode:747 reward:3.5999999999999996 Actions:[[1, 2], [9, 3], [4, 3], [2, 2], [3, 0], [6, 0], [8, 4], [7, 0], [5, 0], [0, 1]]
2026-03-24 17:27:01,033 - INFO - episode:748 reward:3.5999999999999996 Actions:[[6, 2], [9, 5], [7, 1], [3, 1], [5, 2], [4, 1], [1, 5], [0, 0], [2, 1], [8, 5]]
2026-03-24 17:27:01,055 - INFO - episode:749 reward:0.30000000000000004 Actions:[[8, 1], [0, 3], [4, 1], [9, 0], [7, 0], [3, 0], [6, 0], [2, 0], [5, 1], [1, 1]]
2026-03-24 17:27:01,077 - INFO - episode:750 reward:2.8 Actions:[[2, 3], [4, 1], [0, 0], [3, 1], [5, 2], [6, 0], [9, 0], [8, 0], [1, 5], [7, 5]]
2026-03-24 17:27:01,100 - INFO - episode:751 reward:1.5 Actions:[[6, 3], [3, 1], [2, 0], [5, 1], [0, 1], [9, 1], [4, 4], [1, 2], [8, 2], [7, 3]]
2026-03-24 17:27:01,122 - INFO - episode:752 reward:3.5999999999999996 Actions:[[3, 1], [6, 5], [2, 3], [4, 0], [1, 0], [8, 4], [0, 1], [5, 2], [7, 0], [9, 1]]
2026-03-24 17:27:01,144 - INFO - episode:753 reward:0.30000000000000004 Actions:[[8, 4], [5, 1], [7, 4], [0, 2], [2, 2], [6, 0], [4, 0], [9, 0], [3, 1], [1, 0]]
2026-03-24 17:27:01,166 - INFO - episode:754 reward:1.5 Actions:[[4, 0], [6, 1], [7, 0], [5, 3], [9, 0], [1, 0], [3, 1], [2, 1], [0, 1], [8, 2]]
2026-03-24 17:27:01,188 - INFO - episode:755 reward:1.0 Actions:[[7, 2], [5, 3], [9, 1], [0, 5], [8, 2], [4, 1], [2, 1], [3, 3], [6, 1], [1, 0]]
2026-03-24 17:27:01,210 - INFO - episode:756 reward:1.5 Actions:[[0, 0], [7, 0], [6, 1], [1, 4], [3, 0], [8, 0], [5, 0], [2, 2], [9, 1], [4, 1]]
2026-03-24 17:27:01,233 - INFO - episode:757 reward:2.8 Actions:[[9, 3], [3, 1], [8, 2], [7, 3], [0, 1], [6, 0], [2, 1], [1, 2], [5, 5], [4, 3]]
2026-03-24 17:27:01,258 - INFO - episode:758 reward:37.57591146264158 Actions:[[8, 2], [2, 1], [9, 3], [4, 0], [6, 3], [5, 4], [3, 1], [7, 1], [1, 0], [0, 0]]
2026-03-24 17:27:01,280 - INFO - episode:759 reward:2.1 Actions:[[6, 0], [7, 0], [3, 1], [5, 1], [9, 0], [0, 4], [4, 0], [2, 2], [1, 1], [8, 1]]
2026-03-24 17:27:01,302 - INFO - episode:760 reward:2.8 Actions:[[3, 3], [9, 1], [5, 3], [2, 4], [6, 2], [1, 4], [8, 0], [4, 0], [0, 0], [7, 0]]
2026-03-24 17:27:01,325 - INFO - episode:761 reward:2.1 Actions:[[4, 1], [2, 2], [0, 1], [8, 4], [7, 0], [5, 0], [9, 4], [1, 0], [6, 0], [3, 0]]
2026-03-24 17:27:01,347 - INFO - episode:762 reward:1.5 Actions:[[0, 1], [4, 2], [1, 3], [5, 2], [3, 2], [7, 2], [2, 2], [6, 2], [8, 3], [9, 3]]
2026-03-24 17:27:01,369 - INFO - episode:763 reward:2.1 Actions:[[5, 2], [7, 1], [8, 0], [0, 3], [4, 1], [3, 1], [9, 0], [6, 1], [2, 1], [1, 0]]
2026-03-24 17:27:01,392 - INFO - episode:764 reward:2.8 Actions:[[8, 2], [7, 3], [3, 3], [6, 3], [4, 0], [9, 0], [2, 1], [1, 2], [5, 4], [0, 4]]
2026-03-24 17:27:01,414 - INFO - episode:765 reward:1.5 Actions:[[9, 3], [6, 0], [2, 1], [3, 0], [5, 0], [7, 0], [1, 1], [4, 2], [0, 0], [8, 1]]
2026-03-24 17:27:01,439 - INFO - episode:766 reward:4.5 Actions:[[3, 1], [0, 3], [7, 1], [2, 2], [5, 3], [4, 2], [9, 1], [1, 0], [6, 0], [8, 1]]
2026-03-24 17:27:01,461 - INFO - episode:767 reward:2.1 Actions:[[2, 0], [7, 1], [1, 1], [5, 0], [3, 5], [9, 5], [4, 1], [0, 0], [6, 0], [8, 1]]
2026-03-24 17:27:01,484 - INFO - episode:768 reward:2.8 Actions:[[0, 2], [7, 0], [1, 1], [4, 3], [5, 4], [2, 3], [3, 3], [8, 2], [9, 0], [6, 0]]
2026-03-24 17:27:01,507 - INFO - episode:769 reward:0.30000000000000004 Actions:[[6, 2], [8, 0], [0, 0], [4, 1], [5, 0], [1, 1], [7, 1], [2, 2], [9, 1], [3, 1]]
2026-03-24 17:27:01,528 - INFO - episode:770 reward:1.5 Actions:[[2, 1], [1, 2], [0, 3], [6, 3], [3, 3], [7, 3], [4, 0], [8, 4], [9, 3], [5, 3]]
2026-03-24 17:27:01,551 - INFO - episode:771 reward:1.0 Actions:[[6, 0], [5, 4], [8, 2], [1, 0], [9, 0], [3, 3], [2, 1], [7, 4], [0, 0], [4, 1]]
2026-03-24 17:27:01,573 - INFO - episode:772 reward:2.1 Actions:[[3, 2], [7, 3], [1, 1], [9, 3], [4, 1], [0, 4], [8, 1], [5, 0], [6, 0], [2, 0]]
2026-03-24 17:27:01,594 - INFO - episode:773 reward:1.5 Actions:[[9, 2], [7, 2], [1, 0], [2, 0], [5, 1], [8, 1], [4, 1], [0, 1], [6, 4], [3, 1]]
2026-03-24 17:27:01,616 - INFO - episode:774 reward:1.0 Actions:[[5, 2], [2, 0], [4, 0], [7, 0], [0, 0], [6, 4], [8, 2], [1, 1], [3, 0], [9, 3]]
2026-03-24 17:27:01,638 - INFO - episode:775 reward:1.0 Actions:[[6, 2], [1, 3], [5, 3], [2, 2], [9, 3], [0, 1], [3, 3], [4, 4], [7, 4], [8, 1]]
2026-03-24 17:27:01,660 - INFO - episode:776 reward:2.1 Actions:[[6, 2], [1, 5], [0, 4], [9, 0], [3, 1], [7, 3], [8, 5], [4, 0], [2, 5], [5, 1]]
2026-03-24 17:27:01,684 - INFO - episode:777 reward:11.085552286111398 Actions:[[2, 2], [4, 3], [0, 1], [5, 1], [7, 3], [8, 5], [3, 3], [6, 0], [9, 2], [1, 1]]
2026-03-24 17:27:01,706 - INFO - episode:778 reward:2.8 Actions:[[1, 3], [6, 1], [9, 1], [7, 2], [0, 4], [5, 4], [3, 0], [8, 3], [4, 0], [2, 1]]
2026-03-24 17:27:01,730 - INFO - episode:779 reward:4.5 Actions:[[1, 5], [8, 3], [7, 4], [0, 0], [6, 1], [5, 2], [9, 2], [3, 0], [4, 2], [2, 0]]
2026-03-24 17:27:01,752 - INFO - episode:780 reward:0.30000000000000004 Actions:[[1, 2], [8, 0], [0, 0], [6, 1], [7, 0], [9, 1], [3, 1], [4, 5], [5, 0], [2, 5]]
2026-03-24 17:27:01,774 - INFO - episode:781 reward:0.30000000000000004 Actions:[[9, 0], [2, 1], [8, 1], [1, 1], [0, 0], [3, 0], [5, 2], [7, 1], [6, 1], [4, 4]]
2026-03-24 17:27:01,796 - INFO - episode:782 reward:0.30000000000000004 Actions:[[9, 0], [8, 1], [3, 1], [1, 1], [7, 0], [2, 0], [0, 0], [4, 1], [5, 0], [6, 0]]
2026-03-24 17:27:01,820 - INFO - episode:783 reward:0.6000000000000001 Actions:[[9, 0], [3, 0], [5, 1], [8, 1], [0, 1], [1, 0], [6, 0], [2, 2], [7, 0], [4, 1]]
2026-03-24 17:27:01,842 - INFO - episode:784 reward:1.5 Actions:[[4, 0], [3, 2], [0, 0], [8, 1], [7, 0], [1, 1], [5, 0], [6, 2], [9, 5], [2, 1]]
2026-03-24 17:27:01,864 - INFO - episode:785 reward:1.5 Actions:[[0, 3], [3, 2], [7, 0], [5, 0], [9, 5], [8, 2], [2, 2], [1, 0], [4, 4], [6, 1]]
2026-03-24 17:27:01,886 - INFO - episode:786 reward:2.1 Actions:[[4, 2], [7, 1], [6, 1], [1, 2], [9, 0], [0, 0], [8, 0], [2, 4], [5, 0], [3, 1]]
2026-03-24 17:27:01,911 - INFO - episode:787 reward:25.43772205955911 Actions:[[9, 1], [7, 1], [5, 0], [1, 5], [6, 3], [3, 3], [0, 0], [8, 2], [4, 4], [2, 2]]
2026-03-24 17:27:01,932 - INFO - episode:788 reward:3.5999999999999996 Actions:[[6, 3], [9, 0], [1, 1], [5, 2], [4, 1], [3, 0], [2, 4], [7, 2], [0, 1], [8, 1]]
2026-03-24 17:27:01,954 - INFO - episode:789 reward:0.6000000000000001 Actions:[[4, 1], [7, 0], [9, 2], [8, 1], [1, 2], [0, 2], [3, 1], [5, 5], [2, 1], [6, 2]]
2026-03-24 17:27:01,975 - INFO - episode:790 reward:0.30000000000000004 Actions:[[3, 0], [0, 2], [8, 0], [4, 1], [7, 4], [5, 4], [6, 0], [2, 2], [1, 4], [9, 4]]
2026-03-24 17:27:01,996 - INFO - episode:791 reward:0.1 Actions:[[8, 1], [7, 1], [6, 3], [9, 3], [3, 1], [5, 2], [1, 0], [2, 4], [4, 0], [0, 4]]
2026-03-24 17:27:02,018 - INFO - episode:792 reward:2.1 Actions:[[2, 3], [3, 0], [1, 1], [7, 0], [5, 1], [9, 0], [0, 1], [4, 1], [6, 2], [8, 0]]
2026-03-24 17:27:02,039 - INFO - episode:793 reward:3.5999999999999996 Actions:[[4, 2], [2, 3], [6, 3], [1, 2], [5, 1], [9, 3], [0, 0], [3, 0], [8, 0], [7, 1]]
2026-03-24 17:27:02,061 - INFO - episode:794 reward:0.6000000000000001 Actions:[[8, 1], [6, 2], [4, 4], [9, 1], [3, 4], [2, 1], [1, 0], [5, 1], [0, 1], [7, 1]]
2026-03-24 17:27:02,082 - INFO - episode:795 reward:2.8 Actions:[[2, 1], [0, 2], [5, 2], [4, 2], [8, 0], [1, 1], [9, 3], [3, 2], [7, 4], [6, 0]]
2026-03-24 17:27:02,103 - INFO - episode:796 reward:1.0 Actions:[[5, 1], [9, 1], [2, 0], [3, 0], [1, 1], [8, 4], [4, 0], [0, 3], [6, 0], [7, 3]]
2026-03-24 17:27:02,124 - INFO - episode:797 reward:2.1 Actions:[[1, 1], [5, 1], [4, 0], [9, 0], [6, 2], [3, 4], [8, 4], [2, 0], [7, 0], [0, 4]]
2026-03-24 17:27:02,146 - INFO - episode:798 reward:2.1 Actions:[[4, 0], [3, 4], [5, 0], [0, 2], [9, 0], [2, 3], [7, 0], [6, 1], [1, 1], [8, 0]]
2026-03-24 17:27:02,167 - INFO - episode:799 reward:2.1 Actions:[[2, 3], [5, 1], [1, 0], [3, 3], [6, 1], [7, 1], [9, 1], [4, 2], [8, 3], [0, 2]]
2026-03-24 17:27:02,188 - INFO - episode:800 reward:1.0 Actions:[[9, 3], [1, 3], [4, 2], [2, 0], [7, 3], [6, 1], [3, 1], [8, 3], [0, 1], [5, 3]]
2026-03-24 17:27:02,210 - INFO - episode:801 reward:1.5 Actions:[[4, 0], [9, 1], [7, 0], [6, 2], [3, 4], [8, 4], [0, 0], [2, 4], [1, 5], [5, 5]]
2026-03-24 17:27:02,231 - INFO - episode:802 reward:0.6000000000000001 Actions:[[3, 1], [7, 1], [6, 0], [8, 1], [1, 0], [5, 1], [0, 4], [4, 3], [2, 1], [9, 0]]
2026-03-24 17:27:02,253 - INFO - episode:803 reward:3.5999999999999996 Actions:[[7, 1], [2, 4], [1, 3], [3, 0], [9, 2], [4, 1], [6, 1], [0, 3], [8, 4], [5, 2]]
2026-03-24 17:27:02,275 - INFO - episode:804 reward:3.5999999999999996 Actions:[[4, 2], [6, 3], [2, 1], [5, 2], [3, 3], [9, 1], [7, 0], [0, 0], [8, 3], [1, 3]]
2026-03-24 17:27:02,297 - INFO - episode:805 reward:1.5 Actions:[[8, 1], [9, 2], [2, 5], [3, 3], [5, 0], [6, 1], [7, 1], [0, 1], [4, 2], [1, 2]]
2026-03-24 17:27:02,319 - INFO - episode:806 reward:3.5999999999999996 Actions:[[0, 3], [9, 5], [2, 0], [5, 3], [1, 1], [7, 2], [3, 0], [4, 1], [8, 3], [6, 2]]
2026-03-24 17:27:02,341 - INFO - episode:807 reward:0.1 Actions:[[8, 1], [3, 1], [5, 3], [7, 0], [9, 1], [6, 0], [0, 0], [1, 1], [4, 0], [2, 0]]
2026-03-24 17:27:02,362 - INFO - episode:808 reward:2.8 Actions:[[3, 0], [0, 0], [7, 1], [6, 5], [2, 3], [9, 3], [4, 3], [8, 1], [5, 3], [1, 0]]
2026-03-24 17:27:02,384 - INFO - episode:809 reward:0.30000000000000004 Actions:[[5, 0], [7, 0], [1, 0], [3, 1], [2, 1], [9, 0], [6, 0], [0, 1], [4, 1], [8, 0]]
2026-03-24 17:27:02,407 - INFO - episode:810 reward:2.8 Actions:[[0, 3], [4, 0], [7, 5], [3, 1], [5, 1], [1, 2], [9, 1], [6, 1], [2, 0], [8, 4]]
2026-03-24 17:27:02,429 - INFO - episode:811 reward:0.6000000000000001 Actions:[[6, 4], [4, 2], [1, 1], [8, 1], [2, 0], [5, 0], [7, 0], [3, 0], [9, 1], [0, 4]]
2026-03-24 17:27:02,451 - INFO - episode:812 reward:3.5999999999999996 Actions:[[3, 4], [5, 1], [1, 2], [0, 1], [2, 2], [4, 4], [7, 1], [6, 0], [9, 1], [8, 1]]
2026-03-24 17:27:02,476 - INFO - episode:813 reward:4.5 Actions:[[7, 2], [1, 2], [2, 3], [5, 1], [9, 0], [0, 1], [3, 0], [6, 5], [8, 4], [4, 0]]
2026-03-24 17:27:02,498 - INFO - episode:814 reward:1.5 Actions:[[4, 3], [3, 1], [0, 0], [7, 1], [1, 2], [8, 1], [2, 0], [5, 0], [9, 1], [6, 0]]
2026-03-24 17:27:02,521 - INFO - episode:815 reward:1.0 Actions:[[9, 0], [3, 1], [4, 0], [5, 1], [8, 0], [6, 1], [1, 0], [2, 2], [0, 2], [7, 4]]
2026-03-24 17:27:02,543 - INFO - episode:816 reward:0.1 Actions:[[8, 2], [2, 2], [0, 3], [1, 1], [7, 2], [6, 1], [3, 1], [4, 0], [5, 1], [9, 0]]
2026-03-24 17:27:02,565 - INFO - episode:817 reward:3.5999999999999996 Actions:[[5, 0], [2, 1], [8, 3], [1, 2], [7, 1], [4, 4], [6, 1], [3, 2], [0, 1], [9, 1]]
2026-03-24 17:27:02,588 - INFO - episode:818 reward:2.8 Actions:[[4, 0], [7, 0], [1, 3], [9, 3], [3, 2], [5, 1], [0, 2], [8, 3], [6, 1], [2, 1]]
2026-03-24 17:27:02,609 - INFO - episode:819 reward:0.6000000000000001 Actions:[[7, 0], [3, 1], [1, 1], [8, 0], [5, 1], [6, 1], [0, 1], [4, 4], [9, 2], [2, 1]]
2026-03-24 17:27:02,631 - INFO - episode:820 reward:3.5999999999999996 Actions:[[9, 2], [2, 3], [7, 0], [6, 0], [5, 1], [3, 1], [0, 0], [4, 1], [8, 2], [1, 5]]
2026-03-24 17:27:02,653 - INFO - episode:821 reward:3.5999999999999996 Actions:[[6, 0], [4, 5], [8, 2], [7, 3], [3, 5], [0, 1], [2, 4], [1, 1], [9, 1], [5, 4]]
2026-03-24 17:27:02,675 - INFO - episode:822 reward:3.5999999999999996 Actions:[[2, 0], [3, 0], [5, 1], [7, 2], [6, 1], [0, 2], [9, 4], [4, 4], [1, 0], [8, 4]]
2026-03-24 17:27:02,696 - INFO - episode:823 reward:0.1 Actions:[[1, 1], [8, 1], [9, 0], [7, 2], [0, 0], [6, 3], [3, 0], [2, 2], [4, 3], [5, 0]]
2026-03-24 17:27:02,718 - INFO - episode:824 reward:1.5 Actions:[[6, 3], [5, 1], [7, 2], [8, 0], [0, 1], [4, 0], [2, 1], [3, 4], [9, 1], [1, 1]]
2026-03-24 17:27:02,740 - INFO - episode:825 reward:0.6000000000000001 Actions:[[5, 3], [6, 0], [2, 3], [8, 0], [4, 3], [3, 1], [0, 1], [7, 1], [9, 2], [1, 2]]
2026-03-24 17:27:02,765 - INFO - episode:826 reward:28.523367055588096 Actions:[[2, 1], [8, 3], [7, 0], [4, 1], [6, 2], [3, 2], [9, 1], [1, 5], [5, 0], [0, 1]]
2026-03-24 17:27:02,788 - INFO - episode:827 reward:1.0 Actions:[[6, 1], [9, 0], [3, 5], [4, 3], [8, 1], [1, 1], [7, 0], [0, 2], [5, 0], [2, 2]]
2026-03-24 17:27:02,809 - INFO - episode:828 reward:2.8 Actions:[[3, 1], [5, 3], [2, 0], [7, 2], [4, 4], [1, 2], [9, 4], [8, 2], [6, 0], [0, 2]]
2026-03-24 17:27:02,831 - INFO - episode:829 reward:3.5999999999999996 Actions:[[2, 5], [7, 2], [5, 0], [6, 2], [1, 3], [9, 0], [3, 0], [0, 2], [8, 2], [4, 2]]
2026-03-24 17:27:02,853 - INFO - episode:830 reward:1.0 Actions:[[5, 0], [2, 3], [1, 4], [7, 1], [8, 0], [3, 0], [6, 1], [4, 0], [0, 2], [9, 1]]
2026-03-24 17:27:02,875 - INFO - episode:831 reward:2.8 Actions:[[1, 0], [6, 5], [4, 2], [5, 2], [0, 1], [9, 2], [2, 1], [8, 1], [7, 1], [3, 1]]
2026-03-24 17:27:02,898 - INFO - episode:832 reward:2.1 Actions:[[8, 3], [9, 0], [5, 1], [2, 0], [1, 2], [7, 2], [4, 2], [0, 2], [6, 3], [3, 2]]
2026-03-24 17:27:02,923 - INFO - episode:833 reward:4.5 Actions:[[5, 1], [0, 2], [3, 3], [1, 2], [9, 3], [2, 1], [7, 1], [8, 5], [6, 3], [4, 0]]
2026-03-24 17:27:02,945 - INFO - episode:834 reward:0.30000000000000004 Actions:[[0, 0], [1, 0], [4, 0], [8, 0], [6, 2], [2, 0], [9, 3], [3, 1], [7, 1], [5, 0]]
2026-03-24 17:27:02,967 - INFO - episode:835 reward:0.30000000000000004 Actions:[[2, 2], [0, 1], [8, 2], [3, 1], [5, 3], [4, 0], [9, 1], [1, 0], [6, 0], [7, 0]]
2026-03-24 17:27:02,992 - INFO - episode:836 reward:4.5 Actions:[[7, 3], [6, 1], [3, 2], [1, 0], [9, 1], [0, 4], [5, 1], [2, 3], [4, 0], [8, 1]]
2026-03-24 17:27:03,013 - INFO - episode:837 reward:1.5 Actions:[[8, 0], [3, 1], [4, 4], [0, 4], [1, 1], [7, 1], [6, 1], [9, 0], [2, 0], [5, 2]]
2026-03-24 17:27:03,035 - INFO - episode:838 reward:3.5999999999999996 Actions:[[9, 0], [2, 1], [6, 1], [3, 0], [5, 2], [7, 3], [0, 1], [1, 2], [8, 0], [4, 1]]
2026-03-24 17:27:03,056 - INFO - episode:839 reward:2.1 Actions:[[6, 1], [2, 1], [8, 3], [5, 1], [0, 2], [1, 2], [7, 3], [3, 4], [9, 0], [4, 2]]
2026-03-24 17:27:03,081 - INFO - episode:840 reward:39.85279563431732 Actions:[[6, 0], [0, 5], [8, 2], [9, 5], [2, 3], [4, 3], [7, 0], [1, 1], [5, 0], [3, 1]]
2026-03-24 17:27:03,103 - INFO - episode:841 reward:1.0 Actions:[[0, 0], [7, 0], [6, 5], [8, 4], [9, 4], [2, 0], [4, 0], [5, 0], [1, 1], [3, 2]]
2026-03-24 17:27:03,124 - INFO - episode:842 reward:2.1 Actions:[[8, 2], [3, 5], [1, 1], [2, 0], [9, 0], [7, 1], [5, 1], [6, 5], [0, 0], [4, 2]]
2026-03-24 17:27:03,146 - INFO - episode:843 reward:0.6000000000000001 Actions:[[4, 2], [0, 3], [1, 2], [3, 2], [8, 3], [5, 0], [6, 3], [7, 2], [2, 4], [9, 0]]
2026-03-24 17:27:03,167 - INFO - episode:844 reward:2.1 Actions:[[6, 1], [7, 1], [1, 2], [0, 0], [9, 1], [8, 4], [4, 1], [5, 1], [3, 2], [2, 1]]
2026-03-24 17:27:03,189 - INFO - episode:845 reward:1.0 Actions:[[4, 2], [9, 0], [8, 4], [5, 0], [6, 4], [7, 3], [1, 0], [2, 5], [3, 1], [0, 0]]
2026-03-24 17:27:03,210 - INFO - episode:846 reward:2.8 Actions:[[7, 3], [4, 1], [9, 0], [0, 4], [3, 1], [5, 2], [1, 2], [8, 3], [2, 0], [6, 2]]
2026-03-24 17:27:03,232 - INFO - episode:847 reward:1.5 Actions:[[4, 1], [6, 0], [3, 0], [2, 1], [7, 1], [1, 1], [8, 1], [9, 0], [0, 2], [5, 2]]
2026-03-24 17:27:03,253 - INFO - episode:848 reward:2.1 Actions:[[6, 1], [1, 3], [2, 3], [3, 2], [9, 1], [8, 4], [0, 3], [5, 3], [7, 3], [4, 0]]
2026-03-24 17:27:03,274 - INFO - episode:849 reward:0.6000000000000001 Actions:[[5, 0], [4, 3], [2, 0], [8, 3], [0, 1], [9, 0], [3, 1], [7, 1], [1, 1], [6, 5]]
2026-03-24 17:27:03,296 - INFO - episode:850 reward:0.30000000000000004 Actions:[[4, 2], [8, 3], [6, 3], [2, 0], [3, 2], [1, 5], [9, 2], [5, 1], [7, 1], [0, 4]]
2026-03-24 17:27:03,317 - INFO - episode:851 reward:1.0 Actions:[[3, 1], [9, 1], [1, 0], [6, 1], [4, 1], [7, 3], [0, 1], [2, 0], [8, 3], [5, 0]]
2026-03-24 17:27:03,338 - INFO - episode:852 reward:1.5 Actions:[[4, 0], [3, 1], [1, 0], [5, 1], [7, 1], [6, 1], [0, 3], [9, 0], [8, 0], [2, 1]]
2026-03-24 17:27:03,359 - INFO - episode:853 reward:1.5 Actions:[[9, 0], [2, 2], [6, 2], [7, 2], [3, 3], [8, 0], [5, 1], [1, 1], [0, 2], [4, 1]]
2026-03-24 17:27:03,384 - INFO - episode:854 reward:4.5 Actions:[[7, 2], [0, 3], [4, 1], [1, 3], [9, 1], [6, 2], [2, 1], [8, 5], [5, 2], [3, 1]]
2026-03-24 17:27:03,407 - INFO - episode:855 reward:2.1 Actions:[[1, 2], [7, 0], [0, 3], [3, 1], [2, 1], [9, 1], [8, 3], [6, 1], [4, 0], [5, 1]]
2026-03-24 17:27:03,431 - INFO - episode:856 reward:1.0 Actions:[[3, 5], [9, 0], [1, 0], [5, 1], [0, 0], [4, 0], [8, 5], [7, 2], [2, 1], [6, 2]]
2026-03-24 17:27:03,453 - INFO - episode:857 reward:2.1 Actions:[[6, 2], [0, 1], [3, 4], [2, 0], [1, 0], [7, 2], [8, 0], [5, 2], [4, 0], [9, 4]]
2026-03-24 17:27:03,475 - INFO - episode:858 reward:0.1 Actions:[[9, 1], [8, 1], [4, 0], [6, 0], [3, 1], [1, 3], [2, 1], [7, 3], [5, 3], [0, 0]]
2026-03-24 17:27:03,497 - INFO - episode:859 reward:2.1 Actions:[[2, 1], [4, 1], [6, 3], [9, 3], [5, 1], [8, 2], [3, 2], [7, 1], [0, 2], [1, 0]]
2026-03-24 17:27:03,518 - INFO - episode:860 reward:1.0 Actions:[[9, 2], [1, 1], [3, 1], [6, 3], [7, 1], [2, 1], [8, 1], [4, 2], [0, 2], [5, 2]]
2026-03-24 17:27:03,539 - INFO - episode:861 reward:2.8 Actions:[[1, 2], [2, 3], [0, 3], [5, 5], [4, 5], [3, 3], [7, 0], [8, 2], [9, 0], [6, 3]]
2026-03-24 17:27:03,560 - INFO - episode:862 reward:2.1 Actions:[[9, 0], [5, 4], [4, 0], [2, 0], [6, 1], [0, 1], [8, 4], [3, 0], [1, 0], [7, 1]]
2026-03-24 17:27:03,581 - INFO - episode:863 reward:1.0 Actions:[[8, 5], [1, 0], [5, 0], [6, 3], [4, 0], [7, 0], [0, 1], [3, 1], [9, 1], [2, 1]]
2026-03-24 17:27:03,603 - INFO - episode:864 reward:2.8 Actions:[[7, 2], [4, 0], [8, 5], [6, 1], [3, 1], [1, 0], [0, 2], [9, 0], [2, 1], [5, 2]]
2026-03-24 17:27:03,624 - INFO - episode:865 reward:0.6000000000000001 Actions:[[7, 3], [4, 0], [8, 1], [9, 1], [6, 0], [3, 0], [5, 1], [2, 0], [1, 1], [0, 2]]
2026-03-24 17:27:03,645 - INFO - episode:866 reward:2.8 Actions:[[1, 3], [7, 0], [5, 1], [0, 1], [8, 2], [6, 4], [2, 1], [3, 2], [9, 0], [4, 1]]
2026-03-24 17:27:03,670 - INFO - episode:867 reward:21.286204654981795 Actions:[[2, 0], [5, 2], [1, 3], [3, 1], [6, 0], [8, 5], [0, 2], [9, 1], [7, 1], [4, 1]]
2026-03-24 17:27:03,699 - INFO - episode:868 reward:0.1 Actions:[[3, 0], [8, 0], [2, 4], [0, 1], [1, 1], [9, 3], [5, 0], [7, 0], [4, 1], [6, 1]]
2026-03-24 17:27:03,723 - INFO - episode:869 reward:1.0 Actions:[[0, 3], [9, 0], [2, 0], [3, 1], [8, 1], [7, 1], [5, 2], [6, 3], [4, 1], [1, 2]]
2026-03-24 17:27:03,744 - INFO - episode:870 reward:1.5 Actions:[[2, 0], [6, 1], [4, 1], [9, 0], [5, 1], [0, 1], [8, 1], [7, 2], [1, 4], [3, 0]]
2026-03-24 17:27:03,766 - INFO - episode:871 reward:1.0 Actions:[[0, 1], [4, 1], [8, 0], [5, 1], [2, 0], [3, 1], [9, 0], [1, 0], [6, 4], [7, 1]]
2026-03-24 17:27:03,788 - INFO - episode:872 reward:0.6000000000000001 Actions:[[0, 0], [2, 3], [8, 1], [9, 1], [5, 2], [7, 0], [1, 1], [4, 2], [3, 0], [6, 1]]
2026-03-24 17:27:03,810 - INFO - episode:873 reward:0.30000000000000004 Actions:[[8, 2], [3, 3], [5, 2], [2, 1], [1, 2], [4, 1], [7, 4], [0, 0], [6, 1], [9, 0]]
2026-03-24 17:27:03,833 - INFO - episode:874 reward:1.0 Actions:[[1, 3], [7, 1], [3, 3], [2, 1], [9, 3], [4, 1], [5, 0], [8, 1], [0, 2], [6, 3]]
2026-03-24 17:27:03,854 - INFO - episode:875 reward:1.0 Actions:[[7, 0], [6, 1], [3, 3], [5, 1], [8, 1], [2, 3], [4, 0], [9, 2], [1, 0], [0, 1]]
2026-03-24 17:27:03,879 - INFO - episode:876 reward:4.5 Actions:[[4, 0], [1, 1], [5, 0], [9, 3], [8, 5], [0, 3], [7, 1], [2, 2], [6, 4], [3, 2]]
2026-03-24 17:27:03,900 - INFO - episode:877 reward:0.6000000000000001 Actions:[[1, 0], [4, 1], [7, 1], [8, 1], [2, 1], [0, 5], [3, 5], [6, 0], [9, 2], [5, 1]]
2026-03-24 17:27:03,922 - INFO - episode:878 reward:1.5 Actions:[[3, 3], [6, 1], [4, 2], [5, 2], [2, 2], [9, 2], [1, 3], [8, 0], [0, 2], [7, 0]]
2026-03-24 17:27:03,943 - INFO - episode:879 reward:1.0 Actions:[[1, 3], [7, 0], [2, 0], [9, 1], [8, 0], [6, 1], [4, 0], [0, 0], [3, 1], [5, 0]]
2026-03-24 17:27:03,964 - INFO - episode:880 reward:2.1 Actions:[[0, 4], [9, 2], [1, 0], [4, 1], [6, 1], [7, 1], [8, 0], [2, 2], [3, 1], [5, 1]]
2026-03-24 17:27:03,986 - INFO - episode:881 reward:2.8 Actions:[[2, 2], [1, 4], [6, 0], [0, 4], [3, 0], [4, 0], [9, 1], [7, 0], [5, 0], [8, 1]]
2026-03-24 17:27:04,007 - INFO - episode:882 reward:0.6000000000000001 Actions:[[9, 3], [3, 1], [7, 3], [1, 3], [5, 1], [0, 1], [6, 2], [2, 4], [8, 0], [4, 2]]
2026-03-24 17:27:04,029 - INFO - episode:883 reward:1.0 Actions:[[8, 2], [4, 1], [9, 3], [0, 3], [5, 2], [6, 0], [2, 2], [3, 1], [7, 1], [1, 2]]
2026-03-24 17:27:04,051 - INFO - episode:884 reward:0.6000000000000001 Actions:[[7, 1], [6, 0], [4, 1], [8, 0], [3, 2], [0, 4], [9, 1], [5, 0], [1, 0], [2, 3]]
2026-03-24 17:27:04,073 - INFO - episode:885 reward:0.6000000000000001 Actions:[[3, 3], [7, 2], [8, 0], [9, 0], [6, 3], [5, 0], [4, 0], [0, 5], [2, 0], [1, 1]]
2026-03-24 17:27:04,094 - INFO - episode:886 reward:0.6000000000000001 Actions:[[3, 1], [9, 0], [1, 1], [8, 1], [5, 1], [7, 1], [4, 1], [2, 0], [0, 4], [6, 1]]
2026-03-24 17:27:04,116 - INFO - episode:887 reward:1.0 Actions:[[5, 0], [0, 0], [1, 1], [7, 1], [8, 1], [3, 0], [6, 0], [9, 1], [2, 0], [4, 2]]
2026-03-24 17:27:04,138 - INFO - episode:888 reward:2.1 Actions:[[0, 4], [5, 2], [6, 3], [9, 1], [3, 2], [4, 1], [8, 1], [1, 2], [7, 2], [2, 0]]
2026-03-24 17:27:04,161 - INFO - episode:889 reward:2.8 Actions:[[0, 1], [7, 1], [1, 0], [8, 2], [4, 0], [2, 5], [3, 3], [6, 2], [9, 2], [5, 1]]
2026-03-24 17:27:04,183 - INFO - episode:890 reward:0.6000000000000001 Actions:[[4, 0], [0, 1], [3, 1], [8, 0], [9, 1], [1, 1], [5, 1], [6, 0], [7, 0], [2, 1]]
2026-03-24 17:27:04,205 - INFO - episode:891 reward:0.1 Actions:[[9, 1], [8, 1], [0, 2], [7, 1], [5, 0], [3, 0], [2, 1], [6, 2], [1, 0], [4, 1]]
2026-03-24 17:27:04,227 - INFO - episode:892 reward:2.1 Actions:[[7, 3], [9, 1], [8, 2], [3, 0], [1, 1], [6, 0], [0, 1], [5, 1], [2, 0], [4, 1]]
2026-03-24 17:27:04,250 - INFO - episode:893 reward:1.5 Actions:[[3, 1], [6, 3], [4, 2], [8, 0], [7, 3], [1, 3], [9, 1], [5, 2], [0, 2], [2, 4]]
2026-03-24 17:27:04,272 - INFO - episode:894 reward:1.0 Actions:[[2, 1], [6, 0], [7, 4], [1, 0], [8, 1], [0, 1], [3, 0], [4, 5], [9, 1], [5, 4]]
2026-03-24 17:27:04,294 - INFO - episode:895 reward:1.0 Actions:[[5, 3], [6, 1], [4, 2], [0, 2], [8, 3], [3, 1], [9, 2], [7, 1], [1, 0], [2, 0]]
2026-03-24 17:27:04,317 - INFO - episode:896 reward:3.5999999999999996 Actions:[[1, 3], [3, 1], [8, 0], [0, 2], [5, 1], [4, 2], [6, 2], [2, 1], [9, 0], [7, 1]]
2026-03-24 17:27:04,339 - INFO - episode:897 reward:1.5 Actions:[[4, 1], [5, 1], [3, 0], [2, 1], [0, 2], [8, 1], [7, 3], [6, 1], [1, 1], [9, 2]]
2026-03-24 17:27:04,361 - INFO - episode:898 reward:2.8 Actions:[[7, 3], [3, 1], [0, 2], [4, 1], [8, 4], [1, 0], [6, 1], [5, 1], [9, 2], [2, 2]]
2026-03-24 17:27:04,383 - INFO - episode:899 reward:0.30000000000000004 Actions:[[4, 0], [8, 1], [0, 1], [2, 2], [5, 0], [6, 2], [7, 3], [3, 1], [1, 1], [9, 2]]
2026-03-24 17:27:04,384 - INFO - episode:rmsddpg_last reward:1.8186905522045274 Actions:[[4, 0], [8, 1], [0, 1], [2, 2], [5, 0], [6, 2], [7, 3], [3, 1], [1, 1], [9, 2]]
2026-03-24 17:27:04,384 - INFO - episode:rmsddpg_best reward:151.1871136351224 Actions:[[5, 2], [6, 2], [3, 2], [1, 0], [2, 3], [7, 0], [0, 3], [4, 3], [8, 1], [9, 2]]
