2026-03-23 20:51:57,642 - INFO - episode:0 totalReward:-100 Actions:[[6, 4], [3, 3], [7, 4], [0, 3], [2, 1], [5, 2], [4, 0], [9, 4], [1, 0], [8, 5]]
2026-03-23 20:51:57,653 - INFO - episode:1 totalReward:0 Actions:[[6, 4], [4, 0], [5, 5], [9, 3], [2, 2], [1, 2], [7, 5], [3, 1], [0, 5]]
2026-03-23 20:51:57,681 - INFO - episode:2 totalReward:0 Actions:[[6, 1], [0, 2], [2, 3], [5, 4], [4, 5], [1, 2], [7, 0], [9, 5], [3, 1]]
2026-03-23 20:51:57,715 - INFO - episode:3 totalReward:-100 Actions:[[1, 2], [8, 3], [6, 4], [5, 0], [3, 0], [7, 2], [2, 4], [4, 4], [9, 1], [0, 1]]
2026-03-23 20:51:57,728 - INFO - episode:4 totalReward:-100 Actions:[[3, 1], [9, 4], [6, 4], [2, 0], [5, 1], [8, 2], [7, 1], [0, 0], [4, 5], [1, 3]]
2026-03-23 20:51:57,775 - INFO - episode:5 totalReward:-100 Actions:[[2, 5], [6, 4], [7, 4], [0, 1], [9, 3], [4, 1], [3, 2], [5, 1], [1, 5], [8, 0]]
2026-03-23 20:51:57,848 - INFO - episode:6 totalReward:-100 Actions:[[9, 3], [6, 4], [0, 0], [7, 1], [2, 1], [4, 2], [3, 3], [5, 1], [1, 0], [8, 5]]
2026-03-23 20:51:57,869 - INFO - episode:7 totalReward:-100 Actions:[[4, 2], [6, 4], [0, 4], [3, 5], [8, 3], [7, 5], [2, 0], [9, 4], [5, 2], [1, 0]]
2026-03-23 20:51:57,889 - INFO - episode:8 totalReward:-100 Actions:[[2, 4], [9, 1], [8, 3], [1, 1], [6, 5], [4, 0], [0, 4], [5, 4], [7, 0], [3, 2]]
2026-03-23 20:51:57,909 - INFO - episode:9 totalReward:-100 Actions:[[2, 1], [8, 3], [1, 2], [4, 1], [6, 2], [7, 5], [0, 1], [9, 1], [3, 5], [5, 0]]
2026-03-23 20:51:57,934 - INFO - episode:10 totalReward:-100 Actions:[[1, 2], [4, 3]]
2026-03-23 20:51:57,996 - INFO - episode:11 totalReward:-100 Actions:[[1, 2], [4, 3], [5, 3], [0, 1], [2, 4], [7, 5], [3, 3], [9, 1], [6, 5], [8, 0]]
2026-03-23 20:51:58,055 - INFO - episode:12 totalReward:-100 Actions:[[4, 3], [1, 2], [9, 0], [0, 5], [7, 1], [2, 0], [3, 1], [6, 0], [5, 3], [8, 4]]
2026-03-23 20:51:58,107 - INFO - episode:13 totalReward:-100 Actions:[[1, 2], [4, 3], [9, 4], [7, 3], [2, 2], [6, 5], [0, 1], [5, 5], [3, 3], [8, 0]]
2026-03-23 20:51:58,141 - INFO - episode:14 totalReward:-100 Actions:[[5, 5], [7, 2], [4, 3], [8, 0], [6, 5], [9, 4], [2, 5], [3, 4], [1, 2], [0, 5]]
2026-03-23 20:51:58,162 - INFO - episode:15 totalReward:-100 Actions:[[2, 4], [5, 1], [7, 1], [4, 1], [0, 4], [9, 0], [8, 2], [6, 5], [3, 4], [1, 3]]
2026-03-23 20:51:58,185 - INFO - episode:16 totalReward:-100 Actions:[[5, 4], [8, 2], [4, 3], [0, 5], [9, 0], [3, 3], [6, 4], [2, 4], [1, 0], [7, 5]]
2026-03-23 20:51:58,200 - INFO - episode:17 totalReward:0 Actions:[[5, 2], [6, 4], [7, 1], [1, 5], [9, 1], [2, 2], [3, 0], [0, 3], [4, 3]]
2026-03-23 20:51:58,226 - INFO - episode:18 totalReward:-100 Actions:[[6, 2], [4, 1], [5, 1], [7, 2], [2, 5], [9, 2], [0, 5], [1, 4], [3, 2], [8, 0]]
2026-03-23 20:51:58,251 - INFO - episode:19 totalReward:344.2232350129465 Actions:[[8, 3], [0, 5], [5, 4], [2, 2], [7, 5], [1, 2], [3, 4], [9, 4], [4, 5], [6, 4]]
2026-03-23 20:51:58,276 - INFO - episode:20 totalReward:-100 Actions:[[6, 2]]
2026-03-23 20:51:58,302 - INFO - episode:21 totalReward:0 Actions:[[6, 2], [5, 0], [4, 3], [0, 1], [9, 5], [7, 3], [2, 4], [3, 4], [1, 2]]
2026-03-23 20:51:58,324 - INFO - episode:22 totalReward:209.7580807909425 Actions:[[7, 5], [0, 5], [3, 5], [1, 0], [8, 4], [6, 5], [9, 2], [2, 3], [4, 2], [5, 1]]
2026-03-23 20:51:58,346 - INFO - episode:23 totalReward:-100 Actions:[[3, 0], [9, 4], [4, 1], [2, 1], [8, 2], [5, 1], [1, 3], [6, 5], [0, 3], [7, 4]]
2026-03-23 20:51:58,381 - INFO - episode:24 totalReward:-100 Actions:[[7, 2], [9, 1], [6, 2], [8, 5], [5, 1], [4, 3], [2, 1], [1, 3], [3, 1], [0, 4]]
2026-03-23 20:51:58,397 - INFO - episode:25 totalReward:-100 Actions:[[9, 1], [6, 2], [8, 4], [0, 2], [2, 0], [5, 2], [7, 0], [4, 5], [1, 5], [3, 1]]
2026-03-23 20:51:58,450 - INFO - episode:26 totalReward:-100 Actions:[[9, 4], [8, 2], [3, 4], [2, 5], [4, 4], [7, 0], [5, 3], [0, 5], [6, 5], [1, 3]]
2026-03-23 20:51:58,480 - INFO - episode:27 totalReward:-100 Actions:[[9, 3], [5, 4], [4, 1], [8, 2], [1, 4], [2, 5], [7, 5], [0, 3], [3, 1], [6, 1]]
2026-03-23 20:51:58,501 - INFO - episode:28 totalReward:-100 Actions:[[3, 0], [0, 0], [2, 5], [7, 0], [9, 1], [1, 1], [6, 3], [5, 4], [8, 2], [4, 3]]
2026-03-23 20:51:58,642 - INFO - episode:29 totalReward:-100 Actions:[[3, 0], [2, 5], [1, 2], [4, 2], [5, 1], [7, 3], [9, 0], [0, 1], [6, 3], [8, 4]]
2026-03-23 20:51:58,676 - INFO - episode:30 totalReward:-100 Actions:[[9, 1], [8, 2]]
2026-03-23 20:51:58,690 - INFO - episode:31 totalReward:-100 Actions:[[9, 1], [8, 2], [3, 4], [0, 0], [2, 4], [7, 5], [1, 0], [5, 4], [6, 4], [4, 3]]
2026-03-23 20:51:58,719 - INFO - episode:32 totalReward:-100 Actions:[[8, 1], [6, 2], [5, 5], [4, 4], [2, 0], [0, 2], [3, 5], [9, 0], [1, 4], [7, 5]]
2026-03-23 20:51:58,745 - INFO - episode:33 totalReward:-100 Actions:[[9, 1], [0, 2], [8, 4], [7, 0], [2, 2], [1, 5], [5, 1], [3, 2], [6, 3], [4, 1]]
2026-03-23 20:51:58,763 - INFO - episode:34 totalReward:-100 Actions:[[6, 4], [9, 1], [4, 1], [0, 4], [3, 5], [5, 3], [1, 2], [2, 2], [7, 1], [8, 0]]
2026-03-23 20:51:58,783 - INFO - episode:35 totalReward:-100 Actions:[[7, 0], [1, 2], [3, 4], [0, 2], [5, 0], [6, 3], [8, 5], [4, 0], [9, 3], [2, 0]]
2026-03-23 20:51:58,800 - INFO - episode:36 totalReward:-100 Actions:[[3, 4], [6, 4], [2, 0], [5, 0], [1, 3], [0, 0], [4, 1], [9, 1], [7, 3], [8, 2]]
2026-03-23 20:51:58,841 - INFO - episode:37 totalReward:-100 Actions:[[6, 4], [3, 5], [0, 2], [5, 5], [4, 3], [7, 1], [1, 3], [2, 1], [9, 2], [8, 0]]
2026-03-23 20:51:58,858 - INFO - episode:38 totalReward:0 Actions:[[9, 1], [3, 2], [4, 0], [6, 2], [5, 5], [1, 4], [0, 0], [2, 3], [7, 4]]
2026-03-23 20:51:58,880 - INFO - episode:39 totalReward:-100 Actions:[[3, 5], [6, 4], [0, 0], [2, 4], [5, 5], [4, 4], [9, 5], [1, 1], [8, 3], [7, 5]]
2026-03-23 20:51:58,910 - INFO - episode:40 totalReward:0 Actions:[[9, 1], [1, 1], [0, 0]]
2026-03-23 20:51:58,940 - INFO - episode:41 totalReward:-100 Actions:[[9, 1], [1, 1], [0, 0], [5, 3], [3, 3], [6, 3], [7, 5], [4, 0], [8, 4], [2, 2]]
2026-03-23 20:51:58,996 - INFO - episode:42 totalReward:-100 Actions:[[6, 0], [2, 5], [4, 4], [5, 0], [1, 4], [9, 2], [7, 3], [0, 2], [3, 0], [8, 1]]
2026-03-23 20:51:59,039 - INFO - episode:43 totalReward:-100 Actions:[[9, 3], [5, 4], [4, 1], [1, 3], [0, 1], [7, 4], [2, 2], [6, 0], [3, 2], [8, 5]]
2026-03-23 20:51:59,086 - INFO - episode:44 totalReward:-100 Actions:[[5, 4], [3, 5], [4, 0], [1, 2], [6, 4], [7, 4], [0, 2], [2, 1], [9, 0], [8, 3]]
2026-03-23 20:51:59,137 - INFO - episode:45 totalReward:-100 Actions:[[6, 0], [9, 0], [4, 0], [2, 5], [1, 1], [0, 4], [5, 4], [7, 3], [8, 2], [3, 0]]
2026-03-23 20:51:59,172 - INFO - episode:46 totalReward:0 Actions:[[9, 1], [1, 1], [6, 4], [0, 0], [4, 5], [2, 3], [3, 2], [5, 2], [7, 0]]
2026-03-23 20:51:59,198 - INFO - episode:47 totalReward:0 Actions:[[9, 1], [7, 0], [1, 5], [5, 2], [4, 2], [6, 4], [2, 4], [0, 3], [3, 4]]
2026-03-23 20:51:59,249 - INFO - episode:48 totalReward:-100 Actions:[[6, 0], [9, 1], [7, 1], [4, 2], [0, 0], [5, 5], [3, 2], [2, 5], [1, 3], [8, 4]]
2026-03-23 20:51:59,388 - INFO - episode:49 totalReward:-100 Actions:[[9, 1], [4, 5], [1, 1], [3, 0], [0, 0], [2, 4], [5, 5], [6, 3], [7, 5], [8, 2]]
2026-03-23 20:51:59,412 - INFO - episode:50 totalReward:226.2191418154677 Actions:[[9, 1]]
2026-03-23 20:51:59,432 - INFO - episode:51 totalReward:-100 Actions:[[9, 1], [0, 1], [8, 3], [4, 4], [2, 2], [6, 0], [5, 1], [1, 4], [7, 5], [3, 1]]
2026-03-23 20:51:59,462 - INFO - episode:52 totalReward:389.9566006045175 Actions:[[2, 4], [6, 4], [8, 3], [4, 1], [7, 1], [3, 1], [0, 0], [9, 1], [1, 5], [5, 4]]
2026-03-23 20:51:59,482 - INFO - episode:53 totalReward:-100 Actions:[[6, 0], [9, 0], [7, 3], [4, 3], [0, 0], [1, 4], [2, 4], [8, 1], [5, 5], [3, 2]]
2026-03-23 20:51:59,501 - INFO - episode:54 totalReward:587.3769268315109 Actions:[[5, 0], [9, 4], [6, 0], [0, 5], [4, 5], [3, 5], [2, 0], [8, 1], [7, 5], [1, 4]]
2026-03-23 20:51:59,552 - INFO - episode:55 totalReward:-100 Actions:[[2, 4], [9, 4], [6, 4], [0, 5], [1, 3], [8, 2], [7, 1], [3, 3], [5, 0], [4, 0]]
2026-03-23 20:51:59,641 - INFO - episode:56 totalReward:-100 Actions:[[5, 3], [1, 4], [7, 3], [2, 4], [6, 0], [0, 0], [4, 1], [3, 0], [9, 3], [8, 5]]
2026-03-23 20:51:59,679 - INFO - episode:57 totalReward:-100 Actions:[[1, 4], [9, 4], [2, 0], [7, 0], [4, 2], [0, 1], [5, 2], [3, 1], [6, 3], [8, 5]]
2026-03-23 20:51:59,697 - INFO - episode:58 totalReward:-100 Actions:[[6, 1], [2, 5], [5, 5], [3, 0], [1, 1], [0, 0], [4, 2], [9, 0], [7, 0], [8, 3]]
2026-03-23 20:51:59,748 - INFO - episode:59 totalReward:437.36925422633664 Actions:[[5, 0], [2, 5], [9, 1], [1, 1], [3, 5], [0, 4], [6, 5], [7, 5], [4, 4], [8, 3]]
2026-03-23 20:51:59,798 - INFO - episode:60 totalReward:-100 Actions:[[5, 0]]
2026-03-23 20:51:59,842 - INFO - episode:61 totalReward:237.10437982348617 Actions:[[2, 2], [3, 0], [8, 4], [7, 3], [5, 3], [9, 5], [6, 3], [4, 3], [1, 1], [0, 2]]
2026-03-23 20:51:59,859 - INFO - episode:62 totalReward:-100 Actions:[[2, 4], [8, 2], [6, 4], [7, 5], [1, 5], [5, 4], [9, 0], [0, 3], [3, 0], [4, 4]]
2026-03-23 20:51:59,888 - INFO - episode:63 totalReward:-100 Actions:[[3, 0], [9, 0], [6, 2], [0, 3], [4, 3], [5, 4], [1, 2], [2, 4], [7, 1], [8, 5]]
2026-03-23 20:51:59,912 - INFO - episode:64 totalReward:-100 Actions:[[5, 4], [2, 1], [7, 3], [4, 1], [3, 3], [6, 2], [9, 0], [8, 5], [0, 1], [1, 2]]
2026-03-23 20:51:59,925 - INFO - episode:65 totalReward:-100 Actions:[[2, 4], [8, 3], [9, 5], [7, 4], [6, 5], [1, 1], [4, 4], [3, 0], [5, 1], [0, 0]]
2026-03-23 20:51:59,957 - INFO - episode:66 totalReward:226.8671301115476 Actions:[[3, 0], [5, 5], [2, 3], [4, 3], [6, 3], [7, 2], [1, 1], [9, 5], [0, 2], [8, 4]]
2026-03-23 20:51:59,983 - INFO - episode:67 totalReward:-100 Actions:[[6, 3], [2, 4], [3, 3], [5, 0], [4, 3], [7, 5], [1, 2], [0, 0], [9, 4], [8, 1]]
2026-03-23 20:52:00,007 - INFO - episode:68 totalReward:-100 Actions:[[3, 0], [2, 4], [9, 0], [4, 4], [5, 0], [0, 0], [1, 1], [7, 2], [6, 3], [8, 5]]
2026-03-23 20:52:00,038 - INFO - episode:69 totalReward:-100 Actions:[[2, 4], [9, 4], [7, 1], [0, 2], [3, 3], [1, 5], [4, 2], [6, 5], [5, 3], [8, 0]]
2026-03-23 20:52:00,056 - INFO - episode:70 totalReward:-100 Actions:[[3, 0]]
2026-03-23 20:52:00,139 - INFO - episode:71 totalReward:-100 Actions:[[3, 0], [2, 2], [0, 5], [8, 3], [9, 0], [7, 0], [4, 2], [6, 2], [5, 5], [1, 1]]
2026-03-23 20:52:00,159 - INFO - episode:72 totalReward:0 Actions:[[2, 2], [5, 2], [3, 4], [9, 4], [0, 0], [1, 1], [4, 4], [7, 5], [6, 3]]
2026-03-23 20:52:00,195 - INFO - episode:73 totalReward:-100 Actions:[[9, 1], [1, 3], [2, 3], [4, 2], [6, 1], [5, 0], [7, 4], [3, 4], [0, 1], [8, 5]]
2026-03-23 20:52:00,262 - INFO - episode:74 totalReward:371.89990106541836 Actions:[[2, 4], [5, 0], [6, 4], [9, 4], [3, 3], [4, 3], [0, 2], [7, 3], [1, 5], [8, 1]]
2026-03-23 20:52:00,286 - INFO - episode:75 totalReward:-100 Actions:[[3, 0], [8, 3], [2, 0], [4, 2], [6, 5], [7, 2], [5, 5], [0, 1], [9, 1], [1, 4]]
2026-03-23 20:52:00,299 - INFO - episode:76 totalReward:-100 Actions:[[8, 3], [3, 1], [1, 0], [5, 4], [4, 1], [0, 2], [7, 2], [9, 0], [6, 1], [2, 4]]
2026-03-23 20:52:00,365 - INFO - episode:77 totalReward:-100 Actions:[[5, 0], [0, 5], [4, 3], [1, 3], [3, 0], [7, 4], [9, 2], [6, 5], [2, 4], [8, 1]]
2026-03-23 20:52:00,387 - INFO - episode:78 totalReward:-100 Actions:[[2, 0], [3, 3], [4, 3], [7, 4], [6, 0], [1, 2], [5, 4], [0, 0], [9, 3], [8, 1]]
2026-03-23 20:52:00,406 - INFO - episode:79 totalReward:347.1138955352171 Actions:[[5, 1], [8, 3], [3, 5], [6, 5], [0, 0], [1, 1], [2, 0], [7, 0], [9, 4], [4, 0]]
2026-03-23 20:52:00,442 - INFO - episode:80 totalReward:-100 Actions:[[3, 0], [9, 1], [8, 3]]
2026-03-23 20:52:00,466 - INFO - episode:81 totalReward:122.64676182048535 Actions:[[3, 0], [9, 1], [8, 3], [4, 5], [6, 2], [7, 2], [2, 1], [5, 1], [1, 0], [0, 2]]
2026-03-23 20:52:00,478 - INFO - episode:82 totalReward:0 Actions:[[5, 3], [3, 1], [1, 2], [9, 1], [7, 1], [4, 5], [6, 1], [0, 0], [2, 4]]
2026-03-23 20:52:00,493 - INFO - episode:83 totalReward:-100 Actions:[[6, 3], [1, 2], [8, 4], [0, 0], [3, 1], [2, 2], [7, 1], [5, 3], [4, 3], [9, 3]]
2026-03-23 20:52:00,518 - INFO - episode:84 totalReward:-100 Actions:[[3, 0], [6, 1], [4, 0], [5, 5], [7, 5], [2, 0], [8, 2], [9, 3], [1, 1], [0, 5]]
2026-03-23 20:52:00,533 - INFO - episode:85 totalReward:-100 Actions:[[3, 0], [6, 1], [4, 0], [0, 4], [8, 5], [9, 3], [7, 2], [1, 1], [2, 4], [5, 2]]
2026-03-23 20:52:00,555 - INFO - episode:86 totalReward:-100 Actions:[[8, 4], [7, 1], [5, 2], [2, 0], [3, 0], [9, 2], [4, 3], [0, 3], [1, 5], [6, 2]]
2026-03-23 20:52:00,568 - INFO - episode:87 totalReward:-100 Actions:[[3, 1], [4, 4], [8, 2], [6, 4], [2, 0], [0, 3], [7, 1], [5, 4], [1, 0], [9, 3]]
2026-03-23 20:52:00,580 - INFO - episode:88 totalReward:-100 Actions:[[3, 1], [1, 1], [0, 0], [9, 2], [8, 3], [5, 4], [7, 5], [4, 4], [2, 5], [6, 5]]
2026-03-23 20:52:00,612 - INFO - episode:89 totalReward:-100 Actions:[[1, 1], [7, 5], [5, 3], [8, 4], [9, 2], [2, 1], [6, 0], [0, 2], [3, 5], [4, 3]]
2026-03-23 20:52:00,636 - INFO - episode:90 totalReward:-100 Actions:[[3, 0], [6, 1], [4, 0]]
2026-03-23 20:52:00,680 - INFO - episode:91 totalReward:-100 Actions:[[3, 0], [1, 3], [4, 3], [2, 0], [0, 2], [8, 1], [5, 2], [9, 4], [7, 0], [6, 2]]
2026-03-23 20:52:00,695 - INFO - episode:92 totalReward:-100 Actions:[[6, 5], [3, 0], [8, 3], [7, 4], [2, 5], [0, 2], [4, 5], [5, 0], [9, 4], [1, 2]]
2026-03-23 20:52:00,724 - INFO - episode:93 totalReward:-100 Actions:[[3, 0], [6, 1], [4, 0], [1, 3], [9, 2], [7, 2], [0, 3], [8, 5], [2, 1], [5, 1]]
2026-03-23 20:52:00,753 - INFO - episode:94 totalReward:-100 Actions:[[8, 0], [4, 1], [0, 4], [7, 1], [6, 5], [3, 1], [1, 2], [5, 4], [9, 4], [2, 4]]
2026-03-23 20:52:00,769 - INFO - episode:95 totalReward:-100 Actions:[[1, 5], [8, 4], [4, 3], [9, 0], [7, 5], [0, 1], [5, 3], [3, 2], [6, 3], [2, 1]]
2026-03-23 20:52:00,797 - INFO - episode:96 totalReward:349.4705093286485 Actions:[[8, 1], [7, 2], [6, 0], [4, 2], [3, 0], [2, 0], [5, 4], [9, 0], [0, 2], [1, 3]]
2026-03-23 20:52:00,816 - INFO - episode:97 totalReward:-100 Actions:[[3, 0], [8, 2], [0, 1], [4, 3], [6, 5], [5, 1], [2, 5], [1, 3], [7, 4], [9, 5]]
2026-03-23 20:52:00,867 - INFO - episode:98 totalReward:-100 Actions:[[4, 4], [9, 0], [5, 0], [3, 2], [2, 5], [6, 4], [1, 3], [0, 0], [7, 4], [8, 1]]
2026-03-23 20:52:00,899 - INFO - episode:99 totalReward:-100 Actions:[[9, 2], [3, 0], [2, 3], [1, 3], [6, 0], [4, 5], [8, 1], [0, 2], [7, 5], [5, 0]]
2026-03-23 20:52:00,917 - INFO - episode:100 totalReward:-100 Actions:[[9, 1], [4, 0]]
2026-03-23 20:52:00,961 - INFO - episode:101 totalReward:-100 Actions:[[9, 1], [4, 0], [7, 2], [3, 3], [1, 1], [5, 3], [0, 2], [2, 0], [8, 4], [6, 0]]
2026-03-23 20:52:00,978 - INFO - episode:102 totalReward:-100 Actions:[[3, 0], [8, 3], [6, 1], [4, 0], [1, 2], [9, 1], [0, 2], [5, 0], [7, 4], [2, 0]]
2026-03-23 20:52:00,992 - INFO - episode:103 totalReward:-100 Actions:[[3, 0], [7, 1], [5, 5], [6, 0], [4, 0], [0, 3], [2, 5], [8, 4], [9, 1], [1, 2]]
2026-03-23 20:52:01,114 - INFO - episode:104 totalReward:-100 Actions:[[9, 1], [7, 4], [2, 0], [1, 1], [0, 0], [5, 5], [4, 3], [6, 5], [3, 3], [8, 2]]
2026-03-23 20:52:01,132 - INFO - episode:105 totalReward:268.9494915342154 Actions:[[2, 0], [9, 1], [7, 1], [4, 0], [8, 4], [0, 0], [5, 3], [3, 3], [1, 2], [6, 3]]
2026-03-23 20:52:01,153 - INFO - episode:106 totalReward:-100 Actions:[[6, 1], [9, 1], [2, 5], [7, 1], [0, 0], [1, 0], [5, 3], [8, 4], [3, 1], [4, 5]]
2026-03-23 20:52:01,172 - INFO - episode:107 totalReward:-100 Actions:[[5, 2], [8, 0], [2, 4], [1, 5], [0, 2], [9, 3], [4, 5], [3, 1], [7, 2], [6, 1]]
2026-03-23 20:52:01,199 - INFO - episode:108 totalReward:443.62995892467495 Actions:[[3, 0], [6, 1], [7, 1], [4, 0], [5, 2], [1, 3], [0, 0], [9, 3], [2, 1], [8, 4]]
2026-03-23 20:52:01,228 - INFO - episode:109 totalReward:282.47108468697144 Actions:[[9, 1], [4, 1], [7, 1], [0, 0], [1, 3], [8, 2], [5, 4], [3, 3], [2, 1], [6, 0]]
2026-03-23 20:52:01,278 - INFO - episode:110 totalReward:284.2179164281462 Actions:[[9, 1]]
2026-03-23 20:52:01,302 - INFO - episode:111 totalReward:-100 Actions:[[9, 1], [6, 0], [4, 4], [1, 1], [0, 0], [2, 0], [3, 5], [7, 4], [8, 3], [5, 2]]
2026-03-23 20:52:01,341 - INFO - episode:112 totalReward:-100 Actions:[[8, 3], [7, 5], [0, 1], [3, 4], [1, 4], [4, 5], [2, 5], [6, 1], [9, 0], [5, 2]]
2026-03-23 20:52:01,374 - INFO - episode:113 totalReward:-100 Actions:[[0, 1], [1, 1], [9, 5], [2, 3], [5, 2], [7, 5], [6, 3], [3, 3], [4, 4], [8, 0]]
2026-03-23 20:52:01,391 - INFO - episode:114 totalReward:-100 Actions:[[1, 2], [3, 2], [8, 3], [5, 4], [9, 5], [7, 0], [4, 5], [2, 5], [6, 4], [0, 0]]
2026-03-23 20:52:01,411 - INFO - episode:115 totalReward:-100 Actions:[[3, 3], [6, 4], [5, 0], [9, 4], [2, 3], [0, 5], [1, 2], [4, 5], [8, 1], [7, 2]]
2026-03-23 20:52:01,458 - INFO - episode:116 totalReward:-100 Actions:[[3, 0], [6, 0], [7, 0], [4, 3], [1, 1], [2, 1], [0, 5], [9, 3], [5, 2], [8, 4]]
2026-03-23 20:52:01,504 - INFO - episode:117 totalReward:-100 Actions:[[3, 0], [6, 1], [7, 1], [8, 2], [9, 1], [0, 0], [2, 3], [5, 1], [1, 3], [4, 5]]
2026-03-23 20:52:01,525 - INFO - episode:118 totalReward:-100 Actions:[[9, 0], [3, 1], [7, 1], [0, 3], [4, 0], [1, 5], [5, 3], [8, 2], [2, 3], [6, 3]]
2026-03-23 20:52:01,555 - INFO - episode:119 totalReward:-100 Actions:[[3, 0], [2, 5], [4, 5], [5, 4], [9, 4], [0, 4], [6, 0], [7, 3], [8, 2], [1, 1]]
2026-03-23 20:52:01,572 - INFO - episode:120 totalReward:-100 Actions:[[2, 0]]
2026-03-23 20:52:01,598 - INFO - episode:121 totalReward:-100 Actions:[[2, 0], [3, 2], [0, 2], [4, 2], [7, 4], [5, 5], [6, 5], [9, 1], [1, 1], [8, 3]]
2026-03-23 20:52:01,623 - INFO - episode:122 totalReward:-100 Actions:[[3, 0], [9, 3], [1, 0], [0, 3], [8, 2], [6, 1], [4, 4], [5, 4], [7, 5], [2, 4]]
2026-03-23 20:52:01,684 - INFO - episode:123 totalReward:-100 Actions:[[5, 0], [2, 2], [7, 2], [3, 2], [6, 3], [1, 3], [0, 4], [4, 2], [9, 5], [8, 1]]
2026-03-23 20:52:01,698 - INFO - episode:124 totalReward:270.18968144255484 Actions:[[9, 1], [7, 1], [0, 1], [6, 4], [3, 3], [5, 4], [2, 0], [1, 2], [8, 5], [4, 1]]
2026-03-23 20:52:01,727 - INFO - episode:125 totalReward:-100 Actions:[[9, 1], [4, 5], [2, 0], [1, 0], [7, 4], [0, 2], [3, 5], [6, 5], [8, 3], [5, 1]]
2026-03-23 20:52:01,775 - INFO - episode:126 totalReward:-100 Actions:[[9, 1], [7, 1], [5, 0], [4, 2], [2, 5], [6, 1], [0, 0], [3, 0], [1, 2], [8, 3]]
2026-03-23 20:52:01,813 - INFO - episode:127 totalReward:-100 Actions:[[3, 0], [1, 4], [0, 3], [5, 0], [9, 0], [7, 0], [2, 4], [6, 1], [4, 1], [8, 5]]
2026-03-23 20:52:01,826 - INFO - episode:128 totalReward:0 Actions:[[9, 0], [3, 5], [7, 5], [1, 4], [5, 3], [0, 0], [6, 2], [4, 1], [2, 5]]
2026-03-23 20:52:01,866 - INFO - episode:129 totalReward:-100 Actions:[[3, 0], [9, 2], [4, 1], [5, 1], [6, 0], [8, 3], [2, 5], [7, 5], [0, 2], [1, 4]]
2026-03-23 20:52:01,940 - INFO - episode:130 totalReward:-100 Actions:[[1, 2]]
2026-03-23 20:52:01,979 - INFO - episode:131 totalReward:-100 Actions:[[1, 2], [6, 3], [0, 3], [2, 5], [3, 2], [9, 4], [7, 3], [5, 4], [8, 1], [4, 5]]
2026-03-23 20:52:02,016 - INFO - episode:132 totalReward:-100 Actions:[[5, 3], [1, 2], [2, 2], [4, 1], [0, 3], [9, 5], [6, 3], [3, 3], [7, 4], [8, 0]]
2026-03-23 20:52:02,056 - INFO - episode:133 totalReward:-100 Actions:[[5, 1], [9, 1], [7, 1], [1, 2], [0, 0], [3, 0], [2, 1], [4, 5], [6, 5], [8, 3]]
2026-03-23 20:52:02,081 - INFO - episode:134 totalReward:340.50877704986857 Actions:[[9, 1], [4, 1], [7, 1], [5, 3], [6, 1], [0, 0], [2, 5], [1, 0], [8, 2], [3, 5]]
2026-03-23 20:52:02,106 - INFO - episode:135 totalReward:-100 Actions:[[7, 5], [3, 0], [6, 4], [8, 2], [9, 4], [4, 1], [0, 3], [5, 5], [2, 1], [1, 3]]
2026-03-23 20:52:02,179 - INFO - episode:136 totalReward:-100 Actions:[[6, 2], [8, 3], [3, 5], [4, 2], [7, 2], [9, 5], [5, 0], [0, 1], [2, 0], [1, 4]]
2026-03-23 20:52:02,196 - INFO - episode:137 totalReward:-100 Actions:[[5, 4], [0, 1], [3, 5], [9, 5], [7, 5], [1, 2], [6, 0], [8, 3], [4, 5], [2, 1]]
2026-03-23 20:52:02,219 - INFO - episode:138 totalReward:-100 Actions:[[3, 0], [7, 5], [2, 2], [4, 3], [6, 0], [5, 3], [1, 5], [0, 4], [9, 2], [8, 1]]
2026-03-23 20:52:02,253 - INFO - episode:139 totalReward:-100 Actions:[[2, 4], [8, 2], [6, 4], [0, 3], [4, 0], [9, 1], [3, 5], [7, 4], [5, 1], [1, 3]]
2026-03-23 20:52:02,282 - INFO - episode:140 totalReward:-100 Actions:[[3, 0], [9, 0]]
2026-03-23 20:52:02,338 - INFO - episode:141 totalReward:-100 Actions:[[3, 0], [9, 0], [1, 5], [5, 1], [7, 0], [2, 1], [8, 2], [6, 5], [0, 4], [4, 0]]
2026-03-23 20:52:02,379 - INFO - episode:142 totalReward:-100 Actions:[[5, 5], [6, 2], [1, 5], [4, 3], [3, 1], [7, 2], [9, 1], [0, 4], [2, 2], [8, 0]]
2026-03-23 20:52:02,430 - INFO - episode:143 totalReward:-100 Actions:[[7, 0], [9, 3], [2, 3], [4, 2], [0, 5], [5, 3], [6, 5], [3, 0], [1, 2], [8, 4]]
2026-03-23 20:52:02,448 - INFO - episode:144 totalReward:-100 Actions:[[4, 2], [1, 2], [7, 4], [2, 5], [6, 4], [5, 3], [9, 1], [3, 3], [8, 0], [0, 4]]
2026-03-23 20:52:02,480 - INFO - episode:145 totalReward:-100 Actions:[[0, 3], [2, 4], [9, 3], [1, 0], [5, 0], [4, 5], [7, 5], [6, 3], [3, 2], [8, 1]]
2026-03-23 20:52:02,498 - INFO - episode:146 totalReward:-100 Actions:[[2, 4], [1, 2], [4, 2], [7, 0], [8, 3], [0, 0], [9, 1], [3, 1], [6, 1], [5, 1]]
2026-03-23 20:52:02,531 - INFO - episode:147 totalReward:-100 Actions:[[2, 4], [9, 1], [1, 1], [0, 0], [8, 2], [4, 5], [6, 0], [5, 5], [7, 0], [3, 5]]
2026-03-23 20:52:02,613 - INFO - episode:148 totalReward:-100 Actions:[[6, 1], [0, 2], [2, 0], [5, 4], [7, 5], [1, 2], [4, 1], [3, 1], [9, 5], [8, 3]]
2026-03-23 20:52:02,654 - INFO - episode:149 totalReward:219.26868652785592 Actions:[[2, 0], [5, 1], [6, 1], [4, 3], [3, 5], [9, 5], [1, 2], [0, 5], [7, 5], [8, 4]]
2026-03-23 20:52:02,690 - INFO - episode:150 totalReward:-100 Actions:[[9, 1]]
2026-03-23 20:52:02,746 - INFO - episode:151 totalReward:-100 Actions:[[9, 1], [1, 2], [3, 2], [4, 5], [7, 5], [2, 4], [0, 0], [5, 1], [6, 4], [8, 3]]
2026-03-23 20:52:02,764 - INFO - episode:152 totalReward:0 Actions:[[9, 1], [1, 4], [3, 2], [6, 5], [7, 3], [5, 3], [2, 0], [4, 3], [0, 3]]
2026-03-23 20:52:02,838 - INFO - episode:153 totalReward:-100 Actions:[[4, 4], [2, 4], [1, 2], [6, 4], [9, 4], [5, 3], [0, 3], [7, 2], [3, 5], [8, 1]]
2026-03-23 20:52:02,852 - INFO - episode:154 totalReward:-100 Actions:[[6, 3], [2, 4], [0, 3], [3, 4], [9, 0], [5, 5], [4, 0], [8, 2], [7, 0], [1, 1]]
2026-03-23 20:52:02,934 - INFO - episode:155 totalReward:-100 Actions:[[0, 3], [1, 2], [4, 0], [9, 4], [5, 3], [2, 0], [6, 1], [3, 1], [7, 1], [8, 5]]
2026-03-23 20:52:02,973 - INFO - episode:156 totalReward:555.7376979068839 Actions:[[1, 5], [5, 3], [4, 3], [2, 2], [7, 2], [6, 3], [9, 2], [3, 3], [0, 2], [8, 0]]
2026-03-23 20:52:03,002 - INFO - episode:157 totalReward:-100 Actions:[[9, 2], [1, 2], [0, 4], [6, 3], [7, 3], [5, 4], [4, 3], [8, 5], [2, 1], [3, 3]]
2026-03-23 20:52:03,032 - INFO - episode:158 totalReward:-100 Actions:[[3, 2], [1, 3], [7, 2], [9, 5], [2, 4], [0, 3], [5, 2], [8, 0], [6, 5], [4, 5]]
2026-03-23 20:52:03,054 - INFO - episode:159 totalReward:-100 Actions:[[3, 0], [0, 5], [5, 3], [2, 0], [9, 3], [4, 1], [6, 3], [7, 3], [8, 4], [1, 5]]
2026-03-23 20:52:03,106 - INFO - episode:160 totalReward:220.79595194717686 Actions:[[3, 0]]
2026-03-23 20:52:03,149 - INFO - episode:161 totalReward:-100 Actions:[[7, 1], [3, 0], [8, 2], [9, 5], [6, 5], [5, 3], [1, 1], [2, 4], [0, 3], [4, 0]]
2026-03-23 20:52:03,210 - INFO - episode:162 totalReward:-100 Actions:[[8, 3], [9, 1], [5, 1], [6, 1], [0, 1], [4, 2], [1, 4], [7, 0], [3, 0], [2, 0]]
2026-03-23 20:52:03,228 - INFO - episode:163 totalReward:-100 Actions:[[8, 3], [4, 0], [9, 5], [6, 0], [2, 5], [5, 1], [1, 1], [7, 0], [0, 5], [3, 5]]
2026-03-23 20:52:03,294 - INFO - episode:164 totalReward:-100 Actions:[[9, 1], [5, 5], [8, 3], [6, 1], [3, 5], [1, 2], [7, 1], [2, 4], [4, 1], [0, 4]]
2026-03-23 20:52:03,310 - INFO - episode:165 totalReward:-100 Actions:[[3, 3], [1, 0], [8, 2], [2, 1], [0, 3], [5, 3], [4, 5], [6, 4], [7, 5], [9, 4]]
2026-03-23 20:52:03,349 - INFO - episode:166 totalReward:-100 Actions:[[2, 1], [3, 0], [7, 1], [9, 2], [0, 0], [6, 1], [5, 4], [8, 5], [4, 2], [1, 4]]
2026-03-23 20:52:03,379 - INFO - episode:167 totalReward:-100 Actions:[[1, 5], [7, 5], [2, 3], [4, 1], [0, 4], [5, 3], [9, 1], [3, 2], [6, 4], [8, 0]]
2026-03-23 20:52:03,414 - INFO - episode:168 totalReward:-100 Actions:[[9, 2], [2, 0], [6, 2], [3, 2], [4, 2], [7, 3], [1, 3], [0, 5], [5, 0], [8, 4]]
2026-03-23 20:52:03,432 - INFO - episode:169 totalReward:-100 Actions:[[9, 1], [5, 0], [7, 2], [3, 0], [0, 0], [8, 3], [2, 2], [6, 1], [4, 0], [1, 5]]
2026-03-23 20:52:03,463 - INFO - episode:170 totalReward:-100 Actions:[[2, 0], [9, 3]]
2026-03-23 20:52:03,489 - INFO - episode:171 totalReward:-100 Actions:[[8, 3], [9, 5], [2, 1], [7, 0], [6, 1], [1, 0], [3, 4], [4, 1], [5, 4], [0, 2]]
2026-03-23 20:52:03,529 - INFO - episode:172 totalReward:-100 Actions:[[8, 0], [5, 4], [7, 3], [4, 1], [1, 1], [3, 3], [2, 5], [0, 5], [6, 5], [9, 4]]
2026-03-23 20:52:03,561 - INFO - episode:173 totalReward:637.1465577850923 Actions:[[2, 0], [6, 5], [7, 1], [1, 1], [8, 2], [3, 0], [0, 0], [9, 5], [4, 0], [5, 4]]
2026-03-23 20:52:03,582 - INFO - episode:174 totalReward:-100 Actions:[[2, 0], [1, 1], [7, 1], [8, 5], [0, 2], [5, 0], [9, 2], [3, 3], [6, 0], [4, 4]]
2026-03-23 20:52:03,600 - INFO - episode:175 totalReward:-100 Actions:[[5, 1], [9, 1], [7, 1], [2, 5], [6, 1], [8, 4], [0, 0], [1, 3], [4, 3], [3, 5]]
2026-03-23 20:52:03,670 - INFO - episode:176 totalReward:-100 Actions:[[2, 0], [5, 4], [8, 3], [9, 4], [6, 0], [7, 4], [3, 5], [0, 1], [4, 5], [1, 1]]
2026-03-23 20:52:03,775 - INFO - episode:177 totalReward:-100 Actions:[[6, 2], [5, 2], [9, 4], [4, 2], [3, 3], [0, 2], [2, 1], [7, 1], [1, 0], [8, 5]]
2026-03-23 20:52:03,796 - INFO - episode:178 totalReward:-100 Actions:[[2, 0], [8, 2], [0, 5], [7, 4], [6, 4], [4, 0], [5, 0], [3, 5], [1, 3], [9, 4]]
2026-03-23 20:52:03,844 - INFO - episode:179 totalReward:283.4961016641439 Actions:[[9, 1], [2, 0], [5, 4], [7, 1], [0, 0], [4, 1], [6, 1], [1, 4], [3, 3], [8, 5]]
2026-03-23 20:52:03,872 - INFO - episode:180 totalReward:-100 Actions:[[9, 2], [5, 2]]
2026-03-23 20:52:03,916 - INFO - episode:181 totalReward:-100 Actions:[[9, 2], [5, 2], [1, 5], [6, 3], [2, 2], [4, 3], [8, 4], [0, 5], [3, 0], [7, 2]]
2026-03-23 20:52:03,941 - INFO - episode:182 totalReward:196.1473724569761 Actions:[[8, 1], [1, 0], [9, 2], [7, 3], [3, 0], [6, 3], [0, 2], [2, 5], [4, 3], [5, 2]]
2026-03-23 20:52:03,968 - INFO - episode:183 totalReward:350.2218254985201 Actions:[[2, 4], [6, 3], [8, 0], [7, 3], [9, 2], [3, 3], [0, 2], [4, 2], [1, 1], [5, 2]]
2026-03-23 20:52:03,994 - INFO - episode:184 totalReward:209.29861454097045 Actions:[[4, 0], [9, 2], [0, 4], [6, 3], [3, 4], [2, 4], [7, 4], [5, 2], [1, 0], [8, 5]]
2026-03-23 20:52:04,027 - INFO - episode:185 totalReward:314.58955885224026 Actions:[[5, 2], [6, 3], [1, 2], [8, 0], [7, 4], [3, 4], [9, 3], [0, 4], [2, 1], [4, 5]]
2026-03-23 20:52:04,052 - INFO - episode:186 totalReward:209.29861454097045 Actions:[[8, 5], [7, 4], [5, 3], [4, 3], [3, 4], [2, 4], [1, 0], [9, 0], [0, 4], [6, 1]]
2026-03-23 20:52:04,074 - INFO - episode:187 totalReward:-100 Actions:[[7, 4], [8, 5], [5, 3], [4, 2], [9, 0], [2, 0], [6, 1], [1, 1], [0, 3], [3, 0]]
2026-03-23 20:52:04,099 - INFO - episode:188 totalReward:-100 Actions:[[7, 4], [9, 2], [4, 2], [5, 2], [0, 0], [1, 4], [6, 1], [3, 1], [2, 5], [8, 3]]
2026-03-23 20:52:04,145 - INFO - episode:189 totalReward:-100 Actions:[[6, 2], [1, 1], [5, 5], [3, 5], [4, 4], [7, 2], [2, 1], [0, 0], [9, 5], [8, 3]]
2026-03-23 20:52:04,189 - INFO - episode:190 totalReward:-100 Actions:[[2, 0], [6, 0]]
2026-03-23 20:52:04,230 - INFO - episode:191 totalReward:-100 Actions:[[2, 0], [6, 0], [8, 3], [9, 0], [7, 0], [0, 2], [3, 4], [5, 5], [1, 5], [4, 4]]
2026-03-23 20:52:04,243 - INFO - episode:192 totalReward:0 Actions:[[6, 2], [5, 2], [4, 2], [3, 2], [1, 3], [7, 0], [0, 5], [9, 1], [2, 4]]
2026-03-23 20:52:04,298 - INFO - episode:193 totalReward:-100 Actions:[[2, 0], [9, 1], [1, 0], [4, 1], [6, 3], [5, 2], [3, 1], [7, 3], [8, 4], [0, 5]]
2026-03-23 20:52:04,319 - INFO - episode:194 totalReward:-100 Actions:[[2, 0], [5, 4], [1, 0], [0, 5], [3, 2], [6, 1], [9, 2], [4, 2], [7, 5], [8, 3]]
2026-03-23 20:52:04,350 - INFO - episode:195 totalReward:332.5867583561134 Actions:[[9, 2], [7, 1], [3, 5], [1, 0], [2, 1], [4, 1], [0, 0], [6, 2], [5, 2], [8, 4]]
2026-03-23 20:52:04,384 - INFO - episode:196 totalReward:-100 Actions:[[8, 5], [2, 3], [4, 3], [5, 0], [7, 0], [9, 4], [3, 3], [6, 4], [1, 1], [0, 2]]
2026-03-23 20:52:04,401 - INFO - episode:197 totalReward:0 Actions:[[9, 2], [5, 0], [1, 5], [7, 5], [3, 0], [4, 1], [2, 4], [0, 3], [6, 0]]
2026-03-23 20:52:04,420 - INFO - episode:198 totalReward:0 Actions:[[9, 2], [7, 1], [3, 5], [6, 0], [5, 3], [4, 5], [2, 5], [0, 3], [1, 4]]
2026-03-23 20:52:04,443 - INFO - episode:199 totalReward:-100 Actions:[[4, 1], [3, 0], [8, 5], [9, 0], [2, 2], [7, 4], [6, 2], [5, 4], [1, 1], [0, 4]]
2026-03-23 20:52:04,471 - INFO - episode:200 totalReward:-100 Actions:[[9, 5]]
2026-03-23 20:52:04,498 - INFO - episode:201 totalReward:-100 Actions:[[7, 3], [6, 3], [8, 0], [3, 3], [9, 3], [0, 2], [1, 1], [5, 4], [2, 1], [4, 4]]
2026-03-23 20:52:04,552 - INFO - episode:202 totalReward:-100 Actions:[[2, 0], [9, 5], [7, 2], [5, 5], [6, 4], [0, 4], [1, 2], [3, 3], [4, 0], [8, 1]]
2026-03-23 20:52:04,572 - INFO - episode:203 totalReward:0 Actions:[[2, 0], [3, 2], [9, 5], [6, 1], [5, 5], [0, 4], [1, 2], [7, 3], [4, 3]]
2026-03-23 20:52:04,592 - INFO - episode:204 totalReward:-100 Actions:[[9, 3], [4, 1], [3, 3], [8, 4], [2, 3], [7, 2], [0, 3], [5, 5], [1, 1], [6, 2]]
2026-03-23 20:52:04,611 - INFO - episode:205 totalReward:-100 Actions:[[3, 3], [8, 2], [1, 0], [7, 0], [9, 1], [2, 5], [6, 5], [5, 5], [0, 3], [4, 5]]
2026-03-23 20:52:04,637 - INFO - episode:206 totalReward:-100 Actions:[[2, 0], [7, 4], [3, 0], [1, 1], [0, 0], [6, 2], [5, 4], [9, 4], [4, 2], [8, 3]]
2026-03-23 20:52:04,664 - INFO - episode:207 totalReward:-100 Actions:[[8, 1], [0, 5], [1, 3], [5, 5], [4, 0], [7, 5], [2, 3], [9, 2], [6, 0], [3, 0]]
2026-03-23 20:52:04,699 - INFO - episode:208 totalReward:-100 Actions:[[5, 4], [8, 1], [3, 5], [6, 2], [1, 0], [7, 2], [9, 2], [4, 2], [2, 4], [0, 0]]
2026-03-23 20:52:04,722 - INFO - episode:209 totalReward:-100 Actions:[[1, 5], [5, 3], [7, 4], [8, 2], [3, 3], [2, 3], [9, 1], [0, 0], [4, 0], [6, 1]]
2026-03-23 20:52:04,737 - INFO - episode:210 totalReward:0 Actions:[[9, 1], [1, 0], [7, 1], [0, 1]]
2026-03-23 20:52:04,763 - INFO - episode:211 totalReward:-100 Actions:[[9, 1], [1, 0], [7, 1], [4, 5], [5, 3], [2, 1], [3, 3], [6, 0], [0, 2], [8, 4]]
2026-03-23 20:52:04,796 - INFO - episode:212 totalReward:-100 Actions:[[4, 3], [1, 2], [7, 1], [5, 2], [3, 1], [6, 1], [0, 0], [2, 1], [8, 4], [9, 5]]
2026-03-23 20:52:04,824 - INFO - episode:213 totalReward:-100 Actions:[[1, 2], [4, 2], [8, 4], [3, 1], [6, 3], [2, 1], [5, 1], [9, 5], [7, 5], [0, 1]]
2026-03-23 20:52:04,845 - INFO - episode:214 totalReward:-100 Actions:[[2, 0], [1, 1], [7, 1], [6, 0], [0, 4], [4, 4], [9, 0], [5, 2], [3, 5], [8, 3]]
2026-03-23 20:52:04,870 - INFO - episode:215 totalReward:-100 Actions:[[2, 0], [6, 5], [8, 3], [7, 4], [9, 5], [4, 4], [5, 5], [3, 2], [0, 1], [1, 1]]
2026-03-23 20:52:04,907 - INFO - episode:216 totalReward:-100 Actions:[[2, 0], [6, 0], [7, 1], [1, 5], [5, 3], [9, 0], [8, 4], [0, 3], [4, 5], [3, 1]]
2026-03-23 20:52:04,923 - INFO - episode:217 totalReward:-100 Actions:[[9, 2], [5, 0], [7, 5], [3, 5], [2, 4], [4, 5], [6, 5], [0, 1], [8, 3], [1, 1]]
2026-03-23 20:52:04,944 - INFO - episode:218 totalReward:0 Actions:[[0, 2], [6, 2], [2, 4], [4, 2], [7, 1], [9, 2], [1, 5], [3, 3], [5, 0]]
2026-03-23 20:52:04,968 - INFO - episode:219 totalReward:-100 Actions:[[4, 5], [6, 1], [9, 2], [5, 2], [2, 1], [1, 4], [0, 5], [7, 1], [3, 1], [8, 3]]
2026-03-23 20:52:05,002 - INFO - episode:220 totalReward:-100 Actions:[[2, 0], [5, 5]]
2026-03-23 20:52:05,086 - INFO - episode:221 totalReward:-100 Actions:[[2, 0], [5, 5], [7, 5], [0, 3], [3, 3], [4, 3], [9, 2], [6, 2], [8, 4], [1, 0]]
2026-03-23 20:52:05,142 - INFO - episode:222 totalReward:-100 Actions:[[2, 0], [7, 0], [6, 0], [4, 5], [5, 2], [9, 0], [1, 3], [8, 4], [3, 3], [0, 1]]
2026-03-23 20:52:05,161 - INFO - episode:223 totalReward:-100 Actions:[[2, 0], [1, 5], [4, 0], [5, 0], [6, 5], [9, 2], [0, 4], [8, 1], [7, 0], [3, 4]]
2026-03-23 20:52:05,224 - INFO - episode:224 totalReward:-100 Actions:[[6, 2], [2, 1], [5, 3], [1, 2], [3, 3], [9, 1], [0, 0], [4, 3], [7, 0], [8, 4]]
2026-03-23 20:52:05,295 - INFO - episode:225 totalReward:173.14399785350386 Actions:[[2, 0], [7, 2], [9, 5], [5, 3], [4, 3], [3, 4], [1, 0], [6, 2], [0, 3], [8, 1]]
2026-03-23 20:52:05,318 - INFO - episode:226 totalReward:342.19449065072826 Actions:[[7, 1], [6, 1], [2, 1], [8, 4], [0, 0], [9, 3], [4, 1], [1, 0], [5, 3], [3, 3]]
2026-03-23 20:52:05,346 - INFO - episode:227 totalReward:-100 Actions:[[1, 5], [3, 3], [4, 1], [0, 1], [7, 3], [5, 5], [9, 3], [8, 0], [6, 4], [2, 4]]
2026-03-23 20:52:05,364 - INFO - episode:228 totalReward:-100 Actions:[[2, 0], [8, 3], [4, 5], [7, 4], [3, 1], [1, 2], [9, 4], [6, 5], [5, 4], [0, 1]]
2026-03-23 20:52:05,418 - INFO - episode:229 totalReward:-100 Actions:[[2, 0], [7, 2], [8, 5], [5, 3], [4, 3], [6, 4], [0, 4], [3, 4], [9, 3], [1, 0]]
2026-03-23 20:52:05,442 - INFO - episode:230 totalReward:-100 Actions:[[2, 4], [9, 2]]
2026-03-23 20:52:05,457 - INFO - episode:231 totalReward:0 Actions:[[4, 2], [3, 5], [2, 4], [5, 3], [9, 1], [6, 1], [0, 2], [7, 0], [1, 4]]
2026-03-23 20:52:05,536 - INFO - episode:232 totalReward:-100 Actions:[[9, 2], [6, 2], [4, 0], [3, 3], [5, 2], [2, 2], [1, 4], [0, 4], [7, 3], [8, 5]]
2026-03-23 20:52:05,553 - INFO - episode:233 totalReward:-100 Actions:[[6, 2], [0, 5], [2, 5], [7, 5], [5, 5], [1, 4], [3, 3], [4, 2], [8, 0], [9, 4]]
2026-03-23 20:52:05,576 - INFO - episode:234 totalReward:-100 Actions:[[2, 0], [5, 5], [4, 0], [7, 5], [0, 2], [1, 2], [6, 0], [9, 0], [8, 4], [3, 5]]
2026-03-23 20:52:05,593 - INFO - episode:235 totalReward:-100 Actions:[[2, 0], [4, 4], [7, 0], [1, 5], [6, 5], [0, 4], [8, 3], [3, 0], [9, 1], [5, 0]]
2026-03-23 20:52:05,616 - INFO - episode:236 totalReward:530.4133456109923 Actions:[[2, 0], [3, 1], [7, 1], [0, 1], [1, 4], [9, 0], [5, 3], [4, 0], [6, 4], [8, 5]]
2026-03-23 20:52:05,669 - INFO - episode:237 totalReward:441.3971905872939 Actions:[[8, 1], [1, 5], [7, 2], [9, 5], [5, 3], [4, 3], [3, 3], [2, 2], [6, 0], [0, 2]]
2026-03-23 20:52:05,687 - INFO - episode:238 totalReward:-100 Actions:[[5, 1], [8, 4], [3, 3], [9, 1], [4, 1], [6, 0], [2, 0], [1, 5], [7, 2], [0, 3]]
2026-03-23 20:52:05,708 - INFO - episode:239 totalReward:-100 Actions:[[8, 3], [1, 1], [5, 0], [4, 4], [3, 4], [0, 0], [7, 5], [6, 0], [9, 4], [2, 5]]
2026-03-23 20:52:05,749 - INFO - episode:240 totalReward:-100 Actions:[[2, 4], [9, 2]]
2026-03-23 20:52:05,819 - INFO - episode:241 totalReward:-100 Actions:[[3, 0], [2, 0], [4, 2], [1, 2], [7, 5], [9, 5], [6, 4], [0, 5], [5, 4], [8, 3]]
2026-03-23 20:52:05,972 - INFO - episode:242 totalReward:-100 Actions:[[2, 0], [3, 4], [4, 4], [6, 5], [9, 5], [0, 5], [1, 3], [5, 1], [7, 0], [8, 2]]
2026-03-23 20:52:06,079 - INFO - episode:243 totalReward:-100 Actions:[[5, 1], [7, 0], [3, 0], [2, 4], [6, 2], [9, 3], [0, 3], [4, 2], [1, 4], [8, 5]]
2026-03-23 20:52:06,107 - INFO - episode:244 totalReward:-100 Actions:[[2, 0], [8, 4], [1, 1], [4, 1], [0, 0], [9, 3], [7, 2], [6, 3], [5, 5], [3, 3]]
2026-03-23 20:52:06,142 - INFO - episode:245 totalReward:-100 Actions:[[2, 0], [9, 2], [3, 3], [5, 1], [0, 2], [6, 2], [7, 2], [1, 1], [4, 4], [8, 5]]
2026-03-23 20:52:06,175 - INFO - episode:246 totalReward:-100 Actions:[[2, 0], [3, 3], [7, 4], [0, 0], [9, 3], [5, 2], [1, 1], [6, 3], [4, 4], [8, 5]]
2026-03-23 20:52:06,319 - INFO - episode:247 totalReward:-100 Actions:[[5, 5], [0, 3], [7, 4], [6, 0], [2, 4], [1, 1], [4, 1], [3, 4], [9, 4], [8, 2]]
2026-03-23 20:52:06,358 - INFO - episode:248 totalReward:113.67522510857805 Actions:[[8, 1], [4, 3], [6, 2], [3, 3], [7, 0], [0, 0], [2, 5], [5, 5], [1, 2], [9, 0]]
2026-03-23 20:52:06,403 - INFO - episode:249 totalReward:-100 Actions:[[6, 0], [2, 0], [8, 5], [5, 4], [7, 1], [4, 2], [1, 4], [3, 3], [0, 0], [9, 3]]
2026-03-23 20:52:06,435 - INFO - episode:250 totalReward:-100 Actions:[[2, 0]]
2026-03-23 20:52:06,454 - INFO - episode:251 totalReward:-100 Actions:[[2, 0], [7, 2], [6, 2], [4, 2], [5, 4], [1, 3], [0, 5], [3, 0], [8, 1], [9, 3]]
2026-03-23 20:52:06,473 - INFO - episode:252 totalReward:-100 Actions:[[2, 0], [5, 5], [9, 3], [7, 4], [3, 3], [4, 3], [8, 1], [6, 3], [1, 2], [0, 2]]
2026-03-23 20:52:06,504 - INFO - episode:253 totalReward:-100 Actions:[[9, 2], [2, 0], [6, 2], [5, 2], [4, 2], [0, 3], [1, 4], [7, 0], [3, 0], [8, 1]]
2026-03-23 20:52:06,533 - INFO - episode:254 totalReward:-100 Actions:[[6, 4], [0, 1], [9, 1], [7, 2], [4, 4], [5, 3], [3, 1], [8, 5], [1, 3], [2, 0]]
2026-03-23 20:52:06,600 - INFO - episode:255 totalReward:-100 Actions:[[0, 1], [5, 0], [7, 1], [6, 4], [4, 2], [9, 1], [2, 1], [1, 5], [3, 4], [8, 3]]
2026-03-23 20:52:06,619 - INFO - episode:256 totalReward:-100 Actions:[[3, 4], [9, 3], [7, 4], [5, 0], [2, 2], [1, 5], [8, 1], [6, 0], [0, 0], [4, 2]]
2026-03-23 20:52:06,635 - INFO - episode:257 totalReward:0 Actions:[[2, 4], [9, 2], [4, 2], [3, 5], [6, 1], [5, 5], [7, 0], [1, 3], [0, 5]]
2026-03-23 20:52:06,654 - INFO - episode:258 totalReward:-100 Actions:[[2, 4], [9, 2], [0, 3], [1, 3], [8, 0], [6, 2], [5, 4], [3, 2], [7, 5], [4, 1]]
2026-03-23 20:52:06,699 - INFO - episode:259 totalReward:368.96179921847255 Actions:[[5, 3], [3, 4], [7, 4], [6, 4], [2, 2], [9, 5], [1, 2], [4, 5], [0, 4], [8, 1]]
2026-03-23 20:52:06,732 - INFO - episode:260 totalReward:-100 Actions:[[2, 0]]
2026-03-23 20:52:06,749 - INFO - episode:261 totalReward:-100 Actions:[[2, 0], [5, 2], [7, 0], [8, 1], [1, 3], [3, 3], [4, 2], [0, 2], [9, 5], [6, 0]]
2026-03-23 20:52:06,767 - INFO - episode:262 totalReward:0 Actions:[[6, 2], [2, 4], [5, 0], [3, 5], [9, 1], [7, 1], [4, 5], [0, 3], [1, 3]]
2026-03-23 20:52:06,787 - INFO - episode:263 totalReward:0 Actions:[[1, 5], [4, 1], [5, 3], [0, 4], [3, 0], [9, 0], [7, 1], [2, 2], [6, 0]]
2026-03-23 20:52:06,804 - INFO - episode:264 totalReward:109.7047991826399 Actions:[[9, 2], [8, 5], [7, 4], [1, 3], [4, 3], [5, 1], [2, 1], [0, 4], [6, 4], [3, 1]]
2026-03-23 20:52:06,832 - INFO - episode:265 totalReward:-100 Actions:[[3, 5], [7, 4], [6, 2], [0, 2], [9, 5], [5, 5], [4, 2], [8, 3], [1, 0], [2, 2]]
2026-03-23 20:52:06,861 - INFO - episode:266 totalReward:-100 Actions:[[9, 2], [3, 5], [0, 5], [6, 2], [7, 3], [4, 3], [5, 2], [2, 5], [8, 1], [1, 0]]
2026-03-23 20:52:06,887 - INFO - episode:267 totalReward:-100 Actions:[[4, 3], [2, 5], [7, 4], [1, 2], [0, 5], [3, 2], [6, 4], [9, 1], [5, 1], [8, 0]]
2026-03-23 20:52:06,901 - INFO - episode:268 totalReward:-100 Actions:[[2, 4], [8, 5], [3, 2], [4, 4], [9, 4], [1, 0], [6, 0], [5, 4], [7, 3], [0, 3]]
2026-03-23 20:52:06,927 - INFO - episode:269 totalReward:-100 Actions:[[8, 3], [3, 2], [1, 2], [7, 0], [0, 5], [9, 1], [2, 1], [5, 0], [4, 0], [6, 5]]
2026-03-23 20:52:06,944 - INFO - episode:270 totalReward:-100 Actions:[[2, 0]]
2026-03-23 20:52:06,973 - INFO - episode:271 totalReward:-100 Actions:[[2, 4], [9, 1], [3, 0], [7, 4], [6, 0], [4, 3], [8, 5], [5, 4], [1, 1], [0, 2]]
2026-03-23 20:52:07,025 - INFO - episode:272 totalReward:-100 Actions:[[2, 0], [6, 1], [1, 1], [3, 0], [4, 5], [7, 2], [0, 0], [5, 5], [9, 0], [8, 3]]
2026-03-23 20:52:07,056 - INFO - episode:273 totalReward:-100 Actions:[[8, 3], [5, 5], [7, 1], [3, 0], [9, 4], [0, 4], [4, 1], [6, 4], [2, 4], [1, 5]]
2026-03-23 20:52:07,073 - INFO - episode:274 totalReward:-100 Actions:[[5, 1], [8, 3], [6, 0], [3, 0], [9, 0], [4, 0], [0, 1], [7, 2], [2, 5], [1, 5]]
2026-03-23 20:52:07,123 - INFO - episode:275 totalReward:-100 Actions:[[2, 0], [3, 0], [9, 2], [5, 3], [4, 3], [7, 0], [6, 3], [8, 1], [0, 3], [1, 5]]
2026-03-23 20:52:07,146 - INFO - episode:276 totalReward:287.30844802107157 Actions:[[4, 1], [2, 1], [9, 0], [7, 1], [0, 0], [6, 3], [5, 0], [8, 2], [3, 4], [1, 5]]
2026-03-23 20:52:07,172 - INFO - episode:277 totalReward:-100 Actions:[[7, 1], [2, 1], [0, 5], [9, 1], [3, 3], [4, 1], [6, 2], [1, 5], [5, 3], [8, 0]]
2026-03-23 20:52:07,199 - INFO - episode:278 totalReward:-100 Actions:[[5, 1], [1, 1], [3, 0], [7, 0], [8, 3], [9, 4], [2, 4], [6, 4], [4, 5], [0, 2]]
2026-03-23 20:52:07,244 - INFO - episode:279 totalReward:110.74763738463021 Actions:[[5, 1], [1, 1], [4, 2], [8, 4], [2, 5], [6, 5], [3, 3], [7, 5], [0, 5], [9, 2]]
2026-03-23 20:52:07,292 - INFO - episode:280 totalReward:-100 Actions:[[3, 5]]
2026-03-23 20:52:07,319 - INFO - episode:281 totalReward:-100 Actions:[[3, 5], [9, 5], [0, 5], [6, 5], [1, 3], [5, 2], [7, 3], [8, 0], [2, 1], [4, 1]]
2026-03-23 20:52:07,390 - INFO - episode:282 totalReward:-100 Actions:[[3, 5], [9, 5], [0, 5], [6, 5], [5, 3], [4, 4], [8, 2], [2, 0], [7, 3], [1, 0]]
2026-03-23 20:52:07,433 - INFO - episode:283 totalReward:-100 Actions:[[3, 5], [4, 4], [0, 0], [5, 3], [7, 4], [2, 0], [1, 2], [9, 5], [6, 5], [8, 1]]
2026-03-23 20:52:07,454 - INFO - episode:284 totalReward:-100 Actions:[[3, 5], [1, 2], [6, 2], [4, 4], [7, 1], [2, 0], [8, 3], [9, 0], [0, 4], [5, 4]]
2026-03-23 20:52:07,467 - INFO - episode:285 totalReward:353.9374249152251 Actions:[[2, 0], [5, 3], [1, 3], [3, 5], [6, 4], [7, 4], [8, 2], [0, 4], [4, 5], [9, 5]]
2026-03-23 20:52:07,490 - INFO - episode:286 totalReward:-100 Actions:[[2, 0], [9, 2], [5, 5], [7, 4], [8, 3], [1, 1], [4, 1], [0, 4], [6, 4], [3, 2]]
2026-03-23 20:52:07,509 - INFO - episode:287 totalReward:375.32938312802327 Actions:[[3, 5], [4, 4], [0, 5], [2, 0], [1, 3], [7, 4], [5, 1], [6, 3], [9, 0], [8, 2]]
2026-03-23 20:52:07,531 - INFO - episode:288 totalReward:-100 Actions:[[3, 5], [4, 4], [1, 5], [2, 2], [9, 4], [8, 3], [7, 0], [6, 4], [5, 2], [0, 0]]
2026-03-23 20:52:07,557 - INFO - episode:289 totalReward:0 Actions:[[5, 3], [1, 1], [7, 1], [4, 0], [3, 4], [6, 2], [2, 0], [0, 5], [9, 0]]
2026-03-23 20:52:07,607 - INFO - episode:290 totalReward:170.35636287863775 Actions:[[5, 1]]
2026-03-23 20:52:07,642 - INFO - episode:291 totalReward:-100 Actions:[[5, 1], [3, 2], [0, 2], [6, 2], [4, 1], [9, 1], [1, 3], [2, 4], [7, 1], [8, 5]]
2026-03-23 20:52:07,671 - INFO - episode:292 totalReward:-100 Actions:[[5, 1], [1, 4], [7, 4], [8, 5], [0, 3], [6, 2], [4, 2], [9, 3], [2, 2], [3, 1]]
2026-03-23 20:52:07,714 - INFO - episode:293 totalReward:-100 Actions:[[2, 4], [3, 2], [9, 5], [0, 4], [1, 1], [6, 3], [8, 0], [4, 1], [7, 3], [5, 4]]
2026-03-23 20:52:07,763 - INFO - episode:294 totalReward:-100 Actions:[[8, 1], [6, 0], [2, 0], [1, 4], [9, 5], [0, 3], [3, 3], [5, 2], [4, 0], [7, 3]]
2026-03-23 20:52:07,785 - INFO - episode:295 totalReward:-100 Actions:[[5, 5], [3, 1], [8, 3], [4, 5], [6, 5], [7, 5], [0, 2], [9, 2], [2, 2], [1, 4]]
2026-03-23 20:52:07,823 - INFO - episode:296 totalReward:-100 Actions:[[2, 0], [9, 1], [0, 3], [5, 3], [6, 5], [4, 3], [1, 1], [7, 4], [3, 4], [8, 2]]
2026-03-23 20:52:07,835 - INFO - episode:297 totalReward:0 Actions:[[2, 0], [3, 0], [9, 5], [6, 0], [4, 2], [0, 4], [1, 1], [7, 3], [5, 1]]
2026-03-23 20:52:07,870 - INFO - episode:298 totalReward:-100 Actions:[[2, 0], [5, 5], [4, 0], [8, 1], [9, 0], [1, 4], [7, 5], [3, 0], [0, 2], [6, 5]]
2026-03-23 20:52:07,924 - INFO - episode:299 totalReward:-100 Actions:[[5, 5], [4, 4], [3, 1], [6, 1], [0, 5], [9, 1], [8, 3], [2, 2], [7, 0], [1, 4]]
2026-03-23 20:52:07,974 - INFO - episode:300 totalReward:333.2101634403572 Actions:[[3, 5], [4, 4], [0, 5]]
2026-03-23 20:52:08,008 - INFO - episode:301 totalReward:-100 Actions:[[3, 5], [7, 0], [4, 4], [0, 5], [2, 0], [6, 2], [5, 0], [8, 1], [9, 3], [1, 4]]
2026-03-23 20:52:08,069 - INFO - episode:302 totalReward:339.64101792617765 Actions:[[3, 5], [4, 4], [0, 5], [1, 3], [7, 4], [6, 2], [5, 1], [2, 2], [9, 1], [8, 0]]
2026-03-23 20:52:08,100 - INFO - episode:303 totalReward:0 Actions:[[0, 4], [7, 1], [9, 4], [5, 0], [3, 5], [2, 2], [4, 2], [1, 0], [6, 3]]
2026-03-23 20:52:08,170 - INFO - episode:304 totalReward:-100 Actions:[[5, 5], [2, 0], [0, 0], [4, 4], [3, 5], [8, 2], [9, 3], [1, 4], [6, 3], [7, 1]]
2026-03-23 20:52:08,196 - INFO - episode:305 totalReward:0 Actions:[[3, 5], [7, 3], [4, 3], [2, 2], [5, 0], [6, 4], [9, 5], [0, 2], [1, 1]]
2026-03-23 20:52:08,233 - INFO - episode:306 totalReward:-100 Actions:[[5, 1], [6, 4], [9, 4], [7, 0], [3, 3], [2, 2], [4, 3], [0, 3], [1, 2], [8, 5]]
2026-03-23 20:52:08,261 - INFO - episode:307 totalReward:-100 Actions:[[2, 0], [9, 4], [8, 3], [6, 0], [4, 1], [5, 5], [0, 5], [3, 1], [1, 4], [7, 2]]
2026-03-23 20:52:08,301 - INFO - episode:308 totalReward:-100 Actions:[[3, 3], [1, 1], [5, 2], [4, 2], [9, 1], [6, 5], [0, 5], [2, 5], [8, 0], [7, 3]]
2026-03-23 20:52:08,345 - INFO - episode:309 totalReward:-100 Actions:[[3, 3], [9, 4], [1, 2], [0, 1], [4, 0], [6, 2], [5, 0], [2, 1], [7, 3], [8, 5]]
2026-03-23 20:52:08,387 - INFO - episode:310 totalReward:-100 Actions:[[3, 3]]
2026-03-23 20:52:08,405 - INFO - episode:311 totalReward:0 Actions:[[3, 3], [4, 2], [0, 5], [9, 4], [6, 0], [2, 3], [7, 4], [5, 1], [1, 1]]
2026-03-23 20:52:08,562 - INFO - episode:312 totalReward:-100 Actions:[[5, 5], [2, 0], [9, 3], [1, 0], [6, 3], [4, 5], [3, 1], [7, 4], [0, 3], [8, 2]]
2026-03-23 20:52:08,589 - INFO - episode:313 totalReward:-100 Actions:[[5, 3], [1, 1], [4, 4], [6, 4], [2, 1], [7, 2], [0, 5], [9, 2], [8, 0], [3, 2]]
2026-03-23 20:52:08,642 - INFO - episode:314 totalReward:-100 Actions:[[9, 5], [4, 4], [2, 5], [0, 5], [5, 3], [7, 1], [3, 0], [6, 3], [8, 2], [1, 1]]
2026-03-23 20:52:08,684 - INFO - episode:315 totalReward:-100 Actions:[[2, 4], [9, 3], [6, 3], [8, 0], [5, 4], [3, 5], [7, 4], [1, 1], [4, 2], [0, 5]]
2026-03-23 20:52:08,712 - INFO - episode:316 totalReward:114.95425532796412 Actions:[[3, 0], [9, 3], [8, 5], [6, 4], [7, 4], [5, 4], [0, 4], [2, 3], [1, 2], [4, 2]]
2026-03-23 20:52:08,752 - INFO - episode:317 totalReward:-100 Actions:[[2, 0], [5, 0], [3, 0], [9, 4], [0, 0], [7, 1], [1, 5], [8, 3], [6, 1], [4, 2]]
2026-03-23 20:52:08,787 - INFO - episode:318 totalReward:-100 Actions:[[2, 0], [5, 3], [1, 3], [3, 1], [9, 4], [4, 1], [6, 0], [7, 2], [0, 4], [8, 5]]
2026-03-23 20:52:08,804 - INFO - episode:319 totalReward:-100 Actions:[[2, 4], [5, 5], [7, 4], [3, 2], [6, 3], [4, 2], [8, 0], [0, 4], [1, 1], [9, 5]]
2026-03-23 20:52:08,872 - INFO - episode:320 totalReward:505.68604548451407 Actions:[[2, 4], [9, 2], [4, 2]]
2026-03-23 20:52:08,901 - INFO - episode:321 totalReward:-100 Actions:[[2, 4], [8, 3], [7, 0], [6, 4], [5, 0], [4, 5], [1, 1], [9, 4], [3, 0], [0, 0]]
2026-03-23 20:52:08,929 - INFO - episode:322 totalReward:555.7376979068839 Actions:[[6, 2], [5, 3], [2, 3], [8, 0], [1, 1], [3, 3], [9, 2], [0, 2], [7, 2], [4, 3]]
2026-03-23 20:52:08,957 - INFO - episode:323 totalReward:-100 Actions:[[2, 0], [5, 5], [4, 4], [9, 0], [6, 4], [8, 2], [7, 0], [3, 1], [0, 3], [1, 5]]
2026-03-23 20:52:09,092 - INFO - episode:324 totalReward:344.2915368119926 Actions:[[2, 4], [9, 2], [4, 2], [0, 2], [3, 5], [7, 2], [1, 3], [5, 3], [6, 1], [8, 0]]
2026-03-23 20:52:09,135 - INFO - episode:325 totalReward:-100 Actions:[[6, 0], [2, 2], [5, 0], [9, 0], [7, 3], [1, 5], [8, 4], [4, 2], [3, 2], [0, 1]]
2026-03-23 20:52:09,169 - INFO - episode:326 totalReward:-100 Actions:[[2, 4], [8, 0], [3, 1], [5, 4], [4, 1], [9, 2], [1, 5], [7, 5], [6, 4], [0, 2]]
2026-03-23 20:52:09,196 - INFO - episode:327 totalReward:-100 Actions:[[2, 4], [0, 1], [3, 4], [5, 0], [9, 4], [7, 3], [4, 0], [6, 0], [8, 2], [1, 3]]
2026-03-23 20:52:09,213 - INFO - episode:328 totalReward:-100 Actions:[[2, 4], [4, 4], [5, 1], [7, 5], [0, 0], [3, 1], [6, 1], [8, 2], [1, 0], [9, 1]]
2026-03-23 20:52:09,241 - INFO - episode:329 totalReward:-100 Actions:[[0, 2], [2, 4], [6, 3], [1, 2], [7, 4], [9, 1], [4, 1], [3, 0], [8, 5], [5, 1]]
2026-03-23 20:52:09,295 - INFO - episode:330 totalReward:-100 Actions:[[2, 0]]
2026-03-23 20:52:09,341 - INFO - episode:331 totalReward:-100 Actions:[[0, 0], [2, 0], [9, 1], [5, 5], [3, 1], [7, 2], [6, 4], [4, 4], [8, 3], [1, 5]]
2026-03-23 20:52:09,403 - INFO - episode:332 totalReward:-100 Actions:[[2, 4], [9, 2], [3, 2], [4, 2], [7, 5], [1, 4], [5, 5], [6, 0], [0, 3], [8, 1]]
2026-03-23 20:52:09,432 - INFO - episode:333 totalReward:-100 Actions:[[5, 3], [1, 3], [8, 0], [3, 1], [6, 1], [0, 4], [4, 1], [9, 1], [7, 4], [2, 2]]
2026-03-23 20:52:09,467 - INFO - episode:334 totalReward:-100 Actions:[[1, 1], [2, 4], [3, 1], [6, 4], [4, 4], [5, 2], [7, 2], [0, 3], [8, 5], [9, 4]]
2026-03-23 20:52:09,590 - INFO - episode:335 totalReward:-100 Actions:[[2, 0], [3, 4], [6, 0], [0, 4], [8, 5], [4, 4], [5, 3], [9, 3], [7, 1], [1, 2]]
2026-03-23 20:52:09,619 - INFO - episode:336 totalReward:-100 Actions:[[8, 5], [7, 2], [4, 1], [6, 2], [2, 2], [5, 3], [0, 0], [1, 3], [3, 1], [9, 2]]
2026-03-23 20:52:09,638 - INFO - episode:337 totalReward:-100 Actions:[[2, 0], [9, 2], [6, 2], [0, 5], [8, 4], [7, 3], [5, 2], [1, 5], [3, 3], [4, 0]]
2026-03-23 20:52:09,714 - INFO - episode:338 totalReward:-100 Actions:[[9, 2], [3, 1], [1, 1], [2, 4], [7, 4], [5, 0], [0, 0], [6, 4], [4, 5], [8, 3]]
2026-03-23 20:52:09,760 - INFO - episode:339 totalReward:-100 Actions:[[2, 4], [5, 0], [9, 3], [6, 1], [0, 4], [4, 1], [8, 5], [3, 3], [7, 0], [1, 2]]
2026-03-23 20:52:09,785 - INFO - episode:340 totalReward:0 Actions:[[3, 5]]
2026-03-23 20:52:09,809 - INFO - episode:341 totalReward:-100 Actions:[[3, 5], [6, 2], [9, 4], [2, 4], [5, 5], [0, 5], [4, 4], [1, 0], [7, 2], [8, 1]]
2026-03-23 20:52:09,849 - INFO - episode:342 totalReward:333.2101634403572 Actions:[[3, 5], [2, 0], [4, 4], [0, 5], [1, 1], [9, 2], [5, 1], [7, 4], [6, 4], [8, 3]]
2026-03-23 20:52:09,880 - INFO - episode:343 totalReward:213.51155828695218 Actions:[[5, 1], [6, 1], [7, 1], [4, 1], [1, 4], [0, 0], [8, 5], [3, 2], [9, 3], [2, 3]]
2026-03-23 20:52:09,902 - INFO - episode:344 totalReward:-100 Actions:[[2, 0], [7, 1], [9, 1], [0, 4], [1, 3], [4, 1], [5, 1], [3, 3], [6, 5], [8, 2]]
2026-03-23 20:52:09,966 - INFO - episode:345 totalReward:-100 Actions:[[2, 0], [1, 3], [4, 3], [0, 4], [6, 2], [3, 2], [7, 4], [8, 5], [9, 2], [5, 4]]
2026-03-23 20:52:10,012 - INFO - episode:346 totalReward:217.47197977436556 Actions:[[9, 5], [2, 0], [0, 5], [4, 4], [3, 1], [5, 5], [6, 2], [1, 1], [7, 5], [8, 3]]
2026-03-23 20:52:10,026 - INFO - episode:347 totalReward:0 Actions:[[2, 0], [1, 5], [6, 2], [7, 4], [9, 5], [3, 4], [0, 2], [5, 1], [4, 3]]
2026-03-23 20:52:10,090 - INFO - episode:348 totalReward:-100 Actions:[[8, 3], [3, 1], [2, 2], [0, 5], [9, 4], [7, 0], [4, 1], [1, 2], [6, 4], [5, 4]]
2026-03-23 20:52:10,214 - INFO - episode:349 totalReward:288.81475072245297 Actions:[[2, 4], [4, 4], [3, 2], [7, 5], [9, 5], [5, 1], [0, 5], [6, 4], [1, 3], [8, 0]]
2026-03-23 20:52:10,279 - INFO - episode:350 totalReward:-100 Actions:[[2, 4], [3, 1]]
2026-03-23 20:52:10,294 - INFO - episode:351 totalReward:-100 Actions:[[9, 0], [6, 4], [3, 1], [8, 3], [4, 1], [5, 5], [1, 5], [7, 2], [0, 4], [2, 4]]
2026-03-23 20:52:10,318 - INFO - episode:352 totalReward:-100 Actions:[[6, 3], [3, 3], [4, 3], [7, 0], [1, 0], [9, 3], [2, 2], [8, 1], [5, 4], [0, 2]]
2026-03-23 20:52:10,350 - INFO - episode:353 totalReward:209.15265896082533 Actions:[[2, 0], [9, 3], [1, 3], [0, 0], [5, 4], [6, 5], [7, 0], [4, 0], [8, 2], [3, 4]]
2026-03-23 20:52:10,382 - INFO - episode:354 totalReward:190.46162266533793 Actions:[[2, 0], [5, 3], [6, 3], [7, 2], [4, 3], [0, 3], [8, 1], [3, 5], [9, 0], [1, 5]]
2026-03-23 20:52:10,425 - INFO - episode:355 totalReward:521.4882460485146 Actions:[[2, 4], [7, 5], [3, 5], [0, 5], [8, 3], [9, 5], [6, 1], [4, 4], [5, 2], [1, 1]]
2026-03-23 20:52:10,463 - INFO - episode:356 totalReward:-100 Actions:[[6, 0], [1, 2], [9, 0], [2, 3], [4, 4], [3, 2], [5, 3], [0, 1], [7, 4], [8, 5]]
2026-03-23 20:52:10,501 - INFO - episode:357 totalReward:0 Actions:[[2, 2], [3, 5], [4, 4], [0, 0], [1, 5], [5, 0], [9, 3], [6, 1], [7, 2]]
2026-03-23 20:52:10,561 - INFO - episode:358 totalReward:-100 Actions:[[2, 4], [4, 1], [9, 4], [3, 1], [5, 0], [6, 4], [0, 1], [1, 0], [7, 2], [8, 5]]
2026-03-23 20:52:10,582 - INFO - episode:359 totalReward:371.35845638332563 Actions:[[3, 5], [4, 4], [7, 4], [0, 5], [8, 2], [6, 5], [2, 3], [9, 5], [5, 3], [1, 0]]
2026-03-23 20:52:10,611 - INFO - episode:360 totalReward:530.4133456109923 Actions:[[2, 0], [9, 5]]
2026-03-23 20:52:10,645 - INFO - episode:361 totalReward:1222.3786077373647 Actions:[[9, 0], [2, 0], [5, 4], [3, 0], [1, 4], [6, 1], [8, 2], [4, 3], [0, 3], [7, 3]]
2026-03-23 20:52:10,814 - INFO - episode:362 totalReward:173.4129755372873 Actions:[[2, 0], [7, 5], [5, 5], [4, 4], [0, 5], [9, 2], [8, 3], [3, 2], [6, 4], [1, 1]]
2026-03-23 20:52:10,928 - INFO - episode:363 totalReward:208.47049597650079 Actions:[[2, 0], [9, 4], [0, 4], [4, 4], [3, 3], [7, 4], [1, 2], [6, 5], [5, 0], [8, 1]]
2026-03-23 20:52:11,105 - INFO - episode:364 totalReward:-100 Actions:[[2, 0], [7, 1], [9, 1], [4, 2], [3, 1], [0, 0], [1, 5], [6, 4], [5, 4], [8, 3]]
2026-03-23 20:52:11,140 - INFO - episode:365 totalReward:0 Actions:[[3, 1], [6, 4], [7, 0], [0, 1], [9, 2], [2, 0], [4, 5], [5, 3], [1, 3]]
2026-03-23 20:52:11,186 - INFO - episode:366 totalReward:-100 Actions:[[9, 5], [3, 5], [0, 3], [2, 5], [7, 5], [4, 1], [6, 1], [1, 4], [5, 4], [8, 2]]
2026-03-23 20:52:11,222 - INFO - episode:367 totalReward:211.1202306978745 Actions:[[3, 5], [0, 5], [6, 3], [2, 5], [7, 5], [5, 0], [9, 1], [1, 2], [8, 4], [4, 1]]
2026-03-23 20:52:11,242 - INFO - episode:368 totalReward:-100 Actions:[[3, 5], [6, 2], [2, 1], [0, 1], [1, 4], [7, 4], [9, 2], [4, 1], [8, 0], [5, 3]]
2026-03-23 20:52:11,260 - INFO - episode:369 totalReward:0 Actions:[[9, 4], [0, 5], [6, 3], [7, 4], [3, 0], [2, 1], [5, 5], [1, 2], [4, 3]]
2026-03-23 20:52:11,290 - INFO - episode:370 totalReward:-100 Actions:[[5, 3]]
2026-03-23 20:52:11,327 - INFO - episode:371 totalReward:-100 Actions:[[5, 3], [2, 5], [7, 4], [4, 1], [9, 0], [6, 5], [0, 3], [3, 0], [1, 4], [8, 2]]
2026-03-23 20:52:11,390 - INFO - episode:372 totalReward:-100 Actions:[[2, 0], [7, 4], [1, 4], [6, 1], [9, 5], [4, 1], [5, 3], [3, 5], [0, 1], [8, 2]]
2026-03-23 20:52:11,500 - INFO - episode:373 totalReward:-100 Actions:[[6, 0], [2, 0], [1, 5], [5, 5], [4, 2], [3, 4], [7, 2], [9, 3], [0, 4], [8, 1]]
2026-03-23 20:52:11,535 - INFO - episode:374 totalReward:-100 Actions:[[2, 4], [5, 1], [3, 1], [0, 1], [4, 1], [1, 2], [6, 0], [9, 0], [7, 4], [8, 5]]
2026-03-23 20:52:11,562 - INFO - episode:375 totalReward:-100 Actions:[[2, 0], [4, 1], [8, 3], [9, 0], [1, 1], [0, 0], [6, 2], [5, 4], [7, 5], [3, 0]]
2026-03-23 20:52:11,673 - INFO - episode:376 totalReward:-100 Actions:[[2, 0], [5, 1], [7, 1], [1, 2], [3, 3], [4, 2], [9, 1], [6, 0], [0, 1], [8, 5]]
2026-03-23 20:52:11,732 - INFO - episode:377 totalReward:344.3876640804713 Actions:[[5, 1], [4, 1], [7, 1], [0, 0], [2, 5], [9, 4], [6, 3], [1, 5], [3, 1], [8, 2]]
2026-03-23 20:52:11,783 - INFO - episode:378 totalReward:-100 Actions:[[6, 0], [9, 2], [1, 2], [8, 1], [5, 3], [3, 3], [2, 4], [0, 5], [4, 3], [7, 3]]
2026-03-23 20:52:11,812 - INFO - episode:379 totalReward:-100 Actions:[[8, 3], [1, 2], [7, 2], [5, 4], [2, 1], [9, 4], [0, 5], [4, 1], [3, 4], [6, 5]]
2026-03-23 20:52:11,877 - INFO - episode:380 totalReward:-100 Actions:[[2, 0]]
2026-03-23 20:52:11,895 - INFO - episode:381 totalReward:348.09331734945266 Actions:[[2, 0], [4, 5], [1, 4], [0, 5], [6, 1], [7, 4], [8, 2], [5, 1], [3, 3], [9, 0]]
2026-03-23 20:52:11,927 - INFO - episode:382 totalReward:205.85170195384998 Actions:[[3, 3], [8, 2], [6, 0], [5, 4], [9, 3], [0, 3], [4, 4], [7, 3], [1, 0], [2, 1]]
2026-03-23 20:52:11,953 - INFO - episode:383 totalReward:182.57575470708252 Actions:[[5, 3], [8, 2], [9, 5], [0, 0], [1, 4], [3, 4], [7, 0], [2, 3], [4, 1], [6, 0]]
2026-03-23 20:52:12,011 - INFO - episode:384 totalReward:-100 Actions:[[9, 4], [2, 5], [5, 1], [1, 3], [0, 4], [4, 4], [3, 4], [7, 2], [8, 0], [6, 2]]
2026-03-23 20:52:12,067 - INFO - episode:385 totalReward:-100 Actions:[[5, 5], [3, 4], [7, 4], [0, 5], [8, 2], [4, 0], [2, 0], [6, 5], [1, 1], [9, 3]]
2026-03-23 20:52:12,100 - INFO - episode:386 totalReward:-100 Actions:[[2, 0], [9, 4], [1, 2], [6, 3], [4, 0], [0, 1], [7, 4], [3, 1], [5, 4], [8, 5]]
2026-03-23 20:52:12,243 - INFO - episode:387 totalReward:-100 Actions:[[2, 0], [3, 2], [4, 5], [9, 5], [0, 3], [6, 4], [7, 3], [5, 2], [1, 4], [8, 1]]
2026-03-23 20:52:12,290 - INFO - episode:388 totalReward:536.984096696821 Actions:[[2, 0], [0, 5], [4, 4], [1, 5], [6, 3], [5, 4], [7, 4], [8, 2], [3, 4], [9, 1]]
2026-03-23 20:52:12,313 - INFO - episode:389 totalReward:-100 Actions:[[4, 5], [2, 0], [0, 2], [5, 0], [1, 2], [7, 5], [8, 3], [6, 5], [3, 1], [9, 1]]
2026-03-23 20:52:12,423 - INFO - episode:390 totalReward:-100 Actions:[[5, 3], [1, 1]]
2026-03-23 20:52:12,446 - INFO - episode:391 totalReward:-100 Actions:[[4, 2], [2, 2], [5, 2], [6, 4], [3, 5], [7, 4], [8, 0], [1, 3], [0, 3], [9, 5]]
2026-03-23 20:52:12,476 - INFO - episode:392 totalReward:-100 Actions:[[2, 0], [8, 1], [1, 3], [6, 3], [3, 4], [5, 0], [7, 5], [9, 5], [4, 0], [0, 2]]
2026-03-23 20:52:12,712 - INFO - episode:393 totalReward:-100 Actions:[[2, 0], [5, 2], [1, 3], [7, 3], [3, 1], [6, 1], [9, 5], [0, 5], [4, 1], [8, 4]]
2026-03-23 20:52:12,751 - INFO - episode:394 totalReward:-100 Actions:[[2, 0], [4, 5], [1, 1], [9, 1], [5, 4], [8, 3], [6, 0], [3, 2], [0, 0], [7, 5]]
2026-03-23 20:52:12,778 - INFO - episode:395 totalReward:0 Actions:[[2, 0], [0, 3], [1, 3], [6, 4], [3, 1], [5, 1], [9, 1], [4, 5], [7, 2]]
2026-03-23 20:52:12,808 - INFO - episode:396 totalReward:-100 Actions:[[2, 0], [5, 1], [7, 1], [3, 5], [8, 2], [9, 3], [1, 4], [0, 4], [6, 1], [4, 3]]
2026-03-23 20:52:12,841 - INFO - episode:397 totalReward:266.30246501584026 Actions:[[2, 4], [0, 4], [4, 4], [3, 0], [6, 1], [5, 1], [7, 5], [9, 4], [8, 2], [1, 0]]
2026-03-23 20:52:12,862 - INFO - episode:398 totalReward:-100 Actions:[[2, 0], [9, 5], [5, 3], [7, 4], [0, 5], [4, 1], [1, 1], [3, 3], [8, 2], [6, 0]]
2026-03-23 20:52:12,969 - INFO - episode:399 totalReward:-100 Actions:[[5, 3], [9, 4], [2, 4], [7, 4], [1, 3], [4, 5], [6, 2], [3, 2], [0, 0], [8, 1]]
2026-03-23 20:52:13,135 - INFO - episode:400 totalReward:-100 Actions:[[9, 4]]
2026-03-23 20:52:13,169 - INFO - episode:401 totalReward:-100 Actions:[[7, 4], [5, 5], [3, 5], [0, 5], [8, 2], [9, 3], [4, 0], [1, 1], [6, 3], [2, 5]]
2026-03-23 20:52:13,189 - INFO - episode:402 totalReward:-100 Actions:[[2, 0], [5, 3], [1, 1], [7, 1], [8, 4], [9, 0], [6, 0], [0, 5], [4, 0], [3, 2]]
2026-03-23 20:52:13,227 - INFO - episode:403 totalReward:-100 Actions:[[5, 3], [1, 1], [4, 4], [2, 4], [3, 1], [6, 0], [9, 3], [0, 3], [7, 3], [8, 5]]
2026-03-23 20:52:13,286 - INFO - episode:404 totalReward:-100 Actions:[[2, 0], [5, 3], [3, 4], [1, 1], [6, 0], [9, 5], [4, 0], [7, 4], [0, 0], [8, 2]]
2026-03-23 20:52:13,333 - INFO - episode:405 totalReward:115.00040357924927 Actions:[[9, 2], [2, 0], [5, 3], [1, 2], [6, 4], [0, 4], [4, 1], [3, 1], [8, 5], [7, 4]]
2026-03-23 20:52:13,380 - INFO - episode:406 totalReward:224.99282647508417 Actions:[[2, 3], [0, 5], [5, 2], [3, 5], [4, 3], [6, 0], [7, 5], [9, 5], [1, 2], [8, 4]]
2026-03-23 20:52:13,404 - INFO - episode:407 totalReward:-100 Actions:[[2, 0], [3, 4], [4, 4], [7, 4], [9, 0], [6, 2], [0, 0], [8, 5], [5, 4], [1, 2]]
2026-03-23 20:52:13,424 - INFO - episode:408 totalReward:-100 Actions:[[3, 5], [4, 4], [0, 5], [8, 0], [5, 2], [6, 2], [9, 1], [7, 2], [1, 3], [2, 5]]
2026-03-23 20:52:13,484 - INFO - episode:409 totalReward:314.58955885224026 Actions:[[4, 5], [3, 5], [0, 5], [7, 4], [6, 2], [1, 1], [9, 3], [2, 1], [5, 4], [8, 0]]
2026-03-23 20:52:13,520 - INFO - episode:410 totalReward:-100 Actions:[[2, 0], [6, 4]]
2026-03-23 20:52:13,555 - INFO - episode:411 totalReward:207.69020970770268 Actions:[[3, 2], [5, 2], [8, 3], [7, 2], [0, 2], [6, 1], [2, 5], [9, 5], [4, 5], [1, 4]]
2026-03-23 20:52:13,595 - INFO - episode:412 totalReward:-100 Actions:[[2, 0], [9, 0], [3, 0], [6, 5], [1, 1], [4, 0], [5, 2], [7, 2], [0, 4], [8, 3]]
2026-03-23 20:52:13,636 - INFO - episode:413 totalReward:-100 Actions:[[2, 0], [8, 1], [4, 0], [0, 4], [3, 3], [6, 0], [5, 5], [9, 5], [7, 0], [1, 4]]
2026-03-23 20:52:13,702 - INFO - episode:414 totalReward:190.61652456432608 Actions:[[9, 4], [1, 4], [8, 1], [4, 2], [7, 2], [0, 2], [3, 0], [6, 2], [2, 5], [5, 0]]
2026-03-23 20:52:13,722 - INFO - episode:415 totalReward:-100 Actions:[[9, 4], [5, 2], [4, 4], [2, 4], [3, 4], [0, 2], [8, 1], [6, 2], [7, 5], [1, 5]]
2026-03-23 20:52:13,769 - INFO - episode:416 totalReward:-100 Actions:[[9, 4], [6, 3], [4, 4], [2, 4], [3, 4], [0, 5], [1, 1], [7, 3], [8, 0], [5, 3]]
2026-03-23 20:52:13,807 - INFO - episode:417 totalReward:-100 Actions:[[9, 4], [1, 5], [7, 4], [0, 5], [3, 2], [8, 0], [4, 3], [2, 2], [6, 4], [5, 1]]
2026-03-23 20:52:13,832 - INFO - episode:418 totalReward:-100 Actions:[[6, 5], [8, 4], [0, 5], [1, 2], [9, 5], [5, 2], [3, 1], [2, 3], [4, 1], [7, 1]]
2026-03-23 20:52:13,885 - INFO - episode:419 totalReward:-100 Actions:[[2, 0], [3, 5], [9, 5], [4, 4], [0, 5], [5, 5], [1, 4], [7, 1], [8, 3], [6, 1]]
2026-03-23 20:52:13,938 - INFO - episode:420 totalReward:352.0434841786498 Actions:[[2, 0], [5, 3], [1, 1], [7, 1], [0, 0]]
2026-03-23 20:52:13,958 - INFO - episode:421 totalReward:440.6585212352091 Actions:[[5, 0], [3, 2], [2, 2], [6, 3], [4, 3], [0, 3], [9, 1], [7, 3], [8, 5], [1, 0]]
2026-03-23 20:52:14,022 - INFO - episode:422 totalReward:-100 Actions:[[8, 0], [5, 3], [2, 1], [1, 1], [0, 3], [9, 5], [7, 4], [4, 3], [3, 4], [6, 4]]
2026-03-23 20:52:14,059 - INFO - episode:423 totalReward:131.35596181067285 Actions:[[5, 1], [9, 1], [7, 1], [0, 1], [4, 4], [8, 0], [6, 2], [1, 3], [2, 5], [3, 4]]
2026-03-23 20:52:14,128 - INFO - episode:424 totalReward:-100 Actions:[[5, 1], [2, 4], [3, 1], [6, 4], [7, 3], [9, 0], [0, 4], [1, 0], [8, 5], [4, 2]]
2026-03-23 20:52:14,146 - INFO - episode:425 totalReward:448.8117008088481 Actions:[[5, 1], [3, 5], [7, 4], [4, 4], [0, 5], [1, 3], [9, 2], [2, 4], [8, 0], [6, 4]]
2026-03-23 20:52:14,174 - INFO - episode:426 totalReward:-100 Actions:[[2, 0], [9, 3], [1, 3], [7, 0], [4, 5], [5, 4], [3, 4], [6, 4], [0, 4], [8, 2]]
2026-03-23 20:52:14,243 - INFO - episode:427 totalReward:-100 Actions:[[9, 4], [1, 4], [0, 1], [2, 5], [4, 3], [5, 1], [3, 3], [7, 3], [6, 1], [8, 0]]
2026-03-23 20:52:14,281 - INFO - episode:428 totalReward:-100 Actions:[[7, 3], [1, 3], [6, 5], [8, 0], [3, 2], [9, 2], [5, 2], [2, 2], [4, 5], [0, 4]]
2026-03-23 20:52:14,326 - INFO - episode:429 totalReward:-100 Actions:[[2, 0], [3, 5], [6, 0], [9, 5], [4, 4], [5, 0], [0, 1], [1, 1], [7, 2], [8, 3]]
2026-03-23 20:52:14,368 - INFO - episode:430 totalReward:-100 Actions:[[2, 4], [5, 0]]
2026-03-23 20:52:14,388 - INFO - episode:431 totalReward:-100 Actions:[[2, 4], [9, 3], [3, 2], [4, 2], [8, 5], [6, 0], [7, 1], [1, 4], [0, 2], [5, 1]]
2026-03-23 20:52:14,420 - INFO - episode:432 totalReward:355.1845465763578 Actions:[[2, 4], [3, 2], [4, 2], [8, 1], [5, 0], [0, 3], [6, 0], [7, 3], [9, 5], [1, 5]]
2026-03-23 20:52:14,476 - INFO - episode:433 totalReward:-100 Actions:[[2, 4], [5, 0], [1, 3], [6, 0], [8, 1], [9, 4], [0, 0], [4, 0], [3, 3], [7, 5]]
2026-03-23 20:52:14,507 - INFO - episode:434 totalReward:-100 Actions:[[5, 2], [6, 2], [9, 3], [1, 3], [8, 4], [4, 2], [0, 2], [7, 0], [3, 5], [2, 5]]
2026-03-23 20:52:14,564 - INFO - episode:435 totalReward:-100 Actions:[[9, 5], [3, 5], [0, 5], [1, 1], [7, 5], [5, 2], [4, 2], [6, 2], [8, 3], [2, 2]]
2026-03-23 20:52:14,603 - INFO - episode:436 totalReward:-100 Actions:[[2, 0], [9, 5], [5, 0], [3, 2], [6, 5], [8, 3], [7, 5], [0, 0], [1, 1], [4, 1]]
2026-03-23 20:52:14,659 - INFO - episode:437 totalReward:549.7317436098248 Actions:[[2, 0], [9, 1], [5, 0], [7, 1], [3, 1], [0, 0], [4, 0], [8, 2], [6, 4], [1, 5]]
2026-03-23 20:52:14,680 - INFO - episode:438 totalReward:-100 Actions:[[5, 2], [6, 1], [2, 4], [9, 4], [3, 4], [7, 0], [1, 2], [0, 5], [8, 3], [4, 1]]
2026-03-23 20:52:14,742 - INFO - episode:439 totalReward:-100 Actions:[[5, 2], [0, 3], [2, 2], [3, 4], [4, 2], [8, 5], [7, 4], [9, 0], [6, 3], [1, 0]]
2026-03-23 20:52:14,789 - INFO - episode:440 totalReward:-100 Actions:[[9, 4]]
2026-03-23 20:52:14,839 - INFO - episode:441 totalReward:-100 Actions:[[9, 2], [2, 2], [0, 5], [1, 3], [6, 1], [4, 4], [3, 4], [5, 2], [7, 1], [8, 0]]
2026-03-23 20:52:14,911 - INFO - episode:442 totalReward:-100 Actions:[[9, 4], [4, 3], [2, 4], [3, 0], [6, 0], [7, 4], [8, 1], [5, 4], [1, 3], [0, 0]]
2026-03-23 20:52:14,968 - INFO - episode:443 totalReward:-100 Actions:[[2, 4], [6, 1], [3, 1], [0, 3], [1, 5], [9, 0], [4, 5], [7, 0], [5, 1], [8, 2]]
2026-03-23 20:52:15,006 - INFO - episode:444 totalReward:637.1465577850923 Actions:[[7, 0], [2, 0], [6, 2], [3, 0], [9, 4], [5, 4], [0, 0], [8, 5], [4, 1], [1, 1]]
2026-03-23 20:52:15,046 - INFO - episode:445 totalReward:306.891709954286 Actions:[[2, 0], [5, 4], [9, 2], [6, 5], [4, 4], [3, 4], [1, 2], [7, 4], [0, 5], [8, 1]]
2026-03-23 20:52:15,089 - INFO - episode:446 totalReward:0 Actions:[[2, 4], [0, 5], [3, 2], [4, 5], [5, 1], [6, 4], [1, 1], [7, 0], [9, 3]]
2026-03-23 20:52:15,135 - INFO - episode:447 totalReward:-100 Actions:[[2, 4], [7, 4], [4, 4], [6, 0], [8, 3], [9, 4], [3, 2], [5, 0], [1, 2], [0, 0]]
2026-03-23 20:52:15,162 - INFO - episode:448 totalReward:-100 Actions:[[2, 4], [4, 5], [9, 3], [1, 0], [5, 4], [7, 4], [6, 4], [0, 2], [3, 3], [8, 1]]
2026-03-23 20:52:15,234 - INFO - episode:449 totalReward:302.6269381798526 Actions:[[4, 5], [5, 1], [6, 1], [3, 2], [1, 4], [9, 1], [2, 2], [0, 5], [7, 4], [8, 3]]
2026-03-23 20:52:15,271 - INFO - episode:450 totalReward:-100 Actions:[[4, 5]]
2026-03-23 20:52:15,301 - INFO - episode:451 totalReward:560.9288455951786 Actions:[[4, 5], [6, 1], [3, 5], [1, 4], [0, 5], [2, 0], [9, 0], [5, 4], [8, 3], [7, 5]]
2026-03-23 20:52:15,321 - INFO - episode:452 totalReward:0 Actions:[[4, 3], [5, 1], [1, 2], [3, 3], [2, 5], [7, 3], [9, 5], [6, 4], [0, 0]]
2026-03-23 20:52:15,349 - INFO - episode:453 totalReward:-100 Actions:[[5, 2], [3, 2], [4, 2], [1, 3], [0, 3], [6, 1], [8, 4], [7, 5], [9, 1], [2, 1]]
2026-03-23 20:52:15,392 - INFO - episode:454 totalReward:438.5372072640111 Actions:[[5, 1], [4, 0], [7, 1], [8, 2], [2, 1], [3, 1], [0, 0], [6, 5], [1, 3], [9, 5]]
2026-03-23 20:52:15,456 - INFO - episode:455 totalReward:-100 Actions:[[5, 1], [4, 0], [7, 1], [6, 3], [1, 5], [0, 2], [2, 0], [9, 5], [3, 3], [8, 4]]
2026-03-23 20:52:15,489 - INFO - episode:456 totalReward:-100 Actions:[[1, 3], [9, 4], [0, 1], [3, 4], [6, 0], [4, 3], [2, 1], [7, 1], [8, 2], [5, 4]]
2026-03-23 20:52:15,519 - INFO - episode:457 totalReward:-100 Actions:[[1, 4], [4, 4], [2, 0], [3, 1], [8, 3], [6, 0], [0, 1], [5, 0], [7, 0], [9, 2]]
2026-03-23 20:52:15,568 - INFO - episode:458 totalReward:373.2420091591396 Actions:[[9, 4], [3, 4], [4, 4], [0, 5], [5, 4], [6, 0], [2, 0], [8, 1], [7, 5], [1, 3]]
2026-03-23 20:52:15,604 - INFO - episode:459 totalReward:-100 Actions:[[4, 5], [5, 3], [1, 3], [2, 2], [8, 4], [9, 5], [7, 1], [6, 2], [0, 2], [3, 5]]
2026-03-23 20:52:15,626 - INFO - episode:460 totalReward:-100 Actions:[[5, 2]]
2026-03-23 20:52:15,671 - INFO - episode:461 totalReward:0 Actions:[[5, 2], [6, 5], [4, 4], [9, 5], [7, 4], [1, 2], [2, 0], [3, 3], [0, 1]]
2026-03-23 20:52:15,708 - INFO - episode:462 totalReward:-100 Actions:[[9, 3], [7, 1], [5, 4], [6, 3], [1, 4], [4, 3], [2, 0], [3, 3], [0, 2], [8, 5]]
2026-03-23 20:52:15,742 - INFO - episode:463 totalReward:444.8316344489566 Actions:[[2, 5], [9, 1], [3, 5], [4, 4], [0, 5], [6, 1], [7, 4], [1, 0], [8, 2], [5, 4]]
2026-03-23 20:52:15,775 - INFO - episode:464 totalReward:555.7376979068839 Actions:[[2, 5], [9, 4], [4, 4], [7, 4], [0, 5], [5, 5], [8, 0], [6, 5], [3, 4], [1, 2]]
2026-03-23 20:52:15,822 - INFO - episode:465 totalReward:-100 Actions:[[0, 2], [5, 2], [3, 2], [1, 0], [9, 4], [4, 5], [2, 3], [6, 4], [7, 3], [8, 1]]
2026-03-23 20:52:15,865 - INFO - episode:466 totalReward:209.02554937715098 Actions:[[2, 4], [3, 4], [7, 4], [5, 0], [4, 1], [9, 1], [6, 1], [8, 5], [0, 4], [1, 2]]
2026-03-23 20:52:15,975 - INFO - episode:467 totalReward:-100 Actions:[[1, 3], [4, 2], [0, 3], [5, 1], [9, 5], [2, 4], [7, 5], [6, 2], [3, 5], [8, 0]]
2026-03-23 20:52:16,045 - INFO - episode:468 totalReward:540.1266755155722 Actions:[[5, 2], [1, 2], [2, 4], [8, 3], [3, 5], [4, 4], [9, 5], [0, 4], [7, 4], [6, 5]]
2026-03-23 20:52:16,089 - INFO - episode:469 totalReward:-100 Actions:[[5, 2], [3, 2], [0, 0], [2, 1], [7, 5], [8, 4], [1, 0], [6, 1], [9, 5], [4, 3]]
2026-03-23 20:52:16,137 - INFO - episode:470 totalReward:-100 Actions:[[2, 4], [4, 5]]
2026-03-23 20:52:16,189 - INFO - episode:471 totalReward:-100 Actions:[[2, 4], [4, 5], [8, 1], [5, 4], [7, 3], [6, 3], [3, 2], [1, 2], [0, 5], [9, 4]]
2026-03-23 20:52:16,232 - INFO - episode:472 totalReward:-100 Actions:[[9, 4], [4, 5], [7, 0], [8, 2], [2, 4], [3, 4], [0, 1], [1, 1], [6, 3], [5, 4]]
2026-03-23 20:52:16,275 - INFO - episode:473 totalReward:-100 Actions:[[5, 3], [8, 2], [9, 1], [1, 4], [3, 4], [0, 5], [4, 0], [2, 0], [6, 3], [7, 1]]
2026-03-23 20:52:16,344 - INFO - episode:474 totalReward:-100 Actions:[[2, 5], [1, 4], [0, 5], [6, 1], [9, 2], [3, 2], [4, 4], [5, 2], [7, 2], [8, 0]]
2026-03-23 20:52:16,415 - INFO - episode:475 totalReward:535.3805060640499 Actions:[[2, 5], [5, 1], [6, 1], [7, 4], [0, 5], [4, 4], [9, 5], [1, 3], [3, 4], [8, 0]]
2026-03-23 20:52:16,550 - INFO - episode:476 totalReward:-100 Actions:[[6, 3], [5, 1], [9, 0], [0, 1], [4, 5], [3, 4], [7, 4], [1, 3], [2, 0], [8, 2]]
2026-03-23 20:52:16,585 - INFO - episode:477 totalReward:0 Actions:[[2, 0], [6, 3], [0, 2], [4, 5], [1, 5], [3, 1], [7, 0], [9, 0], [5, 4]]
2026-03-23 20:52:16,617 - INFO - episode:478 totalReward:-100 Actions:[[2, 0], [4, 2], [5, 5], [1, 5], [6, 2], [0, 1], [8, 3], [7, 0], [9, 0], [3, 2]]
2026-03-23 20:52:16,673 - INFO - episode:479 totalReward:-100 Actions:[[2, 0], [5, 5], [7, 1], [1, 5], [6, 4], [4, 3], [3, 4], [0, 0], [8, 2], [9, 3]]
2026-03-23 20:52:16,700 - INFO - episode:480 totalReward:-100 Actions:[[2, 0]]
2026-03-23 20:52:16,747 - INFO - episode:481 totalReward:-100 Actions:[[7, 5], [2, 0], [6, 0], [8, 2], [9, 5], [0, 5], [4, 0], [5, 5], [1, 1], [3, 3]]
2026-03-23 20:52:16,775 - INFO - episode:482 totalReward:-100 Actions:[[2, 0], [6, 0], [1, 5], [5, 4], [9, 4], [0, 5], [7, 2], [8, 3], [3, 1], [4, 1]]
2026-03-23 20:52:16,870 - INFO - episode:483 totalReward:-100 Actions:[[5, 1], [0, 0], [3, 0], [8, 3], [6, 2], [7, 4], [4, 4], [9, 1], [2, 2], [1, 5]]
2026-03-23 20:52:16,896 - INFO - episode:484 totalReward:0 Actions:[[5, 1], [9, 5], [2, 4], [1, 1], [3, 2], [6, 2], [0, 0], [4, 2], [7, 3]]
2026-03-23 20:52:16,925 - INFO - episode:485 totalReward:-100 Actions:[[2, 4], [4, 5], [9, 2], [6, 4], [3, 5], [0, 5], [8, 0], [5, 1], [1, 3], [7, 3]]
2026-03-23 20:52:16,963 - INFO - episode:486 totalReward:346.4747985477727 Actions:[[4, 5], [5, 2], [6, 5], [8, 0], [3, 5], [7, 5], [2, 1], [0, 4], [9, 1], [1, 3]]
2026-03-23 20:52:17,038 - INFO - episode:487 totalReward:-100 Actions:[[4, 5], [5, 2], [1, 4], [2, 1], [6, 4], [7, 1], [9, 5], [0, 5], [8, 0], [3, 5]]
2026-03-23 20:52:17,073 - INFO - episode:488 totalReward:-100 Actions:[[4, 5], [2, 5], [0, 5], [9, 4], [8, 2], [6, 5], [5, 3], [3, 1], [7, 3], [1, 4]]
2026-03-23 20:52:17,148 - INFO - episode:489 totalReward:-100 Actions:[[0, 3], [2, 4], [5, 2], [3, 4], [1, 2], [4, 3], [7, 5], [6, 0], [9, 3], [8, 1]]
2026-03-23 20:52:17,188 - INFO - episode:490 totalReward:-100 Actions:[[2, 4]]
2026-03-23 20:52:17,248 - INFO - episode:491 totalReward:365.61715210028257 Actions:[[2, 4], [7, 1], [0, 0], [9, 4], [4, 0], [8, 3], [6, 0], [5, 5], [3, 0], [1, 2]]
2026-03-23 20:52:17,279 - INFO - episode:492 totalReward:-100 Actions:[[4, 5], [5, 1], [1, 3], [6, 3], [3, 5], [0, 0], [7, 5], [2, 0], [9, 5], [8, 4]]
2026-03-23 20:52:17,341 - INFO - episode:493 totalReward:-100 Actions:[[4, 5], [9, 3], [1, 3], [5, 2], [0, 2], [3, 4], [7, 2], [8, 1], [2, 4], [6, 2]]
2026-03-23 20:52:17,379 - INFO - episode:494 totalReward:-100 Actions:[[8, 3], [6, 5], [1, 5], [5, 1], [9, 0], [3, 4], [7, 1], [2, 1], [4, 1], [0, 2]]
2026-03-23 20:52:17,476 - INFO - episode:495 totalReward:-100 Actions:[[5, 2], [1, 2], [6, 1], [8, 4], [7, 0], [4, 1], [0, 3], [9, 1], [3, 1], [2, 5]]
2026-03-23 20:52:17,583 - INFO - episode:496 totalReward:-100 Actions:[[5, 2], [4, 0], [3, 5], [1, 4], [0, 5], [2, 5], [9, 5], [7, 2], [6, 0], [8, 3]]
2026-03-23 20:52:17,646 - INFO - episode:497 totalReward:122.0783949987819 Actions:[[2, 5], [8, 0], [9, 2], [5, 3], [1, 2], [0, 1], [4, 4], [6, 5], [7, 1], [3, 5]]
2026-03-23 20:52:17,845 - INFO - episode:498 totalReward:420.13547813830365 Actions:[[4, 5], [5, 2], [9, 0], [2, 4], [1, 1], [0, 4], [3, 4], [6, 0], [7, 4], [8, 3]]
2026-03-23 20:52:17,898 - INFO - episode:499 totalReward:-100 Actions:[[4, 5], [6, 4], [8, 1], [2, 4], [0, 2], [5, 2], [1, 0], [3, 5], [7, 3], [9, 0]]
2026-03-23 20:52:17,969 - INFO - episode:500 totalReward:-100 Actions:[[2, 5]]
2026-03-23 20:52:18,019 - INFO - episode:501 totalReward:-100 Actions:[[2, 5], [8, 1], [5, 5], [1, 3], [9, 0], [7, 5], [3, 2], [6, 2], [0, 3], [4, 5]]
2026-03-23 20:52:18,044 - INFO - episode:502 totalReward:-100 Actions:[[5, 1], [1, 0], [7, 1], [4, 3], [9, 1], [2, 4], [0, 1], [8, 2], [6, 0], [3, 4]]
2026-03-23 20:52:18,161 - INFO - episode:503 totalReward:-100 Actions:[[5, 1], [3, 4], [9, 3], [4, 1], [6, 0], [2, 1], [0, 2], [1, 4], [7, 2], [8, 5]]
2026-03-23 20:52:18,198 - INFO - episode:504 totalReward:-100 Actions:[[2, 0], [9, 0], [4, 0], [3, 0], [7, 1], [1, 3], [8, 5], [6, 4], [5, 4], [0, 2]]
2026-03-23 20:52:18,243 - INFO - episode:505 totalReward:170.78623443717566 Actions:[[2, 0], [4, 5], [9, 3], [7, 5], [1, 2], [8, 1], [5, 5], [6, 2], [0, 5], [3, 3]]
2026-03-23 20:52:18,311 - INFO - episode:506 totalReward:192.2107100583736 Actions:[[2, 0], [9, 5], [3, 5], [0, 5], [5, 3], [7, 5], [4, 3], [6, 3], [1, 0], [8, 4]]
2026-03-23 20:52:18,364 - INFO - episode:507 totalReward:-100 Actions:[[9, 4], [3, 2], [5, 1], [0, 2], [6, 3], [1, 1], [2, 0], [4, 4], [7, 3], [8, 5]]
2026-03-23 20:52:18,393 - INFO - episode:508 totalReward:-100 Actions:[[5, 1], [7, 1], [4, 1], [2, 0], [0, 4], [3, 5], [6, 1], [8, 3], [9, 0], [1, 4]]
2026-03-23 20:52:18,436 - INFO - episode:509 totalReward:203.18086320712632 Actions:[[5, 1], [9, 2], [2, 1], [7, 5], [3, 0], [0, 4], [8, 3], [6, 5], [4, 5], [1, 2]]
2026-03-23 20:52:18,512 - INFO - episode:510 totalReward:-100 Actions:[[2, 5]]
2026-03-23 20:52:18,553 - INFO - episode:511 totalReward:-100 Actions:[[3, 3], [5, 4], [2, 0], [0, 3], [4, 3], [6, 0], [7, 5], [9, 2], [8, 1], [1, 5]]
2026-03-23 20:52:18,613 - INFO - episode:512 totalReward:-100 Actions:[[2, 5], [7, 0], [9, 1], [3, 0], [1, 1], [6, 5], [0, 0], [5, 5], [8, 2], [4, 5]]
2026-03-23 20:52:18,642 - INFO - episode:513 totalReward:-100 Actions:[[2, 5], [1, 3], [8, 2], [6, 1], [5, 3], [0, 5], [7, 0], [4, 1], [9, 0], [3, 0]]
2026-03-23 20:52:18,668 - INFO - episode:514 totalReward:-100 Actions:[[6, 1], [7, 0], [2, 5], [5, 0], [3, 0], [4, 4], [0, 3], [9, 0], [8, 2], [1, 3]]
2026-03-23 20:52:18,701 - INFO - episode:515 totalReward:-100 Actions:[[6, 1], [3, 5], [7, 0], [5, 5], [9, 5], [0, 5], [2, 0], [4, 4], [1, 3], [8, 2]]
2026-03-23 20:52:18,722 - INFO - episode:516 totalReward:230.35296897944178 Actions:[[8, 3], [6, 1], [4, 0], [0, 1], [9, 0], [2, 4], [3, 4], [7, 1], [5, 4], [1, 2]]
2026-03-23 20:52:18,747 - INFO - episode:517 totalReward:-100 Actions:[[2, 5], [6, 3], [4, 2], [7, 0], [1, 2], [3, 3], [5, 0], [8, 4], [0, 0], [9, 5]]
2026-03-23 20:52:18,833 - INFO - episode:518 totalReward:-100 Actions:[[2, 5], [4, 3], [6, 1], [7, 0], [9, 4], [3, 5], [0, 3], [5, 4], [1, 1], [8, 2]]
2026-03-23 20:52:18,861 - INFO - episode:519 totalReward:-100 Actions:[[2, 5], [4, 3], [6, 3], [0, 0], [3, 3], [1, 2], [9, 3], [8, 4], [5, 0], [7, 5]]
2026-03-23 20:52:18,888 - INFO - episode:520 totalReward:0 Actions:[[5, 2]]
2026-03-23 20:52:18,918 - INFO - episode:521 totalReward:-100 Actions:[[5, 2], [8, 4], [3, 0], [2, 3], [6, 0], [1, 1], [9, 3], [4, 2], [7, 3], [0, 0]]
2026-03-23 20:52:19,037 - INFO - episode:522 totalReward:443.14948482004814 Actions:[[5, 1], [4, 1], [0, 1], [2, 0], [3, 1], [9, 3], [1, 4], [7, 0], [6, 5], [8, 2]]
2026-03-23 20:52:19,066 - INFO - episode:523 totalReward:306.891709954286 Actions:[[5, 1], [6, 0], [3, 1], [7, 1], [0, 0], [9, 2], [4, 1], [1, 2], [2, 5], [8, 3]]
2026-03-23 20:52:19,114 - INFO - episode:524 totalReward:-100 Actions:[[4, 5], [8, 0], [3, 3], [7, 4], [1, 2], [0, 1], [2, 2], [5, 3], [9, 1], [6, 5]]
2026-03-23 20:52:19,159 - INFO - episode:525 totalReward:190.50653315506565 Actions:[[4, 5], [8, 0], [3, 3], [0, 5], [1, 2], [9, 1], [7, 5], [5, 5], [2, 2], [6, 4]]
2026-03-23 20:52:19,247 - INFO - episode:526 totalReward:-100 Actions:[[4, 5], [8, 1], [3, 4], [6, 4], [5, 4], [1, 2], [2, 4], [9, 0], [7, 5], [0, 3]]
2026-03-23 20:52:19,292 - INFO - episode:527 totalReward:-100 Actions:[[4, 5], [8, 0], [2, 5], [9, 2], [5, 3], [3, 2], [0, 1], [6, 4], [1, 3], [7, 5]]
2026-03-23 20:52:19,325 - INFO - episode:528 totalReward:-100 Actions:[[4, 5], [2, 5], [7, 1], [0, 3], [3, 4], [1, 0], [5, 5], [8, 2], [6, 1], [9, 0]]
2026-03-23 20:52:19,345 - INFO - episode:529 totalReward:0 Actions:[[2, 5], [3, 5], [0, 5], [6, 4], [9, 0], [4, 4], [7, 3], [5, 1], [1, 2]]
2026-03-23 20:52:19,407 - INFO - episode:530 totalReward:-100 Actions:[[5, 2], [6, 2]]
2026-03-23 20:52:19,447 - INFO - episode:531 totalReward:-100 Actions:[[5, 2], [7, 5], [9, 1], [6, 2], [4, 4], [2, 4], [1, 3], [0, 2], [8, 0], [3, 4]]
2026-03-23 20:52:19,465 - INFO - episode:532 totalReward:-100 Actions:[[5, 2], [9, 1], [3, 4], [0, 5], [2, 4], [6, 5], [4, 4], [7, 0], [1, 2], [8, 3]]
2026-03-23 20:52:19,519 - INFO - episode:533 totalReward:0 Actions:[[5, 2], [2, 5], [9, 2], [3, 0], [6, 4], [7, 0], [1, 4], [0, 1], [4, 3]]
2026-03-23 20:52:19,666 - INFO - episode:534 totalReward:-100 Actions:[[5, 4], [4, 4], [9, 3], [2, 4], [3, 3], [6, 3], [0, 4], [1, 2], [7, 0], [8, 5]]
2026-03-23 20:52:19,703 - INFO - episode:535 totalReward:-100 Actions:[[4, 5], [3, 2], [7, 5], [0, 3], [8, 0], [9, 5], [5, 5], [1, 1], [6, 2], [2, 1]]
2026-03-23 20:52:19,842 - INFO - episode:536 totalReward:428.6064006582281 Actions:[[6, 1], [9, 4], [1, 1], [5, 5], [3, 2], [2, 3], [0, 3], [4, 2], [7, 3], [8, 0]]
2026-03-23 20:52:19,868 - INFO - episode:537 totalReward:0 Actions:[[2, 5], [7, 5], [0, 5], [5, 0], [4, 4], [1, 1], [3, 3], [6, 2], [9, 4]]
2026-03-23 20:52:19,911 - INFO - episode:538 totalReward:-100 Actions:[[2, 5], [3, 0], [0, 3], [6, 0], [1, 1], [5, 1], [9, 0], [4, 0], [7, 4], [8, 2]]
2026-03-23 20:52:19,957 - INFO - episode:539 totalReward:-100 Actions:[[2, 5], [8, 2], [4, 5], [9, 1], [0, 0], [5, 1], [6, 1], [7, 4], [1, 3], [3, 4]]
2026-03-23 20:52:20,001 - INFO - episode:540 totalReward:-100 Actions:[[5, 3]]
2026-03-23 20:52:20,021 - INFO - episode:541 totalReward:0 Actions:[[5, 3], [9, 1], [2, 1], [1, 4], [3, 1], [0, 0], [4, 1], [7, 5], [6, 2]]
2026-03-23 20:52:20,038 - INFO - episode:542 totalReward:-100 Actions:[[5, 2], [7, 4], [4, 5], [3, 3], [8, 0], [1, 2], [6, 3], [9, 4], [0, 3], [2, 4]]
2026-03-23 20:52:20,126 - INFO - episode:543 totalReward:-100 Actions:[[5, 2], [9, 2], [2, 2], [4, 1], [7, 3], [0, 2], [1, 0], [3, 3], [6, 1], [8, 4]]
2026-03-23 20:52:20,181 - INFO - episode:544 totalReward:241.24061599466063 Actions:[[6, 2], [5, 2], [2, 2], [4, 5], [3, 2], [7, 4], [0, 4], [1, 0], [8, 1], [9, 4]]
2026-03-23 20:52:20,246 - INFO - episode:545 totalReward:549.7317436098248 Actions:[[9, 5], [2, 5], [0, 5], [8, 3], [7, 5], [1, 0], [5, 4], [3, 4], [6, 1], [4, 4]]
2026-03-23 20:52:20,280 - INFO - episode:546 totalReward:-100 Actions:[[2, 5], [8, 0], [3, 2], [5, 3], [1, 2], [7, 4], [0, 4], [6, 1], [9, 5], [4, 3]]
2026-03-23 20:52:20,309 - INFO - episode:547 totalReward:440.6585212352091 Actions:[[4, 5], [8, 2], [5, 1], [3, 5], [1, 1], [2, 4], [7, 4], [6, 4], [9, 3], [0, 4]]
2026-03-23 20:52:20,373 - INFO - episode:548 totalReward:-100 Actions:[[7, 3], [2, 0], [6, 1], [9, 0], [3, 0], [4, 2], [1, 2], [0, 0], [5, 4], [8, 5]]
2026-03-23 20:52:20,529 - INFO - episode:549 totalReward:-100 Actions:[[4, 5], [6, 1], [3, 5], [2, 5], [1, 2], [5, 3], [7, 5], [9, 4], [0, 1], [8, 0]]
2026-03-23 20:52:20,607 - INFO - episode:550 totalReward:-100 Actions:[[5, 2]]
2026-03-23 20:52:20,651 - INFO - episode:551 totalReward:-100 Actions:[[5, 2], [3, 0], [7, 5], [1, 3], [4, 1], [9, 2], [8, 4], [6, 3], [0, 2], [2, 1]]
2026-03-23 20:52:20,738 - INFO - episode:552 totalReward:-100 Actions:[[2, 5], [8, 4], [0, 5], [4, 3], [5, 2], [7, 0], [9, 5], [3, 3], [6, 5], [1, 2]]
2026-03-23 20:52:20,858 - INFO - episode:553 totalReward:-100 Actions:[[2, 5], [9, 5], [0, 5], [1, 4], [3, 3], [7, 2], [5, 2], [6, 5], [4, 0], [8, 1]]
2026-03-23 20:52:20,918 - INFO - episode:554 totalReward:-100 Actions:[[2, 5], [0, 0], [8, 1], [4, 4], [9, 2], [5, 4], [1, 0], [6, 2], [3, 3], [7, 2]]
2026-03-23 20:52:21,006 - INFO - episode:555 totalReward:351.04568029936166 Actions:[[2, 5], [6, 1], [5, 5], [1, 4], [0, 5], [3, 2], [9, 0], [4, 5], [7, 4], [8, 3]]
2026-03-23 20:52:21,058 - INFO - episode:556 totalReward:348.8800410149948 Actions:[[2, 4], [7, 5], [4, 5], [8, 2], [6, 5], [1, 4], [0, 5], [9, 0], [5, 3], [3, 3]]
2026-03-23 20:52:21,081 - INFO - episode:557 totalReward:122.62022901839235 Actions:[[9, 5], [2, 5], [7, 2], [5, 2], [3, 1], [6, 4], [4, 4], [8, 3], [1, 1], [0, 2]]
2026-03-23 20:52:21,120 - INFO - episode:558 totalReward:-100 Actions:[[3, 5], [2, 5], [9, 5], [0, 5], [8, 2], [1, 3], [4, 1], [6, 1], [7, 0], [5, 1]]
2026-03-23 20:52:21,222 - INFO - episode:559 totalReward:-100 Actions:[[2, 0], [7, 5], [6, 0], [0, 3], [1, 2], [5, 3], [3, 4], [4, 2], [9, 0], [8, 1]]
2026-03-23 20:52:21,369 - INFO - episode:560 totalReward:-100 Actions:[[6, 2]]
2026-03-23 20:52:21,417 - INFO - episode:561 totalReward:345.40272488122974 Actions:[[4, 2], [6, 2], [5, 3], [3, 3], [0, 2], [9, 4], [7, 3], [1, 4], [8, 1], [2, 5]]
2026-03-23 20:52:21,461 - INFO - episode:562 totalReward:0 Actions:[[6, 2], [2, 5], [1, 0], [9, 3], [4, 4], [0, 0], [3, 1], [7, 2], [5, 5]]
2026-03-23 20:52:21,598 - INFO - episode:563 totalReward:-100 Actions:[[6, 2], [5, 4], [9, 4], [4, 4], [3, 4], [7, 0], [0, 2], [2, 2], [1, 1], [8, 5]]
2026-03-23 20:52:21,622 - INFO - episode:564 totalReward:0 Actions:[[5, 1], [3, 0], [7, 1], [0, 2], [6, 5], [1, 5], [4, 4], [9, 3], [2, 0]]
2026-03-23 20:52:21,686 - INFO - episode:565 totalReward:-100 Actions:[[2, 0], [3, 1], [7, 1], [4, 5], [5, 1], [9, 0], [0, 0], [8, 2], [6, 0], [1, 5]]
2026-03-23 20:52:21,704 - INFO - episode:566 totalReward:-100 Actions:[[0, 1], [5, 1], [9, 4], [4, 5], [7, 1], [3, 0], [6, 1], [2, 3], [8, 2], [1, 5]]
2026-03-23 20:52:21,729 - INFO - episode:567 totalReward:-100 Actions:[[5, 2], [9, 2], [6, 1], [0, 2], [3, 5], [2, 0], [7, 2], [8, 4], [1, 5], [4, 1]]
2026-03-23 20:52:21,774 - INFO - episode:568 totalReward:459.48129566181564 Actions:[[9, 0], [5, 4], [3, 5], [4, 5], [6, 4], [0, 5], [8, 2], [1, 3], [2, 5], [7, 4]]
2026-03-23 20:52:21,837 - INFO - episode:569 totalReward:104.63489005571486 Actions:[[4, 3], [3, 5], [8, 0], [5, 4], [2, 1], [7, 1], [0, 1], [6, 3], [9, 4], [1, 5]]
2026-03-23 20:52:21,862 - INFO - episode:570 totalReward:537.8376606148363 Actions:[[2, 5]]
2026-03-23 20:52:21,895 - INFO - episode:571 totalReward:-100 Actions:[[2, 5], [7, 2], [5, 2], [3, 2], [6, 3], [0, 4], [1, 4], [9, 1], [8, 0], [4, 2]]
2026-03-23 20:52:21,998 - INFO - episode:572 totalReward:-100 Actions:[[2, 5], [3, 0], [7, 1], [9, 5], [5, 2], [0, 5], [6, 2], [4, 1], [1, 4], [8, 3]]
2026-03-23 20:52:22,126 - INFO - episode:573 totalReward:-100 Actions:[[2, 0], [9, 1], [4, 0], [7, 1], [0, 2], [6, 3], [1, 2], [3, 1], [5, 4], [8, 5]]
2026-03-23 20:52:22,171 - INFO - episode:574 totalReward:-100 Actions:[[2, 0], [8, 5], [3, 3], [9, 0], [0, 0], [4, 0], [7, 2], [5, 2], [1, 3], [6, 4]]
2026-03-23 20:52:22,195 - INFO - episode:575 totalReward:-100 Actions:[[9, 4], [8, 1], [5, 5], [1, 3], [3, 4], [0, 0], [2, 4], [7, 3], [6, 2], [4, 0]]
2026-03-23 20:52:22,215 - INFO - episode:576 totalReward:0 Actions:[[2, 5], [3, 5], [0, 5], [7, 4], [6, 2], [5, 1], [4, 0], [9, 3], [1, 1]]
2026-03-23 20:52:22,264 - INFO - episode:577 totalReward:351.1600343821922 Actions:[[8, 5], [3, 3], [5, 4], [7, 2], [0, 3], [4, 2], [1, 1], [6, 3], [9, 0], [2, 1]]
2026-03-23 20:52:22,372 - INFO - episode:578 totalReward:-100 Actions:[[2, 5], [4, 2], [0, 5], [5, 2], [9, 4], [3, 2], [1, 0], [7, 0], [6, 3], [8, 1]]
2026-03-23 20:52:22,430 - INFO - episode:579 totalReward:-100 Actions:[[2, 5], [6, 1], [4, 3], [3, 3], [9, 3], [1, 5], [7, 4], [0, 4], [8, 0], [5, 3]]
2026-03-23 20:52:22,801 - INFO - episode:580 totalReward:-100 Actions:[[5, 2]]
2026-03-23 20:52:22,866 - INFO - episode:581 totalReward:-100 Actions:[[0, 3], [5, 4], [9, 2], [2, 2], [3, 0], [1, 3], [6, 2], [7, 0], [4, 2], [8, 5]]
2026-03-23 20:52:22,917 - INFO - episode:582 totalReward:-100 Actions:[[5, 2], [3, 0], [6, 2], [7, 5], [2, 5], [9, 0], [4, 5], [0, 2], [1, 4], [8, 1]]
2026-03-23 20:52:22,947 - INFO - episode:583 totalReward:-100 Actions:[[5, 1], [6, 1], [8, 5], [0, 2], [7, 2], [9, 0], [3, 1], [4, 1], [2, 3], [1, 3]]
2026-03-23 20:52:22,988 - INFO - episode:584 totalReward:369.496272718455 Actions:[[5, 1], [9, 3], [4, 0], [7, 1], [3, 1], [0, 0], [8, 4], [1, 2], [2, 2], [6, 3]]
2026-03-23 20:52:23,056 - INFO - episode:585 totalReward:-100 Actions:[[9, 4], [4, 2], [1, 4], [8, 5], [0, 1], [6, 3], [5, 0], [2, 2], [7, 0], [3, 0]]
2026-03-23 20:52:23,119 - INFO - episode:586 totalReward:-100 Actions:[[9, 4], [5, 2], [1, 0], [7, 0], [2, 4], [6, 1], [3, 4], [8, 5], [0, 1], [4, 4]]
2026-03-23 20:52:23,177 - INFO - episode:587 totalReward:-100 Actions:[[2, 5], [1, 3], [8, 0], [9, 3], [4, 5], [6, 5], [7, 5], [0, 2], [5, 4], [3, 4]]
2026-03-23 20:52:23,275 - INFO - episode:588 totalReward:-100 Actions:[[9, 2], [5, 5], [8, 0], [2, 2], [0, 1], [6, 2], [7, 2], [1, 1], [4, 4], [3, 3]]
2026-03-23 20:52:23,317 - INFO - episode:589 totalReward:-100 Actions:[[9, 2], [4, 2], [0, 4], [5, 3], [1, 0], [3, 2], [7, 2], [2, 4], [6, 0], [8, 5]]
2026-03-23 20:52:23,361 - INFO - episode:590 totalReward:375.8622253200527 Actions:[[9, 2], [4, 2]]
2026-03-23 20:52:23,438 - INFO - episode:591 totalReward:-100 Actions:[[9, 2], [4, 2], [6, 4], [5, 1], [7, 3], [0, 4], [3, 3], [2, 0], [1, 0], [8, 5]]
2026-03-23 20:52:23,476 - INFO - episode:592 totalReward:0 Actions:[[5, 1], [0, 4], [3, 5], [2, 0], [4, 5], [9, 0], [6, 3], [1, 2], [7, 2]]
2026-03-23 20:52:23,520 - INFO - episode:593 totalReward:520.4236193593457 Actions:[[1, 3], [8, 1], [9, 0], [7, 2], [2, 4], [0, 3], [3, 2], [6, 4], [4, 2], [5, 0]]
2026-03-23 20:52:23,608 - INFO - episode:594 totalReward:-100 Actions:[[9, 2], [0, 4], [1, 4], [8, 3], [4, 2], [3, 1], [5, 0], [7, 5], [6, 5], [2, 2]]
2026-03-23 20:52:23,652 - INFO - episode:595 totalReward:-100 Actions:[[1, 4], [4, 4], [7, 2], [2, 2], [3, 3], [8, 0], [0, 2], [6, 1], [9, 2], [5, 5]]
2026-03-23 20:52:23,783 - INFO - episode:596 totalReward:-100 Actions:[[5, 0], [9, 0], [4, 0], [7, 4], [1, 4], [6, 1], [3, 0], [0, 3], [2, 2], [8, 5]]
2026-03-23 20:52:23,822 - INFO - episode:597 totalReward:-100 Actions:[[5, 4], [1, 4], [3, 2], [8, 3], [6, 0], [2, 5], [0, 5], [9, 5], [7, 5], [4, 2]]
2026-03-23 20:52:23,857 - INFO - episode:598 totalReward:-100 Actions:[[5, 4], [1, 4], [8, 1], [9, 3], [0, 5], [2, 2], [6, 2], [7, 0], [3, 0], [4, 2]]
2026-03-23 20:52:23,923 - INFO - episode:599 totalReward:-100 Actions:[[0, 1], [3, 5], [5, 3], [6, 2], [2, 4], [9, 4], [7, 3], [1, 5], [4, 3], [8, 0]]
2026-03-23 20:52:23,993 - INFO - episode:600 totalReward:386.401840469819 Actions:[[5, 1]]
2026-03-23 20:52:24,024 - INFO - episode:601 totalReward:-100 Actions:[[5, 3], [1, 4], [2, 4], [8, 0], [7, 2], [6, 5], [4, 3], [9, 1], [3, 5], [0, 1]]
2026-03-23 20:52:24,118 - INFO - episode:602 totalReward:309.1433752813368 Actions:[[3, 2], [5, 2], [4, 2], [7, 2], [9, 1], [6, 0], [8, 4], [2, 5], [0, 3], [1, 0]]
2026-03-23 20:52:24,173 - INFO - episode:603 totalReward:-100 Actions:[[5, 5], [0, 4], [3, 5], [8, 1], [4, 4], [7, 2], [2, 0], [9, 5], [1, 3], [6, 0]]
2026-03-23 20:52:24,219 - INFO - episode:604 totalReward:-100 Actions:[[5, 1], [9, 2], [3, 1], [6, 2], [2, 1], [8, 5], [4, 0], [0, 4], [7, 3], [1, 0]]
2026-03-23 20:52:24,252 - INFO - episode:605 totalReward:-100 Actions:[[5, 1], [0, 0], [2, 1], [4, 0], [6, 3], [7, 2], [1, 2], [9, 4], [8, 5], [3, 3]]
2026-03-23 20:52:24,277 - INFO - episode:606 totalReward:-100 Actions:[[5, 1], [8, 5], [4, 4], [9, 4], [7, 3], [1, 3], [6, 1], [3, 1], [2, 4], [0, 4]]
2026-03-23 20:52:24,295 - INFO - episode:607 totalReward:-100 Actions:[[5, 1], [6, 3], [4, 0], [2, 1], [7, 2], [9, 0], [1, 2], [8, 5], [0, 1], [3, 0]]
2026-03-23 20:52:24,329 - INFO - episode:608 totalReward:-100 Actions:[[5, 4], [1, 4], [9, 5], [8, 3], [6, 1], [7, 0], [3, 1], [4, 1], [0, 2], [2, 5]]
2026-03-23 20:52:24,511 - INFO - episode:609 totalReward:-100 Actions:[[4, 4], [1, 4], [0, 1], [3, 5], [7, 2], [6, 3], [9, 3], [5, 1], [2, 1], [8, 0]]
2026-03-23 20:52:24,622 - INFO - episode:610 totalReward:-100 Actions:[[3, 5]]
2026-03-23 20:52:24,674 - INFO - episode:611 totalReward:313.0924256098411 Actions:[[3, 5], [8, 3], [0, 4], [4, 5], [9, 2], [7, 4], [1, 1], [5, 2], [2, 1], [6, 4]]
2026-03-23 20:52:24,700 - INFO - episode:612 totalReward:-100 Actions:[[5, 1], [8, 0], [7, 5], [6, 1], [0, 4], [2, 1], [3, 4], [4, 2], [1, 2], [9, 1]]
2026-03-23 20:52:24,736 - INFO - episode:613 totalReward:-100 Actions:[[5, 1], [2, 0], [4, 1], [3, 1], [0, 0], [6, 0], [1, 5], [9, 1], [7, 2], [8, 3]]
2026-03-23 20:52:24,795 - INFO - episode:614 totalReward:-100 Actions:[[5, 4], [3, 5], [4, 5], [7, 3], [1, 4], [0, 0], [2, 0], [9, 0], [8, 2], [6, 3]]
2026-03-23 20:52:24,851 - INFO - episode:615 totalReward:-100 Actions:[[2, 4], [4, 5], [0, 2], [7, 5], [6, 4], [5, 4], [1, 2], [9, 0], [3, 0], [8, 3]]
2026-03-23 20:52:24,876 - INFO - episode:616 totalReward:-100 Actions:[[4, 5], [2, 4], [7, 0], [8, 2], [6, 0], [5, 4], [1, 3], [3, 5], [0, 3], [9, 4]]
2026-03-23 20:52:24,933 - INFO - episode:617 totalReward:-100 Actions:[[5, 2], [2, 5], [3, 2], [9, 1], [0, 2], [4, 0], [1, 0], [7, 5], [6, 1], [8, 4]]
2026-03-23 20:52:24,979 - INFO - episode:618 totalReward:-100 Actions:[[5, 1], [4, 1], [3, 5], [9, 5], [1, 4], [2, 2], [6, 3], [8, 0], [0, 2], [7, 4]]
2026-03-23 20:52:25,143 - INFO - episode:619 totalReward:-100 Actions:[[5, 1], [6, 0], [4, 0], [0, 2], [9, 0], [2, 1], [7, 4], [3, 5], [1, 2], [8, 3]]
2026-03-23 20:52:25,217 - INFO - episode:620 totalReward:-100 Actions:[[5, 1]]
2026-03-23 20:52:25,287 - INFO - episode:621 totalReward:-100 Actions:[[5, 1], [4, 5], [3, 2], [6, 0], [9, 3], [7, 0], [0, 1], [1, 3], [8, 4], [2, 0]]
2026-03-23 20:52:25,363 - INFO - episode:622 totalReward:-100 Actions:[[5, 1], [4, 2], [6, 0], [7, 1], [9, 0], [8, 4], [0, 3], [3, 0], [2, 2], [1, 5]]
2026-03-23 20:52:25,461 - INFO - episode:623 totalReward:-100 Actions:[[5, 1], [7, 0], [2, 1], [9, 2], [1, 5], [4, 3], [3, 5], [6, 1], [0, 1], [8, 4]]
2026-03-23 20:52:25,575 - INFO - episode:624 totalReward:333.2733717607058 Actions:[[1, 4], [4, 4], [5, 5], [6, 5], [2, 0], [0, 5], [3, 1], [7, 5], [8, 3], [9, 0]]
2026-03-23 20:52:25,666 - INFO - episode:625 totalReward:-100 Actions:[[1, 4], [4, 4], [9, 5], [7, 3], [3, 5], [6, 3], [5, 5], [2, 0], [8, 1], [0, 0]]
2026-03-23 20:52:25,735 - INFO - episode:626 totalReward:172.18205465205543 Actions:[[4, 1], [5, 1], [3, 5], [7, 0], [9, 5], [0, 1], [8, 4], [2, 3], [6, 0], [1, 3]]
2026-03-23 20:52:25,766 - INFO - episode:627 totalReward:-100 Actions:[[5, 0], [1, 5], [0, 3], [4, 2], [2, 2], [6, 0], [3, 2], [9, 3], [8, 4], [7, 1]]
2026-03-23 20:52:25,780 - INFO - episode:628 totalReward:0 Actions:[[4, 2], [9, 2], [0, 1], [6, 1], [1, 0], [5, 4], [2, 5], [7, 2], [3, 3]]
2026-03-23 20:52:25,931 - INFO - episode:629 totalReward:-100 Actions:[[1, 4], [4, 4], [9, 2], [6, 5], [0, 1], [5, 5], [7, 2], [2, 3], [3, 5], [8, 0]]
2026-03-23 20:52:25,960 - INFO - episode:630 totalReward:0 Actions:[[1, 4], [4, 4]]
2026-03-23 20:52:26,012 - INFO - episode:631 totalReward:-100 Actions:[[1, 4], [4, 4], [9, 3], [7, 5], [0, 1], [6, 3], [2, 3], [8, 2], [5, 0], [3, 0]]
2026-03-23 20:52:26,121 - INFO - episode:632 totalReward:-100 Actions:[[4, 0], [2, 4], [5, 2], [3, 1], [6, 4], [1, 3], [9, 1], [7, 4], [0, 1], [8, 5]]
2026-03-23 20:52:26,147 - INFO - episode:633 totalReward:0 Actions:[[4, 2], [6, 5], [2, 2], [7, 1], [5, 3], [3, 4], [9, 3], [1, 0], [0, 3]]
2026-03-23 20:52:26,267 - INFO - episode:634 totalReward:-100 Actions:[[2, 5], [5, 2], [3, 2], [4, 2], [9, 3], [6, 1], [0, 1], [7, 3], [1, 0], [8, 4]]
2026-03-23 20:52:26,540 - INFO - episode:635 totalReward:-100 Actions:[[2, 5], [5, 2], [7, 1], [4, 1], [3, 0], [0, 3], [9, 0], [6, 5], [1, 2], [8, 4]]
2026-03-23 20:52:26,569 - INFO - episode:636 totalReward:-100 Actions:[[2, 5], [5, 2], [0, 0], [4, 2], [7, 4], [3, 2], [1, 4], [9, 5], [6, 5], [8, 1]]
2026-03-23 20:52:26,635 - INFO - episode:637 totalReward:-100 Actions:[[2, 5], [5, 2], [9, 3], [4, 2], [6, 5], [3, 2], [0, 0], [1, 0], [8, 4], [7, 5]]
2026-03-23 20:52:26,659 - INFO - episode:638 totalReward:-100 Actions:[[2, 5], [0, 4], [5, 2], [4, 0], [9, 2], [1, 5], [7, 0], [6, 0], [3, 0], [8, 1]]
2026-03-23 20:52:26,729 - INFO - episode:639 totalReward:-100 Actions:[[2, 5], [5, 2], [9, 0], [4, 2], [6, 1], [0, 5], [3, 5], [8, 4], [7, 0], [1, 1]]
2026-03-23 20:52:26,770 - INFO - episode:640 totalReward:-100 Actions:[[2, 5], [5, 2]]
2026-03-23 20:52:26,859 - INFO - episode:641 totalReward:-100 Actions:[[7, 0], [4, 4], [2, 0], [9, 1], [6, 0], [8, 2], [3, 1], [0, 0], [5, 5], [1, 3]]
2026-03-23 20:52:26,904 - INFO - episode:642 totalReward:-100 Actions:[[9, 5], [2, 5], [4, 5], [0, 2], [3, 5], [5, 2], [8, 3], [7, 0], [1, 0], [6, 4]]
2026-03-23 20:52:26,942 - INFO - episode:643 totalReward:0 Actions:[[1, 4], [4, 4], [0, 3], [3, 5], [7, 2], [6, 5], [2, 0], [9, 0], [5, 1]]
2026-03-23 20:52:26,971 - INFO - episode:644 totalReward:-100 Actions:[[8, 3], [2, 4], [5, 0], [4, 2], [3, 5], [1, 1], [9, 0], [7, 4], [0, 2], [6, 4]]
2026-03-23 20:52:27,088 - INFO - episode:645 totalReward:-100 Actions:[[8, 3], [9, 1], [3, 5], [7, 4], [4, 2], [5, 1], [0, 5], [2, 1], [6, 5], [1, 0]]
2026-03-23 20:52:27,154 - INFO - episode:646 totalReward:336.9251273140918 Actions:[[0, 3], [7, 3], [4, 2], [6, 5], [3, 2], [5, 3], [9, 0], [1, 4], [2, 5], [8, 1]]
2026-03-23 20:52:27,411 - INFO - episode:647 totalReward:574.1564050906502 Actions:[[1, 2], [4, 2], [3, 3], [9, 3], [7, 3], [6, 1], [2, 1], [5, 5], [0, 3], [8, 4]]
2026-03-23 20:52:27,607 - INFO - episode:648 totalReward:-100 Actions:[[8, 3], [3, 4], [9, 5], [6, 2], [0, 4], [2, 2], [5, 2], [4, 0], [7, 5], [1, 0]]
2026-03-23 20:52:27,848 - INFO - episode:649 totalReward:-100 Actions:[[2, 5], [6, 2], [4, 1], [5, 1], [9, 1], [0, 0], [1, 4], [3, 5], [7, 4], [8, 3]]
2026-03-23 20:52:27,904 - INFO - episode:650 totalReward:-100 Actions:[[2, 5], [5, 5]]
2026-03-23 20:52:27,936 - INFO - episode:651 totalReward:1188.383385626018 Actions:[[2, 5], [5, 5], [4, 1], [6, 3], [3, 4], [1, 2], [8, 0], [7, 1], [0, 1], [9, 2]]
2026-03-23 20:52:27,998 - INFO - episode:652 totalReward:-100 Actions:[[2, 5], [4, 0], [1, 5], [0, 4], [5, 4], [6, 3], [9, 0], [7, 4], [3, 4], [8, 2]]
2026-03-23 20:52:28,044 - INFO - episode:653 totalReward:-100 Actions:[[5, 2], [9, 2], [4, 2], [3, 3], [0, 3], [7, 5], [2, 1], [1, 0], [6, 1], [8, 4]]
2026-03-23 20:52:28,108 - INFO - episode:654 totalReward:-100 Actions:[[5, 2], [9, 2], [2, 2], [6, 5], [4, 2], [0, 1], [8, 0], [1, 1], [7, 3], [3, 5]]
2026-03-23 20:52:28,173 - INFO - episode:655 totalReward:-100 Actions:[[9, 2], [6, 3], [7, 1], [2, 2], [0, 2], [5, 3], [3, 0], [4, 4], [8, 5], [1, 0]]
2026-03-23 20:52:28,241 - INFO - episode:656 totalReward:-100 Actions:[[9, 2], [6, 1], [4, 2], [2, 2], [8, 0], [5, 3], [1, 5], [3, 1], [7, 1], [0, 3]]
2026-03-23 20:52:28,301 - INFO - episode:657 totalReward:450.93954628064535 Actions:[[8, 0], [7, 4], [4, 5], [0, 4], [6, 5], [9, 2], [3, 5], [5, 4], [1, 2], [2, 5]]
2026-03-23 20:52:28,414 - INFO - episode:658 totalReward:438.5372072640111 Actions:[[7, 4], [2, 5], [4, 5], [6, 2], [5, 5], [9, 2], [3, 5], [0, 4], [8, 1], [1, 3]]
2026-03-23 20:52:28,440 - INFO - episode:659 totalReward:0 Actions:[[2, 5], [0, 0], [1, 5], [6, 2], [4, 0], [3, 3], [7, 1], [9, 3], [5, 4]]
2026-03-23 20:52:28,471 - INFO - episode:660 totalReward:-100 Actions:[[1, 4], [2, 5]]
2026-03-23 20:52:28,516 - INFO - episode:661 totalReward:-100 Actions:[[9, 2], [5, 4], [0, 3], [4, 2], [1, 0], [3, 2], [8, 5], [6, 2], [2, 4], [7, 4]]
2026-03-23 20:52:28,536 - INFO - episode:662 totalReward:0 Actions:[[1, 4], [4, 4], [5, 2], [9, 1], [7, 1], [6, 1], [2, 0], [0, 3], [3, 5]]
2026-03-23 20:52:28,564 - INFO - episode:663 totalReward:0 Actions:[[1, 4], [4, 4], [3, 1], [2, 3], [5, 0], [6, 3], [0, 0], [9, 5], [7, 2]]
2026-03-23 20:52:28,605 - INFO - episode:664 totalReward:-100 Actions:[[1, 4], [4, 4], [0, 3], [2, 0], [8, 5], [6, 2], [7, 0], [5, 0], [3, 3], [9, 1]]
2026-03-23 20:52:28,687 - INFO - episode:665 totalReward:-100 Actions:[[1, 4], [4, 4], [8, 1], [3, 3], [9, 5], [5, 5], [2, 2], [6, 2], [0, 0], [7, 5]]
2026-03-23 20:52:28,799 - INFO - episode:666 totalReward:-100 Actions:[[1, 4], [2, 5], [4, 5], [0, 4], [3, 3], [7, 3], [8, 2], [5, 0], [6, 5], [9, 5]]
2026-03-23 20:52:28,992 - INFO - episode:667 totalReward:-100 Actions:[[1, 4], [2, 0], [5, 3], [4, 2], [7, 1], [6, 0], [3, 4], [0, 2], [9, 2], [8, 5]]
2026-03-23 20:52:29,052 - INFO - episode:668 totalReward:362.6257413069557 Actions:[[1, 4], [4, 5], [0, 4], [5, 3], [6, 0], [9, 3], [2, 2], [3, 2], [7, 5], [8, 1]]
2026-03-23 20:52:29,119 - INFO - episode:669 totalReward:-100 Actions:[[1, 4], [4, 5], [0, 4], [8, 2], [7, 3], [2, 5], [9, 1], [5, 1], [6, 5], [3, 5]]
2026-03-23 20:52:29,145 - INFO - episode:670 totalReward:340.495220677431 Actions:[[1, 4], [4, 5]]
2026-03-23 20:52:29,243 - INFO - episode:671 totalReward:-100 Actions:[[1, 4], [4, 5], [2, 2], [7, 2], [3, 2], [9, 4], [6, 3], [8, 1], [0, 5], [5, 3]]
2026-03-23 20:52:29,282 - INFO - episode:672 totalReward:0 Actions:[[3, 2], [2, 2], [7, 5], [4, 2], [5, 0], [0, 4], [9, 1], [1, 3], [6, 3]]
2026-03-23 20:52:29,484 - INFO - episode:673 totalReward:-100 Actions:[[1, 4], [4, 5], [0, 4], [2, 5], [3, 2], [5, 1], [6, 0], [7, 1], [9, 0], [8, 3]]
2026-03-23 20:52:29,525 - INFO - episode:674 totalReward:210.2636624507928 Actions:[[9, 1], [6, 5], [3, 4], [0, 0], [1, 4], [4, 1], [5, 2], [8, 3], [2, 2], [7, 0]]
2026-03-23 20:52:29,636 - INFO - episode:675 totalReward:-100 Actions:[[9, 1], [3, 1], [4, 4], [1, 2], [6, 0], [0, 0], [2, 1], [7, 3], [5, 4], [8, 5]]
2026-03-23 20:52:29,837 - INFO - episode:676 totalReward:-100 Actions:[[9, 1], [2, 5], [4, 5], [7, 5], [6, 3], [1, 4], [5, 1], [3, 4], [0, 2], [8, 0]]
2026-03-23 20:52:29,962 - INFO - episode:677 totalReward:-100 Actions:[[4, 1], [9, 1], [1, 0], [2, 1], [0, 0], [5, 4], [3, 1], [6, 5], [7, 5], [8, 3]]
2026-03-23 20:52:30,033 - INFO - episode:678 totalReward:-100 Actions:[[1, 4], [3, 5], [0, 4], [6, 3], [7, 0], [4, 5], [8, 2], [9, 5], [5, 0], [2, 1]]
2026-03-23 20:52:30,106 - INFO - episode:679 totalReward:-100 Actions:[[1, 4], [4, 5], [0, 4], [8, 2], [9, 3], [2, 5], [6, 1], [5, 1], [3, 3], [7, 1]]
2026-03-23 20:52:30,590 - INFO - episode:680 totalReward:-100 Actions:[[1, 4], [4, 5], [0, 4]]
2026-03-23 20:52:30,669 - INFO - episode:681 totalReward:350.23446821928843 Actions:[[1, 4], [4, 5], [0, 4], [3, 1], [9, 1], [5, 3], [7, 5], [6, 1], [8, 2], [2, 1]]
2026-03-23 20:52:30,798 - INFO - episode:682 totalReward:229.8133804791784 Actions:[[4, 1], [9, 1], [1, 3], [7, 1], [5, 3], [0, 1], [8, 2], [6, 4], [2, 5], [3, 4]]
2026-03-23 20:52:30,880 - INFO - episode:683 totalReward:424.290408907663 Actions:[[4, 1], [2, 1], [5, 3], [1, 5], [3, 0], [0, 0], [6, 5], [8, 2], [7, 1], [9, 3]]
2026-03-23 20:52:30,915 - INFO - episode:684 totalReward:0 Actions:[[1, 4], [4, 5], [0, 4], [7, 3], [2, 5], [9, 2], [6, 1], [5, 2], [3, 0]]
2026-03-23 20:52:30,973 - INFO - episode:685 totalReward:-100 Actions:[[1, 4], [4, 5], [6, 5], [0, 4], [3, 0], [5, 1], [9, 1], [2, 3], [7, 3], [8, 2]]
2026-03-23 20:52:31,031 - INFO - episode:686 totalReward:-100 Actions:[[1, 4], [4, 5], [0, 5], [2, 5], [3, 5], [9, 2], [7, 2], [8, 3], [6, 4], [5, 0]]
2026-03-23 20:52:31,069 - INFO - episode:687 totalReward:-100 Actions:[[1, 4], [2, 0], [8, 3], [5, 0], [0, 5], [6, 1], [4, 0], [7, 5], [3, 2], [9, 0]]
2026-03-23 20:52:31,175 - INFO - episode:688 totalReward:-100 Actions:[[1, 4], [2, 0], [7, 4], [6, 5], [4, 1], [3, 0], [0, 5], [9, 0], [5, 1], [8, 2]]
2026-03-23 20:52:31,228 - INFO - episode:689 totalReward:-100 Actions:[[1, 4], [5, 0], [4, 2], [3, 2], [9, 0], [8, 1], [7, 5], [0, 4], [2, 0], [6, 3]]
2026-03-23 20:52:31,358 - INFO - episode:690 totalReward:221.24547753912796 Actions:[[9, 1]]
2026-03-23 20:52:31,391 - INFO - episode:691 totalReward:-100 Actions:[[5, 3], [9, 1], [7, 5], [3, 4], [2, 5], [0, 4], [4, 0], [1, 0], [8, 2], [6, 5]]
2026-03-23 20:52:31,410 - INFO - episode:692 totalReward:0 Actions:[[9, 1], [3, 2], [5, 3], [2, 2], [0, 0], [1, 5], [6, 4], [4, 4], [7, 2]]
2026-03-23 20:52:31,549 - INFO - episode:693 totalReward:-100 Actions:[[5, 1], [9, 1], [0, 0], [1, 2], [2, 1], [7, 0], [4, 2], [6, 4], [3, 1], [8, 5]]
2026-03-23 20:52:31,661 - INFO - episode:694 totalReward:-100 Actions:[[9, 1], [6, 2], [2, 5], [5, 1], [1, 5], [3, 2], [0, 0], [4, 3], [7, 3], [8, 4]]
2026-03-23 20:52:31,708 - INFO - episode:695 totalReward:-100 Actions:[[8, 5], [6, 4], [7, 2], [5, 1], [2, 4], [1, 0], [3, 0], [9, 3], [4, 4], [0, 1]]
2026-03-23 20:52:31,828 - INFO - episode:696 totalReward:-100 Actions:[[9, 4], [1, 4], [0, 1], [7, 3], [2, 0], [8, 2], [6, 0], [5, 3], [4, 5], [3, 5]]
2026-03-23 20:52:31,970 - INFO - episode:697 totalReward:347.1138955352171 Actions:[[9, 1], [5, 3], [2, 2], [1, 3], [0, 2], [7, 2], [6, 0], [4, 2], [3, 0], [8, 4]]
2026-03-23 20:52:32,032 - INFO - episode:698 totalReward:-100 Actions:[[9, 1], [5, 3], [0, 3], [7, 1], [2, 2], [1, 0], [8, 4], [6, 0], [4, 3], [3, 2]]
2026-03-23 20:52:32,071 - INFO - episode:699 totalReward:-100 Actions:[[6, 2], [5, 3], [4, 2], [1, 0], [3, 0], [2, 2], [0, 1], [9, 1], [8, 4], [7, 1]]
2026-03-23 20:52:32,153 - INFO - episode:700 totalReward:359.17821958251466 Actions:[[9, 1], [8, 5], [5, 4], [6, 3]]
2026-03-23 20:52:32,210 - INFO - episode:701 totalReward:-100 Actions:[[9, 1], [8, 5], [5, 4], [6, 3], [1, 2], [2, 2], [7, 0], [0, 3], [4, 0], [3, 3]]
2026-03-23 20:52:32,271 - INFO - episode:702 totalReward:-100 Actions:[[8, 5], [9, 4], [4, 2], [2, 2], [0, 1], [5, 4], [6, 1], [7, 1], [3, 4], [1, 0]]
2026-03-23 20:52:32,317 - INFO - episode:703 totalReward:-100 Actions:[[5, 1], [8, 5], [7, 4], [9, 2], [1, 2], [4, 1], [3, 4], [6, 4], [0, 3], [2, 3]]
2026-03-23 20:52:32,363 - INFO - episode:704 totalReward:-100 Actions:[[8, 5], [0, 0], [5, 1], [3, 4], [9, 3], [6, 3], [4, 0], [1, 2], [2, 0], [7, 2]]
2026-03-23 20:52:32,417 - INFO - episode:705 totalReward:-100 Actions:[[8, 5], [4, 2], [5, 4], [1, 2], [2, 0], [7, 1], [6, 0], [3, 1], [0, 0], [9, 3]]
2026-03-23 20:52:32,542 - INFO - episode:706 totalReward:114.07721845893829 Actions:[[8, 5], [5, 4], [9, 4], [0, 4], [4, 3], [7, 4], [1, 0], [6, 0], [3, 2], [2, 1]]
2026-03-23 20:52:32,579 - INFO - episode:707 totalReward:-100 Actions:[[5, 1], [8, 5], [0, 2], [4, 1], [7, 2], [1, 4], [6, 3], [2, 2], [9, 2], [3, 4]]
2026-03-23 20:52:32,644 - INFO - episode:708 totalReward:-100 Actions:[[0, 5], [4, 1], [1, 5], [6, 3], [9, 4], [3, 3], [8, 0], [2, 2], [7, 2], [5, 4]]
2026-03-23 20:52:32,706 - INFO - episode:709 totalReward:420.13547813830365 Actions:[[5, 4], [4, 1], [8, 5], [6, 3], [3, 1], [9, 3], [2, 0], [7, 1], [0, 1], [1, 2]]
2026-03-23 20:52:32,795 - INFO - episode:710 totalReward:209.29861454097045 Actions:[[6, 2]]
2026-03-23 20:52:32,892 - INFO - episode:711 totalReward:-100 Actions:[[6, 2], [1, 5], [4, 5], [7, 1], [2, 1], [3, 1], [9, 3], [0, 2], [5, 3], [8, 0]]
2026-03-23 20:52:33,021 - INFO - episode:712 totalReward:-100 Actions:[[8, 0], [6, 4], [5, 2], [0, 3], [4, 2], [3, 3], [9, 3], [7, 5], [2, 5], [1, 4]]
2026-03-23 20:52:33,071 - INFO - episode:713 totalReward:-100 Actions:[[8, 0], [4, 1], [5, 2], [2, 3], [6, 3], [0, 4], [3, 2], [9, 3], [7, 2], [1, 4]]
2026-03-23 20:52:33,143 - INFO - episode:714 totalReward:-100 Actions:[[8, 0], [5, 1], [7, 3], [9, 4], [1, 3], [6, 5], [3, 5], [0, 4], [2, 2], [4, 5]]
2026-03-23 20:52:33,246 - INFO - episode:715 totalReward:-100 Actions:[[6, 2], [7, 5], [3, 2], [9, 4], [2, 1], [5, 4], [0, 3], [4, 2], [1, 3], [8, 0]]
2026-03-23 20:52:33,474 - INFO - episode:716 totalReward:-100 Actions:[[6, 2], [2, 5], [3, 2], [4, 5], [7, 3], [0, 4], [9, 3], [5, 2], [1, 0], [8, 1]]
2026-03-23 20:52:33,571 - INFO - episode:717 totalReward:437.36925422633664 Actions:[[8, 0], [3, 2], [2, 2], [4, 2], [7, 3], [6, 2], [0, 3], [5, 5], [1, 4], [9, 4]]
2026-03-23 20:52:33,613 - INFO - episode:718 totalReward:1239.0286913503815 Actions:[[8, 0], [9, 1], [5, 3], [7, 1], [1, 3], [4, 1], [0, 1], [6, 5], [2, 5], [3, 4]]
2026-03-23 20:52:33,691 - INFO - episode:719 totalReward:-100 Actions:[[8, 0], [2, 2], [9, 4], [4, 2], [5, 2], [1, 1], [0, 2], [6, 4], [3, 5], [7, 1]]
2026-03-23 20:52:33,738 - INFO - episode:720 totalReward:-100 Actions:[[5, 2]]
2026-03-23 20:52:34,254 - INFO - episode:721 totalReward:-100 Actions:[[5, 2], [7, 1], [9, 2], [1, 0], [6, 0], [4, 2], [2, 5], [0, 1], [3, 3], [8, 4]]
2026-03-23 20:52:34,284 - INFO - episode:722 totalReward:0 Actions:[[5, 2], [4, 2], [7, 3], [9, 4], [1, 3], [3, 2], [6, 1], [2, 5], [0, 0]]
2026-03-23 20:52:34,411 - INFO - episode:723 totalReward:-100 Actions:[[8, 0], [3, 2], [2, 2], [4, 1], [5, 3], [9, 3], [0, 1], [7, 5], [1, 5], [6, 1]]
2026-03-23 20:52:34,447 - INFO - episode:724 totalReward:419.10110243002504 Actions:[[8, 0], [9, 4], [1, 5], [0, 4], [5, 3], [4, 5], [3, 2], [7, 4], [2, 4], [6, 3]]
2026-03-23 20:52:34,475 - INFO - episode:725 totalReward:-100 Actions:[[8, 0], [5, 2], [1, 2], [9, 1], [3, 3], [6, 4], [4, 5], [2, 4], [0, 5], [7, 3]]
2026-03-23 20:52:34,526 - INFO - episode:726 totalReward:-100 Actions:[[5, 2], [6, 2], [9, 1], [8, 5], [4, 1], [2, 0], [7, 1], [0, 4], [3, 2], [1, 0]]
2026-03-23 20:52:34,557 - INFO - episode:727 totalReward:-100 Actions:[[5, 2], [6, 1], [9, 4], [7, 1], [3, 4], [4, 2], [0, 4], [2, 0], [8, 5], [1, 3]]
2026-03-23 20:52:34,622 - INFO - episode:728 totalReward:-100 Actions:[[8, 0], [9, 5], [3, 2], [1, 4], [4, 2], [7, 4], [5, 5], [2, 5], [6, 5], [0, 3]]
2026-03-23 20:52:34,673 - INFO - episode:729 totalReward:-100 Actions:[[8, 0], [9, 2], [2, 2], [5, 3], [4, 2], [6, 3], [3, 5], [1, 5], [7, 1], [0, 4]]
2026-03-23 20:52:34,730 - INFO - episode:730 totalReward:212.73636174975348 Actions:[[8, 0]]
2026-03-23 20:52:34,819 - INFO - episode:731 totalReward:-100 Actions:[[8, 0], [7, 1], [5, 2], [9, 3], [1, 4], [4, 2], [3, 5], [6, 4], [0, 2], [2, 3]]
2026-03-23 20:52:34,856 - INFO - episode:732 totalReward:0 Actions:[[6, 2], [4, 4], [2, 4], [3, 1], [9, 0], [0, 1], [7, 1], [5, 5], [1, 3]]
2026-03-23 20:52:34,930 - INFO - episode:733 totalReward:-100 Actions:[[6, 2], [7, 1], [4, 5], [5, 3], [9, 5], [1, 3], [3, 1], [8, 4], [0, 0], [2, 5]]
2026-03-23 20:52:34,974 - INFO - episode:734 totalReward:-100 Actions:[[5, 2], [2, 1], [6, 3], [9, 1], [3, 1], [0, 0], [7, 0], [4, 3], [1, 4], [8, 5]]
2026-03-23 20:52:35,069 - INFO - episode:735 totalReward:-100 Actions:[[0, 3], [3, 2], [4, 4], [7, 2], [1, 4], [2, 5], [9, 0], [5, 0], [6, 5], [8, 1]]
2026-03-23 20:52:35,160 - INFO - episode:736 totalReward:0 Actions:[[5, 2], [2, 5], [3, 2], [7, 0], [9, 5], [4, 2], [0, 1], [1, 4], [6, 3]]
2026-03-23 20:52:35,246 - INFO - episode:737 totalReward:-100 Actions:[[2, 5], [4, 5], [7, 1], [0, 3], [3, 5], [6, 5], [8, 2], [5, 3], [1, 0], [9, 0]]
2026-03-23 20:52:35,531 - INFO - episode:738 totalReward:-100 Actions:[[4, 2], [7, 2], [5, 4], [3, 4], [6, 2], [0, 5], [2, 1], [1, 0], [9, 1], [8, 3]]
2026-03-23 20:52:35,764 - INFO - episode:739 totalReward:233.36330101688642 Actions:[[4, 2], [9, 3], [2, 0], [0, 3], [1, 5], [7, 2], [5, 1], [6, 2], [3, 1], [8, 4]]
2026-03-23 20:52:35,815 - INFO - episode:740 totalReward:226.4287792011516 Actions:[[6, 2]]
2026-03-23 20:52:35,963 - INFO - episode:741 totalReward:-100 Actions:[[6, 2], [0, 3], [2, 3], [7, 5], [4, 2], [5, 5], [3, 3], [8, 4], [9, 2], [1, 0]]
2026-03-23 20:52:36,070 - INFO - episode:742 totalReward:-100 Actions:[[5, 5], [4, 5], [2, 1], [0, 5], [7, 1], [3, 5], [9, 3], [8, 2], [6, 4], [1, 4]]
2026-03-23 20:52:36,152 - INFO - episode:743 totalReward:-100 Actions:[[5, 5], [4, 5], [8, 2], [1, 3], [2, 4], [9, 5], [6, 3], [3, 4], [7, 0], [0, 5]]
2026-03-23 20:52:36,190 - INFO - episode:744 totalReward:-100 Actions:[[5, 5], [4, 1], [8, 0], [9, 1], [2, 2], [7, 2], [6, 4], [3, 5], [1, 4], [0, 1]]
2026-03-23 20:52:36,217 - INFO - episode:745 totalReward:304.6622435167378 Actions:[[5, 5], [7, 3], [4, 2], [1, 2], [6, 3], [0, 3], [3, 5], [8, 4], [9, 0], [2, 0]]
2026-03-23 20:52:36,305 - INFO - episode:746 totalReward:222.2402512895779 Actions:[[6, 4], [3, 2], [7, 2], [5, 1], [4, 5], [0, 2], [9, 5], [2, 5], [8, 3], [1, 4]]
2026-03-23 20:52:36,381 - INFO - episode:747 totalReward:-100 Actions:[[6, 4], [9, 1], [4, 5], [5, 3], [3, 5], [1, 4], [7, 0], [0, 0], [2, 5], [8, 2]]
2026-03-23 20:52:36,476 - INFO - episode:748 totalReward:266.6053884168938 Actions:[[0, 3], [4, 2], [7, 3], [2, 3], [9, 3], [8, 4], [5, 0], [1, 1], [3, 0], [6, 1]]
2026-03-23 20:52:36,549 - INFO - episode:749 totalReward:-100 Actions:[[9, 5], [6, 3], [4, 2], [3, 2], [7, 2], [2, 2], [5, 0], [1, 5], [0, 4], [8, 1]]
2026-03-23 20:52:36,628 - INFO - episode:750 totalReward:604.223167089365 Actions:[[6, 4]]
2026-03-23 20:52:36,702 - INFO - episode:751 totalReward:-100 Actions:[[6, 4], [2, 0], [4, 2], [7, 2], [3, 2], [1, 1], [9, 4], [5, 5], [0, 0], [8, 3]]
2026-03-23 20:52:37,022 - INFO - episode:752 totalReward:-100 Actions:[[6, 4], [7, 1], [5, 0], [2, 0], [3, 0], [1, 3], [0, 5], [9, 5], [4, 3], [8, 2]]
2026-03-23 20:52:37,093 - INFO - episode:753 totalReward:-100 Actions:[[6, 4], [1, 2], [2, 2], [5, 1], [8, 0], [3, 1], [7, 3], [0, 5], [4, 4], [9, 3]]
2026-03-23 20:52:37,260 - INFO - episode:754 totalReward:-100 Actions:[[6, 4], [5, 0], [2, 3], [4, 2], [3, 5], [0, 4], [1, 0], [9, 5], [8, 1], [7, 4]]
2026-03-23 20:52:37,341 - INFO - episode:755 totalReward:-100 Actions:[[6, 4], [9, 3], [4, 2], [3, 4], [7, 2], [2, 1], [0, 1], [5, 2], [1, 3], [8, 0]]
2026-03-23 20:52:37,464 - INFO - episode:756 totalReward:-100 Actions:[[4, 2], [5, 0], [7, 2], [8, 4], [0, 1], [6, 2], [9, 3], [1, 1], [3, 5], [2, 2]]
2026-03-23 20:52:37,648 - INFO - episode:757 totalReward:-100 Actions:[[5, 5], [2, 1], [7, 1], [0, 0], [8, 3], [9, 5], [4, 2], [6, 0], [3, 5], [1, 2]]
2026-03-23 20:52:37,697 - INFO - episode:758 totalReward:196.1473724569761 Actions:[[3, 1], [5, 3], [8, 0], [7, 2], [4, 3], [0, 2], [6, 3], [1, 1], [2, 5], [9, 2]]
2026-03-23 20:52:37,746 - INFO - episode:759 totalReward:-100 Actions:[[5, 5], [4, 5], [7, 1], [2, 3], [3, 5], [9, 3], [0, 4], [1, 1], [8, 0], [6, 4]]
2026-03-23 20:52:37,869 - INFO - episode:760 totalReward:-100 Actions:[[5, 5], [2, 5]]
2026-03-23 20:52:37,922 - INFO - episode:761 totalReward:-100 Actions:[[5, 5], [2, 5], [7, 2], [9, 2], [4, 2], [8, 4], [3, 2], [0, 0], [6, 1], [1, 0]]
2026-03-23 20:52:38,122 - INFO - episode:762 totalReward:-100 Actions:[[3, 2], [1, 0], [0, 3], [4, 2], [6, 1], [7, 4], [5, 2], [2, 0], [9, 3], [8, 5]]
2026-03-23 20:52:38,171 - INFO - episode:763 totalReward:-100 Actions:[[3, 2], [1, 0], [8, 3], [7, 1], [9, 1], [0, 5], [2, 5], [4, 4], [6, 0], [5, 1]]
2026-03-23 20:52:38,200 - INFO - episode:764 totalReward:380.1451189761819 Actions:[[8, 0], [4, 4], [2, 3], [9, 5], [7, 4], [3, 5], [0, 5], [5, 2], [1, 1], [6, 1]]
2026-03-23 20:52:38,231 - INFO - episode:765 totalReward:-100 Actions:[[6, 4], [8, 1], [1, 0], [0, 3], [5, 0], [4, 2], [9, 5], [7, 4], [3, 2], [2, 4]]
2026-03-23 20:52:38,261 - INFO - episode:766 totalReward:0 Actions:[[6, 4], [3, 3], [4, 2], [2, 1], [9, 4], [1, 1], [7, 4], [5, 5], [0, 0]]
2026-03-23 20:52:38,311 - INFO - episode:767 totalReward:-100 Actions:[[6, 4], [2, 1], [8, 5], [5, 1], [9, 0], [4, 1], [7, 1], [1, 0], [3, 4], [0, 4]]
2026-03-23 20:52:38,330 - INFO - episode:768 totalReward:-100 Actions:[[6, 4], [0, 0], [5, 2], [4, 2], [9, 2], [8, 5], [1, 1], [2, 0], [3, 0], [7, 2]]
2026-03-23 20:52:38,498 - INFO - episode:769 totalReward:268.91875317039546 Actions:[[6, 4], [0, 2], [9, 2], [7, 2], [1, 4], [4, 2], [3, 0], [2, 3], [5, 1], [8, 5]]
2026-03-23 20:52:38,575 - INFO - episode:770 totalReward:-100 Actions:[[9, 2], [1, 0]]
2026-03-23 20:52:38,650 - INFO - episode:771 totalReward:-100 Actions:[[9, 2], [1, 0], [8, 1], [3, 3], [7, 0], [2, 5], [6, 2], [4, 3], [5, 2], [0, 2]]
2026-03-23 20:52:38,716 - INFO - episode:772 totalReward:-100 Actions:[[1, 4], [9, 3], [2, 0], [4, 2], [6, 5], [8, 1], [3, 4], [7, 0], [5, 5], [0, 2]]
2026-03-23 20:52:38,759 - INFO - episode:773 totalReward:-100 Actions:[[1, 4], [8, 3], [4, 2], [9, 5], [2, 5], [6, 4], [7, 5], [3, 1], [0, 2], [5, 1]]
2026-03-23 20:52:38,880 - INFO - episode:774 totalReward:-100 Actions:[[8, 0], [0, 5], [9, 3], [5, 1], [3, 4], [2, 5], [4, 2], [1, 4], [7, 5], [6, 2]]
2026-03-23 20:52:39,012 - INFO - episode:775 totalReward:-100 Actions:[[6, 4], [8, 5], [9, 4], [0, 4], [2, 2], [5, 0], [7, 2], [4, 3], [1, 1], [3, 4]]
2026-03-23 20:52:39,084 - INFO - episode:776 totalReward:-100 Actions:[[6, 4], [4, 4], [9, 2], [3, 2], [7, 2], [8, 5], [5, 1], [0, 1], [2, 0], [1, 3]]
2026-03-23 20:52:39,531 - INFO - episode:777 totalReward:-100 Actions:[[6, 4], [9, 2], [3, 2], [7, 2], [1, 5], [5, 4], [0, 0], [4, 1], [2, 0], [8, 3]]
2026-03-23 20:52:39,567 - INFO - episode:778 totalReward:-100 Actions:[[9, 2], [1, 0], [5, 5], [2, 5], [0, 5], [7, 0], [3, 3], [6, 2], [8, 4], [4, 3]]
2026-03-23 20:52:39,619 - INFO - episode:779 totalReward:-100 Actions:[[4, 1], [6, 2], [9, 3], [5, 4], [2, 0], [3, 3], [1, 1], [0, 4], [8, 5], [7, 0]]
2026-03-23 20:52:39,772 - INFO - episode:780 totalReward:-100 Actions:[[1, 4], [9, 2], [4, 2]]
2026-03-23 20:52:39,813 - INFO - episode:781 totalReward:-100 Actions:[[1, 4], [9, 2], [4, 2], [6, 1], [7, 2], [3, 2], [0, 1], [2, 3], [5, 3], [8, 5]]
2026-03-23 20:52:39,960 - INFO - episode:782 totalReward:-100 Actions:[[1, 4], [3, 1], [9, 2], [6, 4], [8, 5], [7, 1], [0, 3], [5, 3], [2, 1], [4, 3]]
2026-03-23 20:52:40,063 - INFO - episode:783 totalReward:-100 Actions:[[6, 4], [5, 1], [9, 2], [4, 0], [3, 0], [1, 4], [0, 5], [7, 1], [2, 5], [8, 3]]
2026-03-23 20:52:40,125 - INFO - episode:784 totalReward:-100 Actions:[[6, 4], [5, 1], [8, 5], [7, 3], [9, 4], [3, 0], [4, 4], [2, 2], [0, 1], [1, 3]]
2026-03-23 20:52:40,178 - INFO - episode:785 totalReward:-100 Actions:[[1, 0], [2, 2], [0, 1], [6, 2], [3, 5], [5, 4], [7, 5], [9, 4], [8, 3], [4, 5]]
2026-03-23 20:52:40,285 - INFO - episode:786 totalReward:-100 Actions:[[1, 0], [9, 1], [4, 0], [7, 5], [3, 1], [0, 5], [2, 4], [8, 3], [6, 2], [5, 4]]
2026-03-23 20:52:40,412 - INFO - episode:787 totalReward:232.4146048030406 Actions:[[1, 0], [2, 3], [4, 4], [6, 0], [0, 5], [9, 5], [3, 2], [7, 5], [8, 1], [5, 2]]
2026-03-23 20:52:40,460 - INFO - episode:788 totalReward:-100 Actions:[[1, 0], [3, 2], [9, 3], [5, 0], [6, 4], [4, 2], [8, 5], [7, 1], [0, 2], [2, 4]]
2026-03-23 20:52:40,560 - INFO - episode:789 totalReward:-100 Actions:[[1, 0], [3, 5], [2, 2], [4, 3], [9, 0], [8, 4], [0, 3], [6, 1], [7, 1], [5, 5]]
2026-03-23 20:52:40,630 - INFO - episode:790 totalReward:-100 Actions:[[1, 0]]
2026-03-23 20:52:40,723 - INFO - episode:791 totalReward:-100 Actions:[[1, 0], [6, 4], [4, 2], [5, 0], [0, 4], [2, 2], [8, 3], [7, 4], [3, 4], [9, 2]]
2026-03-23 20:52:40,792 - INFO - episode:792 totalReward:-100 Actions:[[1, 0], [5, 2], [3, 0], [2, 3], [4, 2], [9, 3], [7, 5], [6, 2], [8, 4], [0, 2]]
2026-03-23 20:52:40,988 - INFO - episode:793 totalReward:-100 Actions:[[1, 0], [0, 1], [4, 4], [3, 1], [2, 1], [9, 1], [7, 2], [8, 3], [5, 0], [6, 5]]
2026-03-23 20:52:41,118 - INFO - episode:794 totalReward:521.4882460485146 Actions:[[1, 0], [8, 1], [9, 4], [6, 0], [5, 2], [7, 5], [2, 4], [0, 4], [4, 5], [3, 4]]
2026-03-23 20:52:41,166 - INFO - episode:795 totalReward:-100 Actions:[[1, 4], [9, 2], [4, 2], [2, 3], [8, 1], [5, 4], [6, 0], [3, 0], [0, 3], [7, 5]]
2026-03-23 20:52:41,498 - INFO - episode:796 totalReward:-100 Actions:[[1, 4], [9, 2], [6, 0], [4, 2], [2, 4], [5, 0], [0, 5], [3, 3], [7, 2], [8, 1]]
2026-03-23 20:52:41,557 - INFO - episode:797 totalReward:-100 Actions:[[9, 2], [4, 2], [7, 2], [6, 2], [1, 5], [0, 4], [8, 0], [2, 4], [3, 4], [5, 3]]
2026-03-23 20:52:41,695 - INFO - episode:798 totalReward:-100 Actions:[[5, 1], [4, 1], [9, 0], [7, 1], [2, 1], [8, 4], [0, 2], [3, 3], [1, 0], [6, 5]]
2026-03-23 20:52:41,806 - INFO - episode:799 totalReward:-100 Actions:[[5, 1], [6, 3], [2, 3], [4, 1], [9, 4], [0, 3], [3, 0], [7, 0], [8, 2], [1, 4]]
2026-03-23 20:52:41,806 - INFO - maxReward:1239.0286913503815 maxActions:[[8, 0], [9, 1], [5, 3], [7, 1], [1, 3], [4, 1], [0, 1], [6, 5], [2, 5], [3, 4]]
