
2025-02-27 22:28:15,293 - INFO - episode:0 totalReward:11.098269595163176 Actions:[[4, 5], [1, 2], [0, 0], [3, 0], [5, 5], [9, 4], [7, 2], [2, 0], [8, 3], [6, 0]]
2025-02-27 22:28:15,299 - INFO - episode:1 totalReward:11.064759959466766 Actions:[[4, 1], [3, 0], [9, 2], [1, 0], [2, 1], [5, 2], [6, 1], [0, 3], [7, 2], [8, 4]]
2025-02-27 22:28:15,310 - INFO - episode:2 totalReward:19.712955777750917 Actions:[[1, 0], [6, 3], [3, 5], [0, 0], [9, 1], [5, 3], [2, 2], [7, 3], [4, 1], [8, 4]]
2025-02-27 22:28:15,317 - INFO - episode:3 totalReward:17.73781210038677 Actions:[[5, 0], [6, 1], [4, 3], [8, 4], [2, 5], [0, 5], [3, 5], [1, 1], [9, 3], [7, 0]]
2025-02-27 22:28:15,323 - INFO - episode:4 totalReward:12.780283159747615 Actions:[[8, 4], [5, 3], [7, 5], [4, 2], [1, 0], [2, 2], [9, 2], [6, 1], [0, 0], [3, 2]]
2025-02-27 22:28:15,337 - INFO - episode:5 totalReward:14.705893872560056 Actions:[[2, 4], [3, 4], [5, 3], [9, 1], [7, 0], [0, 1], [4, 2], [6, 4], [1, 2], [8, 5]]
2025-02-27 22:28:15,340 - INFO - episode:6 totalReward:8.004567876353237 Actions:[[8, 4], [5, 1], [2, 5], [0, 1], [9, 5], [1, 3], [3, 3], [7, 1], [6, 5], [4, 5]]
2025-02-27 22:28:15,388 - INFO - episode:7 totalReward:16.202229153169938 Actions:[[5, 3], [3, 1], [8, 5], [0, 0], [4, 1], [6, 0], [7, 4], [9, 4], [1, 2], [2, 1]]
2025-02-27 22:28:15,428 - INFO - episode:8 totalReward:19.066815005072854 Actions:[[8, 4], [6, 2], [2, 1], [9, 3], [3, 5], [1, 5], [4, 3], [0, 0], [7, 1], [5, 2]]
2025-02-27 22:28:15,460 - INFO - episode:9 totalReward:15.725179982302532 Actions:[[9, 0], [1, 0], [5, 1], [8, 3], [3, 5], [6, 2], [0, 5], [7, 1], [2, 5], [4, 1]]
2025-02-27 22:28:15,500 - INFO - episode:10 totalReward:34.32459467308285 Actions:[[4, 0], [2, 3], [8, 1], [0, 5], [3, 2], [6, 5], [5, 4], [7, 0], [9, 2], [1, 3]]
2025-02-27 22:28:15,555 - INFO - episode:11 totalReward:17.034102309454365 Actions:[[9, 1], [1, 0], [4, 0], [0, 4], [7, 4], [5, 4], [3, 2], [6, 5], [2, 1], [8, 3]]
2025-02-27 22:28:15,591 - INFO - episode:12 totalReward:16.33926485828638 Actions:[[6, 0], [3, 4], [0, 3], [2, 3], [4, 0], [5, 0], [7, 0], [8, 5], [1, 1], [9, 1]]
2025-02-27 22:28:15,632 - INFO - episode:13 totalReward:20.75787959730965 Actions:[[9, 0], [2, 4], [5, 2], [8, 1], [6, 5], [7, 0], [3, 5], [4, 2], [0, 3], [1, 4]]
2025-02-27 22:28:15,665 - INFO - episode:14 totalReward:13.884154029650999 Actions:[[5, 3], [9, 1], [3, 1], [4, 2], [8, 0], [0, 4], [6, 1], [1, 2], [2, 5], [7, 1]]
2025-02-27 22:28:15,704 - INFO - episode:15 totalReward:29.876866334067877 Actions:[[5, 0], [0, 3], [8, 5], [4, 1], [9, 3], [7, 4], [2, 0], [3, 4], [1, 2], [6, 2]]
2025-02-27 22:28:15,740 - INFO - episode:16 totalReward:8.886777614694346 Actions:[[2, 4], [7, 4], [4, 3], [3, 4], [6, 4], [8, 1], [5, 2], [0, 5], [1, 2], [9, 3]]
2025-02-27 22:28:15,773 - INFO - episode:17 totalReward:18.829587220616908 Actions:[[1, 1], [2, 1], [3, 3], [9, 0], [5, 2], [0, 3], [4, 2], [7, 4], [8, 5], [6, 0]]
2025-02-27 22:28:15,805 - INFO - episode:18 totalReward:13.137069847779152 Actions:[[3, 0], [0, 0], [8, 1], [6, 0], [5, 3], [9, 3], [4, 4], [1, 2], [2, 0], [7, 4]]
2025-02-27 22:28:15,838 - INFO - episode:19 totalReward:0 Actions:[[7, 3], [4, 4], [6, 4], [9, 5], [0, 0], [1, 2], [5, 0], [3, 4], [2, 1]]
2025-02-27 22:28:15,865 - INFO - episode:20 totalReward:26.41941494147534 Actions:[[4, 5], [2, 1], [0, 4], [7, 2], [1, 2], [5, 4], [9, 1], [3, 3], [6, 3], [8, 0]]
2025-02-27 22:28:15,905 - INFO - episode:21 totalReward:11.124493016444411 Actions:[[1, 3], [9, 4], [5, 0], [4, 1], [3, 1], [2, 3], [7, 0], [8, 2], [6, 5], [0, 1]]
2025-02-27 22:28:15,935 - INFO - episode:22 totalReward:9.698816294572591 Actions:[[4, 2], [9, 4], [3, 3], [6, 3], [7, 2], [2, 4], [5, 5], [1, 5], [8, 0], [0, 3]]
2025-02-27 22:28:15,969 - INFO - episode:23 totalReward:17.14305986558993 Actions:[[2, 0], [9, 1], [7, 0], [0, 2], [1, 4], [8, 5], [4, 2], [3, 0], [6, 2], [5, 3]]
2025-02-27 22:28:16,002 - INFO - episode:24 totalReward:17.330628738751468 Actions:[[1, 2], [5, 5], [8, 3], [0, 1], [2, 1], [3, 4], [9, 4], [4, 4], [7, 0], [6, 5]]
2025-02-27 22:28:16,030 - INFO - episode:25 totalReward:0 Actions:[[9, 4], [7, 3], [2, 2], [3, 2], [6, 5], [5, 1], [0, 1], [4, 1], [1, 0]]
2025-02-27 22:28:16,067 - INFO - episode:26 totalReward:14.987763257861033 Actions:[[7, 0], [9, 0], [0, 0], [2, 5], [5, 5], [4, 5], [8, 2], [6, 4], [3, 3], [1, 1]]
2025-02-27 22:28:16,107 - INFO - episode:27 totalReward:12.89532296473723 Actions:[[7, 5], [2, 1], [0, 1], [6, 1], [3, 5], [4, 5], [5, 1], [9, 2], [1, 0], [8, 3]]
2025-02-27 22:28:16,138 - INFO - episode:28 totalReward:15.273742093078647 Actions:[[9, 1], [2, 1], [1, 0], [0, 0], [7, 3], [5, 3], [3, 4], [8, 2], [6, 1], [4, 3]]
2025-02-27 22:28:16,171 - INFO - episode:29 totalReward:16.80299640426275 Actions:[[0, 5], [7, 1], [9, 5], [6, 0], [8, 3], [2, 2], [3, 5], [1, 0], [5, 2], [4, 4]]
2025-02-27 22:28:16,208 - INFO - episode:30 totalReward:24.353199658372116 Actions:[[8, 3], [5, 0], [3, 4], [7, 2], [0, 0], [6, 2], [2, 0], [1, 5], [9, 1], [4, 2]]
2025-02-27 22:28:16,248 - INFO - episode:31 totalReward:11.290411955705181 Actions:[[1, 0], [6, 3], [2, 5], [3, 3], [9, 3], [0, 1], [5, 3], [4, 2], [8, 4], [7, 1]]
2025-02-27 22:28:16,284 - INFO - episode:32 totalReward:12.46610214029982 Actions:[[4, 4], [0, 0], [8, 3], [1, 4], [5, 1], [6, 5], [9, 5], [2, 0], [3, 1], [7, 0]]
2025-02-27 22:28:16,313 - INFO - episode:33 totalReward:19.4012613554064 Actions:[[6, 3], [9, 0], [7, 4], [2, 0], [3, 2], [0, 2], [4, 0], [5, 4], [8, 1], [1, 3]]
2025-02-27 22:28:16,336 - INFO - episode:34 totalReward:0 Actions:[[3, 0], [6, 2], [4, 1], [0, 5], [1, 2], [7, 5], [9, 3], [2, 4], [5, 0]]
2025-02-27 22:28:16,367 - INFO - episode:35 totalReward:18.544544702355125 Actions:[[3, 1], [7, 2], [8, 0], [4, 1], [6, 2], [2, 3], [5, 4], [0, 2], [9, 4], [1, 5]]
2025-02-27 22:28:16,393 - INFO - episode:36 totalReward:35.95839773993014 Actions:[[6, 1], [4, 3], [7, 3], [0, 0], [9, 0], [5, 2], [3, 5], [2, 3], [1, 2], [8, 4]]
2025-02-27 22:28:16,432 - INFO - episode:37 totalReward:21.17630060669352 Actions:[[5, 5], [2, 2], [9, 0], [8, 3], [7, 2], [6, 1], [3, 0], [4, 4], [0, 5], [1, 1]]
2025-02-27 22:28:16,487 - INFO - episode:38 totalReward:13.485725665230492 Actions:[[6, 0], [9, 4], [0, 1], [3, 2], [2, 1], [4, 0], [5, 2], [7, 0], [1, 3], [8, 5]]
2025-02-27 22:28:16,536 - INFO - episode:39 totalReward:15.445692049790747 Actions:[[4, 2], [9, 4], [5, 4], [2, 2], [0, 4], [7, 0], [3, 2], [1, 1], [6, 1], [8, 5]]
2025-02-27 22:28:16,563 - INFO - episode:40 totalReward:19.715801105716405 Actions:[[4, 0], [1, 5], [7, 3], [3, 4], [0, 3], [6, 2], [2, 5], [9, 0], [5, 4], [8, 1]]
2025-02-27 22:28:16,610 - INFO - episode:41 totalReward:15.782573018894023 Actions:[[0, 1], [7, 5], [4, 1], [2, 3], [6, 0], [1, 0], [9, 2], [3, 5], [5, 1], [8, 4]]
2025-02-27 22:28:16,646 - INFO - episode:42 totalReward:10.11698161456607 Actions:[[1, 4], [8, 0], [6, 3], [3, 1], [5, 2], [0, 3], [4, 4], [7, 3], [9, 3], [2, 1]]
2025-02-27 22:28:16,680 - INFO - episode:43 totalReward:42.30449631126719 Actions:[[0, 4], [6, 2], [2, 3], [1, 4], [9, 3], [7, 2], [5, 1], [3, 5], [8, 0], [4, 1]]
2025-02-27 22:28:16,705 - INFO - episode:44 totalReward:14.706409285524476 Actions:[[2, 0], [6, 5], [9, 4], [7, 1], [4, 3], [8, 2], [3, 4], [1, 1], [5, 4], [0, 4]]
2025-02-27 22:28:16,742 - INFO - episode:45 totalReward:21.055173819436884 Actions:[[0, 1], [9, 2], [1, 1], [4, 2], [8, 5], [3, 4], [5, 3], [2, 3], [7, 3], [6, 4]]
2025-02-27 22:28:16,775 - INFO - episode:46 totalReward:13.336221134678373 Actions:[[7, 5], [1, 2], [8, 0], [2, 4], [9, 2], [4, 1], [6, 4], [5, 5], [0, 5], [3, 1]]
2025-02-27 22:28:16,834 - INFO - episode:47 totalReward:12.065640997261847 Actions:[[5, 3], [8, 5], [6, 0], [9, 0], [3, 1], [2, 4], [1, 1], [4, 3], [7, 2], [0, 3]]
2025-02-27 22:28:16,881 - INFO - episode:48 totalReward:0 Actions:[[1, 1], [3, 4], [0, 3], [2, 1], [7, 4], [5, 5], [9, 0], [6, 2], [4, 4]]
2025-02-27 22:28:16,921 - INFO - episode:49 totalReward:15.318161127719724 Actions:[[8, 2], [3, 4], [7, 3], [5, 4], [6, 4], [1, 5], [0, 1], [9, 0], [2, 0], [4, 4]]
2025-02-27 22:28:16,963 - INFO - episode:50 totalReward:12.957418752371705 Actions:[[1, 0], [0, 4], [5, 5], [3, 0], [6, 4], [7, 5], [2, 3], [8, 2], [9, 5], [4, 3]]
2025-02-27 22:28:17,011 - INFO - episode:51 totalReward:13.877005148266852 Actions:[[4, 0], [0, 3], [5, 1], [9, 1], [1, 2], [3, 2], [6, 3], [7, 3], [2, 5], [8, 4]]
2025-02-27 22:28:17,044 - INFO - episode:52 totalReward:15.056987457079337 Actions:[[3, 0], [8, 1], [5, 0], [4, 5], [0, 5], [2, 3], [9, 4], [7, 3], [6, 3], [1, 4]]
2025-02-27 22:28:17,076 - INFO - episode:53 totalReward:18.016194751465218 Actions:[[8, 2], [9, 5], [2, 4], [3, 5], [1, 4], [5, 1], [0, 5], [7, 3], [6, 3], [4, 0]]
2025-02-27 22:28:17,113 - INFO - episode:54 totalReward:17.99407505313472 Actions:[[5, 2], [6, 1], [1, 4], [3, 3], [8, 5], [9, 4], [4, 1], [0, 3], [7, 2], [2, 0]]
2025-02-27 22:28:17,150 - INFO - episode:55 totalReward:13.830251023494123 Actions:[[5, 5], [2, 5], [4, 2], [7, 2], [9, 0], [0, 3], [1, 4], [3, 4], [6, 0], [8, 1]]
2025-02-27 22:28:17,192 - INFO - episode:56 totalReward:51.561993703474364 Actions:[[0, 0], [9, 4], [6, 3], [4, 3], [3, 1], [5, 0], [7, 5], [1, 4], [2, 5], [8, 2]]
2025-02-27 22:28:17,235 - INFO - episode:57 totalReward:31.457341748250585 Actions:[[5, 0], [6, 1], [2, 0], [3, 4], [7, 0], [8, 5], [1, 1], [9, 3], [4, 4], [0, 2]]
2025-02-27 22:28:17,265 - INFO - episode:58 totalReward:0 Actions:[[7, 2], [1, 5], [9, 1], [2, 1], [6, 1], [0, 3], [3, 4], [4, 0], [5, 4]]
2025-02-27 22:28:17,310 - INFO - episode:59 totalReward:25.581133291173224 Actions:[[7, 3], [1, 1], [0, 1], [4, 5], [5, 3], [9, 4], [2, 2], [3, 5], [6, 3], [8, 0]]
2025-02-27 22:28:17,335 - INFO - episode:60 totalReward:22.003290135581185 Actions:[[3, 5], [5, 3], [0, 0], [4, 3], [9, 1], [8, 2], [1, 1], [7, 3], [6, 4], [2, 5]]
2025-02-27 22:28:17,365 - INFO - episode:61 totalReward:27.2174617285859 Actions:[[6, 1], [2, 4], [1, 1], [7, 5], [4, 5], [5, 2], [9, 2], [0, 3], [3, 5], [8, 0]]
2025-02-27 22:28:17,405 - INFO - episode:62 totalReward:9.512679103778698 Actions:[[6, 1], [1, 0], [5, 3], [9, 4], [7, 4], [2, 4], [8, 2], [0, 4], [4, 5], [3, 5]]
2025-02-27 22:28:17,442 - INFO - episode:63 totalReward:19.875258474983283 Actions:[[6, 4], [7, 3], [5, 5], [0, 3], [3, 5], [4, 0], [1, 4], [2, 2], [8, 1], [9, 0]]
2025-02-27 22:28:17,479 - INFO - episode:64 totalReward:13.620931159518733 Actions:[[0, 3], [5, 0], [2, 4], [7, 4], [4, 1], [3, 3], [8, 5], [1, 1], [9, 4], [6, 3]]
2025-02-27 22:28:17,510 - INFO - episode:65 totalReward:9.2898531773043 Actions:[[8, 1], [5, 5], [2, 5], [4, 5], [7, 0], [6, 2], [9, 2], [3, 4], [1, 4], [0, 5]]
2025-02-27 22:28:17,563 - INFO - episode:66 totalReward:19.939794374696895 Actions:[[6, 4], [9, 4], [2, 1], [3, 4], [7, 5], [1, 1], [5, 2], [0, 2], [4, 5], [8, 3]]
2025-02-27 22:28:17,618 - INFO - episode:67 totalReward:11.344620145414959 Actions:[[8, 5], [0, 0], [5, 0], [9, 0], [1, 2], [2, 1], [4, 0], [7, 2], [6, 3], [3, 3]]
2025-02-27 22:28:17,656 - INFO - episode:68 totalReward:8.599844160046787 Actions:[[9, 3], [0, 5], [1, 4], [2, 4], [6, 5], [7, 5], [3, 5], [4, 0], [8, 2], [5, 0]]
2025-02-27 22:28:17,696 - INFO - episode:69 totalReward:12.915343695684744 Actions:[[8, 0], [7, 1], [4, 4], [5, 2], [6, 1], [0, 4], [9, 5], [2, 1], [3, 5], [1, 2]]
2025-02-27 22:28:17,739 - INFO - episode:70 totalReward:6.035288602053108 Actions:[[4, 1], [5, 1], [7, 5], [3, 5], [6, 5], [2, 1], [1, 0], [0, 5], [9, 1], [8, 4]]
2025-02-27 22:28:17,796 - INFO - episode:71 totalReward:21.42251011974004 Actions:[[4, 3], [2, 1], [0, 3], [6, 2], [7, 0], [5, 1], [3, 2], [9, 1], [1, 5], [8, 4]]
2025-02-27 22:28:17,830 - INFO - episode:72 totalReward:16.182213435768684 Actions:[[7, 1], [2, 0], [9, 3], [3, 2], [6, 3], [4, 1], [5, 2], [8, 5], [1, 4], [0, 0]]
2025-02-27 22:28:17,864 - INFO - episode:73 totalReward:19.683729384923204 Actions:[[5, 5], [8, 4], [3, 3], [1, 2], [0, 0], [2, 1], [9, 2], [6, 1], [4, 3], [7, 0]]
2025-02-27 22:28:17,900 - INFO - episode:74 totalReward:0 Actions:[[5, 2], [7, 1], [3, 5], [9, 4], [0, 4], [2, 5], [4, 3], [1, 0], [6, 3]]
2025-02-27 22:28:17,950 - INFO - episode:75 totalReward:11.945544239037776 Actions:[[2, 4], [1, 0], [7, 5], [5, 5], [0, 4], [4, 5], [9, 4], [6, 2], [3, 3], [8, 1]]
2025-02-27 22:28:18,011 - INFO - episode:76 totalReward:11.148042394394254 Actions:[[2, 2], [1, 5], [3, 3], [7, 1], [6, 3], [0, 5], [4, 3], [9, 1], [8, 0], [5, 3]]
2025-02-27 22:28:18,059 - INFO - episode:77 totalReward:20.855703972909755 Actions:[[3, 3], [8, 4], [4, 1], [6, 2], [0, 2], [2, 3], [9, 1], [1, 5], [5, 5], [7, 1]]
2025-02-27 22:28:18,108 - INFO - episode:78 totalReward:21.005195545070407 Actions:[[6, 3], [3, 0], [4, 4], [7, 3], [2, 5], [1, 5], [5, 1], [0, 4], [9, 1], [8, 2]]
2025-02-27 22:28:18,141 - INFO - episode:79 totalReward:11.846000776432387 Actions:[[7, 2], [4, 3], [3, 5], [5, 4], [1, 4], [8, 1], [0, 5], [9, 2], [2, 5], [6, 5]]
2025-02-27 22:28:18,184 - INFO - episode:80 totalReward:18.420759659340142 Actions:[[6, 1], [0, 2], [3, 0], [5, 1], [8, 4], [7, 3], [4, 0], [2, 5], [1, 2], [9, 3]]
2025-02-27 22:28:18,237 - INFO - episode:81 totalReward:43.43454744529775 Actions:[[7, 5], [1, 5], [9, 3], [0, 0], [3, 2], [2, 4], [5, 3], [4, 2], [6, 4], [8, 1]]
2025-02-27 22:28:18,277 - INFO - episode:82 totalReward:23.735805813208152 Actions:[[2, 5], [9, 0], [0, 3], [7, 1], [6, 3], [1, 2], [5, 3], [4, 5], [3, 5], [8, 4]]
2025-02-27 22:28:18,332 - INFO - episode:83 totalReward:10.901169120665445 Actions:[[9, 3], [6, 4], [1, 0], [2, 4], [7, 2], [4, 0], [3, 4], [5, 3], [0, 3], [8, 5]]
2025-02-27 22:28:18,379 - INFO - episode:84 totalReward:9.022177115883078 Actions:[[8, 0], [3, 1], [9, 5], [6, 3], [5, 4], [7, 1], [1, 3], [4, 5], [0, 1], [2, 5]]
2025-02-27 22:28:18,422 - INFO - episode:85 totalReward:8.303700268786574 Actions:[[7, 4], [4, 4], [8, 3], [6, 4], [9, 5], [5, 5], [1, 1], [0, 4], [3, 1], [2, 0]]
2025-02-27 22:28:18,465 - INFO - episode:86 totalReward:44.14349863097594 Actions:[[8, 0], [4, 5], [6, 3], [1, 3], [2, 1], [5, 2], [0, 1], [3, 5], [7, 4], [9, 4]]
2025-02-27 22:28:18,502 - INFO - episode:87 totalReward:52.80143522211174 Actions:[[7, 2], [1, 2], [6, 4], [3, 3], [0, 4], [2, 5], [8, 0], [5, 5], [4, 3], [9, 1]]
2025-02-27 22:28:18,542 - INFO - episode:88 totalReward:19.616670253729506 Actions:[[1, 5], [4, 4], [9, 2], [3, 3], [8, 0], [5, 5], [2, 1], [6, 3], [0, 4], [7, 1]]
2025-02-27 22:28:18,592 - INFO - episode:89 totalReward:9.571063756414096 Actions:[[1, 1], [4, 5], [3, 3], [9, 3], [5, 3], [0, 3], [2, 5], [7, 1], [6, 5], [8, 4]]
2025-02-27 22:28:18,649 - INFO - episode:90 totalReward:9.944105816733417 Actions:[[1, 3], [7, 0], [3, 0], [5, 1], [6, 1], [8, 5], [9, 1], [2, 0], [4, 1], [0, 3]]
2025-02-27 22:28:18,711 - INFO - episode:91 totalReward:13.663067286496505 Actions:[[8, 5], [1, 2], [4, 3], [7, 1], [6, 4], [3, 2], [9, 3], [0, 4], [2, 4], [5, 4]]
2025-02-27 22:28:18,767 - INFO - episode:92 totalReward:23.668233638769657 Actions:[[7, 2], [4, 1], [1, 2], [3, 0], [0, 5], [6, 4], [2, 4], [9, 4], [5, 0], [8, 3]]
2025-02-27 22:28:18,819 - INFO - episode:93 totalReward:15.088552439075551 Actions:[[2, 1], [9, 3], [5, 3], [3, 2], [7, 0], [1, 4], [6, 4], [0, 1], [4, 0], [8, 5]]
2025-02-27 22:28:18,855 - INFO - episode:94 totalReward:12.551737630562133 Actions:[[2, 1], [6, 1], [4, 5], [1, 0], [3, 0], [0, 3], [8, 4], [7, 5], [9, 1], [5, 1]]
2025-02-27 22:28:18,896 - INFO - episode:95 totalReward:36.64023674270646 Actions:[[8, 5], [1, 0], [0, 0], [9, 4], [2, 2], [6, 4], [5, 1], [3, 1], [7, 2], [4, 3]]
2025-02-27 22:28:18,928 - INFO - episode:96 totalReward:0 Actions:[[3, 2], [7, 3], [0, 2], [6, 2], [1, 1], [4, 4], [5, 5], [9, 0], [2, 3]]
2025-02-27 22:28:18,997 - INFO - episode:97 totalReward:19.031684917917254 Actions:[[4, 1], [9, 1], [8, 5], [5, 0], [3, 2], [0, 1], [7, 3], [6, 4], [1, 2], [2, 4]]
2025-02-27 22:28:19,052 - INFO - episode:98 totalReward:17.757063150589925 Actions:[[7, 0], [8, 1], [1, 4], [5, 5], [9, 2], [2, 4], [4, 0], [0, 5], [6, 5], [3, 2]]
2025-02-27 22:28:19,102 - INFO - episode:99 totalReward:9.031325147517851 Actions:[[2, 0], [0, 0], [5, 1], [6, 4], [1, 5], [3, 5], [8, 3], [9, 1], [4, 0], [7, 1]]
2025-02-27 22:28:19,150 - INFO - episode:100 totalReward:16.211884414846438 Actions:[[2, 2], [5, 4], [1, 4], [7, 5], [6, 5], [3, 0], [8, 3], [0, 5], [9, 2], [4, 1]]
2025-02-27 22:28:19,200 - INFO - episode:101 totalReward:23.826752976198755 Actions:[[4, 3], [5, 0], [1, 4], [2, 5], [7, 2], [6, 5], [9, 0], [0, 5], [3, 4], [8, 1]]
2025-02-27 22:28:19,244 - INFO - episode:102 totalReward:13.882437092895334 Actions:[[9, 4], [3, 5], [4, 1], [0, 5], [1, 2], [2, 3], [6, 2], [7, 5], [5, 4], [8, 0]]
2025-02-27 22:28:19,287 - INFO - episode:103 totalReward:19.370627440308418 Actions:[[8, 3], [6, 2], [9, 2], [3, 4], [7, 2], [5, 4], [0, 1], [2, 1], [4, 5], [1, 5]]
2025-02-27 22:28:19,336 - INFO - episode:104 totalReward:15.808063384966411 Actions:[[3, 3], [6, 1], [9, 3], [1, 1], [0, 4], [7, 2], [4, 4], [5, 2], [8, 0], [2, 2]]
2025-02-27 22:28:19,397 - INFO - episode:105 totalReward:14.513511473452384 Actions:[[9, 4], [0, 2], [5, 0], [6, 5], [2, 5], [7, 5], [1, 0], [3, 5], [4, 1], [8, 3]]
2025-02-27 22:28:19,437 - INFO - episode:106 totalReward:33.40934884614965 Actions:[[2, 4], [5, 5], [3, 2], [7, 2], [1, 3], [0, 4], [4, 5], [6, 0], [9, 0], [8, 1]]
2025-02-27 22:28:19,483 - INFO - episode:107 totalReward:36.39721007673782 Actions:[[4, 1], [3, 3], [1, 4], [9, 2], [5, 2], [2, 5], [0, 3], [6, 5], [8, 0], [7, 5]]
2025-02-27 22:28:19,538 - INFO - episode:108 totalReward:11.182417555464395 Actions:[[8, 3], [0, 1], [2, 2], [5, 2], [9, 5], [1, 4], [6, 1], [7, 0], [3, 2], [4, 1]]
2025-02-27 22:28:19,576 - INFO - episode:109 totalReward:38.704469461754215 Actions:[[8, 4], [5, 2], [0, 3], [3, 5], [2, 3], [6, 5], [4, 5], [7, 1], [9, 1], [1, 0]]
2025-02-27 22:28:19,623 - INFO - episode:110 totalReward:42.89289233161494 Actions:[[8, 4], [5, 2], [4, 0], [0, 3], [1, 3], [3, 5], [7, 1], [6, 5], [2, 1], [9, 0]]
2025-02-27 22:28:19,699 - INFO - episode:111 totalReward:47.20639851973055 Actions:[[8, 3], [0, 0], [6, 0], [3, 5], [4, 4], [1, 5], [5, 2], [2, 2], [7, 4], [9, 1]]
2025-02-27 22:28:19,744 - INFO - episode:112 totalReward:11.95415489935268 Actions:[[9, 2], [8, 3], [0, 0], [6, 5], [5, 5], [4, 1], [1, 4], [7, 1], [2, 0], [3, 1]]
2025-02-27 22:28:19,781 - INFO - episode:113 totalReward:0 Actions:[[0, 5], [6, 5], [9, 0], [4, 2], [7, 4], [1, 1], [3, 3], [5, 0], [2, 4]]
2025-02-27 22:28:19,828 - INFO - episode:114 totalReward:0 Actions:[[3, 5], [7, 4], [6, 3], [9, 1], [2, 4], [5, 4], [4, 0], [1, 1], [0, 2]]
2025-02-27 22:28:19,862 - INFO - episode:115 totalReward:17.645331925247433 Actions:[[4, 1], [2, 4], [0, 4], [5, 5], [3, 3], [9, 1], [7, 1], [6, 4], [1, 3], [8, 2]]
2025-02-27 22:28:19,903 - INFO - episode:116 totalReward:0 Actions:[[2, 0], [1, 2], [9, 4], [0, 0], [7, 1], [4, 5], [6, 1], [5, 3], [3, 0]]
2025-02-27 22:28:19,949 - INFO - episode:117 totalReward:0 Actions:[[4, 0], [7, 3], [3, 5], [2, 1], [5, 3], [6, 4], [9, 4], [0, 5], [1, 2]]
2025-02-27 22:28:20,009 - INFO - episode:118 totalReward:37.10628821462428 Actions:[[3, 1], [6, 3], [7, 0], [9, 0], [0, 3], [1, 2], [4, 5], [5, 1], [2, 0], [8, 4]]
2025-02-27 22:28:20,045 - INFO - episode:119 totalReward:11.034175540476804 Actions:[[8, 2], [2, 0], [0, 1], [1, 5], [9, 4], [3, 4], [6, 4], [7, 1], [5, 1], [4, 5]]
2025-02-27 22:28:20,096 - INFO - episode:120 totalReward:12.70415982515312 Actions:[[8, 5], [5, 4], [9, 2], [1, 4], [2, 2], [6, 2], [3, 3], [4, 0], [7, 1], [0, 0]]
2025-02-27 22:28:20,141 - INFO - episode:121 totalReward:30.469009602262723 Actions:[[8, 1], [4, 5], [3, 0], [7, 0], [9, 4], [2, 5], [1, 3], [6, 2], [5, 2], [0, 3]]
2025-02-27 22:28:20,174 - INFO - episode:122 totalReward:15.496157214637863 Actions:[[2, 1], [6, 3], [3, 2], [5, 3], [9, 4], [7, 5], [8, 0], [0, 5], [4, 3], [1, 2]]
2025-02-27 22:28:20,227 - INFO - episode:123 totalReward:0 Actions:[[1, 0], [0, 1], [4, 3], [9, 0], [5, 4], [6, 5], [3, 1], [7, 2], [2, 5]]
2025-02-27 22:28:20,276 - INFO - episode:124 totalReward:15.970008660857907 Actions:[[8, 3], [3, 2], [2, 5], [7, 4], [6, 2], [1, 5], [4, 1], [0, 1], [9, 1], [5, 4]]
2025-02-27 22:28:20,321 - INFO - episode:125 totalReward:10.367669380745363 Actions:[[0, 5], [5, 5], [9, 4], [7, 5], [4, 3], [1, 3], [3, 0], [6, 5], [2, 4], [8, 2]]
2025-02-27 22:28:20,367 - INFO - episode:126 totalReward:14.030108869873025 Actions:[[5, 1], [0, 5], [6, 2], [7, 4], [2, 0], [9, 4], [1, 0], [4, 5], [3, 1], [8, 3]]
2025-02-27 22:28:20,422 - INFO - episode:127 totalReward:13.56886420692063 Actions:[[1, 5], [4, 3], [8, 2], [0, 0], [6, 1], [5, 3], [9, 0], [3, 1], [7, 3], [2, 3]]
2025-02-27 22:28:20,475 - INFO - episode:128 totalReward:10.160204959878216 Actions:[[8, 3], [1, 4], [0, 0], [6, 4], [3, 0], [5, 0], [9, 5], [4, 1], [2, 0], [7, 2]]
2025-02-27 22:28:20,518 - INFO - episode:129 totalReward:12.872874267158021 Actions:[[1, 1], [7, 4], [6, 4], [3, 0], [5, 1], [8, 5], [9, 3], [4, 4], [0, 0], [2, 0]]
2025-02-27 22:28:20,589 - INFO - episode:130 totalReward:7.706629952924684 Actions:[[8, 4], [2, 0], [5, 2], [4, 2], [3, 2], [1, 0], [7, 3], [0, 2], [6, 3], [9, 5]]
2025-02-27 22:28:20,633 - INFO - episode:131 totalReward:13.557777160139675 Actions:[[5, 2], [1, 2], [8, 0], [0, 4], [9, 3], [7, 5], [6, 3], [4, 5], [3, 4], [2, 1]]
2025-02-27 22:28:20,681 - INFO - episode:132 totalReward:13.137695301944714 Actions:[[2, 4], [8, 3], [4, 2], [6, 4], [9, 4], [3, 4], [1, 5], [5, 2], [7, 5], [0, 0]]
2025-02-27 22:28:20,727 - INFO - episode:133 totalReward:12.535963996715253 Actions:[[0, 0], [6, 3], [3, 1], [8, 5], [1, 3], [5, 4], [9, 4], [4, 4], [2, 0], [7, 1]]
2025-02-27 22:28:20,780 - INFO - episode:134 totalReward:6.811279576256653 Actions:[[2, 4], [8, 3], [0, 4], [9, 4], [5, 5], [6, 4], [3, 1], [4, 5], [7, 5], [1, 1]]
2025-02-27 22:28:20,838 - INFO - episode:135 totalReward:20.735681627905443 Actions:[[5, 5], [8, 0], [9, 3], [4, 1], [6, 2], [1, 4], [3, 1], [2, 4], [7, 1], [0, 5]]
2025-02-27 22:28:20,871 - INFO - episode:136 totalReward:0 Actions:[[6, 2], [2, 3], [7, 4], [4, 1], [3, 0], [5, 4], [9, 5], [1, 0], [0, 3]]
2025-02-27 22:28:20,926 - INFO - episode:137 totalReward:11.088874499554667 Actions:[[8, 3], [4, 1], [3, 0], [0, 4], [6, 0], [1, 2], [5, 2], [2, 4], [9, 0], [7, 4]]
2025-02-27 22:28:20,982 - INFO - episode:138 totalReward:8.890137230916329 Actions:[[6, 1], [5, 5], [8, 2], [0, 4], [4, 3], [7, 5], [1, 3], [2, 5], [3, 5], [9, 1]]
2025-02-27 22:28:21,029 - INFO - episode:139 totalReward:13.801880248670185 Actions:[[9, 0], [2, 5], [8, 4], [7, 5], [3, 1], [1, 0], [4, 2], [6, 2], [5, 3], [0, 5]]
2025-02-27 22:28:21,088 - INFO - episode:140 totalReward:14.9964475394349 Actions:[[3, 4], [8, 0], [9, 2], [7, 4], [0, 1], [1, 3], [4, 1], [5, 3], [2, 2], [6, 1]]
2025-02-27 22:28:21,168 - INFO - episode:141 totalReward:15.064330805580962 Actions:[[9, 2], [8, 0], [2, 5], [7, 5], [3, 3], [4, 3], [5, 5], [6, 1], [0, 4], [1, 4]]
2025-02-27 22:28:21,224 - INFO - episode:142 totalReward:7.978498693289266 Actions:[[2, 5], [0, 2], [7, 2], [1, 5], [9, 1], [6, 4], [4, 1], [5, 2], [3, 2], [8, 3]]
2025-02-27 22:28:21,268 - INFO - episode:143 totalReward:0 Actions:[[0, 2], [7, 5], [1, 4], [2, 0], [5, 3], [6, 3], [3, 1], [9, 0], [4, 2]]
2025-02-27 22:28:21,336 - INFO - episode:144 totalReward:11.521422604937392 Actions:[[1, 2], [2, 3], [7, 1], [9, 5], [0, 1], [5, 2], [4, 0], [3, 3], [6, 3], [8, 4]]
2025-02-27 22:28:21,392 - INFO - episode:145 totalReward:10.000124362571889 Actions:[[8, 3], [1, 5], [5, 5], [3, 1], [7, 1], [4, 0], [9, 2], [0, 0], [2, 0], [6, 2]]
2025-02-27 22:28:21,431 - INFO - episode:146 totalReward:0 Actions:[[5, 0], [3, 3], [2, 4], [7, 4], [0, 2], [6, 4], [4, 2], [1, 1], [9, 5]]
2025-02-27 22:28:21,492 - INFO - episode:147 totalReward:19.402280341060166 Actions:[[2, 5], [8, 1], [9, 0], [6, 4], [5, 3], [1, 0], [4, 5], [7, 3], [0, 2], [3, 4]]
2025-02-27 22:28:21,532 - INFO - episode:148 totalReward:7.00636692030337 Actions:[[8, 1], [1, 2], [4, 3], [0, 3], [6, 5], [3, 3], [7, 5], [9, 3], [5, 5], [2, 5]]
2025-02-27 22:28:21,568 - INFO - episode:149 totalReward:20.325074648186163 Actions:[[5, 1], [8, 5], [6, 1], [9, 4], [4, 0], [1, 2], [0, 1], [7, 3], [3, 4], [2, 2]]
2025-02-27 22:28:21,609 - INFO - episode:150 totalReward:16.726540499308847 Actions:[[4, 3], [9, 2], [8, 5], [6, 0], [3, 3], [0, 1], [5, 2], [7, 1], [2, 3], [1, 4]]
2025-02-27 22:28:21,683 - INFO - episode:151 totalReward:9.189337527878054 Actions:[[8, 3], [6, 5], [0, 4], [9, 4], [2, 0], [7, 2], [4, 5], [1, 2], [5, 4], [3, 4]]
2025-02-27 22:28:21,730 - INFO - episode:152 totalReward:9.327461254831203 Actions:[[1, 3], [6, 1], [3, 1], [9, 3], [5, 1], [0, 5], [2, 1], [4, 2], [7, 5], [8, 0]]
2025-02-27 22:28:21,782 - INFO - episode:153 totalReward:18.61795081726871 Actions:[[9, 1], [1, 0], [6, 1], [4, 0], [3, 5], [0, 4], [5, 1], [7, 1], [8, 2], [2, 3]]
2025-02-27 22:28:21,816 - INFO - episode:154 totalReward:9.581114998346365 Actions:[[1, 2], [4, 4], [5, 3], [9, 0], [8, 5], [7, 2], [6, 1], [0, 3], [3, 3], [2, 3]]
2025-02-27 22:28:21,871 - INFO - episode:155 totalReward:11.344397075226519 Actions:[[2, 1], [4, 2], [0, 4], [1, 2], [3, 3], [9, 3], [8, 5], [5, 1], [6, 4], [7, 4]]
2025-02-27 22:28:21,948 - INFO - episode:156 totalReward:6.63107177984532 Actions:[[8, 3], [6, 2], [5, 1], [9, 1], [2, 1], [3, 1], [1, 2], [0, 5], [4, 5], [7, 5]]
2025-02-27 22:28:22,014 - INFO - episode:157 totalReward:13.114291427350121 Actions:[[5, 4], [6, 3], [4, 0], [7, 3], [3, 0], [8, 1], [0, 0], [2, 2], [9, 2], [1, 4]]
2025-02-27 22:28:22,055 - INFO - episode:158 totalReward:22.773492999519046 Actions:[[3, 2], [0, 5], [7, 1], [1, 2], [9, 3], [5, 4], [6, 4], [2, 3], [4, 3], [8, 0]]
2025-02-27 22:28:22,109 - INFO - episode:159 totalReward:9.767603804309175 Actions:[[9, 2], [5, 4], [7, 1], [2, 2], [3, 2], [4, 0], [6, 4], [1, 1], [0, 0], [8, 3]]
2025-02-27 22:28:22,163 - INFO - episode:160 totalReward:8.767188001118418 Actions:[[6, 1], [0, 1], [1, 0], [2, 2], [3, 1], [8, 3], [7, 1], [5, 0], [4, 4], [9, 4]]
2025-02-27 22:28:22,212 - INFO - episode:161 totalReward:29.201396771670737 Actions:[[7, 0], [0, 3], [1, 1], [3, 3], [9, 0], [2, 5], [5, 0], [6, 2], [4, 1], [8, 4]]
2025-02-27 22:28:22,250 - INFO - episode:162 totalReward:17.924249137453323 Actions:[[6, 5], [8, 2], [5, 5], [4, 3], [1, 1], [3, 4], [9, 3], [2, 3], [0, 0], [7, 3]]
2025-02-27 22:28:22,295 - INFO - episode:163 totalReward:11.926613268107891 Actions:[[9, 1], [7, 3], [3, 0], [6, 3], [4, 0], [2, 0], [5, 4], [0, 1], [1, 4], [8, 2]]
2025-02-27 22:28:22,341 - INFO - episode:164 totalReward:7.209266188627109 Actions:[[5, 0], [6, 1], [8, 4], [9, 1], [0, 0], [2, 1], [7, 0], [4, 3], [1, 3], [3, 1]]
2025-02-27 22:28:22,420 - INFO - episode:165 totalReward:32.27563628662107 Actions:[[7, 0], [3, 1], [2, 0], [0, 3], [8, 5], [4, 2], [5, 1], [6, 2], [9, 3], [1, 4]]
2025-02-27 22:28:22,468 - INFO - episode:166 totalReward:9.027857993857753 Actions:[[5, 0], [7, 4], [2, 4], [0, 4], [4, 5], [3, 3], [1, 3], [9, 5], [8, 1], [6, 5]]
2025-02-27 22:28:22,520 - INFO - episode:167 totalReward:9.938625388152856 Actions:[[7, 3], [9, 4], [0, 3], [4, 1], [6, 5], [8, 0], [5, 3], [3, 3], [1, 1], [2, 2]]
2025-02-27 22:28:22,576 - INFO - episode:168 totalReward:9.20358847535121 Actions:[[6, 4], [9, 3], [3, 1], [4, 2], [8, 5], [1, 1], [7, 2], [5, 4], [0, 2], [2, 4]]
2025-02-27 22:28:22,624 - INFO - episode:169 totalReward:17.637378233388418 Actions:[[5, 1], [0, 1], [8, 4], [7, 5], [6, 0], [4, 5], [2, 1], [3, 3], [1, 3], [9, 0]]
2025-02-27 22:28:22,684 - INFO - episode:170 totalReward:7.855905207485882 Actions:[[8, 3], [1, 1], [9, 0], [0, 1], [4, 0], [2, 5], [5, 0], [3, 0], [7, 5], [6, 5]]
2025-02-27 22:28:22,748 - INFO - episode:171 totalReward:39.197506368407915 Actions:[[5, 5], [0, 2], [7, 1], [9, 4], [2, 1], [6, 5], [3, 0], [1, 0], [4, 4], [8, 3]]
2025-02-27 22:28:22,797 - INFO - episode:172 totalReward:16.910186056070057 Actions:[[7, 1], [9, 5], [5, 5], [6, 0], [1, 2], [8, 4], [4, 0], [0, 3], [2, 0], [3, 0]]
2025-02-27 22:28:22,867 - INFO - episode:173 totalReward:16.566778087778 Actions:[[7, 4], [0, 0], [6, 0], [5, 4], [3, 4], [1, 5], [9, 0], [2, 1], [4, 5], [8, 3]]
2025-02-27 22:28:22,921 - INFO - episode:174 totalReward:15.688437266025263 Actions:[[2, 3], [3, 3], [0, 1], [9, 1], [8, 0], [5, 2], [4, 1], [6, 3], [7, 5], [1, 4]]
2025-02-27 22:28:22,993 - INFO - episode:175 totalReward:18.625223201776187 Actions:[[9, 1], [7, 4], [3, 4], [1, 2], [4, 0], [2, 0], [6, 3], [0, 1], [5, 0], [8, 5]]
2025-02-27 22:28:23,044 - INFO - episode:176 totalReward:7.352957343844711 Actions:[[5, 1], [8, 4], [3, 5], [2, 1], [1, 0], [6, 2], [4, 5], [7, 5], [0, 5], [9, 2]]
2025-02-27 22:28:23,091 - INFO - episode:177 totalReward:15.049555686508153 Actions:[[2, 1], [4, 3], [0, 0], [3, 3], [5, 3], [6, 4], [8, 5], [1, 2], [9, 2], [7, 1]]
2025-02-27 22:28:23,123 - INFO - episode:178 totalReward:0 Actions:[[1, 3], [4, 0], [5, 4], [0, 4], [9, 0], [2, 1], [3, 2], [6, 5], [7, 1]]
2025-02-27 22:28:23,181 - INFO - episode:179 totalReward:19.76610762492387 Actions:[[1, 5], [3, 4], [0, 2], [5, 2], [6, 0], [2, 0], [7, 5], [9, 1], [4, 2], [8, 3]]
2025-02-27 22:28:23,239 - INFO - episode:180 totalReward:20.124071520887107 Actions:[[1, 4], [6, 5], [3, 0], [0, 3], [4, 3], [2, 4], [9, 1], [7, 1], [5, 3], [8, 2]]
2025-02-27 22:28:23,307 - INFO - episode:181 totalReward:11.783239036516958 Actions:[[6, 0], [3, 0], [8, 1], [0, 0], [9, 4], [5, 3], [1, 4], [2, 0], [7, 3], [4, 2]]
2025-02-27 22:28:23,370 - INFO - episode:182 totalReward:7.805770545960855 Actions:[[3, 3], [2, 3], [7, 4], [9, 4], [6, 2], [8, 1], [5, 4], [1, 2], [0, 4], [4, 3]]
2025-02-27 22:28:23,443 - INFO - episode:183 totalReward:27.369002516422718 Actions:[[5, 1], [9, 2], [1, 4], [4, 2], [7, 3], [6, 4], [0, 0], [3, 3], [8, 5], [2, 3]]
2025-02-27 22:28:23,492 - INFO - episode:184 totalReward:31.159718851325735 Actions:[[7, 3], [5, 4], [9, 1], [2, 5], [0, 5], [4, 0], [6, 0], [8, 2], [3, 1], [1, 4]]
2025-02-27 22:28:23,550 - INFO - episode:185 totalReward:14.705893872560056 Actions:[[5, 1], [8, 4], [4, 0], [1, 1], [7, 2], [0, 3], [2, 5], [6, 5], [3, 5], [9, 2]]
2025-02-27 22:28:23,615 - INFO - episode:186 totalReward:18.61795081726871 Actions:[[9, 1], [5, 0], [7, 1], [0, 2], [4, 1], [3, 3], [6, 1], [1, 0], [2, 4], [8, 5]]
2025-02-27 22:28:23,678 - INFO - episode:187 totalReward:12.923254432798796 Actions:[[1, 4], [3, 0], [8, 1], [4, 3], [7, 2], [2, 5], [5, 3], [0, 2], [6, 2], [9, 4]]
2025-02-27 22:28:23,743 - INFO - episode:188 totalReward:14.518008015147865 Actions:[[8, 0], [4, 2], [2, 1], [0, 3], [3, 5], [7, 3], [1, 1], [5, 4], [9, 5], [6, 4]]
2025-02-27 22:28:23,792 - INFO - episode:189 totalReward:24.34906693736201 Actions:[[7, 1], [1, 2], [9, 0], [5, 5], [3, 2], [2, 5], [8, 4], [0, 3], [6, 5], [4, 1]]
2025-02-27 22:28:23,867 - INFO - episode:190 totalReward:12.771755957866484 Actions:[[0, 0], [1, 4], [6, 0], [2, 0], [4, 4], [7, 2], [5, 1], [8, 3], [9, 0], [3, 2]]
2025-02-27 22:28:23,911 - INFO - episode:191 totalReward:13.291092138071658 Actions:[[7, 3], [2, 0], [3, 3], [0, 3], [1, 4], [8, 1], [9, 0], [6, 2], [4, 0], [5, 5]]
2025-02-27 22:28:23,964 - INFO - episode:192 totalReward:24.420538542303554 Actions:[[1, 4], [9, 2], [0, 5], [8, 3], [5, 0], [6, 2], [3, 1], [2, 2], [4, 5], [7, 0]]
2025-02-27 22:28:23,993 - INFO - episode:193 totalReward:9.21294902432766 Actions:[[0, 5], [7, 5], [1, 2], [4, 5], [9, 3], [6, 2], [2, 3], [8, 4], [3, 0], [5, 0]]
2025-02-27 22:28:24,064 - INFO - episode:194 totalReward:15.595088393815104 Actions:[[1, 5], [6, 4], [5, 0], [4, 2], [2, 3], [7, 0], [0, 2], [9, 2], [3, 5], [8, 1]]
2025-02-27 22:28:24,124 - INFO - episode:195 totalReward:9.996654953872788 Actions:[[9, 0], [8, 3], [3, 0], [7, 0], [0, 0], [6, 4], [5, 1], [2, 5], [4, 2], [1, 5]]
2025-02-27 22:28:24,180 - INFO - episode:196 totalReward:13.208586926195473 Actions:[[5, 2], [1, 5], [8, 3], [0, 5], [4, 4], [6, 0], [3, 4], [2, 4], [9, 2], [7, 0]]
2025-02-27 22:28:24,228 - INFO - episode:197 totalReward:0 Actions:[[5, 0], [7, 5], [3, 4], [1, 5], [2, 4], [6, 2], [0, 4], [9, 1], [4, 3]]
2025-02-27 22:28:24,280 - INFO - episode:198 totalReward:25.224145385494587 Actions:[[8, 4], [3, 5], [9, 3], [4, 2], [6, 2], [0, 3], [7, 5], [1, 1], [5, 0], [2, 0]]
2025-02-27 22:28:24,340 - INFO - episode:199 totalReward:24.810208689217504 Actions:[[5, 4], [8, 3], [3, 5], [7, 0], [1, 0], [4, 2], [6, 2], [9, 1], [2, 5], [0, 5]]
2025-02-27 22:28:24,403 - INFO - episode:200 totalReward:10.427112887242787 Actions:[[2, 4], [8, 3], [1, 2], [6, 2], [9, 0], [3, 4], [0, 4], [5, 0], [7, 5], [4, 0]]
2025-02-27 22:28:24,412 - INFO - episode:201 totalReward:15.67172638146135 Actions:[[9, 5], [1, 0], [2, 2], [4, 2], [6, 4], [0, 4], [8, 1], [5, 2], [7, 2], [3, 5]]
2025-02-27 22:28:24,428 - INFO - episode:202 totalReward:18.620099441592092 Actions:[[8, 2], [3, 5], [9, 5], [4, 3], [6, 4], [5, 1], [2, 0], [0, 5], [1, 4], [7, 3]]
2025-02-27 22:28:24,441 - INFO - episode:203 totalReward:9.911736863535685 Actions:[[7, 1], [1, 0], [9, 0], [6, 3], [2, 3], [3, 3], [8, 5], [4, 2], [0, 2], [5, 3]]
2025-02-27 22:28:24,446 - INFO - episode:204 totalReward:0 Actions:[[9, 5], [6, 1], [2, 1], [3, 0], [1, 5], [4, 3], [5, 3], [0, 2], [7, 4]]
2025-02-27 22:28:24,456 - INFO - episode:205 totalReward:11.239287682251295 Actions:[[3, 0], [0, 4], [7, 3], [9, 5], [1, 0], [2, 3], [4, 5], [6, 3], [5, 3], [8, 1]]
2025-02-27 22:28:24,460 - INFO - episode:206 totalReward:11.571715261032264 Actions:[[2, 1], [0, 3], [9, 5], [8, 4], [4, 0], [6, 3], [5, 3], [3, 2], [1, 5], [7, 3]]
2025-02-27 22:28:24,501 - INFO - episode:207 totalReward:12.860625831255861 Actions:[[1, 5], [0, 5], [9, 0], [2, 4], [6, 0], [7, 2], [8, 1], [5, 0], [4, 2], [3, 0]]
2025-02-27 22:28:24,564 - INFO - episode:208 totalReward:25.782016372572887 Actions:[[6, 1], [8, 3], [1, 4], [4, 5], [7, 4], [0, 2], [5, 0], [9, 0], [3, 0], [2, 2]]
2025-02-27 22:28:24,612 - INFO - episode:209 totalReward:13.336221134678373 Actions:[[8, 5], [3, 3], [6, 1], [5, 0], [0, 1], [7, 0], [9, 2], [1, 2], [4, 3], [2, 1]]
2025-02-27 22:28:24,677 - INFO - episode:210 totalReward:0 Actions:[[7, 0], [4, 3], [2, 5], [3, 1], [0, 2], [5, 4], [9, 1], [6, 0], [1, 5]]
2025-02-27 22:28:24,752 - INFO - episode:211 totalReward:19.40941276310855 Actions:[[1, 4], [3, 0], [2, 5], [9, 3], [6, 0], [7, 3], [8, 2], [5, 0], [4, 3], [0, 1]]
2025-02-27 22:28:24,814 - INFO - episode:212 totalReward:14.925783026311025 Actions:[[7, 0], [2, 4], [9, 1], [4, 3], [1, 1], [5, 2], [3, 4], [6, 0], [8, 5], [0, 0]]
2025-02-27 22:28:24,873 - INFO - episode:213 totalReward:12.150861485919274 Actions:[[0, 1], [9, 4], [8, 3], [1, 0], [5, 0], [2, 1], [6, 4], [3, 4], [7, 5], [4, 1]]
2025-02-27 22:28:24,960 - INFO - episode:214 totalReward:18.128385553279784 Actions:[[2, 5], [3, 4], [8, 3], [1, 0], [5, 5], [0, 0], [9, 5], [7, 5], [4, 2], [6, 1]]
2025-02-27 22:28:25,025 - INFO - episode:215 totalReward:13.866254435221867 Actions:[[5, 5], [1, 0], [2, 3], [0, 4], [9, 2], [4, 3], [6, 0], [3, 5], [7, 5], [8, 1]]
2025-02-27 22:28:25,080 - INFO - episode:216 totalReward:16.652865472450998 Actions:[[1, 4], [5, 0], [7, 5], [0, 1], [6, 0], [9, 5], [4, 2], [3, 0], [2, 0], [8, 3]]
2025-02-27 22:28:25,152 - INFO - episode:217 totalReward:12.092643008988764 Actions:[[1, 2], [0, 2], [5, 4], [3, 3], [9, 0], [4, 4], [6, 4], [2, 0], [8, 1], [7, 3]]
2025-02-27 22:28:25,207 - INFO - episode:218 totalReward:9.148181490780054 Actions:[[7, 0], [0, 2], [1, 0], [4, 3], [8, 1], [2, 5], [6, 5], [9, 3], [5, 3], [3, 3]]
2025-02-27 22:28:25,274 - INFO - episode:219 totalReward:26.863688564050978 Actions:[[3, 1], [9, 2], [4, 2], [0, 1], [5, 5], [2, 0], [7, 2], [1, 4], [6, 0], [8, 3]]
2025-02-27 22:28:25,343 - INFO - episode:220 totalReward:8.47394838134628 Actions:[[1, 0], [2, 2], [0, 2], [5, 0], [4, 2], [6, 5], [8, 1], [7, 2], [3, 4], [9, 4]]
2025-02-27 22:28:25,388 - INFO - episode:221 totalReward:10.000124362571889 Actions:[[7, 5], [6, 2], [5, 1], [9, 1], [1, 2], [8, 3], [3, 4], [0, 4], [2, 5], [4, 5]]
2025-02-27 22:28:25,461 - INFO - episode:222 totalReward:19.96902906724296 Actions:[[1, 0], [3, 2], [0, 3], [4, 0], [9, 1], [6, 2], [5, 2], [7, 4], [2, 1], [8, 5]]
2025-02-27 22:28:25,513 - INFO - episode:223 totalReward:23.82041339402906 Actions:[[5, 0], [6, 0], [8, 5], [9, 0], [7, 4], [1, 3], [3, 2], [4, 2], [0, 1], [2, 3]]
2025-02-27 22:28:25,547 - INFO - episode:224 totalReward:8.174715211240144 Actions:[[1, 2], [6, 2], [7, 0], [2, 4], [5, 0], [9, 1], [0, 0], [4, 0], [8, 3], [3, 1]]
2025-02-27 22:28:25,594 - INFO - episode:225 totalReward:13.215944592377747 Actions:[[7, 0], [8, 5], [6, 4], [5, 2], [2, 1], [4, 1], [3, 2], [0, 1], [9, 0], [1, 3]]
2025-02-27 22:28:25,662 - INFO - episode:226 totalReward:17.206280687962774 Actions:[[1, 1], [2, 1], [3, 3], [0, 0], [7, 2], [6, 3], [8, 5], [9, 3], [4, 0], [5, 4]]
2025-02-27 22:28:25,711 - INFO - episode:227 totalReward:15.310225378860599 Actions:[[8, 5], [7, 4], [0, 4], [9, 3], [3, 0], [6, 1], [4, 0], [1, 2], [5, 2], [2, 3]]
2025-02-27 22:28:25,767 - INFO - episode:228 totalReward:10.183895123280232 Actions:[[8, 5], [5, 0], [1, 1], [4, 2], [2, 1], [9, 0], [6, 2], [7, 4], [3, 4], [0, 4]]
2025-02-27 22:28:25,815 - INFO - episode:229 totalReward:15.15399168022801 Actions:[[3, 0], [5, 3], [0, 4], [9, 4], [7, 0], [4, 4], [2, 3], [6, 5], [1, 5], [8, 2]]
2025-02-27 22:28:25,873 - INFO - episode:230 totalReward:13.338301982061715 Actions:[[3, 4], [9, 0], [4, 3], [8, 1], [6, 0], [0, 4], [1, 5], [7, 4], [5, 5], [2, 2]]
2025-02-27 22:28:25,929 - INFO - episode:231 totalReward:19.004780821595915 Actions:[[1, 2], [3, 0], [7, 4], [6, 4], [4, 0], [2, 2], [9, 3], [8, 5], [5, 1], [0, 1]]
2025-02-27 22:28:25,988 - INFO - episode:232 totalReward:11.169355826002377 Actions:[[6, 0], [5, 5], [0, 0], [7, 3], [9, 3], [8, 4], [3, 0], [1, 2], [2, 5], [4, 0]]
2025-02-27 22:28:26,043 - INFO - episode:233 totalReward:13.81197892350941 Actions:[[6, 3], [1, 3], [0, 1], [4, 1], [7, 4], [3, 0], [5, 0], [9, 4], [2, 0], [8, 2]]
2025-02-27 22:28:26,101 - INFO - episode:234 totalReward:11.183264436266231 Actions:[[2, 1], [0, 1], [3, 0], [1, 0], [8, 5], [9, 1], [4, 2], [7, 4], [5, 1], [6, 4]]
2025-02-27 22:28:26,142 - INFO - episode:235 totalReward:17.19105149738869 Actions:[[2, 5], [9, 4], [8, 2], [1, 3], [0, 4], [5, 5], [3, 1], [6, 0], [7, 3], [4, 5]]
2025-02-27 22:28:26,188 - INFO - episode:236 totalReward:0 Actions:[[7, 5], [2, 0], [1, 0], [3, 1], [9, 3], [6, 4], [5, 2], [0, 3], [4, 4]]
2025-02-27 22:28:26,228 - INFO - episode:237 totalReward:14.900823619392916 Actions:[[5, 1], [7, 5], [1, 3], [9, 1], [3, 1], [0, 3], [6, 0], [4, 2], [2, 5], [8, 4]]
2025-02-27 22:28:26,277 - INFO - episode:238 totalReward:9.926015396777851 Actions:[[7, 2], [1, 3], [9, 3], [3, 2], [5, 1], [6, 0], [4, 0], [0, 2], [8, 5], [2, 0]]
2025-02-27 22:28:26,340 - INFO - episode:239 totalReward:11.554167929344587 Actions:[[0, 3], [8, 4], [3, 0], [2, 5], [7, 5], [5, 2], [6, 5], [4, 2], [1, 0], [9, 2]]
2025-02-27 22:28:26,415 - INFO - episode:240 totalReward:34.06375837030527 Actions:[[2, 0], [6, 2], [4, 2], [7, 4], [1, 1], [3, 5], [5, 2], [9, 4], [0, 1], [8, 3]]
2025-02-27 22:28:26,496 - INFO - episode:241 totalReward:9.440356127076184 Actions:[[5, 2], [1, 4], [4, 0], [0, 5], [2, 5], [9, 5], [7, 4], [3, 5], [8, 1], [6, 3]]
2025-02-27 22:28:26,562 - INFO - episode:242 totalReward:35.590613492280525 Actions:[[6, 5], [8, 0], [9, 3], [1, 1], [3, 3], [0, 1], [4, 4], [5, 2], [7, 4], [2, 2]]
2025-02-27 22:28:26,627 - INFO - episode:243 totalReward:20.99477198277624 Actions:[[9, 1], [4, 0], [6, 2], [3, 5], [7, 0], [0, 5], [2, 5], [1, 3], [5, 0], [8, 4]]
2025-02-27 22:28:26,689 - INFO - episode:244 totalReward:6.930079504902265 Actions:[[9, 3], [8, 0], [1, 2], [4, 1], [6, 2], [3, 1], [0, 1], [7, 1], [2, 5], [5, 3]]
2025-02-27 22:28:26,750 - INFO - episode:245 totalReward:15.954077763592183 Actions:[[1, 0], [4, 2], [3, 1], [6, 1], [8, 5], [5, 1], [0, 1], [7, 3], [2, 2], [9, 4]]
2025-02-27 22:28:26,799 - INFO - episode:246 totalReward:6.783371306785575 Actions:[[8, 2], [4, 3], [9, 0], [6, 0], [3, 3], [0, 3], [2, 5], [7, 3], [1, 4], [5, 0]]
2025-02-27 22:28:26,850 - INFO - episode:247 totalReward:0 Actions:[[3, 3], [0, 4], [4, 1], [2, 5], [1, 0], [5, 1], [9, 2], [7, 2], [6, 2]]
2025-02-27 22:28:26,922 - INFO - episode:248 totalReward:22.507632713078113 Actions:[[7, 2], [5, 4], [3, 4], [2, 1], [8, 5], [9, 3], [4, 0], [1, 2], [0, 4], [6, 1]]
2025-02-27 22:28:26,972 - INFO - episode:249 totalReward:23.583379464060254 Actions:[[9, 3], [2, 4], [5, 3], [6, 2], [4, 2], [7, 5], [3, 5], [1, 0], [0, 2], [8, 1]]
2025-02-27 22:28:27,028 - INFO - episode:250 totalReward:10.205818368714977 Actions:[[7, 2], [5, 4], [3, 4], [9, 3], [4, 2], [6, 4], [2, 0], [0, 3], [8, 5], [1, 0]]
2025-02-27 22:28:27,077 - INFO - episode:251 totalReward:8.757582295030561 Actions:[[0, 0], [9, 4], [7, 4], [1, 3], [3, 4], [6, 0], [5, 3], [4, 0], [2, 0], [8, 2]]
2025-02-27 22:28:27,161 - INFO - episode:252 totalReward:28.880727135241607 Actions:[[1, 1], [3, 2], [6, 5], [0, 4], [7, 3], [5, 1], [9, 2], [4, 2], [2, 5], [8, 0]]
2025-02-27 22:28:27,222 - INFO - episode:253 totalReward:12.567012105676778 Actions:[[9, 2], [8, 4], [3, 0], [6, 0], [4, 0], [0, 3], [5, 3], [2, 3], [7, 0], [1, 1]]
2025-02-27 22:28:27,272 - INFO - episode:254 totalReward:42.5795473631853 Actions:[[9, 0], [6, 5], [8, 2], [3, 5], [5, 3], [2, 4], [4, 1], [7, 1], [0, 3], [1, 4]]
2025-02-27 22:28:27,303 - INFO - episode:255 totalReward:0 Actions:[[1, 5], [6, 4], [0, 1], [4, 4], [2, 0], [7, 3], [5, 0], [9, 2], [3, 2]]
2025-02-27 22:28:27,360 - INFO - episode:256 totalReward:21.437714588334245 Actions:[[7, 4], [6, 4], [4, 0], [5, 3], [3, 5], [2, 5], [9, 0], [8, 2], [1, 1], [0, 0]]
2025-02-27 22:28:27,425 - INFO - episode:257 totalReward:13.827249647449609 Actions:[[2, 0], [5, 3], [1, 1], [6, 5], [7, 2], [4, 1], [3, 2], [9, 2], [0, 3], [8, 4]]
2025-02-27 22:28:27,483 - INFO - episode:258 totalReward:0 Actions:[[9, 5], [1, 0], [2, 2], [3, 1], [5, 1], [7, 0], [4, 3], [6, 1], [0, 4]]
2025-02-27 22:28:27,554 - INFO - episode:259 totalReward:12.967293780284324 Actions:[[6, 2], [4, 1], [0, 3], [9, 1], [5, 2], [7, 3], [3, 0], [1, 0], [2, 2], [8, 5]]
2025-02-27 22:28:27,620 - INFO - episode:260 totalReward:21.397766763549463 Actions:[[0, 3], [4, 5], [6, 3], [7, 4], [3, 3], [9, 0], [8, 1], [2, 0], [5, 0], [1, 2]]
2025-02-27 22:28:27,705 - INFO - episode:261 totalReward:33.35749463221074 Actions:[[1, 0], [0, 3], [2, 0], [6, 3], [3, 2], [8, 1], [9, 5], [5, 3], [7, 5], [4, 4]]
2025-02-27 22:28:27,785 - INFO - episode:262 totalReward:11.39656865399839 Actions:[[4, 0], [9, 0], [8, 5], [6, 4], [1, 2], [2, 0], [7, 4], [5, 0], [3, 2], [0, 3]]
2025-02-27 22:28:27,833 - INFO - episode:263 totalReward:14.315945336180818 Actions:[[6, 2], [0, 2], [5, 5], [4, 1], [8, 3], [2, 5], [3, 1], [9, 1], [7, 1], [1, 0]]
2025-02-27 22:28:27,915 - INFO - episode:264 totalReward:16.821209048358366 Actions:[[6, 3], [0, 0], [7, 4], [3, 1], [4, 0], [9, 1], [5, 1], [2, 5], [1, 4], [8, 2]]
2025-02-27 22:28:27,978 - INFO - episode:265 totalReward:19.592248814793628 Actions:[[0, 4], [3, 3], [1, 4], [2, 1], [7, 5], [4, 1], [5, 0], [8, 2], [9, 0], [6, 5]]
2025-02-27 22:28:28,031 - INFO - episode:266 totalReward:36.39481066759524 Actions:[[1, 4], [3, 0], [5, 4], [4, 3], [8, 1], [6, 2], [0, 0], [9, 2], [2, 5], [7, 3]]
2025-02-27 22:28:28,080 - INFO - episode:267 totalReward:14.908952922207776 Actions:[[3, 5], [6, 2], [8, 3], [4, 2], [2, 1], [9, 0], [1, 0], [5, 2], [7, 5], [0, 4]]
2025-02-27 22:28:28,134 - INFO - episode:268 totalReward:13.977433619656974 Actions:[[9, 5], [5, 3], [4, 3], [1, 2], [0, 4], [8, 0], [2, 1], [6, 2], [7, 5], [3, 5]]
2025-02-27 22:28:28,183 - INFO - episode:269 totalReward:14.32060216461636 Actions:[[0, 5], [1, 2], [3, 5], [2, 2], [5, 4], [9, 1], [8, 3], [4, 4], [7, 1], [6, 5]]
2025-02-27 22:28:28,249 - INFO - episode:270 totalReward:12.433001273931552 Actions:[[4, 3], [5, 1], [8, 2], [2, 0], [1, 5], [9, 1], [7, 3], [3, 5], [0, 1], [6, 1]]
2025-02-27 22:28:28,306 - INFO - episode:271 totalReward:18.416650083497473 Actions:[[6, 0], [2, 4], [8, 3], [3, 2], [4, 4], [1, 5], [7, 1], [9, 2], [0, 4], [5, 5]]
2025-02-27 22:28:28,386 - INFO - episode:272 totalReward:19.965739964831222 Actions:[[8, 5], [7, 1], [6, 0], [4, 1], [0, 4], [9, 1], [2, 3], [1, 4], [3, 0], [5, 3]]
2025-02-27 22:28:28,451 - INFO - episode:273 totalReward:23.4529880922418 Actions:[[0, 3], [6, 5], [5, 1], [3, 5], [1, 2], [2, 1], [8, 4], [4, 2], [9, 3], [7, 0]]
2025-02-27 22:28:28,544 - INFO - episode:274 totalReward:24.70588902437107 Actions:[[4, 0], [5, 5], [1, 4], [2, 5], [7, 1], [0, 2], [6, 2], [8, 3], [3, 5], [9, 4]]
2025-02-27 22:28:28,611 - INFO - episode:275 totalReward:20.337244586402996 Actions:[[0, 3], [4, 4], [2, 0], [6, 2], [7, 0], [3, 3], [8, 1], [5, 5], [9, 0], [1, 2]]
2025-02-27 22:28:28,680 - INFO - episode:276 totalReward:20.26918225654983 Actions:[[4, 4], [5, 4], [3, 0], [0, 2], [9, 4], [8, 5], [2, 1], [1, 3], [7, 0], [6, 4]]
2025-02-27 22:28:28,763 - INFO - episode:277 totalReward:7.969486268060207 Actions:[[8, 0], [1, 4], [7, 1], [6, 4], [5, 3], [2, 2], [3, 2], [9, 2], [4, 1], [0, 1]]
2025-02-27 22:28:28,836 - INFO - episode:278 totalReward:19.81437636110096 Actions:[[6, 5], [8, 3], [5, 1], [0, 2], [9, 4], [2, 1], [3, 5], [1, 2], [4, 4], [7, 1]]
2025-02-27 22:28:28,895 - INFO - episode:279 totalReward:25.480517799419275 Actions:[[8, 3], [1, 0], [9, 4], [3, 5], [4, 4], [6, 4], [2, 0], [7, 2], [5, 2], [0, 1]]
2025-02-27 22:28:28,969 - INFO - episode:280 totalReward:13.729568115520811 Actions:[[8, 0], [1, 3], [6, 4], [5, 1], [4, 4], [3, 2], [0, 1], [9, 3], [2, 5], [7, 1]]
2025-02-27 22:28:29,029 - INFO - episode:281 totalReward:8.482358694702855 Actions:[[7, 2], [4, 3], [8, 4], [2, 5], [6, 0], [5, 2], [3, 2], [1, 5], [9, 1], [0, 2]]
2025-02-27 22:28:29,104 - INFO - episode:282 totalReward:29.257075846465895 Actions:[[8, 3], [4, 5], [6, 5], [9, 4], [3, 0], [0, 1], [7, 5], [5, 2], [2, 2], [1, 1]]
2025-02-27 22:28:29,177 - INFO - episode:283 totalReward:9.447266537446763 Actions:[[3, 2], [8, 3], [1, 1], [9, 4], [7, 2], [2, 4], [5, 1], [6, 4], [4, 2], [0, 4]]
2025-02-27 22:28:29,236 - INFO - episode:284 totalReward:14.408775200920216 Actions:[[6, 5], [7, 5], [3, 3], [5, 1], [9, 3], [2, 0], [4, 3], [1, 1], [8, 4], [0, 2]]
2025-02-27 22:28:29,295 - INFO - episode:285 totalReward:29.42600253113736 Actions:[[6, 3], [2, 0], [4, 5], [9, 0], [5, 4], [8, 1], [7, 3], [0, 4], [3, 5], [1, 2]]
2025-02-27 22:28:29,396 - INFO - episode:286 totalReward:11.765998877511253 Actions:[[8, 3], [6, 4], [0, 1], [2, 5], [3, 2], [5, 0], [4, 1], [7, 1], [9, 2], [1, 0]]
2025-02-27 22:28:29,443 - INFO - episode:287 totalReward:0 Actions:[[0, 0], [2, 2], [6, 4], [3, 5], [5, 1], [1, 5], [4, 4], [9, 3], [7, 4]]
2025-02-27 22:28:29,511 - INFO - episode:288 totalReward:16.215432594465028 Actions:[[7, 2], [8, 3], [6, 1], [3, 5], [1, 5], [4, 0], [0, 1], [2, 2], [9, 4], [5, 2]]
2025-02-27 22:28:29,575 - INFO - episode:289 totalReward:17.077694567245185 Actions:[[2, 0], [7, 1], [0, 3], [4, 2], [5, 3], [9, 5], [8, 4], [3, 0], [6, 0], [1, 2]]
2025-02-27 22:28:29,644 - INFO - episode:290 totalReward:0 Actions:[[3, 0], [0, 2], [1, 2], [5, 0], [2, 1], [4, 4], [9, 1], [7, 3], [6, 5]]
2025-02-27 22:28:29,735 - INFO - episode:291 totalReward:10.603379388336744 Actions:[[3, 0], [8, 3], [1, 0], [4, 1], [5, 2], [0, 1], [7, 2], [2, 5], [9, 1], [6, 2]]
2025-02-27 22:28:29,801 - INFO - episode:292 totalReward:13.629161569472842 Actions:[[0, 3], [2, 0], [8, 2], [1, 3], [3, 4], [5, 5], [4, 5], [9, 5], [6, 5], [7, 4]]
2025-02-27 22:28:29,870 - INFO - episode:293 totalReward:27.92580050926793 Actions:[[9, 1], [7, 3], [6, 1], [4, 2], [1, 4], [0, 1], [2, 2], [8, 5], [3, 0], [5, 2]]
2025-02-27 22:28:29,949 - INFO - episode:294 totalReward:7.742893018159756 Actions:[[4, 5], [8, 0], [0, 5], [5, 1], [3, 2], [7, 5], [6, 2], [2, 5], [9, 2], [1, 4]]
2025-02-27 22:28:30,009 - INFO - episode:295 totalReward:15.596678188112802 Actions:[[3, 4], [1, 0], [2, 0], [6, 1], [8, 3], [5, 4], [9, 1], [4, 5], [0, 1], [7, 4]]
2025-02-27 22:28:30,078 - INFO - episode:296 totalReward:12.18831134136515 Actions:[[5, 0], [8, 3], [4, 0], [1, 4], [2, 2], [9, 2], [0, 1], [3, 0], [6, 5], [7, 1]]
2025-02-27 22:28:30,138 - INFO - episode:297 totalReward:18.119499294486932 Actions:[[8, 4], [3, 3], [6, 2], [9, 2], [7, 3], [5, 5], [1, 1], [4, 1], [2, 2], [0, 0]]
2025-02-27 22:28:30,210 - INFO - episode:298 totalReward:17.790727548839328 Actions:[[6, 0], [1, 4], [5, 4], [0, 1], [3, 5], [9, 3], [2, 0], [7, 3], [4, 0], [8, 2]]
2025-02-27 22:28:30,306 - INFO - episode:299 totalReward:23.906592622084084 Actions:[[5, 5], [7, 0], [1, 1], [3, 5], [9, 1], [0, 4], [2, 2], [4, 4], [6, 0], [8, 3]]
2025-02-27 22:28:30,387 - INFO - episode:300 totalReward:9.573397551553649 Actions:[[8, 3], [5, 5], [3, 2], [1, 0], [4, 2], [2, 0], [0, 2], [7, 1], [6, 1], [9, 2]]
2025-02-27 22:28:30,457 - INFO - episode:301 totalReward:14.175922600002183 Actions:[[8, 3], [2, 5], [9, 4], [4, 1], [3, 0], [1, 0], [6, 4], [7, 1], [5, 4], [0, 4]]
2025-02-27 22:28:30,515 - INFO - episode:302 totalReward:37.08872059516847 Actions:[[6, 2], [8, 1], [2, 4], [5, 5], [9, 0], [1, 2], [7, 5], [4, 0], [0, 3], [3, 3]]
2025-02-27 22:28:30,585 - INFO - episode:303 totalReward:13.437978698007237 Actions:[[0, 0], [2, 5], [8, 3], [6, 4], [7, 1], [4, 0], [3, 4], [1, 1], [9, 2], [5, 5]]
2025-02-27 22:28:30,653 - INFO - episode:304 totalReward:17.070913459968434 Actions:[[3, 0], [9, 4], [7, 4], [4, 1], [6, 4], [2, 2], [1, 1], [8, 3], [0, 5], [5, 2]]
2025-02-27 22:28:30,723 - INFO - episode:305 totalReward:24.048369417424933 Actions:[[8, 3], [9, 2], [6, 5], [7, 4], [5, 4], [0, 5], [4, 0], [2, 2], [3, 0], [1, 1]]
2025-02-27 22:28:30,806 - INFO - episode:306 totalReward:7.560554957537781 Actions:[[2, 5], [8, 3], [6, 2], [7, 4], [9, 1], [5, 1], [1, 2], [0, 4], [3, 4], [4, 4]]
2025-02-27 22:28:30,884 - INFO - episode:307 totalReward:14.886728420462113 Actions:[[4, 0], [8, 5], [0, 2], [1, 3], [7, 3], [2, 0], [6, 4], [3, 4], [5, 0], [9, 1]]
2025-02-27 22:28:30,960 - INFO - episode:308 totalReward:10.866945998807541 Actions:[[1, 1], [7, 5], [6, 4], [2, 3], [9, 4], [3, 4], [5, 2], [8, 0], [4, 2], [0, 4]]
2025-02-27 22:28:31,036 - INFO - episode:309 totalReward:12.853207072298478 Actions:[[1, 4], [5, 3], [8, 1], [2, 4], [7, 5], [9, 0], [3, 0], [0, 5], [6, 3], [4, 3]]
2025-02-27 22:28:31,108 - INFO - episode:310 totalReward:8.438938694949046 Actions:[[9, 1], [6, 4], [5, 3], [2, 5], [8, 2], [3, 3], [1, 1], [0, 5], [4, 5], [7, 5]]
2025-02-27 22:28:31,174 - INFO - episode:311 totalReward:13.04290309860177 Actions:[[8, 3], [1, 2], [0, 1], [3, 2], [2, 1], [7, 0], [5, 5], [6, 0], [4, 5], [9, 5]]
2025-02-27 22:28:31,225 - INFO - episode:312 totalReward:21.35186086832689 Actions:[[0, 0], [9, 2], [5, 0], [8, 4], [1, 3], [3, 5], [4, 3], [6, 5], [7, 2], [2, 5]]
2025-02-27 22:28:31,289 - INFO - episode:313 totalReward:15.514291138931469 Actions:[[3, 1], [0, 3], [8, 5], [9, 3], [5, 1], [7, 0], [6, 2], [4, 3], [1, 0], [2, 2]]
2025-02-27 22:28:31,344 - INFO - episode:314 totalReward:14.414222751295982 Actions:[[6, 1], [1, 0], [4, 1], [3, 5], [2, 4], [5, 4], [7, 0], [8, 3], [9, 4], [0, 4]]
2025-02-27 22:28:31,426 - INFO - episode:315 totalReward:9.88603281953363 Actions:[[8, 4], [9, 5], [3, 0], [7, 3], [4, 5], [0, 2], [5, 5], [6, 3], [1, 0], [2, 5]]
2025-02-27 22:28:31,513 - INFO - episode:316 totalReward:8.482358694702855 Actions:[[8, 3], [1, 0], [9, 1], [3, 4], [5, 5], [2, 2], [7, 4], [6, 0], [0, 4], [4, 4]]
2025-02-27 22:28:31,579 - INFO - episode:317 totalReward:18.936065473397406 Actions:[[8, 3], [3, 5], [6, 0], [2, 5], [1, 0], [0, 1], [9, 1], [4, 4], [5, 5], [7, 4]]
2025-02-27 22:28:31,657 - INFO - episode:318 totalReward:17.07906114504668 Actions:[[8, 0], [9, 2], [4, 3], [6, 1], [7, 4], [0, 5], [5, 2], [1, 5], [3, 4], [2, 1]]
2025-02-27 22:28:31,767 - INFO - episode:319 totalReward:22.075706342009745 Actions:[[5, 0], [4, 2], [7, 0], [6, 0], [1, 4], [0, 4], [3, 5], [2, 3], [9, 3], [8, 1]]
2025-02-27 22:28:31,840 - INFO - episode:320 totalReward:28.598307201342646 Actions:[[1, 0], [0, 2], [5, 2], [9, 1], [7, 0], [6, 4], [2, 2], [8, 3], [4, 5], [3, 4]]
2025-02-27 22:28:31,914 - INFO - episode:321 totalReward:24.08021983155814 Actions:[[5, 2], [2, 0], [0, 2], [8, 1], [7, 3], [3, 0], [6, 3], [4, 4], [9, 4], [1, 5]]
2025-02-27 22:28:32,013 - INFO - episode:322 totalReward:10.852501100290405 Actions:[[6, 0], [4, 0], [7, 4], [2, 0], [3, 0], [0, 1], [9, 4], [5, 1], [8, 2], [1, 5]]
2025-02-27 22:28:32,078 - INFO - episode:323 totalReward:20.71741363873068 Actions:[[3, 4], [9, 4], [6, 2], [0, 2], [4, 1], [5, 0], [2, 3], [7, 4], [8, 5], [1, 3]]
2025-02-27 22:28:32,159 - INFO - episode:324 totalReward:12.71752589340018 Actions:[[3, 4], [0, 1], [7, 0], [9, 3], [1, 3], [6, 1], [4, 0], [5, 5], [2, 0], [8, 2]]
2025-02-27 22:28:32,212 - INFO - episode:325 totalReward:19.172219609345326 Actions:[[8, 3], [6, 4], [0, 5], [4, 1], [9, 1], [5, 5], [7, 0], [3, 0], [2, 0], [1, 4]]
2025-02-27 22:28:32,262 - INFO - episode:326 totalReward:7.335526226467124 Actions:[[8, 2], [1, 3], [3, 4], [7, 5], [5, 4], [2, 5], [4, 4], [6, 4], [0, 5], [9, 1]]
2025-02-27 22:28:32,326 - INFO - episode:327 totalReward:14.843658493547226 Actions:[[1, 1], [3, 1], [6, 4], [2, 5], [9, 0], [4, 5], [7, 2], [5, 0], [0, 2], [8, 3]]
2025-02-27 22:28:32,404 - INFO - episode:328 totalReward:19.958250147544355 Actions:[[8, 3], [5, 0], [7, 1], [3, 5], [2, 1], [0, 0], [4, 4], [9, 4], [6, 0], [1, 2]]
2025-02-27 22:28:32,480 - INFO - episode:329 totalReward:11.214893269445053 Actions:[[6, 4], [8, 3], [1, 0], [5, 4], [9, 0], [0, 4], [3, 4], [7, 2], [4, 2], [2, 1]]
2025-02-27 22:28:32,541 - INFO - episode:330 totalReward:23.92435595269299 Actions:[[8, 3], [1, 2], [4, 1], [2, 1], [9, 5], [0, 0], [7, 5], [6, 4], [3, 4], [5, 1]]
2025-02-27 22:28:32,587 - INFO - episode:331 totalReward:7.335526226467124 Actions:[[8, 3], [6, 0], [0, 0], [9, 4], [2, 1], [5, 1], [3, 1], [4, 1], [1, 5], [7, 0]]
2025-02-27 22:28:32,668 - INFO - episode:332 totalReward:37.25500159917856 Actions:[[8, 3], [1, 2], [6, 1], [0, 2], [4, 4], [7, 4], [2, 0], [3, 5], [9, 5], [5, 0]]
2025-02-27 22:28:32,738 - INFO - episode:333 totalReward:15.114027317736285 Actions:[[7, 0], [3, 2], [1, 3], [6, 3], [4, 1], [5, 5], [2, 5], [9, 1], [0, 0], [8, 4]]
2025-02-27 22:28:32,816 - INFO - episode:334 totalReward:19.716804610190753 Actions:[[8, 3], [9, 5], [6, 1], [1, 4], [0, 0], [2, 5], [7, 2], [3, 4], [4, 1], [5, 0]]
2025-02-27 22:28:32,872 - INFO - episode:335 totalReward:0 Actions:[[1, 3], [0, 0], [6, 2], [5, 4], [7, 5], [3, 0], [9, 0], [2, 1], [4, 3]]
2025-02-27 22:28:32,926 - INFO - episode:336 totalReward:27.962276448309428 Actions:[[1, 0], [2, 0], [3, 1], [5, 5], [7, 4], [8, 3], [9, 1], [6, 4], [4, 4], [0, 2]]
2025-02-27 22:28:32,987 - INFO - episode:337 totalReward:11.660760867067859 Actions:[[1, 1], [9, 5], [0, 2], [3, 2], [7, 2], [4, 1], [5, 4], [6, 4], [8, 3], [2, 0]]
2025-02-27 22:28:33,047 - INFO - episode:338 totalReward:11.452454240287686 Actions:[[7, 1], [0, 1], [3, 0], [4, 5], [1, 2], [8, 4], [5, 2], [6, 1], [2, 5], [9, 5]]
2025-02-27 22:28:33,132 - INFO - episode:339 totalReward:25.109566407698598 Actions:[[6, 3], [7, 5], [9, 0], [5, 1], [0, 1], [3, 3], [1, 0], [2, 3], [8, 2], [4, 4]]
2025-02-27 22:28:33,179 - INFO - episode:340 totalReward:16.226352911815187 Actions:[[5, 4], [4, 1], [0, 4], [8, 0], [2, 3], [9, 1], [3, 2], [6, 1], [1, 5], [7, 5]]
2025-02-27 22:28:33,259 - INFO - episode:341 totalReward:10.495687689204436 Actions:[[8, 2], [5, 3], [6, 3], [1, 0], [2, 0], [7, 5], [3, 4], [9, 4], [0, 4], [4, 3]]
2025-02-27 22:28:33,343 - INFO - episode:342 totalReward:16.068888067946062 Actions:[[3, 4], [5, 0], [0, 2], [2, 0], [7, 3], [4, 4], [1, 5], [9, 5], [6, 0], [8, 1]]
2025-02-27 22:28:33,423 - INFO - episode:343 totalReward:16.79099864472901 Actions:[[4, 4], [3, 5], [7, 0], [2, 3], [6, 3], [0, 5], [1, 0], [9, 5], [5, 1], [8, 2]]
2025-02-27 22:28:33,478 - INFO - episode:344 totalReward:0 Actions:[[6, 3], [9, 1], [0, 1], [4, 2], [5, 5], [2, 4], [7, 2], [1, 0], [3, 3]]
2025-02-27 22:28:33,545 - INFO - episode:345 totalReward:42.67395982560528 Actions:[[9, 3], [5, 5], [4, 1], [7, 2], [3, 1], [1, 0], [8, 4], [2, 3], [6, 0], [0, 5]]
2025-02-27 22:28:33,583 - INFO - episode:346 totalReward:9.738305835522212 Actions:[[1, 1], [6, 5], [2, 2], [3, 0], [4, 0], [0, 1], [8, 3], [5, 0], [9, 0], [7, 5]]
2025-02-27 22:28:33,651 - INFO - episode:347 totalReward:21.729028653478963 Actions:[[1, 1], [5, 1], [7, 4], [4, 2], [6, 3], [0, 0], [8, 5], [2, 3], [9, 3], [3, 2]]
2025-02-27 22:28:33,765 - INFO - episode:348 totalReward:28.788142817321155 Actions:[[8, 3], [1, 2], [5, 5], [3, 1], [7, 1], [4, 1], [2, 2], [9, 4], [6, 0], [0, 4]]
2025-02-27 22:28:33,840 - INFO - episode:349 totalReward:20.89434864477365 Actions:[[1, 0], [9, 3], [3, 4], [5, 3], [7, 0], [4, 4], [2, 1], [6, 1], [8, 2], [0, 3]]
2025-02-27 22:28:33,904 - INFO - episode:350 totalReward:6.58907113579987 Actions:[[3, 2], [8, 1], [5, 2], [6, 2], [9, 5], [7, 5], [4, 4], [2, 5], [1, 4], [0, 5]]
2025-02-27 22:28:34,015 - INFO - episode:351 totalReward:7.535087027278098 Actions:[[8, 3], [7, 5], [9, 2], [1, 2], [4, 4], [2, 5], [6, 0], [0, 4], [3, 4], [5, 4]]
2025-02-27 22:28:34,113 - INFO - episode:352 totalReward:8.159071476948766 Actions:[[8, 3], [7, 4], [5, 0], [2, 0], [3, 4], [1, 2], [6, 5], [0, 4], [9, 5], [4, 4]]
2025-02-27 22:28:34,195 - INFO - episode:353 totalReward:13.356694247596694 Actions:[[8, 0], [7, 2], [6, 4], [2, 5], [5, 1], [3, 4], [9, 5], [4, 3], [1, 2], [0, 3]]
2025-02-27 22:28:34,261 - INFO - episode:354 totalReward:16.211420901420762 Actions:[[0, 0], [5, 0], [4, 0], [9, 3], [6, 1], [8, 2], [7, 3], [2, 5], [3, 4], [1, 4]]
2025-02-27 22:28:34,322 - INFO - episode:355 totalReward:7.3308122564051565 Actions:[[4, 2], [1, 4], [0, 1], [8, 3], [9, 1], [7, 1], [5, 4], [6, 2], [2, 2], [3, 1]]
2025-02-27 22:28:34,372 - INFO - episode:356 totalReward:21.210982857238008 Actions:[[0, 2], [9, 0], [7, 0], [4, 0], [5, 4], [3, 4], [2, 3], [1, 5], [6, 4], [8, 1]]
2025-02-27 22:28:34,444 - INFO - episode:357 totalReward:31.260345512504873 Actions:[[8, 2], [0, 1], [9, 5], [3, 4], [1, 4], [6, 3], [2, 3], [4, 5], [5, 0], [7, 5]]
2025-02-27 22:28:34,526 - INFO - episode:358 totalReward:0 Actions:[[6, 0], [5, 3], [3, 1], [1, 3], [4, 5], [9, 1], [0, 1], [7, 4], [2, 2]]
2025-02-27 22:28:34,599 - INFO - episode:359 totalReward:12.300405014407872 Actions:[[8, 3], [2, 2], [4, 2], [7, 2], [6, 1], [9, 1], [1, 4], [3, 0], [5, 2], [0, 1]]
2025-02-27 22:28:34,667 - INFO - episode:360 totalReward:26.51525896072425 Actions:[[1, 4], [7, 4], [4, 3], [5, 0], [8, 5], [2, 3], [0, 0], [9, 0], [3, 2], [6, 1]]
2025-02-27 22:28:34,747 - INFO - episode:361 totalReward:23.61175842684655 Actions:[[0, 5], [3, 5], [1, 3], [7, 3], [4, 2], [5, 0], [2, 4], [9, 5], [6, 4], [8, 1]]
2025-02-27 22:28:34,825 - INFO - episode:362 totalReward:31.84362923309758 Actions:[[1, 0], [0, 0], [4, 5], [7, 5], [8, 2], [2, 4], [5, 1], [9, 4], [3, 3], [6, 5]]
2025-02-27 22:28:34,886 - INFO - episode:363 totalReward:10.06235309226941 Actions:[[8, 3], [6, 2], [9, 5], [2, 2], [5, 2], [3, 5], [0, 1], [1, 0], [7, 2], [4, 0]]
2025-02-27 22:28:34,970 - INFO - episode:364 totalReward:12.63047120028449 Actions:[[8, 4], [7, 1], [1, 5], [0, 1], [9, 3], [4, 5], [6, 0], [2, 3], [3, 3], [5, 0]]
2025-02-27 22:28:35,060 - INFO - episode:365 totalReward:27.79746097742816 Actions:[[3, 0], [6, 0], [1, 4], [8, 3], [2, 5], [4, 2], [7, 4], [9, 5], [5, 5], [0, 1]]
2025-02-27 22:28:35,156 - INFO - episode:366 totalReward:12.141099953051329 Actions:[[8, 3], [5, 2], [4, 2], [7, 1], [9, 1], [3, 5], [6, 5], [1, 0], [2, 2], [0, 1]]
2025-02-27 22:28:35,237 - INFO - episode:367 totalReward:11.069442968758793 Actions:[[8, 3], [1, 2], [6, 5], [0, 4], [9, 2], [5, 1], [7, 5], [4, 4], [2, 0], [3, 4]]
2025-02-27 22:28:35,300 - INFO - episode:368 totalReward:7.535087027278098 Actions:[[8, 0], [9, 4], [3, 2], [2, 2], [0, 3], [5, 3], [1, 1], [7, 2], [6, 1], [4, 2]]
2025-02-27 22:28:35,388 - INFO - episode:369 totalReward:10.652933782159176 Actions:[[7, 4], [5, 1], [8, 3], [6, 2], [9, 0], [4, 1], [1, 4], [2, 1], [0, 1], [3, 0]]
2025-02-27 22:28:35,467 - INFO - episode:370 totalReward:10.87897939954675 Actions:[[8, 4], [1, 3], [2, 0], [0, 5], [9, 0], [3, 0], [6, 0], [5, 1], [4, 5], [7, 1]]
2025-02-27 22:28:35,525 - INFO - episode:371 totalReward:19.938507176523952 Actions:[[8, 3], [3, 1], [2, 2], [0, 4], [4, 1], [6, 1], [5, 0], [1, 4], [9, 2], [7, 0]]
2025-02-27 22:28:35,595 - INFO - episode:372 totalReward:23.198515028395637 Actions:[[0, 0], [7, 4], [2, 5], [1, 2], [8, 3], [4, 0], [3, 1], [5, 4], [9, 0], [6, 5]]
2025-02-27 22:28:35,682 - INFO - episode:373 totalReward:12.4657192616914 Actions:[[8, 4], [4, 2], [6, 1], [7, 1], [1, 0], [0, 5], [2, 2], [9, 0], [3, 2], [5, 2]]
2025-02-27 22:28:35,774 - INFO - episode:374 totalReward:12.12246523506833 Actions:[[8, 4], [6, 0], [7, 1], [9, 2], [1, 5], [5, 5], [0, 0], [2, 3], [4, 0], [3, 2]]
2025-02-27 22:28:35,836 - INFO - episode:375 totalReward:31.197417822178455 Actions:[[3, 3], [0, 0], [2, 5], [5, 5], [7, 4], [6, 4], [9, 1], [1, 1], [4, 5], [8, 2]]
2025-02-27 22:28:35,886 - INFO - episode:376 totalReward:11.258695954334524 Actions:[[5, 0], [7, 0], [3, 0], [1, 3], [4, 5], [9, 5], [2, 4], [0, 3], [8, 1], [6, 0]]
2025-02-27 22:28:35,962 - INFO - episode:377 totalReward:12.442762090120208 Actions:[[8, 0], [0, 2], [9, 3], [4, 5], [1, 5], [5, 4], [3, 3], [2, 4], [6, 2], [7, 2]]
2025-02-27 22:28:36,040 - INFO - episode:378 totalReward:8.577864283248408 Actions:[[5, 2], [6, 0], [4, 3], [0, 3], [9, 1], [8, 5], [1, 0], [7, 3], [3, 2], [2, 2]]
2025-02-27 22:28:36,125 - INFO - episode:379 totalReward:0 Actions:[[7, 0], [2, 5], [0, 0], [3, 1], [1, 1], [5, 3], [9, 2], [6, 4], [4, 4]]
2025-02-27 22:28:36,174 - INFO - episode:380 totalReward:0 Actions:[[7, 0], [2, 0], [3, 0], [6, 0], [1, 5], [4, 3], [0, 1], [5, 2], [9, 4]]
2025-02-27 22:28:36,258 - INFO - episode:381 totalReward:40.92978980414431 Actions:[[8, 3], [7, 5], [4, 5], [3, 1], [9, 0], [0, 0], [6, 4], [5, 5], [1, 2], [2, 4]]
2025-02-27 22:28:36,332 - INFO - episode:382 totalReward:34.08399925138085 Actions:[[3, 5], [8, 3], [2, 4], [0, 4], [9, 5], [5, 0], [7, 1], [4, 0], [6, 4], [1, 2]]
2025-02-27 22:28:36,415 - INFO - episode:383 totalReward:19.299035080754333 Actions:[[9, 3], [1, 1], [2, 0], [8, 5], [6, 2], [7, 4], [4, 3], [3, 1], [0, 0], [5, 0]]
2025-02-27 22:28:36,508 - INFO - episode:384 totalReward:14.545100736874327 Actions:[[9, 2], [8, 0], [5, 4], [6, 4], [0, 5], [1, 1], [7, 1], [2, 3], [3, 5], [4, 5]]
2025-02-27 22:28:36,591 - INFO - episode:385 totalReward:10.506507468270382 Actions:[[3, 0], [4, 3], [6, 4], [9, 2], [5, 2], [0, 0], [7, 0], [2, 0], [8, 5], [1, 1]]
2025-02-27 22:28:36,650 - INFO - episode:386 totalReward:8.602990291803323 Actions:[[8, 2], [2, 5], [5, 5], [7, 5], [1, 4], [0, 4], [9, 0], [4, 0], [6, 3], [3, 5]]
2025-02-27 22:28:36,724 - INFO - episode:387 totalReward:18.016073885682506 Actions:[[5, 5], [1, 0], [3, 4], [9, 0], [2, 5], [6, 3], [0, 5], [8, 1], [7, 3], [4, 3]]
2025-02-27 22:28:36,800 - INFO - episode:388 totalReward:14.797817556854088 Actions:[[8, 3], [0, 0], [5, 2], [1, 4], [6, 1], [9, 0], [2, 0], [4, 0], [3, 5], [7, 5]]
2025-02-27 22:28:36,890 - INFO - episode:389 totalReward:12.893338000731692 Actions:[[8, 3], [6, 2], [2, 0], [4, 4], [5, 0], [9, 2], [0, 5], [7, 4], [3, 0], [1, 1]]
2025-02-27 22:28:36,965 - INFO - episode:390 totalReward:0 Actions:[[1, 1], [0, 5], [4, 1], [3, 4], [9, 5], [5, 2], [6, 0], [2, 0], [7, 3]]
2025-02-27 22:28:37,048 - INFO - episode:391 totalReward:29.73162255768042 Actions:[[3, 0], [8, 3], [6, 2], [0, 5], [4, 5], [5, 1], [7, 1], [9, 2], [2, 0], [1, 4]]
2025-02-27 22:28:37,141 - INFO - episode:392 totalReward:35.474731295864444 Actions:[[8, 3], [7, 4], [9, 0], [5, 1], [4, 5], [0, 2], [1, 4], [2, 5], [6, 1], [3, 2]]
2025-02-27 22:28:37,230 - INFO - episode:393 totalReward:19.296045851177876 Actions:[[8, 3], [2, 1], [3, 0], [1, 1], [0, 4], [9, 5], [5, 0], [6, 2], [7, 5], [4, 2]]
2025-02-27 22:28:37,335 - INFO - episode:394 totalReward:9.121568098015443 Actions:[[0, 1], [9, 5], [6, 5], [2, 2], [4, 5], [3, 5], [1, 1], [8, 4], [7, 0], [5, 2]]
2025-02-27 22:28:37,408 - INFO - episode:395 totalReward:26.157105632921333 Actions:[[8, 3], [5, 1], [3, 0], [4, 4], [9, 1], [6, 2], [0, 5], [1, 2], [2, 4], [7, 0]]
2025-02-27 22:28:37,491 - INFO - episode:396 totalReward:45.54853148540951 Actions:[[4, 3], [1, 0], [0, 4], [3, 2], [5, 4], [8, 5], [9, 1], [6, 3], [2, 4], [7, 1]]
2025-02-27 22:28:37,602 - INFO - episode:397 totalReward:18.890481132009143 Actions:[[6, 5], [1, 0], [7, 5], [5, 2], [9, 1], [4, 1], [3, 0], [0, 4], [2, 4], [8, 3]]
2025-02-27 22:28:37,719 - INFO - episode:398 totalReward:8.728921851224634 Actions:[[8, 1], [0, 3], [7, 2], [1, 5], [9, 5], [2, 0], [3, 3], [5, 0], [6, 0], [4, 3]]
2025-02-27 22:28:37,797 - INFO - episode:399 totalReward:19.56726424563392 Actions:[[8, 3], [9, 1], [0, 5], [1, 1], [3, 2], [2, 0], [6, 2], [7, 4], [5, 4], [4, 0]]
2025-02-27 22:28:37,913 - INFO - episode:400 totalReward:28.372689795848146 Actions:[[1, 1], [9, 5], [6, 4], [2, 1], [0, 2], [4, 4], [7, 0], [3, 0], [5, 4], [8, 3]]
2025-02-27 22:28:37,925 - INFO - episode:401 totalReward:16.93017082829227 Actions:[[7, 1], [8, 3], [5, 4], [6, 0], [9, 5], [4, 4], [1, 1], [0, 5], [2, 2], [3, 5]]
2025-02-27 22:28:37,936 - INFO - episode:402 totalReward:10.597919961651645 Actions:[[8, 3], [2, 1], [1, 1], [4, 5], [9, 0], [5, 4], [0, 4], [7, 5], [3, 0], [6, 5]]
2025-02-27 22:28:37,945 - INFO - episode:403 totalReward:26.74681938578648 Actions:[[4, 5], [9, 4], [6, 0], [8, 3], [0, 1], [2, 2], [1, 1], [3, 4], [5, 5], [7, 4]]
2025-02-27 22:28:37,979 - INFO - episode:404 totalReward:19.879268614551474 Actions:[[5, 3], [6, 5], [1, 0], [4, 5], [3, 3], [2, 0], [9, 4], [7, 1], [0, 5], [8, 2]]
2025-02-27 22:28:37,990 - INFO - episode:405 totalReward:10.262233330473887 Actions:[[8, 3], [5, 0], [3, 0], [9, 1], [4, 0], [0, 0], [7, 2], [1, 5], [2, 5], [6, 4]]
2025-02-27 22:28:37,997 - INFO - episode:406 totalReward:12.546117862235894 Actions:[[2, 4], [8, 3], [1, 0], [0, 0], [9, 2], [7, 4], [4, 5], [3, 4], [5, 4], [6, 2]]
2025-02-27 22:28:38,081 - INFO - episode:407 totalReward:11.637328856754667 Actions:[[8, 3], [2, 4], [7, 0], [0, 4], [4, 0], [3, 4], [9, 4], [5, 5], [1, 5], [6, 1]]
2025-02-27 22:28:38,164 - INFO - episode:408 totalReward:35.39382623531174 Actions:[[7, 0], [2, 5], [5, 5], [9, 1], [4, 4], [8, 2], [0, 3], [3, 3], [1, 4], [6, 1]]
2025-02-27 22:28:38,241 - INFO - episode:409 totalReward:19.384260506781537 Actions:[[8, 3], [9, 5], [2, 4], [3, 1], [7, 0], [5, 0], [6, 2], [1, 4], [4, 5], [0, 5]]
2025-02-27 22:28:38,338 - INFO - episode:410 totalReward:31.436096984917686 Actions:[[2, 0], [8, 3], [4, 0], [7, 1], [1, 5], [3, 4], [6, 2], [5, 5], [0, 2], [9, 0]]
2025-02-27 22:28:38,416 - INFO - episode:411 totalReward:18.829587220616908 Actions:[[1, 2], [7, 2], [8, 3], [4, 0], [2, 4], [5, 1], [9, 5], [6, 4], [3, 1], [0, 0]]
2025-02-27 22:28:38,503 - INFO - episode:412 totalReward:11.789146267273452 Actions:[[0, 5], [9, 1], [7, 0], [1, 0], [6, 1], [5, 5], [3, 5], [4, 3], [2, 5], [8, 4]]
2025-02-27 22:28:38,592 - INFO - episode:413 totalReward:13.783364252989148 Actions:[[8, 3], [1, 4], [0, 5], [4, 2], [6, 0], [3, 4], [7, 5], [9, 2], [5, 2], [2, 1]]
2025-02-27 22:28:38,661 - INFO - episode:414 totalReward:10.61227189013335 Actions:[[9, 0], [5, 0], [4, 3], [2, 2], [6, 0], [8, 1], [7, 5], [3, 0], [1, 5], [0, 2]]
2025-02-27 22:28:38,756 - INFO - episode:415 totalReward:22.82844671751982 Actions:[[3, 3], [2, 5], [1, 0], [9, 2], [5, 0], [4, 2], [0, 3], [6, 4], [7, 4], [8, 1]]
2025-02-27 22:28:38,857 - INFO - episode:416 totalReward:7.0893067653391375 Actions:[[0, 2], [8, 3], [5, 2], [9, 5], [2, 1], [4, 1], [7, 2], [3, 1], [6, 2], [1, 5]]
2025-02-27 22:28:38,944 - INFO - episode:417 totalReward:21.56949709305709 Actions:[[8, 5], [1, 0], [9, 3], [3, 0], [0, 2], [6, 3], [5, 1], [4, 1], [2, 2], [7, 1]]
2025-02-27 22:28:39,074 - INFO - episode:418 totalReward:54.07792533107149 Actions:[[2, 2], [9, 0], [3, 1], [1, 5], [5, 5], [0, 3], [7, 0], [4, 1], [6, 3], [8, 4]]
2025-02-27 22:28:39,154 - INFO - episode:419 totalReward:0 Actions:[[2, 2], [3, 1], [7, 5], [0, 0], [6, 4], [9, 3], [1, 4], [5, 0], [4, 1]]
2025-02-27 22:28:39,254 - INFO - episode:420 totalReward:20.712149235611626 Actions:[[8, 3], [7, 4], [4, 1], [0, 0], [9, 1], [2, 0], [1, 2], [3, 5], [5, 1], [6, 2]]
2025-02-27 22:28:39,334 - INFO - episode:421 totalReward:12.58040583274463 Actions:[[8, 3], [0, 0], [9, 2], [2, 2], [6, 2], [4, 4], [3, 2], [5, 1], [7, 4], [1, 1]]
2025-02-27 22:28:39,441 - INFO - episode:422 totalReward:28.558989978936218 Actions:[[6, 4], [9, 5], [2, 0], [3, 1], [8, 2], [7, 0], [4, 4], [5, 3], [0, 5], [1, 3]]
2025-02-27 22:28:39,497 - INFO - episode:423 totalReward:8.193406653524214 Actions:[[8, 3], [1, 4], [5, 0], [0, 5], [6, 4], [4, 5], [7, 5], [9, 5], [2, 2], [3, 2]]
2025-02-27 22:28:39,548 - INFO - episode:424 totalReward:9.637335468356227 Actions:[[1, 3], [3, 5], [9, 2], [8, 4], [2, 3], [5, 1], [6, 5], [0, 5], [4, 5], [7, 2]]
2025-02-27 22:28:39,616 - INFO - episode:425 totalReward:0 Actions:[[9, 4], [1, 2], [7, 1], [6, 5], [3, 3], [2, 0], [5, 4], [0, 3], [4, 5]]
2025-02-27 22:28:39,728 - INFO - episode:426 totalReward:11.543818311688046 Actions:[[4, 2], [8, 4], [3, 0], [2, 0], [0, 0], [6, 5], [7, 5], [5, 2], [9, 0], [1, 1]]
2025-02-27 22:28:39,841 - INFO - episode:427 totalReward:30.776964156818543 Actions:[[8, 4], [1, 5], [3, 5], [5, 0], [7, 1], [6, 2], [4, 1], [0, 2], [2, 3], [9, 1]]
2025-02-27 22:28:39,913 - INFO - episode:428 totalReward:7.76247027463742 Actions:[[8, 3], [9, 2], [0, 4], [5, 2], [3, 4], [1, 0], [7, 2], [6, 4], [2, 4], [4, 2]]
2025-02-27 22:28:39,989 - INFO - episode:429 totalReward:9.730094339488968 Actions:[[2, 0], [8, 3], [9, 0], [4, 0], [7, 5], [1, 4], [5, 0], [0, 4], [6, 2], [3, 2]]
2025-02-27 22:28:40,086 - INFO - episode:430 totalReward:0 Actions:[[6, 5], [2, 3], [0, 0], [7, 0], [4, 1], [5, 1], [3, 1], [9, 2], [1, 4]]
2025-02-27 22:28:40,184 - INFO - episode:431 totalReward:35.53682974617373 Actions:[[2, 4], [8, 3], [7, 1], [0, 2], [1, 2], [4, 0], [6, 5], [9, 5], [5, 1], [3, 4]]
2025-02-27 22:28:40,283 - INFO - episode:432 totalReward:13.796812958212895 Actions:[[8, 3], [2, 4], [0, 1], [3, 0], [6, 4], [9, 0], [5, 5], [1, 5], [7, 0], [4, 2]]
2025-02-27 22:28:40,392 - INFO - episode:433 totalReward:31.922761983479052 Actions:[[8, 3], [6, 2], [5, 1], [9, 1], [7, 0], [1, 0], [4, 1], [3, 5], [2, 4], [0, 4]]
2025-02-27 22:28:40,473 - INFO - episode:434 totalReward:15.088552439075551 Actions:[[2, 0], [3, 5], [7, 0], [6, 3], [4, 1], [0, 1], [5, 2], [9, 3], [1, 2], [8, 4]]
2025-02-27 22:28:40,557 - INFO - episode:435 totalReward:9.827612472578634 Actions:[[5, 3], [1, 1], [7, 3], [8, 4], [2, 0], [4, 0], [0, 2], [3, 1], [6, 3], [9, 3]]
2025-02-27 22:28:40,627 - INFO - episode:436 totalReward:8.3623700448295 Actions:[[1, 3], [8, 4], [5, 0], [3, 3], [9, 0], [6, 1], [4, 1], [2, 5], [0, 0], [7, 0]]
2025-02-27 22:28:40,718 - INFO - episode:437 totalReward:28.372689795848146 Actions:[[1, 1], [8, 2], [9, 4], [6, 5], [0, 3], [7, 1], [5, 4], [3, 0], [2, 0], [4, 4]]
2025-02-27 22:28:40,794 - INFO - episode:438 totalReward:15.514291138931469 Actions:[[7, 0], [5, 1], [0, 5], [6, 5], [9, 4], [1, 0], [8, 2], [4, 4], [3, 1], [2, 5]]
2025-02-27 22:28:40,884 - INFO - episode:439 totalReward:19.80917499834646 Actions:[[4, 2], [8, 3], [1, 5], [9, 4], [2, 2], [3, 1], [5, 0], [6, 0], [7, 5], [0, 2]]
2025-02-27 22:28:40,973 - INFO - episode:440 totalReward:0 Actions:[[5, 0], [6, 5], [7, 0], [0, 2], [9, 3], [1, 1], [4, 1], [2, 4], [3, 0]]
2025-02-27 22:28:41,065 - INFO - episode:441 totalReward:9.556761036737385 Actions:[[8, 3], [2, 5], [9, 2], [6, 1], [1, 0], [5, 2], [4, 1], [0, 2], [3, 5], [7, 2]]
2025-02-27 22:28:41,135 - INFO - episode:442 totalReward:31.397617735644488 Actions:[[1, 1], [6, 0], [0, 1], [4, 4], [9, 0], [8, 3], [7, 4], [2, 0], [5, 2], [3, 5]]
2025-02-27 22:28:41,229 - INFO - episode:443 totalReward:8.574736498583723 Actions:[[8, 3], [1, 5], [4, 1], [0, 0], [5, 5], [9, 2], [2, 1], [7, 0], [6, 0], [3, 1]]
2025-02-27 22:28:41,320 - INFO - episode:444 totalReward:22.887467563742007 Actions:[[1, 2], [7, 0], [5, 4], [8, 3], [2, 0], [3, 4], [4, 0], [6, 5], [0, 4], [9, 1]]
2025-02-27 22:28:41,422 - INFO - episode:445 totalReward:13.424426484485117 Actions:[[8, 3], [1, 2], [4, 5], [7, 2], [5, 4], [3, 4], [0, 1], [9, 4], [2, 4], [6, 0]]
2025-02-27 22:28:41,533 - INFO - episode:446 totalReward:10.211550158865105 Actions:[[3, 0], [7, 0], [2, 5], [1, 1], [9, 2], [4, 2], [5, 2], [0, 0], [6, 1], [8, 3]]
2025-02-27 22:28:41,588 - INFO - episode:447 totalReward:9.286140486353254 Actions:[[0, 3], [6, 1], [8, 0], [5, 3], [3, 1], [9, 1], [1, 5], [4, 3], [7, 1], [2, 2]]
2025-02-27 22:28:41,661 - INFO - episode:448 totalReward:24.781100240105975 Actions:[[3, 1], [8, 3], [5, 1], [2, 1], [9, 4], [6, 5], [7, 4], [0, 2], [4, 0], [1, 5]]
2025-02-27 22:28:41,725 - INFO - episode:449 totalReward:26.89441163218013 Actions:[[7, 1], [1, 2], [2, 4], [8, 0], [6, 3], [5, 5], [4, 3], [0, 5], [3, 4], [9, 3]]
2025-02-27 22:28:41,820 - INFO - episode:450 totalReward:35.57674386969331 Actions:[[8, 0], [1, 4], [6, 2], [7, 3], [3, 5], [0, 5], [2, 3], [9, 4], [4, 1], [5, 1]]
2025-02-27 22:28:41,892 - INFO - episode:451 totalReward:29.294931996822026 Actions:[[8, 3], [6, 1], [9, 2], [0, 4], [2, 5], [3, 1], [1, 0], [5, 1], [7, 0], [4, 2]]
2025-02-27 22:28:41,961 - INFO - episode:452 totalReward:18.544544702355125 Actions:[[4, 2], [6, 1], [2, 1], [7, 0], [1, 5], [5, 3], [3, 2], [8, 4], [9, 3], [0, 1]]
2025-02-27 22:28:42,040 - INFO - episode:453 totalReward:13.684354732593942 Actions:[[8, 3], [1, 0], [9, 4], [4, 4], [0, 2], [6, 5], [2, 4], [7, 0], [3, 5], [5, 4]]
2025-02-27 22:28:42,125 - INFO - episode:454 totalReward:28.880727135241607 Actions:[[8, 3], [9, 1], [4, 2], [5, 2], [3, 2], [1, 0], [0, 4], [7, 0], [2, 5], [6, 5]]
2025-02-27 22:28:42,212 - INFO - episode:455 totalReward:11.930249667448214 Actions:[[6, 5], [3, 3], [8, 0], [7, 4], [0, 3], [2, 3], [9, 4], [1, 5], [5, 4], [4, 2]]
2025-02-27 22:28:42,291 - INFO - episode:456 totalReward:14.905418505792504 Actions:[[2, 5], [4, 3], [3, 2], [0, 1], [6, 1], [5, 2], [7, 1], [9, 3], [8, 0], [1, 4]]
2025-02-27 22:28:42,381 - INFO - episode:457 totalReward:24.77897343707282 Actions:[[3, 2], [5, 3], [9, 5], [4, 5], [1, 0], [6, 1], [2, 0], [7, 5], [0, 3], [8, 4]]
2025-02-27 22:28:42,506 - INFO - episode:458 totalReward:14.826850808183869 Actions:[[8, 0], [1, 5], [3, 3], [2, 2], [4, 1], [7, 5], [9, 4], [5, 3], [6, 4], [0, 4]]
2025-02-27 22:28:42,608 - INFO - episode:459 totalReward:10.66274489602446 Actions:[[6, 4], [8, 3], [0, 1], [4, 2], [2, 2], [5, 1], [1, 0], [9, 1], [3, 4], [7, 1]]
2025-02-27 22:28:42,707 - INFO - episode:460 totalReward:16.675970469723175 Actions:[[8, 3], [4, 4], [3, 5], [6, 4], [0, 4], [1, 5], [7, 1], [2, 0], [5, 2], [9, 2]]
2025-02-27 22:28:42,805 - INFO - episode:461 totalReward:20.89434864477365 Actions:[[8, 3], [3, 0], [6, 4], [1, 1], [4, 0], [5, 1], [7, 4], [2, 4], [9, 2], [0, 2]]
2025-02-27 22:28:42,877 - INFO - episode:462 totalReward:19.550885945440818 Actions:[[8, 0], [7, 4], [4, 2], [3, 5], [0, 2], [9, 2], [1, 4], [2, 5], [6, 3], [5, 1]]
2025-02-27 22:28:42,983 - INFO - episode:463 totalReward:20.08747276910381 Actions:[[8, 3], [3, 1], [7, 2], [2, 5], [6, 1], [0, 5], [9, 4], [4, 0], [1, 4], [5, 1]]
2025-02-27 22:28:43,059 - INFO - episode:464 totalReward:14.24649615643489 Actions:[[3, 2], [8, 0], [7, 1], [5, 2], [0, 4], [9, 4], [1, 5], [2, 3], [6, 2], [4, 2]]
2025-02-27 22:28:43,136 - INFO - episode:465 totalReward:11.080186063128014 Actions:[[7, 2], [8, 3], [2, 2], [1, 0], [4, 2], [3, 2], [0, 1], [5, 4], [9, 0], [6, 4]]
2025-02-27 22:28:43,209 - INFO - episode:466 totalReward:21.7323676642393 Actions:[[4, 0], [1, 0], [0, 3], [6, 3], [8, 4], [5, 3], [9, 2], [2, 1], [7, 5], [3, 2]]
2025-02-27 22:28:43,265 - INFO - episode:467 totalReward:16.92235480904058 Actions:[[8, 2], [0, 0], [6, 3], [3, 4], [9, 3], [5, 4], [7, 4], [1, 1], [2, 5], [4, 4]]
2025-02-27 22:28:43,365 - INFO - episode:468 totalReward:7.952462719407384 Actions:[[8, 3], [4, 0], [7, 2], [0, 2], [5, 1], [6, 2], [3, 2], [9, 5], [1, 1], [2, 5]]
2025-02-27 22:28:43,445 - INFO - episode:469 totalReward:13.458868597314432 Actions:[[8, 3], [1, 5], [3, 0], [4, 4], [6, 5], [9, 4], [7, 2], [0, 0], [5, 0], [2, 4]]
2025-02-27 22:28:43,542 - INFO - episode:470 totalReward:8.312398693117744 Actions:[[2, 2], [8, 3], [1, 5], [9, 2], [7, 4], [5, 2], [3, 1], [0, 4], [4, 4], [6, 4]]
2025-02-27 22:28:43,624 - INFO - episode:471 totalReward:24.78525312411756 Actions:[[8, 3], [4, 0], [3, 4], [6, 1], [0, 2], [2, 4], [9, 5], [1, 2], [7, 5], [5, 5]]
2025-02-27 22:28:43,726 - INFO - episode:472 totalReward:10.208086950729255 Actions:[[0, 4], [7, 4], [8, 3], [9, 1], [4, 1], [3, 5], [2, 1], [1, 5], [5, 4], [6, 0]]
2025-02-27 22:28:43,827 - INFO - episode:473 totalReward:7.335526226467124 Actions:[[5, 1], [0, 0], [8, 2], [3, 1], [7, 1], [6, 0], [4, 1], [9, 5], [2, 0], [1, 4]]
2025-02-27 22:28:43,920 - INFO - episode:474 totalReward:14.288780395944837 Actions:[[6, 0], [4, 3], [0, 2], [2, 3], [7, 1], [3, 1], [9, 0], [1, 2], [8, 5], [5, 1]]
2025-02-27 22:28:44,005 - INFO - episode:475 totalReward:7.254968765665799 Actions:[[3, 0], [2, 1], [0, 0], [1, 4], [8, 3], [9, 0], [6, 2], [5, 0], [7, 1], [4, 1]]
2025-02-27 22:28:44,109 - INFO - episode:476 totalReward:20.484372697931953 Actions:[[3, 0], [1, 1], [5, 5], [8, 3], [4, 5], [0, 5], [9, 0], [7, 1], [2, 2], [6, 4]]
2025-02-27 22:28:44,205 - INFO - episode:477 totalReward:76.85875024464622 Actions:[[8, 3], [4, 2], [7, 0], [9, 1], [2, 5], [3, 1], [1, 4], [0, 5], [5, 0], [6, 2]]
2025-02-27 22:28:44,297 - INFO - episode:478 totalReward:11.907125862570505 Actions:[[8, 3], [4, 4], [0, 4], [7, 5], [1, 1], [9, 5], [3, 1], [5, 4], [6, 0], [2, 2]]
2025-02-27 22:28:44,405 - INFO - episode:479 totalReward:28.916240092418725 Actions:[[8, 3], [4, 1], [2, 5], [6, 2], [1, 2], [9, 1], [7, 0], [0, 5], [3, 1], [5, 4]]
2025-02-27 22:28:44,502 - INFO - episode:480 totalReward:19.990972147511982 Actions:[[3, 1], [8, 5], [7, 0], [2, 0], [9, 4], [1, 2], [6, 0], [0, 2], [4, 3], [5, 4]]
2025-02-27 22:28:44,608 - INFO - episode:481 totalReward:19.21067727607078 Actions:[[1, 1], [3, 1], [2, 5], [6, 2], [4, 2], [5, 0], [9, 3], [7, 0], [8, 4], [0, 2]]
2025-02-27 22:28:44,685 - INFO - episode:482 totalReward:38.79844955107305 Actions:[[8, 4], [4, 0], [7, 0], [2, 5], [0, 5], [3, 2], [9, 3], [5, 0], [1, 1], [6, 2]]
2025-02-27 22:28:44,774 - INFO - episode:483 totalReward:19.683729384923204 Actions:[[8, 3], [9, 2], [5, 4], [2, 0], [1, 2], [3, 4], [0, 0], [4, 5], [6, 1], [7, 1]]
2025-02-27 22:28:44,878 - INFO - episode:484 totalReward:11.503795267912901 Actions:[[4, 5], [2, 5], [8, 0], [0, 2], [6, 5], [5, 1], [1, 4], [9, 1], [3, 5], [7, 3]]
2025-02-27 22:28:44,960 - INFO - episode:485 totalReward:23.29220607786419 Actions:[[8, 5], [1, 3], [4, 0], [5, 2], [2, 4], [9, 1], [0, 0], [3, 1], [6, 2], [7, 3]]
2025-02-27 22:28:45,052 - INFO - episode:486 totalReward:18.508872260938464 Actions:[[0, 1], [2, 2], [6, 0], [4, 4], [8, 3], [1, 0], [3, 2], [9, 4], [7, 1], [5, 5]]
2025-02-27 22:28:45,131 - INFO - episode:487 totalReward:19.100810268546837 Actions:[[0, 3], [9, 3], [2, 5], [8, 0], [7, 4], [5, 1], [6, 5], [4, 1], [3, 3], [1, 4]]
2025-02-27 22:28:45,204 - INFO - episode:488 totalReward:13.903627521797242 Actions:[[8, 3], [0, 0], [4, 2], [1, 1], [9, 2], [3, 5], [6, 0], [7, 2], [5, 5], [2, 2]]
2025-02-27 22:28:45,288 - INFO - episode:489 totalReward:7.640254783862751 Actions:[[8, 3], [7, 1], [3, 2], [6, 2], [1, 4], [9, 1], [2, 2], [0, 1], [4, 0], [5, 2]]
2025-02-27 22:28:45,396 - INFO - episode:490 totalReward:19.863563298918713 Actions:[[8, 3], [2, 2], [3, 0], [1, 1], [6, 4], [4, 5], [9, 0], [5, 4], [7, 2], [0, 4]]
2025-02-27 22:28:45,481 - INFO - episode:491 totalReward:17.199687119043446 Actions:[[8, 4], [9, 0], [2, 0], [1, 3], [6, 0], [4, 5], [3, 5], [7, 2], [5, 1], [0, 2]]
2025-02-27 22:28:45,592 - INFO - episode:492 totalReward:17.88029755582055 Actions:[[6, 1], [5, 5], [2, 0], [7, 0], [3, 2], [4, 2], [9, 1], [0, 1], [1, 3], [8, 4]]
2025-02-27 22:28:45,677 - INFO - episode:493 totalReward:0 Actions:[[6, 0], [0, 1], [3, 4], [4, 0], [2, 5], [1, 4], [7, 2], [9, 3], [5, 3]]
2025-02-27 22:28:45,772 - INFO - episode:494 totalReward:23.50796197813212 Actions:[[5, 0], [6, 1], [8, 3], [4, 2], [7, 5], [2, 0], [0, 2], [9, 4], [3, 4], [1, 5]]
2025-02-27 22:28:45,873 - INFO - episode:495 totalReward:17.14795957524747 Actions:[[8, 3], [1, 0], [7, 0], [5, 4], [6, 2], [3, 2], [4, 2], [2, 4], [9, 1], [0, 4]]
2025-02-27 22:28:45,965 - INFO - episode:496 totalReward:19.114217417224754 Actions:[[8, 4], [7, 0], [6, 2], [0, 1], [1, 2], [5, 5], [2, 1], [4, 3], [3, 3], [9, 0]]
2025-02-27 22:28:46,054 - INFO - episode:497 totalReward:16.275291337623198 Actions:[[8, 3], [5, 4], [4, 0], [7, 2], [0, 0], [1, 4], [9, 5], [3, 1], [2, 0], [6, 5]]
2025-02-27 22:28:46,155 - INFO - episode:498 totalReward:14.399952023685097 Actions:[[8, 3], [6, 4], [1, 4], [3, 0], [4, 0], [9, 1], [0, 0], [2, 5], [7, 2], [5, 1]]
2025-02-27 22:28:46,243 - INFO - episode:499 totalReward:27.2174617285859 Actions:[[8, 2], [3, 0], [0, 4], [4, 1], [1, 1], [9, 5], [5, 5], [6, 3], [7, 0], [2, 0]]
2025-02-27 22:28:46,346 - INFO - episode:500 totalReward:13.178924369954709 Actions:[[8, 3], [7, 1], [5, 1], [4, 0], [9, 1], [1, 2], [0, 2], [3, 4], [2, 1], [6, 4]]
2025-02-27 22:28:46,436 - INFO - episode:501 totalReward:9.612818366411542 Actions:[[8, 4], [7, 0], [9, 0], [0, 0], [3, 2], [2, 0], [4, 2], [1, 1], [5, 3], [6, 1]]
2025-02-27 22:28:46,538 - INFO - episode:502 totalReward:17.65702743818895 Actions:[[4, 5], [8, 3], [3, 0], [9, 1], [5, 4], [2, 4], [1, 5], [7, 0], [6, 2], [0, 1]]
2025-02-27 22:28:46,621 - INFO - episode:503 totalReward:41.222339359553764 Actions:[[2, 1], [6, 2], [1, 5], [8, 0], [7, 5], [5, 4], [3, 3], [0, 2], [4, 1], [9, 3]]
2025-02-27 22:28:46,698 - INFO - episode:504 totalReward:9.440356127076184 Actions:[[5, 0], [1, 3], [0, 2], [3, 2], [8, 1], [7, 2], [6, 5], [2, 2], [9, 3], [4, 4]]
2025-02-27 22:28:46,787 - INFO - episode:505 totalReward:15.674186056013017 Actions:[[8, 3], [6, 1], [2, 0], [7, 5], [3, 1], [9, 5], [4, 5], [1, 0], [5, 1], [0, 2]]
2025-02-27 22:28:46,872 - INFO - episode:506 totalReward:15.901192695962411 Actions:[[8, 3], [9, 0], [4, 2], [2, 5], [3, 2], [6, 4], [1, 5], [5, 0], [7, 0], [0, 1]]
2025-02-27 22:28:46,963 - INFO - episode:507 totalReward:33.98385984628248 Actions:[[9, 0], [1, 3], [7, 5], [3, 3], [6, 0], [2, 4], [4, 5], [5, 2], [0, 2], [8, 1]]
2025-02-27 22:28:47,070 - INFO - episode:508 totalReward:13.01626148057422 Actions:[[8, 3], [1, 1], [4, 2], [2, 4], [7, 2], [0, 0], [9, 1], [3, 2], [5, 5], [6, 2]]
2025-02-27 22:28:47,177 - INFO - episode:509 totalReward:30.743277197185055 Actions:[[8, 3], [1, 2], [5, 2], [0, 0], [9, 4], [4, 4], [3, 1], [6, 5], [2, 4], [7, 5]]
2025-02-27 22:28:47,273 - INFO - episode:510 totalReward:14.419612046186627 Actions:[[8, 3], [1, 0], [6, 2], [5, 2], [3, 1], [7, 4], [2, 0], [4, 2], [0, 1], [9, 1]]
2025-02-27 22:28:47,359 - INFO - episode:511 totalReward:20.155185569110525 Actions:[[8, 3], [0, 1], [6, 2], [2, 1], [3, 4], [5, 0], [9, 2], [1, 5], [7, 0], [4, 2]]
2025-02-27 22:28:47,443 - INFO - episode:512 totalReward:16.01463015933266 Actions:[[8, 4], [5, 1], [9, 2], [6, 1], [2, 1], [3, 0], [4, 1], [1, 0], [0, 5], [7, 3]]
2025-02-27 22:28:47,563 - INFO - episode:513 totalReward:11.804075288905587 Actions:[[8, 3], [3, 2], [2, 4], [4, 0], [0, 1], [7, 0], [5, 4], [9, 5], [1, 2], [6, 4]]
2025-02-27 22:28:47,626 - INFO - episode:514 totalReward:0 Actions:[[1, 2], [0, 5], [6, 3], [9, 1], [4, 4], [7, 0], [3, 4], [2, 0], [5, 4]]
2025-02-27 22:28:47,685 - INFO - episode:515 totalReward:10.289709057488501 Actions:[[8, 3], [1, 1], [7, 0], [0, 0], [3, 1], [9, 2], [2, 2], [4, 4], [5, 0], [6, 2]]
2025-02-27 22:28:47,775 - INFO - episode:516 totalReward:33.287959091473226 Actions:[[9, 4], [8, 1], [3, 2], [7, 5], [4, 2], [5, 2], [6, 4], [0, 0], [2, 0], [1, 3]]
2025-02-27 22:28:47,875 - INFO - episode:517 totalReward:9.161603183069605 Actions:[[6, 0], [8, 4], [2, 5], [7, 3], [3, 0], [4, 3], [5, 5], [0, 3], [1, 1], [9, 3]]
2025-02-27 22:28:47,994 - INFO - episode:518 totalReward:15.580268930512528 Actions:[[8, 4], [9, 2], [2, 2], [5, 5], [3, 1], [0, 3], [1, 0], [6, 1], [4, 0], [7, 2]]
2025-02-27 22:28:48,098 - INFO - episode:519 totalReward:13.706681849621617 Actions:[[9, 5], [6, 4], [0, 2], [8, 3], [5, 2], [1, 5], [7, 1], [2, 2], [4, 0], [3, 2]]
2025-02-27 22:28:48,196 - INFO - episode:520 totalReward:8.970792445115762 Actions:[[6, 5], [8, 3], [0, 4], [3, 4], [4, 4], [7, 2], [1, 5], [5, 4], [9, 2], [2, 1]]
2025-02-27 22:28:48,279 - INFO - episode:521 totalReward:11.921088598360583 Actions:[[0, 1], [8, 2], [6, 3], [7, 0], [5, 0], [9, 0], [2, 1], [4, 3], [1, 4], [3, 3]]
2025-02-27 22:28:48,379 - INFO - episode:522 totalReward:14.239550684146739 Actions:[[4, 4], [8, 3], [1, 1], [2, 1], [6, 2], [3, 2], [0, 5], [5, 0], [9, 0], [7, 4]]
2025-02-27 22:28:48,509 - INFO - episode:523 totalReward:22.830177101631488 Actions:[[7, 0], [8, 3], [2, 5], [3, 0], [0, 5], [5, 4], [9, 4], [6, 1], [4, 5], [1, 2]]
2025-02-27 22:28:48,607 - INFO - episode:524 totalReward:27.062841234455696 Actions:[[3, 0], [4, 5], [5, 1], [0, 4], [9, 0], [2, 2], [6, 5], [8, 3], [7, 1], [1, 2]]
2025-02-27 22:28:48,690 - INFO - episode:525 totalReward:0 Actions:[[1, 1], [5, 2], [0, 0], [9, 4], [2, 5], [3, 5], [7, 5], [6, 3], [4, 0]]
2025-02-27 22:28:48,771 - INFO - episode:526 totalReward:36.453631727629414 Actions:[[6, 2], [2, 0], [1, 1], [3, 4], [0, 4], [8, 3], [9, 5], [4, 2], [7, 0], [5, 0]]
2025-02-27 22:28:48,906 - INFO - episode:527 totalReward:10.180446042274644 Actions:[[6, 2], [3, 0], [8, 3], [0, 5], [1, 1], [7, 5], [4, 1], [2, 5], [5, 5], [9, 0]]
2025-02-27 22:28:49,047 - INFO - episode:528 totalReward:34.06375837030527 Actions:[[8, 3], [7, 4], [6, 4], [4, 4], [5, 2], [0, 0], [9, 2], [2, 1], [3, 5], [1, 1]]
2025-02-27 22:28:49,154 - INFO - episode:529 totalReward:21.055173819436884 Actions:[[8, 3], [4, 0], [2, 1], [3, 2], [9, 1], [5, 0], [7, 1], [6, 2], [0, 5], [1, 5]]
2025-02-27 22:28:49,271 - INFO - episode:530 totalReward:21.256704164328895 Actions:[[8, 3], [0, 2], [7, 4], [6, 0], [9, 1], [3, 1], [1, 0], [4, 4], [5, 2], [2, 4]]
2025-02-27 22:28:49,356 - INFO - episode:531 totalReward:13.017832807425311 Actions:[[4, 1], [3, 5], [7, 4], [8, 3], [0, 1], [9, 5], [2, 2], [6, 1], [5, 5], [1, 2]]
2025-02-27 22:28:49,440 - INFO - episode:532 totalReward:7.640194229352313 Actions:[[8, 3], [2, 4], [3, 1], [5, 2], [4, 2], [1, 4], [0, 2], [9, 0], [7, 2], [6, 1]]
2025-02-27 22:28:49,536 - INFO - episode:533 totalReward:29.08871112504953 Actions:[[0, 2], [6, 1], [5, 4], [8, 3], [9, 4], [3, 5], [2, 1], [1, 2], [7, 0], [4, 4]]
2025-02-27 22:28:49,609 - INFO - episode:534 totalReward:11.79614951955421 Actions:[[6, 2], [3, 2], [8, 1], [0, 0], [2, 5], [4, 2], [9, 0], [5, 4], [7, 0], [1, 3]]
2025-02-27 22:28:49,680 - INFO - episode:535 totalReward:11.124493016444411 Actions:[[4, 0], [0, 0], [3, 0], [9, 5], [5, 4], [8, 3], [7, 1], [1, 5], [2, 2], [6, 4]]
2025-02-27 22:28:49,776 - INFO - episode:536 totalReward:33.84257433306044 Actions:[[8, 3], [3, 1], [9, 5], [7, 4], [1, 1], [0, 0], [4, 2], [2, 4], [6, 2], [5, 0]]
2025-02-27 22:28:49,895 - INFO - episode:537 totalReward:8.450315099136635 Actions:[[8, 3], [6, 0], [5, 4], [9, 2], [0, 0], [1, 2], [2, 5], [7, 1], [3, 0], [4, 0]]
2025-02-27 22:28:49,978 - INFO - episode:538 totalReward:41.790879102578344 Actions:[[3, 4], [4, 1], [9, 5], [8, 3], [1, 0], [7, 0], [5, 2], [0, 4], [2, 2], [6, 1]]
2025-02-27 22:28:50,099 - INFO - episode:539 totalReward:12.977771611243107 Actions:[[8, 3], [0, 4], [9, 4], [7, 1], [6, 5], [4, 0], [5, 1], [3, 1], [2, 1], [1, 0]]
2025-02-27 22:28:50,187 - INFO - episode:540 totalReward:19.397183677749247 Actions:[[4, 5], [7, 3], [0, 5], [9, 0], [8, 1], [3, 4], [6, 2], [5, 2], [1, 3], [2, 5]]
2025-02-27 22:28:50,260 - INFO - episode:541 totalReward:12.849944345695333 Actions:[[1, 4], [8, 3], [6, 5], [5, 2], [0, 5], [9, 4], [2, 2], [7, 2], [3, 5], [4, 1]]
2025-02-27 22:28:50,354 - INFO - episode:542 totalReward:11.262186905371573 Actions:[[6, 0], [8, 3], [4, 0], [7, 2], [0, 1], [2, 0], [3, 5], [1, 5], [9, 1], [5, 1]]
2025-02-27 22:28:50,431 - INFO - episode:543 totalReward:11.515599296469137 Actions:[[1, 0], [0, 1], [5, 0], [8, 2], [9, 5], [6, 5], [2, 3], [7, 1], [4, 3], [3, 1]]
2025-02-27 22:28:50,546 - INFO - episode:544 totalReward:27.451534761271127 Actions:[[8, 3], [2, 4], [7, 2], [1, 0], [9, 0], [4, 2], [6, 5], [3, 1], [5, 4], [0, 4]]
2025-02-27 22:28:50,621 - INFO - episode:545 totalReward:12.433686262041608 Actions:[[8, 4], [1, 1], [9, 1], [2, 5], [7, 3], [0, 0], [4, 5], [6, 3], [5, 5], [3, 5]]
2025-02-27 22:28:50,749 - INFO - episode:546 totalReward:11.183695552607706 Actions:[[8, 3], [5, 0], [0, 2], [9, 4], [2, 0], [4, 0], [3, 4], [6, 1], [1, 1], [7, 2]]
2025-02-27 22:28:50,866 - INFO - episode:547 totalReward:15.232039432612954 Actions:[[8, 3], [6, 4], [3, 0], [9, 0], [5, 4], [7, 2], [4, 2], [2, 2], [1, 5], [0, 0]]
2025-02-27 22:28:50,976 - INFO - episode:548 totalReward:16.878968900314476 Actions:[[8, 3], [0, 4], [3, 4], [7, 1], [2, 0], [4, 4], [5, 2], [9, 0], [1, 2], [6, 5]]
2025-02-27 22:28:51,108 - INFO - episode:549 totalReward:10.536468257109387 Actions:[[8, 3], [9, 0], [2, 5], [0, 0], [5, 1], [4, 5], [7, 0], [3, 1], [6, 0], [1, 2]]
2025-02-27 22:28:51,198 - INFO - episode:550 totalReward:20.670353163877717 Actions:[[8, 3], [2, 0], [6, 0], [9, 4], [4, 1], [1, 4], [0, 2], [5, 2], [7, 0], [3, 1]]
2025-02-27 22:28:51,296 - INFO - episode:551 totalReward:30.792115417271518 Actions:[[8, 3], [6, 5], [3, 4], [2, 0], [5, 1], [7, 1], [1, 2], [0, 4], [4, 0], [9, 4]]
2025-02-27 22:28:51,423 - INFO - episode:552 totalReward:34.86914644083929 Actions:[[5, 4], [8, 3], [1, 4], [7, 1], [9, 5], [4, 1], [6, 0], [3, 2], [0, 2], [2, 0]]
2025-02-27 22:28:51,532 - INFO - episode:553 totalReward:14.86784049683164 Actions:[[8, 3], [1, 0], [4, 1], [9, 0], [5, 1], [6, 5], [7, 5], [0, 1], [2, 4], [3, 4]]
2025-02-27 22:28:51,619 - INFO - episode:554 totalReward:35.08034227047417 Actions:[[8, 3], [3, 5], [4, 2], [7, 2], [0, 1], [6, 1], [9, 0], [2, 2], [1, 4], [5, 0]]
2025-02-27 22:28:51,712 - INFO - episode:555 totalReward:24.84482134498592 Actions:[[8, 3], [6, 1], [2, 2], [9, 5], [3, 0], [7, 2], [0, 1], [1, 5], [4, 4], [5, 1]]
2025-02-27 22:28:51,873 - INFO - episode:556 totalReward:18.50637598149458 Actions:[[4, 3], [6, 4], [2, 2], [1, 0], [0, 1], [5, 1], [3, 1], [9, 0], [7, 4], [8, 5]]
2025-02-27 22:28:52,010 - INFO - episode:557 totalReward:17.13930922710411 Actions:[[1, 3], [5, 5], [7, 3], [0, 4], [6, 5], [9, 0], [3, 5], [2, 2], [4, 4], [8, 1]]
2025-02-27 22:28:52,114 - INFO - episode:558 totalReward:42.994322101378486 Actions:[[1, 0], [8, 4], [2, 2], [5, 1], [9, 5], [0, 0], [4, 2], [3, 3], [7, 3], [6, 5]]
2025-02-27 22:28:52,206 - INFO - episode:559 totalReward:16.688645224452298 Actions:[[2, 4], [6, 2], [1, 4], [3, 0], [8, 3], [5, 5], [7, 2], [9, 1], [4, 5], [0, 5]]
2025-02-27 22:28:52,321 - INFO - episode:560 totalReward:9.831302660172478 Actions:[[8, 3], [9, 5], [6, 5], [3, 4], [4, 5], [0, 5], [5, 1], [2, 2], [7, 4], [1, 0]]
2025-02-27 22:28:52,422 - INFO - episode:561 totalReward:16.056354951210185 Actions:[[8, 3], [7, 5], [0, 1], [3, 2], [9, 2], [1, 1], [2, 5], [6, 0], [5, 2], [4, 5]]
2025-02-27 22:28:52,504 - INFO - episode:562 totalReward:10.183895123280232 Actions:[[3, 1], [0, 1], [2, 2], [6, 4], [8, 0], [5, 3], [4, 4], [7, 1], [9, 3], [1, 2]]
2025-02-27 22:28:52,593 - INFO - episode:563 totalReward:24.686203577927074 Actions:[[8, 3], [6, 0], [9, 1], [2, 2], [1, 4], [4, 0], [0, 5], [5, 0], [3, 1], [7, 1]]
2025-02-27 22:28:52,700 - INFO - episode:564 totalReward:21.46337243569341 Actions:[[8, 3], [7, 5], [4, 0], [3, 4], [1, 5], [6, 2], [0, 0], [5, 2], [9, 1], [2, 2]]
2025-02-27 22:28:52,776 - INFO - episode:565 totalReward:6.468510857567394 Actions:[[6, 5], [8, 0], [4, 4], [7, 4], [2, 3], [3, 4], [1, 3], [5, 4], [9, 5], [0, 5]]
2025-02-27 22:28:52,882 - INFO - episode:566 totalReward:13.884154029651002 Actions:[[8, 3], [7, 2], [9, 0], [2, 4], [4, 0], [0, 5], [5, 0], [1, 1], [3, 0], [6, 1]]
2025-02-27 22:28:52,968 - INFO - episode:567 totalReward:14.900800106514728 Actions:[[7, 5], [8, 3], [6, 2], [9, 0], [2, 2], [1, 0], [5, 2], [0, 4], [3, 4], [4, 1]]
2025-02-27 22:28:53,094 - INFO - episode:568 totalReward:19.550353224278297 Actions:[[2, 0], [8, 3], [4, 5], [1, 2], [5, 1], [0, 4], [3, 5], [6, 4], [7, 1], [9, 5]]
2025-02-27 22:28:53,203 - INFO - episode:569 totalReward:14.954554884356087 Actions:[[8, 3], [7, 1], [0, 5], [9, 0], [1, 2], [5, 1], [2, 1], [6, 1], [4, 4], [3, 0]]
2025-02-27 22:28:53,378 - INFO - episode:570 totalReward:13.770778409889079 Actions:[[1, 0], [6, 0], [0, 3], [9, 5], [2, 3], [7, 2], [3, 2], [4, 1], [5, 2], [8, 4]]
2025-02-27 22:28:53,473 - INFO - episode:571 totalReward:16.878968900314476 Actions:[[8, 3], [7, 1], [5, 4], [2, 1], [9, 0], [6, 2], [0, 4], [4, 5], [3, 4], [1, 2]]
2025-02-27 22:28:53,584 - INFO - episode:572 totalReward:10.1299579427673 Actions:[[8, 3], [1, 2], [4, 2], [2, 5], [5, 5], [3, 1], [7, 5], [6, 5], [9, 1], [0, 4]]
2025-02-27 22:28:53,687 - INFO - episode:573 totalReward:9.257201878082773 Actions:[[8, 3], [5, 1], [0, 2], [7, 0], [3, 2], [6, 1], [4, 2], [2, 1], [9, 2], [1, 5]]
2025-02-27 22:28:53,786 - INFO - episode:574 totalReward:12.85691545194843 Actions:[[8, 3], [5, 1], [3, 0], [6, 5], [4, 1], [1, 4], [7, 0], [2, 2], [9, 2], [0, 1]]
2025-02-27 22:28:53,915 - INFO - episode:575 totalReward:24.810208689217504 Actions:[[8, 3], [2, 4], [6, 1], [7, 1], [9, 2], [4, 0], [0, 5], [3, 5], [5, 5], [1, 0]]
2025-02-27 22:28:54,032 - INFO - episode:576 totalReward:12.669768743360631 Actions:[[8, 3], [7, 1], [6, 1], [9, 1], [1, 0], [2, 5], [4, 5], [0, 2], [3, 1], [5, 0]]
2025-02-27 22:28:54,203 - INFO - episode:577 totalReward:14.184300968461127 Actions:[[8, 3], [2, 4], [4, 4], [0, 4], [6, 4], [1, 2], [7, 1], [9, 2], [5, 5], [3, 0]]
2025-02-27 22:28:54,380 - INFO - episode:578 totalReward:9.612818366411542 Actions:[[8, 3], [2, 1], [7, 0], [1, 1], [5, 4], [6, 0], [0, 0], [4, 5], [9, 0], [3, 4]]
2025-02-27 22:28:54,469 - INFO - episode:579 totalReward:13.365992848798331 Actions:[[1, 0], [6, 0], [9, 1], [3, 5], [4, 1], [0, 1], [7, 4], [2, 4], [5, 4], [8, 3]]
2025-02-27 22:28:54,577 - INFO - episode:580 totalReward:17.737812100386765 Actions:[[8, 3], [1, 0], [6, 0], [7, 5], [0, 2], [4, 5], [3, 2], [5, 4], [2, 2], [9, 4]]
2025-02-27 22:28:54,656 - INFO - episode:581 totalReward:16.537472198745526 Actions:[[8, 3], [4, 0], [9, 0], [2, 4], [6, 0], [7, 2], [0, 5], [5, 0], [1, 1], [3, 5]]
2025-02-27 22:28:54,760 - INFO - episode:582 totalReward:16.656708339857946 Actions:[[9, 2], [8, 5], [7, 3], [3, 2], [2, 2], [6, 3], [0, 1], [4, 2], [1, 0], [5, 4]]
2025-02-27 22:28:54,878 - INFO - episode:583 totalReward:10.169053141019182 Actions:[[8, 4], [6, 3], [1, 2], [0, 3], [4, 3], [3, 1], [9, 3], [7, 1], [2, 0], [5, 1]]
2025-02-27 22:28:54,977 - INFO - episode:584 totalReward:40.19688922896529 Actions:[[7, 3], [3, 3], [4, 2], [2, 5], [8, 0], [1, 4], [9, 1], [0, 5], [5, 2], [6, 2]]
2025-02-27 22:28:55,083 - INFO - episode:585 totalReward:12.707220162122187 Actions:[[5, 2], [8, 3], [3, 2], [6, 1], [1, 0], [0, 5], [2, 0], [4, 1], [9, 2], [7, 5]]
2025-02-27 22:28:55,179 - INFO - episode:586 totalReward:24.410636133975647 Actions:[[6, 1], [3, 1], [0, 3], [2, 0], [9, 0], [1, 5], [4, 5], [5, 1], [7, 4], [8, 2]]
2025-02-27 22:28:55,276 - INFO - episode:587 totalReward:12.835479899844605 Actions:[[8, 3], [6, 0], [0, 4], [7, 4], [1, 2], [2, 1], [3, 2], [9, 1], [4, 0], [5, 0]]
2025-02-27 22:28:55,377 - INFO - episode:588 totalReward:11.124493016444411 Actions:[[2, 1], [8, 0], [1, 3], [3, 4], [4, 4], [9, 3], [5, 5], [7, 5], [6, 2], [0, 4]]
2025-02-27 22:28:55,503 - INFO - episode:589 totalReward:29.35856322348005 Actions:[[8, 3], [0, 4], [5, 5], [7, 2], [9, 1], [2, 4], [1, 2], [3, 5], [6, 0], [4, 1]]
2025-02-27 22:28:55,656 - INFO - episode:590 totalReward:8.540970123746913 Actions:[[8, 3], [9, 4], [2, 5], [0, 1], [5, 4], [6, 4], [1, 0], [4, 1], [3, 0], [7, 1]]
2025-02-27 22:28:55,772 - INFO - episode:591 totalReward:28.320912804007566 Actions:[[1, 3], [3, 5], [8, 0], [6, 3], [4, 2], [7, 2], [5, 5], [9, 2], [0, 1], [2, 4]]
2025-02-27 22:28:55,869 - INFO - episode:592 totalReward:7.836841775521336 Actions:[[8, 3], [4, 0], [0, 0], [3, 1], [6, 4], [5, 0], [2, 4], [9, 2], [7, 0], [1, 1]]
2025-02-27 22:28:55,959 - INFO - episode:593 totalReward:0 Actions:[[7, 0], [5, 5], [4, 3], [2, 2], [1, 4], [6, 1], [0, 5], [9, 4], [3, 1]]
2025-02-27 22:28:56,062 - INFO - episode:594 totalReward:12.026368484818464 Actions:[[8, 3], [9, 4], [3, 2], [0, 2], [2, 4], [5, 2], [6, 0], [7, 5], [4, 2], [1, 1]]
2025-02-27 22:28:56,209 - INFO - episode:595 totalReward:8.250522861526061 Actions:[[8, 3], [1, 0], [7, 0], [2, 4], [9, 1], [4, 1], [0, 1], [6, 1], [5, 2], [3, 2]]
2025-02-27 22:28:56,296 - INFO - episode:596 totalReward:9.100739801885847 Actions:[[8, 3], [7, 4], [2, 4], [4, 2], [0, 4], [5, 1], [1, 5], [3, 5], [6, 4], [9, 2]]
2025-02-27 22:28:56,421 - INFO - episode:597 totalReward:9.427122685938873 Actions:[[8, 3], [2, 1], [9, 4], [7, 1], [5, 0], [1, 0], [0, 1], [3, 2], [6, 5], [4, 1]]
2025-02-27 22:28:56,531 - INFO - episode:598 totalReward:9.765225607134932 Actions:[[8, 3], [5, 0], [2, 1], [1, 2], [0, 0], [6, 2], [3, 0], [9, 0], [7, 4], [4, 1]]
2025-02-27 22:28:56,644 - INFO - episode:599 totalReward:9.438045884384831 Actions:[[8, 3], [0, 5], [1, 1], [9, 5], [4, 1], [6, 2], [7, 5], [5, 4], [3, 4], [2, 5]]
2025-02-27 22:28:56,755 - INFO - episode:600 totalReward:11.559847659180559 Actions:[[8, 3], [5, 2], [0, 1], [9, 0], [3, 5], [6, 1], [4, 1], [1, 5], [2, 2], [7, 2]]
2025-02-27 22:28:56,769 - INFO - episode:601 totalReward:0 Actions:[[4, 0], [6, 5], [5, 0], [9, 3], [1, 4], [3, 0], [7, 1], [0, 3], [2, 2]]
2025-02-27 22:28:56,857 - INFO - episode:602 totalReward:7.209266188627109 Actions:[[4, 0], [2, 5], [0, 5], [5, 4], [1, 0], [6, 4], [3, 4], [7, 4], [8, 1], [9, 5]]
2025-02-27 22:28:56,876 - INFO - episode:603 totalReward:11.238005722656567 Actions:[[4, 0], [5, 3], [2, 2], [1, 5], [3, 5], [7, 3], [8, 4], [6, 3], [0, 3], [9, 1]]
2025-02-27 22:28:56,889 - INFO - episode:604 totalReward:0 Actions:[[4, 0], [0, 3], [2, 5], [9, 0], [7, 0], [5, 2], [3, 4], [6, 3], [1, 1]]
2025-02-27 22:28:56,903 - INFO - episode:605 totalReward:13.629161569472842 Actions:[[4, 0], [1, 2], [8, 3], [0, 2], [9, 1], [3, 0], [7, 1], [5, 1], [6, 1], [2, 5]]
2025-02-27 22:28:56,924 - INFO - episode:606 totalReward:14.370636825375648 Actions:[[5, 4], [4, 0], [9, 5], [0, 5], [1, 0], [3, 3], [2, 3], [7, 3], [8, 2], [6, 5]]
2025-02-27 22:28:56,984 - INFO - episode:607 totalReward:10.000124362571889 Actions:[[4, 0], [7, 0], [3, 1], [8, 2], [9, 5], [2, 0], [5, 3], [1, 3], [0, 1], [6, 5]]
2025-02-27 22:28:57,099 - INFO - episode:608 totalReward:18.84456478269534 Actions:[[8, 4], [6, 1], [9, 3], [0, 2], [1, 3], [4, 0], [7, 1], [5, 0], [3, 2], [2, 1]]
2025-02-27 22:28:57,210 - INFO - episode:609 totalReward:11.84713497282608 Actions:[[8, 1], [5, 5], [4, 4], [1, 3], [2, 4], [6, 5], [0, 2], [7, 3], [3, 2], [9, 5]]
2025-02-27 22:28:57,298 - INFO - episode:610 totalReward:29.231291207506263 Actions:[[1, 2], [3, 2], [9, 0], [6, 1], [2, 5], [7, 4], [5, 4], [8, 3], [4, 4], [0, 0]]
2025-02-27 22:28:57,410 - INFO - episode:611 totalReward:11.960102373159055 Actions:[[0, 1], [1, 5], [6, 1], [2, 1], [5, 1], [4, 0], [9, 2], [3, 0], [7, 2], [8, 4]]
2025-02-27 22:28:57,538 - INFO - episode:612 totalReward:10.192232262678024 Actions:[[3, 2], [2, 1], [0, 2], [7, 2], [6, 0], [8, 3], [9, 4], [4, 1], [5, 4], [1, 0]]
2025-02-27 22:28:57,664 - INFO - episode:613 totalReward:20.019636758100148 Actions:[[7, 5], [3, 0], [6, 1], [0, 0], [5, 3], [2, 2], [1, 2], [8, 4], [9, 0], [4, 5]]
2025-02-27 22:28:57,810 - INFO - episode:614 totalReward:40.32120607724344 Actions:[[6, 4], [4, 1], [2, 4], [7, 5], [0, 3], [5, 5], [1, 1], [9, 2], [3, 2], [8, 0]]
2025-02-27 22:28:57,966 - INFO - episode:615 totalReward:10.597919961651645 Actions:[[6, 0], [8, 3], [1, 5], [9, 5], [3, 4], [5, 1], [0, 0], [7, 1], [2, 4], [4, 1]]
2025-02-27 22:28:58,054 - INFO - episode:616 totalReward:13.127910697683829 Actions:[[0, 1], [1, 2], [9, 4], [2, 4], [8, 3], [3, 5], [5, 2], [6, 5], [7, 1], [4, 4]]
2025-02-27 22:28:58,183 - INFO - episode:617 totalReward:21.06070637101884 Actions:[[4, 1], [0, 4], [6, 0], [3, 1], [7, 0], [2, 0], [1, 4], [5, 3], [9, 3], [8, 2]]
2025-02-27 22:28:58,300 - INFO - episode:618 totalReward:14.292137248882657 Actions:[[1, 4], [4, 3], [9, 1], [8, 5], [3, 0], [0, 2], [6, 1], [2, 1], [7, 3], [5, 2]]
2025-02-27 22:28:58,429 - INFO - episode:619 totalReward:14.723367912273822 Actions:[[4, 0], [7, 3], [8, 1], [3, 3], [2, 4], [6, 2], [5, 4], [0, 4], [1, 0], [9, 4]]
2025-02-27 22:28:58,545 - INFO - episode:620 totalReward:19.35614505884721 Actions:[[8, 3], [7, 5], [3, 0], [4, 2], [1, 2], [9, 1], [5, 4], [2, 1], [0, 5], [6, 0]]
2025-02-27 22:28:58,650 - INFO - episode:621 totalReward:34.133472212867225 Actions:[[4, 1], [2, 2], [1, 0], [5, 3], [8, 5], [3, 2], [0, 3], [6, 4], [9, 3], [7, 1]]
2025-02-27 22:28:58,791 - INFO - episode:622 totalReward:19.12942769904623 Actions:[[8, 3], [9, 5], [6, 5], [4, 2], [7, 1], [1, 2], [5, 5], [0, 4], [2, 5], [3, 0]]
2025-02-27 22:28:58,873 - INFO - episode:623 totalReward:11.99759005132563 Actions:[[8, 0], [6, 2], [4, 3], [3, 4], [9, 3], [2, 4], [7, 4], [1, 2], [5, 5], [0, 3]]
2025-02-27 22:28:58,973 - INFO - episode:624 totalReward:12.51125495333487 Actions:[[5, 1], [1, 0], [2, 3], [8, 5], [7, 0], [6, 3], [4, 3], [3, 2], [0, 1], [9, 2]]
2025-02-27 22:28:59,078 - INFO - episode:625 totalReward:18.50937961539857 Actions:[[8, 3], [4, 1], [7, 1], [2, 5], [0, 5], [6, 4], [9, 1], [3, 0], [5, 5], [1, 4]]
2025-02-27 22:28:59,193 - INFO - episode:626 totalReward:17.52363569640364 Actions:[[8, 3], [9, 4], [7, 2], [5, 2], [4, 4], [6, 0], [3, 2], [2, 5], [0, 0], [1, 5]]
2025-02-27 22:28:59,298 - INFO - episode:627 totalReward:9.189337527878054 Actions:[[6, 4], [8, 3], [2, 0], [9, 5], [1, 0], [4, 4], [7, 2], [0, 5], [3, 4], [5, 4]]
2025-02-27 22:28:59,390 - INFO - episode:628 totalReward:12.891989694716747 Actions:[[8, 3], [1, 2], [7, 1], [2, 5], [9, 4], [5, 1], [4, 5], [6, 5], [3, 4], [0, 4]]
2025-02-27 22:28:59,525 - INFO - episode:629 totalReward:14.68056675474637 Actions:[[8, 3], [3, 2], [4, 5], [5, 2], [6, 0], [7, 2], [9, 0], [0, 4], [2, 1], [1, 4]]
2025-02-27 22:28:59,640 - INFO - episode:630 totalReward:18.967007137459316 Actions:[[8, 3], [7, 1], [5, 5], [0, 4], [4, 4], [1, 2], [3, 2], [9, 1], [2, 0], [6, 1]]
2025-02-27 22:28:59,775 - INFO - episode:631 totalReward:11.395296155443818 Actions:[[9, 0], [8, 3], [4, 4], [1, 2], [7, 1], [0, 1], [3, 1], [2, 4], [6, 0], [5, 4]]
2025-02-27 22:28:59,932 - INFO - episode:632 totalReward:8.905263115414263 Actions:[[8, 3], [5, 1], [0, 1], [1, 2], [6, 4], [3, 0], [2, 0], [7, 2], [9, 0], [4, 0]]
2025-02-27 22:29:00,040 - INFO - episode:633 totalReward:35.451205285660805 Actions:[[8, 3], [7, 0], [1, 2], [6, 5], [9, 5], [3, 1], [0, 4], [4, 0], [2, 0], [5, 2]]
2025-02-27 22:29:00,136 - INFO - episode:634 totalReward:7.535087027278098 Actions:[[3, 5], [4, 5], [2, 5], [6, 2], [5, 4], [8, 3], [7, 5], [9, 1], [0, 4], [1, 2]]
2025-02-27 22:29:00,245 - INFO - episode:635 totalReward:8.716236094411835 Actions:[[8, 3], [9, 0], [5, 0], [6, 4], [0, 0], [7, 1], [1, 4], [4, 1], [3, 1], [2, 2]]
2025-02-27 22:29:00,375 - INFO - episode:636 totalReward:10.089353844248148 Actions:[[3, 0], [8, 3], [2, 0], [1, 1], [6, 0], [9, 1], [4, 5], [0, 4], [7, 4], [5, 5]]
2025-02-27 22:29:00,510 - INFO - episode:637 totalReward:19.74201432534985 Actions:[[8, 3], [2, 2], [6, 1], [1, 5], [5, 5], [3, 1], [4, 0], [9, 0], [7, 1], [0, 2]]
2025-02-27 22:29:00,648 - INFO - episode:638 totalReward:9.721786402904813 Actions:[[8, 3], [2, 0], [1, 0], [4, 5], [0, 5], [9, 4], [5, 2], [6, 2], [3, 4], [7, 4]]
2025-02-27 22:29:00,779 - INFO - episode:639 totalReward:33.47960508111771 Actions:[[8, 3], [5, 0], [9, 1], [6, 1], [2, 4], [3, 0], [7, 1], [0, 5], [4, 2], [1, 2]]
2025-02-27 22:29:00,899 - INFO - episode:640 totalReward:14.916732233538697 Actions:[[8, 3], [0, 2], [2, 1], [1, 4], [3, 4], [7, 2], [5, 0], [9, 5], [4, 5], [6, 1]]
2025-02-27 22:29:01,000 - INFO - episode:641 totalReward:11.131668049643496 Actions:[[8, 3], [2, 4], [3, 1], [4, 4], [7, 0], [0, 4], [9, 4], [5, 2], [6, 0], [1, 1]]
2025-02-27 22:29:01,099 - INFO - episode:642 totalReward:28.740004671275816 Actions:[[8, 3], [7, 5], [3, 4], [0, 2], [5, 5], [1, 0], [2, 1], [4, 0], [6, 4], [9, 5]]
2025-02-27 22:29:01,261 - INFO - episode:643 totalReward:22.0096246597727 Actions:[[7, 2], [8, 0], [2, 1], [3, 2], [0, 4], [6, 3], [9, 3], [4, 3], [1, 4], [5, 1]]
2025-02-27 22:29:01,367 - INFO - episode:644 totalReward:16.203065222799708 Actions:[[8, 3], [9, 1], [4, 1], [0, 2], [5, 1], [1, 5], [6, 2], [2, 4], [7, 1], [3, 4]]
2025-02-27 22:29:01,489 - INFO - episode:645 totalReward:12.406047892506672 Actions:[[8, 3], [5, 0], [7, 1], [2, 1], [4, 1], [1, 4], [0, 4], [6, 2], [3, 1], [9, 0]]
2025-02-27 22:29:01,595 - INFO - episode:646 totalReward:51.39025125974749 Actions:[[8, 2], [9, 0], [6, 3], [5, 1], [0, 5], [7, 0], [2, 5], [3, 4], [1, 3], [4, 1]]
2025-02-27 22:29:01,722 - INFO - episode:647 totalReward:18.12182106072945 Actions:[[8, 3], [6, 2], [5, 0], [1, 2], [0, 1], [7, 4], [2, 5], [9, 0], [4, 0], [3, 1]]
2025-02-27 22:29:01,826 - INFO - episode:648 totalReward:27.43072509983649 Actions:[[4, 1], [8, 5], [5, 4], [1, 3], [0, 4], [7, 0], [2, 3], [9, 4], [3, 2], [6, 2]]
2025-02-27 22:29:01,940 - INFO - episode:649 totalReward:12.750509428757699 Actions:[[8, 3], [9, 4], [0, 4], [2, 0], [1, 0], [3, 1], [5, 2], [4, 4], [7, 5], [6, 2]]
2025-02-27 22:29:02,046 - INFO - episode:650 totalReward:13.529060193757822 Actions:[[8, 3], [2, 5], [0, 2], [4, 4], [5, 4], [6, 5], [3, 4], [7, 2], [1, 1], [9, 0]]
2025-02-27 22:29:02,177 - INFO - episode:651 totalReward:8.798464930037492 Actions:[[3, 4], [8, 3], [5, 2], [1, 1], [6, 0], [0, 5], [2, 5], [7, 4], [9, 4], [4, 4]]
2025-02-27 22:29:02,281 - INFO - episode:652 totalReward:15.184136573866613 Actions:[[5, 1], [2, 0], [0, 3], [6, 1], [3, 1], [9, 3], [4, 2], [7, 5], [8, 4], [1, 0]]
2025-02-27 22:29:02,384 - INFO - episode:653 totalReward:18.495139017473186 Actions:[[5, 2], [4, 0], [8, 3], [9, 1], [0, 5], [6, 0], [2, 5], [7, 4], [3, 2], [1, 4]]
2025-02-27 22:29:02,523 - INFO - episode:654 totalReward:13.4766150022515 Actions:[[8, 3], [5, 5], [2, 5], [0, 2], [1, 4], [4, 5], [3, 4], [7, 5], [9, 0], [6, 2]]
2025-02-27 22:29:02,683 - INFO - episode:655 totalReward:8.24957668757358 Actions:[[8, 3], [9, 2], [1, 1], [7, 2], [4, 4], [6, 2], [3, 0], [0, 2], [2, 0], [5, 0]]
2025-02-27 22:29:02,798 - INFO - episode:656 totalReward:41.692660313297736 Actions:[[8, 3], [7, 4], [5, 0], [4, 4], [9, 0], [0, 0], [1, 2], [3, 1], [2, 5], [6, 5]]
2025-02-27 22:29:02,909 - INFO - episode:657 totalReward:29.45340155402621 Actions:[[8, 3], [6, 0], [1, 5], [7, 2], [0, 1], [9, 1], [5, 1], [4, 4], [2, 0], [3, 4]]
2025-02-27 22:29:03,029 - INFO - episode:658 totalReward:24.278436470726398 Actions:[[8, 3], [6, 5], [2, 0], [5, 4], [3, 0], [7, 1], [4, 1], [0, 2], [1, 4], [9, 0]]
2025-02-27 22:29:03,189 - INFO - episode:659 totalReward:14.36520391675552 Actions:[[8, 3], [1, 5], [0, 5], [3, 0], [7, 2], [2, 0], [4, 4], [5, 0], [6, 1], [9, 4]]
2025-02-27 22:29:03,298 - INFO - episode:660 totalReward:33.47960508111771 Actions:[[8, 3], [1, 1], [9, 1], [0, 5], [5, 2], [2, 4], [3, 0], [4, 2], [7, 0], [6, 2]]
2025-02-27 22:29:03,484 - INFO - episode:661 totalReward:13.882437092895334 Actions:[[8, 3], [2, 5], [1, 2], [4, 2], [9, 1], [3, 0], [7, 0], [6, 4], [5, 0], [0, 1]]
2025-02-27 22:29:03,642 - INFO - episode:662 totalReward:18.630473220230886 Actions:[[4, 0], [0, 1], [1, 0], [7, 4], [8, 3], [3, 4], [6, 1], [9, 1], [5, 5], [2, 2]]
2025-02-27 22:29:03,754 - INFO - episode:663 totalReward:40.71467427593715 Actions:[[8, 3], [2, 5], [3, 1], [0, 5], [7, 2], [1, 0], [5, 4], [6, 4], [4, 2], [9, 0]]
2025-02-27 22:29:03,867 - INFO - episode:664 totalReward:19.324988122960153 Actions:[[9, 3], [0, 2], [8, 5], [2, 4], [3, 2], [4, 4], [6, 1], [1, 3], [7, 1], [5, 1]]
2025-02-27 22:29:04,017 - INFO - episode:665 totalReward:21.06355387969948 Actions:[[8, 3], [9, 1], [7, 4], [4, 2], [5, 2], [6, 5], [3, 2], [2, 5], [0, 1], [1, 4]]
2025-02-27 22:29:04,135 - INFO - episode:666 totalReward:20.167481573680885 Actions:[[3, 5], [8, 3], [5, 2], [4, 2], [7, 0], [0, 2], [1, 1], [2, 1], [6, 4], [9, 4]]
2025-02-27 22:29:04,223 - INFO - episode:667 totalReward:18.80292054767878 Actions:[[8, 3], [3, 1], [7, 4], [9, 0], [5, 0], [2, 2], [4, 1], [0, 4], [1, 5], [6, 5]]
2025-02-27 22:29:04,348 - INFO - episode:668 totalReward:24.810208689217504 Actions:[[8, 5], [6, 2], [2, 1], [7, 2], [3, 1], [0, 1], [4, 3], [5, 0], [9, 4], [1, 3]]
2025-02-27 22:29:04,438 - INFO - episode:669 totalReward:15.933583022637187 Actions:[[8, 3], [9, 5], [5, 0], [1, 1], [4, 5], [2, 2], [0, 0], [3, 1], [7, 2], [6, 2]]
2025-02-27 22:29:04,596 - INFO - episode:670 totalReward:13.078359639950099 Actions:[[8, 3], [4, 2], [3, 1], [5, 2], [9, 1], [0, 4], [7, 2], [2, 2], [6, 0], [1, 0]]
2025-02-27 22:29:04,750 - INFO - episode:671 totalReward:23.659649146845773 Actions:[[8, 3], [0, 1], [2, 2], [7, 5], [4, 4], [1, 0], [3, 1], [5, 0], [6, 1], [9, 5]]
2025-02-27 22:29:04,861 - INFO - episode:672 totalReward:22.79517614831589 Actions:[[8, 3], [4, 5], [6, 4], [7, 4], [1, 2], [9, 4], [0, 0], [3, 2], [2, 0], [5, 5]]
2025-02-27 22:29:04,999 - INFO - episode:673 totalReward:29.749007429677736 Actions:[[2, 2], [8, 4], [7, 5], [4, 1], [9, 0], [0, 3], [3, 2], [6, 1], [1, 5], [5, 0]]
2025-02-27 22:29:05,090 - INFO - episode:674 totalReward:0 Actions:[[5, 4], [2, 4], [7, 5], [6, 2], [3, 5], [0, 5], [4, 1], [9, 0], [1, 3]]
2025-02-27 22:29:05,288 - INFO - episode:675 totalReward:13.346532416426903 Actions:[[8, 3], [2, 1], [7, 1], [5, 5], [4, 4], [6, 1], [3, 5], [0, 4], [9, 5], [1, 2]]
2025-02-27 22:29:05,404 - INFO - episode:676 totalReward:9.45701272489051 Actions:[[8, 3], [9, 5], [7, 4], [2, 5], [1, 0], [3, 5], [0, 5], [6, 1], [5, 4], [4, 1]]
2025-02-27 22:29:05,501 - INFO - episode:677 totalReward:9.60841740465765 Actions:[[8, 4], [9, 1], [0, 0], [5, 5], [7, 1], [1, 0], [6, 1], [3, 1], [4, 2], [2, 3]]
2025-02-27 22:29:05,631 - INFO - episode:678 totalReward:13.614760207983707 Actions:[[8, 3], [3, 4], [9, 2], [2, 4], [5, 4], [7, 4], [4, 5], [0, 2], [1, 1], [6, 5]]
2025-02-27 22:29:05,779 - INFO - episode:679 totalReward:11.622443866914788 Actions:[[8, 3], [7, 0], [3, 1], [1, 2], [5, 5], [4, 2], [0, 1], [6, 5], [9, 1], [2, 0]]
2025-02-27 22:29:05,900 - INFO - episode:680 totalReward:24.694059909355754 Actions:[[8, 3], [0, 5], [9, 5], [3, 1], [5, 2], [1, 4], [6, 4], [4, 0], [2, 1], [7, 1]]
2025-02-27 22:29:06,034 - INFO - episode:681 totalReward:18.370948333644883 Actions:[[8, 3], [4, 5], [5, 2], [2, 2], [9, 0], [0, 2], [1, 5], [6, 0], [3, 1], [7, 0]]
2025-02-27 22:29:06,188 - INFO - episode:682 totalReward:26.192711063795837 Actions:[[8, 3], [0, 0], [6, 2], [4, 0], [9, 2], [1, 4], [3, 5], [5, 1], [2, 4], [7, 5]]
2025-02-27 22:29:06,364 - INFO - episode:683 totalReward:15.345539202044082 Actions:[[8, 3], [0, 1], [6, 5], [4, 4], [9, 0], [3, 5], [1, 0], [2, 4], [7, 4], [5, 5]]
2025-02-27 22:29:06,485 - INFO - episode:684 totalReward:8.835223878431808 Actions:[[8, 3], [0, 0], [3, 2], [2, 5], [9, 0], [7, 0], [1, 5], [4, 0], [6, 1], [5, 1]]
2025-02-27 22:29:06,619 - INFO - episode:685 totalReward:14.096708271189161 Actions:[[8, 3], [1, 1], [0, 1], [4, 2], [2, 2], [5, 4], [7, 0], [6, 5], [3, 2], [9, 5]]
2025-02-27 22:29:06,753 - INFO - episode:686 totalReward:7.464920537861837 Actions:[[0, 0], [8, 3], [3, 0], [6, 0], [9, 2], [5, 5], [4, 0], [7, 1], [1, 1], [2, 5]]
2025-02-27 22:29:06,911 - INFO - episode:687 totalReward:13.109981072653117 Actions:[[8, 3], [2, 1], [9, 4], [7, 1], [5, 1], [4, 2], [6, 5], [0, 5], [3, 1], [1, 2]]
2025-02-27 22:29:07,039 - INFO - episode:688 totalReward:11.38592300936695 Actions:[[9, 5], [8, 3], [7, 1], [4, 5], [2, 5], [6, 4], [3, 5], [0, 0], [5, 0], [1, 2]]
2025-02-27 22:29:07,189 - INFO - episode:689 totalReward:43.08872853062822 Actions:[[8, 3], [9, 2], [5, 5], [2, 4], [3, 1], [7, 5], [0, 1], [4, 2], [6, 0], [1, 4]]
2025-02-27 22:29:07,341 - INFO - episode:690 totalReward:11.890966030701511 Actions:[[8, 3], [0, 5], [9, 5], [2, 4], [6, 0], [1, 0], [3, 1], [5, 5], [7, 5], [4, 2]]
2025-02-27 22:29:07,478 - INFO - episode:691 totalReward:10.438793319209163 Actions:[[9, 2], [8, 3], [4, 1], [0, 4], [5, 0], [6, 2], [7, 5], [1, 1], [2, 2], [3, 2]]
2025-02-27 22:29:07,580 - INFO - episode:692 totalReward:10.648211266803711 Actions:[[8, 3], [4, 5], [6, 5], [2, 0], [0, 4], [7, 5], [5, 4], [3, 4], [9, 1], [1, 2]]
2025-02-27 22:29:07,780 - INFO - episode:693 totalReward:17.267038404450343 Actions:[[9, 0], [3, 4], [5, 0], [6, 5], [4, 0], [0, 3], [1, 5], [7, 2], [2, 3], [8, 1]]
2025-02-27 22:29:07,880 - INFO - episode:694 totalReward:11.520530073866407 Actions:[[2, 0], [6, 0], [7, 0], [1, 5], [9, 0], [8, 4], [0, 3], [4, 3], [3, 2], [5, 5]]
2025-02-27 22:29:08,001 - INFO - episode:695 totalReward:11.790189654473968 Actions:[[3, 2], [8, 0], [6, 4], [1, 3], [5, 2], [4, 2], [0, 5], [7, 5], [2, 1], [9, 2]]
2025-02-27 22:29:08,133 - INFO - episode:696 totalReward:10.049398979981968 Actions:[[4, 3], [1, 0], [0, 1], [9, 5], [8, 4], [3, 5], [5, 5], [7, 0], [2, 5], [6, 2]]
2025-02-27 22:29:08,257 - INFO - episode:697 totalReward:13.640016346567512 Actions:[[8, 3], [6, 4], [1, 4], [2, 0], [9, 0], [3, 1], [7, 2], [5, 2], [4, 5], [0, 2]]
2025-02-27 22:29:08,388 - INFO - episode:698 totalReward:19.530654343894497 Actions:[[8, 2], [9, 0], [7, 1], [5, 3], [0, 4], [4, 4], [1, 1], [6, 0], [2, 0], [3, 5]]
2025-02-27 22:29:08,492 - INFO - episode:699 totalReward:20.079678518836612 Actions:[[6, 2], [8, 5], [4, 4], [9, 2], [1, 0], [7, 1], [0, 1], [3, 3], [2, 0], [5, 4]]
2025-02-27 22:29:08,607 - INFO - episode:700 totalReward:12.367424686980575 Actions:[[4, 5], [8, 0], [6, 4], [7, 3], [9, 2], [1, 5], [0, 2], [3, 3], [2, 4], [5, 4]]
2025-02-27 22:29:08,720 - INFO - episode:701 totalReward:20.217454769494186 Actions:[[8, 3], [3, 5], [1, 1], [4, 0], [7, 0], [5, 0], [0, 4], [6, 1], [9, 5], [2, 4]]
2025-02-27 22:29:08,827 - INFO - episode:702 totalReward:11.195176648290303 Actions:[[9, 5], [8, 3], [2, 0], [1, 0], [7, 2], [3, 1], [0, 2], [6, 5], [4, 1], [5, 2]]
2025-02-27 22:29:08,947 - INFO - episode:703 totalReward:6.437978150681786 Actions:[[8, 3], [2, 4], [6, 5], [1, 4], [5, 5], [9, 5], [4, 1], [3, 1], [0, 1], [7, 1]]
2025-02-27 22:29:09,061 - INFO - episode:704 totalReward:10.830571779947562 Actions:[[8, 3], [0, 0], [6, 1], [7, 4], [2, 1], [5, 2], [1, 0], [9, 5], [4, 1], [3, 1]]
2025-02-27 22:29:09,186 - INFO - episode:705 totalReward:12.913771895814971 Actions:[[9, 5], [8, 0], [7, 5], [3, 5], [5, 2], [4, 1], [0, 1], [6, 5], [1, 4], [2, 3]]
2025-02-27 22:29:09,305 - INFO - episode:706 totalReward:17.99407505313472 Actions:[[8, 3], [5, 5], [4, 1], [0, 4], [6, 0], [9, 2], [1, 2], [7, 5], [2, 0], [3, 4]]
2025-02-27 22:29:09,437 - INFO - episode:707 totalReward:13.642401196075676 Actions:[[1, 4], [8, 3], [5, 2], [2, 1], [4, 0], [3, 1], [6, 0], [0, 0], [9, 0], [7, 5]]
2025-02-27 22:29:09,634 - INFO - episode:708 totalReward:27.58606637546562 Actions:[[1, 4], [8, 5], [4, 4], [2, 3], [9, 2], [3, 2], [5, 1], [6, 2], [0, 0], [7, 3]]
2025-02-27 22:29:09,789 - INFO - episode:709 totalReward:7.335526226467122 Actions:[[1, 4], [8, 3], [6, 1], [2, 0], [9, 2], [5, 0], [0, 0], [4, 1], [7, 1], [3, 0]]
2025-02-27 22:29:09,945 - INFO - episode:710 totalReward:11.830577541241956 Actions:[[8, 3], [1, 0], [9, 0], [6, 5], [2, 4], [3, 4], [7, 4], [5, 1], [0, 5], [4, 1]]
2025-02-27 22:29:10,063 - INFO - episode:711 totalReward:12.988414075522092 Actions:[[8, 3], [0, 5], [3, 5], [1, 4], [9, 4], [4, 2], [5, 5], [7, 2], [2, 0], [6, 2]]
2025-02-27 22:29:10,170 - INFO - episode:712 totalReward:36.636874835599365 Actions:[[0, 1], [4, 5], [8, 0], [2, 3], [9, 2], [6, 2], [3, 4], [5, 4], [1, 1], [7, 5]]
2025-02-27 22:29:10,291 - INFO - episode:713 totalReward:65.70936091654373 Actions:[[8, 3], [2, 0], [6, 2], [5, 0], [9, 4], [7, 1], [3, 2], [1, 5], [4, 1], [0, 4]]
2025-02-27 22:29:10,533 - INFO - episode:714 totalReward:31.42147597496821 Actions:[[8, 3], [2, 1], [6, 4], [9, 0], [5, 4], [0, 5], [3, 4], [7, 0], [4, 1], [1, 2]]
2025-02-27 22:29:10,654 - INFO - episode:715 totalReward:0 Actions:[[4, 1], [5, 0], [1, 0], [6, 5], [7, 3], [0, 4], [3, 3], [9, 2], [2, 2]]
2025-02-27 22:29:10,762 - INFO - episode:716 totalReward:13.953879565379674 Actions:[[8, 3], [0, 5], [7, 4], [1, 2], [3, 5], [9, 2], [6, 5], [5, 0], [4, 1], [2, 1]]
2025-02-27 22:29:10,862 - INFO - episode:717 totalReward:43.43454744529775 Actions:[[8, 3], [4, 1], [1, 4], [3, 0], [7, 4], [2, 5], [0, 2], [6, 5], [9, 0], [5, 2]]
2025-02-27 22:29:11,056 - INFO - episode:718 totalReward:31.685521727640143 Actions:[[8, 3], [3, 0], [9, 2], [2, 0], [5, 1], [6, 2], [7, 5], [0, 0], [4, 5], [1, 4]]
2025-02-27 22:29:11,226 - INFO - episode:719 totalReward:17.605170485922965 Actions:[[8, 3], [6, 4], [9, 5], [1, 0], [7, 4], [5, 2], [2, 5], [4, 0], [0, 2], [3, 2]]
2025-02-27 22:29:11,373 - INFO - episode:720 totalReward:11.858685291798686 Actions:[[8, 3], [0, 2], [3, 1], [4, 1], [6, 1], [7, 2], [2, 4], [1, 5], [5, 0], [9, 2]]
2025-02-27 22:29:11,577 - INFO - episode:721 totalReward:11.175470660810888 Actions:[[8, 3], [5, 0], [2, 0], [7, 0], [0, 0], [9, 5], [3, 5], [4, 4], [1, 2], [6, 4]]
2025-02-27 22:29:11,712 - INFO - episode:722 totalReward:12.48423367647501 Actions:[[6, 0], [8, 3], [5, 1], [4, 1], [1, 5], [9, 5], [0, 0], [7, 2], [3, 0], [2, 2]]
2025-02-27 22:29:11,831 - INFO - episode:723 totalReward:12.747919243008035 Actions:[[9, 0], [8, 3], [2, 2], [6, 2], [3, 0], [7, 1], [5, 2], [0, 2], [1, 4], [4, 0]]
2025-02-27 22:29:11,950 - INFO - episode:724 totalReward:28.423298426448873 Actions:[[7, 4], [8, 3], [6, 4], [3, 5], [4, 1], [2, 0], [0, 2], [9, 1], [1, 2], [5, 4]]
2025-02-27 22:29:12,037 - INFO - episode:725 totalReward:14.991373542001144 Actions:[[6, 4], [0, 2], [9, 1], [8, 5], [1, 0], [2, 1], [4, 1], [3, 3], [7, 2], [5, 2]]
2025-02-27 22:29:12,221 - INFO - episode:726 totalReward:13.420415926553003 Actions:[[4, 0], [3, 4], [1, 1], [6, 2], [5, 1], [2, 4], [9, 4], [7, 3], [0, 4], [8, 5]]
2025-02-27 22:29:12,369 - INFO - episode:727 totalReward:18.62331517892264 Actions:[[8, 3], [3, 4], [6, 5], [1, 1], [9, 1], [0, 5], [5, 5], [2, 2], [4, 4], [7, 0]]
2025-02-27 22:29:12,513 - INFO - episode:728 totalReward:28.9577331768862 Actions:[[8, 3], [9, 2], [3, 4], [4, 5], [2, 2], [0, 1], [7, 4], [6, 0], [5, 4], [1, 5]]
2025-02-27 22:29:12,648 - INFO - episode:729 totalReward:11.346340973634671 Actions:[[3, 1], [9, 1], [8, 0], [6, 1], [5, 4], [4, 4], [2, 3], [1, 2], [0, 4], [7, 5]]
2025-02-27 22:29:12,767 - INFO - episode:730 totalReward:19.331183848522702 Actions:[[4, 0], [8, 3], [0, 1], [7, 2], [9, 2], [6, 1], [1, 5], [3, 4], [2, 1], [5, 4]]
2025-02-27 22:29:12,930 - INFO - episode:731 totalReward:11.230588142688859 Actions:[[8, 3], [5, 1], [2, 5], [1, 2], [3, 2], [7, 0], [0, 1], [4, 4], [9, 1], [6, 1]]
2025-02-27 22:29:13,107 - INFO - episode:732 totalReward:15.408162884563472 Actions:[[8, 3], [7, 0], [3, 0], [4, 2], [1, 2], [0, 5], [9, 4], [2, 0], [5, 0], [6, 1]]
2025-02-27 22:29:13,226 - INFO - episode:733 totalReward:19.137893887169916 Actions:[[8, 3], [0, 2], [3, 1], [6, 4], [5, 4], [9, 5], [1, 2], [4, 4], [7, 1], [2, 5]]
2025-02-27 22:29:13,368 - INFO - episode:734 totalReward:10.384535683520504 Actions:[[8, 3], [0, 4], [6, 4], [3, 2], [5, 0], [7, 5], [4, 5], [2, 0], [1, 2], [9, 5]]
2025-02-27 22:29:13,531 - INFO - episode:735 totalReward:43.729533946262976 Actions:[[8, 3], [7, 5], [5, 1], [3, 1], [9, 4], [6, 2], [0, 0], [4, 5], [2, 2], [1, 4]]
2025-02-27 22:29:13,665 - INFO - episode:736 totalReward:36.73142764314331 Actions:[[8, 4], [4, 2], [3, 2], [2, 1], [7, 1], [6, 0], [1, 5], [9, 3], [5, 0], [0, 5]]
2025-02-27 22:29:13,776 - INFO - episode:737 totalReward:14.47427388420447 Actions:[[8, 3], [7, 0], [4, 5], [1, 5], [6, 4], [5, 2], [2, 0], [9, 2], [3, 2], [0, 4]]
2025-02-27 22:29:13,925 - INFO - episode:738 totalReward:6.811279576256653 Actions:[[8, 4], [9, 2], [2, 3], [6, 2], [3, 0], [1, 0], [0, 3], [7, 2], [4, 2], [5, 3]]
2025-02-27 22:29:14,059 - INFO - episode:739 totalReward:9.651656331313081 Actions:[[8, 3], [4, 1], [0, 1], [3, 0], [9, 5], [2, 1], [7, 1], [5, 2], [6, 0], [1, 4]]
2025-02-27 22:29:14,193 - INFO - episode:740 totalReward:18.1767428518377 Actions:[[8, 3], [1, 2], [7, 1], [6, 0], [9, 2], [5, 0], [3, 5], [4, 5], [0, 4], [2, 0]]
2025-02-27 22:29:14,354 - INFO - episode:741 totalReward:14.70904608302008 Actions:[[8, 3], [2, 5], [5, 4], [9, 1], [4, 1], [0, 0], [6, 4], [1, 5], [3, 0], [7, 4]]
2025-02-27 22:29:14,452 - INFO - episode:742 totalReward:0 Actions:[[6, 5], [5, 0], [3, 0], [4, 1], [7, 2], [2, 4], [1, 5], [9, 3], [0, 1]]
2025-02-27 22:29:14,628 - INFO - episode:743 totalReward:15.184048963835712 Actions:[[8, 3], [3, 0], [5, 2], [9, 4], [6, 0], [2, 1], [7, 2], [4, 4], [0, 0], [1, 1]]
2025-02-27 22:29:14,790 - INFO - episode:744 totalReward:19.193687409794034 Actions:[[1, 4], [3, 3], [8, 5], [7, 3], [9, 1], [2, 1], [4, 1], [0, 0], [6, 2], [5, 4]]
2025-02-27 22:29:14,909 - INFO - episode:745 totalReward:31.76279784710442 Actions:[[5, 4], [1, 5], [2, 0], [0, 4], [7, 0], [6, 2], [9, 4], [4, 2], [3, 3], [8, 1]]
2025-02-27 22:29:15,055 - INFO - episode:746 totalReward:22.90649095338694 Actions:[[3, 0], [4, 0], [8, 1], [1, 2], [2, 3], [0, 4], [9, 4], [5, 2], [7, 3], [6, 3]]
2025-02-27 22:29:15,159 - INFO - episode:747 totalReward:38.075227838538694 Actions:[[4, 0], [3, 3], [7, 1], [5, 3], [9, 1], [8, 4], [0, 5], [6, 5], [2, 5], [1, 2]]
2025-02-27 22:29:15,246 - INFO - episode:748 totalReward:11.478236922453393 Actions:[[3, 4], [8, 1], [6, 4], [5, 0], [9, 0], [1, 2], [4, 0], [2, 3], [0, 4], [7, 0]]
2025-02-27 22:29:15,370 - INFO - episode:749 totalReward:15.281764415771164 Actions:[[8, 0], [4, 4], [1, 1], [0, 2], [5, 4], [7, 1], [3, 3], [9, 4], [2, 2], [6, 2]]
2025-02-27 22:29:15,538 - INFO - episode:750 totalReward:16.93017082829227 Actions:[[8, 3], [5, 5], [1, 2], [6, 4], [9, 0], [7, 4], [4, 1], [0, 1], [3, 1], [2, 2]]
2025-02-27 22:29:15,651 - INFO - episode:751 totalReward:0 Actions:[[0, 5], [7, 0], [9, 1], [1, 4], [2, 3], [5, 5], [6, 1], [3, 5], [4, 2]]
2025-02-27 22:29:15,813 - INFO - episode:752 totalReward:11.644080959349429 Actions:[[8, 3], [7, 2], [3, 2], [9, 0], [1, 5], [6, 4], [2, 1], [5, 4], [0, 2], [4, 5]]
2025-02-27 22:29:15,933 - INFO - episode:753 totalReward:12.084836793018072 Actions:[[0, 2], [6, 0], [3, 0], [8, 3], [9, 5], [2, 2], [5, 0], [7, 4], [4, 2], [1, 4]]
2025-02-27 22:29:16,054 - INFO - episode:754 totalReward:32.41231970648835 Actions:[[8, 3], [6, 5], [5, 5], [4, 2], [2, 1], [9, 5], [7, 0], [3, 2], [1, 1], [0, 4]]
2025-02-27 22:29:16,174 - INFO - episode:755 totalReward:9.204400710500904 Actions:[[8, 3], [2, 1], [5, 2], [1, 2], [7, 5], [6, 1], [4, 1], [3, 1], [0, 4], [9, 5]]
2025-02-27 22:29:16,295 - INFO - episode:756 totalReward:8.603267059821562 Actions:[[8, 3], [3, 2], [5, 1], [6, 5], [2, 4], [0, 5], [4, 4], [9, 4], [1, 1], [7, 4]]
2025-02-27 22:29:16,414 - INFO - episode:757 totalReward:9.95541449667198 Actions:[[8, 3], [9, 4], [2, 2], [6, 4], [7, 0], [1, 5], [3, 4], [0, 0], [5, 2], [4, 0]]
2025-02-27 22:29:16,557 - INFO - episode:758 totalReward:20.410811967874736 Actions:[[8, 3], [7, 4], [1, 0], [3, 2], [0, 2], [5, 4], [9, 2], [6, 1], [2, 5], [4, 4]]
2025-02-27 22:29:16,668 - INFO - episode:759 totalReward:11.067070030014502 Actions:[[8, 3], [7, 2], [3, 1], [6, 1], [2, 1], [4, 1], [0, 5], [1, 4], [9, 4], [5, 5]]
2025-02-27 22:29:16,818 - INFO - episode:760 totalReward:35.23510055750277 Actions:[[8, 3], [3, 1], [0, 5], [9, 0], [7, 2], [6, 5], [1, 2], [2, 4], [4, 0], [5, 1]]
2025-02-27 22:29:16,941 - INFO - episode:761 totalReward:44.143498630975934 Actions:[[8, 0], [7, 3], [5, 4], [6, 2], [9, 2], [4, 5], [0, 1], [1, 5], [2, 1], [3, 3]]
2025-02-27 22:29:17,075 - INFO - episode:762 totalReward:10.320097096098888 Actions:[[8, 0], [0, 5], [4, 5], [3, 2], [1, 2], [7, 4], [6, 4], [2, 4], [9, 1], [5, 1]]
2025-02-27 22:29:17,186 - INFO - episode:763 totalReward:23.33733757542759 Actions:[[2, 2], [6, 0], [4, 0], [1, 4], [5, 3], [3, 3], [7, 2], [9, 0], [8, 5], [0, 1]]
2025-02-27 22:29:17,310 - INFO - episode:764 totalReward:13.919905558432701 Actions:[[8, 3], [6, 5], [7, 2], [4, 1], [2, 2], [1, 5], [5, 2], [3, 1], [0, 4], [9, 1]]
2025-02-27 22:29:17,423 - INFO - episode:765 totalReward:38.3511077789801 Actions:[[8, 3], [6, 4], [1, 4], [0, 1], [9, 0], [5, 1], [3, 5], [4, 2], [2, 0], [7, 2]]
2025-02-27 22:29:17,552 - INFO - episode:766 totalReward:13.696431781380177 Actions:[[8, 3], [1, 1], [5, 1], [7, 4], [3, 5], [0, 2], [9, 4], [6, 4], [2, 4], [4, 5]]
2025-02-27 22:29:17,695 - INFO - episode:767 totalReward:11.960102373159055 Actions:[[8, 3], [0, 4], [1, 2], [9, 0], [2, 4], [5, 4], [6, 4], [4, 5], [3, 5], [7, 0]]
2025-02-27 22:29:17,816 - INFO - episode:768 totalReward:9.050358088850338 Actions:[[8, 3], [2, 5], [4, 0], [6, 0], [0, 0], [3, 0], [9, 4], [5, 4], [1, 2], [7, 1]]
2025-02-27 22:29:17,950 - INFO - episode:769 totalReward:16.271822544355807 Actions:[[8, 3], [1, 5], [2, 0], [9, 0], [3, 1], [7, 2], [5, 0], [6, 1], [4, 0], [0, 4]]
2025-02-27 22:29:18,086 - INFO - episode:770 totalReward:32.23866579488058 Actions:[[8, 3], [3, 4], [9, 5], [1, 4], [5, 2], [4, 1], [2, 0], [0, 5], [7, 0], [6, 1]]
2025-02-27 22:29:18,245 - INFO - episode:771 totalReward:11.885977902132057 Actions:[[8, 3], [0, 2], [4, 0], [2, 5], [1, 0], [6, 1], [3, 2], [9, 2], [7, 1], [5, 2]]
2025-02-27 22:29:18,390 - INFO - episode:772 totalReward:11.397732764700446 Actions:[[8, 3], [0, 2], [1, 5], [6, 1], [5, 4], [3, 2], [9, 1], [7, 5], [4, 2], [2, 1]]
2025-02-27 22:29:18,526 - INFO - episode:773 totalReward:7.41510729140211 Actions:[[8, 3], [1, 1], [9, 4], [6, 0], [4, 0], [2, 5], [3, 0], [5, 5], [7, 1], [0, 0]]
2025-02-27 22:29:18,670 - INFO - episode:774 totalReward:23.342725692076513 Actions:[[8, 3], [3, 2], [4, 0], [0, 4], [9, 2], [1, 1], [5, 0], [7, 1], [6, 4], [2, 0]]
2025-02-27 22:29:18,816 - INFO - episode:775 totalReward:7.641652129415395 Actions:[[8, 3], [2, 2], [7, 1], [9, 0], [1, 2], [6, 4], [3, 0], [0, 0], [4, 0], [5, 1]]
2025-02-27 22:29:18,973 - INFO - episode:776 totalReward:10.322050771722296 Actions:[[8, 3], [0, 5], [7, 5], [9, 2], [1, 0], [4, 4], [2, 0], [6, 4], [3, 2], [5, 2]]
2025-02-27 22:29:19,113 - INFO - episode:777 totalReward:16.94462742701887 Actions:[[8, 3], [0, 0], [3, 2], [6, 5], [2, 5], [7, 5], [4, 4], [1, 4], [5, 2], [9, 2]]
2025-02-27 22:29:19,257 - INFO - episode:778 totalReward:10.095992342316295 Actions:[[8, 3], [1, 4], [3, 0], [0, 5], [7, 4], [9, 1], [2, 1], [6, 1], [5, 0], [4, 5]]
2025-02-27 22:29:19,506 - INFO - episode:779 totalReward:10.91490554232587 Actions:[[8, 3], [4, 2], [0, 0], [9, 0], [7, 2], [6, 5], [2, 0], [3, 0], [1, 5], [5, 4]]
2025-02-27 22:29:19,675 - INFO - episode:780 totalReward:6.441114417817599 Actions:[[8, 3], [4, 1], [9, 0], [3, 4], [2, 4], [0, 0], [6, 4], [1, 1], [5, 4], [7, 0]]
2025-02-27 22:29:19,785 - INFO - episode:781 totalReward:11.88495634690875 Actions:[[0, 4], [8, 3], [3, 0], [4, 1], [1, 2], [7, 4], [6, 5], [2, 4], [5, 2], [9, 4]]
2025-02-27 22:29:19,925 - INFO - episode:782 totalReward:30.941318963752344 Actions:[[8, 3], [4, 2], [9, 4], [5, 4], [7, 1], [3, 1], [1, 2], [6, 0], [2, 5], [0, 4]]
2025-02-27 22:29:20,076 - INFO - episode:783 totalReward:20.769582893676056 Actions:[[6, 1], [8, 0], [9, 1], [0, 1], [2, 4], [7, 5], [5, 3], [4, 4], [3, 3], [1, 5]]
2025-02-27 22:29:20,312 - INFO - episode:784 totalReward:15.548759796180159 Actions:[[8, 3], [9, 5], [7, 1], [1, 4], [4, 5], [6, 2], [3, 4], [5, 5], [0, 0], [2, 0]]
2025-02-27 22:29:20,421 - INFO - episode:785 totalReward:9.332415761377147 Actions:[[8, 0], [2, 5], [0, 1], [7, 1], [3, 3], [6, 2], [1, 5], [5, 3], [4, 1], [9, 2]]
2025-02-27 22:29:20,582 - INFO - episode:786 totalReward:11.302535549209148 Actions:[[8, 3], [1, 5], [5, 5], [3, 2], [0, 1], [6, 0], [4, 0], [9, 2], [7, 2], [2, 0]]
2025-02-27 22:29:20,736 - INFO - episode:787 totalReward:10.36883080833827 Actions:[[8, 3], [0, 4], [9, 5], [1, 5], [3, 4], [7, 2], [6, 2], [4, 4], [2, 0], [5, 2]]
2025-02-27 22:29:20,877 - INFO - episode:788 totalReward:24.624627471295327 Actions:[[8, 3], [9, 5], [1, 5], [6, 1], [5, 0], [7, 4], [3, 2], [0, 2], [2, 1], [4, 1]]
2025-02-27 22:29:21,005 - INFO - episode:789 totalReward:17.2063416982656 Actions:[[8, 3], [3, 1], [6, 1], [5, 1], [4, 2], [2, 4], [1, 0], [0, 2], [7, 5], [9, 0]]
2025-02-27 22:29:21,120 - INFO - episode:790 totalReward:11.574038050918736 Actions:[[8, 3], [0, 0], [3, 5], [4, 5], [1, 4], [9, 4], [5, 2], [6, 5], [7, 2], [2, 5]]
2025-02-27 22:29:21,243 - INFO - episode:791 totalReward:13.926607703741334 Actions:[[8, 3], [2, 4], [9, 0], [5, 0], [3, 0], [0, 1], [7, 5], [6, 5], [1, 4], [4, 1]]
2025-02-27 22:29:21,367 - INFO - episode:792 totalReward:18.908322398796802 Actions:[[8, 3], [9, 4], [0, 2], [7, 0], [4, 5], [5, 4], [1, 5], [2, 4], [6, 0], [3, 2]]
2025-02-27 22:29:21,537 - INFO - episode:793 totalReward:24.233524581266654 Actions:[[8, 3], [9, 4], [0, 1], [2, 4], [1, 0], [6, 2], [4, 4], [3, 5], [5, 0], [7, 2]]
2025-02-27 22:29:21,741 - INFO - episode:794 totalReward:11.008621512642287 Actions:[[8, 3], [1, 4], [2, 2], [6, 2], [0, 2], [3, 1], [7, 4], [4, 2], [9, 5], [5, 1]]
2025-02-27 22:29:21,951 - INFO - episode:795 totalReward:28.299062371889423 Actions:[[8, 3], [6, 0], [0, 2], [7, 1], [2, 0], [1, 1], [5, 0], [9, 4], [4, 5], [3, 5]]
2025-02-27 22:29:22,079 - INFO - episode:796 totalReward:13.42429029924882 Actions:[[8, 3], [5, 1], [4, 1], [7, 0], [3, 1], [1, 0], [0, 5], [2, 4], [6, 4], [9, 1]]
2025-02-27 22:29:22,251 - INFO - episode:797 totalReward:13.082816282537275 Actions:[[8, 3], [6, 4], [2, 5], [1, 2], [0, 2], [9, 5], [4, 0], [7, 5], [3, 4], [5, 5]]
2025-02-27 22:29:22,382 - INFO - episode:798 totalReward:30.581602283773666 Actions:[[8, 3], [1, 5], [4, 1], [9, 0], [6, 0], [3, 2], [0, 2], [5, 4], [7, 0], [2, 1]]
2025-02-27 22:29:22,514 - INFO - episode:799 totalReward:8.787736519373615 Actions:[[4, 4], [8, 3], [6, 2], [3, 0], [7, 2], [1, 4], [2, 0], [0, 0], [5, 0], [9, 2]]
2025-02-27 22:29:22,679 - INFO - episode:800 totalReward:15.578832178740967 Actions:[[8, 3], [1, 5], [7, 1], [0, 2], [9, 1], [4, 2], [5, 1], [6, 1], [2, 4], [3, 0]]
2025-02-27 22:29:22,739 - INFO - episode:801 totalReward:10.998991008512654 Actions:[[8, 3], [1, 2], [6, 0], [5, 0], [7, 0], [9, 2], [2, 4], [3, 4], [4, 4], [0, 1]]
2025-02-27 22:29:22,833 - INFO - episode:802 totalReward:8.768820419864662 Actions:[[7, 5], [8, 3], [3, 5], [1, 0], [2, 5], [6, 0], [4, 1], [9, 5], [0, 4], [5, 1]]
2025-02-27 22:29:22,855 - INFO - episode:803 totalReward:13.30512994771899 Actions:[[8, 3], [4, 5], [5, 2], [2, 0], [7, 0], [0, 5], [9, 4], [3, 0], [1, 1], [6, 0]]
2025-02-27 22:29:22,971 - INFO - episode:804 totalReward:17.206280687962774 Actions:[[8, 3], [3, 0], [6, 2], [5, 0], [9, 1], [1, 5], [0, 4], [2, 5], [7, 0], [4, 4]]
2025-02-27 22:29:23,132 - INFO - episode:805 totalReward:12.750509428757699 Actions:[[8, 3], [4, 0], [1, 2], [6, 0], [5, 2], [9, 1], [0, 1], [2, 5], [3, 4], [7, 1]]
2025-02-27 22:29:23,166 - INFO - episode:806 totalReward:18.53940427719036 Actions:[[8, 3], [4, 0], [2, 1], [3, 2], [6, 1], [1, 0], [9, 5], [5, 1], [0, 5], [7, 2]]
2025-02-27 22:29:23,286 - INFO - episode:807 totalReward:16.474508018250848 Actions:[[0, 3], [6, 5], [4, 5], [7, 5], [2, 1], [9, 5], [8, 0], [5, 3], [1, 1], [3, 4]]
2025-02-27 22:29:23,481 - INFO - episode:808 totalReward:0 Actions:[[4, 4], [0, 3], [6, 1], [2, 2], [9, 3], [5, 0], [3, 4], [7, 5], [1, 1]]
2025-02-27 22:29:23,711 - INFO - episode:809 totalReward:13.518660943099427 Actions:[[8, 3], [5, 4], [4, 0], [3, 2], [1, 0], [6, 1], [9, 1], [7, 4], [0, 1], [2, 4]]
2025-02-27 22:29:23,894 - INFO - episode:810 totalReward:23.906592622084084 Actions:[[8, 3], [1, 2], [6, 4], [0, 0], [3, 0], [9, 5], [7, 5], [2, 2], [5, 1], [4, 1]]
2025-02-27 22:29:24,068 - INFO - episode:811 totalReward:15.02262559546535 Actions:[[8, 3], [2, 5], [9, 5], [0, 0], [5, 1], [1, 0], [3, 4], [4, 1], [7, 4], [6, 1]]
2025-02-27 22:29:24,250 - INFO - episode:812 totalReward:26.475876265232106 Actions:[[8, 3], [4, 2], [9, 2], [3, 2], [6, 4], [0, 5], [2, 0], [7, 1], [1, 5], [5, 4]]
2025-02-27 22:29:24,465 - INFO - episode:813 totalReward:10.026159098222132 Actions:[[7, 0], [8, 3], [6, 1], [0, 2], [3, 0], [9, 2], [2, 2], [1, 5], [4, 2], [5, 0]]
2025-02-27 22:29:24,630 - INFO - episode:814 totalReward:8.975809948506036 Actions:[[8, 3], [3, 5], [6, 5], [5, 2], [1, 1], [9, 4], [7, 5], [0, 5], [4, 2], [2, 1]]
2025-02-27 22:29:24,860 - INFO - episode:815 totalReward:19.888235616804955 Actions:[[8, 3], [5, 2], [1, 1], [4, 1], [2, 0], [0, 5], [6, 4], [7, 2], [3, 4], [9, 4]]
2025-02-27 22:29:25,059 - INFO - episode:816 totalReward:19.35703133764191 Actions:[[8, 3], [2, 0], [5, 5], [4, 5], [6, 1], [7, 0], [0, 1], [9, 1], [3, 2], [1, 4]]
2025-02-27 22:29:25,333 - INFO - episode:817 totalReward:14.175922600002181 Actions:[[8, 3], [9, 0], [7, 4], [2, 0], [5, 1], [0, 0], [1, 2], [6, 0], [3, 2], [4, 4]]
2025-02-27 22:29:25,509 - INFO - episode:818 totalReward:35.24060027570237 Actions:[[8, 3], [9, 0], [6, 5], [2, 0], [0, 2], [3, 2], [4, 4], [5, 1], [7, 4], [1, 1]]
2025-02-27 22:29:25,653 - INFO - episode:819 totalReward:11.124493016444411 Actions:[[8, 3], [7, 0], [2, 2], [1, 4], [6, 4], [3, 1], [9, 5], [0, 1], [4, 1], [5, 5]]
2025-02-27 22:29:25,834 - INFO - episode:820 totalReward:10.87257569482955 Actions:[[4, 2], [8, 3], [5, 4], [0, 4], [3, 2], [7, 4], [9, 4], [1, 0], [2, 5], [6, 5]]
2025-02-27 22:29:25,993 - INFO - episode:821 totalReward:16.15162175705295 Actions:[[8, 3], [6, 5], [5, 1], [3, 5], [4, 5], [9, 2], [7, 1], [1, 0], [0, 4], [2, 1]]
2025-02-27 22:29:26,135 - INFO - episode:822 totalReward:13.236738426970673 Actions:[[8, 3], [4, 0], [6, 5], [5, 0], [3, 1], [7, 2], [0, 1], [1, 4], [2, 1], [9, 0]]
2025-02-27 22:29:26,266 - INFO - episode:823 totalReward:8.977073766195051 Actions:[[8, 3], [9, 0], [2, 0], [7, 0], [0, 0], [3, 1], [1, 1], [5, 2], [4, 5], [6, 2]]
2025-02-27 22:29:26,497 - INFO - episode:824 totalReward:12.154450760943629 Actions:[[8, 3], [2, 0], [9, 5], [7, 4], [5, 1], [1, 4], [0, 5], [4, 5], [6, 1], [3, 2]]
2025-02-27 22:29:26,729 - INFO - episode:825 totalReward:16.025950601374763 Actions:[[8, 3], [0, 4], [7, 4], [1, 0], [9, 4], [3, 1], [5, 5], [4, 0], [6, 1], [2, 2]]
2025-02-27 22:29:26,954 - INFO - episode:826 totalReward:18.53343184904227 Actions:[[7, 3], [4, 1], [6, 2], [5, 4], [3, 4], [0, 0], [9, 4], [1, 2], [2, 3], [8, 5]]
2025-02-27 22:29:27,117 - INFO - episode:827 totalReward:25.314949651670727 Actions:[[8, 3], [9, 4], [3, 1], [0, 0], [4, 4], [5, 5], [7, 2], [6, 2], [1, 1], [2, 0]]
2025-02-27 22:29:27,269 - INFO - episode:828 totalReward:7.641652129415395 Actions:[[8, 3], [1, 5], [6, 5], [4, 0], [2, 2], [5, 1], [3, 1], [9, 1], [7, 1], [0, 0]]
2025-02-27 22:29:27,443 - INFO - episode:829 totalReward:10.068212509149681 Actions:[[8, 3], [9, 4], [6, 4], [7, 4], [3, 4], [2, 5], [0, 0], [4, 0], [5, 1], [1, 1]]
2025-02-27 22:29:27,630 - INFO - episode:830 totalReward:20.857711597630566 Actions:[[8, 3], [0, 2], [9, 1], [6, 2], [2, 1], [5, 4], [4, 1], [7, 0], [1, 0], [3, 4]]
2025-02-27 22:29:27,790 - INFO - episode:831 totalReward:12.915094743347382 Actions:[[8, 3], [1, 2], [2, 2], [3, 1], [0, 4], [6, 0], [5, 1], [4, 0], [9, 1], [7, 4]]
2025-02-27 22:29:27,977 - INFO - episode:832 totalReward:19.934350647528778 Actions:[[8, 3], [1, 0], [3, 1], [4, 5], [6, 0], [5, 2], [2, 2], [7, 1], [9, 2], [0, 4]]
2025-02-27 22:29:28,188 - INFO - episode:833 totalReward:18.837937173957265 Actions:[[8, 3], [3, 1], [5, 1], [1, 2], [0, 5], [6, 0], [2, 2], [4, 4], [9, 0], [7, 1]]
2025-02-27 22:29:28,333 - INFO - episode:834 totalReward:13.803031768533472 Actions:[[8, 3], [9, 2], [4, 5], [0, 5], [5, 0], [7, 5], [6, 4], [1, 1], [3, 2], [2, 0]]
2025-02-27 22:29:28,487 - INFO - episode:835 totalReward:10.3909439792237 Actions:[[8, 3], [0, 4], [2, 2], [5, 2], [1, 1], [4, 4], [9, 1], [7, 2], [6, 2], [3, 5]]
2025-02-27 22:29:28,687 - INFO - episode:836 totalReward:22.572408477739955 Actions:[[8, 3], [1, 0], [6, 0], [4, 2], [3, 4], [5, 4], [2, 5], [9, 2], [0, 1], [7, 2]]
2025-02-27 22:29:28,866 - INFO - episode:837 totalReward:41.790879102578344 Actions:[[8, 3], [5, 2], [6, 5], [9, 4], [3, 5], [4, 1], [2, 2], [1, 0], [7, 0], [0, 4]]
2025-02-27 22:29:29,044 - INFO - episode:838 totalReward:28.880727135241607 Actions:[[2, 4], [8, 3], [3, 1], [0, 5], [5, 1], [4, 0], [9, 2], [1, 2], [6, 5], [7, 1]]
2025-02-27 22:29:29,265 - INFO - episode:839 totalReward:18.18172050660329 Actions:[[8, 3], [4, 2], [6, 2], [0, 4], [9, 1], [2, 1], [1, 0], [3, 0], [5, 4], [7, 2]]
2025-02-27 22:29:29,416 - INFO - episode:840 totalReward:17.34313192234669 Actions:[[8, 3], [7, 4], [4, 2], [3, 4], [2, 0], [1, 5], [5, 0], [9, 2], [6, 0], [0, 0]]
2025-02-27 22:29:29,675 - INFO - episode:841 totalReward:16.8353659980094 Actions:[[8, 3], [2, 1], [0, 5], [4, 0], [6, 1], [3, 2], [5, 4], [9, 4], [7, 4], [1, 0]]
2025-02-27 22:29:29,869 - INFO - episode:842 totalReward:17.350218111992707 Actions:[[6, 2], [8, 3], [0, 5], [4, 2], [7, 0], [5, 5], [9, 2], [1, 4], [3, 5], [2, 0]]
2025-02-27 22:29:30,067 - INFO - episode:843 totalReward:10.690242355954068 Actions:[[8, 3], [9, 4], [7, 1], [2, 1], [0, 4], [1, 2], [6, 4], [3, 2], [4, 1], [5, 1]]
2025-02-27 22:29:30,200 - INFO - episode:844 totalReward:8.851611986070672 Actions:[[3, 0], [8, 3], [5, 0], [2, 0], [4, 4], [7, 0], [6, 1], [9, 5], [0, 1], [1, 5]]
2025-02-27 22:29:30,421 - INFO - episode:845 totalReward:15.776855601587721 Actions:[[8, 3], [7, 1], [1, 4], [2, 1], [4, 1], [3, 2], [0, 4], [9, 5], [5, 2], [6, 2]]
2025-02-27 22:29:30,686 - INFO - episode:846 totalReward:7.825721527038878 Actions:[[9, 0], [8, 3], [4, 5], [7, 0], [5, 5], [2, 0], [1, 4], [0, 0], [6, 4], [3, 5]]
2025-02-27 22:29:30,859 - INFO - episode:847 totalReward:75.26987992400284 Actions:[[8, 3], [2, 2], [3, 0], [7, 1], [1, 4], [6, 5], [4, 2], [0, 5], [5, 0], [9, 1]]
2025-02-27 22:29:31,017 - INFO - episode:848 totalReward:14.978104267567273 Actions:[[8, 3], [9, 5], [1, 0], [4, 1], [0, 4], [5, 4], [6, 2], [7, 5], [3, 0], [2, 4]]
2025-02-27 22:29:31,199 - INFO - episode:849 totalReward:54.07792533107149 Actions:[[8, 3], [2, 5], [4, 2], [7, 0], [5, 1], [0, 4], [6, 4], [9, 2], [1, 1], [3, 0]]
2025-02-27 22:29:31,389 - INFO - episode:850 totalReward:15.593522767413177 Actions:[[8, 3], [7, 5], [2, 0], [0, 2], [9, 5], [4, 0], [6, 1], [1, 1], [5, 5], [3, 0]]
2025-02-27 22:29:31,579 - INFO - episode:851 totalReward:11.551181894510453 Actions:[[8, 3], [3, 5], [4, 2], [6, 2], [7, 1], [1, 4], [0, 2], [9, 1], [5, 4], [2, 2]]
2025-02-27 22:29:31,708 - INFO - episode:852 totalReward:10.33573865778474 Actions:[[6, 1], [3, 0], [8, 3], [9, 5], [4, 0], [1, 2], [0, 0], [2, 4], [7, 2], [5, 0]]
2025-02-27 22:29:31,877 - INFO - episode:853 totalReward:16.566778087778 Actions:[[7, 4], [8, 3], [6, 1], [2, 0], [0, 0], [5, 2], [1, 4], [4, 2], [9, 0], [3, 2]]
2025-02-27 22:29:31,992 - INFO - episode:854 totalReward:12.409558570007482 Actions:[[8, 3], [9, 1], [5, 4], [3, 0], [1, 5], [4, 4], [7, 4], [0, 0], [2, 0], [6, 4]]
2025-02-27 22:29:32,194 - INFO - episode:855 totalReward:11.622443866914788 Actions:[[3, 0], [1, 3], [8, 4], [2, 0], [5, 5], [7, 0], [0, 1], [9, 1], [4, 3], [6, 5]]
2025-02-27 22:29:32,417 - INFO - episode:856 totalReward:13.158932704010796 Actions:[[9, 0], [8, 1], [5, 0], [7, 3], [3, 3], [0, 4], [4, 3], [2, 3], [1, 2], [6, 2]]
2025-02-27 22:29:32,570 - INFO - episode:857 totalReward:15.434696430278617 Actions:[[4, 3], [0, 5], [8, 0], [7, 5], [1, 4], [2, 5], [3, 2], [5, 1], [9, 1], [6, 1]]
2025-02-27 22:29:32,774 - INFO - episode:858 totalReward:16.15320778972148 Actions:[[8, 3], [2, 2], [1, 1], [6, 5], [5, 0], [0, 5], [7, 5], [4, 0], [9, 1], [3, 4]]
2025-02-27 22:29:32,956 - INFO - episode:859 totalReward:13.640016346567512 Actions:[[8, 3], [4, 5], [7, 2], [3, 1], [1, 4], [2, 0], [5, 4], [6, 2], [9, 0], [0, 2]]
2025-02-27 22:29:33,091 - INFO - episode:860 totalReward:16.131785174059356 Actions:[[8, 0], [6, 3], [9, 4], [0, 5], [5, 2], [1, 2], [2, 5], [3, 1], [7, 1], [4, 5]]
2025-02-27 22:29:33,278 - INFO - episode:861 totalReward:13.494980979203707 Actions:[[8, 3], [9, 0], [0, 0], [4, 2], [5, 5], [2, 5], [3, 1], [1, 1], [6, 4], [7, 0]]
2025-02-27 22:29:33,486 - INFO - episode:862 totalReward:19.439017290138082 Actions:[[8, 3], [6, 2], [2, 5], [0, 2], [1, 0], [7, 0], [3, 5], [5, 5], [4, 1], [9, 1]]
2025-02-27 22:29:33,615 - INFO - episode:863 totalReward:11.324626661549665 Actions:[[8, 3], [9, 4], [3, 1], [2, 5], [0, 4], [1, 1], [4, 4], [5, 4], [7, 2], [6, 0]]
2025-02-27 22:29:33,954 - INFO - episode:864 totalReward:9.81100242825424 Actions:[[8, 3], [4, 4], [3, 2], [9, 0], [0, 4], [2, 2], [6, 0], [1, 5], [5, 2], [7, 5]]
2025-02-27 22:29:34,164 - INFO - episode:865 totalReward:22.934115711113396 Actions:[[8, 3], [2, 2], [9, 0], [0, 0], [3, 4], [7, 4], [5, 5], [4, 2], [1, 5], [6, 2]]
2025-02-27 22:29:34,482 - INFO - episode:866 totalReward:14.714081101760517 Actions:[[8, 3], [0, 1], [6, 0], [2, 5], [1, 1], [5, 5], [7, 4], [9, 5], [4, 2], [3, 5]]
2025-02-27 22:29:34,672 - INFO - episode:867 totalReward:12.564244534551438 Actions:[[8, 3], [7, 4], [2, 2], [4, 1], [9, 4], [5, 2], [0, 4], [3, 5], [1, 1], [6, 5]]
2025-02-27 22:29:35,021 - INFO - episode:868 totalReward:21.19944670150272 Actions:[[4, 4], [5, 4], [2, 4], [0, 2], [6, 4], [3, 1], [7, 1], [1, 0], [9, 3], [8, 5]]
2025-02-27 22:29:35,274 - INFO - episode:869 totalReward:14.248626018296358 Actions:[[8, 3], [7, 5], [9, 5], [6, 5], [4, 0], [0, 2], [2, 0], [1, 4], [3, 5], [5, 2]]
2025-02-27 22:29:35,466 - INFO - episode:870 totalReward:8.963475932986933 Actions:[[8, 4], [3, 5], [0, 1], [9, 3], [7, 3], [6, 3], [2, 1], [1, 5], [4, 1], [5, 3]]
2025-02-27 22:29:35,845 - INFO - episode:871 totalReward:30.722022037549053 Actions:[[6, 4], [7, 3], [0, 1], [4, 4], [9, 5], [5, 3], [3, 5], [8, 0], [2, 5], [1, 2]]
2025-02-27 22:29:36,129 - INFO - episode:872 totalReward:18.265399056678707 Actions:[[8, 3], [5, 1], [1, 1], [6, 0], [7, 4], [9, 5], [3, 0], [2, 2], [0, 2], [4, 2]]
2025-02-27 22:29:36,341 - INFO - episode:873 totalReward:12.162720650538793 Actions:[[8, 3], [0, 4], [7, 1], [9, 4], [4, 1], [6, 5], [2, 4], [3, 4], [1, 0], [5, 0]]
2025-02-27 22:29:36,526 - INFO - episode:874 totalReward:10.133372892665305 Actions:[[8, 3], [7, 2], [5, 0], [2, 0], [3, 2], [4, 4], [0, 2], [6, 1], [1, 4], [9, 1]]
2025-02-27 22:29:36,741 - INFO - episode:875 totalReward:10.934038530262569 Actions:[[8, 3], [3, 0], [9, 5], [1, 0], [2, 1], [5, 5], [6, 2], [4, 1], [7, 2], [0, 2]]
2025-02-27 22:29:36,918 - INFO - episode:876 totalReward:16.413269829999745 Actions:[[2, 1], [8, 3], [6, 5], [7, 2], [9, 5], [4, 1], [5, 0], [3, 4], [1, 0], [0, 2]]
2025-02-27 22:29:37,094 - INFO - episode:877 totalReward:17.888582582994317 Actions:[[8, 3], [6, 0], [9, 5], [2, 1], [0, 2], [1, 1], [5, 2], [3, 2], [7, 0], [4, 5]]
2025-02-27 22:29:37,447 - INFO - episode:878 totalReward:29.816428244117027 Actions:[[8, 3], [2, 5], [7, 2], [9, 0], [5, 4], [1, 1], [6, 1], [3, 4], [0, 0], [4, 2]]
2025-02-27 22:29:37,681 - INFO - episode:879 totalReward:12.165520380054067 Actions:[[8, 4], [5, 2], [1, 0], [9, 5], [3, 1], [4, 3], [7, 3], [0, 2], [6, 3], [2, 2]]
2025-02-27 22:29:37,851 - INFO - episode:880 totalReward:16.801914215615433 Actions:[[8, 3], [9, 5], [6, 0], [2, 1], [1, 5], [5, 1], [3, 1], [4, 2], [0, 2], [7, 4]]
2025-02-27 22:29:38,105 - INFO - episode:881 totalReward:9.427122685938873 Actions:[[1, 2], [8, 0], [6, 1], [5, 3], [2, 2], [9, 4], [0, 3], [4, 3], [7, 3], [3, 5]]
2025-02-27 22:29:38,366 - INFO - episode:882 totalReward:40.53034590318157 Actions:[[8, 3], [7, 4], [6, 4], [1, 5], [0, 2], [3, 1], [4, 0], [2, 0], [9, 1], [5, 5]]
2025-02-27 22:29:38,576 - INFO - episode:883 totalReward:44.44228380200243 Actions:[[8, 3], [1, 1], [4, 2], [7, 0], [2, 2], [6, 5], [0, 4], [9, 4], [3, 0], [5, 4]]
2025-02-27 22:29:38,855 - INFO - episode:884 totalReward:23.342703258678053 Actions:[[5, 5], [8, 3], [2, 1], [6, 1], [3, 2], [9, 4], [0, 4], [4, 1], [7, 1], [1, 0]]
2025-02-27 22:29:39,078 - INFO - episode:885 totalReward:44.143498630975934 Actions:[[8, 3], [3, 1], [6, 0], [0, 2], [1, 4], [2, 2], [4, 1], [7, 5], [5, 4], [9, 0]]
2025-02-27 22:29:39,313 - INFO - episode:886 totalReward:14.146496604499564 Actions:[[8, 0], [1, 1], [6, 5], [4, 3], [9, 4], [7, 4], [0, 3], [2, 5], [5, 3], [3, 4]]
2025-02-27 22:29:39,433 - INFO - episode:887 totalReward:33.38046665028477 Actions:[[6, 1], [0, 1], [1, 0], [5, 1], [4, 5], [3, 4], [9, 0], [7, 5], [8, 2], [2, 3]]
2025-02-27 22:29:39,672 - INFO - episode:888 totalReward:10.704196442530586 Actions:[[8, 3], [2, 0], [9, 0], [3, 4], [5, 0], [7, 0], [1, 4], [6, 1], [4, 2], [0, 2]]
2025-02-27 22:29:39,933 - INFO - episode:889 totalReward:24.545278485744646 Actions:[[8, 3], [7, 5], [0, 2], [1, 2], [2, 0], [6, 4], [5, 0], [4, 1], [3, 1], [9, 0]]
2025-02-27 22:29:40,458 - INFO - episode:890 totalReward:15.75998632898971 Actions:[[2, 3], [8, 0], [5, 4], [9, 4], [0, 5], [3, 3], [7, 3], [6, 4], [4, 1], [1, 5]]
2025-02-27 22:29:40,809 - INFO - episode:891 totalReward:11.822143925189 Actions:[[8, 3], [4, 0], [7, 4], [2, 5], [0, 5], [9, 5], [3, 2], [1, 0], [6, 4], [5, 4]]
2025-02-27 22:29:41,162 - INFO - episode:892 totalReward:11.724420617724697 Actions:[[8, 2], [3, 5], [2, 5], [1, 1], [6, 3], [4, 5], [0, 3], [5, 4], [9, 0], [7, 3]]
2025-02-27 22:29:41,659 - INFO - episode:893 totalReward:13.424426484485117 Actions:[[8, 3], [9, 0], [4, 0], [7, 2], [6, 5], [3, 0], [1, 1], [2, 1], [5, 0], [0, 4]]
2025-02-27 22:29:41,817 - INFO - episode:894 totalReward:9.550037149787125 Actions:[[8, 3], [1, 5], [2, 2], [9, 2], [0, 5], [4, 4], [7, 2], [3, 4], [6, 2], [5, 1]]
2025-02-27 22:29:41,972 - INFO - episode:895 totalReward:11.062010195684909 Actions:[[8, 3], [2, 2], [5, 5], [3, 4], [1, 2], [4, 4], [0, 5], [9, 5], [7, 0], [6, 5]]
2025-02-27 22:29:42,127 - INFO - episode:896 totalReward:17.511935457970623 Actions:[[8, 3], [5, 0], [6, 2], [4, 2], [9, 1], [7, 2], [0, 1], [2, 4], [1, 4], [3, 0]]
2025-02-27 22:29:42,327 - INFO - episode:897 totalReward:15.723245732501697 Actions:[[8, 3], [9, 5], [2, 0], [6, 5], [5, 5], [4, 0], [1, 1], [0, 2], [7, 2], [3, 4]]
2025-02-27 22:29:42,506 - INFO - episode:898 totalReward:18.631412044788913 Actions:[[8, 3], [5, 5], [1, 1], [0, 1], [9, 4], [2, 2], [3, 4], [7, 0], [4, 5], [6, 2]]
2025-02-27 22:29:42,733 - INFO - episode:899 totalReward:15.246029217474733 Actions:[[8, 3], [3, 0], [6, 5], [7, 2], [1, 4], [4, 0], [9, 4], [0, 2], [5, 5], [2, 1]]
2025-02-27 22:29:43,043 - INFO - episode:900 totalReward:11.302535549209148 Actions:[[8, 3], [2, 0], [6, 1], [3, 5], [9, 5], [1, 2], [0, 1], [5, 5], [4, 1], [7, 2]]
2025-02-27 22:29:43,227 - INFO - episode:901 totalReward:15.496157214637863 Actions:[[8, 3], [4, 4], [2, 2], [0, 1], [9, 1], [3, 5], [7, 0], [1, 5], [6, 1], [5, 0]]
2025-02-27 22:29:43,436 - INFO - episode:902 totalReward:31.89330222971402 Actions:[[8, 3], [3, 0], [0, 5], [9, 2], [5, 4], [6, 5], [1, 1], [7, 2], [2, 0], [4, 2]]
2025-02-27 22:29:43,627 - INFO - episode:903 totalReward:14.71926081683296 Actions:[[8, 3], [9, 1], [5, 2], [6, 4], [1, 0], [3, 5], [2, 0], [4, 5], [0, 1], [7, 1]]
2025-02-27 22:29:43,850 - INFO - episode:904 totalReward:17.594698051918673 Actions:[[8, 3], [0, 0], [7, 2], [3, 4], [1, 2], [2, 5], [5, 5], [4, 1], [9, 1], [6, 1]]
2025-02-27 22:29:43,994 - INFO - episode:905 totalReward:11.815488237864786 Actions:[[8, 3], [1, 4], [4, 4], [5, 5], [3, 1], [7, 1], [2, 5], [6, 0], [0, 1], [9, 0]]
2025-02-27 22:29:44,205 - INFO - episode:906 totalReward:28.795472495212064 Actions:[[3, 0], [8, 1], [1, 4], [6, 4], [7, 3], [2, 3], [4, 3], [5, 2], [9, 0], [0, 5]]
2025-02-27 22:29:44,433 - INFO - episode:907 totalReward:15.89381616192631 Actions:[[8, 3], [2, 0], [6, 2], [5, 2], [9, 1], [3, 5], [4, 5], [1, 0], [7, 5], [0, 2]]
2025-02-27 22:29:44,756 - INFO - episode:908 totalReward:14.817508353700811 Actions:[[8, 3], [1, 0], [4, 2], [5, 0], [3, 5], [9, 1], [2, 5], [6, 4], [7, 1], [0, 1]]
2025-02-27 22:29:44,971 - INFO - episode:909 totalReward:19.74201432534985 Actions:[[8, 3], [0, 2], [6, 5], [5, 4], [2, 2], [4, 4], [3, 0], [9, 0], [7, 0], [1, 5]]
2025-02-27 22:29:45,116 - INFO - episode:910 totalReward:11.210449211161684 Actions:[[8, 3], [1, 1], [0, 2], [5, 5], [9, 5], [3, 4], [7, 5], [6, 5], [4, 2], [2, 2]]
2025-02-27 22:29:45,281 - INFO - episode:911 totalReward:11.099952456444955 Actions:[[8, 3], [7, 0], [6, 2], [1, 1], [5, 1], [9, 4], [2, 4], [4, 4], [3, 4], [0, 5]]
2025-02-27 22:29:45,432 - INFO - episode:912 totalReward:10.399354837879091 Actions:[[8, 3], [5, 1], [7, 2], [2, 1], [3, 0], [4, 0], [1, 2], [6, 5], [0, 1], [9, 0]]
2025-02-27 22:29:45,625 - INFO - episode:913 totalReward:16.493701085384426 Actions:[[8, 3], [3, 0], [4, 0], [9, 5], [0, 4], [6, 4], [7, 2], [1, 5], [2, 2], [5, 0]]
2025-02-27 22:29:45,950 - INFO - episode:914 totalReward:9.96496527501563 Actions:[[8, 3], [4, 1], [9, 1], [7, 1], [1, 0], [5, 0], [2, 1], [3, 4], [0, 4], [6, 4]]
2025-02-27 22:29:46,199 - INFO - episode:915 totalReward:15.102509192644478 Actions:[[8, 3], [3, 0], [1, 2], [6, 5], [2, 4], [7, 2], [9, 4], [4, 4], [5, 4], [0, 1]]
2025-02-27 22:29:46,580 - INFO - episode:916 totalReward:19.93486682137343 Actions:[[8, 2], [6, 1], [7, 0], [2, 3], [5, 1], [4, 3], [0, 0], [3, 4], [9, 0], [1, 5]]
2025-02-27 22:29:46,834 - INFO - episode:917 totalReward:17.660555858192208 Actions:[[8, 2], [2, 5], [1, 0], [9, 4], [6, 3], [7, 4], [3, 4], [4, 5], [0, 3], [5, 5]]
2025-02-27 22:29:47,012 - INFO - episode:918 totalReward:14.738444531527863 Actions:[[3, 0], [8, 2], [2, 4], [5, 4], [7, 5], [9, 4], [4, 5], [0, 0], [1, 1], [6, 4]]
2025-02-27 22:29:47,191 - INFO - episode:919 totalReward:29.516772689320398 Actions:[[8, 3], [0, 0], [1, 0], [2, 5], [3, 1], [5, 5], [7, 2], [4, 4], [6, 2], [9, 4]]
2025-02-27 22:29:47,435 - INFO - episode:920 totalReward:10.802539776131416 Actions:[[3, 0], [0, 4], [1, 2], [2, 3], [8, 1], [9, 5], [6, 4], [5, 4], [7, 4], [4, 5]]
2025-02-27 22:29:47,722 - INFO - episode:921 totalReward:9.637642806085827 Actions:[[3, 0], [9, 1], [8, 2], [2, 1], [5, 1], [0, 1], [7, 3], [6, 4], [4, 0], [1, 4]]
2025-02-27 22:29:47,985 - INFO - episode:922 totalReward:13.876539080320592 Actions:[[8, 3], [7, 4], [2, 5], [9, 5], [4, 2], [0, 0], [3, 0], [5, 5], [1, 4], [6, 5]]
2025-02-27 22:29:48,134 - INFO - episode:923 totalReward:12.714009764213252 Actions:[[8, 3], [1, 0], [2, 2], [9, 0], [4, 5], [3, 1], [6, 1], [7, 1], [5, 1], [0, 2]]
2025-02-27 22:29:48,356 - INFO - episode:924 totalReward:20.036363676164658 Actions:[[8, 3], [7, 4], [3, 0], [0, 0], [4, 4], [6, 2], [1, 2], [9, 1], [2, 1], [5, 1]]
2025-02-27 22:29:48,584 - INFO - episode:925 totalReward:18.403653827391004 Actions:[[8, 3], [4, 5], [5, 1], [7, 2], [2, 4], [3, 4], [1, 2], [0, 1], [9, 1], [6, 5]]
2025-02-27 22:29:48,866 - INFO - episode:926 totalReward:9.597122825283751 Actions:[[8, 3], [4, 4], [1, 4], [6, 5], [7, 1], [9, 0], [5, 0], [3, 5], [2, 5], [0, 5]]
2025-02-27 22:29:49,050 - INFO - episode:927 totalReward:11.19380547259738 Actions:[[8, 3], [5, 0], [7, 2], [0, 5], [2, 0], [1, 5], [6, 4], [9, 0], [3, 0], [4, 2]]
2025-02-27 22:29:49,382 - INFO - episode:928 totalReward:12.965545618988452 Actions:[[8, 3], [9, 5], [6, 2], [4, 4], [3, 1], [5, 0], [0, 2], [1, 5], [2, 1], [7, 2]]
2025-02-27 22:29:49,658 - INFO - episode:929 totalReward:8.675057675634443 Actions:[[8, 3], [9, 5], [2, 4], [5, 4], [6, 0], [0, 0], [4, 4], [3, 4], [7, 0], [1, 1]]
2025-02-27 22:29:49,865 - INFO - episode:930 totalReward:8.305733630361308 Actions:[[8, 3], [7, 0], [4, 1], [3, 0], [0, 0], [1, 5], [9, 2], [6, 5], [2, 0], [5, 4]]
2025-02-27 22:29:50,012 - INFO - episode:931 totalReward:12.316228759906997 Actions:[[8, 0], [3, 1], [1, 5], [4, 2], [5, 5], [2, 4], [7, 3], [0, 2], [6, 2], [9, 1]]
2025-02-27 22:29:50,176 - INFO - episode:932 totalReward:16.024746757850686 Actions:[[8, 0], [6, 3], [7, 4], [5, 1], [2, 4], [1, 2], [0, 2], [4, 1], [3, 1], [9, 4]]
2025-02-27 22:29:50,373 - INFO - episode:933 totalReward:11.779313503354247 Actions:[[8, 3], [9, 5], [2, 4], [5, 1], [1, 0], [4, 1], [6, 1], [7, 4], [3, 5], [0, 4]]
2025-02-27 22:29:50,603 - INFO - episode:934 totalReward:15.563519350701268 Actions:[[7, 0], [0, 2], [8, 1], [1, 5], [5, 5], [2, 3], [9, 0], [3, 0], [6, 4], [4, 3]]
2025-02-27 22:29:50,783 - INFO - episode:935 totalReward:10.94580315288894 Actions:[[8, 3], [1, 5], [9, 5], [3, 4], [6, 2], [4, 1], [0, 1], [2, 2], [7, 2], [5, 2]]
2025-02-27 22:29:51,013 - INFO - episode:936 totalReward:19.31994549956454 Actions:[[8, 3], [5, 2], [6, 5], [3, 2], [0, 1], [2, 0], [1, 0], [4, 2], [9, 1], [7, 5]]
2025-02-27 22:29:51,240 - INFO - episode:937 totalReward:9.722548315326916 Actions:[[8, 3], [0, 4], [2, 5], [5, 5], [6, 4], [7, 5], [9, 5], [3, 0], [1, 0], [4, 2]]
2025-02-27 22:29:51,510 - INFO - episode:938 totalReward:12.689810887933191 Actions:[[8, 3], [4, 2], [2, 1], [5, 5], [1, 2], [3, 5], [7, 0], [9, 5], [0, 1], [6, 0]]
2025-02-27 22:29:51,703 - INFO - episode:939 totalReward:12.816698811233977 Actions:[[8, 3], [5, 4], [6, 0], [3, 5], [7, 2], [1, 2], [9, 0], [4, 4], [0, 4], [2, 5]]
2025-02-27 22:29:51,947 - INFO - episode:940 totalReward:9.597122825283751 Actions:[[8, 3], [3, 5], [9, 1], [1, 4], [5, 1], [7, 0], [4, 5], [6, 4], [2, 5], [0, 5]]
2025-02-27 22:29:52,241 - INFO - episode:941 totalReward:15.444985490397032 Actions:[[8, 3], [3, 4], [0, 2], [7, 2], [5, 4], [9, 5], [4, 0], [2, 1], [1, 0], [6, 5]]
2025-02-27 22:29:52,430 - INFO - episode:942 totalReward:14.58287507900391 Actions:[[2, 0], [3, 0], [8, 2], [1, 3], [0, 4], [5, 3], [7, 5], [4, 0], [9, 1], [6, 1]]
2025-02-27 22:29:52,621 - INFO - episode:943 totalReward:19.372978082015663 Actions:[[8, 3], [5, 1], [9, 0], [4, 5], [6, 5], [0, 0], [2, 0], [7, 1], [3, 4], [1, 2]]
2025-02-27 22:29:52,819 - INFO - episode:944 totalReward:16.426755122615127 Actions:[[8, 3], [4, 4], [9, 4], [3, 5], [2, 2], [1, 5], [6, 2], [0, 2], [7, 4], [5, 1]]
2025-02-27 22:29:53,026 - INFO - episode:945 totalReward:15.794644519123448 Actions:[[8, 3], [5, 5], [1, 1], [7, 2], [3, 4], [0, 2], [2, 0], [9, 5], [4, 5], [6, 0]]
2025-02-27 22:29:53,386 - INFO - episode:946 totalReward:46.305515745680744 Actions:[[8, 3], [2, 0], [4, 5], [3, 5], [0, 1], [7, 2], [9, 0], [6, 2], [5, 1], [1, 4]]
2025-02-27 22:29:53,562 - INFO - episode:947 totalReward:0 Actions:[[2, 1], [1, 0], [0, 1], [6, 2], [4, 4], [9, 2], [7, 4], [5, 5], [3, 3]]
2025-02-27 22:29:53,857 - INFO - episode:948 totalReward:23.96036156136923 Actions:[[8, 3], [7, 1], [2, 4], [3, 0], [0, 4], [4, 2], [5, 0], [9, 2], [6, 2], [1, 1]]
2025-02-27 22:29:54,176 - INFO - episode:949 totalReward:23.083065818233944 Actions:[[8, 3], [5, 2], [1, 1], [0, 5], [6, 0], [7, 2], [4, 0], [2, 2], [9, 4], [3, 1]]
2025-02-27 22:29:54,441 - INFO - episode:950 totalReward:31.159718851325735 Actions:[[8, 3], [3, 2], [1, 5], [4, 1], [2, 4], [9, 1], [5, 4], [0, 5], [7, 2], [6, 0]]
2025-02-27 22:29:54,578 - INFO - episode:951 totalReward:8.929831554697618 Actions:[[8, 3], [7, 0], [3, 0], [1, 4], [5, 2], [9, 4], [2, 5], [4, 5], [6, 0], [0, 0]]
2025-02-27 22:29:54,805 - INFO - episode:952 totalReward:12.74337343381608 Actions:[[8, 3], [3, 0], [6, 5], [5, 2], [1, 4], [2, 5], [0, 1], [4, 1], [9, 1], [7, 0]]
2025-02-27 22:29:55,004 - INFO - episode:953 totalReward:13.012614222969221 Actions:[[8, 3], [2, 1], [6, 1], [3, 0], [7, 1], [5, 1], [1, 0], [0, 5], [9, 2], [4, 4]]
2025-02-27 22:29:55,365 - INFO - episode:954 totalReward:10.495687689204436 Actions:[[8, 3], [6, 1], [9, 0], [7, 1], [2, 2], [4, 5], [0, 0], [5, 0], [3, 1], [1, 2]]
2025-02-27 22:29:55,597 - INFO - episode:955 totalReward:12.544292557635238 Actions:[[8, 3], [4, 1], [3, 5], [2, 0], [7, 4], [6, 4], [0, 4], [1, 0], [9, 1], [5, 5]]
2025-02-27 22:29:55,908 - INFO - episode:956 totalReward:8.48933376350189 Actions:[[8, 3], [4, 2], [7, 1], [2, 0], [5, 5], [1, 0], [3, 1], [6, 5], [9, 1], [0, 1]]
2025-02-27 22:29:56,515 - INFO - episode:957 totalReward:22.013774819840997 Actions:[[8, 3], [5, 4], [3, 2], [2, 0], [1, 2], [6, 4], [4, 1], [9, 1], [0, 4], [7, 0]]
2025-02-27 22:29:56,751 - INFO - episode:958 totalReward:11.329459853715429 Actions:[[8, 4], [7, 0], [4, 2], [6, 0], [0, 0], [3, 3], [1, 3], [2, 5], [9, 1], [5, 0]]
2025-02-27 22:29:56,919 - INFO - episode:959 totalReward:19.329256785254174 Actions:[[8, 1], [1, 0], [6, 2], [5, 2], [4, 2], [9, 5], [0, 0], [3, 5], [2, 3], [7, 3]]
2025-02-27 22:29:57,276 - INFO - episode:960 totalReward:15.552670363277961 Actions:[[8, 3], [0, 0], [9, 5], [3, 2], [6, 5], [2, 4], [1, 0], [4, 1], [7, 2], [5, 5]]
2025-02-27 22:29:57,485 - INFO - episode:961 totalReward:14.860525662914604 Actions:[[8, 3], [6, 0], [0, 1], [2, 5], [3, 0], [5, 5], [7, 4], [9, 5], [4, 1], [1, 4]]
2025-02-27 22:29:57,786 - INFO - episode:962 totalReward:15.514291138931469 Actions:[[8, 3], [7, 0], [0, 5], [3, 1], [2, 5], [9, 4], [5, 1], [1, 0], [4, 5], [6, 4]]
2025-02-27 22:29:58,008 - INFO - episode:963 totalReward:12.28222704246084 Actions:[[9, 2], [8, 3], [2, 5], [1, 4], [3, 5], [7, 5], [6, 5], [5, 4], [4, 1], [0, 2]]
2025-02-27 22:29:58,253 - INFO - episode:964 totalReward:15.238198827440652 Actions:[[8, 3], [3, 0], [4, 1], [0, 5], [6, 1], [2, 4], [1, 0], [5, 1], [9, 1], [7, 2]]
2025-02-27 22:29:58,597 - INFO - episode:965 totalReward:24.29984230231643 Actions:[[8, 3], [4, 4], [7, 0], [3, 1], [1, 4], [6, 0], [2, 2], [0, 5], [9, 1], [5, 2]]
2025-02-27 22:29:58,801 - INFO - episode:966 totalReward:22.80803422559344 Actions:[[3, 3], [7, 2], [8, 5], [1, 4], [9, 1], [5, 3], [2, 0], [4, 0], [0, 1], [6, 1]]
2025-02-27 22:29:58,994 - INFO - episode:967 totalReward:27.910340031266852 Actions:[[8, 3], [0, 5], [3, 4], [1, 5], [9, 2], [7, 0], [5, 0], [2, 1], [4, 1], [6, 1]]
2025-02-27 22:29:59,424 - INFO - episode:968 totalReward:50.42682450126059 Actions:[[8, 3], [5, 5], [6, 4], [0, 4], [7, 1], [4, 2], [3, 0], [1, 1], [2, 0], [9, 5]]
2025-02-27 22:29:59,831 - INFO - episode:969 totalReward:14.14287404786872 Actions:[[5, 3], [4, 1], [3, 4], [9, 3], [0, 1], [2, 0], [7, 3], [1, 5], [6, 3], [8, 2]]
2025-02-27 22:30:00,265 - INFO - episode:970 totalReward:14.789627718028095 Actions:[[3, 3], [6, 2], [7, 4], [4, 5], [1, 1], [5, 3], [9, 3], [2, 1], [0, 3], [8, 0]]
2025-02-27 22:30:00,534 - INFO - episode:971 totalReward:10.449909792121932 Actions:[[3, 3], [0, 2], [1, 5], [7, 2], [8, 0], [6, 2], [2, 2], [4, 4], [5, 3], [9, 4]]
2025-02-27 22:30:00,861 - INFO - episode:972 totalReward:20.39298357967797 Actions:[[8, 3], [4, 4], [7, 1], [0, 4], [6, 1], [9, 2], [1, 5], [3, 5], [5, 0], [2, 0]]
2025-02-27 22:30:01,100 - INFO - episode:973 totalReward:24.77253974926558 Actions:[[8, 3], [4, 2], [6, 0], [5, 1], [2, 0], [7, 2], [9, 1], [0, 5], [3, 2], [1, 4]]
2025-02-27 22:30:01,301 - INFO - episode:974 totalReward:10.311491269240744 Actions:[[7, 2], [8, 3], [9, 0], [1, 4], [5, 4], [3, 5], [2, 0], [6, 2], [4, 0], [0, 2]]
2025-02-27 22:30:01,571 - INFO - episode:975 totalReward:23.58650281305814 Actions:[[8, 0], [2, 1], [6, 1], [4, 3], [9, 4], [0, 1], [3, 3], [7, 2], [1, 5], [5, 3]]
2025-02-27 22:30:01,835 - INFO - episode:976 totalReward:15.005368751463974 Actions:[[8, 3], [4, 2], [2, 0], [1, 4], [5, 4], [3, 2], [0, 5], [9, 5], [6, 1], [7, 5]]
2025-02-27 22:30:02,093 - INFO - episode:977 totalReward:8.530797190867863 Actions:[[8, 3], [1, 5], [4, 2], [0, 2], [9, 1], [6, 0], [5, 0], [7, 2], [3, 0], [2, 1]]
2025-02-27 22:30:02,364 - INFO - episode:978 totalReward:11.7490963010985 Actions:[[8, 3], [3, 0], [9, 1], [0, 2], [5, 0], [4, 0], [2, 1], [7, 0], [6, 1], [1, 4]]
2025-02-27 22:30:02,622 - INFO - episode:979 totalReward:18.39034015255848 Actions:[[8, 3], [1, 4], [7, 0], [5, 0], [4, 0], [2, 2], [9, 2], [6, 2], [0, 5], [3, 5]]
2025-02-27 22:30:02,830 - INFO - episode:980 totalReward:10.642729714157271 Actions:[[0, 1], [8, 3], [3, 4], [4, 2], [2, 1], [5, 1], [6, 2], [7, 1], [1, 5], [9, 5]]
2025-02-27 22:30:03,089 - INFO - episode:981 totalReward:38.0752278385387 Actions:[[8, 0], [1, 5], [7, 2], [4, 3], [6, 1], [0, 1], [5, 4], [3, 3], [2, 1], [9, 4]]
2025-02-27 22:30:03,411 - INFO - episode:982 totalReward:10.081430037536917 Actions:[[1, 2], [8, 3], [3, 5], [9, 0], [4, 0], [6, 2], [0, 5], [7, 0], [5, 0], [2, 5]]
2025-02-27 22:30:03,583 - INFO - episode:983 totalReward:7.871314545517697 Actions:[[8, 3], [2, 4], [7, 4], [6, 2], [4, 2], [5, 4], [9, 0], [0, 2], [1, 0], [3, 2]]
2025-02-27 22:30:03,765 - INFO - episode:984 totalReward:20.811282707720466 Actions:[[8, 3], [3, 0], [2, 4], [9, 4], [6, 5], [0, 2], [4, 4], [7, 0], [5, 2], [1, 5]]
2025-02-27 22:30:03,957 - INFO - episode:985 totalReward:11.632939007829531 Actions:[[8, 3], [2, 2], [0, 1], [7, 5], [9, 4], [5, 1], [6, 0], [3, 1], [4, 1], [1, 2]]
2025-02-27 22:30:04,115 - INFO - episode:986 totalReward:24.37829368577622 Actions:[[8, 3], [5, 5], [6, 0], [9, 5], [2, 5], [0, 2], [4, 4], [7, 1], [1, 4], [3, 2]]
2025-02-27 22:30:04,391 - INFO - episode:987 totalReward:7.4636564421563225 Actions:[[8, 3], [4, 1], [3, 0], [5, 1], [9, 0], [1, 4], [6, 0], [7, 1], [0, 0], [2, 2]]
2025-02-27 22:30:04,751 - INFO - episode:988 totalReward:11.008621512642287 Actions:[[8, 3], [1, 5], [4, 2], [6, 2], [7, 5], [2, 2], [0, 2], [5, 1], [9, 0], [3, 0]]
2025-02-27 22:30:04,992 - INFO - episode:989 totalReward:6.309482931182449 Actions:[[8, 3], [0, 0], [6, 1], [9, 0], [1, 4], [5, 4], [4, 1], [7, 1], [3, 0], [2, 0]]
2025-02-27 22:30:05,354 - INFO - episode:990 totalReward:23.668233638769657 Actions:[[8, 3], [2, 4], [7, 2], [6, 4], [3, 2], [0, 4], [4, 0], [5, 1], [9, 5], [1, 1]]
2025-02-27 22:30:05,655 - INFO - episode:991 totalReward:10.891188137899512 Actions:[[8, 3], [9, 0], [0, 5], [3, 0], [2, 1], [6, 5], [1, 1], [4, 0], [5, 5], [7, 4]]
2025-02-27 22:30:05,918 - INFO - episode:992 totalReward:15.661299346128905 Actions:[[2, 0], [8, 4], [0, 3], [1, 5], [3, 3], [5, 0], [6, 3], [4, 0], [9, 5], [7, 1]]
2025-02-27 22:30:06,153 - INFO - episode:993 totalReward:48.893596273880505 Actions:[[8, 3], [2, 4], [0, 5], [5, 5], [6, 1], [1, 2], [4, 2], [7, 0], [3, 1], [9, 4]]
2025-02-27 22:30:06,392 - INFO - episode:994 totalReward:17.886347513003468 Actions:[[8, 3], [4, 1], [9, 5], [1, 4], [5, 2], [6, 2], [3, 0], [2, 0], [0, 5], [7, 4]]
2025-02-27 22:30:06,618 - INFO - episode:995 totalReward:10.287187097446278 Actions:[[5, 0], [1, 5], [7, 0], [8, 4], [4, 3], [0, 0], [6, 3], [9, 0], [2, 1], [3, 1]]
2025-02-27 22:30:06,822 - INFO - episode:996 totalReward:19.27968647350581 Actions:[[8, 3], [4, 0], [7, 5], [2, 4], [9, 0], [3, 4], [0, 2], [5, 2], [1, 5], [6, 4]]
2025-02-27 22:30:07,037 - INFO - episode:997 totalReward:29.756638245761096 Actions:[[8, 3], [7, 5], [2, 0], [9, 1], [3, 1], [0, 0], [6, 1], [5, 2], [4, 2], [1, 4]]
2025-02-27 22:30:07,307 - INFO - episode:998 totalReward:19.74201432534985 Actions:[[8, 0], [1, 3], [3, 2], [9, 3], [6, 2], [7, 4], [5, 2], [4, 4], [2, 1], [0, 1]]
2025-02-27 22:30:07,485 - INFO - episode:999 totalReward:12.184978580089771 Actions:[[2, 2], [8, 0], [9, 4], [0, 2], [4, 1], [7, 3], [6, 1], [1, 3], [5, 4], [3, 4]]
2025-02-27 22:30:07,773 - INFO - episode:1000 totalReward:57.143379752512004 Actions:[[8, 3], [5, 5], [7, 1], [0, 4], [3, 0], [9, 1], [4, 0], [2, 2], [6, 5], [1, 2]]
2025-02-27 22:30:07,863 - INFO - episode:1001 totalReward:9.027857993857753 Actions:[[8, 3], [3, 0], [0, 5], [5, 2], [9, 5], [6, 4], [4, 4], [1, 0], [2, 4], [7, 5]]
2025-02-27 22:30:07,965 - INFO - episode:1002 totalReward:19.52207395126251 Actions:[[8, 3], [3, 0], [9, 0], [7, 4], [4, 2], [1, 5], [2, 0], [0, 2], [5, 4], [6, 1]]
2025-02-27 22:30:08,121 - INFO - episode:1003 totalReward:9.40225783675391 Actions:[[8, 3], [3, 0], [1, 4], [2, 1], [6, 4], [9, 0], [5, 2], [4, 0], [0, 2], [7, 2]]
2025-02-27 22:30:08,229 - INFO - episode:1004 totalReward:26.760136890169857 Actions:[[8, 3], [3, 0], [6, 4], [4, 4], [7, 2], [9, 5], [1, 1], [0, 0], [2, 1], [5, 5]]
2025-02-27 22:30:08,536 - INFO - episode:1005 totalReward:17.19739059341183 Actions:[[8, 3], [3, 0], [7, 5], [5, 4], [2, 5], [4, 0], [0, 4], [9, 2], [6, 0], [1, 1]]
2025-02-27 22:30:08,621 - INFO - episode:1006 totalReward:23.63549018081098 Actions:[[8, 3], [3, 0], [4, 4], [0, 1], [6, 2], [5, 0], [7, 5], [1, 4], [2, 1], [9, 0]]
2025-02-27 22:30:08,766 - INFO - episode:1007 totalReward:19.789120758867966 Actions:[[8, 3], [3, 0], [9, 1], [6, 5], [7, 4], [1, 5], [0, 1], [4, 1], [5, 4], [2, 2]]
2025-02-27 22:30:08,900 - INFO - episode:1008 totalReward:0 Actions:[[2, 4], [4, 4], [5, 1], [0, 3], [6, 2], [7, 5], [1, 0], [9, 4], [3, 3]]
2025-02-27 22:30:09,116 - INFO - episode:1009 totalReward:18.659394543521742 Actions:[[8, 3], [6, 2], [2, 2], [4, 5], [1, 1], [5, 5], [3, 1], [0, 0], [9, 0], [7, 5]]
2025-02-27 22:30:09,890 - INFO - episode:1010 totalReward:21.004926824470974 Actions:[[8, 3], [7, 0], [3, 4], [6, 5], [9, 2], [5, 5], [4, 2], [0, 2], [2, 4], [1, 1]]
2025-02-27 22:30:10,070 - INFO - episode:1011 totalReward:11.372141737270193 Actions:[[8, 3], [0, 0], [3, 2], [1, 4], [4, 0], [2, 2], [5, 4], [9, 5], [7, 2], [6, 0]]
2025-02-27 22:30:10,350 - INFO - episode:1012 totalReward:15.229870809056045 Actions:[[8, 3], [7, 1], [5, 4], [9, 2], [0, 4], [3, 5], [6, 1], [4, 1], [1, 5], [2, 4]]
2025-02-27 22:30:10,583 - INFO - episode:1013 totalReward:16.298321543295792 Actions:[[8, 3], [0, 1], [9, 4], [1, 0], [7, 5], [3, 0], [6, 5], [4, 1], [5, 2], [2, 5]]
2025-02-27 22:30:10,841 - INFO - episode:1014 totalReward:33.4752921340057 Actions:[[8, 3], [2, 4], [9, 2], [5, 5], [4, 5], [3, 1], [7, 4], [1, 1], [6, 0], [0, 0]]
2025-02-27 22:30:11,079 - INFO - episode:1015 totalReward:9.972354856216157 Actions:[[8, 3], [3, 2], [7, 2], [6, 0], [0, 0], [2, 1], [1, 1], [9, 4], [5, 0], [4, 0]]
2025-02-27 22:30:11,273 - INFO - episode:1016 totalReward:18.813899041957324 Actions:[[8, 2], [1, 1], [5, 0], [2, 3], [7, 4], [4, 3], [3, 4], [9, 4], [0, 0], [6, 0]]
2025-02-27 22:30:11,740 - INFO - episode:1017 totalReward:17.781287437386645 Actions:[[8, 3], [0, 4], [9, 0], [7, 1], [3, 1], [4, 0], [5, 1], [2, 1], [6, 5], [1, 2]]
2025-02-27 22:30:12,005 - INFO - episode:1018 totalReward:18.38725705107285 Actions:[[8, 3], [3, 0], [5, 2], [2, 2], [0, 1], [9, 4], [6, 4], [1, 5], [4, 2], [7, 1]]
2025-02-27 22:30:12,289 - INFO - episode:1019 totalReward:11.441480213565924 Actions:[[8, 3], [2, 4], [3, 5], [9, 1], [1, 0], [4, 1], [5, 1], [6, 1], [0, 2], [7, 2]]
2025-02-27 22:30:12,616 - INFO - episode:1020 totalReward:22.997320478839715 Actions:[[8, 3], [3, 0], [1, 0], [4, 2], [2, 1], [0, 1], [6, 4], [7, 5], [9, 1], [5, 4]]
2025-02-27 22:30:12,821 - INFO - episode:1021 totalReward:9.517066561274047 Actions:[[8, 3], [9, 4], [5, 1], [1, 2], [4, 0], [3, 4], [7, 2], [2, 4], [0, 1], [6, 4]]
2025-02-27 22:30:13,093 - INFO - episode:1022 totalReward:45.962824005433774 Actions:[[8, 3], [0, 4], [5, 0], [7, 1], [9, 2], [1, 4], [6, 2], [2, 5], [3, 1], [4, 0]]
2025-02-27 22:30:13,295 - INFO - episode:1023 totalReward:13.190671976361457 Actions:[[8, 3], [4, 4], [0, 4], [3, 2], [1, 5], [2, 4], [6, 4], [7, 0], [9, 5], [5, 1]]
2025-02-27 22:30:13,571 - INFO - episode:1024 totalReward:16.7491344313602 Actions:[[8, 3], [4, 0], [0, 4], [3, 0], [1, 1], [9, 4], [2, 5], [7, 5], [5, 2], [6, 0]]
2025-02-27 22:30:13,757 - INFO - episode:1025 totalReward:7.4843338180081105 Actions:[[8, 3], [0, 1], [4, 1], [9, 1], [5, 4], [3, 0], [6, 0], [2, 1], [7, 0], [1, 5]]
2025-02-27 22:30:13,909 - INFO - episode:1026 totalReward:8.683193052849521 Actions:[[8, 3], [5, 4], [9, 5], [6, 0], [2, 2], [3, 5], [1, 4], [7, 5], [4, 0], [0, 5]]
2025-02-27 22:30:14,208 - INFO - episode:1027 totalReward:17.35467512188553 Actions:[[8, 3], [1, 2], [5, 0], [9, 0], [0, 2], [6, 0], [7, 5], [4, 0], [2, 4], [3, 1]]
2025-02-27 22:30:14,612 - INFO - episode:1028 totalReward:13.668277004652573 Actions:[[8, 3], [5, 4], [7, 0], [0, 0], [9, 5], [6, 4], [2, 2], [4, 4], [3, 5], [1, 2]]
2025-02-27 22:30:14,863 - INFO - episode:1029 totalReward:16.64247704083198 Actions:[[8, 3], [6, 4], [7, 5], [0, 0], [9, 4], [5, 2], [4, 1], [2, 0], [3, 0], [1, 2]]
2025-02-27 22:30:15,354 - INFO - episode:1030 totalReward:19.875258474983283 Actions:[[1, 1], [0, 5], [9, 1], [7, 5], [5, 3], [4, 0], [3, 0], [6, 3], [8, 2], [2, 4]]
2025-02-27 22:30:15,518 - INFO - episode:1031 totalReward:12.111183813859277 Actions:[[8, 3], [4, 0], [0, 1], [5, 0], [3, 0], [7, 4], [9, 2], [1, 2], [6, 4], [2, 4]]
2025-02-27 22:30:15,722 - INFO - episode:1032 totalReward:13.880811591998377 Actions:[[5, 3], [2, 0], [7, 5], [6, 2], [8, 1], [9, 4], [3, 0], [0, 5], [4, 0], [1, 4]]
2025-02-27 22:30:15,867 - INFO - episode:1033 totalReward:15.813951195631248 Actions:[[8, 3], [3, 0], [1, 0], [9, 5], [7, 2], [0, 4], [5, 1], [4, 4], [2, 1], [6, 4]]
2025-02-27 22:30:16,182 - INFO - episode:1034 totalReward:21.197100736390887 Actions:[[0, 0], [8, 1], [4, 5], [3, 2], [5, 3], [6, 0], [9, 5], [7, 5], [2, 2], [1, 3]]
2025-02-27 22:30:16,387 - INFO - episode:1035 totalReward:9.971530400727483 Actions:[[8, 3], [3, 0], [4, 0], [9, 1], [6, 2], [0, 4], [1, 4], [5, 0], [2, 0], [7, 5]]
2025-02-27 22:30:16,598 - INFO - episode:1036 totalReward:8.669179743701104 Actions:[[8, 3], [3, 0], [5, 4], [1, 4], [9, 0], [7, 2], [6, 2], [2, 0], [4, 2], [0, 0]]
2025-02-27 22:30:16,906 - INFO - episode:1037 totalReward:12.858108912576427 Actions:[[8, 3], [4, 0], [0, 0], [9, 2], [1, 2], [6, 0], [5, 4], [2, 4], [3, 5], [7, 1]]
2025-02-27 22:30:17,137 - INFO - episode:1038 totalReward:19.114217417224754 Actions:[[8, 3], [3, 0], [1, 1], [9, 5], [5, 0], [0, 4], [6, 1], [4, 2], [7, 4], [2, 5]]
2025-02-27 22:30:17,357 - INFO - episode:1039 totalReward:14.545100736874327 Actions:[[7, 0], [9, 4], [0, 2], [8, 1], [4, 3], [1, 5], [6, 2], [5, 3], [3, 3], [2, 5]]
2025-02-27 22:30:17,525 - INFO - episode:1040 totalReward:10.016559936871584 Actions:[[8, 3], [3, 0], [5, 4], [7, 1], [1, 4], [0, 1], [9, 1], [2, 5], [4, 5], [6, 1]]
2025-02-27 22:30:17,865 - INFO - episode:1041 totalReward:35.98176913178931 Actions:[[8, 3], [4, 0], [0, 5], [2, 1], [3, 1], [5, 4], [6, 4], [7, 0], [9, 1], [1, 2]]
2025-02-27 22:30:18,057 - INFO - episode:1042 totalReward:10.361791062958583 Actions:[[8, 3], [5, 1], [1, 5], [7, 5], [6, 0], [3, 0], [4, 0], [9, 1], [0, 4], [2, 1]]
2025-02-27 22:30:18,307 - INFO - episode:1043 totalReward:19.712968681352955 Actions:[[8, 3], [3, 0], [1, 2], [5, 4], [7, 2], [9, 0], [2, 4], [0, 0], [4, 5], [6, 1]]
2025-02-27 22:30:18,531 - INFO - episode:1044 totalReward:18.936065473397402 Actions:[[8, 3], [3, 0], [9, 5], [4, 0], [6, 4], [0, 5], [1, 4], [5, 0], [2, 1], [7, 1]]
2025-02-27 22:30:18,889 - INFO - episode:1045 totalReward:20.781601782615873 Actions:[[8, 3], [0, 0], [5, 2], [4, 0], [1, 4], [7, 2], [3, 5], [9, 4], [2, 1], [6, 5]]
2025-02-27 22:30:19,152 - INFO - episode:1046 totalReward:9.80804261653144 Actions:[[8, 3], [4, 0], [0, 0], [6, 4], [7, 5], [1, 4], [3, 0], [9, 1], [5, 5], [2, 0]]
2025-02-27 22:30:19,298 - INFO - episode:1047 totalReward:13.282468699182042 Actions:[[8, 3], [3, 0], [6, 4], [7, 4], [5, 2], [0, 1], [9, 4], [1, 2], [4, 1], [2, 1]]
2025-02-27 22:30:19,474 - INFO - episode:1048 totalReward:15.524533200443997 Actions:[[5, 4], [8, 3], [3, 0], [4, 5], [6, 0], [2, 5], [1, 1], [9, 5], [7, 1], [0, 4]]
2025-02-27 22:30:19,787 - INFO - episode:1049 totalReward:15.32795459520032 Actions:[[8, 3], [4, 0], [1, 2], [5, 4], [0, 0], [6, 4], [9, 0], [2, 5], [3, 2], [7, 5]]
2025-02-27 22:30:20,061 - INFO - episode:1050 totalReward:13.856078705502808 Actions:[[8, 3], [3, 0], [1, 4], [9, 4], [6, 2], [0, 1], [7, 0], [5, 5], [2, 0], [4, 5]]
2025-02-27 22:30:20,267 - INFO - episode:1051 totalReward:11.523698813101896 Actions:[[8, 3], [4, 2], [3, 0], [5, 2], [0, 2], [9, 2], [7, 5], [2, 4], [1, 5], [6, 4]]
2025-02-27 22:30:20,536 - INFO - episode:1052 totalReward:11.391438494327648 Actions:[[9, 3], [5, 2], [2, 2], [3, 2], [4, 2], [1, 5], [6, 1], [7, 1], [0, 0], [8, 4]]
2025-02-27 22:30:20,738 - INFO - episode:1053 totalReward:10.167340568094003 Actions:[[8, 3], [3, 0], [4, 5], [1, 4], [6, 4], [2, 0], [0, 1], [7, 0], [9, 1], [5, 1]]
2025-02-27 22:30:20,931 - INFO - episode:1054 totalReward:7.560554957537781 Actions:[[8, 3], [3, 0], [0, 0], [7, 1], [9, 4], [1, 4], [5, 2], [6, 2], [4, 0], [2, 0]]
2025-02-27 22:30:21,267 - INFO - episode:1055 totalReward:10.200286181810032 Actions:[[8, 3], [7, 2], [5, 5], [6, 0], [3, 2], [0, 5], [4, 4], [2, 5], [9, 5], [1, 0]]
2025-02-27 22:30:21,447 - INFO - episode:1056 totalReward:11.528189225015081 Actions:[[4, 2], [8, 3], [3, 0], [1, 4], [6, 2], [2, 4], [7, 1], [5, 2], [9, 1], [0, 1]]
2025-02-27 22:30:21,655 - INFO - episode:1057 totalReward:29.441316813256464 Actions:[[8, 3], [0, 0], [2, 2], [1, 0], [3, 2], [5, 1], [6, 4], [4, 4], [9, 5], [7, 4]]
2025-02-27 22:30:21,855 - INFO - episode:1058 totalReward:18.654794191581384 Actions:[[8, 3], [3, 0], [4, 2], [6, 1], [2, 4], [5, 2], [0, 2], [1, 5], [9, 4], [7, 4]]
2025-02-27 22:30:22,142 - INFO - episode:1059 totalReward:6.655451659912435 Actions:[[8, 3], [3, 0], [5, 0], [2, 5], [7, 5], [9, 0], [4, 5], [0, 4], [1, 4], [6, 5]]
2025-02-27 22:30:22,359 - INFO - episode:1060 totalReward:28.40260143119445 Actions:[[8, 3], [3, 0], [0, 1], [2, 1], [6, 4], [9, 5], [7, 5], [4, 0], [5, 4], [1, 2]]
2025-02-27 22:30:22,565 - INFO - episode:1061 totalReward:23.61171305938948 Actions:[[8, 3], [9, 0], [6, 1], [1, 4], [7, 0], [0, 5], [2, 1], [4, 2], [3, 4], [5, 1]]
2025-02-27 22:30:22,755 - INFO - episode:1062 totalReward:10.320097096098888 Actions:[[8, 3], [3, 0], [7, 5], [1, 0], [2, 4], [4, 4], [0, 5], [5, 1], [6, 4], [9, 1]]
2025-02-27 22:30:23,052 - INFO - episode:1063 totalReward:6.4583337812082275 Actions:[[8, 3], [4, 0], [3, 0], [9, 2], [7, 0], [0, 0], [2, 2], [6, 4], [5, 2], [1, 4]]
2025-02-27 22:30:23,178 - INFO - episode:1064 totalReward:0 Actions:[[1, 5], [3, 0], [4, 1], [2, 4], [7, 0], [9, 2], [0, 4], [6, 3], [5, 5]]
2025-02-27 22:30:23,345 - INFO - episode:1065 totalReward:14.408775200920216 Actions:[[8, 3], [0, 0], [2, 4], [3, 0], [4, 1], [1, 4], [9, 1], [5, 5], [6, 0], [7, 2]]
2025-02-27 22:30:23,555 - INFO - episode:1066 totalReward:7.7953160830166865 Actions:[[0, 2], [8, 3], [9, 0], [7, 2], [5, 0], [3, 4], [1, 1], [2, 2], [6, 1], [4, 2]]
2025-02-27 22:30:23,840 - INFO - episode:1067 totalReward:17.00519885176636 Actions:[[8, 3], [3, 2], [5, 4], [7, 0], [9, 2], [0, 4], [6, 4], [4, 2], [2, 5], [1, 0]]
2025-02-27 22:30:24,142 - INFO - episode:1068 totalReward:19.584344794679332 Actions:[[8, 3], [4, 0], [3, 2], [2, 4], [9, 4], [1, 5], [7, 1], [6, 2], [0, 4], [5, 4]]
2025-02-27 22:30:24,248 - INFO - episode:1069 totalReward:8.978667170069446 Actions:[[8, 3], [3, 0], [7, 5], [1, 4], [5, 0], [0, 4], [4, 2], [6, 5], [9, 0], [2, 0]]
2025-02-27 22:30:24,413 - INFO - episode:1070 totalReward:42.484582781131884 Actions:[[8, 3], [0, 1], [4, 5], [3, 0], [5, 1], [7, 5], [1, 4], [9, 2], [6, 0], [2, 4]]
2025-02-27 22:30:24,624 - INFO - episode:1071 totalReward:15.75998632898971 Actions:[[8, 3], [3, 0], [9, 4], [1, 4], [5, 2], [2, 0], [0, 5], [4, 2], [7, 0], [6, 2]]
2025-02-27 22:30:24,919 - INFO - episode:1072 totalReward:10.543217311390201 Actions:[[8, 3], [3, 0], [7, 4], [9, 1], [0, 4], [6, 1], [4, 4], [5, 2], [2, 0], [1, 2]]
2025-02-27 22:30:25,255 - INFO - episode:1073 totalReward:41.71674316321097 Actions:[[8, 3], [3, 0], [1, 4], [4, 5], [6, 2], [7, 4], [2, 2], [9, 1], [5, 5], [0, 0]]
2025-02-27 22:30:25,470 - INFO - episode:1074 totalReward:12.77573790969342 Actions:[[6, 3], [0, 1], [5, 5], [3, 3], [2, 2], [1, 5], [8, 0], [9, 1], [7, 1], [4, 4]]
2025-02-27 22:30:25,786 - INFO - episode:1075 totalReward:8.602990291803323 Actions:[[8, 3], [3, 0], [6, 4], [7, 0], [9, 5], [0, 0], [1, 1], [5, 1], [4, 4], [2, 0]]
2025-02-27 22:30:26,002 - INFO - episode:1076 totalReward:16.025950601374763 Actions:[[8, 3], [4, 0], [3, 0], [7, 4], [2, 2], [9, 4], [1, 2], [0, 4], [5, 5], [6, 1]]
2025-02-27 22:30:26,241 - INFO - episode:1077 totalReward:12.54415188686979 Actions:[[8, 3], [2, 5], [3, 0], [1, 5], [9, 2], [5, 1], [0, 1], [6, 0], [7, 2], [4, 0]]
2025-02-27 22:30:26,473 - INFO - episode:1078 totalReward:10.927137732588047 Actions:[[8, 3], [3, 0], [4, 1], [0, 0], [2, 4], [5, 5], [1, 5], [9, 4], [7, 4], [6, 4]]
2025-02-27 22:30:26,648 - INFO - episode:1079 totalReward:33.47960508111771 Actions:[[8, 0], [4, 1], [6, 2], [0, 5], [3, 1], [2, 4], [9, 2], [7, 2], [1, 3], [5, 3]]
2025-02-27 22:30:26,975 - INFO - episode:1080 totalReward:10.672258469272597 Actions:[[8, 0], [0, 3], [9, 2], [3, 2], [5, 5], [2, 2], [7, 5], [4, 2], [6, 3], [1, 1]]
2025-02-27 22:30:27,124 - INFO - episode:1081 totalReward:19.2802254561733 Actions:[[8, 3], [3, 0], [7, 5], [0, 5], [2, 1], [6, 0], [5, 2], [4, 2], [9, 4], [1, 1]]
2025-02-27 22:30:27,254 - INFO - episode:1082 totalReward:9.81100242825424 Actions:[[1, 2], [2, 1], [7, 2], [3, 1], [8, 4], [0, 3], [9, 5], [5, 1], [4, 3], [6, 5]]
2025-02-27 22:30:27,383 - INFO - episode:1083 totalReward:17.388203825413083 Actions:[[8, 3], [1, 5], [4, 1], [7, 2], [3, 2], [5, 4], [9, 0], [0, 1], [2, 0], [6, 2]]
2025-02-27 22:30:27,604 - INFO - episode:1084 totalReward:14.00955364688866 Actions:[[8, 3], [4, 0], [7, 4], [1, 4], [2, 2], [9, 0], [5, 2], [3, 0], [6, 1], [0, 1]]
2025-02-27 22:30:27,825 - INFO - episode:1085 totalReward:20.665429920800612 Actions:[[8, 3], [3, 0], [5, 0], [1, 4], [4, 4], [9, 2], [0, 2], [2, 2], [7, 5], [6, 5]]
2025-02-27 22:30:28,242 - INFO - episode:1086 totalReward:17.13930922710411 Actions:[[7, 3], [4, 0], [9, 4], [3, 0], [1, 3], [0, 0], [2, 2], [5, 4], [6, 1], [8, 5]]
2025-02-27 22:30:28,378 - INFO - episode:1087 totalReward:15.408162884563472 Actions:[[8, 1], [1, 0], [3, 4], [9, 2], [2, 4], [5, 5], [7, 4], [6, 4], [4, 0], [0, 3]]
2025-02-27 22:30:28,550 - INFO - episode:1088 totalReward:11.509261067226 Actions:[[8, 3], [3, 0], [2, 2], [5, 4], [1, 5], [6, 2], [9, 5], [0, 4], [4, 2], [7, 4]]
2025-02-27 22:30:28,727 - INFO - episode:1089 totalReward:10.678529826142734 Actions:[[8, 3], [3, 0], [1, 4], [0, 2], [5, 0], [4, 5], [2, 5], [7, 2], [9, 4], [6, 0]]
2025-02-27 22:30:28,883 - INFO - episode:1090 totalReward:13.519629319591589 Actions:[[8, 3], [5, 5], [3, 5], [4, 5], [6, 2], [0, 4], [9, 2], [2, 0], [1, 4], [7, 0]]
2025-02-27 22:30:29,672 - INFO - episode:1091 totalReward:23.027243185012562 Actions:[[1, 3], [4, 2], [6, 0], [9, 2], [7, 2], [2, 4], [5, 5], [0, 4], [3, 4], [8, 1]]
2025-02-27 22:30:30,104 - INFO - episode:1092 totalReward:39.885465549513675 Actions:[[8, 3], [3, 0], [4, 2], [9, 1], [7, 2], [6, 1], [2, 5], [5, 5], [0, 0], [1, 4]]
2025-02-27 22:30:30,317 - INFO - episode:1093 totalReward:9.103916723434862 Actions:[[8, 3], [3, 0], [4, 0], [2, 0], [0, 0], [9, 4], [5, 5], [6, 5], [1, 4], [7, 2]]
2025-02-27 22:30:30,538 - INFO - episode:1094 totalReward:16.955749866277298 Actions:[[8, 3], [5, 0], [2, 4], [1, 4], [3, 5], [9, 0], [7, 1], [4, 2], [6, 0], [0, 1]]
2025-02-27 22:30:30,771 - INFO - episode:1095 totalReward:12.853207072298474 Actions:[[8, 3], [6, 0], [1, 4], [3, 0], [7, 4], [2, 5], [9, 1], [4, 1], [0, 5], [5, 1]]
2025-02-27 22:30:30,952 - INFO - episode:1096 totalReward:31.59989949021305 Actions:[[8, 1], [3, 0], [4, 4], [7, 0], [0, 3], [9, 5], [1, 3], [5, 4], [6, 5], [2, 2]]
2025-02-27 22:30:31,199 - INFO - episode:1097 totalReward:18.795444282567626 Actions:[[8, 3], [3, 0], [4, 0], [1, 4], [7, 2], [0, 1], [6, 5], [9, 1], [5, 4], [2, 2]]
2025-02-27 22:30:31,449 - INFO - episode:1098 totalReward:20.26098802431177 Actions:[[8, 3], [6, 5], [2, 2], [5, 0], [4, 4], [7, 2], [1, 1], [0, 4], [3, 1], [9, 0]]
2025-02-27 22:30:31,653 - INFO - episode:1099 totalReward:22.854088796883143 Actions:[[8, 3], [1, 2], [5, 4], [0, 2], [3, 1], [4, 4], [6, 0], [7, 1], [2, 1], [9, 5]]
2025-02-27 22:30:31,875 - INFO - episode:1100 totalReward:19.541322205626592 Actions:[[8, 3], [7, 5], [2, 0], [9, 1], [0, 4], [3, 1], [5, 4], [6, 5], [4, 2], [1, 2]]
2025-02-27 22:30:32,034 - INFO - episode:1101 totalReward:12.065640997261847 Actions:[[8, 3], [3, 0], [2, 2], [4, 4], [5, 5], [1, 0], [6, 4], [0, 5], [7, 4], [9, 1]]
2025-02-27 22:30:32,192 - INFO - episode:1102 totalReward:14.408775200920216 Actions:[[8, 3], [0, 0], [2, 4], [4, 0], [3, 1], [1, 4], [9, 1], [7, 2], [6, 1], [5, 5]]
2025-02-27 22:30:32,323 - INFO - episode:1103 totalReward:29.749341685816056 Actions:[[8, 3], [3, 0], [1, 4], [5, 4], [6, 0], [7, 2], [4, 2], [2, 5], [9, 5], [0, 1]]
2025-02-27 22:30:32,524 - INFO - episode:1104 totalReward:32.351311131971165 Actions:[[8, 3], [9, 1], [3, 0], [7, 4], [2, 4], [4, 5], [6, 2], [5, 2], [0, 2], [1, 1]]
2025-02-27 22:30:32,704 - INFO - episode:1105 totalReward:12.084900309424864 Actions:[[8, 3], [1, 2], [5, 2], [9, 5], [3, 1], [0, 0], [7, 0], [6, 4], [2, 4], [4, 0]]
2025-02-27 22:30:32,813 - INFO - episode:1106 totalReward:25.366974874663303 Actions:[[8, 3], [3, 0], [5, 0], [0, 2], [7, 4], [2, 5], [4, 5], [6, 5], [1, 2], [9, 1]]
2025-02-27 22:30:33,007 - INFO - episode:1107 totalReward:16.075408151768897 Actions:[[8, 3], [1, 5], [4, 5], [6, 2], [5, 4], [7, 1], [0, 4], [3, 4], [2, 2], [9, 0]]
2025-02-27 22:30:33,469 - INFO - episode:1108 totalReward:9.539367758431228 Actions:[[8, 4], [3, 0], [9, 1], [7, 0], [6, 0], [1, 3], [0, 3], [2, 1], [4, 0], [5, 1]]
2025-02-27 22:30:33,905 - INFO - episode:1109 totalReward:12.689810887933191 Actions:[[8, 3], [6, 0], [4, 4], [9, 2], [0, 0], [1, 2], [2, 1], [7, 1], [3, 4], [5, 4]]
2025-02-27 22:30:34,068 - INFO - episode:1110 totalReward:10.935877924820796 Actions:[[8, 3], [5, 4], [4, 0], [6, 2], [1, 4], [7, 0], [2, 5], [3, 1], [0, 1], [9, 1]]
2025-02-27 22:30:34,411 - INFO - episode:1111 totalReward:12.553223434280067 Actions:[[8, 3], [3, 0], [5, 0], [6, 4], [7, 4], [9, 5], [4, 1], [2, 4], [0, 4], [1, 2]]
2025-02-27 22:30:34,623 - INFO - episode:1112 totalReward:12.967293780284324 Actions:[[8, 3], [5, 5], [9, 0], [2, 4], [4, 0], [1, 1], [0, 5], [6, 5], [7, 4], [3, 1]]
2025-02-27 22:30:34,830 - INFO - episode:1113 totalReward:26.286328633299135 Actions:[[8, 3], [3, 0], [7, 4], [5, 1], [0, 1], [6, 5], [1, 4], [2, 0], [4, 2], [9, 1]]
2025-02-27 22:30:35,084 - INFO - episode:1114 totalReward:13.629000025815714 Actions:[[8, 3], [0, 2], [4, 0], [1, 1], [6, 5], [2, 0], [7, 5], [5, 5], [9, 5], [3, 1]]
2025-02-27 22:30:35,253 - INFO - episode:1115 totalReward:16.903887156732893 Actions:[[8, 3], [2, 5], [0, 5], [7, 4], [4, 1], [5, 0], [3, 4], [1, 2], [9, 0], [6, 0]]
2025-02-27 22:30:35,594 - INFO - episode:1116 totalReward:14.00955364688866 Actions:[[8, 3], [4, 0], [9, 1], [6, 1], [0, 0], [1, 4], [7, 4], [3, 1], [5, 2], [2, 2]]
2025-02-27 22:30:35,794 - INFO - episode:1117 totalReward:10.722615950066666 Actions:[[8, 3], [4, 1], [9, 0], [2, 4], [5, 4], [1, 1], [0, 2], [7, 2], [3, 4], [6, 0]]
2025-02-27 22:30:35,933 - INFO - episode:1118 totalReward:15.103941770439196 Actions:[[8, 3], [2, 5], [3, 0], [1, 4], [0, 5], [4, 4], [7, 0], [5, 1], [9, 1], [6, 5]]
2025-02-27 22:30:36,216 - INFO - episode:1119 totalReward:9.679055099989466 Actions:[[8, 3], [9, 0], [1, 5], [4, 5], [6, 1], [0, 4], [7, 4], [3, 0], [5, 0], [2, 1]]
2025-02-27 22:30:36,581 - INFO - episode:1120 totalReward:11.583104133210309 Actions:[[8, 3], [7, 4], [4, 0], [3, 4], [5, 1], [2, 4], [9, 4], [6, 1], [0, 0], [1, 5]]
2025-02-27 22:30:36,800 - INFO - episode:1121 totalReward:26.890275826286764 Actions:[[8, 3], [5, 0], [9, 4], [3, 1], [6, 2], [1, 2], [4, 1], [7, 1], [2, 0], [0, 5]]
2025-02-27 22:30:36,958 - INFO - episode:1122 totalReward:16.215797023705694 Actions:[[8, 3], [9, 4], [6, 2], [7, 1], [5, 4], [3, 5], [1, 1], [2, 0], [0, 0], [4, 4]]
2025-02-27 22:30:37,179 - INFO - episode:1123 totalReward:12.279785922212747 Actions:[[8, 3], [3, 0], [2, 4], [4, 0], [7, 4], [6, 0], [5, 2], [0, 4], [1, 1], [9, 2]]
2025-02-27 22:30:37,294 - INFO - episode:1124 totalReward:13.230072781330591 Actions:[[3, 5], [8, 0], [1, 2], [6, 3], [7, 3], [9, 4], [2, 2], [4, 4], [5, 3], [0, 4]]
2025-02-27 22:30:37,458 - INFO - episode:1125 totalReward:33.28795909147323 Actions:[[8, 3], [3, 0], [4, 1], [2, 2], [9, 0], [7, 4], [6, 4], [5, 0], [0, 2], [1, 5]]
2025-02-27 22:30:37,680 - INFO - episode:1126 totalReward:13.643760976952954 Actions:[[8, 3], [5, 0], [2, 2], [7, 2], [3, 0], [4, 2], [6, 1], [9, 4], [1, 4], [0, 0]]
2025-02-27 22:30:37,834 - INFO - episode:1127 totalReward:42.06460733427778 Actions:[[8, 3], [3, 0], [0, 2], [6, 2], [2, 0], [1, 1], [7, 5], [4, 1], [5, 4], [9, 4]]
2025-02-27 22:30:38,020 - INFO - episode:1128 totalReward:9.747801980553326 Actions:[[8, 3], [9, 0], [3, 5], [5, 0], [0, 2], [1, 5], [6, 0], [7, 2], [4, 4], [2, 2]]
2025-02-27 22:30:38,205 - INFO - episode:1129 totalReward:0 Actions:[[5, 0], [7, 3], [6, 5], [1, 2], [9, 2], [3, 1], [2, 0], [0, 0], [4, 4]]
2025-02-27 22:30:38,483 - INFO - episode:1130 totalReward:11.790189654473968 Actions:[[8, 2], [1, 5], [3, 4], [7, 1], [4, 4], [0, 0], [5, 4], [2, 3], [6, 0], [9, 4]]
2025-02-27 22:30:38,668 - INFO - episode:1131 totalReward:9.960744380712129 Actions:[[8, 2], [2, 4], [0, 1], [1, 5], [6, 4], [9, 4], [5, 1], [4, 4], [3, 1], [7, 5]]
2025-02-27 22:30:38,875 - INFO - episode:1132 totalReward:13.230072781330591 Actions:[[8, 3], [0, 0], [1, 4], [9, 0], [6, 5], [7, 5], [4, 0], [5, 4], [3, 1], [2, 5]]
2025-02-27 22:30:39,112 - INFO - episode:1133 totalReward:8.687717753676043 Actions:[[8, 3], [0, 4], [3, 4], [5, 5], [4, 0], [9, 0], [7, 4], [1, 2], [6, 4], [2, 0]]
2025-02-27 22:30:39,295 - INFO - episode:1134 totalReward:12.015904792616016 Actions:[[8, 3], [3, 0], [6, 2], [1, 4], [0, 2], [7, 2], [5, 0], [9, 0], [4, 1], [2, 5]]
2025-02-27 22:30:39,484 - INFO - episode:1135 totalReward:12.661906051462648 Actions:[[8, 3], [2, 2], [6, 4], [1, 4], [5, 1], [0, 5], [4, 5], [7, 2], [3, 1], [9, 1]]
2025-02-27 22:30:39,841 - INFO - episode:1136 totalReward:11.717609872560747 Actions:[[8, 3], [3, 0], [2, 1], [5, 1], [7, 1], [0, 0], [9, 1], [1, 4], [4, 2], [6, 5]]
2025-02-27 22:30:40,017 - INFO - episode:1137 totalReward:22.55553156085621 Actions:[[8, 3], [7, 2], [2, 4], [6, 2], [4, 2], [5, 4], [3, 0], [1, 5], [9, 4], [0, 1]]
2025-02-27 22:30:40,196 - INFO - episode:1138 totalReward:41.71674316321097 Actions:[[8, 3], [7, 4], [6, 2], [5, 4], [3, 1], [2, 2], [4, 5], [0, 1], [1, 5], [9, 0]]
2025-02-27 22:30:40,367 - INFO - episode:1139 totalReward:11.344620145414959 Actions:[[8, 3], [3, 0], [6, 0], [4, 4], [0, 5], [2, 4], [5, 4], [1, 1], [9, 4], [7, 1]]
2025-02-27 22:30:40,932 - INFO - episode:1140 totalReward:17.252444910445902 Actions:[[8, 3], [4, 0], [9, 4], [1, 4], [6, 0], [7, 5], [2, 2], [3, 0], [5, 5], [0, 1]]
2025-02-27 22:30:41,267 - INFO - episode:1141 totalReward:35.911427974182565 Actions:[[8, 4], [0, 5], [1, 1], [2, 3], [5, 2], [6, 0], [4, 0], [3, 2], [9, 3], [7, 3]]
2025-02-27 22:30:41,816 - INFO - episode:1142 totalReward:12.717664422879539 Actions:[[8, 4], [3, 5], [7, 1], [4, 2], [5, 0], [6, 2], [0, 1], [2, 0], [1, 5], [9, 0]]
2025-02-27 22:30:42,021 - INFO - episode:1143 totalReward:42.06460733427778 Actions:[[8, 3], [3, 0], [4, 1], [1, 1], [0, 2], [6, 5], [2, 0], [5, 5], [7, 4], [9, 4]]
2025-02-27 22:30:42,197 - INFO - episode:1144 totalReward:9.64634783441986 Actions:[[8, 3], [3, 0], [6, 0], [0, 4], [1, 1], [4, 4], [5, 0], [2, 5], [7, 5], [9, 4]]
2025-02-27 22:30:42,443 - INFO - episode:1145 totalReward:11.818527117772346 Actions:[[8, 3], [2, 5], [3, 2], [7, 2], [0, 0], [5, 4], [9, 2], [1, 5], [6, 2], [4, 4]]
2025-02-27 22:30:42,626 - INFO - episode:1146 totalReward:18.574829009294323 Actions:[[8, 3], [3, 0], [4, 4], [9, 5], [0, 1], [6, 1], [1, 0], [5, 5], [2, 1], [7, 4]]
2025-02-27 22:30:42,891 - INFO - episode:1147 totalReward:12.469105852253126 Actions:[[8, 1], [4, 3], [5, 5], [6, 2], [3, 5], [2, 5], [1, 3], [9, 4], [7, 0], [0, 5]]
2025-02-27 22:30:43,109 - INFO - episode:1148 totalReward:27.957724333743805 Actions:[[8, 3], [2, 1], [0, 0], [9, 5], [5, 5], [4, 2], [6, 1], [7, 2], [3, 5], [1, 4]]
2025-02-27 22:30:43,302 - INFO - episode:1149 totalReward:26.816005690615178 Actions:[[8, 3], [4, 1], [1, 5], [2, 4], [7, 4], [3, 2], [0, 0], [9, 0], [6, 1], [5, 1]]
2025-02-27 22:30:43,677 - INFO - episode:1150 totalReward:8.134193964670914 Actions:[[8, 3], [3, 0], [9, 0], [4, 0], [2, 0], [0, 2], [1, 4], [6, 4], [7, 2], [5, 1]]
2025-02-27 22:30:43,995 - INFO - episode:1151 totalReward:17.713772044039768 Actions:[[8, 4], [3, 1], [0, 5], [2, 0], [4, 0], [7, 3], [9, 0], [1, 2], [6, 2], [5, 0]]
2025-02-27 22:30:44,171 - INFO - episode:1152 totalReward:8.720015750464848 Actions:[[7, 3], [0, 3], [1, 1], [8, 5], [3, 0], [2, 2], [5, 2], [6, 3], [4, 3], [9, 1]]
2025-02-27 22:30:44,369 - INFO - episode:1153 totalReward:8.182620470566924 Actions:[[8, 3], [7, 5], [1, 4], [9, 1], [4, 5], [6, 0], [2, 5], [0, 5], [5, 4], [3, 1]]
2025-02-27 22:30:44,597 - INFO - episode:1154 totalReward:17.07617907608035 Actions:[[9, 3], [1, 4], [8, 2], [7, 1], [3, 3], [6, 1], [4, 5], [5, 0], [2, 3], [0, 0]]
2025-02-27 22:30:44,781 - INFO - episode:1155 totalReward:9.438045884384831 Actions:[[1, 4], [3, 0], [8, 2], [5, 0], [7, 1], [6, 3], [4, 4], [2, 1], [0, 1], [9, 1]]
2025-02-27 22:30:45,013 - INFO - episode:1156 totalReward:14.68053891347151 Actions:[[8, 3], [3, 0], [1, 0], [5, 2], [6, 4], [0, 4], [9, 4], [4, 2], [7, 2], [2, 5]]
2025-02-27 22:30:45,254 - INFO - episode:1157 totalReward:36.254996464560456 Actions:[[8, 3], [4, 5], [6, 1], [1, 2], [5, 0], [9, 4], [2, 4], [0, 2], [3, 0], [7, 1]]
2025-02-27 22:30:45,458 - INFO - episode:1158 totalReward:13.866254435221867 Actions:[[8, 3], [9, 4], [7, 0], [4, 5], [3, 0], [0, 0], [5, 1], [1, 2], [6, 2], [2, 5]]
2025-02-27 22:30:45,719 - INFO - episode:1159 totalReward:16.55446942214286 Actions:[[8, 3], [5, 5], [4, 4], [2, 1], [1, 4], [0, 0], [7, 1], [9, 0], [3, 2], [6, 0]]
2025-02-27 22:30:46,054 - INFO - episode:1160 totalReward:12.537615922619219 Actions:[[8, 3], [9, 4], [2, 4], [4, 0], [7, 1], [3, 1], [1, 5], [0, 5], [6, 1], [5, 1]]
2025-02-27 22:30:46,269 - INFO - episode:1161 totalReward:14.214281415207754 Actions:[[8, 3], [5, 5], [6, 0], [3, 0], [9, 1], [7, 4], [0, 0], [2, 0], [4, 2], [1, 2]]
2025-02-27 22:30:46,460 - INFO - episode:1162 totalReward:11.418784905132025 Actions:[[8, 3], [5, 4], [7, 4], [1, 0], [4, 0], [3, 1], [9, 5], [6, 4], [2, 1], [0, 1]]
2025-02-27 22:30:46,661 - INFO - episode:1163 totalReward:8.050125914034876 Actions:[[8, 5], [5, 4], [3, 1], [1, 4], [4, 0], [9, 3], [7, 0], [2, 0], [6, 0], [0, 1]]
2025-02-27 22:30:46,886 - INFO - episode:1164 totalReward:10.112009346107453 Actions:[[8, 3], [0, 0], [1, 4], [2, 5], [9, 1], [4, 1], [3, 5], [5, 1], [6, 5], [7, 5]]
2025-02-27 22:30:47,101 - INFO - episode:1165 totalReward:8.602990291803323 Actions:[[8, 3], [4, 5], [5, 1], [6, 2], [7, 0], [9, 5], [2, 1], [0, 1], [3, 1], [1, 0]]
2025-02-27 22:30:47,326 - INFO - episode:1166 totalReward:12.589697197176168 Actions:[[8, 3], [3, 0], [4, 2], [2, 4], [0, 1], [7, 1], [6, 4], [1, 2], [5, 0], [9, 4]]
2025-02-27 22:30:47,483 - INFO - episode:1167 totalReward:37.18330801351697 Actions:[[8, 3], [5, 0], [3, 4], [0, 2], [9, 0], [4, 4], [2, 5], [7, 0], [1, 1], [6, 2]]
2025-02-27 22:30:47,649 - INFO - episode:1168 totalReward:11.449746224490294 Actions:[[8, 3], [0, 1], [7, 0], [3, 2], [5, 5], [2, 2], [6, 0], [9, 2], [4, 2], [1, 4]]
2025-02-27 22:30:47,889 - INFO - episode:1169 totalReward:10.486293627492124 Actions:[[8, 3], [0, 5], [5, 0], [4, 1], [6, 1], [3, 0], [2, 1], [9, 1], [7, 5], [1, 4]]
2025-02-27 22:30:48,046 - INFO - episode:1170 totalReward:34.07398800489415 Actions:[[8, 3], [3, 0], [9, 5], [0, 1], [6, 2], [5, 4], [2, 1], [7, 2], [1, 4], [4, 5]]
2025-02-27 22:30:48,337 - INFO - episode:1171 totalReward:14.703875520073339 Actions:[[8, 3], [4, 5], [6, 1], [7, 5], [5, 5], [0, 0], [9, 0], [3, 4], [1, 1], [2, 5]]
2025-02-27 22:30:48,781 - INFO - episode:1172 totalReward:19.715801105716405 Actions:[[8, 3], [3, 5], [7, 0], [2, 4], [9, 2], [6, 0], [5, 5], [0, 1], [4, 2], [1, 4]]
2025-02-27 22:30:48,970 - INFO - episode:1173 totalReward:10.457799238230466 Actions:[[8, 4], [9, 1], [1, 5], [3, 3], [0, 0], [4, 0], [5, 2], [7, 0], [2, 0], [6, 1]]
2025-02-27 22:30:49,219 - INFO - episode:1174 totalReward:18.015750243828993 Actions:[[8, 3], [4, 5], [1, 1], [5, 0], [7, 2], [2, 5], [3, 0], [6, 2], [0, 4], [9, 0]]
2025-02-27 22:30:49,512 - INFO - episode:1175 totalReward:21.36349857310912 Actions:[[8, 3], [4, 1], [9, 5], [2, 4], [3, 2], [7, 1], [0, 4], [1, 2], [5, 5], [6, 5]]
2025-02-27 22:30:49,693 - INFO - episode:1176 totalReward:14.11837345763836 Actions:[[8, 3], [0, 2], [1, 4], [6, 5], [3, 1], [4, 2], [9, 5], [7, 1], [2, 1], [5, 4]]
2025-02-27 22:30:49,897 - INFO - episode:1177 totalReward:22.05688838800193 Actions:[[8, 3], [2, 2], [3, 0], [0, 5], [6, 1], [9, 2], [7, 5], [5, 1], [4, 0], [1, 4]]
2025-02-27 22:30:50,145 - INFO - episode:1178 totalReward:33.55281446452579 Actions:[[8, 3], [6, 5], [0, 0], [4, 4], [9, 4], [5, 0], [7, 4], [3, 2], [2, 1], [1, 1]]
2025-02-27 22:30:50,353 - INFO - episode:1179 totalReward:10.408456713851727 Actions:[[8, 3], [6, 0], [5, 4], [9, 5], [3, 4], [0, 0], [2, 0], [4, 0], [1, 5], [7, 2]]
2025-02-27 22:30:50,567 - INFO - episode:1180 totalReward:16.26700753117105 Actions:[[8, 3], [0, 5], [9, 4], [3, 2], [7, 2], [4, 1], [5, 5], [2, 2], [6, 1], [1, 4]]
2025-02-27 22:30:50,711 - INFO - episode:1181 totalReward:14.905418505792504 Actions:[[8, 4], [1, 1], [0, 5], [4, 2], [3, 3], [2, 0], [9, 3], [7, 5], [5, 2], [6, 5]]
2025-02-27 22:30:50,933 - INFO - episode:1182 totalReward:12.450957412731588 Actions:[[8, 3], [7, 4], [1, 5], [9, 1], [0, 2], [2, 4], [5, 4], [3, 4], [6, 5], [4, 1]]
2025-02-27 22:30:51,157 - INFO - episode:1183 totalReward:10.386515823856806 Actions:[[8, 3], [5, 5], [9, 0], [4, 0], [2, 1], [3, 4], [7, 1], [0, 0], [6, 4], [1, 5]]
2025-02-27 22:30:51,401 - INFO - episode:1184 totalReward:15.60504342544124 Actions:[[8, 3], [0, 4], [2, 4], [3, 4], [4, 0], [6, 5], [1, 1], [7, 1], [5, 0], [9, 0]]
2025-02-27 22:30:51,715 - INFO - episode:1185 totalReward:8.332499380318211 Actions:[[8, 3], [4, 5], [3, 2], [0, 5], [1, 0], [2, 4], [7, 5], [5, 2], [6, 0], [9, 5]]
2025-02-27 22:30:51,971 - INFO - episode:1186 totalReward:15.049555686508153 Actions:[[8, 3], [0, 1], [7, 0], [4, 2], [2, 1], [9, 2], [6, 5], [5, 4], [3, 2], [1, 4]]
2025-02-27 22:30:52,175 - INFO - episode:1187 totalReward:11.903483300234788 Actions:[[8, 3], [3, 0], [9, 2], [2, 0], [7, 2], [5, 0], [6, 0], [0, 5], [1, 1], [4, 4]]
2025-02-27 22:30:52,669 - INFO - episode:1188 totalReward:9.07444925445469 Actions:[[8, 3], [4, 0], [7, 1], [6, 1], [9, 4], [5, 1], [0, 1], [3, 4], [2, 0], [1, 5]]
2025-02-27 22:30:52,850 - INFO - episode:1189 totalReward:11.858685291798686 Actions:[[8, 3], [7, 2], [5, 4], [1, 1], [9, 2], [0, 2], [4, 5], [3, 4], [2, 0], [6, 4]]
2025-02-27 22:30:53,254 - INFO - episode:1190 totalReward:9.22166815056804 Actions:[[8, 4], [3, 2], [7, 0], [1, 3], [9, 3], [5, 1], [4, 2], [2, 2], [0, 1], [6, 2]]
2025-02-27 22:30:53,443 - INFO - episode:1191 totalReward:0 Actions:[[1, 3], [4, 3], [6, 5], [2, 2], [7, 0], [9, 1], [0, 1], [3, 4], [5, 1]]
2025-02-27 22:30:53,639 - INFO - episode:1192 totalReward:15.773659461760024 Actions:[[8, 3], [2, 5], [6, 4], [9, 4], [3, 2], [0, 1], [5, 5], [4, 4], [1, 1], [7, 0]]
2025-02-27 22:30:53,898 - INFO - episode:1193 totalReward:19.384260506781537 Actions:[[8, 1], [9, 3], [3, 5], [5, 4], [2, 2], [0, 2], [6, 0], [1, 3], [4, 2], [7, 4]]
2025-02-27 22:30:54,114 - INFO - episode:1194 totalReward:15.524105548385045 Actions:[[8, 4], [9, 5], [2, 1], [4, 3], [7, 5], [1, 0], [5, 3], [6, 1], [0, 5], [3, 2]]
2025-02-27 22:30:54,641 - INFO - episode:1195 totalReward:29.07715543922357 Actions:[[4, 3], [6, 4], [5, 2], [2, 2], [0, 5], [3, 4], [9, 3], [1, 0], [7, 0], [8, 1]]
2025-02-27 22:30:54,964 - INFO - episode:1196 totalReward:12.152436126139618 Actions:[[4, 3], [8, 1], [9, 3], [3, 3], [2, 5], [6, 3], [7, 5], [5, 2], [1, 0], [0, 0]]
2025-02-27 22:30:55,169 - INFO - episode:1197 totalReward:36.020285874737745 Actions:[[9, 3], [6, 1], [5, 2], [4, 4], [7, 4], [1, 5], [8, 0], [2, 4], [0, 3], [3, 2]]
2025-02-27 22:30:55,395 - INFO - episode:1198 totalReward:12.414939268586734 Actions:[[8, 4], [9, 1], [3, 0], [2, 5], [4, 1], [5, 0], [1, 3], [6, 5], [0, 1], [7, 5]]
2025-02-27 22:30:55,738 - INFO - episode:1199 totalReward:10.367669380745363 Actions:[[8, 3], [3, 5], [5, 1], [7, 1], [0, 1], [9, 1], [2, 0], [1, 2], [4, 2], [6, 0]]
2025-02-27 22:30:56,044 - INFO - episode:1200 totalReward:17.96392773478862 Actions:[[8, 3], [3, 0], [6, 2], [9, 2], [5, 0], [4, 4], [2, 0], [7, 4], [0, 2], [1, 1]]
2025-02-27 22:30:56,255 - INFO - episode:1201 totalReward:28.075823211277186 Actions:[[8, 3], [6, 0], [4, 1], [0, 5], [3, 4], [2, 5], [7, 2], [9, 4], [5, 1], [1, 0]]
2025-02-27 22:30:56,312 - INFO - episode:1202 totalReward:24.999127083166513 Actions:[[8, 3], [6, 0], [1, 1], [5, 2], [2, 1], [9, 4], [0, 2], [4, 5], [7, 0], [3, 0]]
2025-02-27 22:30:56,416 - INFO - episode:1203 totalReward:15.667955160403743 Actions:[[8, 3], [6, 0], [2, 2], [9, 2], [1, 5], [5, 2], [3, 4], [0, 2], [7, 4], [4, 0]]
2025-02-27 22:30:56,583 - INFO - episode:1204 totalReward:13.543175575062001 Actions:[[8, 3], [6, 0], [0, 0], [9, 2], [7, 0], [3, 4], [1, 5], [4, 2], [2, 0], [5, 1]]
2025-02-27 22:30:56,669 - INFO - episode:1205 totalReward:10.809601254113558 Actions:[[8, 3], [6, 0], [2, 1], [7, 5], [0, 4], [3, 0], [1, 1], [5, 4], [4, 0], [9, 4]]
2025-02-27 22:30:56,819 - INFO - episode:1206 totalReward:17.202191548542 Actions:[[8, 3], [6, 0], [0, 5], [3, 1], [2, 2], [4, 0], [1, 2], [7, 4], [9, 4], [5, 0]]
2025-02-27 22:30:57,088 - INFO - episode:1207 totalReward:15.858893549428164 Actions:[[8, 3], [1, 4], [6, 0], [7, 2], [5, 0], [3, 4], [2, 1], [4, 1], [9, 5], [0, 0]]
2025-02-27 22:30:57,260 - INFO - episode:1208 totalReward:12.473080640003722 Actions:[[1, 0], [9, 3], [3, 5], [6, 2], [4, 0], [0, 5], [7, 2], [8, 1], [5, 5], [2, 5]]
2025-02-27 22:30:57,491 - INFO - episode:1209 totalReward:0 Actions:[[4, 0], [0, 3], [1, 4], [3, 2], [9, 5], [2, 0], [7, 3], [5, 1], [6, 0]]
2025-02-27 22:30:57,681 - INFO - episode:1210 totalReward:14.304700542957354 Actions:[[8, 3], [3, 0], [7, 1], [6, 4], [0, 1], [5, 2], [2, 1], [1, 2], [9, 0], [4, 5]]
2025-02-27 22:30:58,225 - INFO - episode:1211 totalReward:19.959251069011312 Actions:[[6, 3], [4, 5], [9, 0], [7, 3], [0, 5], [3, 2], [5, 5], [2, 1], [1, 1], [8, 4]]
2025-02-27 22:30:58,412 - INFO - episode:1212 totalReward:11.938568817403644 Actions:[[8, 3], [6, 0], [0, 0], [3, 0], [5, 1], [9, 0], [1, 2], [2, 4], [7, 4], [4, 4]]
2025-02-27 22:30:58,630 - INFO - episode:1213 totalReward:20.159645963160912 Actions:[[8, 3], [6, 2], [9, 4], [3, 2], [7, 2], [0, 5], [1, 5], [5, 0], [4, 1], [2, 0]]
2025-02-27 22:30:58,842 - INFO - episode:1214 totalReward:10.574964410771681 Actions:[[8, 3], [6, 0], [5, 5], [3, 0], [2, 4], [4, 1], [9, 0], [7, 1], [0, 1], [1, 2]]
2025-02-27 22:30:59,039 - INFO - episode:1215 totalReward:16.267927840081587 Actions:[[8, 3], [6, 0], [7, 4], [3, 0], [5, 1], [9, 2], [0, 4], [1, 5], [4, 0], [2, 2]]
2025-02-27 22:30:59,353 - INFO - episode:1216 totalReward:20.417780624684152 Actions:[[1, 3], [4, 5], [0, 4], [6, 0], [7, 0], [9, 5], [5, 0], [3, 2], [2, 4], [8, 1]]
2025-02-27 22:30:59,623 - INFO - episode:1217 totalReward:17.845302048865236 Actions:[[1, 0], [7, 3], [2, 2], [0, 3], [8, 1], [4, 0], [9, 5], [5, 5], [6, 4], [3, 2]]
2025-02-27 22:30:59,817 - INFO - episode:1218 totalReward:8.683722193453661 Actions:[[8, 3], [3, 0], [2, 0], [9, 5], [5, 5], [0, 0], [1, 4], [7, 0], [6, 5], [4, 2]]
2025-02-27 22:31:00,119 - INFO - episode:1219 totalReward:14.738444531527866 Actions:[[8, 3], [4, 0], [6, 0], [1, 5], [9, 1], [5, 0], [3, 4], [7, 1], [0, 4], [2, 0]]
2025-02-27 22:31:00,449 - INFO - episode:1220 totalReward:15.5269168669066 Actions:[[8, 3], [5, 0], [3, 0], [2, 2], [0, 0], [7, 2], [4, 4], [9, 4], [6, 1], [1, 1]]
2025-02-27 22:31:00,740 - INFO - episode:1221 totalReward:13.489422338269316 Actions:[[8, 3], [7, 1], [3, 5], [2, 4], [1, 1], [6, 4], [5, 5], [9, 4], [0, 4], [4, 0]]
2025-02-27 22:31:01,015 - INFO - episode:1222 totalReward:16.43214423674467 Actions:[[8, 3], [3, 0], [5, 0], [2, 5], [6, 2], [4, 2], [0, 2], [1, 4], [9, 0], [7, 1]]
2025-02-27 22:31:01,254 - INFO - episode:1223 totalReward:18.34346421926434 Actions:[[8, 3], [6, 0], [1, 1], [7, 5], [3, 0], [0, 1], [9, 2], [4, 2], [5, 0], [2, 5]]
2025-02-27 22:31:01,854 - INFO - episode:1224 totalReward:12.689810887933191 Actions:[[8, 3], [5, 0], [7, 5], [3, 0], [9, 2], [4, 0], [2, 5], [6, 4], [0, 4], [1, 2]]
2025-02-27 22:31:02,017 - INFO - episode:1225 totalReward:11.390610475944081 Actions:[[8, 3], [5, 1], [7, 4], [4, 0], [6, 0], [3, 4], [1, 5], [0, 4], [9, 1], [2, 5]]
2025-02-27 22:31:02,301 - INFO - episode:1226 totalReward:18.495139017473186 Actions:[[8, 3], [5, 0], [3, 0], [0, 5], [4, 2], [2, 4], [1, 4], [6, 1], [9, 1], [7, 5]]
2025-02-27 22:31:02,467 - INFO - episode:1227 totalReward:9.978714770078028 Actions:[[8, 3], [1, 2], [5, 5], [2, 2], [0, 4], [3, 0], [9, 1], [7, 4], [4, 4], [6, 4]]
2025-02-27 22:31:02,621 - INFO - episode:1228 totalReward:20.69392266842864 Actions:[[8, 3], [5, 0], [0, 5], [3, 2], [9, 5], [1, 1], [7, 1], [4, 4], [2, 5], [6, 4]]
2025-02-27 22:31:02,811 - INFO - episode:1229 totalReward:18.714450354281485 Actions:[[8, 3], [9, 1], [1, 2], [3, 0], [5, 0], [4, 1], [6, 1], [0, 5], [7, 4], [2, 4]]
2025-02-27 22:31:03,424 - INFO - episode:1230 totalReward:9.581458280109944 Actions:[[8, 3], [6, 0], [5, 5], [2, 0], [3, 2], [7, 0], [9, 1], [4, 1], [0, 1], [1, 5]]
2025-02-27 22:31:03,575 - INFO - episode:1231 totalReward:28.289913636331434 Actions:[[8, 3], [9, 0], [5, 0], [7, 4], [0, 0], [1, 4], [4, 5], [6, 1], [3, 1], [2, 2]]
2025-02-27 22:31:03,803 - INFO - episode:1232 totalReward:12.225911843346248 Actions:[[8, 3], [6, 0], [4, 2], [2, 2], [7, 2], [0, 4], [3, 4], [1, 0], [9, 2], [5, 1]]
2025-02-27 22:31:03,997 - INFO - episode:1233 totalReward:12.62005616892484 Actions:[[8, 3], [4, 0], [6, 0], [3, 5], [7, 2], [2, 5], [9, 4], [1, 4], [0, 5], [5, 0]]
2025-02-27 22:31:04,209 - INFO - episode:1234 totalReward:16.134081485230638 Actions:[[6, 4], [1, 0], [5, 4], [8, 3], [4, 4], [0, 2], [3, 0], [7, 5], [9, 1], [2, 4]]
2025-02-27 22:31:04,475 - INFO - episode:1235 totalReward:35.27508099744637 Actions:[[8, 3], [6, 0], [9, 4], [5, 0], [2, 1], [1, 4], [3, 2], [4, 5], [0, 2], [7, 1]]
2025-02-27 22:31:04,712 - INFO - episode:1236 totalReward:29.441316813256464 Actions:[[8, 3], [9, 0], [4, 0], [6, 4], [5, 1], [7, 0], [1, 4], [2, 2], [3, 2], [0, 5]]
2025-02-27 22:31:05,011 - INFO - episode:1237 totalReward:27.030033768336136 Actions:[[8, 3], [5, 0], [6, 0], [2, 5], [4, 1], [3, 4], [1, 4], [7, 1], [0, 2], [9, 1]]
2025-02-27 22:31:05,300 - INFO - episode:1238 totalReward:14.999944966989677 Actions:[[8, 3], [3, 1], [5, 0], [1, 5], [2, 4], [7, 5], [6, 1], [0, 2], [9, 1], [4, 1]]
2025-02-27 22:31:05,559 - INFO - episode:1239 totalReward:44.16856119228454 Actions:[[8, 3], [4, 0], [9, 0], [0, 2], [5, 2], [3, 1], [6, 5], [7, 1], [1, 4], [2, 4]]
2025-02-27 22:31:05,826 - INFO - episode:1240 totalReward:6.811279576256653 Actions:[[0, 3], [2, 3], [4, 3], [5, 2], [6, 2], [3, 0], [8, 1], [1, 0], [7, 2], [9, 3]]
2025-02-27 22:31:06,226 - INFO - episode:1241 totalReward:10.976526997114421 Actions:[[8, 3], [7, 0], [2, 4], [0, 2], [6, 5], [1, 4], [4, 2], [5, 2], [3, 2], [9, 1]]
2025-02-27 22:31:06,431 - INFO - episode:1242 totalReward:8.334739990207353 Actions:[[8, 3], [3, 4], [6, 2], [1, 1], [9, 2], [5, 2], [4, 4], [0, 2], [7, 4], [2, 4]]
2025-02-27 22:31:06,741 - INFO - episode:1243 totalReward:51.12137621298785 Actions:[[8, 3], [5, 0], [4, 5], [9, 5], [7, 0], [0, 2], [3, 1], [2, 4], [1, 4], [6, 2]]
2025-02-27 22:31:06,966 - INFO - episode:1244 totalReward:48.584626059559014 Actions:[[8, 3], [5, 5], [2, 4], [3, 0], [7, 1], [1, 0], [0, 4], [4, 2], [6, 2], [9, 1]]
2025-02-27 22:31:07,166 - INFO - episode:1245 totalReward:22.577216901785537 Actions:[[8, 3], [5, 0], [3, 4], [0, 1], [4, 4], [1, 0], [7, 2], [9, 2], [6, 5], [2, 2]]
2025-02-27 22:31:07,353 - INFO - episode:1246 totalReward:10.847440205139845 Actions:[[8, 3], [0, 5], [3, 2], [6, 2], [1, 4], [2, 4], [9, 0], [5, 5], [7, 2], [4, 5]]
2025-02-27 22:31:07,642 - INFO - episode:1247 totalReward:10.52536100150523 Actions:[[8, 3], [5, 0], [9, 5], [4, 4], [1, 1], [6, 4], [7, 5], [3, 0], [0, 4], [2, 1]]
2025-02-27 22:31:08,135 - INFO - episode:1248 totalReward:12.371274421293577 Actions:[[8, 3], [7, 5], [9, 0], [1, 1], [3, 0], [2, 1], [0, 2], [5, 0], [6, 0], [4, 5]]
2025-02-27 22:31:08,509 - INFO - episode:1249 totalReward:27.030033768336136 Actions:[[8, 3], [7, 0], [4, 0], [5, 1], [9, 0], [1, 5], [2, 4], [3, 5], [6, 1], [0, 2]]
2025-02-27 22:31:08,679 - INFO - episode:1250 totalReward:14.001212479486565 Actions:[[8, 3], [9, 0], [7, 4], [2, 2], [3, 1], [1, 4], [5, 1], [0, 1], [6, 2], [4, 0]]
2025-02-27 22:31:08,981 - INFO - episode:1251 totalReward:22.26627766387708 Actions:[[8, 3], [4, 5], [5, 0], [1, 5], [0, 1], [7, 2], [3, 1], [2, 4], [6, 2], [9, 2]]
2025-02-27 22:31:09,339 - INFO - episode:1252 totalReward:13.434313003825242 Actions:[[8, 3], [0, 5], [4, 4], [9, 4], [6, 4], [7, 0], [2, 0], [3, 5], [5, 5], [1, 2]]
2025-02-27 22:31:09,567 - INFO - episode:1253 totalReward:41.296409939625164 Actions:[[8, 3], [3, 0], [9, 4], [2, 0], [1, 2], [5, 4], [0, 1], [4, 2], [6, 1], [7, 5]]
2025-02-27 22:31:09,804 - INFO - episode:1254 totalReward:9.283615291717943 Actions:[[8, 3], [4, 1], [6, 0], [7, 0], [2, 4], [3, 2], [5, 1], [1, 2], [0, 0], [9, 1]]
2025-02-27 22:31:10,105 - INFO - episode:1255 totalReward:16.878968900314476 Actions:[[8, 3], [5, 2], [2, 4], [4, 0], [1, 2], [3, 1], [6, 1], [7, 4], [0, 1], [9, 5]]
2025-02-27 22:31:10,377 - INFO - episode:1256 totalReward:13.012125136405112 Actions:[[8, 3], [6, 2], [4, 0], [1, 2], [0, 5], [3, 0], [9, 1], [7, 0], [2, 0], [5, 1]]
2025-02-27 22:31:10,565 - INFO - episode:1257 totalReward:17.74400606104309 Actions:[[8, 3], [1, 2], [9, 0], [2, 4], [5, 5], [4, 4], [0, 2], [7, 5], [3, 4], [6, 0]]
2025-02-27 22:31:10,744 - INFO - episode:1258 totalReward:9.350304407033686 Actions:[[8, 3], [5, 0], [6, 2], [9, 0], [0, 2], [3, 2], [2, 0], [7, 4], [4, 2], [1, 5]]
2025-02-27 22:31:11,002 - INFO - episode:1259 totalReward:19.80917499834646 Actions:[[7, 1], [8, 3], [4, 2], [5, 4], [2, 2], [3, 0], [9, 5], [1, 5], [6, 1], [0, 2]]
2025-02-27 22:31:11,180 - INFO - episode:1260 totalReward:21.60904851325193 Actions:[[8, 3], [6, 0], [3, 0], [5, 5], [1, 1], [9, 0], [7, 1], [2, 2], [4, 2], [0, 5]]
2025-02-27 22:31:11,312 - INFO - episode:1261 totalReward:13.593503751315845 Actions:[[8, 3], [3, 0], [6, 5], [1, 4], [5, 5], [4, 5], [2, 2], [0, 5], [7, 2], [9, 1]]
2025-02-27 22:31:11,601 - INFO - episode:1262 totalReward:17.08484912875111 Actions:[[8, 4], [5, 2], [3, 0], [4, 2], [2, 5], [1, 3], [6, 1], [9, 1], [7, 1], [0, 0]]
2025-02-27 22:31:11,904 - INFO - episode:1263 totalReward:10.221869159486763 Actions:[[8, 3], [3, 0], [7, 4], [9, 5], [1, 4], [4, 0], [6, 0], [0, 0], [2, 2], [5, 5]]
2025-02-27 22:31:12,060 - INFO - episode:1264 totalReward:11.351676372630736 Actions:[[8, 3], [3, 0], [9, 0], [0, 4], [4, 0], [5, 5], [7, 2], [1, 4], [6, 0], [2, 5]]
2025-02-27 22:31:12,340 - INFO - episode:1265 totalReward:14.45949096967809 Actions:[[8, 3], [1, 5], [7, 2], [4, 1], [5, 0], [9, 4], [2, 0], [3, 1], [6, 2], [0, 2]]
2025-02-27 22:31:12,560 - INFO - episode:1266 totalReward:17.928378530561925 Actions:[[8, 3], [5, 0], [3, 5], [4, 5], [7, 5], [2, 2], [1, 1], [9, 2], [6, 0], [0, 2]]
2025-02-27 22:31:12,747 - INFO - episode:1267 totalReward:7.923055860023339 Actions:[[1, 3], [7, 5], [8, 0], [0, 1], [4, 1], [5, 1], [9, 5], [3, 1], [6, 5], [2, 3]]
2025-02-27 22:31:12,901 - INFO - episode:1268 totalReward:11.515421591766172 Actions:[[8, 3], [5, 0], [1, 1], [9, 2], [0, 1], [4, 0], [3, 0], [7, 4], [2, 2], [6, 2]]
2025-02-27 22:31:13,090 - INFO - episode:1269 totalReward:7.960239311227364 Actions:[[8, 3], [7, 2], [1, 5], [3, 2], [5, 4], [4, 1], [2, 1], [9, 5], [0, 2], [6, 2]]
2025-02-27 22:31:13,423 - INFO - episode:1270 totalReward:12.530565043485677 Actions:[[8, 3], [9, 1], [2, 0], [3, 2], [6, 2], [0, 1], [7, 1], [5, 4], [4, 4], [1, 0]]
2025-02-27 22:31:13,564 - INFO - episode:1271 totalReward:19.723918396820302 Actions:[[8, 4], [2, 3], [9, 0], [6, 0], [3, 1], [1, 1], [5, 2], [0, 3], [4, 2], [7, 5]]
2025-02-27 22:31:13,765 - INFO - episode:1272 totalReward:19.683729384923204 Actions:[[2, 3], [0, 2], [8, 5], [5, 0], [3, 1], [6, 2], [9, 1], [4, 4], [1, 0], [7, 3]]
2025-02-27 22:31:13,964 - INFO - episode:1273 totalReward:19.729891688824534 Actions:[[8, 3], [9, 4], [3, 0], [1, 4], [6, 0], [0, 0], [5, 1], [2, 1], [7, 2], [4, 5]]
2025-02-27 22:31:14,224 - INFO - episode:1274 totalReward:10.07285348498792 Actions:[[8, 3], [0, 2], [7, 4], [6, 0], [2, 4], [3, 4], [5, 4], [4, 2], [9, 1], [1, 1]]
2025-02-27 22:31:14,476 - INFO - episode:1275 totalReward:11.986713363261465 Actions:[[8, 3], [6, 2], [1, 2], [0, 4], [2, 1], [4, 4], [7, 1], [5, 1], [3, 4], [9, 0]]
2025-02-27 22:31:14,701 - INFO - episode:1276 totalReward:11.062094404220757 Actions:[[8, 3], [9, 1], [5, 5], [7, 1], [4, 5], [0, 0], [3, 5], [2, 2], [6, 1], [1, 2]]
2025-02-27 22:31:15,000 - INFO - episode:1277 totalReward:27.96372497068082 Actions:[[8, 3], [3, 5], [5, 0], [1, 2], [6, 0], [4, 2], [0, 1], [9, 5], [7, 5], [2, 4]]
2025-02-27 22:31:15,341 - INFO - episode:1278 totalReward:11.274765329180997 Actions:[[8, 3], [7, 2], [4, 2], [9, 5], [3, 2], [5, 1], [1, 5], [6, 2], [2, 1], [0, 4]]
2025-02-27 22:31:15,564 - INFO - episode:1279 totalReward:16.005870411969298 Actions:[[8, 3], [6, 4], [5, 0], [9, 5], [7, 4], [3, 2], [0, 4], [2, 0], [1, 1], [4, 0]]
2025-02-27 22:31:15,784 - INFO - episode:1280 totalReward:12.240481513978107 Actions:[[8, 3], [1, 2], [4, 4], [9, 0], [5, 4], [3, 4], [2, 2], [6, 0], [7, 0], [0, 5]]
2025-02-27 22:31:16,055 - INFO - episode:1281 totalReward:9.958654420084011 Actions:[[8, 3], [9, 1], [0, 2], [5, 4], [2, 4], [6, 1], [4, 1], [1, 5], [7, 2], [3, 2]]
2025-02-27 22:31:16,360 - INFO - episode:1282 totalReward:7.7123056978612965 Actions:[[8, 3], [7, 0], [6, 2], [5, 2], [3, 2], [2, 1], [1, 4], [9, 2], [0, 1], [4, 1]]
2025-02-27 22:31:16,602 - INFO - episode:1283 totalReward:8.202605215241533 Actions:[[8, 1], [6, 3], [7, 2], [4, 2], [2, 5], [3, 2], [0, 3], [5, 2], [1, 0], [9, 5]]
2025-02-27 22:31:16,821 - INFO - episode:1284 totalReward:10.02618197199418 Actions:[[8, 3], [4, 1], [3, 1], [6, 0], [1, 0], [5, 1], [2, 5], [9, 5], [0, 5], [7, 1]]
2025-02-27 22:31:17,056 - INFO - episode:1285 totalReward:12.879732484715422 Actions:[[8, 3], [6, 2], [3, 1], [9, 5], [7, 5], [0, 1], [2, 2], [4, 1], [5, 2], [1, 0]]
2025-02-27 22:31:17,480 - INFO - episode:1286 totalReward:11.021051233095884 Actions:[[8, 3], [2, 5], [3, 0], [9, 5], [0, 2], [6, 2], [5, 1], [7, 2], [1, 0], [4, 1]]
2025-02-27 22:31:17,705 - INFO - episode:1287 totalReward:9.010547976152672 Actions:[[8, 3], [2, 1], [5, 4], [3, 0], [4, 5], [6, 0], [7, 4], [9, 0], [0, 4], [1, 1]]
2025-02-27 22:31:18,105 - INFO - episode:1288 totalReward:12.381144128704245 Actions:[[7, 1], [9, 0], [1, 0], [8, 5], [4, 2], [0, 4], [6, 1], [5, 4], [3, 1], [2, 1]]
2025-02-27 22:31:18,322 - INFO - episode:1289 totalReward:22.773427276403723 Actions:[[8, 3], [2, 2], [6, 1], [0, 2], [5, 5], [4, 1], [9, 2], [1, 4], [3, 1], [7, 0]]
2025-02-27 22:31:18,561 - INFO - episode:1290 totalReward:9.722548315326916 Actions:[[8, 3], [9, 0], [1, 4], [0, 0], [7, 0], [6, 0], [5, 1], [4, 2], [3, 4], [2, 1]]
2025-02-27 22:31:18,716 - INFO - episode:1291 totalReward:24.58926009117092 Actions:[[8, 3], [0, 2], [6, 1], [1, 4], [7, 0], [9, 1], [5, 5], [2, 1], [3, 2], [4, 4]]
2025-02-27 22:31:18,949 - INFO - episode:1292 totalReward:17.570269462963605 Actions:[[8, 3], [5, 0], [3, 1], [2, 2], [1, 4], [4, 2], [0, 0], [7, 2], [9, 2], [6, 5]]
2025-02-27 22:31:19,260 - INFO - episode:1293 totalReward:23.29220607786419 Actions:[[8, 3], [7, 5], [9, 0], [6, 5], [1, 4], [4, 0], [0, 1], [5, 4], [2, 2], [3, 1]]
2025-02-27 22:31:19,570 - INFO - episode:1294 totalReward:16.820534093453247 Actions:[[8, 3], [6, 0], [2, 0], [9, 1], [7, 4], [0, 5], [3, 4], [4, 2], [5, 2], [1, 5]]
2025-02-27 22:31:19,753 - INFO - episode:1295 totalReward:11.607629732083089 Actions:[[8, 3], [9, 5], [3, 2], [7, 5], [5, 2], [4, 5], [2, 0], [6, 2], [1, 1], [0, 2]]
2025-02-27 22:31:19,941 - INFO - episode:1296 totalReward:13.393687623026047 Actions:[[8, 3], [2, 2], [3, 0], [5, 2], [4, 2], [7, 4], [1, 4], [0, 2], [6, 1], [9, 5]]
2025-02-27 22:31:20,411 - INFO - episode:1297 totalReward:16.12597782250346 Actions:[[8, 3], [0, 2], [9, 0], [6, 4], [3, 1], [7, 0], [4, 4], [2, 0], [1, 1], [5, 4]]
2025-02-27 22:31:20,950 - INFO - episode:1298 totalReward:54.07792533107149 Actions:[[8, 3], [6, 1], [0, 0], [2, 1], [9, 2], [5, 4], [7, 4], [4, 5], [3, 5], [1, 2]]
2025-02-27 22:31:21,138 - INFO - episode:1299 totalReward:13.275158462801143 Actions:[[4, 5], [1, 4], [3, 0], [5, 0], [6, 5], [8, 1], [0, 3], [7, 3], [9, 4], [2, 5]]
2025-02-27 22:31:21,375 - INFO - episode:1300 totalReward:18.96617086171424 Actions:[[8, 3], [3, 1], [7, 0], [1, 5], [9, 1], [4, 5], [6, 2], [0, 2], [2, 1], [5, 0]]
2025-02-27 22:31:21,614 - INFO - episode:1301 totalReward:8.800874643738835 Actions:[[1, 2], [8, 4], [9, 2], [2, 5], [7, 0], [5, 0], [6, 1], [0, 0], [3, 1], [4, 1]]
2025-02-27 22:31:21,939 - INFO - episode:1302 totalReward:35.24060027570237 Actions:[[8, 3], [6, 1], [0, 2], [9, 4], [7, 0], [5, 4], [1, 0], [4, 1], [2, 5], [3, 2]]
2025-02-27 22:31:22,129 - INFO - episode:1303 totalReward:18.44390719685265 Actions:[[8, 3], [1, 0], [3, 4], [7, 0], [4, 2], [2, 4], [0, 4], [5, 2], [9, 5], [6, 5]]
2025-02-27 22:31:22,387 - INFO - episode:1304 totalReward:9.764991080003442 Actions:[[8, 5], [2, 3], [0, 3], [6, 3], [4, 0], [5, 0], [9, 2], [3, 1], [1, 1], [7, 3]]
2025-02-27 22:31:22,591 - INFO - episode:1305 totalReward:17.134772501132687 Actions:[[9, 1], [8, 3], [7, 5], [5, 4], [6, 1], [3, 2], [4, 0], [0, 5], [2, 5], [1, 0]]
2025-02-27 22:31:22,808 - INFO - episode:1306 totalReward:11.124493016444411 Actions:[[8, 3], [1, 2], [6, 0], [4, 4], [0, 5], [7, 5], [9, 1], [3, 5], [2, 2], [5, 0]]
2025-02-27 22:31:22,989 - INFO - episode:1307 totalReward:11.36802696714834 Actions:[[8, 4], [9, 3], [3, 0], [5, 0], [7, 3], [0, 3], [2, 0], [4, 1], [6, 1], [1, 2]]
2025-02-27 22:31:23,211 - INFO - episode:1308 totalReward:10.06762740560537 Actions:[[8, 3], [7, 4], [9, 0], [5, 0], [4, 5], [6, 1], [3, 5], [0, 4], [1, 1], [2, 0]]
2025-02-27 22:31:23,604 - INFO - episode:1309 totalReward:10.630811977468818 Actions:[[8, 3], [0, 5], [6, 5], [7, 4], [2, 4], [4, 5], [1, 0], [5, 5], [3, 1], [9, 2]]
2025-02-27 22:31:23,895 - INFO - episode:1310 totalReward:24.810208689217504 Actions:[[7, 3], [9, 0], [6, 2], [2, 5], [8, 1], [4, 2], [5, 4], [1, 0], [3, 5], [0, 5]]
2025-02-27 22:31:24,121 - INFO - episode:1311 totalReward:15.054686777628891 Actions:[[0, 1], [1, 0], [5, 3], [7, 1], [2, 0], [6, 1], [9, 4], [4, 5], [3, 4], [8, 2]]
2025-02-27 22:31:24,373 - INFO - episode:1312 totalReward:23.02959592276397 Actions:[[8, 3], [7, 0], [1, 1], [0, 5], [4, 4], [5, 1], [2, 2], [6, 2], [3, 4], [9, 5]]
2025-02-27 22:31:24,533 - INFO - episode:1313 totalReward:24.929599239192388 Actions:[[8, 3], [6, 0], [7, 1], [5, 1], [0, 5], [4, 2], [9, 4], [1, 4], [3, 2], [2, 2]]
2025-02-27 22:31:24,701 - INFO - episode:1314 totalReward:10.386515823856806 Actions:[[8, 3], [1, 0], [4, 5], [5, 0], [9, 4], [6, 2], [0, 4], [3, 2], [2, 4], [7, 5]]
2025-02-27 22:31:24,870 - INFO - episode:1315 totalReward:21.176300606693513 Actions:[[8, 3], [6, 5], [5, 0], [1, 4], [3, 5], [7, 2], [9, 4], [0, 0], [2, 2], [4, 1]]
2025-02-27 22:31:25,172 - INFO - episode:1316 totalReward:12.431587414856372 Actions:[[8, 3], [2, 5], [7, 0], [0, 0], [3, 4], [6, 5], [9, 4], [4, 4], [1, 2], [5, 2]]
2025-02-27 22:31:25,408 - INFO - episode:1317 totalReward:19.303941593598786 Actions:[[8, 0], [9, 4], [6, 2], [2, 3], [3, 2], [7, 3], [1, 1], [0, 1], [5, 3], [4, 4]]
2025-02-27 22:31:25,659 - INFO - episode:1318 totalReward:17.88029755582055 Actions:[[8, 3], [7, 1], [4, 5], [0, 0], [5, 4], [1, 2], [2, 0], [9, 1], [6, 1], [3, 5]]
2025-02-27 22:31:25,861 - INFO - episode:1319 totalReward:28.51389891478975 Actions:[[8, 3], [2, 2], [5, 2], [0, 1], [7, 5], [3, 1], [9, 1], [6, 4], [4, 5], [1, 0]]
2025-02-27 22:31:26,065 - INFO - episode:1320 totalReward:10.783026995890799 Actions:[[7, 2], [8, 0], [1, 3], [0, 1], [4, 1], [5, 5], [3, 1], [9, 4], [6, 3], [2, 1]]
2025-02-27 22:31:26,444 - INFO - episode:1321 totalReward:36.581779056189085 Actions:[[8, 2], [4, 4], [0, 1], [3, 0], [9, 4], [2, 0], [7, 4], [5, 5], [6, 1], [1, 3]]
2025-02-27 22:31:26,750 - INFO - episode:1322 totalReward:11.693685561576999 Actions:[[8, 3], [5, 0], [1, 0], [9, 2], [0, 4], [6, 4], [4, 1], [3, 2], [7, 2], [2, 2]]
2025-02-27 22:31:27,032 - INFO - episode:1323 totalReward:14.978104267567273 Actions:[[8, 2], [3, 5], [7, 0], [6, 4], [1, 5], [0, 1], [5, 1], [4, 3], [9, 1], [2, 0]]
2025-02-27 22:31:27,249 - INFO - episode:1324 totalReward:18.41376182949018 Actions:[[8, 3], [6, 0], [3, 1], [5, 5], [1, 5], [9, 4], [4, 4], [2, 2], [7, 1], [0, 0]]
2025-02-27 22:31:27,517 - INFO - episode:1325 totalReward:7.462551623124008 Actions:[[8, 3], [9, 4], [5, 0], [7, 1], [2, 2], [1, 1], [3, 0], [4, 0], [6, 2], [0, 0]]
2025-02-27 22:31:27,717 - INFO - episode:1326 totalReward:24.614998527983378 Actions:[[8, 3], [6, 0], [1, 0], [5, 5], [4, 1], [9, 5], [0, 2], [2, 4], [3, 2], [7, 5]]
2025-02-27 22:31:28,039 - INFO - episode:1327 totalReward:11.439818001632235 Actions:[[8, 3], [6, 2], [9, 0], [7, 2], [4, 0], [5, 1], [2, 1], [0, 1], [3, 0], [1, 4]]
2025-02-27 22:31:28,217 - INFO - episode:1328 totalReward:10.590472064427653 Actions:[[8, 5], [3, 4], [4, 4], [2, 2], [5, 0], [7, 3], [9, 4], [0, 2], [1, 3], [6, 2]]
2025-02-27 22:31:28,392 - INFO - episode:1329 totalReward:15.785746383696718 Actions:[[8, 5], [6, 3], [4, 2], [3, 0], [9, 0], [1, 3], [5, 2], [2, 4], [0, 0], [7, 2]]
2025-02-27 22:31:28,691 - INFO - episode:1330 totalReward:8.913638780951999 Actions:[[8, 3], [4, 5], [7, 1], [6, 1], [2, 4], [0, 1], [5, 0], [9, 0], [3, 1], [1, 5]]
2025-02-27 22:31:28,962 - INFO - episode:1331 totalReward:19.5066162255969 Actions:[[4, 5], [8, 3], [7, 0], [2, 4], [0, 0], [5, 4], [3, 1], [9, 2], [1, 5], [6, 2]]
2025-02-27 22:31:29,150 - INFO - episode:1332 totalReward:10.852501100290405 Actions:[[8, 3], [9, 0], [3, 4], [7, 0], [1, 2], [6, 4], [4, 5], [5, 4], [2, 4], [0, 5]]
2025-02-27 22:31:29,431 - INFO - episode:1333 totalReward:12.797202761740106 Actions:[[4, 1], [8, 5], [6, 2], [7, 1], [1, 3], [0, 0], [2, 1], [9, 3], [5, 2], [3, 4]]
2025-02-27 22:31:29,650 - INFO - episode:1334 totalReward:14.642974627851054 Actions:[[8, 3], [0, 0], [5, 2], [1, 0], [3, 4], [7, 4], [9, 5], [6, 1], [2, 4], [4, 4]]
2025-02-27 22:31:29,869 - INFO - episode:1335 totalReward:10.192232262678024 Actions:[[8, 3], [2, 0], [0, 2], [6, 1], [4, 1], [3, 2], [9, 5], [5, 5], [7, 2], [1, 0]]
2025-02-27 22:31:30,121 - INFO - episode:1336 totalReward:29.321956182067176 Actions:[[8, 3], [0, 1], [1, 4], [7, 2], [3, 0], [5, 5], [4, 2], [9, 4], [2, 0], [6, 1]]
2025-02-27 22:31:30,393 - INFO - episode:1337 totalReward:25.782016372572887 Actions:[[8, 3], [1, 1], [2, 2], [3, 5], [9, 5], [5, 1], [7, 5], [4, 0], [6, 4], [0, 2]]
2025-02-27 22:31:30,727 - INFO - episode:1338 totalReward:18.572574157985468 Actions:[[8, 3], [7, 2], [5, 2], [9, 1], [1, 1], [0, 5], [2, 5], [6, 0], [3, 4], [4, 4]]
2025-02-27 22:31:30,896 - INFO - episode:1339 totalReward:21.226092562811754 Actions:[[8, 3], [5, 1], [4, 1], [3, 4], [7, 4], [6, 2], [9, 1], [0, 2], [1, 5], [2, 5]]
2025-02-27 22:31:31,053 - INFO - episode:1340 totalReward:23.454413949135198 Actions:[[8, 3], [6, 2], [1, 0], [3, 5], [0, 1], [4, 2], [5, 2], [2, 5], [9, 4], [7, 5]]
2025-02-27 22:31:31,255 - INFO - episode:1341 totalReward:16.37215271512607 Actions:[[8, 3], [5, 5], [6, 5], [4, 0], [3, 4], [0, 0], [9, 1], [1, 1], [2, 5], [7, 2]]
2025-02-27 22:31:31,439 - INFO - episode:1342 totalReward:23.653347323217215 Actions:[[8, 3], [3, 0], [1, 4], [4, 0], [0, 2], [7, 5], [5, 0], [2, 5], [6, 5], [9, 1]]
2025-02-27 22:31:31,714 - INFO - episode:1343 totalReward:13.890637299186238 Actions:[[8, 3], [4, 2], [7, 4], [9, 5], [5, 0], [1, 0], [2, 1], [0, 4], [3, 4], [6, 2]]
2025-02-27 22:31:32,133 - INFO - episode:1344 totalReward:18.54454470235512 Actions:[[8, 3], [2, 5], [5, 1], [4, 1], [0, 5], [6, 5], [9, 0], [3, 0], [7, 4], [1, 2]]
2025-02-27 22:31:32,281 - INFO - episode:1345 totalReward:12.58560554037012 Actions:[[3, 5], [8, 0], [0, 2], [9, 1], [4, 2], [7, 1], [6, 2], [2, 1], [1, 4], [5, 4]]
2025-02-27 22:31:32,421 - INFO - episode:1346 totalReward:24.378293685776214 Actions:[[8, 3], [5, 4], [2, 5], [1, 0], [9, 5], [6, 0], [0, 2], [3, 2], [4, 5], [7, 1]]
2025-02-27 22:31:32,701 - INFO - episode:1347 totalReward:7.254968765665799 Actions:[[8, 3], [6, 2], [4, 1], [7, 1], [3, 0], [9, 1], [2, 0], [5, 0], [0, 0], [1, 5]]
2025-02-27 22:31:32,981 - INFO - episode:1348 totalReward:15.896416461967718 Actions:[[8, 3], [9, 4], [0, 0], [1, 1], [6, 0], [2, 4], [5, 5], [7, 1], [4, 4], [3, 2]]
2025-02-27 22:31:33,380 - INFO - episode:1349 totalReward:15.967420530090488 Actions:[[8, 3], [5, 0], [9, 4], [2, 1], [0, 1], [6, 5], [7, 1], [4, 2], [3, 2], [1, 5]]
2025-02-27 22:31:33,850 - INFO - episode:1350 totalReward:16.554469422142862 Actions:[[8, 3], [7, 5], [4, 1], [9, 4], [0, 4], [2, 4], [6, 5], [5, 2], [1, 1], [3, 0]]
2025-02-27 22:31:34,143 - INFO - episode:1351 totalReward:31.887775052243647 Actions:[[8, 3], [2, 1], [7, 5], [3, 4], [1, 0], [0, 0], [5, 2], [9, 1], [6, 2], [4, 2]]
2025-02-27 22:31:34,383 - INFO - episode:1352 totalReward:18.424290461651154 Actions:[[8, 3], [1, 0], [3, 4], [6, 4], [4, 2], [0, 4], [7, 1], [5, 1], [9, 1], [2, 2]]
2025-02-27 22:31:34,586 - INFO - episode:1353 totalReward:13.309498452866844 Actions:[[8, 3], [7, 1], [0, 5], [9, 5], [2, 2], [3, 5], [1, 4], [6, 1], [4, 4], [5, 2]]
2025-02-27 22:31:34,810 - INFO - episode:1354 totalReward:41.296409939625164 Actions:[[8, 3], [7, 0], [6, 5], [4, 2], [2, 4], [0, 4], [5, 1], [1, 0], [3, 5], [9, 1]]
2025-02-27 22:31:35,075 - INFO - episode:1355 totalReward:12.459497212258546 Actions:[[8, 3], [6, 0], [9, 2], [3, 1], [5, 2], [7, 1], [0, 0], [4, 4], [2, 0], [1, 4]]
2025-02-27 22:31:35,697 - INFO - episode:1356 totalReward:12.535963996715253 Actions:[[8, 3], [3, 0], [7, 1], [6, 4], [2, 1], [0, 0], [5, 4], [9, 4], [4, 2], [1, 2]]
2025-02-27 22:31:35,882 - INFO - episode:1357 totalReward:9.19194959267686 Actions:[[8, 3], [9, 1], [2, 4], [6, 2], [3, 5], [4, 4], [0, 2], [7, 2], [5, 2], [1, 1]]
2025-02-27 22:31:36,301 - INFO - episode:1358 totalReward:28.71529805748484 Actions:[[9, 0], [1, 5], [0, 5], [2, 2], [3, 1], [7, 2], [6, 2], [4, 0], [5, 3], [8, 4]]
2025-02-27 22:31:36,496 - INFO - episode:1359 totalReward:10.023099052912773 Actions:[[8, 3], [3, 0], [1, 4], [4, 4], [5, 1], [2, 1], [9, 0], [7, 0], [6, 0], [0, 5]]
2025-02-27 22:31:36,726 - INFO - episode:1360 totalReward:16.519572346383192 Actions:[[8, 3], [7, 1], [4, 5], [2, 4], [6, 2], [1, 1], [3, 4], [9, 0], [0, 5], [5, 4]]
2025-02-27 22:31:36,937 - INFO - episode:1361 totalReward:8.768820419864662 Actions:[[8, 3], [0, 4], [5, 0], [6, 0], [4, 2], [1, 2], [7, 4], [9, 5], [2, 4], [3, 4]]
2025-02-27 22:31:37,100 - INFO - episode:1362 totalReward:10.885541654174475 Actions:[[8, 3], [5, 0], [2, 5], [7, 2], [3, 4], [1, 0], [6, 1], [0, 2], [4, 2], [9, 1]]
2025-02-27 22:31:37,388 - INFO - episode:1363 totalReward:49.98617719169152 Actions:[[8, 4], [6, 5], [7, 2], [4, 3], [5, 2], [3, 5], [0, 0], [2, 0], [9, 1], [1, 3]]
2025-02-27 22:31:37,578 - INFO - episode:1364 totalReward:16.44194941377479 Actions:[[8, 3], [5, 0], [7, 0], [9, 0], [0, 5], [3, 2], [4, 0], [6, 5], [1, 4], [2, 2]]
2025-02-27 22:31:37,830 - INFO - episode:1365 totalReward:0 Actions:[[6, 5], [1, 3], [5, 4], [0, 0], [9, 4], [3, 5], [7, 1], [4, 4], [2, 2]]
2025-02-27 22:31:38,048 - INFO - episode:1366 totalReward:8.05288262310123 Actions:[[8, 3], [0, 0], [2, 1], [4, 0], [7, 0], [3, 1], [6, 5], [1, 5], [9, 2], [5, 0]]
2025-02-27 22:31:38,209 - INFO - episode:1367 totalReward:21.298832767969202 Actions:[[8, 4], [5, 1], [1, 0], [9, 3], [6, 1], [2, 1], [7, 5], [4, 0], [3, 2], [0, 2]]
2025-02-27 22:31:38,467 - INFO - episode:1368 totalReward:11.86669534732905 Actions:[[8, 4], [5, 0], [3, 5], [6, 2], [4, 1], [7, 0], [1, 5], [0, 0], [9, 2], [2, 3]]
2025-02-27 22:31:38,702 - INFO - episode:1369 totalReward:42.77435559703588 Actions:[[5, 3], [1, 0], [3, 1], [7, 0], [8, 2], [4, 5], [9, 4], [2, 1], [6, 4], [0, 3]]
2025-02-27 22:31:38,887 - INFO - episode:1370 totalReward:7.486716584229985 Actions:[[5, 3], [1, 0], [6, 5], [4, 2], [9, 3], [3, 3], [0, 2], [8, 4], [7, 2], [2, 2]]
2025-02-27 22:31:39,213 - INFO - episode:1371 totalReward:19.496204992448465 Actions:[[8, 3], [1, 5], [2, 4], [4, 4], [6, 1], [0, 0], [7, 4], [5, 2], [9, 4], [3, 1]]
2025-02-27 22:31:39,372 - INFO - episode:1372 totalReward:0 Actions:[[7, 3], [3, 0], [1, 5], [2, 4], [6, 2], [0, 1], [9, 2], [4, 3], [5, 1]]
2025-02-27 22:31:39,953 - INFO - episode:1373 totalReward:14.304700542957354 Actions:[[3, 3], [4, 5], [1, 5], [0, 3], [6, 0], [2, 2], [9, 2], [5, 4], [7, 2], [8, 1]]
2025-02-27 22:31:40,269 - INFO - episode:1374 totalReward:42.08757684168942 Actions:[[3, 3], [5, 1], [6, 3], [4, 1], [1, 4], [0, 4], [7, 2], [2, 5], [9, 5], [8, 0]]
2025-02-27 22:31:40,531 - INFO - episode:1375 totalReward:19.443893776687766 Actions:[[3, 3], [5, 1], [9, 5], [7, 2], [2, 5], [0, 2], [1, 4], [8, 0], [4, 1], [6, 4]]
2025-02-27 22:31:41,401 - INFO - episode:1376 totalReward:18.837937173957265 Actions:[[9, 2], [3, 3], [2, 5], [6, 2], [1, 5], [4, 0], [0, 1], [5, 3], [7, 3], [8, 4]]
2025-02-27 22:31:41,686 - INFO - episode:1377 totalReward:12.31460635144052 Actions:[[8, 3], [4, 0], [2, 2], [7, 2], [9, 0], [0, 1], [1, 4], [6, 4], [3, 1], [5, 1]]
2025-02-27 22:31:42,093 - INFO - episode:1378 totalReward:23.675347870785565 Actions:[[8, 3], [1, 0], [6, 2], [5, 5], [3, 2], [4, 2], [7, 5], [9, 5], [0, 1], [2, 4]]
2025-02-27 22:31:42,315 - INFO - episode:1379 totalReward:23.91838938723731 Actions:[[8, 3], [6, 0], [4, 5], [2, 2], [9, 4], [1, 4], [0, 5], [7, 1], [5, 1], [3, 0]]
2025-02-27 22:31:42,560 - INFO - episode:1380 totalReward:42.792972404192746 Actions:[[8, 3], [5, 1], [1, 2], [9, 0], [4, 5], [0, 2], [2, 1], [7, 0], [3, 4], [6, 5]]
2025-02-27 22:31:42,677 - INFO - episode:1381 totalReward:0 Actions:[[3, 4], [1, 0], [9, 5], [2, 4], [0, 3], [5, 2], [6, 5], [7, 1], [4, 1]]
2025-02-27 22:31:42,937 - INFO - episode:1382 totalReward:23.84756062633002 Actions:[[8, 3], [3, 0], [7, 1], [2, 0], [4, 4], [9, 2], [5, 5], [0, 5], [6, 2], [1, 4]]
2025-02-27 22:31:43,109 - INFO - episode:1383 totalReward:10.254006458320912 Actions:[[8, 3], [3, 0], [1, 4], [2, 1], [0, 0], [6, 2], [9, 1], [7, 0], [5, 5], [4, 1]]
2025-02-27 22:31:43,297 - INFO - episode:1384 totalReward:31.386657663216887 Actions:[[8, 0], [6, 4], [5, 2], [3, 5], [7, 5], [1, 1], [4, 4], [0, 3], [9, 1], [2, 4]]
2025-02-27 22:31:43,441 - INFO - episode:1385 totalReward:16.10309631789733 Actions:[[7, 3], [0, 1], [8, 5], [5, 4], [4, 0], [1, 1], [2, 2], [3, 0], [9, 4], [6, 0]]
2025-02-27 22:31:43,617 - INFO - episode:1386 totalReward:13.403016918301185 Actions:[[1, 2], [7, 4], [0, 0], [5, 4], [6, 0], [9, 2], [8, 1], [4, 0], [3, 5], [2, 4]]
2025-02-27 22:31:43,875 - INFO - episode:1387 totalReward:20.694448773203742 Actions:[[1, 2], [8, 0], [9, 1], [3, 3], [2, 3], [6, 2], [7, 4], [4, 4], [0, 1], [5, 4]]
2025-02-27 22:31:44,053 - INFO - episode:1388 totalReward:29.530062515091007 Actions:[[8, 3], [5, 5], [3, 0], [1, 4], [9, 1], [0, 2], [6, 2], [4, 5], [2, 2], [7, 5]]
2025-02-27 22:31:44,291 - INFO - episode:1389 totalReward:15.340563158727473 Actions:[[1, 5], [4, 3], [0, 5], [7, 3], [9, 4], [6, 0], [3, 1], [8, 2], [2, 3], [5, 3]]
2025-02-27 22:31:44,483 - INFO - episode:1390 totalReward:16.63133984099315 Actions:[[8, 3], [6, 5], [4, 0], [1, 0], [2, 2], [5, 2], [3, 4], [9, 1], [7, 2], [0, 1]]
2025-02-27 22:31:44,735 - INFO - episode:1391 totalReward:25.205973017193923 Actions:[[8, 0], [6, 2], [2, 5], [5, 3], [3, 1], [0, 1], [4, 4], [7, 3], [1, 2], [9, 3]]
2025-02-27 22:31:44,980 - INFO - episode:1392 totalReward:21.738060585298008 Actions:[[8, 3], [1, 4], [4, 2], [6, 4], [2, 1], [3, 2], [7, 5], [0, 1], [5, 2], [9, 5]]
2025-02-27 22:31:45,323 - INFO - episode:1393 totalReward:10.354798539180509 Actions:[[8, 3], [7, 4], [3, 1], [1, 2], [6, 0], [4, 1], [5, 2], [9, 1], [0, 5], [2, 1]]
2025-02-27 22:31:45,541 - INFO - episode:1394 totalReward:13.512568833341623 Actions:[[4, 3], [3, 3], [6, 0], [5, 3], [0, 0], [7, 4], [2, 0], [1, 1], [9, 1], [8, 5]]
2025-02-27 22:31:45,757 - INFO - episode:1395 totalReward:0 Actions:[[6, 0], [4, 0], [5, 4], [1, 2], [7, 2], [9, 3], [3, 5], [2, 1], [0, 0]]
2025-02-27 22:31:46,054 - INFO - episode:1396 totalReward:29.77867121416603 Actions:[[1, 5], [8, 0], [6, 3], [7, 1], [2, 2], [0, 5], [5, 4], [9, 4], [3, 2], [4, 1]]
2025-02-27 22:31:46,301 - INFO - episode:1397 totalReward:14.367895138876822 Actions:[[8, 3], [9, 5], [2, 2], [6, 2], [3, 0], [1, 4], [4, 5], [5, 2], [7, 0], [0, 5]]
2025-02-27 22:31:46,594 - INFO - episode:1398 totalReward:20.031629087736835 Actions:[[8, 3], [6, 0], [4, 0], [0, 0], [7, 5], [5, 4], [2, 2], [3, 4], [1, 2], [9, 1]]
2025-02-27 22:31:46,870 - INFO - episode:1399 totalReward:18.93372653289194 Actions:[[8, 0], [3, 5], [6, 1], [9, 1], [0, 3], [2, 1], [5, 3], [7, 4], [4, 3], [1, 2]]
2025-02-27 22:31:47,064 - INFO - episode:1400 totalReward:10.393008951665253 Actions:[[8, 0], [9, 2], [5, 4], [4, 2], [2, 4], [7, 5], [0, 3], [6, 4], [1, 5], [3, 4]]
2025-02-27 22:31:47,188 - INFO - episode:1401 totalReward:11.099952456444953 Actions:[[8, 3], [2, 0], [1, 4], [0, 1], [4, 1], [9, 1], [6, 2], [5, 4], [7, 5], [3, 1]]
2025-02-27 22:31:47,259 - INFO - episode:1402 totalReward:26.15710563292133 Actions:[[8, 3], [2, 0], [1, 4], [7, 4], [5, 2], [9, 5], [4, 1], [3, 5], [6, 2], [0, 1]]
2025-02-27 22:31:47,431 - INFO - episode:1403 totalReward:11.439818001632235 Actions:[[8, 3], [2, 0], [1, 4], [4, 0], [3, 0], [9, 1], [6, 2], [0, 1], [5, 1], [7, 2]]
2025-02-27 22:31:47,502 - INFO - episode:1404 totalReward:28.0959827981659 Actions:[[8, 3], [2, 0], [1, 4], [5, 5], [6, 5], [7, 5], [4, 2], [9, 4], [3, 1], [0, 1]]
2025-02-27 22:31:47,716 - INFO - episode:1405 totalReward:10.33815856677675 Actions:[[8, 3], [2, 0], [1, 4], [6, 0], [5, 5], [0, 4], [4, 5], [9, 0], [3, 5], [7, 2]]
2025-02-27 22:31:47,859 - INFO - episode:1406 totalReward:48.893596273880505 Actions:[[8, 3], [2, 0], [1, 4], [3, 2], [4, 4], [7, 5], [0, 1], [5, 0], [9, 1], [6, 2]]
2025-02-27 22:31:47,996 - INFO - episode:1407 totalReward:43.24069277042214 Actions:[[8, 3], [2, 0], [1, 4], [3, 5], [7, 5], [6, 2], [4, 2], [0, 1], [5, 2], [9, 0]]
2025-02-27 22:31:48,211 - INFO - episode:1408 totalReward:9.32470397570015 Actions:[[8, 1], [6, 0], [1, 2], [7, 2], [2, 0], [0, 3], [5, 0], [3, 3], [4, 0], [9, 4]]
2025-02-27 22:31:48,374 - INFO - episode:1409 totalReward:11.390610475944081 Actions:[[8, 4], [6, 0], [3, 3], [9, 0], [1, 2], [2, 3], [0, 2], [5, 1], [4, 1], [7, 3]]
2025-02-27 22:31:49,244 - INFO - episode:1410 totalReward:30.359260125443743 Actions:[[3, 0], [1, 0], [7, 1], [2, 2], [6, 3], [4, 5], [0, 2], [9, 1], [5, 2], [8, 4]]
2025-02-27 22:31:49,414 - INFO - episode:1411 totalReward:17.893903125032352 Actions:[[8, 3], [5, 0], [9, 0], [4, 4], [3, 4], [7, 1], [0, 1], [2, 1], [1, 5], [6, 2]]
2025-02-27 22:31:49,557 - INFO - episode:1412 totalReward:10.470452425375205 Actions:[[1, 5], [9, 3], [3, 0], [8, 1], [0, 0], [7, 2], [6, 3], [4, 0], [2, 2], [5, 0]]
2025-02-27 22:31:49,829 - INFO - episode:1413 totalReward:25.554236097731955 Actions:[[1, 5], [7, 3], [9, 0], [2, 0], [5, 2], [0, 5], [3, 0], [4, 2], [6, 4], [8, 1]]
2025-02-27 22:31:50,116 - INFO - episode:1414 totalReward:19.981925543617184 Actions:[[8, 3], [6, 0], [4, 1], [2, 5], [9, 2], [1, 2], [3, 5], [7, 4], [5, 0], [0, 0]]
2025-02-27 22:31:50,377 - INFO - episode:1415 totalReward:22.694958721348403 Actions:[[8, 4], [5, 5], [3, 5], [2, 0], [7, 3], [4, 3], [0, 5], [9, 1], [6, 2], [1, 2]]
2025-02-27 22:31:50,530 - INFO - episode:1416 totalReward:19.44902871799393 Actions:[[8, 3], [6, 0], [9, 5], [2, 2], [1, 4], [4, 0], [5, 2], [7, 0], [0, 4], [3, 5]]
2025-02-27 22:31:50,713 - INFO - episode:1417 totalReward:8.731718972183273 Actions:[[8, 3], [2, 0], [4, 4], [1, 1], [5, 5], [0, 4], [7, 4], [6, 5], [3, 5], [9, 1]]
2025-02-27 22:31:50,944 - INFO - episode:1418 totalReward:31.922761983479052 Actions:[[8, 3], [6, 0], [4, 0], [0, 5], [7, 1], [1, 1], [3, 4], [2, 5], [5, 0], [9, 2]]
2025-02-27 22:31:51,154 - INFO - episode:1419 totalReward:20.8114764492198 Actions:[[8, 1], [0, 2], [7, 3], [4, 4], [1, 4], [3, 5], [5, 0], [9, 3], [2, 2], [6, 0]]
2025-02-27 22:31:51,319 - INFO - episode:1420 totalReward:17.671945385467506 Actions:[[8, 3], [1, 2], [2, 1], [5, 0], [3, 0], [6, 1], [0, 2], [4, 5], [9, 0], [7, 5]]
2025-02-27 22:31:51,686 - INFO - episode:1421 totalReward:19.975193953655918 Actions:[[8, 3], [5, 0], [3, 4], [9, 2], [6, 2], [2, 0], [0, 4], [4, 2], [7, 0], [1, 1]]
2025-02-27 22:31:51,897 - INFO - episode:1422 totalReward:17.26703840445034 Actions:[[8, 3], [2, 0], [5, 2], [1, 4], [0, 1], [9, 4], [7, 1], [6, 2], [4, 2], [3, 5]]
2025-02-27 22:31:52,143 - INFO - episode:1423 totalReward:14.185795217025294 Actions:[[8, 3], [5, 0], [6, 5], [2, 5], [1, 1], [9, 5], [0, 1], [7, 5], [3, 2], [4, 2]]
2025-02-27 22:31:52,401 - INFO - episode:1424 totalReward:15.687814973759831 Actions:[[8, 3], [2, 0], [6, 1], [1, 0], [5, 1], [9, 1], [4, 2], [0, 5], [7, 5], [3, 4]]
2025-02-27 22:31:52,637 - INFO - episode:1425 totalReward:10.367669380745363 Actions:[[8, 3], [5, 0], [2, 1], [7, 0], [0, 0], [9, 1], [4, 4], [3, 2], [6, 0], [1, 4]]
2025-02-27 22:31:52,919 - INFO - episode:1426 totalReward:15.921760507691918 Actions:[[7, 4], [1, 0], [8, 3], [9, 2], [2, 2], [6, 4], [5, 0], [4, 1], [3, 5], [0, 4]]
2025-02-27 22:31:53,184 - INFO - episode:1427 totalReward:22.696097168306952 Actions:[[8, 3], [1, 1], [7, 4], [5, 0], [6, 5], [9, 5], [0, 1], [4, 2], [2, 0], [3, 0]]
2025-02-27 22:31:53,406 - INFO - episode:1428 totalReward:15.665361307548528 Actions:[[8, 3], [6, 0], [3, 0], [9, 2], [5, 4], [7, 2], [1, 5], [2, 4], [0, 0], [4, 2]]
2025-02-27 22:31:53,674 - INFO - episode:1429 totalReward:28.638892231985356 Actions:[[7, 3], [2, 0], [1, 1], [6, 3], [0, 5], [3, 2], [4, 3], [9, 1], [5, 2], [8, 4]]
2025-02-27 22:31:54,003 - INFO - episode:1430 totalReward:14.35777687796619 Actions:[[8, 3], [6, 0], [7, 0], [1, 4], [0, 2], [5, 4], [9, 2], [4, 1], [3, 2], [2, 0]]
2025-02-27 22:31:54,221 - INFO - episode:1431 totalReward:7.742208546407638 Actions:[[8, 3], [0, 4], [2, 0], [9, 2], [6, 4], [3, 2], [5, 2], [4, 2], [7, 4], [1, 0]]
2025-02-27 22:31:54,452 - INFO - episode:1432 totalReward:15.76673869097528 Actions:[[8, 3], [7, 1], [9, 4], [6, 2], [0, 0], [5, 2], [4, 4], [3, 0], [1, 5], [2, 0]]
2025-02-27 22:31:54,763 - INFO - episode:1433 totalReward:12.768700588683599 Actions:[[8, 3], [7, 5], [0, 4], [2, 0], [9, 0], [3, 2], [5, 0], [6, 1], [1, 1], [4, 4]]
2025-02-27 22:31:54,925 - INFO - episode:1434 totalReward:8.458412634947734 Actions:[[8, 3], [9, 1], [4, 0], [2, 1], [7, 2], [6, 2], [5, 0], [1, 4], [3, 2], [0, 2]]
2025-02-27 22:31:55,197 - INFO - episode:1435 totalReward:19.52614219342466 Actions:[[8, 3], [6, 0], [0, 4], [5, 0], [4, 1], [9, 0], [2, 5], [7, 1], [1, 5], [3, 4]]
2025-02-27 22:31:55,389 - INFO - episode:1436 totalReward:12.144830557291272 Actions:[[2, 4], [8, 3], [3, 2], [1, 4], [0, 0], [4, 0], [5, 2], [7, 1], [9, 0], [6, 5]]
2025-02-27 22:31:55,694 - INFO - episode:1437 totalReward:12.265967802020718 Actions:[[8, 3], [4, 5], [5, 0], [6, 4], [7, 4], [1, 5], [3, 1], [9, 2], [2, 0], [0, 4]]
2025-02-27 22:31:55,868 - INFO - episode:1438 totalReward:12.627459165889713 Actions:[[8, 1], [1, 0], [2, 3], [6, 2], [5, 5], [3, 4], [9, 4], [0, 4], [7, 2], [4, 4]]
2025-02-27 22:31:56,027 - INFO - episode:1439 totalReward:13.883521409025178 Actions:[[8, 3], [3, 4], [2, 0], [0, 0], [6, 0], [7, 2], [9, 5], [5, 0], [4, 5], [1, 2]]
2025-02-27 22:31:56,294 - INFO - episode:1440 totalReward:7.76503346094194 Actions:[[8, 3], [5, 5], [2, 5], [0, 5], [3, 5], [9, 2], [7, 2], [6, 2], [1, 0], [4, 2]]
2025-02-27 22:31:56,686 - INFO - episode:1441 totalReward:12.439445595267756 Actions:[[8, 3], [2, 0], [9, 5], [6, 0], [7, 2], [4, 0], [0, 0], [3, 4], [5, 1], [1, 2]]
2025-02-27 22:31:56,898 - INFO - episode:1442 totalReward:12.912562133932102 Actions:[[8, 3], [5, 2], [0, 4], [1, 1], [3, 2], [4, 4], [2, 0], [7, 0], [9, 0], [6, 0]]
2025-02-27 22:31:57,281 - INFO - episode:1443 totalReward:12.851082175671115 Actions:[[8, 3], [0, 5], [6, 1], [5, 4], [9, 2], [1, 2], [3, 0], [4, 5], [7, 5], [2, 1]]
2025-02-27 22:31:57,646 - INFO - episode:1444 totalReward:14.203991839385944 Actions:[[6, 4], [8, 3], [9, 5], [2, 0], [7, 0], [4, 5], [5, 4], [0, 4], [3, 0], [1, 2]]
2025-02-27 22:31:57,916 - INFO - episode:1445 totalReward:18.5212899569888 Actions:[[8, 3], [6, 0], [4, 2], [2, 1], [0, 0], [3, 0], [9, 5], [5, 4], [7, 2], [1, 1]]
2025-02-27 22:31:58,205 - INFO - episode:1446 totalReward:7.653550106922753 Actions:[[8, 3], [7, 0], [9, 5], [1, 5], [2, 4], [3, 0], [6, 1], [4, 0], [5, 0], [0, 1]]
2025-02-27 22:31:58,395 - INFO - episode:1447 totalReward:12.092439541944623 Actions:[[9, 5], [8, 3], [5, 1], [6, 2], [7, 5], [1, 0], [0, 4], [4, 4], [2, 1], [3, 4]]
2025-02-27 22:31:58,629 - INFO - episode:1448 totalReward:23.641553419007586 Actions:[[8, 3], [0, 5], [2, 2], [5, 1], [9, 5], [7, 0], [6, 2], [4, 4], [1, 4], [3, 0]]
2025-02-27 22:31:58,830 - INFO - episode:1449 totalReward:13.463134045077886 Actions:[[8, 3], [5, 0], [1, 1], [0, 5], [4, 2], [6, 0], [9, 1], [3, 0], [2, 2], [7, 0]]
2025-02-27 22:31:59,052 - INFO - episode:1450 totalReward:16.5079757774079 Actions:[[8, 3], [4, 0], [7, 5], [5, 4], [3, 0], [2, 1], [6, 0], [9, 2], [1, 4], [0, 1]]
2025-02-27 22:31:59,310 - INFO - episode:1451 totalReward:11.515599296469137 Actions:[[8, 3], [4, 2], [5, 5], [2, 2], [1, 4], [0, 5], [9, 0], [6, 0], [7, 4], [3, 5]]
2025-02-27 22:31:59,671 - INFO - episode:1452 totalReward:12.909555487274957 Actions:[[8, 3], [6, 0], [3, 2], [5, 4], [0, 4], [2, 1], [9, 1], [7, 4], [4, 0], [1, 2]]
2025-02-27 22:31:59,846 - INFO - episode:1453 totalReward:16.10552962340278 Actions:[[8, 3], [9, 1], [6, 2], [0, 0], [1, 2], [2, 1], [3, 0], [7, 5], [4, 0], [5, 4]]
2025-02-27 22:32:00,237 - INFO - episode:1454 totalReward:44.9513288350191 Actions:[[8, 3], [2, 4], [1, 5], [0, 5], [5, 2], [9, 0], [7, 1], [4, 2], [3, 0], [6, 4]]
2025-02-27 22:32:00,740 - INFO - episode:1455 totalReward:21.488410131321842 Actions:[[8, 3], [3, 5], [5, 4], [1, 4], [7, 0], [4, 2], [6, 1], [9, 2], [2, 1], [0, 0]]
2025-02-27 22:32:00,969 - INFO - episode:1456 totalReward:12.776495628915223 Actions:[[8, 3], [5, 1], [6, 4], [2, 5], [7, 1], [0, 1], [3, 0], [1, 2], [9, 5], [4, 0]]
2025-02-27 22:32:01,164 - INFO - episode:1457 totalReward:13.983601190539643 Actions:[[8, 3], [2, 4], [1, 4], [3, 0], [6, 2], [5, 0], [7, 2], [4, 2], [9, 0], [0, 5]]
2025-02-27 22:32:01,379 - INFO - episode:1458 totalReward:29.32195618206718 Actions:[[8, 3], [3, 4], [7, 2], [6, 4], [0, 5], [4, 1], [9, 0], [5, 0], [1, 2], [2, 5]]
2025-02-27 22:32:01,596 - INFO - episode:1459 totalReward:21.82122149076986 Actions:[[8, 3], [2, 1], [9, 5], [1, 4], [0, 4], [3, 2], [6, 0], [5, 1], [7, 2], [4, 1]]
2025-02-27 22:32:01,889 - INFO - episode:1460 totalReward:7.740402821337458 Actions:[[8, 3], [0, 2], [7, 2], [5, 4], [4, 4], [6, 2], [3, 2], [9, 1], [1, 0], [2, 4]]
2025-02-27 22:32:02,280 - INFO - episode:1461 totalReward:18.87810673283235 Actions:[[8, 3], [5, 4], [0, 2], [4, 4], [9, 2], [1, 1], [6, 0], [7, 1], [3, 0], [2, 0]]
2025-02-27 22:32:02,535 - INFO - episode:1462 totalReward:11.786173500941878 Actions:[[8, 3], [3, 5], [5, 4], [7, 1], [4, 5], [6, 5], [0, 1], [2, 4], [9, 0], [1, 0]]
2025-02-27 22:32:02,789 - INFO - episode:1463 totalReward:10.380683624859117 Actions:[[8, 3], [7, 2], [1, 4], [0, 2], [4, 2], [5, 0], [9, 0], [2, 0], [3, 1], [6, 5]]
2025-02-27 22:32:02,942 - INFO - episode:1464 totalReward:11.088874499554667 Actions:[[1, 3], [6, 3], [7, 0], [9, 4], [2, 0], [8, 5], [4, 2], [5, 4], [0, 0], [3, 4]]
2025-02-27 22:32:03,145 - INFO - episode:1465 totalReward:23.82041339402906 Actions:[[8, 3], [5, 2], [4, 4], [9, 0], [2, 5], [1, 4], [0, 1], [7, 2], [3, 5], [6, 2]]
2025-02-27 22:32:03,396 - INFO - episode:1466 totalReward:11.004024394946176 Actions:[[8, 3], [5, 0], [0, 0], [2, 4], [3, 0], [9, 2], [6, 2], [4, 2], [1, 1], [7, 2]]
2025-02-27 22:32:03,758 - INFO - episode:1467 totalReward:11.711774096560797 Actions:[[8, 5], [9, 2], [6, 3], [3, 3], [5, 0], [2, 2], [7, 2], [0, 2], [4, 4], [1, 1]]
2025-02-27 22:32:04,021 - INFO - episode:1468 totalReward:9.438045884384831 Actions:[[8, 3], [5, 0], [3, 0], [2, 1], [0, 1], [9, 1], [6, 2], [4, 4], [7, 1], [1, 4]]
2025-02-27 22:32:04,272 - INFO - episode:1469 totalReward:39.057119753459176 Actions:[[8, 3], [0, 2], [6, 0], [5, 1], [2, 1], [7, 0], [3, 5], [4, 4], [9, 4], [1, 5]]
2025-02-27 22:32:04,495 - INFO - episode:1470 totalReward:11.830577541241956 Actions:[[8, 3], [6, 1], [9, 4], [5, 2], [1, 4], [2, 0], [3, 0], [0, 0], [7, 1], [4, 2]]
2025-02-27 22:32:04,703 - INFO - episode:1471 totalReward:12.772833489292207 Actions:[[8, 3], [9, 0], [3, 1], [4, 1], [2, 4], [6, 4], [5, 0], [7, 4], [0, 5], [1, 5]]
2025-02-27 22:32:04,991 - INFO - episode:1472 totalReward:10.33305123161026 Actions:[[8, 3], [3, 0], [1, 0], [4, 1], [0, 1], [2, 2], [6, 2], [9, 1], [5, 1], [7, 5]]
2025-02-27 22:32:05,292 - INFO - episode:1473 totalReward:17.015540001865897 Actions:[[3, 1], [1, 0], [5, 2], [9, 5], [6, 3], [7, 3], [0, 0], [2, 3], [8, 4], [4, 1]]
2025-02-27 22:32:05,567 - INFO - episode:1474 totalReward:11.394378062384765 Actions:[[8, 3], [5, 0], [2, 1], [0, 4], [3, 1], [6, 1], [7, 4], [9, 0], [4, 0], [1, 5]]
2025-02-27 22:32:06,056 - INFO - episode:1475 totalReward:9.82821030180506 Actions:[[8, 4], [0, 0], [3, 1], [6, 1], [4, 1], [5, 0], [9, 0], [2, 0], [7, 2], [1, 3]]
2025-02-27 22:32:06,397 - INFO - episode:1476 totalReward:8.852782766192371 Actions:[[8, 4], [9, 0], [6, 2], [4, 0], [5, 0], [0, 1], [1, 1], [3, 0], [2, 5], [7, 5]]
2025-02-27 22:32:06,575 - INFO - episode:1477 totalReward:18.63830022073599 Actions:[[8, 3], [3, 5], [9, 0], [1, 4], [6, 0], [2, 2], [4, 5], [0, 1], [7, 1], [5, 0]]
2025-02-27 22:32:06,825 - INFO - episode:1478 totalReward:9.868282010587151 Actions:[[8, 3], [9, 0], [3, 2], [4, 2], [1, 1], [6, 0], [7, 0], [5, 0], [0, 2], [2, 5]]
2025-02-27 22:32:06,976 - INFO - episode:1479 totalReward:41.36905813387137 Actions:[[8, 3], [3, 4], [4, 1], [2, 5], [7, 1], [1, 0], [0, 5], [6, 2], [5, 4], [9, 0]]
2025-02-27 22:32:07,131 - INFO - episode:1480 totalReward:25.311061754111027 Actions:[[8, 3], [9, 0], [3, 0], [5, 4], [1, 5], [4, 4], [7, 1], [6, 0], [0, 2], [2, 5]]
2025-02-27 22:32:07,443 - INFO - episode:1481 totalReward:18.22664850109533 Actions:[[2, 3], [7, 4], [4, 4], [9, 1], [5, 1], [0, 1], [6, 3], [1, 5], [8, 0], [3, 4]]
2025-02-27 22:32:07,682 - INFO - episode:1482 totalReward:44.194751451625145 Actions:[[8, 3], [6, 0], [3, 5], [9, 0], [5, 2], [4, 4], [1, 1], [0, 2], [7, 0], [2, 4]]
2025-02-27 22:32:08,044 - INFO - episode:1483 totalReward:12.517016123929983 Actions:[[8, 3], [9, 4], [7, 0], [1, 1], [4, 4], [2, 5], [0, 5], [3, 0], [5, 4], [6, 4]]
2025-02-27 22:32:08,257 - INFO - episode:1484 totalReward:16.037911474369004 Actions:[[6, 5], [8, 0], [4, 1], [9, 1], [7, 2], [3, 5], [0, 2], [1, 3], [2, 4], [5, 5]]
2025-02-27 22:32:08,629 - INFO - episode:1485 totalReward:12.795746731298642 Actions:[[8, 0], [3, 2], [4, 2], [0, 1], [9, 2], [1, 3], [7, 3], [6, 2], [5, 1], [2, 5]]
2025-02-27 22:32:08,890 - INFO - episode:1486 totalReward:16.015328340863743 Actions:[[8, 0], [4, 1], [0, 5], [9, 1], [5, 2], [1, 5], [3, 1], [6, 2], [7, 2], [2, 3]]
2025-02-27 22:32:09,233 - INFO - episode:1487 totalReward:6.2596552789363376 Actions:[[9, 0], [8, 4], [3, 2], [7, 2], [5, 0], [4, 2], [0, 2], [2, 3], [6, 0], [1, 3]]
2025-02-27 22:32:09,399 - INFO - episode:1488 totalReward:8.677102055169513 Actions:[[8, 3], [2, 4], [1, 1], [3, 1], [7, 2], [9, 4], [0, 2], [6, 2], [5, 2], [4, 5]]
2025-02-27 22:32:09,589 - INFO - episode:1489 totalReward:8.573706266661347 Actions:[[8, 3], [4, 0], [3, 1], [7, 0], [0, 0], [6, 4], [9, 4], [1, 1], [5, 2], [2, 4]]
2025-02-27 22:32:09,784 - INFO - episode:1490 totalReward:26.316214012601307 Actions:[[8, 3], [1, 5], [2, 2], [5, 5], [4, 1], [7, 0], [9, 0], [3, 4], [6, 0], [0, 4]]
2025-02-27 22:32:10,092 - INFO - episode:1491 totalReward:0 Actions:[[1, 3], [3, 2], [7, 3], [0, 4], [6, 5], [4, 2], [9, 5], [5, 0], [2, 1]]
2025-02-27 22:32:10,267 - INFO - episode:1492 totalReward:18.392069757363856 Actions:[[0, 2], [8, 1], [6, 3], [7, 2], [3, 0], [5, 3], [2, 3], [9, 5], [4, 0], [1, 4]]
2025-02-27 22:32:10,418 - INFO - episode:1493 totalReward:49.79583101859727 Actions:[[8, 3], [2, 4], [0, 4], [4, 0], [1, 1], [7, 2], [5, 5], [6, 5], [3, 2], [9, 0]]
2025-02-27 22:32:10,733 - INFO - episode:1494 totalReward:15.70560717773222 Actions:[[8, 3], [7, 5], [4, 2], [0, 4], [6, 1], [9, 4], [2, 4], [1, 5], [5, 1], [3, 0]]
2025-02-27 22:32:10,979 - INFO - episode:1495 totalReward:21.51275991777976 Actions:[[8, 4], [0, 2], [6, 2], [3, 5], [7, 0], [4, 3], [5, 1], [2, 0], [9, 2], [1, 1]]
2025-02-27 22:32:11,123 - INFO - episode:1496 totalReward:35.287974188361154 Actions:[[8, 3], [2, 5], [9, 1], [7, 2], [0, 4], [5, 4], [1, 1], [6, 0], [3, 0], [4, 2]]
2025-02-27 22:32:11,397 - INFO - episode:1497 totalReward:8.878260670999731 Actions:[[4, 3], [2, 2], [0, 5], [7, 5], [6, 1], [5, 3], [1, 2], [3, 5], [9, 5], [8, 0]]
2025-02-27 22:32:11,651 - INFO - episode:1498 totalReward:13.728960150349838 Actions:[[6, 0], [4, 4], [5, 0], [8, 1], [3, 3], [2, 5], [1, 3], [9, 0], [0, 2], [7, 2]]
2025-02-27 22:32:11,939 - INFO - episode:1499 totalReward:10.224025242865066 Actions:[[8, 3], [6, 0], [3, 0], [5, 0], [9, 5], [0, 5], [1, 4], [7, 0], [4, 4], [2, 2]]
2025-02-27 22:32:12,240 - INFO - episode:1500 totalReward:13.434313003825242 Actions:[[8, 3], [4, 0], [2, 4], [0, 1], [3, 0], [6, 0], [5, 1], [9, 1], [7, 4], [1, 5]]
2025-02-27 22:32:12,425 - INFO - episode:1501 totalReward:0 Actions:[[4, 0], [9, 3], [3, 5], [1, 0], [7, 4], [6, 2], [2, 1], [5, 1], [0, 4]]
2025-02-27 22:32:12,601 - INFO - episode:1502 totalReward:19.269381834537477 Actions:[[8, 3], [0, 2], [9, 5], [6, 2], [2, 5], [7, 0], [4, 1], [5, 1], [1, 0], [3, 5]]
2025-02-27 22:32:12,779 - INFO - episode:1503 totalReward:5.749567083251057 Actions:[[8, 0], [1, 1], [5, 2], [3, 2], [9, 2], [7, 3], [6, 3], [0, 3], [4, 3], [2, 2]]
2025-02-27 22:32:13,065 - INFO - episode:1504 totalReward:13.063733101996402 Actions:[[8, 0], [6, 5], [4, 1], [5, 5], [2, 1], [9, 2], [3, 3], [1, 4], [7, 5], [0, 5]]
2025-02-27 22:32:13,276 - INFO - episode:1505 totalReward:11.947234331818676 Actions:[[8, 3], [6, 0], [9, 1], [3, 0], [1, 2], [4, 5], [2, 0], [0, 4], [7, 0], [5, 2]]
2025-02-27 22:32:13,576 - INFO - episode:1506 totalReward:8.913638780951999 Actions:[[5, 0], [1, 0], [8, 3], [2, 2], [3, 4], [0, 4], [9, 5], [6, 4], [4, 2], [7, 4]]
2025-02-27 22:32:13,926 - INFO - episode:1507 totalReward:16.09909151035451 Actions:[[9, 0], [8, 3], [3, 2], [4, 1], [1, 5], [5, 5], [2, 4], [0, 4], [6, 0], [7, 4]]
2025-02-27 22:32:14,121 - INFO - episode:1508 totalReward:13.276285088374141 Actions:[[8, 3], [6, 0], [0, 4], [5, 1], [7, 4], [4, 2], [9, 4], [2, 1], [3, 1], [1, 5]]
2025-02-27 22:32:14,347 - INFO - episode:1509 totalReward:13.190222137413263 Actions:[[8, 3], [9, 5], [2, 2], [3, 1], [1, 5], [6, 4], [5, 1], [0, 4], [7, 2], [4, 4]]
2025-02-27 22:32:14,669 - INFO - episode:1510 totalReward:8.716236094411835 Actions:[[8, 0], [3, 4], [4, 5], [5, 1], [1, 1], [0, 4], [9, 5], [7, 4], [2, 2], [6, 5]]
2025-02-27 22:32:14,847 - INFO - episode:1511 totalReward:23.418301557320596 Actions:[[8, 3], [9, 2], [5, 2], [2, 1], [7, 0], [4, 4], [1, 0], [3, 5], [6, 1], [0, 5]]
2025-02-27 22:32:15,103 - INFO - episode:1512 totalReward:20.462660915191854 Actions:[[8, 3], [5, 0], [4, 2], [7, 2], [2, 5], [0, 1], [9, 1], [3, 2], [6, 4], [1, 0]]
2025-02-27 22:32:15,442 - INFO - episode:1513 totalReward:38.46451585095352 Actions:[[8, 3], [4, 4], [2, 4], [3, 0], [1, 0], [9, 1], [6, 5], [0, 2], [5, 5], [7, 1]]
2025-02-27 22:32:15,676 - INFO - episode:1514 totalReward:35.23510055750277 Actions:[[8, 3], [2, 0], [9, 5], [7, 2], [4, 4], [3, 5], [5, 2], [0, 1], [6, 1], [1, 4]]
2025-02-27 22:32:16,011 - INFO - episode:1515 totalReward:17.951312065122156 Actions:[[8, 3], [4, 0], [7, 2], [5, 2], [0, 4], [3, 1], [9, 0], [6, 1], [2, 2], [1, 4]]
2025-02-27 22:32:16,251 - INFO - episode:1516 totalReward:15.119916874970949 Actions:[[8, 3], [7, 0], [3, 5], [2, 4], [9, 2], [6, 0], [0, 2], [1, 1], [4, 2], [5, 2]]
2025-02-27 22:32:16,609 - INFO - episode:1517 totalReward:6.644677179367549 Actions:[[8, 3], [5, 0], [9, 4], [6, 4], [2, 0], [1, 5], [0, 5], [3, 0], [7, 4], [4, 4]]
2025-02-27 22:32:16,966 - INFO - episode:1518 totalReward:9.580871927597968 Actions:[[6, 3], [8, 2], [2, 1], [1, 3], [9, 4], [0, 4], [7, 1], [3, 4], [4, 1], [5, 4]]
2025-02-27 22:32:17,183 - INFO - episode:1519 totalReward:13.894103899535677 Actions:[[8, 3], [5, 4], [7, 5], [0, 1], [9, 0], [3, 4], [4, 0], [1, 1], [6, 4], [2, 5]]
2025-02-27 22:32:17,309 - INFO - episode:1520 totalReward:20.811476449219803 Actions:[[1, 4], [8, 0], [2, 3], [4, 5], [0, 3], [5, 5], [3, 1], [7, 2], [9, 2], [6, 4]]
2025-02-27 22:32:17,523 - INFO - episode:1521 totalReward:18.394572181797148 Actions:[[8, 3], [0, 1], [6, 5], [5, 2], [4, 1], [1, 5], [3, 2], [7, 4], [9, 2], [2, 0]]
2025-02-27 22:32:17,730 - INFO - episode:1522 totalReward:18.611938020339956 Actions:[[8, 3], [0, 4], [7, 1], [3, 0], [2, 1], [4, 5], [1, 0], [5, 1], [9, 5], [6, 2]]
2025-02-27 22:32:17,979 - INFO - episode:1523 totalReward:13.886973599524586 Actions:[[8, 3], [5, 5], [9, 0], [4, 0], [7, 0], [2, 0], [0, 2], [1, 2], [6, 5], [3, 1]]
2025-02-27 22:32:18,279 - INFO - episode:1524 totalReward:17.81142472340674 Actions:[[8, 3], [4, 2], [3, 4], [1, 2], [9, 0], [5, 1], [6, 0], [7, 5], [0, 4], [2, 1]]
2025-02-27 22:32:18,477 - INFO - episode:1525 totalReward:12.977771611243107 Actions:[[0, 4], [8, 3], [5, 0], [2, 0], [3, 0], [7, 0], [9, 5], [6, 5], [4, 1], [1, 1]]
2025-02-27 22:32:18,721 - INFO - episode:1526 totalReward:7.706629952924684 Actions:[[8, 3], [7, 1], [9, 5], [5, 0], [2, 2], [6, 0], [0, 1], [3, 0], [4, 0], [1, 2]]
2025-02-27 22:32:19,083 - INFO - episode:1527 totalReward:9.590718670857118 Actions:[[8, 3], [9, 1], [7, 4], [5, 1], [4, 4], [6, 1], [0, 5], [3, 1], [2, 2], [1, 0]]
2025-02-27 22:32:19,519 - INFO - episode:1528 totalReward:9.269917420743818 Actions:[[8, 3], [0, 4], [2, 4], [6, 5], [4, 5], [9, 0], [3, 5], [7, 4], [5, 0], [1, 2]]
2025-02-27 22:32:19,798 - INFO - episode:1529 totalReward:9.625017786008051 Actions:[[8, 3], [7, 5], [9, 0], [4, 1], [2, 0], [0, 5], [3, 0], [6, 1], [1, 4], [5, 0]]
2025-02-27 22:32:19,944 - INFO - episode:1530 totalReward:15.920219597406174 Actions:[[8, 3], [5, 1], [3, 5], [1, 2], [6, 4], [7, 0], [2, 0], [4, 5], [9, 0], [0, 5]]
2025-02-27 22:32:20,214 - INFO - episode:1531 totalReward:11.900106714968667 Actions:[[8, 3], [0, 2], [9, 5], [6, 0], [7, 5], [5, 1], [1, 2], [4, 0], [2, 5], [3, 5]]
2025-02-27 22:32:20,496 - INFO - episode:1532 totalReward:13.148497933006325 Actions:[[8, 3], [5, 4], [0, 5], [1, 4], [4, 5], [7, 2], [2, 5], [9, 1], [6, 2], [3, 1]]
2025-02-27 22:32:20,742 - INFO - episode:1533 totalReward:10.182793771895522 Actions:[[8, 3], [3, 5], [2, 0], [0, 0], [4, 2], [6, 0], [9, 2], [7, 1], [5, 0], [1, 1]]
2025-02-27 22:32:21,071 - INFO - episode:1534 totalReward:41.296409939625164 Actions:[[8, 3], [4, 0], [0, 5], [5, 1], [7, 1], [1, 0], [2, 5], [3, 4], [9, 2], [6, 4]]
2025-02-27 22:32:21,337 - INFO - episode:1535 totalReward:10.463748455072752 Actions:[[8, 3], [2, 0], [1, 1], [9, 0], [0, 5], [4, 4], [6, 1], [5, 5], [7, 0], [3, 0]]
2025-02-27 22:32:21,495 - INFO - episode:1536 totalReward:34.312128381002815 Actions:[[8, 3], [6, 0], [5, 2], [9, 1], [4, 2], [3, 1], [1, 5], [2, 4], [7, 1], [0, 4]]
2025-02-27 22:32:21,777 - INFO - episode:1537 totalReward:12.936379671607956 Actions:[[8, 3], [1, 1], [0, 5], [6, 0], [5, 2], [2, 0], [3, 1], [9, 0], [7, 0], [4, 4]]
2025-02-27 22:32:21,949 - INFO - episode:1538 totalReward:14.096708271189161 Actions:[[9, 1], [8, 3], [6, 0], [3, 2], [5, 5], [2, 2], [0, 4], [7, 4], [1, 5], [4, 2]]
2025-02-27 22:32:22,080 - INFO - episode:1539 totalReward:9.667786211111643 Actions:[[8, 3], [5, 0], [6, 4], [7, 0], [4, 0], [0, 5], [3, 5], [1, 4], [2, 5], [9, 0]]
2025-02-27 22:32:22,277 - INFO - episode:1540 totalReward:15.18219851273151 Actions:[[8, 3], [7, 0], [3, 4], [4, 2], [0, 0], [1, 4], [2, 5], [5, 1], [6, 5], [9, 0]]
2025-02-27 22:32:22,589 - INFO - episode:1541 totalReward:17.841763914138 Actions:[[8, 3], [5, 4], [7, 0], [4, 1], [6, 1], [3, 4], [0, 4], [9, 0], [2, 1], [1, 2]]
2025-02-27 22:32:22,871 - INFO - episode:1542 totalReward:51.45926891568199 Actions:[[8, 3], [5, 5], [3, 2], [2, 4], [7, 4], [0, 0], [6, 1], [1, 5], [9, 0], [4, 2]]
2025-02-27 22:32:23,082 - INFO - episode:1543 totalReward:12.858108912576427 Actions:[[8, 3], [2, 5], [6, 0], [9, 2], [5, 5], [4, 1], [3, 4], [0, 1], [7, 1], [1, 2]]
2025-02-27 22:32:23,394 - INFO - episode:1544 totalReward:27.062841234455696 Actions:[[8, 3], [4, 0], [2, 2], [9, 4], [3, 5], [7, 5], [6, 1], [0, 0], [5, 1], [1, 4]]
2025-02-27 22:32:23,680 - INFO - episode:1545 totalReward:16.9496485944643 Actions:[[8, 3], [1, 0], [2, 4], [3, 1], [5, 5], [0, 0], [4, 2], [7, 1], [9, 2], [6, 5]]
2025-02-27 22:32:23,866 - INFO - episode:1546 totalReward:13.06053674138933 Actions:[[9, 0], [7, 0], [4, 2], [0, 3], [5, 2], [6, 4], [3, 0], [1, 4], [2, 3], [8, 1]]
2025-02-27 22:32:24,429 - INFO - episode:1547 totalReward:11.714548862994873 Actions:[[8, 3], [9, 5], [7, 1], [0, 2], [3, 4], [4, 5], [6, 4], [5, 4], [2, 4], [1, 2]]
2025-02-27 22:32:24,667 - INFO - episode:1548 totalReward:36.28618161232256 Actions:[[8, 3], [1, 2], [5, 1], [3, 1], [2, 5], [0, 0], [9, 5], [4, 5], [6, 0], [7, 4]]
2025-02-27 22:32:24,913 - INFO - episode:1549 totalReward:15.99281995202688 Actions:[[8, 3], [6, 0], [7, 1], [9, 4], [0, 1], [3, 5], [5, 1], [1, 0], [4, 2], [2, 4]]
2025-02-27 22:32:25,100 - INFO - episode:1550 totalReward:13.148497933006324 Actions:[[8, 3], [3, 4], [1, 0], [5, 0], [0, 1], [7, 2], [4, 1], [2, 1], [9, 2], [6, 4]]
2025-02-27 22:32:25,301 - INFO - episode:1551 totalReward:18.014547050389037 Actions:[[8, 3], [0, 1], [7, 1], [4, 5], [9, 0], [1, 0], [6, 2], [2, 5], [3, 2], [5, 4]]
2025-02-27 22:32:25,497 - INFO - episode:1552 totalReward:15.551003098053432 Actions:[[9, 0], [2, 0], [7, 0], [8, 4], [1, 1], [4, 1], [5, 3], [0, 2], [6, 3], [3, 3]]
2025-02-27 22:32:25,757 - INFO - episode:1553 totalReward:31.69943693414016 Actions:[[8, 3], [0, 0], [5, 2], [2, 4], [6, 0], [7, 5], [4, 5], [9, 4], [1, 1], [3, 5]]
2025-02-27 22:32:26,053 - INFO - episode:1554 totalReward:26.74681938578648 Actions:[[8, 3], [3, 4], [0, 0], [4, 5], [2, 2], [6, 4], [7, 4], [5, 1], [9, 5], [1, 1]]
2025-02-27 22:32:26,237 - INFO - episode:1555 totalReward:11.15108427848762 Actions:[[8, 3], [4, 1], [2, 1], [9, 5], [0, 1], [3, 1], [5, 0], [1, 4], [6, 5], [7, 2]]
2025-02-27 22:32:26,386 - INFO - episode:1556 totalReward:26.953859712650843 Actions:[[8, 3], [4, 0], [6, 5], [5, 2], [9, 5], [0, 2], [7, 4], [2, 2], [1, 1], [3, 1]]
2025-02-27 22:32:26,534 - INFO - episode:1557 totalReward:19.683729384923204 Actions:[[8, 4], [3, 5], [5, 5], [4, 0], [1, 0], [0, 3], [2, 2], [7, 3], [6, 2], [9, 1]]
2025-02-27 22:32:26,749 - INFO - episode:1558 totalReward:22.078187245094362 Actions:[[8, 5], [6, 0], [0, 3], [2, 4], [9, 1], [4, 4], [3, 3], [5, 2], [1, 0], [7, 4]]
2025-02-27 22:32:27,025 - INFO - episode:1559 totalReward:12.459497212258546 Actions:[[8, 5], [7, 3], [2, 2], [1, 1], [5, 1], [0, 2], [9, 4], [3, 3], [6, 2], [4, 4]]
2025-02-27 22:32:27,241 - INFO - episode:1560 totalReward:16.53556099708923 Actions:[[8, 3], [3, 2], [2, 4], [9, 0], [4, 4], [5, 1], [0, 4], [1, 1], [7, 2], [6, 5]]
2025-02-27 22:32:27,456 - INFO - episode:1561 totalReward:12.932446677836088 Actions:[[8, 3], [2, 0], [3, 1], [1, 0], [7, 5], [0, 5], [5, 5], [4, 4], [6, 4], [9, 2]]
2025-02-27 22:32:27,885 - INFO - episode:1562 totalReward:19.448590213149423 Actions:[[8, 3], [9, 5], [6, 0], [2, 1], [4, 0], [0, 2], [7, 5], [5, 2], [3, 5], [1, 1]]
2025-02-27 22:32:28,034 - INFO - episode:1563 totalReward:12.80971724898689 Actions:[[8, 3], [2, 5], [6, 4], [5, 0], [0, 4], [4, 4], [1, 0], [3, 5], [7, 2], [9, 2]]
2025-02-27 22:32:28,222 - INFO - episode:1564 totalReward:12.813852627829693 Actions:[[8, 3], [3, 5], [7, 4], [6, 1], [0, 4], [1, 2], [4, 1], [9, 1], [2, 2], [5, 5]]
2025-02-27 22:32:28,418 - INFO - episode:1565 totalReward:13.93048431051749 Actions:[[8, 3], [1, 4], [2, 0], [3, 1], [0, 4], [4, 2], [7, 0], [9, 0], [5, 0], [6, 1]]
2025-02-27 22:32:28,666 - INFO - episode:1566 totalReward:14.299398795109546 Actions:[[8, 3], [2, 0], [9, 2], [6, 4], [4, 4], [7, 0], [3, 0], [5, 2], [0, 5], [1, 5]]
2025-02-27 22:32:28,905 - INFO - episode:1567 totalReward:13.344492409949789 Actions:[[8, 3], [4, 0], [3, 5], [0, 5], [9, 5], [5, 2], [2, 2], [1, 4], [6, 5], [7, 0]]
2025-02-27 22:32:29,179 - INFO - episode:1568 totalReward:15.301992038253374 Actions:[[8, 3], [2, 0], [1, 0], [5, 5], [7, 5], [4, 5], [6, 2], [3, 4], [0, 2], [9, 5]]
2025-02-27 22:32:29,550 - INFO - episode:1569 totalReward:14.399952023685097 Actions:[[8, 3], [9, 0], [1, 4], [5, 2], [3, 0], [7, 2], [4, 0], [2, 4], [0, 1], [6, 5]]
2025-02-27 22:32:29,749 - INFO - episode:1570 totalReward:9.971719083451744 Actions:[[8, 3], [5, 1], [2, 1], [6, 1], [1, 0], [7, 4], [3, 1], [4, 2], [9, 0], [0, 2]]
2025-02-27 22:32:30,162 - INFO - episode:1571 totalReward:27.062841234455696 Actions:[[8, 3], [4, 0], [6, 1], [9, 4], [0, 1], [7, 5], [5, 4], [3, 5], [2, 2], [1, 2]]
2025-02-27 22:32:30,455 - INFO - episode:1572 totalReward:15.085044636475446 Actions:[[8, 3], [7, 4], [9, 2], [5, 2], [3, 5], [2, 2], [1, 0], [0, 0], [4, 4], [6, 2]]
2025-02-27 22:32:30,707 - INFO - episode:1573 totalReward:14.926219528358505 Actions:[[3, 3], [0, 0], [6, 2], [1, 0], [9, 3], [4, 5], [5, 5], [7, 3], [2, 5], [8, 1]]
2025-02-27 22:32:31,040 - INFO - episode:1574 totalReward:40.71467427593715 Actions:[[8, 3], [2, 4], [7, 2], [6, 5], [3, 0], [1, 2], [5, 5], [0, 4], [4, 1], [9, 1]]
2025-02-27 22:32:31,171 - INFO - episode:1575 totalReward:28.070679387559373 Actions:[[9, 4], [8, 3], [5, 0], [6, 5], [2, 0], [3, 4], [1, 5], [0, 2], [4, 1], [7, 0]]
2025-02-27 22:32:31,458 - INFO - episode:1576 totalReward:18.890481132009143 Actions:[[8, 3], [9, 5], [5, 5], [4, 2], [7, 0], [6, 1], [2, 1], [3, 4], [0, 0], [1, 4]]
2025-02-27 22:32:31,821 - INFO - episode:1577 totalReward:12.665501753373068 Actions:[[8, 4], [0, 3], [1, 1], [6, 0], [9, 3], [4, 3], [2, 3], [3, 5], [7, 0], [5, 5]]
2025-02-27 22:32:32,191 - INFO - episode:1578 totalReward:8.957613197497695 Actions:[[6, 5], [9, 5], [4, 5], [2, 5], [8, 2], [3, 4], [0, 4], [1, 0], [7, 3], [5, 4]]
2025-02-27 22:32:32,351 - INFO - episode:1579 totalReward:15.054686777628891 Actions:[[1, 2], [5, 1], [8, 4], [6, 3], [7, 2], [4, 5], [3, 5], [9, 0], [0, 3], [2, 3]]
2025-02-27 22:32:32,581 - INFO - episode:1580 totalReward:49.98617719169151 Actions:[[3, 3], [1, 2], [7, 2], [0, 0], [6, 3], [4, 5], [5, 5], [9, 0], [2, 1], [8, 4]]
2025-02-27 22:32:32,841 - INFO - episode:1581 totalReward:0 Actions:[[1, 2], [5, 2], [7, 5], [0, 4], [3, 0], [4, 1], [9, 0], [2, 0], [6, 3]]
2025-02-27 22:32:33,092 - INFO - episode:1582 totalReward:19.644999460362865 Actions:[[8, 4], [5, 5], [6, 2], [9, 5], [4, 3], [0, 0], [3, 5], [1, 0], [2, 2], [7, 3]]
2025-02-27 22:32:33,333 - INFO - episode:1583 totalReward:19.69928522304786 Actions:[[8, 3], [9, 2], [7, 5], [3, 1], [6, 1], [2, 0], [1, 0], [0, 4], [5, 5], [4, 2]]
2025-02-27 22:32:33,593 - INFO - episode:1584 totalReward:10.648110100342572 Actions:[[8, 4], [1, 0], [7, 0], [5, 1], [3, 2], [9, 3], [6, 3], [2, 3], [4, 3], [0, 2]]
2025-02-27 22:32:33,810 - INFO - episode:1585 totalReward:13.208586926195473 Actions:[[8, 4], [5, 0], [4, 2], [3, 3], [9, 1], [0, 3], [7, 0], [2, 3], [1, 2], [6, 1]]
2025-02-27 22:32:34,018 - INFO - episode:1586 totalReward:13.185446587854345 Actions:[[8, 3], [5, 5], [9, 4], [0, 5], [1, 0], [7, 5], [4, 1], [2, 5], [3, 2], [6, 4]]
2025-02-27 22:32:34,394 - INFO - episode:1587 totalReward:29.07715543922357 Actions:[[9, 3], [6, 5], [1, 1], [0, 4], [4, 2], [7, 1], [3, 4], [2, 3], [8, 0], [5, 2]]
2025-02-27 22:32:34,621 - INFO - episode:1588 totalReward:41.903719117584686 Actions:[[8, 3], [1, 5], [0, 1], [2, 5], [9, 0], [6, 2], [4, 2], [3, 1], [5, 0], [7, 4]]
2025-02-27 22:32:35,128 - INFO - episode:1589 totalReward:38.12055334579993 Actions:[[6, 4], [2, 3], [4, 5], [1, 2], [9, 0], [3, 2], [5, 5], [7, 4], [0, 0], [8, 1]]
2025-02-27 22:32:35,338 - INFO - episode:1590 totalReward:14.282648980467014 Actions:[[8, 3], [7, 5], [6, 0], [4, 1], [3, 0], [1, 2], [9, 0], [0, 4], [2, 4], [5, 4]]
2025-02-27 22:32:35,599 - INFO - episode:1591 totalReward:16.53487565047571 Actions:[[8, 3], [9, 4], [2, 1], [7, 5], [0, 5], [3, 1], [5, 1], [1, 2], [6, 0], [4, 0]]
2025-02-27 22:32:35,838 - INFO - episode:1592 totalReward:24.29984230231643 Actions:[[8, 3], [6, 4], [3, 0], [1, 4], [0, 5], [5, 2], [4, 5], [2, 2], [9, 1], [7, 0]]
2025-02-27 22:32:36,090 - INFO - episode:1593 totalReward:16.807408501366474 Actions:[[8, 3], [3, 2], [2, 2], [9, 4], [6, 5], [4, 5], [5, 4], [0, 2], [7, 5], [1, 0]]
2025-02-27 22:32:36,423 - INFO - episode:1594 totalReward:9.392457661596511 Actions:[[8, 3], [6, 0], [3, 0], [9, 0], [1, 2], [4, 0], [0, 2], [2, 4], [7, 4], [5, 4]]
2025-02-27 22:32:36,693 - INFO - episode:1595 totalReward:15.617376600912907 Actions:[[6, 2], [8, 3], [4, 0], [9, 1], [0, 5], [3, 4], [7, 5], [2, 1], [1, 2], [5, 1]]
2025-02-27 22:32:36,899 - INFO - episode:1596 totalReward:16.74000041434191 Actions:[[8, 3], [4, 0], [7, 2], [6, 4], [2, 2], [3, 2], [0, 4], [5, 0], [9, 0], [1, 1]]
2025-02-27 22:32:37,173 - INFO - episode:1597 totalReward:8.157113248925901 Actions:[[8, 3], [5, 0], [3, 4], [1, 4], [4, 1], [9, 0], [0, 0], [7, 1], [2, 0], [6, 5]]
2025-02-27 22:32:37,314 - INFO - episode:1598 totalReward:16.530503372754787 Actions:[[8, 3], [6, 2], [4, 1], [5, 5], [9, 2], [7, 2], [2, 2], [3, 0], [0, 4], [1, 1]]
2025-02-27 22:32:37,491 - INFO - episode:1599 totalReward:14.765755163392178 Actions:[[8, 3], [6, 0], [3, 1], [4, 2], [9, 0], [5, 5], [0, 1], [7, 0], [1, 4], [2, 4]]
2025-02-27 22:32:37,640 - INFO - episode:1600 totalReward:25.35241015078075 Actions:[[8, 3], [7, 5], [0, 2], [5, 1], [6, 1], [3, 1], [1, 5], [2, 4], [4, 4], [9, 0]]
2025-02-27 22:32:37,753 - INFO - episode:1601 totalReward:16.090546873938887 Actions:[[8, 3], [6, 2], [0, 2], [2, 1], [3, 1], [1, 0], [4, 2], [7, 5], [5, 1], [9, 4]]
2025-02-27 22:32:37,919 - INFO - episode:1602 totalReward:13.831411635413822 Actions:[[8, 3], [5, 0], [1, 4], [9, 2], [2, 5], [7, 2], [4, 4], [3, 2], [6, 2], [0, 1]]
2025-02-27 22:32:37,978 - INFO - episode:1603 totalReward:9.787248943418213 Actions:[[3, 3], [8, 1], [5, 5], [1, 0], [6, 4], [2, 2], [4, 0], [0, 3], [9, 3], [7, 3]]
2025-02-27 22:32:38,164 - INFO - episode:1604 totalReward:41.78418563867827 Actions:[[8, 3], [4, 5], [2, 1], [7, 4], [5, 1], [9, 5], [3, 0], [6, 0], [0, 2], [1, 4]]
2025-02-27 22:32:38,204 - INFO - episode:1605 totalReward:53.397794967064165 Actions:[[8, 3], [4, 2], [1, 1], [7, 0], [6, 4], [3, 0], [0, 5], [9, 2], [2, 1], [5, 4]]
2025-02-27 22:32:38,331 - INFO - episode:1606 totalReward:22.696097168306952 Actions:[[8, 3], [6, 1], [2, 4], [1, 5], [0, 4], [7, 1], [9, 2], [5, 5], [4, 0], [3, 4]]
2025-02-27 22:32:38,477 - INFO - episode:1607 totalReward:7.386274106887348 Actions:[[8, 3], [0, 1], [2, 0], [3, 1], [7, 1], [4, 1], [6, 4], [5, 4], [9, 4], [1, 2]]
2025-02-27 22:32:38,653 - INFO - episode:1608 totalReward:0 Actions:[[5, 4], [4, 2], [2, 1], [3, 3], [0, 5], [7, 4], [1, 0], [9, 3], [6, 2]]
2025-02-27 22:32:38,819 - INFO - episode:1609 totalReward:9.722548315326916 Actions:[[8, 3], [3, 4], [7, 0], [1, 4], [9, 1], [5, 0], [6, 0], [2, 1], [0, 0], [4, 5]]
2025-02-27 22:32:39,004 - INFO - episode:1610 totalReward:16.58162577656248 Actions:[[8, 3], [5, 5], [2, 4], [4, 4], [3, 5], [6, 4], [7, 5], [1, 2], [9, 2], [0, 0]]
2025-02-27 22:32:39,315 - INFO - episode:1611 totalReward:10.280908072155052 Actions:[[8, 3], [4, 0], [5, 5], [6, 1], [7, 1], [0, 1], [1, 0], [9, 2], [2, 2], [3, 5]]
2025-02-27 22:32:39,521 - INFO - episode:1612 totalReward:23.434942754069223 Actions:[[8, 3], [0, 0], [4, 5], [1, 4], [5, 5], [6, 1], [7, 2], [3, 4], [9, 2], [2, 2]]
2025-02-27 22:32:39,823 - INFO - episode:1613 totalReward:16.015328340863743 Actions:[[8, 3], [0, 0], [2, 4], [5, 4], [1, 0], [7, 4], [4, 2], [6, 5], [9, 2], [3, 2]]
2025-02-27 22:32:40,044 - INFO - episode:1614 totalReward:9.807812744011457 Actions:[[8, 3], [0, 1], [9, 2], [6, 0], [1, 5], [7, 1], [5, 2], [2, 2], [3, 0], [4, 1]]
2025-02-27 22:32:40,254 - INFO - episode:1615 totalReward:18.53942779991351 Actions:[[8, 3], [0, 0], [9, 5], [1, 4], [4, 2], [3, 2], [5, 0], [7, 1], [2, 5], [6, 5]]
2025-02-27 22:32:40,461 - INFO - episode:1616 totalReward:33.287959091473226 Actions:[[8, 3], [2, 2], [3, 5], [1, 4], [4, 0], [9, 1], [7, 5], [0, 2], [5, 1], [6, 5]]
2025-02-27 22:32:40,697 - INFO - episode:1617 totalReward:12.969000657035233 Actions:[[8, 3], [3, 2], [4, 0], [7, 4], [6, 4], [5, 4], [0, 0], [9, 0], [1, 2], [2, 5]]
2025-02-27 22:32:40,916 - INFO - episode:1618 totalReward:13.376175734671667 Actions:[[8, 3], [2, 4], [1, 5], [6, 0], [5, 1], [0, 4], [3, 4], [9, 4], [7, 2], [4, 0]]
2025-02-27 22:32:41,180 - INFO - episode:1619 totalReward:10.092379899341507 Actions:[[8, 3], [7, 1], [3, 1], [5, 4], [9, 0], [1, 4], [2, 2], [0, 0], [4, 0], [6, 2]]
2025-02-27 22:32:41,364 - INFO - episode:1620 totalReward:11.668597038060526 Actions:[[4, 1], [0, 0], [8, 3], [7, 2], [9, 1], [6, 1], [3, 5], [1, 0], [2, 1], [5, 4]]
2025-02-27 22:32:41,616 - INFO - episode:1621 totalReward:7.254968765665799 Actions:[[8, 3], [6, 2], [3, 5], [4, 4], [0, 4], [7, 5], [9, 5], [2, 5], [1, 1], [5, 4]]
2025-02-27 22:32:41,823 - INFO - episode:1622 totalReward:16.028211561795814 Actions:[[4, 1], [8, 3], [1, 5], [3, 5], [6, 0], [2, 2], [7, 1], [0, 2], [5, 1], [9, 2]]
2025-02-27 22:32:42,034 - INFO - episode:1623 totalReward:9.515495974924425 Actions:[[9, 3], [3, 1], [4, 0], [7, 0], [2, 4], [5, 0], [6, 2], [8, 5], [0, 0], [1, 2]]
2025-02-27 22:32:42,259 - INFO - episode:1624 totalReward:11.071007327865923 Actions:[[8, 3], [6, 0], [4, 0], [0, 1], [2, 4], [9, 4], [3, 4], [7, 0], [5, 5], [1, 2]]
2025-02-27 22:32:42,453 - INFO - episode:1625 totalReward:13.58532695221293 Actions:[[8, 3], [1, 4], [5, 0], [2, 1], [7, 2], [6, 0], [4, 4], [9, 2], [0, 2], [3, 5]]
2025-02-27 22:32:42,757 - INFO - episode:1626 totalReward:10.275900923628576 Actions:[[8, 3], [2, 2], [3, 0], [0, 1], [9, 0], [5, 4], [1, 1], [7, 2], [6, 2], [4, 0]]
2025-02-27 22:32:43,057 - INFO - episode:1627 totalReward:28.095982798165892 Actions:[[8, 3], [1, 2], [2, 4], [4, 0], [5, 2], [9, 1], [6, 0], [3, 4], [7, 0], [0, 5]]
2025-02-27 22:32:43,444 - INFO - episode:1628 totalReward:21.22158847473817 Actions:[[9, 3], [4, 5], [1, 3], [3, 5], [2, 5], [5, 2], [7, 2], [8, 4], [0, 1], [6, 1]]
2025-02-27 22:32:43,741 - INFO - episode:1629 totalReward:21.9870905407473 Actions:[[8, 5], [7, 4], [0, 3], [9, 4], [4, 1], [1, 0], [5, 0], [6, 4], [2, 2], [3, 2]]
2025-02-27 22:32:43,965 - INFO - episode:1630 totalReward:10.91490554232587 Actions:[[8, 3], [9, 5], [5, 1], [1, 0], [6, 0], [2, 5], [7, 2], [0, 5], [4, 1], [3, 5]]
2025-02-27 22:32:44,166 - INFO - episode:1631 totalReward:10.107869556997667 Actions:[[8, 3], [2, 2], [4, 0], [3, 0], [0, 0], [7, 5], [9, 0], [1, 4], [6, 5], [5, 4]]
2025-02-27 22:32:44,320 - INFO - episode:1632 totalReward:23.933768662182842 Actions:[[2, 0], [8, 3], [6, 1], [9, 2], [1, 4], [3, 4], [4, 0], [5, 5], [7, 0], [0, 5]]
2025-02-27 22:32:44,489 - INFO - episode:1633 totalReward:19.477467882444067 Actions:[[8, 0], [2, 3], [0, 2], [6, 1], [7, 4], [1, 5], [3, 2], [9, 1], [5, 4], [4, 2]]
2025-02-27 22:32:44,770 - INFO - episode:1634 totalReward:7.144286717142112 Actions:[[8, 3], [2, 0], [3, 1], [0, 1], [4, 5], [6, 5], [1, 0], [5, 1], [9, 5], [7, 1]]
2025-02-27 22:32:45,021 - INFO - episode:1635 totalReward:9.601041112566824 Actions:[[8, 3], [2, 1], [7, 5], [6, 5], [3, 1], [1, 0], [5, 1], [0, 1], [9, 2], [4, 0]]
2025-02-27 22:32:45,341 - INFO - episode:1636 totalReward:14.230933476333659 Actions:[[8, 3], [9, 5], [2, 4], [3, 2], [1, 4], [7, 0], [4, 1], [6, 5], [5, 2], [0, 1]]
2025-02-27 22:32:45,565 - INFO - episode:1637 totalReward:35.746905028070145 Actions:[[8, 3], [5, 0], [1, 2], [6, 5], [9, 4], [3, 0], [0, 2], [2, 1], [7, 5], [4, 1]]
2025-02-27 22:32:45,787 - INFO - episode:1638 totalReward:12.184978580089771 Actions:[[8, 3], [6, 2], [5, 0], [0, 5], [9, 2], [7, 4], [2, 5], [1, 4], [3, 2], [4, 0]]
2025-02-27 22:32:46,015 - INFO - episode:1639 totalReward:8.852782766192371 Actions:[[8, 3], [0, 0], [5, 4], [9, 0], [3, 0], [6, 0], [2, 2], [7, 2], [4, 1], [1, 1]]
2025-02-27 22:32:46,185 - INFO - episode:1640 totalReward:21.382532644956125 Actions:[[8, 3], [4, 5], [2, 5], [6, 4], [1, 2], [9, 2], [7, 1], [0, 4], [3, 0], [5, 4]]
2025-02-27 22:32:46,372 - INFO - episode:1641 totalReward:18.62678033605646 Actions:[[8, 3], [1, 2], [3, 2], [6, 1], [2, 4], [4, 4], [5, 5], [7, 0], [9, 5], [0, 0]]
2025-02-27 22:32:46,709 - INFO - episode:1642 totalReward:13.28149728716321 Actions:[[2, 5], [8, 3], [7, 2], [1, 4], [3, 0], [4, 2], [6, 2], [9, 2], [5, 5], [0, 4]]
2025-02-27 22:32:46,943 - INFO - episode:1643 totalReward:41.97176800019991 Actions:[[8, 3], [9, 4], [5, 0], [3, 0], [4, 5], [1, 4], [2, 1], [7, 1], [0, 2], [6, 5]]
2025-02-27 22:32:47,327 - INFO - episode:1644 totalReward:11.845829680060623 Actions:[[8, 3], [4, 2], [3, 0], [1, 0], [7, 1], [0, 1], [5, 1], [2, 4], [6, 4], [9, 2]]
2025-02-27 22:32:47,515 - INFO - episode:1645 totalReward:9.085271200770359 Actions:[[8, 3], [5, 2], [4, 2], [9, 0], [1, 4], [6, 2], [7, 4], [0, 5], [3, 2], [2, 5]]
2025-02-27 22:32:47,765 - INFO - episode:1646 totalReward:14.987987284448105 Actions:[[8, 3], [3, 0], [0, 4], [6, 4], [4, 5], [7, 0], [5, 0], [1, 1], [9, 1], [2, 5]]
2025-02-27 22:32:48,049 - INFO - episode:1647 totalReward:15.12848708145127 Actions:[[8, 3], [3, 0], [2, 4], [0, 5], [5, 1], [7, 1], [9, 4], [4, 5], [6, 1], [1, 0]]
2025-02-27 22:32:48,210 - INFO - episode:1648 totalReward:14.799184063115403 Actions:[[8, 3], [0, 2], [5, 0], [9, 0], [7, 4], [4, 2], [3, 2], [1, 5], [6, 1], [2, 0]]
2025-02-27 22:32:48,483 - INFO - episode:1649 totalReward:15.796508114919025 Actions:[[8, 3], [1, 1], [2, 4], [3, 5], [0, 1], [7, 0], [5, 2], [6, 2], [4, 4], [9, 4]]
2025-02-27 22:32:48,666 - INFO - episode:1650 totalReward:16.10552962340278 Actions:[[8, 3], [6, 0], [1, 0], [5, 2], [0, 4], [2, 5], [7, 1], [9, 4], [3, 5], [4, 5]]
2025-02-27 22:32:48,897 - INFO - episode:1651 totalReward:17.625568516044524 Actions:[[8, 3], [9, 1], [2, 1], [4, 2], [3, 2], [5, 0], [1, 0], [7, 2], [6, 4], [0, 4]]
2025-02-27 22:32:49,140 - INFO - episode:1652 totalReward:13.811621959934518 Actions:[[8, 3], [0, 5], [2, 0], [1, 2], [9, 0], [4, 5], [6, 1], [5, 4], [7, 4], [3, 2]]
2025-02-27 22:32:49,276 - INFO - episode:1653 totalReward:21.9870905407473 Actions:[[8, 3], [0, 5], [5, 2], [9, 0], [6, 2], [2, 4], [4, 1], [7, 2], [3, 4], [1, 1]]
2025-02-27 22:32:49,481 - INFO - episode:1654 totalReward:10.146141599657222 Actions:[[8, 3], [5, 1], [3, 0], [6, 4], [9, 0], [4, 5], [2, 1], [1, 5], [0, 4], [7, 4]]
2025-02-27 22:32:49,819 - INFO - episode:1655 totalReward:11.62244386691479 Actions:[[8, 3], [0, 0], [3, 0], [2, 1], [9, 0], [6, 4], [5, 4], [7, 1], [4, 2], [1, 2]]
2025-02-27 22:32:50,051 - INFO - episode:1656 totalReward:18.53965187878597 Actions:[[8, 3], [3, 0], [0, 1], [5, 4], [4, 2], [9, 4], [7, 1], [6, 4], [2, 2], [1, 5]]
2025-02-27 22:32:50,342 - INFO - episode:1657 totalReward:24.999127083166513 Actions:[[8, 3], [1, 5], [5, 2], [6, 0], [4, 4], [9, 5], [0, 2], [2, 1], [3, 1], [7, 1]]
2025-02-27 22:32:50,815 - INFO - episode:1658 totalReward:31.818805506540972 Actions:[[8, 3], [3, 0], [0, 2], [5, 1], [7, 1], [6, 1], [9, 5], [4, 5], [2, 4], [1, 4]]
2025-02-27 22:32:51,185 - INFO - episode:1659 totalReward:22.981987874695186 Actions:[[8, 3], [0, 0], [1, 1], [6, 5], [7, 2], [2, 1], [3, 4], [5, 4], [4, 2], [9, 2]]
2025-02-27 22:32:51,396 - INFO - episode:1660 totalReward:20.598635991434772 Actions:[[8, 3], [3, 0], [9, 2], [2, 5], [6, 2], [0, 1], [4, 1], [7, 4], [5, 4], [1, 0]]
2025-02-27 22:32:51,797 - INFO - episode:1661 totalReward:9.757944960601213 Actions:[[8, 3], [7, 5], [0, 2], [4, 2], [3, 2], [5, 4], [2, 0], [6, 2], [9, 4], [1, 5]]
2025-02-27 22:32:52,151 - INFO - episode:1662 totalReward:8.05288262310123 Actions:[[8, 3], [3, 0], [5, 1], [1, 4], [4, 1], [7, 1], [0, 1], [9, 4], [6, 5], [2, 0]]
2025-02-27 22:32:52,375 - INFO - episode:1663 totalReward:14.424382126988196 Actions:[[9, 1], [0, 0], [2, 5], [7, 0], [3, 2], [1, 3], [5, 1], [4, 0], [6, 5], [8, 4]]
2025-02-27 22:32:52,540 - INFO - episode:1664 totalReward:25.38572434906892 Actions:[[8, 3], [3, 0], [0, 5], [6, 5], [9, 2], [1, 4], [5, 4], [2, 0], [7, 1], [4, 0]]
2025-02-27 22:32:52,761 - INFO - episode:1665 totalReward:44.143498630975934 Actions:[[8, 3], [1, 4], [3, 0], [7, 1], [2, 2], [5, 5], [0, 2], [6, 4], [4, 1], [9, 0]]
2025-02-27 22:32:53,139 - INFO - episode:1666 totalReward:12.815523194859164 Actions:[[8, 3], [4, 5], [6, 5], [1, 0], [3, 2], [2, 0], [7, 4], [5, 1], [9, 4], [0, 5]]
2025-02-27 22:32:53,318 - INFO - episode:1667 totalReward:13.206426209078638 Actions:[[8, 3], [5, 1], [7, 5], [3, 0], [1, 2], [0, 5], [9, 2], [4, 1], [2, 0], [6, 1]]
2025-02-27 22:32:53,531 - INFO - episode:1668 totalReward:7.532673377236559 Actions:[[8, 3], [7, 1], [9, 2], [2, 0], [5, 4], [1, 4], [4, 1], [6, 0], [3, 1], [0, 1]]
2025-02-27 22:32:53,683 - INFO - episode:1669 totalReward:22.052661596510866 Actions:[[8, 3], [2, 5], [0, 5], [4, 1], [3, 0], [7, 1], [6, 5], [1, 2], [5, 1], [9, 0]]
2025-02-27 22:32:54,026 - INFO - episode:1670 totalReward:13.522820088861465 Actions:[[8, 3], [3, 0], [6, 2], [9, 5], [4, 4], [2, 0], [7, 4], [0, 5], [5, 5], [1, 1]]
2025-02-27 22:32:54,219 - INFO - episode:1671 totalReward:21.33274372410684 Actions:[[8, 3], [2, 2], [7, 0], [4, 1], [5, 4], [3, 1], [6, 2], [1, 4], [0, 2], [9, 0]]
2025-02-27 22:32:54,479 - INFO - episode:1672 totalReward:11.344620145414959 Actions:[[8, 3], [4, 4], [7, 1], [1, 0], [0, 4], [3, 1], [5, 4], [6, 0], [9, 5], [2, 4]]
2025-02-27 22:32:54,835 - INFO - episode:1673 totalReward:21.619628818623884 Actions:[[3, 3], [6, 0], [4, 0], [7, 2], [8, 1], [5, 2], [9, 3], [0, 5], [1, 5], [2, 0]]
2025-02-27 22:32:55,149 - INFO - episode:1674 totalReward:17.925236915555686 Actions:[[8, 3], [9, 0], [3, 2], [0, 1], [7, 4], [5, 4], [2, 4], [4, 5], [1, 0], [6, 4]]
2025-02-27 22:32:55,503 - INFO - episode:1675 totalReward:18.1367108513752 Actions:[[8, 3], [4, 0], [0, 4], [7, 0], [3, 2], [1, 4], [2, 0], [5, 5], [6, 0], [9, 1]]
2025-02-27 22:32:55,697 - INFO - episode:1676 totalReward:17.252444910445902 Actions:[[8, 3], [7, 0], [1, 2], [9, 0], [6, 1], [3, 4], [2, 2], [0, 4], [4, 5], [5, 4]]
2025-02-27 22:32:55,871 - INFO - episode:1677 totalReward:29.0152115363198 Actions:[[8, 3], [4, 1], [6, 0], [7, 0], [0, 2], [1, 4], [3, 1], [5, 4], [9, 0], [2, 5]]
2025-02-27 22:32:56,015 - INFO - episode:1678 totalReward:18.728511344170673 Actions:[[8, 3], [0, 5], [5, 5], [2, 2], [4, 0], [6, 4], [7, 5], [3, 2], [1, 1], [9, 0]]
2025-02-27 22:32:56,376 - INFO - episode:1679 totalReward:14.288780395944837 Actions:[[8, 3], [0, 5], [6, 0], [5, 2], [2, 4], [3, 2], [9, 2], [7, 0], [4, 4], [1, 5]]
2025-02-27 22:32:56,609 - INFO - episode:1680 totalReward:12.860625831255865 Actions:[[8, 3], [3, 0], [6, 2], [9, 2], [0, 4], [1, 5], [7, 0], [4, 0], [5, 0], [2, 5]]
2025-02-27 22:32:56,898 - INFO - episode:1681 totalReward:12.961461334286657 Actions:[[8, 3], [6, 4], [7, 4], [2, 2], [4, 0], [5, 2], [0, 0], [3, 0], [9, 4], [1, 1]]
2025-02-27 22:32:57,326 - INFO - episode:1682 totalReward:11.62244386691479 Actions:[[8, 3], [9, 5], [7, 4], [3, 4], [2, 5], [4, 2], [1, 1], [6, 1], [5, 2], [0, 4]]
2025-02-27 22:32:57,545 - INFO - episode:1683 totalReward:18.112066903793053 Actions:[[8, 3], [7, 0], [0, 5], [3, 1], [1, 0], [2, 1], [9, 1], [5, 2], [6, 2], [4, 4]]
2025-02-27 22:32:57,688 - INFO - episode:1684 totalReward:24.575149572772254 Actions:[[8, 3], [0, 5], [3, 0], [4, 2], [1, 5], [6, 4], [2, 1], [5, 2], [9, 4], [7, 2]]
2025-02-27 22:32:57,967 - INFO - episode:1685 totalReward:9.57721295500039 Actions:[[8, 3], [0, 0], [5, 2], [3, 0], [7, 1], [1, 1], [2, 0], [9, 4], [4, 5], [6, 0]]
2025-02-27 22:32:58,359 - INFO - episode:1686 totalReward:11.887527573412077 Actions:[[8, 3], [9, 2], [5, 4], [7, 2], [2, 2], [0, 4], [6, 5], [1, 0], [3, 4], [4, 5]]
2025-02-27 22:32:58,806 - INFO - episode:1687 totalReward:11.307970522844059 Actions:[[8, 3], [7, 2], [0, 0], [1, 4], [3, 2], [5, 1], [9, 2], [6, 4], [2, 1], [4, 1]]
2025-02-27 22:32:59,055 - INFO - episode:1688 totalReward:22.75112216338235 Actions:[[8, 3], [4, 4], [9, 1], [3, 5], [1, 0], [6, 0], [7, 1], [2, 4], [5, 2], [0, 5]]
2025-02-27 22:32:59,413 - INFO - episode:1689 totalReward:24.82073390758927 Actions:[[8, 3], [0, 2], [7, 5], [5, 2], [4, 4], [9, 0], [1, 0], [2, 5], [3, 5], [6, 1]]
2025-02-27 22:32:59,621 - INFO - episode:1690 totalReward:28.057562343669755 Actions:[[8, 3], [7, 5], [0, 2], [9, 5], [6, 2], [1, 4], [3, 2], [2, 0], [4, 1], [5, 0]]
2025-02-27 22:32:59,827 - INFO - episode:1691 totalReward:43.85063783916984 Actions:[[8, 3], [9, 0], [7, 5], [2, 2], [5, 2], [4, 4], [6, 1], [1, 0], [3, 5], [0, 1]]
2025-02-27 22:33:00,112 - INFO - episode:1692 totalReward:14.416072845361372 Actions:[[8, 3], [5, 2], [2, 5], [9, 2], [4, 4], [7, 2], [1, 4], [6, 5], [0, 1], [3, 5]]
2025-02-27 22:33:00,236 - INFO - episode:1693 totalReward:18.44390719685265 Actions:[[8, 3], [4, 0], [7, 1], [9, 4], [1, 1], [3, 4], [5, 0], [6, 5], [2, 4], [0, 5]]
2025-02-27 22:33:00,504 - INFO - episode:1694 totalReward:16.820124512562757 Actions:[[8, 3], [9, 5], [6, 0], [2, 1], [0, 2], [5, 4], [7, 1], [3, 1], [4, 2], [1, 0]]
2025-02-27 22:33:00,851 - INFO - episode:1695 totalReward:17.581543510575187 Actions:[[8, 3], [0, 4], [7, 2], [1, 2], [6, 0], [3, 1], [5, 5], [2, 0], [9, 5], [4, 5]]
2025-02-27 22:33:01,065 - INFO - episode:1696 totalReward:16.70224319098288 Actions:[[8, 3], [0, 4], [9, 4], [5, 0], [7, 1], [4, 2], [3, 0], [6, 0], [1, 2], [2, 4]]
2025-02-27 22:33:01,258 - INFO - episode:1697 totalReward:8.154284728911783 Actions:[[9, 0], [8, 3], [2, 0], [3, 4], [1, 4], [6, 0], [5, 5], [7, 1], [0, 0], [4, 1]]
2025-02-27 22:33:01,467 - INFO - episode:1698 totalReward:35.24060027570237 Actions:[[8, 3], [4, 1], [9, 4], [1, 4], [5, 5], [7, 1], [0, 2], [6, 0], [3, 2], [2, 5]]
2025-02-27 22:33:01,737 - INFO - episode:1699 totalReward:19.09391893092136 Actions:[[8, 3], [3, 0], [7, 5], [1, 1], [0, 0], [4, 4], [6, 1], [5, 4], [9, 4], [2, 5]]
2025-02-27 22:33:01,973 - INFO - episode:1700 totalReward:8.333366165451364 Actions:[[8, 3], [3, 0], [4, 4], [0, 0], [1, 1], [7, 0], [2, 4], [9, 0], [5, 4], [6, 5]]
2025-02-27 22:33:02,212 - INFO - episode:1701 totalReward:9.453211091604507 Actions:[[8, 3], [0, 0], [4, 2], [9, 0], [1, 4], [7, 0], [2, 1], [5, 2], [3, 0], [6, 1]]
2025-02-27 22:33:02,438 - INFO - episode:1702 totalReward:18.993271553049354 Actions:[[8, 3], [9, 0], [0, 2], [3, 1], [2, 0], [6, 1], [7, 4], [5, 4], [4, 0], [1, 2]]
2025-02-27 22:33:02,709 - INFO - episode:1703 totalReward:13.230072781330591 Actions:[[8, 3], [0, 1], [4, 1], [9, 1], [1, 4], [6, 5], [5, 5], [2, 4], [7, 5], [3, 0]]
2025-02-27 22:33:03,088 - INFO - episode:1704 totalReward:13.504909716300958 Actions:[[8, 3], [4, 2], [5, 1], [3, 0], [9, 0], [0, 4], [2, 4], [1, 2], [6, 1], [7, 4]]
2025-02-27 22:33:03,301 - INFO - episode:1705 totalReward:15.579960963944426 Actions:[[8, 3], [0, 5], [1, 5], [9, 0], [4, 2], [3, 1], [2, 0], [5, 1], [7, 0], [6, 1]]
2025-02-27 22:33:03,544 - INFO - episode:1706 totalReward:24.999127083166513 Actions:[[8, 3], [7, 4], [9, 1], [1, 0], [4, 0], [6, 4], [3, 4], [0, 2], [5, 2], [2, 5]]
2025-02-27 22:33:03,744 - INFO - episode:1707 totalReward:11.947234331818676 Actions:[[8, 3], [3, 0], [0, 4], [6, 0], [9, 0], [1, 2], [5, 2], [7, 1], [4, 5], [2, 0]]
2025-02-27 22:33:04,015 - INFO - episode:1708 totalReward:13.548688404868688 Actions:[[8, 3], [9, 4], [7, 4], [6, 1], [4, 1], [0, 0], [1, 0], [2, 1], [3, 5], [5, 4]]
2025-02-27 22:33:04,215 - INFO - episode:1709 totalReward:12.250357181077295 Actions:[[8, 3], [9, 5], [4, 5], [7, 1], [1, 1], [5, 2], [2, 2], [6, 0], [0, 0], [3, 5]]
2025-02-27 22:33:04,469 - INFO - episode:1710 totalReward:13.92011957646356 Actions:[[7, 4], [8, 3], [1, 4], [0, 5], [4, 1], [5, 2], [3, 0], [6, 2], [2, 0], [9, 0]]
2025-02-27 22:33:04,739 - INFO - episode:1711 totalReward:13.208586926195473 Actions:[[8, 3], [9, 2], [7, 5], [2, 0], [3, 1], [5, 2], [6, 5], [1, 0], [4, 1], [0, 1]]
2025-02-27 22:33:04,884 - INFO - episode:1712 totalReward:8.193406653524214 Actions:[[8, 3], [6, 5], [7, 5], [4, 4], [3, 0], [1, 4], [9, 5], [0, 5], [2, 0], [5, 2]]
2025-02-27 22:33:05,087 - INFO - episode:1713 totalReward:23.960361561369222 Actions:[[8, 3], [5, 1], [4, 1], [3, 2], [1, 0], [6, 2], [2, 5], [9, 1], [7, 0], [0, 5]]
2025-02-27 22:33:05,324 - INFO - episode:1714 totalReward:13.102676430027746 Actions:[[8, 3], [9, 4], [3, 0], [6, 0], [7, 0], [4, 2], [1, 2], [2, 0], [0, 5], [5, 4]]
2025-02-27 22:33:05,464 - INFO - episode:1715 totalReward:9.263489561504175 Actions:[[8, 3], [6, 2], [4, 1], [7, 5], [3, 1], [2, 1], [0, 4], [9, 1], [1, 2], [5, 5]]
2025-02-27 22:33:05,642 - INFO - episode:1716 totalReward:19.871175463487926 Actions:[[8, 3], [3, 0], [1, 1], [9, 5], [6, 0], [2, 0], [7, 4], [5, 4], [0, 2], [4, 2]]
2025-02-27 22:33:05,820 - INFO - episode:1717 totalReward:9.601041112566824 Actions:[[8, 3], [0, 0], [4, 0], [5, 1], [6, 4], [1, 1], [7, 5], [9, 4], [3, 0], [2, 0]]
2025-02-27 22:33:06,441 - INFO - episode:1718 totalReward:42.70290855770394 Actions:[[8, 3], [5, 0], [9, 0], [3, 1], [4, 5], [0, 2], [7, 1], [2, 5], [6, 4], [1, 4]]
2025-02-27 22:33:06,671 - INFO - episode:1719 totalReward:11.663191686654562 Actions:[[8, 3], [3, 0], [1, 0], [0, 1], [9, 1], [2, 5], [5, 5], [4, 1], [6, 4], [7, 5]]
2025-02-27 22:33:06,985 - INFO - episode:1720 totalReward:27.366571105114303 Actions:[[8, 3], [5, 0], [0, 2], [2, 1], [4, 0], [6, 2], [3, 2], [9, 1], [7, 4], [1, 5]]
2025-02-27 22:33:07,176 - INFO - episode:1721 totalReward:12.353645083381208 Actions:[[8, 3], [4, 0], [5, 2], [1, 4], [0, 0], [3, 5], [7, 0], [2, 2], [9, 2], [6, 1]]
2025-02-27 22:33:07,381 - INFO - episode:1722 totalReward:14.120338054405996 Actions:[[8, 3], [2, 1], [7, 2], [4, 4], [5, 0], [3, 5], [6, 4], [0, 4], [9, 0], [1, 5]]
2025-02-27 22:33:07,669 - INFO - episode:1723 totalReward:15.813951195631248 Actions:[[8, 3], [7, 2], [1, 0], [6, 4], [9, 4], [3, 0], [5, 1], [2, 1], [0, 5], [4, 4]]
2025-02-27 22:33:07,910 - INFO - episode:1724 totalReward:18.08488868396772 Actions:[[6, 3], [2, 2], [8, 4], [7, 1], [1, 1], [4, 2], [3, 3], [9, 5], [0, 0], [5, 5]]
2025-02-27 22:33:08,066 - INFO - episode:1725 totalReward:10.463748455072752 Actions:[[8, 3], [3, 0], [2, 0], [1, 1], [6, 0], [7, 1], [9, 0], [4, 4], [0, 5], [5, 5]]
2025-02-27 22:33:08,243 - INFO - episode:1726 totalReward:15.011635941275168 Actions:[[8, 3], [5, 1], [3, 1], [1, 5], [4, 2], [0, 2], [2, 2], [9, 5], [6, 4], [7, 4]]
2025-02-27 22:33:08,582 - INFO - episode:1727 totalReward:13.809526571078822 Actions:[[3, 3], [2, 2], [5, 0], [6, 4], [7, 0], [4, 4], [9, 5], [0, 0], [1, 5], [8, 1]]
2025-02-27 22:33:08,833 - INFO - episode:1728 totalReward:14.439129445085658 Actions:[[8, 3], [6, 4], [7, 2], [2, 5], [4, 4], [0, 2], [5, 0], [9, 4], [3, 0], [1, 1]]
2025-02-27 22:33:09,249 - INFO - episode:1729 totalReward:12.092439541944623 Actions:[[8, 3], [0, 0], [5, 2], [3, 0], [2, 2], [1, 4], [9, 1], [7, 1], [6, 5], [4, 0]]
2025-02-27 22:33:09,413 - INFO - episode:1730 totalReward:18.559180347109145 Actions:[[8, 3], [1, 1], [4, 0], [5, 4], [3, 0], [0, 5], [7, 4], [9, 2], [2, 4], [6, 2]]
2025-02-27 22:33:09,650 - INFO - episode:1731 totalReward:10.52536100150523 Actions:[[8, 3], [3, 0], [2, 0], [1, 1], [6, 5], [5, 1], [9, 4], [7, 5], [4, 4], [0, 5]]
2025-02-27 22:33:09,889 - INFO - episode:1732 totalReward:12.327428851462805 Actions:[[8, 3], [3, 4], [9, 4], [2, 5], [6, 2], [7, 0], [0, 2], [5, 4], [1, 0], [4, 4]]
2025-02-27 22:33:10,421 - INFO - episode:1733 totalReward:24.78406061119874 Actions:[[8, 3], [3, 0], [5, 5], [6, 0], [9, 2], [0, 0], [2, 1], [7, 4], [4, 2], [1, 4]]
2025-02-27 22:33:10,714 - INFO - episode:1734 totalReward:26.863688564050978 Actions:[[8, 3], [3, 1], [0, 0], [9, 5], [1, 4], [7, 2], [6, 1], [4, 5], [2, 0], [5, 5]]
2025-02-27 22:33:10,864 - INFO - episode:1735 totalReward:18.714450354281485 Actions:[[0, 4], [3, 0], [8, 3], [9, 1], [7, 5], [1, 2], [4, 0], [5, 1], [6, 1], [2, 5]]
2025-02-27 22:33:11,233 - INFO - episode:1736 totalReward:12.12246523506833 Actions:[[0, 0], [8, 3], [7, 0], [2, 5], [3, 5], [9, 4], [1, 4], [5, 2], [6, 0], [4, 1]]
2025-02-27 22:33:11,446 - INFO - episode:1737 totalReward:24.99082247631708 Actions:[[8, 3], [3, 0], [7, 2], [9, 5], [6, 2], [2, 2], [4, 4], [0, 0], [5, 4], [1, 1]]
2025-02-27 22:33:11,694 - INFO - episode:1738 totalReward:14.978104267567273 Actions:[[8, 3], [5, 0], [6, 2], [9, 0], [7, 1], [0, 0], [4, 5], [3, 4], [2, 1], [1, 4]]
2025-02-27 22:33:11,995 - INFO - episode:1739 totalReward:0 Actions:[[3, 0], [7, 5], [9, 0], [6, 2], [5, 3], [0, 0], [2, 4], [4, 1], [1, 2]]
2025-02-27 22:33:12,324 - INFO - episode:1740 totalReward:20.217454769494186 Actions:[[8, 3], [5, 2], [7, 4], [4, 4], [9, 1], [3, 1], [2, 0], [0, 0], [6, 4], [1, 2]]
2025-02-27 22:33:12,542 - INFO - episode:1741 totalReward:8.441968177357138 Actions:[[3, 0], [8, 3], [7, 5], [9, 1], [6, 0], [0, 4], [5, 5], [4, 5], [1, 1], [2, 5]]
2025-02-27 22:33:12,779 - INFO - episode:1742 totalReward:8.994061417855196 Actions:[[8, 0], [3, 1], [2, 1], [5, 3], [1, 3], [7, 5], [6, 1], [9, 5], [4, 5], [0, 4]]
2025-02-27 22:33:12,992 - INFO - episode:1743 totalReward:9.375076857451816 Actions:[[8, 3], [5, 0], [1, 1], [3, 1], [0, 0], [2, 4], [7, 2], [9, 0], [6, 4], [4, 0]]
2025-02-27 22:33:13,255 - INFO - episode:1744 totalReward:14.741370817204007 Actions:[[8, 3], [2, 4], [6, 5], [0, 5], [3, 5], [9, 2], [5, 0], [4, 0], [1, 4], [7, 0]]
2025-02-27 22:33:13,410 - INFO - episode:1745 totalReward:13.276285088374141 Actions:[[8, 3], [3, 0], [2, 0], [0, 5], [1, 4], [4, 2], [9, 5], [6, 1], [5, 0], [7, 5]]
2025-02-27 22:33:13,649 - INFO - episode:1746 totalReward:45.03741887705135 Actions:[[8, 3], [5, 0], [3, 4], [7, 4], [9, 5], [1, 1], [0, 1], [2, 0], [6, 2], [4, 2]]
2025-02-27 22:33:13,856 - INFO - episode:1747 totalReward:16.215797023705694 Actions:[[8, 3], [3, 0], [7, 5], [0, 5], [1, 4], [4, 1], [2, 4], [5, 1], [6, 1], [9, 2]]
2025-02-27 22:33:14,175 - INFO - episode:1748 totalReward:10.258622765097561 Actions:[[8, 3], [0, 0], [5, 0], [6, 0], [7, 0], [9, 4], [3, 5], [4, 1], [2, 5], [1, 2]]
2025-02-27 22:33:14,353 - INFO - episode:1749 totalReward:12.183068867235068 Actions:[[8, 3], [5, 0], [9, 2], [4, 0], [2, 5], [7, 1], [3, 4], [1, 2], [0, 0], [6, 4]]
2025-02-27 22:33:14,543 - INFO - episode:1750 totalReward:27.721032421604527 Actions:[[8, 3], [3, 5], [4, 2], [9, 1], [5, 0], [7, 5], [1, 0], [0, 1], [2, 1], [6, 4]]
2025-02-27 22:33:14,769 - INFO - episode:1751 totalReward:11.428297471181986 Actions:[[8, 5], [0, 0], [3, 1], [1, 1], [5, 0], [9, 0], [4, 3], [6, 0], [2, 3], [7, 4]]
2025-02-27 22:33:15,090 - INFO - episode:1752 totalReward:8.93654024355739 Actions:[[8, 3], [1, 1], [9, 5], [5, 1], [6, 2], [4, 0], [0, 5], [7, 5], [3, 5], [2, 2]]
2025-02-27 22:33:15,467 - INFO - episode:1753 totalReward:19.725648648038337 Actions:[[8, 3], [2, 0], [1, 0], [7, 5], [5, 5], [4, 1], [3, 2], [9, 2], [6, 1], [0, 4]]
2025-02-27 22:33:15,667 - INFO - episode:1754 totalReward:11.996843958445087 Actions:[[8, 3], [5, 5], [1, 1], [4, 0], [2, 2], [6, 5], [3, 4], [9, 5], [7, 0], [0, 0]]
2025-02-27 22:33:15,887 - INFO - episode:1755 totalReward:18.64219111712414 Actions:[[3, 0], [8, 3], [0, 5], [2, 2], [1, 4], [6, 2], [4, 2], [9, 0], [5, 5], [7, 0]]
2025-02-27 22:33:16,123 - INFO - episode:1756 totalReward:11.594570296984783 Actions:[[8, 3], [5, 1], [7, 2], [0, 2], [6, 4], [9, 0], [1, 0], [4, 5], [3, 2], [2, 4]]
2025-02-27 22:33:16,382 - INFO - episode:1757 totalReward:8.462228538570105 Actions:[[8, 3], [1, 1], [2, 1], [0, 2], [7, 4], [9, 2], [4, 2], [6, 2], [5, 4], [3, 4]]
2025-02-27 22:33:16,558 - INFO - episode:1758 totalReward:12.189383896194663 Actions:[[8, 3], [3, 5], [1, 2], [9, 2], [0, 0], [5, 5], [7, 1], [4, 1], [6, 1], [2, 4]]
2025-02-27 22:33:16,837 - INFO - episode:1759 totalReward:11.099952456444953 Actions:[[8, 3], [3, 0], [1, 5], [9, 0], [7, 5], [6, 4], [5, 2], [2, 0], [0, 0], [4, 1]]
2025-02-27 22:33:17,195 - INFO - episode:1760 totalReward:30.765852899020953 Actions:[[8, 3], [0, 2], [6, 0], [9, 2], [2, 0], [5, 5], [4, 1], [1, 1], [7, 0], [3, 4]]
2025-02-27 22:33:17,361 - INFO - episode:1761 totalReward:14.445883577694833 Actions:[[8, 3], [1, 5], [5, 2], [7, 4], [9, 2], [3, 5], [0, 0], [4, 2], [2, 2], [6, 4]]
2025-02-27 22:33:17,566 - INFO - episode:1762 totalReward:13.1850353539817 Actions:[[8, 3], [2, 0], [5, 0], [1, 2], [4, 2], [3, 1], [0, 4], [9, 1], [7, 4], [6, 0]]
2025-02-27 22:33:17,835 - INFO - episode:1763 totalReward:11.195176648290303 Actions:[[8, 3], [0, 2], [6, 5], [1, 1], [2, 1], [9, 5], [5, 5], [4, 0], [7, 2], [3, 0]]
2025-02-27 22:33:18,073 - INFO - episode:1764 totalReward:21.72166108593984 Actions:[[8, 3], [2, 0], [7, 1], [1, 1], [0, 4], [6, 5], [4, 4], [3, 2], [5, 5], [9, 5]]
2025-02-27 22:33:18,351 - INFO - episode:1765 totalReward:20.167397757249375 Actions:[[8, 3], [4, 4], [6, 1], [3, 2], [9, 0], [2, 5], [1, 5], [7, 0], [5, 0], [0, 4]]
2025-02-27 22:33:18,653 - INFO - episode:1766 totalReward:14.948562188093545 Actions:[[8, 3], [7, 5], [3, 2], [6, 4], [0, 2], [9, 5], [2, 1], [5, 2], [1, 1], [4, 5]]
2025-02-27 22:33:18,981 - INFO - episode:1767 totalReward:10.852501100290405 Actions:[[8, 3], [6, 0], [3, 1], [2, 1], [0, 1], [9, 4], [5, 0], [4, 1], [1, 2], [7, 4]]
2025-02-27 22:33:19,298 - INFO - episode:1768 totalReward:16.799422501705727 Actions:[[8, 3], [4, 5], [2, 2], [1, 0], [6, 5], [0, 0], [9, 4], [7, 2], [3, 4], [5, 4]]
2025-02-27 22:33:19,529 - INFO - episode:1769 totalReward:26.362618187137176 Actions:[[8, 3], [2, 0], [7, 4], [5, 0], [1, 1], [6, 0], [3, 1], [9, 5], [4, 4], [0, 2]]
2025-02-27 22:33:19,690 - INFO - episode:1770 totalReward:13.273160168658016 Actions:[[3, 3], [8, 1], [4, 0], [6, 2], [9, 2], [0, 0], [2, 3], [7, 3], [1, 5], [5, 0]]
2025-02-27 22:33:19,934 - INFO - episode:1771 totalReward:7.411843400457096 Actions:[[8, 3], [3, 0], [9, 1], [2, 5], [6, 5], [0, 0], [4, 0], [7, 0], [5, 5], [1, 4]]
2025-02-27 22:33:20,220 - INFO - episode:1772 totalReward:16.733417899844422 Actions:[[8, 3], [5, 0], [0, 2], [1, 2], [4, 4], [9, 4], [6, 0], [7, 0], [3, 5], [2, 4]]
2025-02-27 22:33:20,505 - INFO - episode:1773 totalReward:28.50280762701075 Actions:[[8, 3], [9, 1], [5, 4], [2, 4], [3, 0], [4, 5], [6, 5], [7, 2], [0, 0], [1, 2]]
2025-02-27 22:33:20,858 - INFO - episode:1774 totalReward:8.798464930037492 Actions:[[8, 3], [9, 4], [3, 5], [0, 5], [7, 4], [4, 5], [1, 0], [2, 5], [5, 1], [6, 2]]
2025-02-27 22:33:21,013 - INFO - episode:1775 totalReward:12.552850690539493 Actions:[[2, 3], [9, 3], [1, 2], [4, 4], [5, 4], [6, 2], [8, 5], [3, 3], [0, 0], [7, 0]]
2025-02-27 22:33:21,232 - INFO - episode:1776 totalReward:10.652933782159176 Actions:[[8, 3], [1, 5], [0, 0], [9, 0], [6, 4], [3, 1], [7, 5], [5, 1], [4, 0], [2, 0]]
2025-02-27 22:33:21,403 - INFO - episode:1777 totalReward:13.284858326748465 Actions:[[8, 3], [7, 0], [6, 4], [0, 0], [5, 0], [2, 5], [9, 2], [3, 5], [4, 4], [1, 2]]
2025-02-27 22:33:21,749 - INFO - episode:1778 totalReward:38.86683435154204 Actions:[[8, 5], [5, 4], [4, 2], [7, 2], [3, 1], [6, 3], [1, 4], [2, 0], [9, 0], [0, 1]]
2025-02-27 22:33:22,038 - INFO - episode:1779 totalReward:13.52255494062132 Actions:[[8, 3], [9, 4], [0, 2], [5, 4], [2, 0], [6, 2], [7, 0], [1, 1], [4, 2], [3, 0]]
2025-02-27 22:33:22,265 - INFO - episode:1780 totalReward:14.999253953564686 Actions:[[8, 3], [9, 1], [4, 2], [2, 4], [7, 1], [5, 1], [3, 4], [0, 2], [6, 5], [1, 5]]
2025-02-27 22:33:22,453 - INFO - episode:1781 totalReward:12.155878441186982 Actions:[[8, 3], [1, 4], [5, 1], [6, 0], [2, 2], [0, 1], [7, 1], [9, 1], [3, 0], [4, 5]]
2025-02-27 22:33:22,669 - INFO - episode:1782 totalReward:11.409576729334246 Actions:[[8, 5], [7, 4], [3, 4], [9, 1], [5, 4], [1, 3], [2, 2], [6, 4], [4, 1], [0, 3]]
2025-02-27 22:33:22,831 - INFO - episode:1783 totalReward:14.783270054891842 Actions:[[8, 3], [4, 5], [6, 0], [3, 4], [1, 4], [0, 0], [2, 5], [5, 0], [9, 5], [7, 2]]
2025-02-27 22:33:23,022 - INFO - episode:1784 totalReward:14.442259697327653 Actions:[[8, 3], [6, 4], [5, 0], [0, 0], [4, 1], [9, 4], [7, 2], [2, 5], [1, 2], [3, 0]]
2025-02-27 22:33:23,231 - INFO - episode:1785 totalReward:19.608180745743635 Actions:[[8, 3], [5, 4], [7, 4], [9, 2], [2, 2], [6, 5], [4, 5], [3, 2], [1, 0], [0, 0]]
2025-02-27 22:33:23,470 - INFO - episode:1786 totalReward:14.424382126988196 Actions:[[8, 3], [9, 0], [7, 1], [1, 5], [2, 4], [4, 1], [6, 4], [5, 0], [0, 0], [3, 2]]
2025-02-27 22:33:23,639 - INFO - episode:1787 totalReward:14.198943206396004 Actions:[[8, 3], [3, 0], [7, 4], [2, 0], [1, 1], [0, 5], [5, 2], [6, 2], [4, 2], [9, 0]]
2025-02-27 22:33:23,873 - INFO - episode:1788 totalReward:28.90616753711353 Actions:[[8, 3], [6, 2], [5, 4], [4, 5], [3, 1], [1, 5], [0, 0], [7, 2], [9, 1], [2, 4]]
2025-02-27 22:33:24,219 - INFO - episode:1789 totalReward:11.602709403542255 Actions:[[8, 3], [5, 2], [1, 2], [9, 1], [3, 0], [6, 5], [0, 5], [2, 5], [7, 0], [4, 5]]
2025-02-27 22:33:24,536 - INFO - episode:1790 totalReward:14.786842175766967 Actions:[[8, 3], [1, 0], [0, 0], [4, 1], [7, 2], [6, 2], [5, 1], [3, 2], [2, 4], [9, 5]]
2025-02-27 22:33:24,857 - INFO - episode:1791 totalReward:12.189731884681674 Actions:[[8, 3], [2, 5], [9, 1], [7, 5], [3, 0], [5, 1], [0, 0], [4, 1], [6, 1], [1, 2]]
2025-02-27 22:33:25,082 - INFO - episode:1792 totalReward:23.81804200121314 Actions:[[8, 3], [9, 5], [0, 0], [1, 0], [3, 2], [2, 1], [5, 2], [7, 5], [6, 4], [4, 1]]
2025-02-27 22:33:25,272 - INFO - episode:1793 totalReward:12.644780948546103 Actions:[[8, 3], [4, 5], [5, 4], [2, 0], [1, 4], [9, 2], [6, 0], [7, 2], [3, 2], [0, 5]]
2025-02-27 22:33:25,590 - INFO - episode:1794 totalReward:17.95438683111049 Actions:[[8, 3], [1, 2], [9, 5], [4, 2], [7, 1], [2, 4], [5, 0], [0, 0], [6, 5], [3, 1]]
2025-02-27 22:33:25,847 - INFO - episode:1795 totalReward:21.55789145344942 Actions:[[7, 0], [8, 3], [4, 5], [3, 1], [0, 2], [2, 2], [5, 0], [6, 0], [1, 5], [9, 1]]
2025-02-27 22:33:26,098 - INFO - episode:1796 totalReward:9.341798040499363 Actions:[[8, 3], [6, 4], [5, 2], [0, 1], [4, 4], [3, 1], [2, 1], [7, 1], [9, 2], [1, 0]]
2025-02-27 22:33:26,323 - INFO - episode:1797 totalReward:24.82073390758927 Actions:[[8, 3], [1, 0], [6, 0], [3, 5], [2, 5], [4, 4], [7, 5], [5, 2], [9, 1], [0, 2]]
2025-02-27 22:33:26,581 - INFO - episode:1798 totalReward:11.289640598437693 Actions:[[8, 3], [0, 1], [1, 4], [4, 0], [9, 2], [3, 1], [2, 1], [5, 4], [6, 1], [7, 5]]
2025-02-27 22:33:26,804 - INFO - episode:1799 totalReward:8.731337232578337 Actions:[[8, 3], [4, 5], [6, 0], [9, 1], [7, 0], [2, 0], [0, 1], [1, 2], [3, 0], [5, 2]]
2025-02-27 22:33:27,104 - INFO - episode:1800 totalReward:11.44350589192693 Actions:[[1, 5], [5, 3], [3, 4], [6, 2], [7, 1], [9, 3], [8, 0], [2, 4], [0, 1], [4, 1]]
2025-02-27 22:33:27,193 - INFO - episode:1801 totalReward:18.34175240380596 Actions:[[8, 3], [7, 1], [6, 5], [2, 2], [1, 4], [9, 4], [4, 5], [5, 0], [0, 5], [3, 2]]
2025-02-27 22:33:27,329 - INFO - episode:1802 totalReward:8.414824276952194 Actions:[[8, 3], [4, 2], [7, 0], [5, 5], [3, 5], [2, 2], [6, 2], [9, 5], [1, 0], [0, 2]]
2025-02-27 22:33:27,531 - INFO - episode:1803 totalReward:11.576753133301539 Actions:[[8, 3], [9, 2], [2, 2], [7, 5], [1, 1], [6, 0], [5, 1], [3, 2], [4, 5], [0, 2]]
2025-02-27 22:33:27,632 - INFO - episode:1804 totalReward:11.159680151726647 Actions:[[8, 3], [6, 2], [3, 4], [4, 2], [1, 0], [2, 5], [5, 5], [9, 4], [0, 5], [7, 4]]
2025-02-27 22:33:27,852 - INFO - episode:1805 totalReward:45.138155325533795 Actions:[[8, 3], [2, 2], [5, 1], [6, 0], [9, 2], [4, 5], [7, 4], [3, 5], [0, 1], [1, 0]]
2025-02-27 22:33:28,116 - INFO - episode:1806 totalReward:32.46168746145019 Actions:[[8, 3], [9, 1], [1, 1], [5, 4], [2, 5], [7, 0], [0, 4], [6, 4], [4, 2], [3, 2]]
2025-02-27 22:33:28,302 - INFO - episode:1807 totalReward:12.026368484818464 Actions:[[9, 0], [5, 3], [7, 1], [1, 5], [3, 3], [2, 1], [8, 2], [6, 4], [4, 3], [0, 3]]
2025-02-27 22:33:28,691 - INFO - episode:1808 totalReward:17.65702743818895 Actions:[[1, 0], [0, 5], [3, 4], [5, 0], [2, 1], [4, 1], [9, 5], [7, 4], [6, 3], [8, 2]]
2025-02-27 22:33:29,205 - INFO - episode:1809 totalReward:10.622956014793477 Actions:[[5, 5], [3, 0], [4, 0], [6, 3], [0, 0], [1, 1], [8, 2], [9, 4], [7, 1], [2, 3]]
2025-02-27 22:33:29,378 - INFO - episode:1810 totalReward:13.139563537272167 Actions:[[8, 3], [6, 0], [0, 1], [4, 5], [1, 0], [3, 1], [5, 4], [2, 4], [7, 4], [9, 4]]
2025-02-27 22:33:29,622 - INFO - episode:1811 totalReward:13.60547180306198 Actions:[[8, 3], [5, 1], [1, 5], [7, 5], [2, 2], [3, 4], [9, 4], [0, 1], [4, 4], [6, 4]]
2025-02-27 22:33:29,866 - INFO - episode:1812 totalReward:25.494918308725538 Actions:[[8, 3], [6, 1], [4, 2], [1, 1], [3, 0], [9, 5], [5, 2], [0, 0], [7, 4], [2, 2]]
2025-02-27 22:33:30,033 - INFO - episode:1813 totalReward:22.58694426632316 Actions:[[8, 3], [7, 4], [0, 1], [2, 2], [9, 5], [3, 5], [4, 1], [6, 1], [5, 2], [1, 0]]
2025-02-27 22:33:30,305 - INFO - episode:1814 totalReward:15.313150472957643 Actions:[[8, 3], [2, 0], [6, 1], [7, 2], [4, 5], [0, 2], [3, 0], [5, 4], [9, 5], [1, 1]]
2025-02-27 22:33:30,626 - INFO - episode:1815 totalReward:13.536378859981092 Actions:[[8, 3], [3, 1], [1, 1], [0, 2], [4, 4], [6, 0], [9, 4], [7, 0], [5, 4], [2, 4]]
2025-02-27 22:33:30,889 - INFO - episode:1816 totalReward:10.527074994665272 Actions:[[8, 3], [3, 5], [2, 0], [7, 5], [5, 0], [4, 5], [6, 2], [9, 1], [1, 4], [0, 4]]
2025-02-27 22:33:31,101 - INFO - episode:1817 totalReward:15.95821551110598 Actions:[[8, 3], [7, 5], [5, 5], [3, 0], [0, 4], [4, 2], [9, 5], [6, 1], [1, 4], [2, 2]]
2025-02-27 22:33:31,341 - INFO - episode:1818 totalReward:12.747919243008035 Actions:[[8, 3], [6, 2], [0, 2], [4, 0], [2, 2], [5, 2], [3, 0], [9, 1], [1, 4], [7, 0]]
2025-02-27 22:33:31,571 - INFO - episode:1819 totalReward:24.114641420751035 Actions:[[8, 3], [2, 5], [5, 1], [1, 1], [7, 2], [0, 0], [4, 5], [6, 0], [9, 0], [3, 4]]
2025-02-27 22:33:32,242 - INFO - episode:1820 totalReward:30.977903984986504 Actions:[[8, 3], [3, 1], [7, 2], [4, 2], [5, 5], [2, 2], [9, 5], [0, 0], [6, 0], [1, 4]]
2025-02-27 22:33:32,413 - INFO - episode:1821 totalReward:11.279511942611318 Actions:[[8, 3], [0, 1], [4, 0], [9, 1], [5, 4], [7, 2], [1, 5], [2, 4], [6, 1], [3, 1]]
2025-02-27 22:33:32,605 - INFO - episode:1822 totalReward:11.854842906309788 Actions:[[8, 3], [4, 2], [7, 1], [6, 4], [9, 2], [0, 2], [3, 5], [2, 5], [1, 4], [5, 5]]
2025-02-27 22:33:32,828 - INFO - episode:1823 totalReward:16.45531368605888 Actions:[[8, 3], [3, 0], [4, 2], [9, 4], [1, 5], [2, 2], [7, 2], [6, 2], [0, 0], [5, 1]]
2025-02-27 22:33:33,052 - INFO - episode:1824 totalReward:19.879268614551474 Actions:[[8, 3], [6, 5], [7, 1], [2, 0], [4, 5], [1, 0], [5, 2], [0, 4], [3, 2], [9, 5]]
2025-02-27 22:33:33,324 - INFO - episode:1825 totalReward:21.002282147993405 Actions:[[8, 3], [1, 4], [4, 0], [6, 2], [0, 2], [3, 0], [7, 5], [5, 4], [2, 5], [9, 5]]
2025-02-27 22:33:33,635 - INFO - episode:1826 totalReward:12.151488732257224 Actions:[[8, 3], [7, 5], [0, 5], [5, 0], [9, 2], [4, 0], [2, 2], [1, 1], [6, 0], [3, 2]]
2025-02-27 22:33:33,839 - INFO - episode:1827 totalReward:14.554036145118804 Actions:[[8, 3], [7, 1], [2, 0], [0, 5], [6, 4], [1, 4], [3, 5], [9, 5], [4, 0], [5, 0]]
2025-02-27 22:33:34,039 - INFO - episode:1828 totalReward:14.22485523915986 Actions:[[8, 3], [4, 4], [0, 0], [9, 0], [7, 4], [2, 4], [5, 4], [6, 5], [1, 2], [3, 2]]
2025-02-27 22:33:34,241 - INFO - episode:1829 totalReward:9.414800370522947 Actions:[[8, 3], [4, 1], [3, 5], [9, 2], [2, 2], [7, 5], [5, 1], [6, 5], [0, 5], [1, 4]]
2025-02-27 22:33:34,441 - INFO - episode:1830 totalReward:20.713471047247147 Actions:[[1, 0], [7, 0], [8, 2], [3, 1], [4, 3], [6, 3], [5, 1], [9, 4], [2, 1], [0, 4]]
2025-02-27 22:33:34,779 - INFO - episode:1831 totalReward:12.865831387378348 Actions:[[8, 3], [7, 2], [0, 5], [4, 1], [9, 1], [6, 4], [1, 4], [3, 5], [2, 5], [5, 1]]
2025-02-27 22:33:35,003 - INFO - episode:1832 totalReward:27.688392880681395 Actions:[[8, 3], [2, 1], [6, 0], [3, 5], [4, 4], [1, 0], [5, 2], [7, 5], [9, 1], [0, 1]]
2025-02-27 22:33:35,364 - INFO - episode:1833 totalReward:11.402357880001544 Actions:[[8, 3], [9, 5], [0, 4], [3, 2], [2, 2], [7, 4], [1, 1], [4, 0], [5, 2], [6, 2]]
2025-02-27 22:33:35,807 - INFO - episode:1834 totalReward:19.80917499834646 Actions:[[8, 3], [5, 5], [0, 2], [3, 1], [4, 2], [6, 4], [7, 5], [9, 0], [1, 4], [2, 2]]
2025-02-27 22:33:36,061 - INFO - episode:1835 totalReward:18.55999196790558 Actions:[[8, 3], [0, 5], [5, 0], [7, 0], [2, 4], [9, 1], [3, 0], [4, 0], [6, 4], [1, 2]]
2025-02-27 22:33:36,237 - INFO - episode:1836 totalReward:18.80261307941302 Actions:[[8, 3], [0, 4], [3, 1], [2, 0], [1, 1], [9, 2], [5, 4], [7, 5], [4, 0], [6, 5]]
2025-02-27 22:33:36,462 - INFO - episode:1837 totalReward:10.043060174654649 Actions:[[5, 2], [8, 3], [1, 1], [2, 4], [6, 2], [9, 4], [3, 2], [4, 2], [7, 5], [0, 5]]
2025-02-27 22:33:36,684 - INFO - episode:1838 totalReward:17.299287759871202 Actions:[[8, 3], [9, 1], [6, 5], [0, 4], [5, 4], [1, 1], [2, 2], [7, 4], [3, 0], [4, 2]]
2025-02-27 22:33:36,985 - INFO - episode:1839 totalReward:8.826034299503107 Actions:[[8, 3], [9, 0], [7, 2], [3, 1], [6, 0], [4, 0], [2, 0], [1, 5], [0, 2], [5, 2]]
2025-02-27 22:33:37,253 - INFO - episode:1840 totalReward:11.069442968758793 Actions:[[8, 3], [3, 5], [5, 1], [9, 2], [1, 0], [0, 5], [7, 5], [4, 4], [6, 2], [2, 0]]
2025-02-27 22:33:37,555 - INFO - episode:1841 totalReward:15.731846156844837 Actions:[[8, 3], [3, 1], [1, 1], [7, 2], [2, 4], [6, 0], [5, 2], [9, 4], [4, 4], [0, 0]]
2025-02-27 22:33:37,730 - INFO - episode:1842 totalReward:15.191033808441183 Actions:[[8, 3], [2, 2], [7, 0], [4, 4], [9, 2], [6, 2], [1, 4], [3, 0], [5, 5], [0, 5]]
2025-02-27 22:33:37,985 - INFO - episode:1843 totalReward:19.875258474983283 Actions:[[8, 3], [2, 4], [3, 2], [0, 5], [1, 0], [5, 1], [6, 1], [4, 2], [7, 5], [9, 0]]
2025-02-27 22:33:38,315 - INFO - episode:1844 totalReward:12.320970014863315 Actions:[[7, 4], [3, 2], [5, 4], [4, 3], [1, 3], [8, 0], [9, 2], [2, 2], [6, 2], [0, 1]]
2025-02-27 22:33:38,658 - INFO - episode:1845 totalReward:28.322398722334405 Actions:[[8, 3], [1, 1], [0, 4], [4, 2], [5, 0], [6, 5], [7, 0], [9, 2], [2, 1], [3, 0]]
2025-02-27 22:33:39,047 - INFO - episode:1846 totalReward:15.494378092023126 Actions:[[2, 1], [4, 0], [5, 4], [8, 3], [0, 2], [3, 0], [7, 4], [6, 4], [9, 0], [1, 1]]
2025-02-27 22:33:39,267 - INFO - episode:1847 totalReward:19.463945936469685 Actions:[[8, 3], [4, 1], [0, 4], [7, 5], [6, 4], [5, 0], [1, 0], [3, 2], [2, 2], [9, 5]]
2025-02-27 22:33:39,456 - INFO - episode:1848 totalReward:14.741370817204007 Actions:[[8, 3], [6, 1], [0, 0], [9, 2], [1, 0], [4, 2], [2, 1], [7, 4], [3, 1], [5, 2]]
2025-02-27 22:33:39,661 - INFO - episode:1849 totalReward:6.468215015981443 Actions:[[8, 3], [9, 5], [6, 5], [2, 5], [5, 0], [3, 5], [0, 1], [1, 1], [4, 0], [7, 0]]
2025-02-27 22:33:39,883 - INFO - episode:1850 totalReward:12.62005616892484 Actions:[[8, 3], [9, 4], [0, 4], [7, 2], [4, 1], [6, 2], [2, 5], [1, 5], [5, 2], [3, 4]]
2025-02-27 22:33:40,197 - INFO - episode:1851 totalReward:12.923254432798794 Actions:[[8, 3], [4, 0], [6, 0], [1, 4], [3, 2], [2, 5], [5, 0], [7, 1], [0, 1], [9, 4]]
2025-02-27 22:33:40,575 - INFO - episode:1852 totalReward:13.856078705502808 Actions:[[8, 3], [4, 0], [7, 4], [5, 2], [3, 5], [1, 2], [0, 5], [9, 1], [6, 1], [2, 5]]
2025-02-27 22:33:40,827 - INFO - episode:1853 totalReward:7.438057380443206 Actions:[[8, 3], [3, 0], [5, 1], [0, 1], [7, 1], [4, 4], [6, 0], [2, 1], [9, 0], [1, 4]]
2025-02-27 22:33:41,093 - INFO - episode:1854 totalReward:19.135573002914906 Actions:[[8, 3], [9, 1], [2, 2], [4, 2], [3, 0], [1, 4], [7, 4], [6, 0], [0, 0], [5, 1]]
2025-02-27 22:33:41,346 - INFO - episode:1855 totalReward:9.211740527430651 Actions:[[8, 3], [2, 2], [0, 2], [1, 4], [9, 0], [3, 2], [6, 0], [4, 0], [7, 4], [5, 2]]
2025-02-27 22:33:41,585 - INFO - episode:1856 totalReward:12.14526737457006 Actions:[[8, 3], [9, 4], [7, 2], [0, 2], [2, 4], [3, 4], [5, 0], [4, 1], [6, 5], [1, 0]]
2025-02-27 22:33:41,850 - INFO - episode:1857 totalReward:11.10763966763695 Actions:[[8, 3], [7, 2], [4, 2], [2, 1], [9, 4], [1, 5], [6, 1], [5, 1], [0, 5], [3, 1]]
2025-02-27 22:33:42,019 - INFO - episode:1858 totalReward:11.95000084661157 Actions:[[8, 3], [3, 2], [5, 5], [7, 2], [2, 5], [9, 0], [4, 2], [0, 5], [1, 1], [6, 5]]
2025-02-27 22:33:42,216 - INFO - episode:1859 totalReward:42.08757684168942 Actions:[[8, 3], [4, 5], [2, 1], [9, 0], [0, 1], [3, 2], [1, 0], [7, 4], [5, 2], [6, 4]]
2025-02-27 22:33:42,384 - INFO - episode:1860 totalReward:10.59259804573325 Actions:[[8, 3], [2, 0], [3, 5], [5, 0], [9, 2], [6, 0], [1, 2], [0, 0], [4, 5], [7, 5]]
2025-02-27 22:33:42,660 - INFO - episode:1861 totalReward:16.519572346383192 Actions:[[8, 3], [0, 0], [6, 2], [9, 5], [5, 0], [3, 0], [4, 1], [1, 4], [7, 4], [2, 1]]
2025-02-27 22:33:42,861 - INFO - episode:1862 totalReward:19.193687409794034 Actions:[[8, 3], [5, 2], [0, 0], [7, 5], [1, 5], [2, 0], [9, 0], [3, 2], [4, 1], [6, 4]]
2025-02-27 22:33:43,105 - INFO - episode:1863 totalReward:7.572533228486787 Actions:[[8, 3], [5, 1], [3, 0], [0, 1], [9, 2], [7, 0], [2, 1], [6, 1], [4, 0], [1, 5]]
2025-02-27 22:33:43,308 - INFO - episode:1864 totalReward:11.279511942611318 Actions:[[8, 3], [2, 0], [4, 5], [6, 4], [0, 4], [9, 4], [3, 4], [7, 2], [1, 1], [5, 0]]
2025-02-27 22:33:43,519 - INFO - episode:1865 totalReward:9.629884491222716 Actions:[[8, 3], [7, 5], [5, 0], [1, 5], [6, 0], [0, 2], [4, 0], [9, 0], [2, 2], [3, 2]]
2025-02-27 22:33:43,707 - INFO - episode:1866 totalReward:10.326264597448795 Actions:[[8, 3], [5, 0], [3, 1], [1, 4], [4, 4], [2, 1], [7, 0], [9, 5], [0, 0], [6, 1]]
2025-02-27 22:33:43,920 - INFO - episode:1867 totalReward:20.08747276910381 Actions:[[8, 4], [7, 5], [6, 5], [9, 3], [0, 2], [4, 0], [2, 2], [3, 5], [1, 3], [5, 1]]
2025-02-27 22:33:44,199 - INFO - episode:1868 totalReward:15.010952805871309 Actions:[[8, 3], [7, 0], [5, 2], [6, 5], [0, 2], [3, 5], [9, 1], [2, 1], [1, 0], [4, 2]]
2025-02-27 22:33:44,502 - INFO - episode:1869 totalReward:12.860625831255861 Actions:[[8, 3], [9, 5], [3, 5], [2, 0], [1, 1], [5, 2], [4, 2], [6, 5], [7, 5], [0, 1]]
2025-02-27 22:33:44,694 - INFO - episode:1870 totalReward:17.629502769544022 Actions:[[8, 3], [9, 1], [7, 1], [1, 0], [6, 1], [2, 4], [3, 2], [4, 1], [0, 4], [5, 2]]
2025-02-27 22:33:44,875 - INFO - episode:1871 totalReward:11.527994046350369 Actions:[[8, 3], [0, 5], [5, 1], [4, 1], [9, 5], [7, 5], [1, 4], [6, 0], [3, 4], [2, 0]]
2025-02-27 22:33:45,089 - INFO - episode:1872 totalReward:10.704834232633234 Actions:[[8, 3], [4, 5], [7, 5], [3, 1], [1, 2], [5, 4], [0, 5], [2, 0], [6, 4], [9, 5]]
2025-02-27 22:33:45,366 - INFO - episode:1873 totalReward:42.1246333995649 Actions:[[9, 5], [8, 3], [4, 5], [6, 0], [5, 4], [3, 1], [0, 0], [7, 5], [1, 2], [2, 4]]
2025-02-27 22:33:45,722 - INFO - episode:1874 totalReward:7.489915576726944 Actions:[[8, 3], [7, 1], [1, 0], [4, 1], [0, 0], [3, 1], [6, 1], [2, 5], [5, 2], [9, 2]]
2025-02-27 22:33:45,997 - INFO - episode:1875 totalReward:11.660760867067859 Actions:[[8, 3], [1, 1], [3, 2], [9, 5], [4, 1], [2, 0], [0, 2], [5, 5], [6, 4], [7, 2]]
2025-02-27 22:33:46,317 - INFO - episode:1876 totalReward:10.597763425823622 Actions:[[8, 3], [3, 5], [5, 0], [4, 5], [2, 0], [6, 2], [7, 5], [0, 4], [9, 0], [1, 1]]
2025-02-27 22:33:46,532 - INFO - episode:1877 totalReward:8.437688544447898 Actions:[[8, 3], [7, 0], [5, 5], [2, 5], [3, 4], [4, 1], [1, 0], [6, 5], [9, 5], [0, 1]]
2025-02-27 22:33:46,914 - INFO - episode:1878 totalReward:18.730182093162245 Actions:[[2, 3], [3, 4], [1, 1], [0, 2], [4, 4], [7, 0], [6, 0], [9, 4], [5, 4], [8, 5]]
2025-02-27 22:33:47,178 - INFO - episode:1879 totalReward:18.49861152369701 Actions:[[8, 3], [2, 5], [6, 2], [9, 0], [4, 1], [5, 0], [3, 2], [0, 0], [7, 4], [1, 1]]
2025-02-27 22:33:47,348 - INFO - episode:1880 totalReward:48.893596273880505 Actions:[[8, 3], [1, 1], [4, 0], [9, 4], [5, 4], [7, 1], [3, 2], [6, 2], [2, 5], [0, 5]]
2025-02-27 22:33:47,773 - INFO - episode:1881 totalReward:16.056354951210185 Actions:[[8, 3], [6, 5], [4, 0], [3, 2], [0, 4], [7, 0], [1, 4], [2, 0], [9, 2], [5, 2]]
2025-02-27 22:33:48,078 - INFO - episode:1882 totalReward:30.0040112457633 Actions:[[8, 3], [5, 2], [6, 5], [3, 0], [4, 4], [7, 4], [2, 1], [9, 1], [0, 1], [1, 5]]
2025-02-27 22:33:48,260 - INFO - episode:1883 totalReward:13.568661972053507 Actions:[[8, 3], [0, 2], [5, 5], [4, 5], [6, 5], [1, 1], [9, 2], [3, 1], [7, 5], [2, 0]]
2025-02-27 22:33:48,425 - INFO - episode:1884 totalReward:27.369002516422718 Actions:[[9, 4], [8, 3], [2, 5], [5, 1], [7, 5], [3, 4], [6, 2], [1, 2], [0, 0], [4, 4]]
2025-02-27 22:33:48,633 - INFO - episode:1885 totalReward:10.557158747782722 Actions:[[8, 3], [4, 5], [5, 5], [7, 4], [9, 0], [3, 1], [1, 0], [0, 5], [2, 4], [6, 1]]
2025-02-27 22:33:48,928 - INFO - episode:1886 totalReward:27.343021220801653 Actions:[[8, 3], [6, 0], [1, 0], [9, 4], [3, 4], [5, 2], [0, 5], [4, 2], [7, 1], [2, 2]]
2025-02-27 22:33:49,173 - INFO - episode:1887 totalReward:12.123315333909975 Actions:[[4, 3], [8, 4], [5, 0], [7, 2], [6, 0], [2, 0], [3, 1], [1, 5], [9, 2], [0, 2]]
2025-02-27 22:33:49,431 - INFO - episode:1888 totalReward:18.931387985882207 Actions:[[8, 3], [5, 5], [0, 2], [3, 2], [1, 1], [9, 1], [4, 0], [2, 0], [6, 5], [7, 0]]
2025-02-27 22:33:49,743 - INFO - episode:1889 totalReward:11.953307179027256 Actions:[[8, 5], [3, 2], [5, 2], [9, 2], [7, 2], [4, 1], [0, 0], [2, 3], [6, 4], [1, 4]]
2025-02-27 22:33:49,959 - INFO - episode:1890 totalReward:17.88029755582055 Actions:[[8, 3], [5, 1], [1, 2], [9, 4], [4, 0], [0, 5], [3, 1], [6, 5], [2, 4], [7, 5]]
2025-02-27 22:33:50,168 - INFO - episode:1891 totalReward:7.737936422288249 Actions:[[6, 4], [8, 1], [0, 2], [9, 0], [7, 2], [5, 2], [4, 2], [1, 3], [2, 0], [3, 0]]
2025-02-27 22:33:50,487 - INFO - episode:1892 totalReward:13.211485101985197 Actions:[[8, 3], [2, 2], [5, 2], [7, 5], [6, 0], [9, 2], [4, 4], [1, 5], [3, 2], [0, 0]]
2025-02-27 22:33:50,670 - INFO - episode:1893 totalReward:28.08853588808231 Actions:[[8, 3], [9, 0], [4, 5], [0, 2], [6, 4], [7, 4], [1, 2], [3, 1], [2, 5], [5, 4]]
2025-02-27 22:33:50,902 - INFO - episode:1894 totalReward:13.513100101595182 Actions:[[8, 3], [6, 2], [2, 0], [0, 0], [3, 2], [9, 4], [4, 2], [1, 5], [5, 2], [7, 5]]
2025-02-27 22:33:51,161 - INFO - episode:1895 totalReward:8.441968177357138 Actions:[[8, 3], [1, 4], [0, 0], [5, 0], [2, 0], [4, 1], [3, 2], [6, 2], [9, 4], [7, 0]]
2025-02-27 22:33:51,381 - INFO - episode:1896 totalReward:24.29984230231643 Actions:[[8, 3], [6, 5], [9, 0], [1, 4], [2, 2], [4, 4], [7, 1], [3, 1], [5, 2], [0, 5]]
2025-02-27 22:33:51,522 - INFO - episode:1897 totalReward:19.478060046041143 Actions:[[8, 3], [7, 1], [5, 1], [2, 1], [6, 4], [0, 5], [3, 2], [4, 0], [1, 0], [9, 1]]
2025-02-27 22:33:51,711 - INFO - episode:1898 totalReward:10.142493186263852 Actions:[[8, 3], [4, 0], [9, 1], [7, 1], [2, 2], [6, 4], [3, 0], [0, 1], [1, 2], [5, 4]]
2025-02-27 22:33:51,965 - INFO - episode:1899 totalReward:9.540011244191362 Actions:[[0, 4], [8, 3], [4, 1], [1, 1], [9, 4], [5, 0], [3, 4], [6, 4], [2, 0], [7, 0]]
2025-02-27 22:33:52,197 - INFO - episode:1900 totalReward:8.924313842556682 Actions:[[4, 3], [0, 3], [1, 0], [3, 0], [8, 1], [9, 4], [7, 4], [5, 4], [6, 3], [2, 3]]
2025-02-27 22:33:52,404 - INFO - episode:1901 totalReward:43.0987006940055 Actions:[[8, 3], [5, 4], [2, 2], [0, 4], [9, 5], [4, 0], [1, 5], [7, 1], [6, 1], [3, 2]]
2025-02-27 22:33:52,681 - INFO - episode:1902 totalReward:8.077349000580396 Actions:[[8, 3], [9, 1], [5, 1], [6, 5], [3, 5], [2, 2], [7, 2], [0, 2], [1, 0], [4, 2]]
2025-02-27 22:33:52,956 - INFO - episode:1903 totalReward:10.21045979096778 Actions:[[8, 3], [2, 1], [6, 4], [3, 5], [7, 5], [9, 2], [0, 4], [4, 4], [5, 1], [1, 2]]
2025-02-27 22:33:53,197 - INFO - episode:1904 totalReward:12.134634735500718 Actions:[[8, 3], [9, 4], [5, 5], [1, 4], [2, 0], [0, 0], [6, 2], [7, 1], [4, 0], [3, 2]]
2025-02-27 22:33:53,371 - INFO - episode:1905 totalReward:10.575120273806787 Actions:[[8, 3], [2, 5], [0, 0], [7, 1], [9, 0], [5, 2], [6, 1], [4, 1], [1, 2], [3, 5]]
2025-02-27 22:33:53,600 - INFO - episode:1906 totalReward:32.41231970648835 Actions:[[8, 3], [4, 2], [1, 5], [5, 0], [7, 4], [9, 0], [2, 5], [3, 2], [6, 1], [0, 0]]
2025-02-27 22:33:53,848 - INFO - episode:1907 totalReward:15.975812658593416 Actions:[[8, 3], [7, 1], [4, 4], [6, 0], [3, 1], [1, 5], [5, 4], [9, 2], [2, 2], [0, 1]]
2025-02-27 22:33:54,303 - INFO - episode:1908 totalReward:10.87257569482955 Actions:[[8, 3], [4, 5], [0, 1], [9, 0], [5, 1], [7, 0], [3, 5], [2, 1], [6, 1], [1, 2]]
2025-02-27 22:33:54,536 - INFO - episode:1909 totalReward:10.107869556997667 Actions:[[7, 4], [8, 3], [0, 1], [9, 0], [2, 2], [5, 1], [1, 2], [3, 1], [6, 0], [4, 1]]
2025-02-27 22:33:54,800 - INFO - episode:1910 totalReward:21.53934727650492 Actions:[[8, 3], [9, 1], [0, 4], [1, 5], [7, 1], [4, 2], [6, 5], [2, 4], [3, 2], [5, 4]]
2025-02-27 22:33:55,065 - INFO - episode:1911 totalReward:37.91447331678189 Actions:[[8, 3], [3, 1], [1, 5], [5, 2], [2, 4], [0, 2], [7, 1], [4, 0], [6, 0], [9, 2]]
2025-02-27 22:33:55,253 - INFO - episode:1912 totalReward:13.82589788738667 Actions:[[8, 3], [2, 0], [0, 5], [9, 0], [4, 1], [5, 2], [3, 0], [1, 5], [6, 1], [7, 4]]
2025-02-27 22:33:55,783 - INFO - episode:1913 totalReward:7.447752722699967 Actions:[[1, 1], [6, 0], [3, 4], [5, 1], [0, 4], [4, 5], [7, 4], [9, 4], [2, 5], [8, 2]]
2025-02-27 22:33:56,099 - INFO - episode:1914 totalReward:11.265351794946621 Actions:[[8, 3], [5, 1], [9, 1], [2, 2], [7, 5], [0, 4], [6, 0], [1, 4], [3, 1], [4, 5]]
2025-02-27 22:33:56,230 - INFO - episode:1915 totalReward:18.133471470180474 Actions:[[8, 3], [5, 0], [2, 1], [9, 0], [7, 0], [4, 4], [6, 2], [3, 1], [1, 5], [0, 5]]
2025-02-27 22:33:56,471 - INFO - episode:1916 totalReward:17.73781210038677 Actions:[[8, 4], [7, 0], [3, 5], [9, 1], [2, 5], [5, 1], [4, 2], [0, 5], [6, 0], [1, 2]]
2025-02-27 22:33:56,770 - INFO - episode:1917 totalReward:35.90349753298427 Actions:[[8, 3], [0, 5], [2, 1], [6, 0], [4, 0], [9, 4], [3, 2], [1, 1], [5, 5], [7, 0]]
2025-02-27 22:33:56,986 - INFO - episode:1918 totalReward:8.660887970449478 Actions:[[1, 3], [8, 4], [0, 0], [7, 1], [9, 2], [5, 3], [2, 2], [3, 1], [6, 2], [4, 1]]
2025-02-27 22:33:57,465 - INFO - episode:1919 totalReward:13.110276681790065 Actions:[[1, 3], [7, 4], [4, 2], [0, 2], [2, 1], [5, 4], [8, 5], [6, 3], [3, 1], [9, 2]]
2025-02-27 22:33:57,818 - INFO - episode:1920 totalReward:13.194865712022208 Actions:[[8, 3], [2, 1], [5, 1], [6, 1], [3, 0], [9, 0], [0, 2], [4, 2], [7, 0], [1, 5]]
2025-02-27 22:33:58,167 - INFO - episode:1921 totalReward:11.738591777837067 Actions:[[8, 3], [2, 0], [4, 2], [7, 0], [6, 5], [3, 2], [0, 0], [9, 5], [5, 2], [1, 1]]
2025-02-27 22:33:58,398 - INFO - episode:1922 totalReward:11.555092850951393 Actions:[[8, 3], [3, 0], [7, 1], [4, 4], [2, 4], [9, 5], [6, 4], [5, 5], [0, 1], [1, 0]]
2025-02-27 22:33:58,551 - INFO - episode:1923 totalReward:19.467130546506063 Actions:[[0, 1], [8, 5], [3, 0], [2, 3], [1, 0], [6, 4], [9, 2], [7, 4], [5, 2], [4, 4]]
2025-02-27 22:33:58,718 - INFO - episode:1924 totalReward:12.052131631515815 Actions:[[8, 3], [5, 1], [4, 5], [0, 4], [2, 1], [6, 1], [9, 5], [1, 2], [3, 4], [7, 1]]
2025-02-27 22:33:59,008 - INFO - episode:1925 totalReward:8.716236094411835 Actions:[[8, 3], [1, 1], [4, 5], [6, 1], [7, 5], [9, 4], [2, 2], [0, 4], [3, 5], [5, 4]]
2025-02-27 22:33:59,195 - INFO - episode:1926 totalReward:17.036733392101613 Actions:[[8, 3], [9, 1], [7, 0], [6, 5], [0, 1], [3, 5], [4, 2], [5, 5], [2, 2], [1, 4]]
2025-02-27 22:33:59,414 - INFO - episode:1927 totalReward:10.379951950455732 Actions:[[8, 3], [4, 1], [5, 0], [6, 2], [0, 0], [2, 2], [9, 1], [3, 5], [1, 5], [7, 0]]
2025-02-27 22:33:59,773 - INFO - episode:1928 totalReward:19.80798546339352 Actions:[[9, 1], [7, 0], [5, 5], [0, 5], [8, 4], [6, 2], [2, 0], [3, 3], [4, 5], [1, 1]]
2025-02-27 22:34:00,186 - INFO - episode:1929 totalReward:52.531667890153464 Actions:[[8, 4], [5, 5], [9, 5], [3, 2], [6, 1], [2, 1], [1, 3], [0, 2], [4, 0], [7, 0]]
2025-02-27 22:34:00,448 - INFO - episode:1930 totalReward:8.920609105317242 Actions:[[8, 4], [7, 3], [1, 1], [5, 2], [6, 0], [2, 3], [9, 5], [0, 3], [3, 3], [4, 2]]
2025-02-27 22:34:00,609 - INFO - episode:1931 totalReward:17.202191548542 Actions:[[8, 3], [2, 2], [1, 1], [0, 5], [3, 0], [7, 4], [4, 1], [6, 4], [5, 5], [9, 4]]
2025-02-27 22:34:00,941 - INFO - episode:1932 totalReward:9.574835252047649 Actions:[[8, 3], [9, 4], [2, 1], [5, 0], [3, 0], [1, 4], [6, 1], [7, 1], [0, 1], [4, 5]]
2025-02-27 22:34:01,151 - INFO - episode:1933 totalReward:20.377225715523746 Actions:[[8, 3], [3, 5], [9, 5], [6, 4], [0, 1], [4, 0], [7, 2], [2, 4], [5, 0], [1, 2]]
2025-02-27 22:34:01,368 - INFO - episode:1934 totalReward:13.882437092895334 Actions:[[8, 3], [7, 1], [9, 0], [1, 4], [0, 1], [3, 1], [4, 2], [5, 0], [6, 5], [2, 4]]
2025-02-27 22:34:01,605 - INFO - episode:1935 totalReward:24.663761814101655 Actions:[[8, 3], [7, 4], [1, 5], [9, 0], [4, 4], [0, 2], [3, 2], [6, 5], [2, 4], [5, 1]]
2025-02-27 22:34:01,854 - INFO - episode:1936 totalReward:14.342080978903557 Actions:[[8, 3], [9, 5], [1, 5], [6, 0], [4, 1], [3, 2], [7, 0], [2, 2], [5, 4], [0, 1]]
2025-02-27 22:34:02,961 - INFO - episode:1937 totalReward:20.980960447035795 Actions:[[5, 3], [3, 1], [1, 3], [2, 0], [4, 2], [6, 0], [0, 2], [7, 4], [9, 4], [8, 5]]
2025-02-27 22:34:03,137 - INFO - episode:1938 totalReward:8.687717753676045 Actions:[[5, 4], [7, 1], [8, 3], [9, 2], [0, 1], [2, 2], [4, 2], [6, 1], [1, 5], [3, 1]]
2025-02-27 22:34:03,385 - INFO - episode:1939 totalReward:7.134449614769986 Actions:[[8, 3], [9, 1], [2, 4], [1, 0], [0, 0], [7, 1], [5, 1], [6, 4], [3, 1], [4, 4]]
2025-02-27 22:34:03,576 - INFO - episode:1940 totalReward:17.59237887985912 Actions:[[6, 4], [2, 0], [1, 5], [8, 3], [9, 4], [0, 5], [5, 1], [4, 0], [3, 4], [7, 1]]
2025-02-27 22:34:03,829 - INFO - episode:1941 totalReward:9.248205629236786 Actions:[[8, 3], [0, 0], [6, 0], [4, 5], [9, 1], [1, 1], [5, 0], [7, 5], [3, 0], [2, 5]]
2025-02-27 22:34:04,038 - INFO - episode:1942 totalReward:28.870142655650568 Actions:[[8, 3], [1, 0], [6, 5], [3, 4], [7, 1], [9, 1], [0, 2], [4, 2], [5, 5], [2, 4]]
2025-02-27 22:34:04,363 - INFO - episode:1943 totalReward:7.996010560252504 Actions:[[7, 1], [8, 0], [6, 1], [2, 3], [5, 3], [9, 3], [4, 1], [3, 1], [0, 3], [1, 5]]
2025-02-27 22:34:04,534 - INFO - episode:1944 totalReward:18.26185852756185 Actions:[[5, 3], [7, 3], [0, 5], [8, 1], [3, 3], [6, 5], [9, 0], [2, 2], [1, 2], [4, 4]]
2025-02-27 22:34:04,752 - INFO - episode:1945 totalReward:12.722967784312042 Actions:[[3, 1], [8, 3], [7, 1], [2, 4], [6, 2], [1, 4], [9, 1], [5, 5], [4, 1], [0, 2]]
2025-02-27 22:34:04,953 - INFO - episode:1946 totalReward:15.885678005034128 Actions:[[8, 0], [5, 3], [0, 3], [9, 5], [4, 4], [6, 5], [3, 1], [7, 2], [2, 5], [1, 2]]
2025-02-27 22:34:05,451 - INFO - episode:1947 totalReward:14.711349433751673 Actions:[[0, 3], [6, 0], [3, 5], [4, 1], [9, 0], [2, 3], [5, 5], [7, 3], [1, 4], [8, 2]]
2025-02-27 22:34:05,703 - INFO - episode:1948 totalReward:18.112066903793053 Actions:[[2, 5], [4, 0], [0, 1], [3, 4], [5, 1], [7, 4], [9, 4], [6, 2], [1, 5], [8, 3]]
2025-02-27 22:34:05,903 - INFO - episode:1949 totalReward:9.915674496111762 Actions:[[8, 1], [2, 3], [6, 2], [7, 2], [0, 2], [1, 4], [9, 5], [4, 5], [3, 4], [5, 2]]
2025-02-27 22:34:06,071 - INFO - episode:1950 totalReward:13.477998731653537 Actions:[[8, 1], [2, 0], [0, 5], [6, 2], [9, 3], [5, 4], [3, 4], [4, 2], [1, 5], [7, 4]]
2025-02-27 22:34:06,342 - INFO - episode:1951 totalReward:11.79841356330099 Actions:[[8, 0], [0, 4], [3, 5], [9, 1], [7, 3], [5, 5], [4, 4], [2, 4], [6, 5], [1, 1]]
2025-02-27 22:34:06,525 - INFO - episode:1952 totalReward:0 Actions:[[7, 3], [6, 4], [1, 1], [5, 0], [9, 1], [3, 4], [2, 3], [4, 2], [0, 5]]
2025-02-27 22:34:06,758 - INFO - episode:1953 totalReward:12.042128819338052 Actions:[[8, 3], [4, 1], [9, 5], [3, 4], [2, 0], [5, 5], [7, 5], [6, 5], [1, 2], [0, 4]]
2025-02-27 22:34:07,140 - INFO - episode:1954 totalReward:23.92435595269299 Actions:[[6, 2], [9, 2], [0, 0], [4, 1], [7, 3], [2, 0], [5, 0], [3, 3], [8, 4], [1, 5]]
2025-02-27 22:34:07,379 - INFO - episode:1955 totalReward:18.495139017473186 Actions:[[8, 0], [4, 4], [1, 2], [0, 2], [2, 3], [5, 1], [3, 5], [9, 5], [6, 1], [7, 3]]
2025-02-27 22:34:07,785 - INFO - episode:1956 totalReward:46.49528071059521 Actions:[[7, 5], [9, 5], [6, 0], [0, 3], [5, 0], [2, 3], [1, 4], [3, 1], [4, 5], [8, 2]]
2025-02-27 22:34:08,006 - INFO - episode:1957 totalReward:38.640871247555886 Actions:[[7, 3], [5, 5], [2, 1], [3, 3], [1, 2], [4, 3], [6, 1], [9, 5], [0, 0], [8, 4]]
2025-02-27 22:34:08,195 - INFO - episode:1958 totalReward:25.38572434906892 Actions:[[8, 4], [2, 0], [1, 3], [9, 5], [7, 0], [0, 2], [6, 5], [3, 0], [5, 3], [4, 1]]
2025-02-27 22:34:09,538 - INFO - episode:1959 totalReward:19.875258474983283 Actions:[[3, 0], [1, 2], [9, 0], [6, 2], [0, 5], [2, 5], [5, 3], [4, 3], [7, 4], [8, 1]]
2025-02-27 22:34:09,851 - INFO - episode:1960 totalReward:23.027820638340675 Actions:[[8, 3], [4, 0], [7, 1], [3, 4], [6, 4], [1, 5], [5, 5], [9, 2], [0, 4], [2, 1]]
2025-02-27 22:34:10,135 - INFO - episode:1961 totalReward:12.154450760943629 Actions:[[7, 0], [2, 4], [9, 1], [1, 1], [0, 0], [4, 0], [5, 5], [3, 3], [6, 5], [8, 2]]
2025-02-27 22:34:10,412 - INFO - episode:1962 totalReward:17.710335666940697 Actions:[[2, 0], [5, 3], [8, 5], [9, 3], [1, 0], [0, 3], [6, 1], [7, 1], [3, 2], [4, 1]]
2025-02-27 22:34:10,684 - INFO - episode:1963 totalReward:29.061113611224236 Actions:[[8, 3], [6, 0], [4, 2], [2, 2], [9, 4], [7, 5], [5, 5], [3, 5], [0, 1], [1, 4]]
2025-02-27 22:34:10,913 - INFO - episode:1964 totalReward:20.57283594535672 Actions:[[8, 3], [0, 1], [6, 1], [2, 5], [5, 0], [3, 5], [1, 4], [9, 0], [4, 4], [7, 5]]
2025-02-27 22:34:11,144 - INFO - episode:1965 totalReward:19.193687409794034 Actions:[[7, 0], [2, 3], [8, 4], [9, 3], [1, 0], [0, 2], [3, 5], [4, 3], [5, 5], [6, 1]]
2025-02-27 22:34:11,371 - INFO - episode:1966 totalReward:10.597919961651645 Actions:[[8, 3], [0, 4], [6, 4], [2, 1], [5, 5], [7, 5], [4, 5], [3, 1], [9, 0], [1, 0]]
2025-02-27 22:34:11,662 - INFO - episode:1967 totalReward:38.51888905378771 Actions:[[8, 3], [6, 5], [3, 4], [1, 4], [0, 2], [9, 0], [4, 1], [5, 2], [7, 5], [2, 1]]
2025-02-27 22:34:11,845 - INFO - episode:1968 totalReward:12.37481622576938 Actions:[[7, 0], [3, 0], [8, 3], [1, 5], [5, 0], [4, 1], [0, 4], [2, 0], [9, 5], [6, 4]]
2025-02-27 22:34:12,078 - INFO - episode:1969 totalReward:22.696097168306952 Actions:[[8, 3], [7, 0], [2, 4], [3, 4], [4, 1], [9, 2], [6, 1], [5, 5], [1, 5], [0, 4]]
2025-02-27 22:34:12,369 - INFO - episode:1970 totalReward:10.07285348498792 Actions:[[8, 3], [2, 1], [7, 1], [6, 4], [1, 5], [4, 2], [3, 1], [9, 5], [0, 2], [5, 1]]
2025-02-27 22:34:12,717 - INFO - episode:1971 totalReward:12.210530084540713 Actions:[[8, 3], [6, 2], [0, 1], [3, 5], [1, 0], [4, 0], [9, 2], [2, 1], [5, 4], [7, 1]]
2025-02-27 22:34:12,889 - INFO - episode:1972 totalReward:15.841936009367826 Actions:[[8, 3], [4, 5], [7, 0], [2, 2], [9, 4], [5, 2], [6, 2], [0, 4], [3, 4], [1, 1]]
2025-02-27 22:34:13,068 - INFO - episode:1973 totalReward:23.70643315483425 Actions:[[5, 2], [3, 0], [0, 2], [8, 4], [6, 5], [1, 5], [7, 0], [9, 1], [4, 1], [2, 2]]
2025-02-27 22:34:13,290 - INFO - episode:1974 totalReward:11.878229766943107 Actions:[[3, 0], [8, 4], [5, 2], [7, 1], [9, 1], [4, 5], [2, 5], [0, 0], [1, 2], [6, 0]]
2025-02-27 22:34:13,537 - INFO - episode:1975 totalReward:16.26700753117105 Actions:[[8, 3], [7, 2], [0, 1], [2, 2], [5, 0], [3, 2], [1, 1], [6, 5], [4, 5], [9, 0]]
2025-02-27 22:34:13,759 - INFO - episode:1976 totalReward:13.850138905345352 Actions:[[8, 1], [2, 3], [0, 5], [1, 5], [4, 0], [6, 2], [5, 3], [9, 4], [3, 3], [7, 4]]
2025-02-27 22:34:13,921 - INFO - episode:1977 totalReward:15.8827043126305 Actions:[[8, 3], [1, 4], [6, 0], [3, 1], [0, 1], [2, 0], [9, 0], [4, 2], [5, 2], [7, 2]]
2025-02-27 22:34:14,189 - INFO - episode:1978 totalReward:7.348135574180885 Actions:[[8, 3], [1, 0], [9, 0], [6, 1], [4, 2], [2, 2], [3, 2], [0, 1], [5, 2], [7, 1]]
2025-02-27 22:34:14,371 - INFO - episode:1979 totalReward:8.332499380318211 Actions:[[8, 3], [9, 0], [7, 1], [4, 0], [1, 4], [6, 2], [3, 2], [2, 0], [0, 0], [5, 4]]
2025-02-27 22:34:14,683 - INFO - episode:1980 totalReward:10.714937947078205 Actions:[[8, 3], [7, 0], [2, 2], [9, 0], [1, 5], [3, 4], [6, 2], [5, 4], [0, 4], [4, 4]]
2025-02-27 22:34:14,981 - INFO - episode:1981 totalReward:30.762210762889836 Actions:[[8, 3], [5, 1], [7, 5], [2, 1], [9, 0], [1, 4], [6, 5], [4, 0], [0, 2], [3, 1]]
2025-02-27 22:34:15,228 - INFO - episode:1982 totalReward:11.154386756292562 Actions:[[8, 3], [6, 5], [1, 0], [3, 4], [7, 4], [2, 4], [0, 5], [5, 2], [9, 5], [4, 2]]
2025-02-27 22:34:15,478 - INFO - episode:1983 totalReward:19.370627440308418 Actions:[[8, 3], [3, 5], [2, 0], [7, 2], [9, 4], [1, 4], [6, 2], [4, 5], [0, 0], [5, 2]]
2025-02-27 22:34:15,666 - INFO - episode:1984 totalReward:9.601041112566824 Actions:[[2, 0], [8, 3], [6, 5], [9, 4], [3, 0], [5, 0], [7, 4], [4, 1], [1, 1], [0, 0]]
2025-02-27 22:34:15,983 - INFO - episode:1985 totalReward:6.303752374660727 Actions:[[8, 3], [9, 5], [0, 1], [7, 1], [3, 1], [4, 1], [2, 5], [1, 0], [5, 0], [6, 5]]
2025-02-27 22:34:16,193 - INFO - episode:1986 totalReward:20.506254044681167 Actions:[[8, 3], [2, 4], [0, 1], [7, 2], [4, 0], [6, 4], [9, 0], [3, 5], [1, 1], [5, 2]]
2025-02-27 22:34:16,438 - INFO - episode:1987 totalReward:14.445986248592297 Actions:[[8, 3], [5, 0], [4, 0], [7, 0], [9, 0], [0, 5], [1, 5], [3, 2], [6, 2], [2, 4]]
2025-02-27 22:34:16,767 - INFO - episode:1988 totalReward:22.850629264958833 Actions:[[8, 3], [1, 0], [2, 1], [9, 5], [5, 0], [6, 2], [7, 1], [0, 4], [4, 5], [3, 4]]
2025-02-27 22:34:17,003 - INFO - episode:1989 totalReward:10.206028411259885 Actions:[[8, 3], [3, 4], [5, 5], [2, 1], [1, 2], [9, 2], [0, 5], [6, 1], [7, 5], [4, 4]]
2025-02-27 22:34:17,159 - INFO - episode:1990 totalReward:13.734130173243749 Actions:[[0, 1], [2, 0], [9, 0], [7, 3], [8, 5], [6, 3], [4, 0], [1, 4], [5, 3], [3, 1]]
2025-02-27 22:34:17,308 - INFO - episode:1991 totalReward:15.28399399721933 Actions:[[9, 1], [3, 0], [2, 0], [7, 0], [8, 5], [4, 3], [0, 1], [1, 4], [5, 2], [6, 3]]
2025-02-27 22:34:17,512 - INFO - episode:1992 totalReward:9.302515157442686 Actions:[[8, 3], [6, 1], [9, 5], [3, 2], [5, 2], [1, 5], [2, 2], [0, 1], [4, 2], [7, 0]]
2025-02-27 22:34:17,650 - INFO - episode:1993 totalReward:14.640818974910161 Actions:[[8, 3], [2, 2], [7, 2], [3, 5], [4, 2], [5, 5], [1, 4], [9, 0], [6, 0], [0, 5]]
2025-02-27 22:34:17,907 - INFO - episode:1994 totalReward:15.406290344441736 Actions:[[8, 3], [4, 0], [6, 0], [5, 0], [3, 4], [9, 0], [7, 4], [1, 5], [2, 2], [0, 1]]
2025-02-27 22:34:18,196 - INFO - episode:1995 totalReward:22.466824960036536 Actions:[[8, 3], [0, 2], [3, 2], [9, 5], [2, 2], [5, 5], [1, 1], [6, 4], [7, 1], [4, 0]]
2025-02-27 22:34:18,387 - INFO - episode:1996 totalReward:9.726070030343614 Actions:[[8, 3], [3, 5], [5, 5], [9, 2], [7, 0], [4, 2], [0, 1], [6, 2], [2, 2], [1, 1]]
2025-02-27 22:34:18,571 - INFO - episode:1997 totalReward:23.441645832097805 Actions:[[8, 3], [1, 4], [6, 0], [9, 2], [2, 5], [5, 5], [3, 1], [4, 0], [7, 4], [0, 1]]
2025-02-27 22:34:18,843 - INFO - episode:1998 totalReward:13.811978923509407 Actions:[[8, 3], [5, 0], [3, 0], [1, 2], [6, 2], [9, 5], [7, 5], [4, 1], [2, 1], [0, 0]]
2025-02-27 22:34:19,091 - INFO - episode:1999 totalReward:19.649156622413106 Actions:[[8, 3], [5, 0], [4, 5], [1, 4], [7, 4], [9, 5], [0, 0], [2, 5], [6, 0], [3, 2]]
2025-02-27 22:34:19,091 - INFO - maxReward:76.85875024464622 maxActions:[[8, 3], [4, 2], [7, 0], [9, 1], [2, 5], [3, 1], [1, 4], [0, 5], [5, 0], [6, 2]]
2025-02-27 22:34:19,112 - INFO - Started server process [3319406]
2025-02-27 22:34:19,112 - INFO - Waiting for application startup.
2025-02-27 22:34:19,112 - INFO - Application startup complete.
2025-02-27 22:34:19,113 - INFO - Uvicorn running on http://0.0.0.0:5011 (Press CTRL+C to quit)
2025-02-27 23:10:58,759 - INFO - episode:2057 totalReward:-5 Actions:[[1, 5], [7, 2], [5, 1], [3, 0], [0, 1], [8, 4], [6, 1], [2, 0], [9, 1], [4, 3]]
2025-02-27 23:10:59,641 - INFO - episode:2058 totalReward:-5 Actions:[[1, 5], [9, 5], [2, 1], [7, 1], [0, 0], [3, 3], [6, 2], [5, 3], [4, 2], [8, 4]]
2025-02-27 23:10:59,896 - INFO - episode:2059 totalReward:0 Actions:[[1, 5], [5, 1], [7, 2], [9, 4], [3, 2], [4, 3], [2, 5], [0, 3], [6, 0]]
2025-02-27 23:11:00,181 - INFO - episode:2060 totalReward:-5 Actions:[[1, 5], [5, 1], [0, 2], [2, 5], [3, 0], [7, 1], [4, 3], [8, 4], [9, 3], [6, 3]]
2025-02-27 23:11:00,451 - INFO - episode:2061 totalReward:-5 Actions:[[1, 5], [5, 2], [6, 2], [8, 3], [0, 0], [3, 0], [2, 1], [7, 1], [9, 2], [4, 1]]
2025-02-27 23:11:01,021 - INFO - episode:2062 totalReward:0 Actions:[[1, 5], [5, 0], [4, 2], [3, 5], [2, 4], [6, 1], [0, 3], [7, 3], [9, 2]]
2025-02-27 23:11:01,412 - INFO - episode:2063 totalReward:-5 Actions:[[1, 5], [4, 5], [9, 0], [6, 1], [8, 2], [3, 0], [0, 4], [5, 3], [7, 1], [2, 1]]
2025-02-27 23:11:01,761 - INFO - episode:2064 totalReward:0 Actions:[[3, 5], [1, 5], [5, 1], [4, 2], [2, 1], [0, 2], [6, 3], [7, 0], [9, 4]]
2025-02-27 23:11:02,265 - INFO - episode:2065 totalReward:-5 Actions:[[1, 5], [6, 3], [3, 3], [0, 2], [9, 3], [7, 5], [5, 3], [2, 0], [4, 4], [8, 1]]
2025-02-27 23:11:02,639 - INFO - episode:2066 totalReward:-5 Actions:[[1, 5], [7, 1], [6, 4], [3, 1], [0, 4], [9, 3], [2, 3], [5, 4], [4, 1], [8, 2]]
2025-02-27 23:11:03,157 - INFO - episode:2067 totalReward:-5 Actions:[[1, 5], [9, 3], [6, 0], [5, 5], [7, 3], [3, 0], [8, 1], [2, 4], [0, 4], [4, 2]]
2025-02-27 23:11:04,145 - INFO - episode:2068 totalReward:-5 Actions:[[1, 5], [3, 5], [4, 0], [0, 0], [9, 4], [6, 3], [7, 2], [2, 3], [5, 3], [8, 1]]
2025-02-27 23:11:04,585 - INFO - episode:2069 totalReward:-5 Actions:[[1, 5], [6, 5], [9, 3], [4, 0], [0, 3], [3, 0], [8, 4], [7, 0], [5, 1], [2, 1]]
2025-02-27 23:11:04,909 - INFO - episode:2070 totalReward:-5 Actions:[[1, 5], [7, 5], [8, 1], [6, 2], [9, 3], [4, 2], [0, 0], [5, 2], [3, 3], [2, 4]]
2025-02-27 23:11:05,510 - INFO - episode:2071 totalReward:-5 Actions:[[1, 5], [4, 3], [9, 0], [0, 1], [7, 0], [2, 0], [3, 3], [5, 4], [8, 2], [6, 0]]
2025-02-27 23:11:05,714 - INFO - episode:2072 totalReward:0 Actions:[[1, 5], [4, 4], [5, 2], [9, 0], [7, 0], [3, 0], [6, 3], [0, 1], [2, 1]]
2025-02-27 23:11:06,148 - INFO - episode:2073 totalReward:-5 Actions:[[1, 5], [6, 1], [2, 5], [7, 2], [0, 4], [3, 2], [9, 4], [8, 3], [4, 0], [5, 1]]
2025-02-28 02:37:19,868 - INFO - episode:2997 totalReward:122.90962181072939 Actions:[[5, 0], [3, 2], [0, 1], [8, 5], [1, 2], [4, 0], [2, 4], [7, 3], [9, 0], [6, 1]]
2025-02-28 02:37:19,964 - INFO - episode:2998 totalReward:129.24022998507328 Actions:[[5, 0], [3, 3], [7, 1], [6, 4], [2, 5], [0, 5], [4, 4], [8, 2], [1, 1], [9, 5]]
2025-02-28 02:37:20,036 - INFO - episode:2999 totalReward:172.62502146231833 Actions:[[5, 0], [3, 3], [1, 4], [0, 4], [8, 1], [9, 3], [2, 2], [6, 5], [7, 5], [4, 0]]
2026-03-23 20:12:34,263 - INFO - episode:runtime totalReward:-1 Actions:[[0, 3], [1, 5], [2, 3], [3, 0], [4, 5], [5, 3], [6, 1], [7, 2], [8, 4], [9, 2]]
2026-03-23 20:23:30,042 - INFO - episode:runtime totalReward:-1 Actions:[[0, 5], [1, 4], [2, 0], [3, 0], [4, 1], [5, 0], [6, 3], [7, 5], [8, 2], [9, 0]]
2026-03-23 20:29:30,671 - INFO - episode:runtime totalReward:-1 Actions:[[0, 3], [1, 4], [2, 3], [3, 4], [4, 1], [5, 2], [6, 3], [7, 5], [8, 0], [9, 2]]
2026-03-23 20:34:30,023 - INFO - episode:runtime totalReward:-1 Actions:[[0, 2], [1, 2], [2, 1], [3, 0], [4, 0], [5, 1], [6, 4], [7, 5], [8, 3], [9, 5]]
2026-03-23 22:08:26,175 - INFO - episode:runtime totalReward:-1 Actions:[[0, 0], [1, 4], [2, 0], [3, 2], [4, 1], [5, 4], [6, 0], [7, 1], [8, 5], [9, 0]]
2026-03-24 19:33:31,739 - INFO - episode:runtime totalReward:-1 Actions:[[0, 3], [1, 1], [2, 1], [3, 5], [4, 5], [5, 4], [6, 2], [7, 0], [8, 0], [9, 3]]
2026-03-24 20:16:06,878 - INFO - episode:runtime totalReward:-1 Actions:[[0, 4], [1, 3], [2, 5], [3, 0], [4, 3], [5, 1], [6, 1], [7, 0], [8, 2], [9, 5]]
2026-03-24 20:18:24,367 - INFO - episode:runtime totalReward:-1 Actions:[[0, 4], [1, 3], [2, 1], [3, 0], [4, 3], [5, 2], [6, 1], [7, 0], [8, 5], [9, 2]]
2026-03-24 20:18:58,176 - INFO - episode:runtime totalReward:-1 Actions:[[0, 0], [1, 1], [2, 5], [3, 2], [4, 2], [5, 5], [6, 3], [7, 1], [8, 4], [9, 4]]
2026-03-24 20:19:31,418 - INFO - episode:runtime totalReward:-1 Actions:[[0, 3], [1, 5], [2, 0], [3, 4], [4, 4], [5, 5], [6, 0], [7, 2], [8, 2], [9, 1]]
2026-03-24 20:19:52,684 - INFO - episode:runtime totalReward:-1 Actions:[[0, 2], [1, 3], [2, 0], [3, 0], [4, 3], [5, 1], [6, 5], [7, 5], [8, 4], [9, 1]]
2026-03-24 20:57:14,376 - INFO - episode:runtime totalReward:-1 Actions:[[0, 1], [1, 0], [2, 5], [3, 5], [4, 3], [5, 2]]
2026-03-24 20:57:50,433 - INFO - episode:runtime totalReward:-1 Actions:[[0, 0], [1, 5], [2, 3], [3, 4], [4, 1], [5, 4]]
2026-03-24 21:03:49,830 - INFO - episode:runtime totalReward:-1 Actions:[[0, 0], [1, 2], [2, 4], [3, 1], [4, 4], [5, 1], [6, 3], [7, 3], [8, 4], [9, 2]]
2026-03-24 21:05:18,100 - INFO - episode:runtime totalReward:-1 Actions:[[0, 0], [1, 2], [2, 1], [3, 1], [4, 3], [5, 5], [6, 5], [7, 3], [8, 2], [9, 4]]
2026-03-24 21:07:28,459 - INFO - episode:runtime totalReward:-1 Actions:[[0, 1], [1, 5], [2, 0], [3, 0], [4, 2], [5, 5], [6, 4], [7, 3], [8, 4], [9, 4]]
2026-03-24 21:08:32,885 - INFO - episode:runtime totalReward:-1 Actions:[[0, 0], [1, 2], [2, 2], [3, 5], [4, 4], [5, 5], [6, 4], [7, 1], [8, 3], [9, 3]]
2026-03-24 21:10:43,063 - INFO - episode:runtime totalReward:-1 Actions:[[0, 2], [1, 0], [2, 0], [3, 4], [4, 5], [5, 5], [6, 3], [7, 4], [8, 3], [9, 2]]
2026-03-24 21:11:38,615 - INFO - episode:runtime totalReward:-1 Actions:[[0, 3], [1, 1], [2, 1], [3, 2], [4, 2], [5, 0], [6, 5], [7, 5], [8, 4], [9, 4]]
2026-03-24 21:12:18,667 - INFO - episode:runtime totalReward:-1 Actions:[[0, 5], [1, 4], [2, 1], [3, 2], [4, 0], [5, 1], [6, 3], [7, 3], [8, 4], [9, 5]]
2026-03-24 21:18:33,921 - INFO - episode:runtime totalReward:-1 Actions:[[0, 3], [1, 5], [2, 4], [3, 1], [4, 1], [5, 3]]
2026-03-24 21:19:33,508 - INFO - episode:runtime totalReward:-1 Actions:[[0, 5], [1, 2], [2, 5], [3, 5], [4, 4], [5, 1]]
2026-03-24 21:20:03,658 - INFO - episode:runtime totalReward:-1 Actions:[[0, 1], [1, 3], [2, 1], [3, 1], [4, 4], [5, 5]]
2026-03-24 21:23:06,382 - INFO - episode:runtime totalReward:-1 Actions:[[0, 3], [1, 3], [2, 1], [3, 5], [4, 0], [5, 2]]
2026-03-24 21:23:38,520 - INFO - episode:runtime totalReward:-1 Actions:[[0, 3], [1, 1], [2, 2], [3, 3], [4, 2], [5, 5]]
