2026-03-25 23:48:55,963 - INFO - episode:0 totalReward:0 Actions:[[7, 4], [9, 5], [5, 0], [6, 3], [3, 2], [4, 4], [2, 2], [1, 1], [8, 3]]
2026-03-25 23:48:56,016 - INFO - episode:1 totalReward:-100 Actions:[[8, 1], [7, 1], [0, 3], [9, 0], [3, 4], [4, 2], [5, 2], [1, 0], [6, 5], [2, 4]]
2026-03-25 23:48:56,061 - INFO - episode:2 totalReward:-100 Actions:[[1, 2], [0, 4], [6, 1], [7, 1], [8, 0], [2, 3], [9, 2], [4, 3], [3, 0], [5, 5]]
2026-03-25 23:48:56,178 - INFO - episode:3 totalReward:-100 Actions:[[7, 1], [9, 1], [6, 4], [4, 5], [5, 4], [1, 5], [8, 2], [3, 2], [0, 0], [2, 3]]
2026-03-25 23:48:56,186 - INFO - episode:4 totalReward:-100 Actions:[[5, 4], [6, 3], [9, 3], [8, 5], [7, 1], [4, 0], [3, 5], [0, 2], [1, 0], [2, 1]]
2026-03-25 23:48:56,239 - INFO - episode:5 totalReward:-100 Actions:[[2, 1], [7, 1], [4, 3], [6, 2], [0, 5], [9, 3], [1, 2], [3, 4], [8, 0], [5, 0]]
2026-03-25 23:48:56,277 - INFO - episode:6 totalReward:0 Actions:[[7, 1], [1, 4], [4, 5], [3, 1], [8, 3], [9, 2], [6, 5], [2, 2], [0, 0]]
2026-03-25 23:48:56,306 - INFO - episode:7 totalReward:266.21030002423066 Actions:[[2, 0], [7, 1], [9, 2], [0, 4], [6, 0], [3, 1], [1, 3], [4, 3], [8, 5], [5, 2]]
2026-03-25 23:48:56,390 - INFO - episode:8 totalReward:-100 Actions:[[0, 0], [3, 4], [7, 1], [4, 5], [2, 4], [6, 3], [5, 5], [9, 2], [8, 3], [1, 1]]
2026-03-25 23:48:56,435 - INFO - episode:9 totalReward:-100 Actions:[[2, 3], [7, 1], [5, 5], [8, 3], [1, 0], [6, 1], [9, 2], [4, 5], [3, 2], [0, 4]]
2026-03-25 23:48:56,465 - INFO - episode:10 totalReward:0 Actions:[[7, 1]]
2026-03-25 23:48:56,491 - INFO - episode:11 totalReward:0 Actions:[[3, 0], [7, 1], [4, 2], [1, 2], [5, 1], [6, 3], [9, 5], [8, 4], [2, 4]]
2026-03-25 23:48:56,516 - INFO - episode:12 totalReward:0 Actions:[[6, 2], [7, 1], [3, 3], [9, 3], [1, 2], [4, 1], [2, 5], [0, 0], [8, 4]]
2026-03-25 23:48:56,550 - INFO - episode:13 totalReward:-100 Actions:[[5, 1], [4, 5], [7, 1], [9, 4], [3, 0], [1, 2], [6, 2], [0, 3], [8, 0], [2, 4]]
2026-03-25 23:48:56,603 - INFO - episode:14 totalReward:-100 Actions:[[7, 1], [9, 3], [4, 1], [2, 4], [5, 2], [6, 5], [3, 5], [0, 0], [8, 3], [1, 4]]
2026-03-25 23:48:56,681 - INFO - episode:15 totalReward:-100 Actions:[[7, 1], [0, 4], [3, 5], [1, 2], [4, 2], [6, 5], [5, 3], [9, 1], [8, 0], [2, 0]]
2026-03-25 23:48:56,729 - INFO - episode:16 totalReward:619.0133625252952 Actions:[[7, 1], [1, 2], [4, 3], [6, 1], [9, 2], [5, 3], [8, 5], [2, 5], [3, 0], [0, 4]]
2026-03-25 23:48:56,821 - INFO - episode:17 totalReward:623.2244815089488 Actions:[[7, 2], [0, 0], [9, 2], [8, 1], [2, 1], [6, 4], [1, 4], [5, 3], [4, 3], [3, 5]]
2026-03-25 23:48:56,836 - INFO - episode:18 totalReward:0 Actions:[[7, 1], [4, 4], [9, 3], [1, 2], [2, 2], [3, 1], [8, 5], [6, 4], [5, 0]]
2026-03-25 23:48:56,932 - INFO - episode:19 totalReward:-100 Actions:[[0, 1], [1, 0], [9, 2], [5, 2], [4, 5], [7, 3], [8, 5], [2, 0], [3, 3], [6, 4]]
2026-03-25 23:48:56,970 - INFO - episode:20 totalReward:0 Actions:[[7, 1]]
2026-03-25 23:48:57,032 - INFO - episode:21 totalReward:-100 Actions:[[7, 1], [1, 5], [4, 4], [2, 0], [6, 0], [3, 4], [9, 1], [5, 2], [8, 5], [0, 3]]
2026-03-25 23:48:57,156 - INFO - episode:22 totalReward:-100 Actions:[[7, 1], [3, 5], [1, 4], [4, 1], [6, 5], [5, 3], [8, 2], [9, 3], [2, 2], [0, 0]]
2026-03-25 23:48:57,187 - INFO - episode:23 totalReward:-100 Actions:[[4, 2], [7, 1], [9, 3], [8, 3], [2, 1], [5, 5], [0, 4], [1, 2], [3, 0], [6, 5]]
2026-03-25 23:48:57,220 - INFO - episode:24 totalReward:0 Actions:[[7, 1], [3, 4], [8, 0], [9, 5], [6, 2], [5, 2], [1, 5], [4, 3], [2, 1]]
2026-03-25 23:48:57,253 - INFO - episode:25 totalReward:-100 Actions:[[5, 1], [7, 1], [6, 4], [8, 5], [3, 0], [9, 5], [4, 2], [1, 2], [2, 4], [0, 3]]
2026-03-25 23:48:57,295 - INFO - episode:26 totalReward:-100 Actions:[[7, 5], [8, 1], [5, 0], [9, 2], [0, 4], [1, 1], [2, 3], [6, 3], [3, 5], [4, 2]]
2026-03-25 23:48:57,356 - INFO - episode:27 totalReward:-100 Actions:[[3, 0], [7, 1], [2, 1], [8, 2], [4, 4], [0, 5], [6, 0], [5, 3], [1, 2], [9, 4]]
2026-03-25 23:48:57,376 - INFO - episode:28 totalReward:0 Actions:[[8, 5], [9, 2], [7, 1], [6, 3], [4, 5], [5, 4], [1, 1], [2, 2], [3, 0]]
2026-03-25 23:48:57,403 - INFO - episode:29 totalReward:0 Actions:[[9, 2], [5, 4], [7, 1], [8, 5], [2, 1], [6, 4], [1, 3], [3, 5], [4, 0]]
2026-03-25 23:48:57,453 - INFO - episode:30 totalReward:-100 Actions:[[8, 0]]
2026-03-25 23:48:57,475 - INFO - episode:31 totalReward:-100 Actions:[[8, 0], [2, 3], [3, 4], [0, 2], [1, 5], [9, 1], [4, 4], [7, 0], [6, 5], [5, 1]]
2026-03-25 23:48:57,520 - INFO - episode:32 totalReward:252.12717102213222 Actions:[[1, 5], [8, 2], [7, 1], [9, 1], [4, 0], [0, 3], [3, 2], [2, 4], [5, 0], [6, 5]]
2026-03-25 23:48:57,632 - INFO - episode:33 totalReward:-100 Actions:[[8, 0], [6, 1], [3, 4], [7, 3], [4, 0], [0, 5], [5, 2], [1, 1], [9, 3], [2, 4]]
2026-03-25 23:48:57,705 - INFO - episode:34 totalReward:0 Actions:[[1, 5], [2, 2], [9, 2], [7, 3], [4, 2], [5, 0], [6, 1], [8, 4], [3, 3]]
2026-03-25 23:48:57,735 - INFO - episode:35 totalReward:-100 Actions:[[3, 4], [7, 1], [1, 5], [2, 2], [4, 2], [9, 2], [6, 4], [5, 0], [8, 1], [0, 3]]
2026-03-25 23:48:57,788 - INFO - episode:36 totalReward:-100 Actions:[[7, 1], [2, 1], [1, 0], [6, 0], [4, 5], [9, 4], [8, 5], [0, 3], [5, 4], [3, 2]]
2026-03-25 23:48:57,833 - INFO - episode:37 totalReward:247.0364489608553 Actions:[[9, 1], [7, 1], [1, 5], [8, 3], [4, 3], [6, 0], [0, 2], [3, 4], [5, 0], [2, 4]]
2026-03-25 23:48:57,894 - INFO - episode:38 totalReward:-100 Actions:[[8, 0], [0, 3], [7, 0], [1, 4], [2, 1], [4, 1], [9, 5], [3, 5], [5, 2], [6, 2]]
2026-03-25 23:48:57,908 - INFO - episode:39 totalReward:0 Actions:[[8, 0], [4, 5], [3, 4], [7, 0], [1, 1], [6, 3], [2, 3], [9, 5], [5, 2]]
2026-03-25 23:48:57,970 - INFO - episode:40 totalReward:-100 Actions:[[6, 0]]
2026-03-25 23:48:57,979 - INFO - episode:41 totalReward:0 Actions:[[4, 3], [6, 0], [2, 2], [9, 1], [1, 5], [3, 3], [8, 0], [5, 1], [7, 4]]
2026-03-25 23:48:58,034 - INFO - episode:42 totalReward:-100 Actions:[[8, 0], [1, 1], [0, 5], [4, 1], [9, 3], [3, 0], [5, 2], [2, 4], [7, 4], [6, 3]]
2026-03-25 23:48:58,059 - INFO - episode:43 totalReward:0 Actions:[[7, 1], [6, 3], [3, 2], [1, 0], [4, 5], [9, 3], [2, 1], [8, 5], [0, 4]]
2026-03-25 23:48:58,082 - INFO - episode:44 totalReward:-100 Actions:[[7, 1], [2, 1], [5, 3], [6, 4], [1, 4], [9, 0], [8, 0], [4, 3], [0, 2], [3, 5]]
2026-03-25 23:48:58,188 - INFO - episode:45 totalReward:-100 Actions:[[2, 5], [7, 1], [6, 2], [5, 3], [1, 2], [3, 5], [8, 0], [9, 0], [4, 3], [0, 4]]
2026-03-25 23:48:58,260 - INFO - episode:46 totalReward:-100 Actions:[[8, 1], [3, 2], [9, 3], [2, 0], [6, 5], [4, 3], [0, 4], [7, 1], [5, 0], [1, 5]]
2026-03-25 23:48:58,286 - INFO - episode:47 totalReward:0 Actions:[[1, 3], [8, 0], [6, 5], [5, 5], [9, 2], [2, 3], [3, 0], [7, 1], [4, 4]]
2026-03-25 23:48:58,334 - INFO - episode:48 totalReward:-100 Actions:[[8, 0], [3, 4], [6, 4], [2, 1], [0, 2], [1, 0], [5, 3], [9, 1], [4, 3], [7, 5]]
2026-03-25 23:48:58,376 - INFO - episode:49 totalReward:-100 Actions:[[4, 3], [5, 3], [2, 0], [1, 1], [9, 1], [6, 4], [3, 4], [7, 0], [8, 5], [0, 2]]
2026-03-25 23:48:58,407 - INFO - episode:50 totalReward:-100 Actions:[[7, 1]]
2026-03-25 23:48:58,439 - INFO - episode:51 totalReward:0 Actions:[[7, 1], [1, 0], [5, 5], [8, 4], [6, 3], [9, 1], [4, 5], [3, 4], [2, 2]]
2026-03-25 23:48:58,459 - INFO - episode:52 totalReward:0 Actions:[[9, 0], [8, 0], [4, 1], [1, 2], [5, 1], [3, 3], [6, 2], [7, 5], [2, 4]]
2026-03-25 23:48:58,498 - INFO - episode:53 totalReward:0 Actions:[[9, 0], [8, 1], [6, 5], [2, 5], [3, 4], [1, 2], [4, 1], [7, 0], [5, 3]]
2026-03-25 23:48:58,545 - INFO - episode:54 totalReward:272.3428271800666 Actions:[[5, 4], [8, 0], [9, 2], [3, 0], [2, 3], [1, 2], [6, 5], [7, 5], [0, 1], [4, 4]]
2026-03-25 23:48:58,578 - INFO - episode:55 totalReward:-100 Actions:[[5, 4], [1, 0], [4, 0], [2, 2], [6, 1], [0, 5], [8, 3], [3, 1], [9, 4], [7, 3]]
2026-03-25 23:48:58,624 - INFO - episode:56 totalReward:-100 Actions:[[1, 2], [9, 5], [6, 0], [2, 0], [3, 3], [4, 3], [0, 1], [5, 5], [8, 2], [7, 4]]
2026-03-25 23:48:58,676 - INFO - episode:57 totalReward:-100 Actions:[[1, 0], [0, 3], [7, 0], [8, 4], [9, 5], [2, 2], [5, 5], [3, 4], [6, 1], [4, 2]]
2026-03-25 23:48:58,747 - INFO - episode:58 totalReward:0 Actions:[[4, 3], [1, 5], [5, 3], [9, 1], [7, 0], [3, 1], [2, 2], [8, 2], [6, 4]]
2026-03-25 23:48:58,817 - INFO - episode:59 totalReward:193.90559222798964 Actions:[[4, 5], [0, 1], [3, 2], [8, 0], [6, 2], [9, 0], [7, 5], [5, 3], [2, 4], [1, 4]]
2026-03-25 23:48:58,968 - INFO - episode:60 totalReward:-100 Actions:[[5, 3]]
2026-03-25 23:48:59,027 - INFO - episode:61 totalReward:-100 Actions:[[1, 3], [9, 2], [7, 3], [3, 0], [6, 0], [4, 4], [2, 5], [0, 1], [8, 4], [5, 2]]
2026-03-25 23:48:59,055 - INFO - episode:62 totalReward:0 Actions:[[2, 4], [4, 0], [8, 5], [3, 0], [6, 1], [7, 2], [9, 5], [1, 2], [5, 3]]
2026-03-25 23:48:59,117 - INFO - episode:63 totalReward:-100 Actions:[[4, 1], [1, 5], [5, 4], [7, 1], [6, 4], [8, 3], [2, 5], [3, 2], [9, 3], [0, 0]]
2026-03-25 23:48:59,151 - INFO - episode:64 totalReward:-100 Actions:[[6, 5], [7, 1], [0, 3], [9, 5], [1, 1], [4, 4], [8, 4], [2, 0], [3, 2], [5, 0]]
2026-03-25 23:48:59,218 - INFO - episode:65 totalReward:280.69292413911984 Actions:[[2, 5], [1, 3], [6, 4], [0, 2], [4, 1], [9, 4], [5, 0], [8, 3], [7, 1], [3, 5]]
2026-03-25 23:48:59,256 - INFO - episode:66 totalReward:0 Actions:[[6, 0], [8, 2], [4, 1], [9, 0], [5, 5], [3, 3], [1, 4], [7, 3], [2, 4]]
2026-03-25 23:48:59,351 - INFO - episode:67 totalReward:-100 Actions:[[3, 4], [6, 3], [8, 0], [4, 4], [1, 0], [2, 2], [0, 5], [7, 3], [5, 1], [9, 1]]
2026-03-25 23:48:59,382 - INFO - episode:68 totalReward:-100 Actions:[[9, 4], [3, 0], [8, 1], [1, 4], [7, 0], [6, 1], [5, 2], [0, 5], [4, 3], [2, 3]]
2026-03-25 23:48:59,453 - INFO - episode:69 totalReward:-100 Actions:[[9, 2], [1, 3], [4, 2], [0, 1], [7, 3], [5, 0], [8, 4], [2, 2], [6, 5], [3, 5]]
2026-03-25 23:48:59,515 - INFO - episode:70 totalReward:-100 Actions:[[5, 3]]
2026-03-25 23:48:59,555 - INFO - episode:71 totalReward:0 Actions:[[5, 1], [4, 3], [2, 2], [7, 0], [9, 2], [3, 5], [8, 4], [6, 5], [1, 4]]
2026-03-25 23:48:59,576 - INFO - episode:72 totalReward:0 Actions:[[7, 1], [6, 3], [1, 0], [3, 4], [0, 5], [4, 3], [9, 1], [8, 0], [2, 2]]
2026-03-25 23:48:59,627 - INFO - episode:73 totalReward:0 Actions:[[8, 0], [1, 5], [4, 5], [6, 2], [3, 0], [9, 2], [5, 4], [7, 3], [2, 1]]
2026-03-25 23:48:59,661 - INFO - episode:74 totalReward:217.18141809123554 Actions:[[5, 2], [1, 5], [8, 0], [0, 1], [6, 2], [3, 3], [4, 0], [9, 5], [2, 4], [7, 4]]
2026-03-25 23:48:59,747 - INFO - episode:75 totalReward:-100 Actions:[[8, 0], [2, 0], [0, 3], [9, 1], [1, 2], [3, 1], [7, 2], [4, 5], [5, 4], [6, 4]]
2026-03-25 23:48:59,782 - INFO - episode:76 totalReward:-100 Actions:[[0, 1], [4, 5], [7, 5], [3, 2], [8, 2], [9, 3], [5, 3], [6, 0], [1, 4], [2, 4]]
2026-03-25 23:48:59,800 - INFO - episode:77 totalReward:0 Actions:[[5, 2], [3, 3], [7, 5], [4, 4], [2, 4], [6, 0], [1, 1], [9, 4], [8, 5]]
2026-03-25 23:48:59,886 - INFO - episode:78 totalReward:-100 Actions:[[7, 2], [8, 0], [0, 3], [9, 4], [6, 0], [4, 4], [2, 5], [3, 2], [5, 1], [1, 5]]
2026-03-25 23:48:59,942 - INFO - episode:79 totalReward:-100 Actions:[[0, 1], [9, 4], [4, 5], [7, 3], [5, 5], [8, 2], [2, 4], [3, 3], [1, 0], [6, 0]]
2026-03-25 23:49:00,012 - INFO - episode:80 totalReward:-100 Actions:[[5, 4], [7, 1]]
2026-03-25 23:49:00,053 - INFO - episode:81 totalReward:-100 Actions:[[5, 5], [7, 1], [9, 3], [0, 4], [8, 1], [4, 5], [2, 2], [6, 2], [1, 3], [3, 0]]
2026-03-25 23:49:00,092 - INFO - episode:82 totalReward:0 Actions:[[9, 3], [5, 4], [6, 2], [1, 1], [4, 5], [2, 2], [8, 0], [7, 1], [3, 5]]
2026-03-25 23:49:00,121 - INFO - episode:83 totalReward:0 Actions:[[5, 4], [2, 1], [4, 1], [6, 2], [1, 3], [8, 2], [9, 5], [3, 0], [7, 3]]
2026-03-25 23:49:00,182 - INFO - episode:84 totalReward:-100 Actions:[[0, 5], [6, 0], [9, 3], [5, 0], [3, 3], [4, 1], [7, 2], [2, 4], [8, 2], [1, 4]]
2026-03-25 23:49:00,296 - INFO - episode:85 totalReward:-100 Actions:[[5, 3], [1, 0], [2, 0], [0, 1], [7, 4], [4, 2], [9, 2], [3, 4], [6, 3], [8, 5]]
2026-03-25 23:49:00,320 - INFO - episode:86 totalReward:-100 Actions:[[5, 3], [0, 0], [1, 2], [6, 4], [8, 4], [2, 2], [7, 5], [9, 3], [3, 5], [4, 1]]
2026-03-25 23:49:00,394 - INFO - episode:87 totalReward:-100 Actions:[[3, 2], [8, 0], [1, 5], [9, 1], [4, 4], [5, 4], [2, 0], [6, 1], [7, 2], [0, 3]]
2026-03-25 23:49:00,432 - INFO - episode:88 totalReward:-100 Actions:[[8, 0], [5, 3], [4, 0], [0, 5], [1, 1], [7, 2], [9, 4], [6, 3], [3, 4], [2, 2]]
2026-03-25 23:49:00,459 - INFO - episode:89 totalReward:0 Actions:[[8, 0], [1, 5], [2, 2], [9, 1], [3, 0], [4, 3], [6, 1], [7, 2], [5, 4]]
2026-03-25 23:49:00,485 - INFO - episode:90 totalReward:-100 Actions:[[0, 1]]
2026-03-25 23:49:00,501 - INFO - episode:91 totalReward:-100 Actions:[[4, 0], [0, 1], [5, 5], [9, 5], [1, 2], [7, 3], [2, 4], [3, 4], [6, 0], [8, 2]]
2026-03-25 23:49:00,548 - INFO - episode:92 totalReward:-100 Actions:[[5, 3], [3, 1], [2, 0], [9, 5], [1, 5], [6, 0], [4, 3], [0, 4], [7, 1], [8, 2]]
2026-03-25 23:49:00,679 - INFO - episode:93 totalReward:-100 Actions:[[9, 5], [6, 3], [4, 3], [0, 2], [2, 4], [1, 4], [3, 0], [7, 0], [5, 5], [8, 1]]
2026-03-25 23:49:00,699 - INFO - episode:94 totalReward:-100 Actions:[[9, 2], [7, 5], [3, 5], [6, 4], [2, 0], [8, 2], [1, 0], [5, 3], [4, 4], [0, 1]]
2026-03-25 23:49:00,737 - INFO - episode:95 totalReward:-100 Actions:[[1, 3], [5, 2], [0, 4], [3, 5], [6, 1], [4, 5], [2, 3], [9, 2], [8, 0], [7, 0]]
2026-03-25 23:49:00,777 - INFO - episode:96 totalReward:-100 Actions:[[3, 3], [2, 5], [5, 1], [4, 5], [6, 1], [0, 4], [7, 0], [9, 0], [1, 2], [8, 3]]
2026-03-25 23:49:00,815 - INFO - episode:97 totalReward:-100 Actions:[[3, 3], [8, 1], [7, 4], [6, 5], [9, 1], [5, 0], [4, 0], [0, 2], [1, 5], [2, 3]]
2026-03-25 23:49:00,862 - INFO - episode:98 totalReward:281.57191051411513 Actions:[[9, 4], [8, 0], [1, 2], [5, 4], [7, 2], [3, 0], [0, 1], [4, 3], [2, 3], [6, 5]]
2026-03-25 23:49:00,921 - INFO - episode:99 totalReward:-100 Actions:[[7, 0], [8, 0], [9, 3], [2, 2], [5, 1], [3, 4], [4, 3], [6, 4], [1, 2], [0, 5]]
2026-03-25 23:49:00,964 - INFO - episode:100 totalReward:285.0878690058665 Actions:[[5, 3]]
2026-03-25 23:49:01,002 - INFO - episode:101 totalReward:-100 Actions:[[5, 3], [2, 1], [8, 0], [3, 0], [7, 2], [6, 2], [4, 4], [0, 5], [9, 1], [1, 4]]
2026-03-25 23:49:01,050 - INFO - episode:102 totalReward:-100 Actions:[[9, 2], [1, 1], [0, 4], [7, 5], [3, 3], [6, 5], [4, 0], [5, 0], [8, 1], [2, 2]]
2026-03-25 23:49:01,108 - INFO - episode:103 totalReward:-100 Actions:[[7, 1], [9, 2], [8, 2], [4, 3], [2, 5], [3, 4], [1, 3], [6, 5], [5, 1], [0, 0]]
2026-03-25 23:49:01,185 - INFO - episode:104 totalReward:-100 Actions:[[9, 2], [3, 5], [0, 0], [7, 4], [5, 2], [4, 1], [1, 1], [8, 5], [2, 3], [6, 3]]
2026-03-25 23:49:01,278 - INFO - episode:105 totalReward:-100 Actions:[[0, 0], [1, 1], [6, 4], [4, 3], [7, 3], [9, 4], [8, 5], [5, 2], [2, 1], [3, 5]]
2026-03-25 23:49:01,404 - INFO - episode:106 totalReward:-100 Actions:[[0, 1], [9, 0], [4, 3], [3, 0], [8, 4], [1, 4], [5, 3], [7, 2], [6, 2], [2, 5]]
2026-03-25 23:49:01,513 - INFO - episode:107 totalReward:-100 Actions:[[9, 5], [8, 0], [4, 4], [6, 5], [7, 4], [0, 3], [1, 1], [5, 0], [2, 1], [3, 2]]
2026-03-25 23:49:01,564 - INFO - episode:108 totalReward:255.89693709306766 Actions:[[8, 0], [1, 3], [5, 5], [9, 0], [2, 4], [4, 2], [7, 2], [0, 1], [6, 3], [3, 4]]
2026-03-25 23:49:01,586 - INFO - episode:109 totalReward:-100 Actions:[[9, 1], [0, 0], [1, 4], [5, 5], [7, 3], [3, 2], [6, 5], [8, 2], [2, 4], [4, 3]]
2026-03-25 23:49:01,624 - INFO - episode:110 totalReward:185.73771958468677 Actions:[[8, 0]]
2026-03-25 23:49:01,682 - INFO - episode:111 totalReward:0 Actions:[[8, 0], [0, 3], [4, 0], [9, 2], [6, 4], [2, 2], [7, 4], [5, 5], [1, 1]]
2026-03-25 23:49:01,851 - INFO - episode:112 totalReward:-100 Actions:[[8, 0], [4, 1], [7, 5], [2, 0], [3, 4], [5, 1], [9, 3], [6, 5], [1, 3], [0, 2]]
2026-03-25 23:49:01,870 - INFO - episode:113 totalReward:-100 Actions:[[7, 2], [8, 0], [3, 5], [1, 1], [9, 2], [5, 3], [6, 5], [2, 0], [4, 3], [0, 4]]
2026-03-25 23:49:01,897 - INFO - episode:114 totalReward:0 Actions:[[0, 1], [2, 3], [7, 5], [4, 0], [9, 0], [8, 3], [3, 2], [1, 4], [6, 5]]
2026-03-25 23:49:01,967 - INFO - episode:115 totalReward:-100 Actions:[[0, 1], [3, 3], [5, 2], [4, 0], [1, 0], [8, 5], [9, 4], [6, 5], [2, 3], [7, 4]]
2026-03-25 23:49:02,001 - INFO - episode:116 totalReward:-100 Actions:[[9, 3], [5, 4], [3, 0], [4, 0], [8, 5], [0, 1], [6, 5], [2, 2], [7, 2], [1, 3]]
2026-03-25 23:49:02,024 - INFO - episode:117 totalReward:-100 Actions:[[5, 4], [1, 2], [2, 3], [4, 0], [6, 2], [0, 5], [7, 1], [3, 0], [8, 3], [9, 1]]
2026-03-25 23:49:02,078 - INFO - episode:118 totalReward:288.22021021458255 Actions:[[5, 2], [0, 1], [2, 5], [1, 4], [3, 0], [6, 4], [8, 0], [4, 3], [9, 3], [7, 5]]
2026-03-25 23:49:02,103 - INFO - episode:119 totalReward:0 Actions:[[6, 4], [8, 3], [9, 5], [1, 2], [5, 1], [2, 5], [4, 3], [7, 0], [3, 0]]
2026-03-25 23:49:02,134 - INFO - episode:120 totalReward:523.94104047039 Actions:[[8, 0]]
2026-03-25 23:49:02,262 - INFO - episode:121 totalReward:-100 Actions:[[8, 0], [1, 2], [4, 5], [7, 5], [3, 0], [9, 2], [5, 3], [6, 3], [0, 4], [2, 1]]
2026-03-25 23:49:02,298 - INFO - episode:122 totalReward:-100 Actions:[[6, 1], [8, 0], [4, 0], [2, 4], [1, 4], [3, 2], [0, 5], [5, 1], [9, 2], [7, 3]]
2026-03-25 23:49:02,313 - INFO - episode:123 totalReward:0 Actions:[[0, 3], [8, 0], [3, 1], [9, 1], [2, 2], [7, 5], [4, 2], [6, 0], [1, 4]]
2026-03-25 23:49:02,351 - INFO - episode:124 totalReward:-100 Actions:[[4, 5], [0, 1], [6, 0], [3, 4], [1, 0], [8, 3], [2, 4], [9, 2], [5, 2], [7, 3]]
2026-03-25 23:49:02,376 - INFO - episode:125 totalReward:-100 Actions:[[0, 1], [1, 5], [9, 2], [3, 0], [4, 3], [8, 3], [6, 0], [2, 2], [5, 4], [7, 5]]
2026-03-25 23:49:02,483 - INFO - episode:126 totalReward:-100 Actions:[[7, 5], [0, 1], [4, 0], [2, 2], [9, 5], [5, 0], [1, 4], [6, 2], [8, 4], [3, 3]]
2026-03-25 23:49:02,525 - INFO - episode:127 totalReward:0 Actions:[[9, 0], [8, 0], [7, 4], [1, 5], [3, 2], [2, 1], [6, 4], [4, 1], [0, 3]]
2026-03-25 23:49:02,547 - INFO - episode:128 totalReward:-100 Actions:[[5, 1], [8, 0], [0, 2], [4, 3], [3, 4], [1, 3], [2, 0], [9, 5], [7, 4], [6, 5]]
2026-03-25 23:49:02,608 - INFO - episode:129 totalReward:-100 Actions:[[7, 1], [5, 1], [8, 0], [3, 4], [0, 3], [9, 0], [4, 2], [6, 2], [2, 5], [1, 5]]
2026-03-25 23:49:02,670 - INFO - episode:130 totalReward:202.3193924360727 Actions:[[9, 2], [0, 1]]
2026-03-25 23:49:02,714 - INFO - episode:131 totalReward:-100 Actions:[[9, 2], [0, 1], [5, 3], [8, 4], [3, 2], [7, 4], [6, 3], [1, 0], [2, 0], [4, 5]]
2026-03-25 23:49:02,756 - INFO - episode:132 totalReward:-100 Actions:[[0, 1], [3, 2], [1, 5], [9, 3], [7, 2], [5, 3], [6, 4], [4, 0], [2, 0], [8, 5]]
2026-03-25 23:49:02,816 - INFO - episode:133 totalReward:-100 Actions:[[9, 2], [6, 5], [0, 0], [3, 4], [4, 3], [2, 2], [5, 1], [8, 4], [1, 3], [7, 1]]
2026-03-25 23:49:02,891 - INFO - episode:134 totalReward:-100 Actions:[[0, 1], [7, 0], [9, 5], [6, 3], [8, 5], [3, 3], [4, 0], [5, 4], [2, 2], [1, 2]]
2026-03-25 23:49:02,918 - INFO - episode:135 totalReward:-100 Actions:[[0, 1], [1, 4], [4, 5], [9, 2], [7, 3], [8, 4], [6, 3], [3, 5], [2, 0], [5, 0]]
2026-03-25 23:49:03,088 - INFO - episode:136 totalReward:-100 Actions:[[8, 0], [3, 5], [6, 5], [1, 2], [7, 4], [4, 1], [2, 0], [0, 3], [9, 2], [5, 1]]
2026-03-25 23:49:03,176 - INFO - episode:137 totalReward:-100 Actions:[[4, 1], [6, 3], [8, 0], [7, 5], [3, 1], [9, 0], [5, 4], [1, 3], [0, 2], [2, 5]]
2026-03-25 23:49:03,209 - INFO - episode:138 totalReward:0 Actions:[[8, 0], [3, 2], [1, 1], [5, 5], [7, 2], [4, 5], [9, 4], [2, 3], [6, 1]]
2026-03-25 23:49:03,241 - INFO - episode:139 totalReward:0 Actions:[[1, 4], [8, 0], [4, 5], [9, 2], [6, 3], [7, 0], [3, 1], [2, 1], [5, 5]]
2026-03-25 23:49:03,269 - INFO - episode:140 totalReward:-100 Actions:[[0, 1]]
2026-03-25 23:49:03,328 - INFO - episode:141 totalReward:-100 Actions:[[0, 1], [4, 5], [8, 2], [2, 4], [3, 0], [5, 5], [9, 2], [1, 3], [6, 3], [7, 0]]
2026-03-25 23:49:03,346 - INFO - episode:142 totalReward:0 Actions:[[9, 1], [7, 2], [5, 5], [4, 0], [6, 2], [2, 3], [1, 4], [8, 3], [3, 0]]
2026-03-25 23:49:03,397 - INFO - episode:143 totalReward:-100 Actions:[[2, 0], [5, 4], [1, 2], [7, 3], [4, 0], [6, 5], [3, 3], [9, 0], [8, 2], [0, 1]]
2026-03-25 23:49:03,419 - INFO - episode:144 totalReward:0 Actions:[[5, 3], [7, 2], [8, 0], [6, 4], [9, 4], [1, 1], [3, 2], [4, 0], [2, 5]]
2026-03-25 23:49:03,513 - INFO - episode:145 totalReward:333.1777895633539 Actions:[[0, 1], [4, 4], [7, 3], [5, 2], [8, 0], [3, 0], [2, 3], [6, 4], [9, 2], [1, 5]]
2026-03-25 23:49:03,711 - INFO - episode:146 totalReward:-100 Actions:[[9, 3], [1, 0], [6, 1], [0, 2], [3, 5], [2, 3], [8, 5], [7, 1], [4, 0], [5, 4]]
2026-03-25 23:49:03,737 - INFO - episode:147 totalReward:0 Actions:[[9, 2], [6, 3], [8, 0], [2, 1], [3, 1], [7, 5], [4, 3], [1, 0], [5, 4]]
2026-03-25 23:49:03,770 - INFO - episode:148 totalReward:-100 Actions:[[8, 0], [4, 3], [7, 4], [9, 1], [6, 1], [0, 2], [2, 5], [3, 4], [1, 5], [5, 0]]
2026-03-25 23:49:03,786 - INFO - episode:149 totalReward:0 Actions:[[8, 0], [5, 3], [3, 2], [2, 4], [6, 1], [1, 5], [7, 5], [9, 1], [4, 2]]
2026-03-25 23:49:03,801 - INFO - episode:150 totalReward:-100 Actions:[[0, 1]]
2026-03-25 23:49:03,856 - INFO - episode:151 totalReward:-100 Actions:[[0, 1], [9, 2], [5, 5], [6, 0], [8, 2], [4, 0], [7, 3], [2, 4], [1, 3], [3, 4]]
2026-03-25 23:49:03,905 - INFO - episode:152 totalReward:-100 Actions:[[3, 1], [8, 0], [5, 5], [6, 1], [7, 3], [9, 5], [2, 2], [4, 2], [1, 3], [0, 4]]
2026-03-25 23:49:03,936 - INFO - episode:153 totalReward:0 Actions:[[7, 2], [5, 3], [2, 0], [1, 1], [6, 5], [4, 5], [9, 2], [8, 0], [0, 4]]
2026-03-25 23:49:04,020 - INFO - episode:154 totalReward:-100 Actions:[[9, 5], [6, 2], [1, 4], [7, 4], [8, 0], [4, 5], [0, 3], [2, 2], [3, 0], [5, 1]]
2026-03-25 23:49:04,149 - INFO - episode:155 totalReward:194.63361311478255 Actions:[[5, 4], [0, 1], [4, 5], [6, 3], [7, 2], [2, 3], [1, 2], [3, 5], [9, 0], [8, 0]]
2026-03-25 23:49:04,333 - INFO - episode:156 totalReward:-100 Actions:[[0, 1], [8, 4], [3, 0], [6, 3], [4, 5], [9, 4], [2, 0], [7, 5], [1, 3], [5, 2]]
2026-03-25 23:49:04,360 - INFO - episode:157 totalReward:-100 Actions:[[2, 5], [0, 1], [4, 3], [8, 4], [9, 5], [7, 2], [3, 0], [6, 4], [5, 3], [1, 2]]
2026-03-25 23:49:04,381 - INFO - episode:158 totalReward:0 Actions:[[5, 4], [1, 0], [6, 5], [9, 0], [4, 2], [8, 1], [2, 3], [3, 2], [7, 1]]
2026-03-25 23:49:04,437 - INFO - episode:159 totalReward:191.04504916259873 Actions:[[1, 5], [7, 1], [5, 4], [4, 0], [6, 1], [9, 4], [3, 0], [2, 5], [0, 2], [8, 3]]
2026-03-25 23:49:04,481 - INFO - episode:160 totalReward:0 Actions:[[1, 0]]
2026-03-25 23:49:04,593 - INFO - episode:161 totalReward:-100 Actions:[[7, 1], [1, 0], [6, 0], [0, 4], [8, 1], [2, 5], [5, 2], [4, 2], [9, 5], [3, 3]]
2026-03-25 23:49:04,631 - INFO - episode:162 totalReward:-100 Actions:[[4, 1], [9, 5], [1, 0], [7, 5], [5, 3], [6, 1], [2, 0], [8, 4], [3, 4], [0, 2]]
2026-03-25 23:49:04,679 - INFO - episode:163 totalReward:-100 Actions:[[6, 1], [8, 0], [3, 1], [2, 4], [7, 4], [4, 5], [0, 2], [5, 3], [9, 0], [1, 5]]
2026-03-25 23:49:04,773 - INFO - episode:164 totalReward:-100 Actions:[[4, 1], [8, 0], [9, 3], [6, 3], [7, 1], [0, 5], [1, 2], [5, 0], [2, 2], [3, 4]]
2026-03-25 23:49:04,884 - INFO - episode:165 totalReward:-100 Actions:[[8, 0], [4, 0], [2, 4], [6, 2], [9, 3], [1, 2], [0, 5], [3, 3], [7, 4], [5, 1]]
2026-03-25 23:49:05,057 - INFO - episode:166 totalReward:245.0943662074893 Actions:[[7, 3], [8, 0], [6, 0], [1, 2], [5, 4], [0, 1], [2, 5], [4, 2], [9, 3], [3, 5]]
2026-03-25 23:49:05,138 - INFO - episode:167 totalReward:202.22584944518556 Actions:[[3, 3], [0, 1], [6, 0], [2, 4], [8, 0], [4, 3], [1, 4], [5, 2], [9, 5], [7, 5]]
2026-03-25 23:49:05,178 - INFO - episode:168 totalReward:-100 Actions:[[0, 1], [3, 0], [5, 2], [4, 5], [9, 3], [7, 4], [1, 3], [8, 4], [6, 2], [2, 5]]
2026-03-25 23:49:05,259 - INFO - episode:169 totalReward:-100 Actions:[[7, 1], [6, 5], [5, 3], [2, 1], [1, 2], [9, 2], [4, 3], [8, 4], [3, 5], [0, 0]]
2026-03-25 23:49:05,361 - INFO - episode:170 totalReward:-100 Actions:[[0, 1]]
2026-03-25 23:49:05,432 - INFO - episode:171 totalReward:-100 Actions:[[0, 1], [9, 4], [7, 4], [5, 5], [6, 2], [4, 0], [8, 3], [2, 2], [3, 0], [1, 3]]
2026-03-25 23:49:05,472 - INFO - episode:172 totalReward:-100 Actions:[[4, 1], [5, 5], [2, 1], [0, 2], [8, 0], [3, 4], [6, 3], [7, 4], [1, 3], [9, 1]]
2026-03-25 23:49:05,508 - INFO - episode:173 totalReward:-100 Actions:[[3, 3], [4, 5], [5, 5], [2, 4], [7, 1], [9, 0], [8, 1], [1, 0], [0, 2], [6, 4]]
2026-03-25 23:49:05,581 - INFO - episode:174 totalReward:-100 Actions:[[8, 1], [1, 3], [5, 5], [0, 4], [3, 2], [2, 2], [6, 5], [7, 3], [4, 0], [9, 0]]
2026-03-25 23:49:05,657 - INFO - episode:175 totalReward:-100 Actions:[[0, 1], [8, 3], [3, 4], [1, 3], [4, 0], [7, 0], [2, 4], [5, 2], [6, 2], [9, 5]]
2026-03-25 23:49:05,735 - INFO - episode:176 totalReward:-100 Actions:[[0, 1], [6, 5], [2, 0], [5, 5], [7, 0], [3, 4], [4, 3], [1, 2], [8, 3], [9, 2]]
2026-03-25 23:49:05,841 - INFO - episode:177 totalReward:289.0398363527257 Actions:[[0, 1], [2, 4], [8, 0], [4, 0], [7, 4], [3, 5], [6, 5], [9, 3], [5, 2], [1, 3]]
2026-03-25 23:49:05,911 - INFO - episode:178 totalReward:510.04109051953975 Actions:[[4, 5], [5, 4], [0, 3], [2, 1], [6, 1], [1, 5], [8, 2], [7, 2], [3, 0], [9, 4]]
2026-03-25 23:49:05,958 - INFO - episode:179 totalReward:-100 Actions:[[2, 3], [5, 4], [4, 0], [3, 1], [6, 0], [8, 3], [7, 1], [0, 5], [9, 4], [1, 2]]
2026-03-25 23:49:05,991 - INFO - episode:180 totalReward:289.45760431319655 Actions:[[0, 1]]
2026-03-25 23:49:06,013 - INFO - episode:181 totalReward:-100 Actions:[[0, 1], [7, 0], [6, 3], [4, 5], [3, 0], [8, 2], [9, 5], [2, 2], [5, 4], [1, 3]]
2026-03-25 23:49:06,040 - INFO - episode:182 totalReward:589.453873216735 Actions:[[7, 2], [0, 1], [9, 4], [5, 4], [4, 3], [2, 0], [3, 2], [1, 3], [6, 5], [8, 0]]
2026-03-25 23:49:06,123 - INFO - episode:183 totalReward:273.1954389339357 Actions:[[0, 1], [1, 4], [3, 3], [8, 0], [2, 3], [9, 2], [6, 0], [7, 5], [4, 4], [5, 2]]
2026-03-25 23:49:06,277 - INFO - episode:184 totalReward:-100 Actions:[[0, 1], [7, 5], [2, 3], [6, 3], [4, 4], [1, 4], [5, 0], [8, 5], [9, 0], [3, 2]]
2026-03-25 23:49:06,353 - INFO - episode:185 totalReward:-100 Actions:[[3, 1], [4, 0], [6, 1], [7, 3], [2, 5], [5, 2], [1, 5], [8, 0], [9, 2], [0, 4]]
2026-03-25 23:49:06,407 - INFO - episode:186 totalReward:0 Actions:[[4, 0], [9, 5], [6, 1], [7, 5], [8, 3], [1, 1], [3, 2], [5, 4], [2, 0]]
2026-03-25 23:49:06,437 - INFO - episode:187 totalReward:-100 Actions:[[0, 1], [7, 0], [2, 4], [1, 3], [5, 2], [4, 4], [6, 2], [3, 5], [8, 5], [9, 3]]
2026-03-25 23:49:06,478 - INFO - episode:188 totalReward:0 Actions:[[9, 3], [0, 1], [2, 3], [7, 4], [4, 2], [8, 2], [1, 0], [3, 5], [6, 0]]
2026-03-25 23:49:06,553 - INFO - episode:189 totalReward:-100 Actions:[[3, 1], [9, 3], [6, 4], [4, 4], [7, 2], [5, 5], [1, 3], [0, 0], [2, 1], [8, 2]]
2026-03-25 23:49:06,679 - INFO - episode:190 totalReward:-100 Actions:[[0, 1]]
2026-03-25 23:49:06,700 - INFO - episode:191 totalReward:0 Actions:[[6, 1], [2, 4], [7, 5], [8, 4], [5, 0], [4, 3], [9, 0], [1, 1], [3, 2]]
2026-03-25 23:49:06,730 - INFO - episode:192 totalReward:-100 Actions:[[4, 3], [9, 3], [7, 1], [5, 4], [0, 5], [8, 0], [1, 1], [6, 4], [3, 2], [2, 3]]
2026-03-25 23:49:06,797 - INFO - episode:193 totalReward:-100 Actions:[[4, 3], [1, 4], [7, 4], [0, 5], [3, 0], [9, 3], [8, 0], [6, 2], [2, 1], [5, 1]]
2026-03-25 23:49:06,829 - INFO - episode:194 totalReward:-100 Actions:[[9, 0], [5, 5], [0, 2], [4, 3], [7, 1], [2, 0], [6, 3], [1, 1], [8, 4], [3, 4]]
2026-03-25 23:49:06,869 - INFO - episode:195 totalReward:-100 Actions:[[1, 1], [5, 3], [2, 1], [9, 2], [6, 2], [8, 0], [0, 4], [7, 5], [3, 0], [4, 5]]
2026-03-25 23:49:06,925 - INFO - episode:196 totalReward:-100 Actions:[[0, 1], [7, 5], [2, 0], [8, 2], [6, 0], [5, 3], [4, 4], [3, 5], [9, 3], [1, 4]]
2026-03-25 23:49:07,032 - INFO - episode:197 totalReward:-100 Actions:[[0, 1], [5, 2], [7, 3], [6, 4], [2, 0], [8, 5], [9, 2], [3, 5], [4, 3], [1, 4]]
2026-03-25 23:49:07,076 - INFO - episode:198 totalReward:-100 Actions:[[3, 2], [0, 1], [2, 4], [5, 5], [6, 5], [7, 4], [8, 2], [1, 0], [9, 0], [4, 3]]
2026-03-25 23:49:07,164 - INFO - episode:199 totalReward:-100 Actions:[[0, 1], [4, 5], [9, 3], [6, 0], [3, 2], [1, 5], [8, 4], [2, 0], [5, 3], [7, 4]]
2026-03-25 23:49:07,214 - INFO - episode:200 totalReward:-100 Actions:[[7, 1]]
2026-03-25 23:49:07,263 - INFO - episode:201 totalReward:0 Actions:[[7, 1], [4, 1], [2, 3], [3, 4], [8, 5], [6, 0], [9, 0], [0, 2], [1, 5]]
2026-03-25 23:49:07,289 - INFO - episode:202 totalReward:-100 Actions:[[9, 0], [5, 4], [4, 3], [0, 1], [7, 2], [6, 3], [8, 5], [2, 2], [1, 0], [3, 5]]
2026-03-25 23:49:07,416 - INFO - episode:203 totalReward:380.51569809621043 Actions:[[0, 1], [9, 4], [2, 3], [6, 3], [1, 2], [7, 0], [4, 2], [5, 4], [8, 0], [3, 5]]
2026-03-25 23:49:07,450 - INFO - episode:204 totalReward:280.7647587809494 Actions:[[0, 1], [5, 3], [1, 0], [6, 5], [9, 2], [8, 0], [2, 4], [7, 4], [3, 5], [4, 3]]
2026-03-25 23:49:07,474 - INFO - episode:205 totalReward:-100 Actions:[[0, 1], [5, 5], [2, 3], [7, 2], [8, 3], [1, 0], [9, 5], [4, 4], [3, 2], [6, 4]]
2026-03-25 23:49:07,611 - INFO - episode:206 totalReward:274.0264082429866 Actions:[[6, 3], [0, 4], [1, 0], [5, 2], [9, 0], [7, 3], [2, 1], [8, 5], [4, 5], [3, 1]]
2026-03-25 23:49:07,696 - INFO - episode:207 totalReward:-100 Actions:[[1, 0], [8, 5], [5, 2], [7, 4], [6, 2], [0, 1], [9, 3], [2, 5], [4, 4], [3, 3]]
2026-03-25 23:49:07,715 - INFO - episode:208 totalReward:0 Actions:[[6, 1], [5, 5], [1, 2], [3, 4], [7, 2], [4, 3], [2, 3], [8, 0], [9, 3]]
2026-03-25 23:49:07,767 - INFO - episode:209 totalReward:-100 Actions:[[7, 0], [0, 1], [1, 3], [8, 3], [3, 5], [6, 5], [2, 2], [4, 4], [9, 0], [5, 4]]
2026-03-25 23:49:07,836 - INFO - episode:210 totalReward:-100 Actions:[[0, 1]]
2026-03-25 23:49:07,877 - INFO - episode:211 totalReward:-100 Actions:[[5, 1], [6, 1], [4, 2], [9, 4], [2, 5], [3, 5], [7, 4], [0, 3], [8, 0], [1, 0]]
2026-03-25 23:49:07,933 - INFO - episode:212 totalReward:-100 Actions:[[4, 2], [1, 2], [0, 1], [7, 4], [3, 3], [9, 5], [5, 0], [6, 0], [2, 3], [8, 5]]
2026-03-25 23:49:07,976 - INFO - episode:213 totalReward:-100 Actions:[[0, 1], [8, 5], [4, 5], [9, 2], [2, 0], [7, 3], [6, 4], [5, 2], [3, 0], [1, 4]]
2026-03-25 23:49:08,015 - INFO - episode:214 totalReward:-100 Actions:[[0, 1], [5, 5], [4, 2], [1, 2], [6, 5], [3, 4], [9, 0], [8, 3], [7, 0], [2, 3]]
2026-03-25 23:49:08,071 - INFO - episode:215 totalReward:-100 Actions:[[0, 1], [5, 3], [7, 2], [6, 3], [3, 4], [9, 4], [8, 5], [1, 0], [4, 2], [2, 0]]
2026-03-25 23:49:08,155 - INFO - episode:216 totalReward:577.7436443727964 Actions:[[1, 2], [0, 1], [9, 5], [4, 5], [8, 0], [7, 0], [6, 3], [3, 4], [2, 4], [5, 3]]
2026-03-25 23:49:08,425 - INFO - episode:217 totalReward:-100 Actions:[[9, 4], [4, 2], [0, 1], [1, 5], [6, 4], [5, 2], [8, 3], [3, 3], [7, 5], [2, 0]]
2026-03-25 23:49:08,459 - INFO - episode:218 totalReward:191.11374553330228 Actions:[[8, 0], [3, 3], [7, 3], [1, 0], [9, 4], [0, 1], [4, 2], [2, 5], [6, 5], [5, 2]]
2026-03-25 23:49:08,484 - INFO - episode:219 totalReward:-100 Actions:[[7, 2], [0, 1], [4, 4], [2, 0], [3, 5], [9, 3], [1, 0], [5, 3], [8, 5], [6, 2]]
2026-03-25 23:49:08,620 - INFO - episode:220 totalReward:-100 Actions:[[0, 1]]
2026-03-25 23:49:08,641 - INFO - episode:221 totalReward:-100 Actions:[[0, 1], [8, 5], [1, 3], [7, 2], [3, 4], [9, 0], [2, 5], [6, 3], [4, 2], [5, 0]]
2026-03-25 23:49:08,756 - INFO - episode:222 totalReward:-100 Actions:[[6, 4], [3, 5], [0, 1], [9, 2], [8, 3], [2, 0], [7, 3], [4, 0], [5, 4], [1, 2]]
2026-03-25 23:49:08,781 - INFO - episode:223 totalReward:0 Actions:[[9, 2], [3, 1], [8, 3], [2, 4], [4, 1], [1, 0], [6, 3], [7, 5], [5, 2]]
2026-03-25 23:49:08,803 - INFO - episode:224 totalReward:0 Actions:[[1, 2], [2, 3], [9, 5], [3, 1], [5, 4], [7, 0], [4, 2], [8, 1], [6, 3]]
2026-03-25 23:49:08,983 - INFO - episode:225 totalReward:-100 Actions:[[6, 0], [5, 1], [1, 5], [2, 0], [4, 4], [3, 3], [9, 1], [8, 4], [7, 3], [0, 2]]
2026-03-25 23:49:09,100 - INFO - episode:226 totalReward:-100 Actions:[[0, 1], [8, 2], [2, 2], [9, 0], [5, 4], [7, 0], [3, 3], [4, 5], [6, 4], [1, 5]]
2026-03-25 23:49:09,122 - INFO - episode:227 totalReward:0 Actions:[[5, 1], [9, 5], [6, 3], [1, 2], [4, 5], [2, 2], [3, 4], [7, 3], [8, 0]]
2026-03-25 23:49:09,160 - INFO - episode:228 totalReward:281.8285887144614 Actions:[[0, 4], [9, 2], [6, 1], [2, 1], [5, 3], [8, 5], [7, 0], [1, 0], [4, 2], [3, 5]]
2026-03-25 23:49:09,239 - INFO - episode:229 totalReward:-100 Actions:[[7, 2], [0, 1], [8, 2], [3, 0], [1, 3], [2, 3], [5, 5], [9, 4], [6, 5], [4, 4]]
2026-03-25 23:49:09,293 - INFO - episode:230 totalReward:265.6471515445953 Actions:[[0, 1]]
2026-03-25 23:49:09,333 - INFO - episode:231 totalReward:163.01479163711454 Actions:[[2, 5], [0, 1], [4, 2], [8, 0], [1, 4], [7, 3], [5, 0], [9, 2], [6, 5], [3, 3]]
2026-03-25 23:49:09,377 - INFO - episode:232 totalReward:-100 Actions:[[0, 1], [9, 0], [6, 5], [1, 3], [8, 2], [5, 4], [3, 5], [4, 0], [7, 3], [2, 2]]
2026-03-25 23:49:09,510 - INFO - episode:233 totalReward:-100 Actions:[[5, 1], [9, 3], [8, 1], [2, 4], [6, 2], [3, 3], [1, 0], [4, 0], [0, 5], [7, 4]]
2026-03-25 23:49:09,572 - INFO - episode:234 totalReward:173.48466649992048 Actions:[[9, 2], [2, 4], [0, 1], [7, 3], [5, 5], [1, 4], [4, 5], [8, 0], [6, 2], [3, 3]]
2026-03-25 23:49:09,624 - INFO - episode:235 totalReward:265.13591052253037 Actions:[[4, 3], [0, 1], [3, 3], [1, 5], [8, 0], [2, 2], [6, 4], [5, 4], [7, 2], [9, 5]]
2026-03-25 23:49:09,678 - INFO - episode:236 totalReward:0 Actions:[[0, 1], [8, 3], [6, 2], [2, 2], [1, 0], [4, 5], [7, 5], [9, 4], [3, 4]]
2026-03-25 23:49:09,875 - INFO - episode:237 totalReward:-100 Actions:[[1, 2], [0, 1], [2, 3], [9, 0], [7, 3], [5, 5], [8, 4], [6, 2], [4, 0], [3, 4]]
2026-03-25 23:49:09,951 - INFO - episode:238 totalReward:-100 Actions:[[5, 5], [4, 2], [6, 2], [0, 3], [2, 4], [1, 1], [9, 4], [8, 0], [3, 0], [7, 1]]
2026-03-25 23:49:09,974 - INFO - episode:239 totalReward:0 Actions:[[5, 5], [7, 0], [9, 5], [4, 1], [2, 4], [1, 4], [3, 2], [8, 2], [6, 3]]
2026-03-25 23:49:10,110 - INFO - episode:240 totalReward:396.23391913049755 Actions:[[8, 0]]
2026-03-25 23:49:10,280 - INFO - episode:241 totalReward:-100 Actions:[[1, 5], [8, 0], [4, 0], [9, 1], [7, 5], [5, 3], [0, 4], [6, 3], [2, 1], [3, 2]]
2026-03-25 23:49:10,335 - INFO - episode:242 totalReward:-100 Actions:[[8, 0], [1, 1], [0, 4], [3, 3], [7, 5], [4, 0], [9, 1], [6, 5], [2, 3], [5, 2]]
2026-03-25 23:49:10,359 - INFO - episode:243 totalReward:0 Actions:[[4, 0], [1, 2], [7, 4], [6, 1], [9, 2], [2, 5], [8, 4], [3, 1], [5, 3]]
2026-03-25 23:49:10,414 - INFO - episode:244 totalReward:184.4546706167168 Actions:[[0, 2], [3, 4], [5, 5], [9, 5], [7, 1], [6, 4], [2, 1], [1, 0], [4, 0], [8, 3]]
2026-03-25 23:49:10,472 - INFO - episode:245 totalReward:-100 Actions:[[0, 1], [6, 2], [9, 3], [5, 4], [2, 3], [4, 0], [3, 0], [1, 5], [8, 2], [7, 5]]
2026-03-25 23:49:10,538 - INFO - episode:246 totalReward:211.958244855067 Actions:[[6, 5], [4, 4], [0, 1], [3, 4], [1, 0], [7, 2], [2, 2], [8, 0], [5, 5], [9, 3]]
2026-03-25 23:49:10,582 - INFO - episode:247 totalReward:0 Actions:[[0, 1], [8, 0], [3, 5], [9, 0], [4, 3], [6, 3], [2, 2], [7, 2], [5, 4]]
2026-03-25 23:49:10,691 - INFO - episode:248 totalReward:-100 Actions:[[0, 1], [5, 0], [6, 4], [4, 3], [9, 2], [3, 3], [2, 2], [8, 5], [1, 4], [7, 0]]
2026-03-25 23:49:10,724 - INFO - episode:249 totalReward:-100 Actions:[[7, 5], [0, 1], [4, 0], [1, 4], [5, 2], [6, 0], [9, 4], [2, 5], [8, 3], [3, 3]]
2026-03-25 23:49:10,781 - INFO - episode:250 totalReward:-100 Actions:[[4, 0]]
2026-03-25 23:49:10,931 - INFO - episode:251 totalReward:-100 Actions:[[4, 0], [9, 1], [6, 5], [7, 1], [2, 0], [0, 2], [8, 4], [5, 3], [3, 4], [1, 5]]
2026-03-25 23:49:10,967 - INFO - episode:252 totalReward:0 Actions:[[9, 5], [0, 1], [2, 0], [8, 3], [1, 0], [7, 4], [4, 5], [6, 3], [3, 2]]
2026-03-25 23:49:11,008 - INFO - episode:253 totalReward:-100 Actions:[[0, 1], [3, 5], [4, 4], [9, 3], [8, 4], [7, 0], [5, 3], [1, 0], [6, 2], [2, 5]]
2026-03-25 23:49:11,048 - INFO - episode:254 totalReward:0 Actions:[[2, 5], [0, 1], [3, 3], [9, 0], [4, 2], [5, 4], [6, 2], [8, 0], [7, 5]]
2026-03-25 23:49:11,091 - INFO - episode:255 totalReward:0 Actions:[[3, 0], [0, 1], [2, 5], [9, 4], [8, 4], [5, 2], [4, 3], [6, 3], [7, 5]]
2026-03-25 23:49:11,150 - INFO - episode:256 totalReward:-100 Actions:[[0, 1], [4, 4], [3, 2], [2, 2], [7, 4], [1, 5], [9, 3], [6, 0], [8, 3], [5, 0]]
2026-03-25 23:49:11,206 - INFO - episode:257 totalReward:196.6337149230269 Actions:[[1, 1], [3, 0], [0, 2], [4, 5], [9, 4], [2, 4], [6, 3], [5, 5], [8, 3], [7, 0]]
2026-03-25 23:49:11,244 - INFO - episode:258 totalReward:0 Actions:[[0, 1], [3, 3], [4, 3], [7, 5], [1, 4], [9, 0], [8, 4], [6, 0], [2, 2]]
2026-03-25 23:49:11,284 - INFO - episode:259 totalReward:-100 Actions:[[9, 2], [5, 0], [0, 1], [4, 5], [3, 4], [8, 2], [7, 4], [2, 3], [1, 5], [6, 3]]
2026-03-25 23:49:11,317 - INFO - episode:260 totalReward:-100 Actions:[[0, 1]]
2026-03-25 23:49:11,455 - INFO - episode:261 totalReward:415.04998456239906 Actions:[[5, 4], [0, 1], [8, 0], [7, 0], [2, 3], [6, 2], [4, 4], [3, 5], [1, 2], [9, 3]]
2026-03-25 23:49:11,499 - INFO - episode:262 totalReward:-100 Actions:[[2, 2], [6, 1], [3, 2], [9, 5], [5, 5], [8, 1], [4, 3], [0, 4], [7, 0], [1, 3]]
2026-03-25 23:49:11,558 - INFO - episode:263 totalReward:-100 Actions:[[3, 0], [6, 3], [9, 0], [7, 4], [5, 2], [8, 5], [0, 1], [2, 3], [4, 2], [1, 5]]
2026-03-25 23:49:11,708 - INFO - episode:264 totalReward:-100 Actions:[[7, 1], [6, 2], [5, 5], [9, 2], [3, 0], [8, 0], [4, 1], [1, 3], [2, 3], [0, 4]]
2026-03-25 23:49:11,761 - INFO - episode:265 totalReward:0 Actions:[[7, 1], [0, 5], [1, 3], [4, 1], [6, 3], [8, 2], [2, 4], [9, 4], [3, 0]]
2026-03-25 23:49:11,854 - INFO - episode:266 totalReward:-100 Actions:[[9, 3], [0, 1], [3, 3], [1, 5], [2, 5], [5, 0], [4, 0], [8, 2], [7, 2], [6, 4]]
2026-03-25 23:49:11,952 - INFO - episode:267 totalReward:-100 Actions:[[0, 1], [9, 5], [6, 3], [5, 0], [7, 5], [2, 0], [1, 4], [8, 3], [3, 2], [4, 2]]
2026-03-25 23:49:12,095 - INFO - episode:268 totalReward:253.22742134915657 Actions:[[4, 1], [8, 1], [6, 2], [1, 2], [0, 0], [7, 4], [9, 4], [5, 5], [3, 3], [2, 3]]
2026-03-25 23:49:12,122 - INFO - episode:269 totalReward:0 Actions:[[4, 0], [5, 4], [8, 1], [3, 2], [6, 5], [9, 2], [7, 3], [1, 3], [2, 1]]
2026-03-25 23:49:12,196 - INFO - episode:270 totalReward:-100 Actions:[[4, 0]]
2026-03-25 23:49:12,229 - INFO - episode:271 totalReward:0 Actions:[[4, 0], [1, 3], [7, 5], [5, 2], [8, 5], [6, 1], [3, 4], [2, 3], [9, 2]]
2026-03-25 23:49:12,268 - INFO - episode:272 totalReward:-100 Actions:[[5, 3], [7, 2], [3, 1], [2, 4], [6, 4], [8, 5], [9, 1], [4, 5], [1, 2], [0, 0]]
2026-03-25 23:49:12,383 - INFO - episode:273 totalReward:196.03296811893264 Actions:[[5, 5], [0, 1], [7, 4], [1, 2], [8, 0], [4, 0], [6, 3], [3, 4], [9, 2], [2, 3]]
2026-03-25 23:49:12,616 - INFO - episode:274 totalReward:-100 Actions:[[5, 4], [0, 1], [1, 2], [2, 2], [7, 5], [4, 0], [8, 5], [6, 0], [9, 4], [3, 3]]
2026-03-25 23:49:12,676 - INFO - episode:275 totalReward:-100 Actions:[[0, 1], [7, 4], [4, 2], [6, 0], [9, 2], [5, 0], [2, 3], [3, 5], [1, 3], [8, 5]]
2026-03-25 23:49:12,749 - INFO - episode:276 totalReward:-100 Actions:[[0, 1], [7, 5], [8, 3], [2, 5], [4, 4], [6, 4], [9, 0], [5, 0], [3, 3], [1, 2]]
2026-03-25 23:49:12,939 - INFO - episode:277 totalReward:-100 Actions:[[0, 1], [7, 2], [3, 4], [8, 5], [4, 4], [1, 2], [2, 3], [9, 5], [6, 0], [5, 0]]
2026-03-25 23:49:12,993 - INFO - episode:278 totalReward:278.4513501421092 Actions:[[1, 2], [6, 3], [7, 2], [4, 5], [3, 1], [2, 4], [8, 1], [5, 3], [0, 0], [9, 5]]
2026-03-25 23:49:13,026 - INFO - episode:279 totalReward:0 Actions:[[6, 3], [4, 0], [8, 5], [9, 2], [5, 1], [3, 2], [2, 4], [7, 1], [1, 0]]
2026-03-25 23:49:13,047 - INFO - episode:280 totalReward:0 Actions:[[5, 5]]
2026-03-25 23:49:13,112 - INFO - episode:281 totalReward:-100 Actions:[[4, 1], [5, 5], [9, 2], [8, 2], [0, 0], [6, 3], [1, 3], [7, 4], [2, 4], [3, 1]]
2026-03-25 23:49:13,208 - INFO - episode:282 totalReward:-100 Actions:[[1, 2], [8, 0], [9, 0], [3, 4], [4, 4], [2, 5], [7, 1], [6, 5], [0, 3], [5, 1]]
2026-03-25 23:49:13,325 - INFO - episode:283 totalReward:249.75453055716187 Actions:[[8, 0], [9, 3], [0, 1], [6, 2], [7, 2], [5, 3], [4, 5], [2, 4], [3, 0], [1, 5]]
2026-03-25 23:49:13,371 - INFO - episode:284 totalReward:-100 Actions:[[8, 4], [4, 5], [2, 4], [9, 5], [1, 3], [0, 2], [5, 0], [7, 0], [3, 1], [6, 1]]
2026-03-25 23:49:13,629 - INFO - episode:285 totalReward:-100 Actions:[[3, 2], [6, 0], [4, 1], [9, 4], [7, 0], [1, 3], [8, 1], [0, 5], [2, 3], [5, 4]]
2026-03-25 23:49:13,750 - INFO - episode:286 totalReward:-100 Actions:[[0, 1], [1, 5], [6, 4], [4, 0], [3, 4], [9, 2], [7, 0], [5, 2], [8, 5], [2, 3]]
2026-03-25 23:49:13,821 - INFO - episode:287 totalReward:-100 Actions:[[0, 1], [1, 3], [9, 2], [5, 0], [8, 4], [6, 4], [3, 5], [7, 2], [4, 5], [2, 0]]
2026-03-25 23:49:13,997 - INFO - episode:288 totalReward:-100 Actions:[[7, 0], [0, 1], [1, 3], [4, 3], [5, 5], [8, 2], [2, 2], [6, 0], [9, 5], [3, 4]]
2026-03-25 23:49:14,071 - INFO - episode:289 totalReward:-100 Actions:[[0, 1], [4, 0], [3, 2], [2, 4], [8, 4], [1, 0], [5, 5], [7, 3], [9, 5], [6, 3]]
2026-03-25 23:49:14,108 - INFO - episode:290 totalReward:-100 Actions:[[5, 4], [0, 1]]
2026-03-25 23:49:14,128 - INFO - episode:291 totalReward:-100 Actions:[[4, 3], [5, 4], [7, 1], [9, 0], [6, 3], [8, 2], [1, 2], [0, 5], [2, 1], [3, 0]]
2026-03-25 23:49:14,150 - INFO - episode:292 totalReward:-100 Actions:[[5, 4], [0, 1], [8, 2], [7, 2], [4, 5], [1, 3], [9, 0], [6, 4], [3, 0], [2, 5]]
2026-03-25 23:49:14,222 - INFO - episode:293 totalReward:-100 Actions:[[0, 1], [7, 0], [4, 0], [6, 3], [3, 4], [8, 4], [2, 5], [9, 2], [5, 3], [1, 5]]
2026-03-25 23:49:14,384 - INFO - episode:294 totalReward:-100 Actions:[[2, 3], [0, 1], [9, 5], [8, 5], [1, 0], [4, 0], [3, 3], [6, 2], [7, 4], [5, 2]]
2026-03-25 23:49:14,461 - INFO - episode:295 totalReward:0 Actions:[[3, 2], [0, 1], [2, 3], [6, 3], [9, 0], [4, 2], [8, 4], [7, 0], [1, 5]]
2026-03-25 23:49:14,490 - INFO - episode:296 totalReward:-100 Actions:[[0, 1], [2, 4], [5, 5], [1, 2], [7, 4], [6, 3], [9, 3], [8, 2], [4, 5], [3, 0]]
2026-03-25 23:49:14,574 - INFO - episode:297 totalReward:0 Actions:[[4, 1], [8, 1], [9, 0], [1, 3], [7, 0], [2, 5], [5, 2], [6, 4], [3, 4]]
2026-03-25 23:49:14,617 - INFO - episode:298 totalReward:220.7660077268825 Actions:[[9, 4], [0, 1], [3, 2], [8, 0], [2, 5], [7, 5], [1, 0], [4, 3], [5, 3], [6, 4]]
2026-03-25 23:49:14,668 - INFO - episode:299 totalReward:-100 Actions:[[0, 1], [5, 5], [6, 0], [2, 2], [9, 2], [7, 3], [1, 0], [8, 4], [3, 3], [4, 2]]
2026-03-25 23:49:14,710 - INFO - episode:300 totalReward:0 Actions:[[0, 1]]
2026-03-25 23:49:14,743 - INFO - episode:301 totalReward:-100 Actions:[[0, 1], [5, 3], [9, 2], [8, 5], [4, 3], [3, 2], [6, 4], [1, 4], [2, 5], [7, 0]]
2026-03-25 23:49:14,790 - INFO - episode:302 totalReward:0 Actions:[[0, 1], [9, 2], [3, 3], [8, 4], [6, 4], [1, 0], [7, 2], [4, 0], [2, 5]]
2026-03-25 23:49:14,858 - INFO - episode:303 totalReward:0 Actions:[[4, 1], [5, 3], [7, 2], [2, 4], [1, 4], [9, 2], [6, 0], [3, 5], [8, 0]]
2026-03-25 23:49:14,926 - INFO - episode:304 totalReward:-100 Actions:[[9, 5], [7, 2], [3, 5], [1, 0], [5, 3], [8, 2], [4, 3], [0, 1], [2, 4], [6, 4]]
2026-03-25 23:49:14,984 - INFO - episode:305 totalReward:191.05046813259887 Actions:[[9, 1], [1, 0], [2, 4], [8, 2], [6, 4], [5, 5], [7, 0], [3, 1], [0, 3], [4, 2]]
2026-03-25 23:49:15,056 - INFO - episode:306 totalReward:0 Actions:[[4, 1], [9, 2], [1, 5], [2, 0], [7, 1], [0, 4], [6, 0], [8, 2], [5, 3]]
2026-03-25 23:49:15,104 - INFO - episode:307 totalReward:-100 Actions:[[0, 1], [1, 0], [2, 5], [6, 2], [8, 5], [3, 2], [7, 0], [4, 4], [5, 3], [9, 4]]
2026-03-25 23:49:15,271 - INFO - episode:308 totalReward:-100 Actions:[[3, 0], [8, 1], [6, 5], [4, 0], [7, 2], [1, 5], [9, 4], [5, 4], [2, 1], [0, 3]]
2026-03-25 23:49:15,316 - INFO - episode:309 totalReward:-100 Actions:[[9, 1], [8, 2], [6, 2], [2, 4], [7, 3], [4, 0], [1, 4], [5, 0], [0, 5], [3, 1]]
2026-03-25 23:49:15,451 - INFO - episode:310 totalReward:0 Actions:[[8, 1]]
2026-03-25 23:49:15,494 - INFO - episode:311 totalReward:0 Actions:[[8, 1], [0, 0], [4, 5], [9, 1], [3, 4], [1, 2], [6, 5], [2, 3], [7, 4]]
2026-03-25 23:49:15,550 - INFO - episode:312 totalReward:-100 Actions:[[6, 0], [4, 0], [8, 5], [2, 1], [7, 4], [3, 5], [1, 2], [5, 1], [9, 2], [0, 3]]
2026-03-25 23:49:15,656 - INFO - episode:313 totalReward:-100 Actions:[[0, 0], [7, 2], [2, 2], [5, 5], [9, 4], [8, 4], [1, 3], [6, 5], [3, 1], [4, 1]]
2026-03-25 23:49:15,675 - INFO - episode:314 totalReward:0 Actions:[[7, 2], [5, 5], [4, 0], [9, 2], [1, 1], [2, 3], [6, 3], [3, 4], [8, 0]]
2026-03-25 23:49:15,854 - INFO - episode:315 totalReward:-100 Actions:[[0, 1], [1, 2], [7, 4], [2, 3], [3, 3], [6, 5], [5, 5], [4, 2], [8, 4], [9, 0]]
2026-03-25 23:49:15,916 - INFO - episode:316 totalReward:-100 Actions:[[0, 1], [4, 0], [3, 3], [7, 2], [1, 0], [9, 3], [8, 2], [2, 5], [6, 4], [5, 4]]
2026-03-25 23:49:15,974 - INFO - episode:317 totalReward:-100 Actions:[[0, 1], [7, 5], [1, 4], [8, 5], [4, 3], [5, 0], [9, 2], [2, 0], [3, 2], [6, 3]]
2026-03-25 23:49:16,037 - INFO - episode:318 totalReward:-100 Actions:[[0, 1], [2, 3], [1, 3], [9, 5], [6, 5], [5, 0], [4, 2], [7, 4], [8, 2], [3, 4]]
2026-03-25 23:49:16,173 - INFO - episode:319 totalReward:-100 Actions:[[8, 0], [9, 4], [4, 1], [5, 4], [0, 2], [3, 0], [7, 3], [1, 5], [2, 1], [6, 3]]
2026-03-25 23:49:16,257 - INFO - episode:320 totalReward:0 Actions:[[8, 0]]
2026-03-25 23:49:16,298 - INFO - episode:321 totalReward:-100 Actions:[[4, 3], [8, 0], [2, 3], [1, 2], [9, 1], [7, 0], [0, 5], [5, 4], [3, 1], [6, 2]]
2026-03-25 23:49:16,370 - INFO - episode:322 totalReward:0 Actions:[[7, 1], [4, 3], [2, 3], [3, 2], [0, 4], [9, 5], [6, 1], [8, 5], [1, 0]]
2026-03-25 23:49:16,409 - INFO - episode:323 totalReward:-100 Actions:[[3, 5], [0, 1], [5, 0], [2, 0], [6, 5], [9, 3], [7, 4], [1, 2], [8, 3], [4, 2]]
2026-03-25 23:49:16,458 - INFO - episode:324 totalReward:-100 Actions:[[9, 2], [1, 2], [0, 1], [2, 3], [7, 0], [8, 4], [3, 5], [4, 3], [6, 5], [5, 0]]
2026-03-25 23:49:16,502 - INFO - episode:325 totalReward:-100 Actions:[[4, 2], [0, 1], [7, 4], [2, 3], [5, 5], [9, 3], [8, 4], [6, 5], [3, 2], [1, 0]]
2026-03-25 23:49:16,547 - INFO - episode:326 totalReward:-100 Actions:[[0, 1], [9, 0], [5, 0], [2, 3], [1, 4], [3, 5], [8, 5], [6, 4], [7, 3], [4, 2]]
2026-03-25 23:49:16,688 - INFO - episode:327 totalReward:-100 Actions:[[5, 4], [6, 3], [4, 3], [2, 5], [7, 1], [8, 1], [9, 0], [3, 5], [0, 2], [1, 0]]
2026-03-25 23:49:16,791 - INFO - episode:328 totalReward:-100 Actions:[[1, 1], [9, 5], [6, 1], [5, 2], [4, 3], [3, 0], [8, 3], [2, 5], [0, 4], [7, 0]]
2026-03-25 23:49:16,864 - INFO - episode:329 totalReward:-100 Actions:[[4, 1], [2, 5], [6, 3], [8, 4], [1, 4], [0, 2], [7, 5], [9, 3], [3, 1], [5, 0]]
2026-03-25 23:49:16,943 - INFO - episode:330 totalReward:-100 Actions:[[0, 1]]
2026-03-25 23:49:17,140 - INFO - episode:331 totalReward:-100 Actions:[[5, 5], [0, 1], [6, 5], [2, 2], [1, 4], [9, 3], [8, 3], [7, 2], [4, 0], [3, 0]]
2026-03-25 23:49:17,244 - INFO - episode:332 totalReward:-100 Actions:[[0, 1], [6, 2], [4, 3], [1, 0], [8, 4], [3, 5], [2, 2], [9, 5], [7, 4], [5, 3]]
2026-03-25 23:49:17,329 - INFO - episode:333 totalReward:627.5215222692893 Actions:[[0, 1], [4, 4], [1, 4], [8, 0], [2, 0], [7, 5], [9, 5], [6, 3], [5, 2], [3, 3]]
2026-03-25 23:49:17,365 - INFO - episode:334 totalReward:-100 Actions:[[8, 0], [2, 2], [6, 5], [0, 3], [3, 1], [9, 1], [4, 2], [7, 5], [5, 0], [1, 4]]
2026-03-25 23:49:17,469 - INFO - episode:335 totalReward:-100 Actions:[[6, 1], [8, 0], [7, 4], [3, 5], [4, 1], [2, 2], [9, 4], [1, 2], [5, 0], [0, 3]]
2026-03-25 23:49:17,646 - INFO - episode:336 totalReward:-100 Actions:[[2, 4], [8, 0], [3, 3], [0, 2], [6, 4], [7, 5], [1, 0], [4, 5], [9, 1], [5, 1]]
2026-03-25 23:49:17,677 - INFO - episode:337 totalReward:284.23092068169 Actions:[[3, 0], [8, 0], [6, 3], [2, 2], [5, 4], [0, 1], [7, 5], [1, 2], [4, 5], [9, 3]]
2026-03-25 23:49:17,696 - INFO - episode:338 totalReward:0 Actions:[[8, 0], [5, 2], [3, 3], [9, 5], [2, 4], [6, 2], [4, 0], [1, 5], [7, 1]]
2026-03-25 23:49:17,782 - INFO - episode:339 totalReward:-100 Actions:[[8, 0], [3, 5], [5, 1], [4, 1], [1, 0], [2, 3], [6, 5], [7, 2], [9, 2], [0, 4]]
2026-03-25 23:49:17,885 - INFO - episode:340 totalReward:242.61679060378287 Actions:[[4, 1], [6, 5]]
2026-03-25 23:49:17,988 - INFO - episode:341 totalReward:249.21697067844622 Actions:[[3, 1], [7, 2], [6, 5], [8, 5], [0, 4], [5, 0], [2, 0], [4, 3], [9, 2], [1, 3]]
2026-03-25 23:49:18,034 - INFO - episode:342 totalReward:-100 Actions:[[6, 5], [2, 2], [0, 1], [3, 5], [7, 4], [1, 0], [8, 2], [9, 4], [4, 3], [5, 3]]
2026-03-25 23:49:18,132 - INFO - episode:343 totalReward:-100 Actions:[[0, 1], [6, 0], [7, 2], [3, 3], [2, 2], [8, 4], [9, 5], [4, 4], [1, 5], [5, 0]]
2026-03-25 23:49:18,196 - INFO - episode:344 totalReward:-100 Actions:[[4, 0], [9, 5], [1, 1], [5, 3], [6, 5], [2, 0], [7, 1], [3, 4], [0, 2], [8, 4]]
2026-03-25 23:49:18,232 - INFO - episode:345 totalReward:0 Actions:[[9, 2], [5, 0], [6, 0], [1, 5], [8, 2], [7, 1], [4, 5], [3, 3], [2, 4]]
2026-03-25 23:49:18,258 - INFO - episode:346 totalReward:0 Actions:[[7, 1], [8, 4], [5, 5], [9, 5], [2, 2], [1, 3], [6, 0], [4, 2], [3, 0]]
2026-03-25 23:49:18,334 - INFO - episode:347 totalReward:-100 Actions:[[3, 3], [5, 5], [4, 1], [0, 0], [6, 1], [9, 4], [7, 4], [8, 2], [1, 2], [2, 3]]
2026-03-25 23:49:18,384 - INFO - episode:348 totalReward:-100 Actions:[[2, 1], [0, 2], [5, 5], [6, 1], [8, 4], [1, 3], [3, 0], [7, 3], [4, 4], [9, 0]]
2026-03-25 23:49:18,464 - INFO - episode:349 totalReward:-100 Actions:[[6, 1], [0, 0], [5, 4], [7, 2], [8, 3], [4, 1], [9, 5], [3, 3], [1, 2], [2, 5]]
2026-03-25 23:49:18,481 - INFO - episode:350 totalReward:0 Actions:[[8, 1]]
2026-03-25 23:49:18,589 - INFO - episode:351 totalReward:-100 Actions:[[4, 2], [6, 1], [8, 1], [7, 2], [3, 3], [5, 4], [0, 5], [9, 0], [2, 3], [1, 0]]
2026-03-25 23:49:18,643 - INFO - episode:352 totalReward:-100 Actions:[[0, 0], [6, 3], [8, 3], [5, 5], [9, 4], [7, 4], [4, 2], [1, 1], [2, 1], [3, 2]]
2026-03-25 23:49:18,668 - INFO - episode:353 totalReward:-100 Actions:[[9, 2], [5, 3], [7, 5], [1, 4], [8, 4], [6, 5], [2, 1], [3, 1], [0, 0], [4, 3]]
2026-03-25 23:49:18,685 - INFO - episode:354 totalReward:0 Actions:[[7, 2], [1, 0], [0, 1], [9, 5], [2, 4], [4, 4], [5, 3], [8, 5], [6, 2]]
2026-03-25 23:49:18,797 - INFO - episode:355 totalReward:-100 Actions:[[6, 0], [5, 2], [0, 1], [3, 0], [7, 4], [9, 3], [4, 5], [8, 4], [2, 5], [1, 3]]
2026-03-25 23:49:18,880 - INFO - episode:356 totalReward:267.39825784869373 Actions:[[8, 0], [0, 1], [2, 2], [7, 5], [9, 4], [1, 0], [4, 4], [6, 3], [5, 3], [3, 2]]
2026-03-25 23:49:18,908 - INFO - episode:357 totalReward:272.4051572844047 Actions:[[0, 1], [5, 4], [4, 5], [7, 2], [1, 3], [6, 2], [3, 0], [9, 3], [2, 5], [8, 0]]
2026-03-25 23:49:18,943 - INFO - episode:358 totalReward:-100 Actions:[[9, 4], [8, 5], [7, 1], [2, 0], [4, 3], [6, 3], [1, 4], [3, 5], [5, 0], [0, 2]]
2026-03-25 23:49:19,079 - INFO - episode:359 totalReward:-100 Actions:[[4, 0], [6, 3], [0, 1], [9, 2], [7, 2], [1, 4], [5, 3], [3, 0], [2, 4], [8, 5]]
2026-03-25 23:49:19,134 - INFO - episode:360 totalReward:-100 Actions:[[0, 1]]
2026-03-25 23:49:19,337 - INFO - episode:361 totalReward:-100 Actions:[[0, 1], [2, 2], [9, 0], [3, 0], [6, 5], [5, 4], [7, 5], [8, 2], [4, 4], [1, 3]]
2026-03-25 23:49:19,391 - INFO - episode:362 totalReward:-100 Actions:[[6, 2], [4, 5], [7, 2], [8, 1], [1, 5], [3, 1], [0, 4], [9, 3], [5, 0], [2, 0]]
2026-03-25 23:49:19,456 - INFO - episode:363 totalReward:-100 Actions:[[7, 1], [5, 4], [8, 1], [0, 2], [4, 5], [6, 4], [1, 3], [2, 3], [3, 0], [9, 5]]
2026-03-25 23:49:19,489 - INFO - episode:364 totalReward:-100 Actions:[[7, 1], [8, 2], [6, 5], [9, 1], [1, 3], [3, 0], [4, 0], [0, 4], [2, 3], [5, 5]]
2026-03-25 23:49:19,521 - INFO - episode:365 totalReward:0 Actions:[[7, 1], [9, 2], [3, 0], [2, 3], [4, 2], [5, 4], [1, 5], [6, 3], [8, 1]]
2026-03-25 23:49:19,585 - INFO - episode:366 totalReward:-100 Actions:[[2, 4], [0, 1], [5, 3], [6, 4], [4, 2], [7, 0], [9, 0], [1, 2], [3, 5], [8, 5]]
2026-03-25 23:49:19,647 - INFO - episode:367 totalReward:0 Actions:[[0, 1], [6, 2], [4, 5], [1, 2], [3, 0], [9, 3], [2, 5], [8, 3], [7, 4]]
2026-03-25 23:49:19,698 - INFO - episode:368 totalReward:-100 Actions:[[0, 1], [9, 5], [1, 2], [2, 3], [7, 3], [8, 2], [4, 5], [6, 0], [3, 4], [5, 0]]
2026-03-25 23:49:19,758 - INFO - episode:369 totalReward:-100 Actions:[[0, 1], [4, 3], [7, 0], [2, 0], [1, 3], [8, 2], [9, 2], [3, 5], [6, 4], [5, 4]]
2026-03-25 23:49:19,798 - INFO - episode:370 totalReward:0 Actions:[[8, 0]]
2026-03-25 23:49:19,871 - INFO - episode:371 totalReward:179.77155550408813 Actions:[[8, 0], [3, 4], [9, 5], [1, 2], [6, 5], [4, 4], [7, 2], [0, 1], [5, 0], [2, 3]]
2026-03-25 23:49:19,959 - INFO - episode:372 totalReward:-100 Actions:[[6, 5], [5, 0], [0, 1], [7, 0], [3, 3], [1, 5], [2, 4], [8, 2], [4, 3], [9, 4]]
2026-03-25 23:49:20,081 - INFO - episode:373 totalReward:-100 Actions:[[0, 0], [6, 2], [4, 4], [5, 5], [1, 4], [9, 3], [8, 3], [2, 2], [3, 1], [7, 1]]
2026-03-25 23:49:20,125 - INFO - episode:374 totalReward:0 Actions:[[4, 1], [9, 0], [8, 2], [5, 3], [2, 4], [7, 1], [6, 5], [3, 0], [1, 2]]
2026-03-25 23:49:20,177 - INFO - episode:375 totalReward:0 Actions:[[5, 5], [4, 5], [1, 0], [2, 1], [9, 2], [6, 2], [3, 4], [8, 1], [7, 3]]
2026-03-25 23:49:20,240 - INFO - episode:376 totalReward:-100 Actions:[[5, 5], [6, 2], [8, 1], [3, 4], [9, 0], [2, 4], [7, 1], [4, 5], [1, 2], [0, 3]]
2026-03-25 23:49:20,280 - INFO - episode:377 totalReward:0 Actions:[[1, 1], [6, 3], [8, 2], [4, 4], [3, 5], [5, 0], [7, 3], [2, 1], [9, 0]]
2026-03-25 23:49:20,371 - INFO - episode:378 totalReward:-100 Actions:[[3, 1], [2, 1], [8, 3], [9, 2], [5, 4], [1, 3], [7, 2], [4, 4], [6, 0], [0, 5]]
2026-03-25 23:49:20,418 - INFO - episode:379 totalReward:-100 Actions:[[0, 1], [9, 5], [4, 4], [6, 3], [8, 2], [3, 5], [7, 3], [2, 0], [1, 2], [5, 0]]
2026-03-25 23:49:20,481 - INFO - episode:380 totalReward:182.90522062328318 Actions:[[0, 1]]
2026-03-25 23:49:20,504 - INFO - episode:381 totalReward:0 Actions:[[0, 1], [9, 0], [1, 2], [3, 4], [6, 3], [7, 3], [4, 0], [8, 5], [2, 5]]
2026-03-25 23:49:20,769 - INFO - episode:382 totalReward:-100 Actions:[[0, 1], [2, 4], [9, 0], [3, 3], [7, 2], [8, 2], [6, 5], [4, 4], [1, 0], [5, 5]]
2026-03-25 23:49:20,832 - INFO - episode:383 totalReward:-100 Actions:[[8, 1], [4, 4], [3, 0], [6, 5], [5, 3], [9, 1], [1, 4], [2, 0], [7, 5], [0, 2]]
2026-03-25 23:49:20,863 - INFO - episode:384 totalReward:-100 Actions:[[8, 1], [9, 2], [2, 2], [4, 5], [0, 4], [6, 0], [1, 5], [7, 3], [3, 3], [5, 1]]
2026-03-25 23:49:20,901 - INFO - episode:385 totalReward:236.85067499686437 Actions:[[3, 4], [8, 1], [9, 2], [6, 4], [0, 0], [2, 5], [4, 3], [1, 3], [7, 2], [5, 1]]
2026-03-25 23:49:20,983 - INFO - episode:386 totalReward:-100 Actions:[[5, 5], [0, 0], [3, 4], [1, 2], [8, 4], [4, 3], [6, 2], [2, 3], [9, 5], [7, 1]]
2026-03-25 23:49:21,109 - INFO - episode:387 totalReward:-100 Actions:[[8, 4], [7, 2], [6, 0], [0, 1], [1, 4], [4, 0], [2, 2], [5, 5], [3, 3], [9, 3]]
2026-03-25 23:49:21,195 - INFO - episode:388 totalReward:-100 Actions:[[7, 2], [1, 1], [5, 5], [0, 4], [3, 0], [2, 2], [6, 0], [9, 3], [8, 1], [4, 5]]
2026-03-25 23:49:21,267 - INFO - episode:389 totalReward:0 Actions:[[0, 0], [4, 3], [2, 1], [9, 2], [5, 5], [6, 2], [8, 3], [7, 1], [3, 4]]
2026-03-25 23:49:21,357 - INFO - episode:390 totalReward:-100 Actions:[[4, 3]]
2026-03-25 23:49:21,475 - INFO - episode:391 totalReward:-100 Actions:[[1, 1], [4, 3], [9, 5], [8, 4], [5, 2], [3, 5], [6, 2], [2, 3], [7, 1], [0, 0]]
2026-03-25 23:49:21,511 - INFO - episode:392 totalReward:0 Actions:[[4, 3], [3, 5], [1, 3], [8, 1], [9, 2], [7, 4], [6, 4], [5, 0], [2, 5]]
2026-03-25 23:49:21,587 - INFO - episode:393 totalReward:-100 Actions:[[4, 4], [1, 4], [6, 3], [3, 1], [2, 3], [7, 2], [9, 2], [5, 0], [0, 5], [8, 0]]
2026-03-25 23:49:21,727 - INFO - episode:394 totalReward:282.51569507848035 Actions:[[6, 1], [0, 5], [8, 4], [7, 2], [2, 0], [4, 4], [9, 1], [3, 0], [1, 2], [5, 3]]
2026-03-25 23:49:21,779 - INFO - episode:395 totalReward:614.7684442175348 Actions:[[0, 1], [1, 4], [3, 5], [4, 2], [7, 4], [6, 3], [5, 3], [9, 2], [8, 0], [2, 0]]
2026-03-25 23:49:21,845 - INFO - episode:396 totalReward:-100 Actions:[[9, 0], [8, 5], [5, 4], [0, 1], [6, 2], [4, 4], [2, 3], [7, 2], [3, 3], [1, 0]]
2026-03-25 23:49:21,891 - INFO - episode:397 totalReward:-100 Actions:[[0, 3], [9, 0], [5, 5], [3, 2], [6, 2], [8, 1], [7, 4], [1, 0], [4, 4], [2, 1]]
2026-03-25 23:49:22,127 - INFO - episode:398 totalReward:432.68271178513385 Actions:[[9, 0], [6, 2], [0, 4], [5, 0], [3, 3], [4, 2], [7, 5], [8, 5], [2, 1], [1, 1]]
2026-03-25 23:49:22,182 - INFO - episode:399 totalReward:-100 Actions:[[9, 5], [0, 1], [7, 4], [6, 0], [4, 3], [8, 2], [1, 0], [2, 5], [3, 4], [5, 3]]
2026-03-25 23:49:22,283 - INFO - episode:400 totalReward:-100 Actions:[[4, 1], [9, 2]]
2026-03-25 23:49:22,395 - INFO - episode:401 totalReward:-100 Actions:[[4, 1], [9, 2], [8, 5], [5, 4], [3, 1], [2, 0], [7, 5], [0, 3], [6, 4], [1, 0]]
2026-03-25 23:49:22,438 - INFO - episode:402 totalReward:-100 Actions:[[9, 5], [6, 2], [7, 0], [1, 0], [2, 3], [0, 4], [4, 1], [3, 1], [8, 3], [5, 5]]
2026-03-25 23:49:22,576 - INFO - episode:403 totalReward:-100 Actions:[[9, 5], [7, 5], [3, 3], [6, 0], [8, 0], [4, 3], [5, 4], [2, 1], [1, 1], [0, 2]]
2026-03-25 23:49:22,641 - INFO - episode:404 totalReward:624.6916982092365 Actions:[[6, 3], [7, 2], [0, 0], [9, 2], [3, 4], [8, 1], [4, 5], [1, 5], [2, 1], [5, 3]]
2026-03-25 23:49:22,750 - INFO - episode:405 totalReward:217.11665132888308 Actions:[[0, 0], [6, 2], [1, 4], [8, 1], [2, 3], [4, 1], [9, 5], [7, 3], [3, 5], [5, 2]]
2026-03-25 23:49:22,863 - INFO - episode:406 totalReward:-100 Actions:[[0, 0], [1, 2], [6, 2], [3, 4], [9, 4], [5, 5], [4, 3], [7, 1], [8, 3], [2, 1]]
2026-03-25 23:49:22,881 - INFO - episode:407 totalReward:0 Actions:[[0, 0], [7, 4], [2, 2], [8, 5], [9, 4], [6, 2], [3, 1], [4, 1], [1, 3]]
2026-03-25 23:49:22,992 - INFO - episode:408 totalReward:558.6025446900579 Actions:[[0, 1], [1, 5], [2, 5], [6, 3], [9, 4], [3, 4], [5, 2], [4, 2], [8, 0], [7, 0]]
2026-03-25 23:49:23,079 - INFO - episode:409 totalReward:201.54178092717896 Actions:[[1, 2], [3, 3], [5, 5], [4, 2], [0, 0], [7, 4], [2, 4], [6, 5], [8, 1], [9, 3]]
2026-03-25 23:49:23,120 - INFO - episode:410 totalReward:-100 Actions:[[4, 3]]
2026-03-25 23:49:23,257 - INFO - episode:411 totalReward:-100 Actions:[[4, 3], [9, 5], [1, 2], [7, 2], [6, 3], [2, 5], [5, 1], [8, 1], [0, 4], [3, 0]]
2026-03-25 23:49:23,298 - INFO - episode:412 totalReward:-100 Actions:[[8, 4], [4, 3], [9, 1], [1, 3], [6, 0], [0, 2], [3, 0], [7, 5], [2, 5], [5, 1]]
2026-03-25 23:49:23,324 - INFO - episode:413 totalReward:-100 Actions:[[4, 3], [9, 3], [0, 0], [3, 2], [8, 5], [1, 5], [6, 2], [7, 1], [5, 4], [2, 1]]
2026-03-25 23:49:23,401 - INFO - episode:414 totalReward:-100 Actions:[[9, 2], [1, 4], [2, 5], [5, 0], [6, 5], [7, 3], [3, 3], [0, 1], [8, 4], [4, 0]]
2026-03-25 23:49:23,420 - INFO - episode:415 totalReward:0 Actions:[[7, 2], [9, 2], [4, 4], [8, 5], [5, 3], [3, 1], [2, 0], [1, 0], [6, 4]]
2026-03-25 23:49:23,473 - INFO - episode:416 totalReward:623.2244815089488 Actions:[[9, 2], [7, 2], [3, 4], [0, 1], [6, 3], [5, 5], [2, 0], [1, 3], [8, 0], [4, 5]]
2026-03-25 23:49:23,496 - INFO - episode:417 totalReward:-100 Actions:[[5, 4], [0, 1], [1, 0], [7, 3], [4, 4], [3, 5], [6, 2], [8, 3], [9, 2], [2, 0]]
2026-03-25 23:49:23,575 - INFO - episode:418 totalReward:-100 Actions:[[7, 4], [2, 2], [0, 1], [9, 4], [8, 5], [6, 5], [4, 0], [5, 0], [3, 3], [1, 2]]
2026-03-25 23:49:23,659 - INFO - episode:419 totalReward:-100 Actions:[[7, 4], [4, 0], [0, 5], [5, 2], [6, 1], [9, 0], [3, 1], [1, 3], [2, 4], [8, 3]]
2026-03-25 23:49:23,824 - INFO - episode:420 totalReward:0 Actions:[[7, 4]]
2026-03-25 23:49:23,988 - INFO - episode:421 totalReward:-100 Actions:[[7, 4], [4, 5], [1, 3], [2, 4], [8, 5], [6, 3], [3, 1], [9, 0], [0, 2], [5, 0]]
2026-03-25 23:49:24,023 - INFO - episode:422 totalReward:-100 Actions:[[9, 4], [7, 2], [5, 0], [6, 0], [0, 5], [4, 2], [2, 1], [3, 3], [8, 3], [1, 4]]
2026-03-25 23:49:24,071 - INFO - episode:423 totalReward:0 Actions:[[3, 0], [4, 5], [7, 3], [0, 1], [1, 2], [9, 0], [6, 5], [8, 2], [2, 4]]
2026-03-25 23:49:24,196 - INFO - episode:424 totalReward:-100 Actions:[[8, 1], [2, 1], [6, 3], [5, 5], [9, 2], [0, 4], [7, 2], [4, 0], [1, 0], [3, 3]]
2026-03-25 23:49:24,265 - INFO - episode:425 totalReward:302.33413391972516 Actions:[[1, 1], [7, 3], [0, 0], [6, 5], [9, 3], [3, 2], [4, 4], [5, 5], [2, 2], [8, 1]]
2026-03-25 23:49:24,346 - INFO - episode:426 totalReward:333.6627597300144 Actions:[[0, 0], [9, 3], [8, 1], [7, 2], [1, 4], [4, 3], [3, 1], [2, 3], [6, 2], [5, 5]]
2026-03-25 23:49:24,386 - INFO - episode:427 totalReward:-100 Actions:[[0, 1], [4, 2], [9, 2], [5, 5], [3, 3], [8, 3], [2, 0], [7, 4], [6, 4], [1, 0]]
2026-03-25 23:49:24,453 - INFO - episode:428 totalReward:-100 Actions:[[0, 1], [8, 5], [1, 5], [7, 2], [4, 4], [6, 3], [5, 0], [2, 3], [3, 2], [9, 0]]
2026-03-25 23:49:24,614 - INFO - episode:429 totalReward:-100 Actions:[[5, 0], [0, 1], [7, 2], [8, 2], [2, 4], [4, 5], [1, 3], [6, 4], [9, 3], [3, 5]]
2026-03-25 23:49:24,641 - INFO - episode:430 totalReward:245.74974760589592 Actions:[[0, 1]]
2026-03-25 23:49:24,717 - INFO - episode:431 totalReward:-100 Actions:[[7, 4], [0, 1], [2, 5], [4, 0], [3, 5], [9, 2], [5, 2], [8, 3], [6, 0], [1, 4]]
2026-03-25 23:49:24,756 - INFO - episode:432 totalReward:-100 Actions:[[0, 1], [1, 4], [8, 5], [4, 2], [9, 5], [3, 2], [6, 0], [2, 4], [5, 3], [7, 0]]
2026-03-25 23:49:24,825 - INFO - episode:433 totalReward:196.92897762759685 Actions:[[5, 1], [9, 4], [8, 4], [6, 2], [1, 3], [4, 0], [2, 2], [0, 5], [3, 0], [7, 3]]
2026-03-25 23:49:24,867 - INFO - episode:434 totalReward:-100 Actions:[[0, 1], [9, 4], [3, 3], [1, 5], [2, 0], [7, 5], [8, 2], [5, 4], [4, 3], [6, 0]]
2026-03-25 23:49:24,920 - INFO - episode:435 totalReward:-100 Actions:[[0, 2], [1, 3], [2, 3], [6, 0], [4, 4], [5, 0], [7, 4], [3, 1], [8, 5], [9, 5]]
2026-03-25 23:49:24,968 - INFO - episode:436 totalReward:520.9385819394482 Actions:[[0, 1], [1, 4], [9, 5], [2, 2], [6, 3], [7, 0], [4, 4], [3, 3], [8, 0], [5, 5]]
2026-03-25 23:49:25,009 - INFO - episode:437 totalReward:0 Actions:[[6, 1], [9, 2], [1, 1], [8, 0], [7, 4], [2, 5], [4, 0], [5, 3], [3, 2]]
2026-03-25 23:49:25,073 - INFO - episode:438 totalReward:-100 Actions:[[4, 1], [0, 3], [1, 0], [3, 1], [6, 5], [2, 5], [7, 4], [5, 2], [8, 0], [9, 4]]
2026-03-25 23:49:25,269 - INFO - episode:439 totalReward:-100 Actions:[[5, 3], [4, 1], [2, 5], [7, 1], [1, 2], [8, 4], [6, 4], [9, 3], [3, 5], [0, 0]]
2026-03-25 23:49:25,514 - INFO - episode:440 totalReward:0 Actions:[[9, 0]]
2026-03-25 23:49:25,627 - INFO - episode:441 totalReward:-100 Actions:[[9, 0], [8, 1], [4, 1], [7, 4], [2, 0], [5, 3], [1, 4], [0, 5], [3, 2], [6, 2]]
2026-03-25 23:49:25,796 - INFO - episode:442 totalReward:-100 Actions:[[0, 1], [1, 4], [4, 3], [2, 5], [8, 4], [3, 5], [9, 0], [7, 3], [6, 0], [5, 2]]
2026-03-25 23:49:25,840 - INFO - episode:443 totalReward:-100 Actions:[[0, 1], [3, 3], [2, 4], [1, 0], [7, 2], [6, 2], [5, 5], [8, 4], [9, 3], [4, 0]]
2026-03-25 23:49:25,885 - INFO - episode:444 totalReward:-100 Actions:[[0, 1], [5, 2], [1, 3], [4, 4], [8, 5], [7, 4], [3, 0], [2, 5], [6, 0], [9, 2]]
2026-03-25 23:49:25,946 - INFO - episode:445 totalReward:-100 Actions:[[8, 0], [3, 3], [1, 5], [5, 1], [7, 0], [9, 4], [4, 4], [6, 3], [2, 4], [0, 2]]
2026-03-25 23:49:25,971 - INFO - episode:446 totalReward:290.8291046143237 Actions:[[8, 0], [3, 0], [6, 3], [5, 4], [9, 2], [4, 2], [2, 3], [0, 1], [7, 5], [1, 5]]
2026-03-25 23:49:26,013 - INFO - episode:447 totalReward:-100 Actions:[[4, 4], [8, 2], [1, 4], [7, 2], [5, 1], [3, 0], [2, 1], [9, 3], [0, 5], [6, 0]]
2026-03-25 23:49:26,074 - INFO - episode:448 totalReward:-100 Actions:[[4, 3], [0, 1], [3, 0], [9, 4], [1, 4], [6, 3], [5, 2], [8, 5], [7, 5], [2, 0]]
2026-03-25 23:49:26,166 - INFO - episode:449 totalReward:272.54300529399194 Actions:[[7, 5], [0, 0], [4, 5], [1, 3], [9, 3], [5, 4], [8, 1], [3, 1], [6, 4], [2, 2]]
2026-03-25 23:49:26,296 - INFO - episode:450 totalReward:284.52454413251206 Actions:[[0, 1]]
2026-03-25 23:49:26,384 - INFO - episode:451 totalReward:-100 Actions:[[0, 1], [1, 4], [2, 0], [6, 5], [5, 5], [9, 2], [7, 3], [3, 3], [4, 4], [8, 2]]
2026-03-25 23:49:26,452 - INFO - episode:452 totalReward:620.9208238468702 Actions:[[0, 1], [3, 4], [6, 3], [7, 5], [5, 2], [8, 0], [2, 0], [9, 2], [4, 5], [1, 3]]
2026-03-25 23:49:26,496 - INFO - episode:453 totalReward:-100 Actions:[[7, 0], [4, 4], [0, 5], [2, 2], [3, 1], [8, 1], [6, 2], [5, 4], [1, 3], [9, 3]]
2026-03-25 23:49:26,527 - INFO - episode:454 totalReward:0 Actions:[[3, 1], [8, 1], [1, 5], [2, 4], [5, 2], [6, 3], [7, 0], [9, 2], [4, 3]]
2026-03-25 23:49:26,616 - INFO - episode:455 totalReward:-100 Actions:[[1, 4], [8, 1], [9, 2], [3, 0], [2, 3], [7, 0], [4, 3], [6, 4], [0, 5], [5, 2]]
2026-03-25 23:49:26,675 - INFO - episode:456 totalReward:0 Actions:[[8, 1], [3, 1], [2, 2], [6, 2], [9, 3], [7, 0], [1, 5], [4, 4], [5, 4]]
2026-03-25 23:49:26,771 - INFO - episode:457 totalReward:-100 Actions:[[1, 5], [8, 1], [2, 5], [3, 1], [5, 0], [4, 3], [0, 2], [6, 3], [9, 4], [7, 4]]
2026-03-25 23:49:26,853 - INFO - episode:458 totalReward:624.5129900684074 Actions:[[8, 1], [9, 4], [1, 4], [6, 3], [0, 0], [5, 2], [3, 5], [2, 1], [4, 2], [7, 3]]
2026-03-25 23:49:27,008 - INFO - episode:459 totalReward:164.4668055566976 Actions:[[6, 5], [5, 1], [1, 5], [0, 0], [8, 1], [3, 3], [4, 3], [9, 2], [7, 2], [2, 4]]
2026-03-25 23:49:27,220 - INFO - episode:460 totalReward:-100 Actions:[[0, 1]]
2026-03-25 23:49:27,265 - INFO - episode:461 totalReward:-100 Actions:[[0, 1], [3, 2], [7, 4], [4, 5], [5, 0], [1, 4], [9, 0], [2, 2], [8, 3], [6, 3]]
2026-03-25 23:49:27,348 - INFO - episode:462 totalReward:-100 Actions:[[9, 0], [0, 1], [7, 0], [2, 2], [4, 4], [6, 2], [5, 4], [8, 5], [1, 5], [3, 3]]
2026-03-25 23:49:27,463 - INFO - episode:463 totalReward:-100 Actions:[[0, 1], [8, 5], [5, 4], [2, 2], [9, 0], [1, 3], [3, 0], [6, 5], [4, 4], [7, 2]]
2026-03-25 23:49:27,611 - INFO - episode:464 totalReward:-100 Actions:[[5, 4], [9, 2], [2, 3], [6, 3], [1, 5], [8, 5], [4, 2], [7, 0], [3, 0], [0, 1]]
2026-03-25 23:49:27,672 - INFO - episode:465 totalReward:-100 Actions:[[5, 4], [4, 4], [9, 2], [2, 0], [3, 3], [0, 1], [7, 5], [8, 2], [1, 0], [6, 5]]
2026-03-25 23:49:27,732 - INFO - episode:466 totalReward:-100 Actions:[[6, 0], [0, 1], [9, 0], [3, 2], [7, 5], [2, 5], [5, 3], [8, 4], [1, 4], [4, 2]]
2026-03-25 23:49:27,804 - INFO - episode:467 totalReward:-100 Actions:[[0, 1], [4, 0], [5, 0], [8, 5], [6, 5], [1, 3], [3, 2], [2, 3], [9, 4], [7, 4]]
2026-03-25 23:49:27,846 - INFO - episode:468 totalReward:-100 Actions:[[0, 1], [1, 3], [8, 2], [9, 3], [2, 0], [6, 5], [3, 0], [7, 4], [4, 4], [5, 5]]
2026-03-25 23:49:27,893 - INFO - episode:469 totalReward:-100 Actions:[[0, 1], [7, 3], [3, 0], [4, 4], [5, 4], [2, 0], [1, 2], [6, 2], [8, 3], [9, 5]]
2026-03-25 23:49:27,917 - INFO - episode:470 totalReward:448.8889289503528 Actions:[[1, 1]]
2026-03-25 23:49:28,033 - INFO - episode:471 totalReward:-100 Actions:[[1, 1], [8, 5], [9, 2], [0, 3], [7, 2], [3, 4], [4, 5], [2, 1], [5, 0], [6, 4]]
2026-03-25 23:49:28,100 - INFO - episode:472 totalReward:-100 Actions:[[9, 2], [2, 3], [8, 3], [4, 5], [7, 0], [0, 4], [6, 0], [1, 2], [3, 1], [5, 5]]
2026-03-25 23:49:28,171 - INFO - episode:473 totalReward:-100 Actions:[[6, 1], [9, 0], [0, 3], [7, 4], [2, 5], [1, 5], [8, 1], [5, 2], [3, 0], [4, 2]]
2026-03-25 23:49:28,265 - INFO - episode:474 totalReward:-100 Actions:[[1, 5], [6, 1], [7, 1], [5, 0], [2, 0], [0, 3], [4, 2], [8, 4], [9, 4], [3, 2]]
2026-03-25 23:49:28,315 - INFO - episode:475 totalReward:0 Actions:[[7, 1], [2, 3], [5, 5], [4, 1], [9, 3], [1, 4], [3, 0], [6, 2], [8, 4]]
2026-03-25 23:49:28,434 - INFO - episode:476 totalReward:-100 Actions:[[0, 3], [7, 1], [9, 1], [5, 2], [4, 5], [6, 2], [1, 4], [3, 0], [8, 4], [2, 5]]
2026-03-25 23:49:28,496 - INFO - episode:477 totalReward:0 Actions:[[4, 4], [2, 4], [8, 1], [3, 3], [9, 5], [1, 0], [5, 2], [6, 5], [7, 3]]
2026-03-25 23:49:28,713 - INFO - episode:478 totalReward:-100 Actions:[[8, 1], [2, 5], [5, 1], [1, 0], [4, 5], [9, 3], [3, 4], [6, 4], [7, 0], [0, 2]]
2026-03-25 23:49:28,764 - INFO - episode:479 totalReward:0 Actions:[[0, 1], [1, 4], [8, 2], [7, 5], [2, 5], [3, 3], [6, 0], [9, 0], [4, 3]]
2026-03-25 23:49:28,925 - INFO - episode:480 totalReward:-100 Actions:[[0, 1]]
2026-03-25 23:49:28,974 - INFO - episode:481 totalReward:189.84642964664238 Actions:[[0, 1], [2, 2], [6, 2], [5, 3], [1, 0], [4, 3], [8, 0], [9, 4], [3, 5], [7, 5]]
2026-03-25 23:49:29,007 - INFO - episode:482 totalReward:190.34188672873128 Actions:[[0, 1], [3, 5], [7, 4], [2, 2], [1, 4], [5, 3], [9, 5], [4, 0], [6, 2], [8, 0]]
2026-03-25 23:49:29,268 - INFO - episode:483 totalReward:-100 Actions:[[1, 3], [0, 1], [5, 0], [4, 0], [9, 2], [7, 4], [6, 3], [2, 5], [3, 5], [8, 4]]
2026-03-25 23:49:29,287 - INFO - episode:484 totalReward:0 Actions:[[7, 2], [5, 4], [0, 1], [8, 3], [2, 3], [9, 5], [4, 5], [6, 2], [1, 0]]
2026-03-25 23:49:29,359 - INFO - episode:485 totalReward:0 Actions:[[7, 1], [3, 4], [1, 3], [2, 2], [8, 3], [9, 0], [4, 5], [5, 1], [6, 4]]
2026-03-25 23:49:29,447 - INFO - episode:486 totalReward:-100 Actions:[[8, 1], [4, 2], [9, 1], [7, 0], [0, 5], [3, 3], [6, 3], [1, 2], [2, 4], [5, 0]]
2026-03-25 23:49:29,593 - INFO - episode:487 totalReward:-100 Actions:[[0, 1], [3, 5], [7, 0], [4, 3], [8, 4], [1, 0], [6, 3], [2, 5], [5, 2], [9, 2]]
2026-03-25 23:49:29,663 - INFO - episode:488 totalReward:-100 Actions:[[0, 1], [4, 5], [5, 5], [1, 2], [9, 2], [2, 4], [6, 0], [3, 0], [7, 3], [8, 4]]
2026-03-25 23:49:29,747 - INFO - episode:489 totalReward:-100 Actions:[[0, 0], [6, 4], [2, 5], [4, 3], [3, 3], [9, 2], [1, 5], [8, 2], [7, 4], [5, 1]]
2026-03-25 23:49:29,978 - INFO - episode:490 totalReward:617.5088813930197 Actions:[[0, 0]]
2026-03-25 23:49:30,108 - INFO - episode:491 totalReward:-100 Actions:[[0, 0], [8, 4], [9, 1], [6, 2], [4, 1], [2, 5], [7, 2], [3, 5], [5, 3], [1, 4]]
2026-03-25 23:49:30,273 - INFO - episode:492 totalReward:-100 Actions:[[6, 0], [4, 1], [7, 5], [9, 2], [3, 3], [1, 2], [5, 0], [2, 3], [0, 4], [8, 1]]
2026-03-25 23:49:30,324 - INFO - episode:493 totalReward:-100 Actions:[[0, 1], [5, 4], [6, 0], [7, 0], [9, 2], [1, 5], [3, 3], [2, 3], [8, 2], [4, 5]]
2026-03-25 23:49:30,408 - INFO - episode:494 totalReward:619.099764288615 Actions:[[0, 0], [4, 4], [3, 4], [8, 1], [9, 3], [5, 3], [6, 5], [7, 5], [2, 1], [1, 2]]
2026-03-25 23:49:30,453 - INFO - episode:495 totalReward:304.40132592482604 Actions:[[0, 0], [8, 1], [6, 4], [1, 1], [2, 2], [5, 5], [7, 3], [3, 2], [9, 3], [4, 4]]
2026-03-25 23:49:30,572 - INFO - episode:496 totalReward:-100 Actions:[[0, 0], [5, 2], [2, 4], [9, 1], [7, 3], [6, 5], [8, 4], [4, 2], [1, 1], [3, 3]]
2026-03-25 23:49:30,655 - INFO - episode:497 totalReward:-100 Actions:[[5, 5], [6, 2], [4, 3], [9, 5], [7, 1], [8, 3], [0, 0], [3, 4], [2, 2], [1, 1]]
2026-03-25 23:49:30,712 - INFO - episode:498 totalReward:-100 Actions:[[5, 5], [6, 0], [0, 4], [2, 3], [3, 2], [1, 0], [8, 3], [9, 1], [4, 5], [7, 2]]
2026-03-25 23:49:30,759 - INFO - episode:499 totalReward:-100 Actions:[[5, 5], [9, 0], [2, 1], [0, 4], [8, 1], [7, 3], [1, 0], [4, 3], [6, 2], [3, 2]]
2026-03-25 23:49:30,815 - INFO - episode:500 totalReward:-100 Actions:[[9, 1]]
2026-03-25 23:49:30,879 - INFO - episode:501 totalReward:-100 Actions:[[9, 1], [0, 2], [3, 1], [2, 4], [7, 3], [4, 5], [6, 4], [1, 0], [8, 0], [5, 5]]
2026-03-25 23:49:31,017 - INFO - episode:502 totalReward:-100 Actions:[[9, 1], [8, 1], [0, 4], [2, 3], [6, 5], [3, 5], [1, 0], [7, 0], [5, 2], [4, 3]]
2026-03-25 23:49:31,116 - INFO - episode:503 totalReward:-100 Actions:[[7, 1], [9, 2], [3, 5], [2, 0], [5, 3], [6, 3], [4, 2], [8, 1], [1, 0], [0, 4]]
2026-03-25 23:49:31,228 - INFO - episode:504 totalReward:-100 Actions:[[3, 0], [8, 1], [9, 4], [6, 0], [4, 5], [2, 4], [1, 5], [5, 3], [7, 1], [0, 2]]
2026-03-25 23:49:31,258 - INFO - episode:505 totalReward:0 Actions:[[6, 5], [8, 2], [5, 3], [1, 4], [2, 4], [3, 5], [9, 0], [4, 1], [7, 1]]
2026-03-25 23:49:31,308 - INFO - episode:506 totalReward:-100 Actions:[[7, 2], [0, 1], [4, 4], [6, 3], [2, 0], [8, 4], [1, 5], [9, 2], [3, 0], [5, 3]]
2026-03-25 23:49:31,520 - INFO - episode:507 totalReward:-100 Actions:[[0, 1], [8, 4], [4, 3], [7, 2], [9, 0], [5, 3], [1, 0], [3, 4], [6, 2], [2, 5]]
2026-03-25 23:49:31,693 - INFO - episode:508 totalReward:168.88765689469764 Actions:[[8, 0], [0, 1], [9, 0], [1, 3], [6, 3], [7, 5], [3, 5], [5, 4], [4, 4], [2, 2]]
2026-03-25 23:49:31,723 - INFO - episode:509 totalReward:0 Actions:[[0, 1], [6, 3], [8, 0], [2, 5], [3, 2], [7, 4], [9, 2], [1, 0], [4, 3]]
2026-03-25 23:49:31,802 - INFO - episode:510 totalReward:-100 Actions:[[4, 1]]
2026-03-25 23:49:31,898 - INFO - episode:511 totalReward:-100 Actions:[[4, 1], [0, 5], [7, 3], [8, 1], [6, 3], [3, 2], [5, 4], [2, 0], [9, 2], [1, 0]]
2026-03-25 23:49:31,920 - INFO - episode:512 totalReward:0 Actions:[[5, 5], [9, 5], [4, 3], [7, 0], [3, 3], [8, 4], [6, 1], [1, 4], [2, 2]]
2026-03-25 23:49:32,037 - INFO - episode:513 totalReward:-100 Actions:[[4, 3], [8, 3], [6, 5], [5, 4], [7, 2], [2, 1], [9, 1], [0, 0], [3, 5], [1, 2]]
2026-03-25 23:49:32,188 - INFO - episode:514 totalReward:-100 Actions:[[9, 0], [5, 2], [1, 0], [8, 1], [4, 1], [3, 3], [6, 3], [7, 4], [0, 5], [2, 4]]
2026-03-25 23:49:32,270 - INFO - episode:515 totalReward:-100 Actions:[[5, 5], [1, 2], [0, 4], [3, 0], [4, 3], [9, 2], [7, 3], [6, 5], [2, 1], [8, 1]]
2026-03-25 23:49:32,378 - INFO - episode:516 totalReward:-100 Actions:[[7, 3], [6, 2], [1, 4], [3, 1], [5, 5], [8, 2], [0, 0], [2, 3], [9, 5], [4, 1]]
2026-03-25 23:49:32,420 - INFO - episode:517 totalReward:269.2890795314791 Actions:[[6, 0], [7, 5], [9, 1], [2, 5], [3, 4], [8, 3], [5, 1], [1, 0], [0, 2], [4, 4]]
2026-03-25 23:49:32,499 - INFO - episode:518 totalReward:-100 Actions:[[3, 4], [1, 3], [0, 1], [8, 3], [9, 5], [7, 2], [4, 4], [2, 0], [6, 5], [5, 0]]
2026-03-25 23:49:32,650 - INFO - episode:519 totalReward:-100 Actions:[[0, 1], [5, 3], [4, 5], [9, 5], [3, 4], [6, 2], [2, 2], [7, 0], [1, 0], [8, 4]]
2026-03-25 23:49:32,703 - INFO - episode:520 totalReward:253.0073719608896 Actions:[[0, 1]]
2026-03-25 23:49:32,814 - INFO - episode:521 totalReward:-100 Actions:[[0, 1], [6, 4], [9, 3], [5, 4], [2, 2], [8, 3], [7, 2], [4, 0], [3, 5], [1, 0]]
2026-03-25 23:49:33,071 - INFO - episode:522 totalReward:-100 Actions:[[9, 0], [6, 1], [5, 4], [2, 3], [8, 3], [4, 2], [7, 1], [0, 5], [1, 0], [3, 2]]
2026-03-25 23:49:33,156 - INFO - episode:523 totalReward:-100 Actions:[[0, 0], [3, 2], [5, 5], [1, 4], [7, 1], [6, 3], [8, 2], [2, 1], [4, 4], [9, 3]]
2026-03-25 23:49:33,205 - INFO - episode:524 totalReward:-100 Actions:[[0, 1], [4, 0], [9, 5], [2, 2], [5, 5], [8, 3], [3, 4], [1, 3], [6, 4], [7, 0]]
2026-03-25 23:49:33,244 - INFO - episode:525 totalReward:0 Actions:[[6, 0], [9, 0], [4, 3], [5, 5], [0, 1], [2, 4], [7, 3], [8, 4], [1, 2]]
2026-03-25 23:49:33,331 - INFO - episode:526 totalReward:-100 Actions:[[0, 1], [9, 0], [7, 2], [5, 0], [2, 2], [6, 3], [3, 3], [8, 5], [1, 5], [4, 4]]
2026-03-25 23:49:33,440 - INFO - episode:527 totalReward:-100 Actions:[[0, 1], [9, 5], [4, 3], [8, 3], [6, 5], [7, 4], [1, 2], [2, 0], [5, 0], [3, 4]]
2026-03-25 23:49:33,648 - INFO - episode:528 totalReward:-100 Actions:[[0, 0], [1, 3], [5, 4], [3, 1], [7, 3], [8, 2], [9, 1], [4, 2], [6, 5], [2, 5]]
2026-03-25 23:49:33,698 - INFO - episode:529 totalReward:-100 Actions:[[0, 0], [8, 2], [9, 1], [2, 1], [4, 5], [5, 5], [6, 3], [7, 4], [1, 2], [3, 3]]
2026-03-25 23:49:33,772 - INFO - episode:530 totalReward:-100 Actions:[[0, 0]]
2026-03-25 23:49:33,825 - INFO - episode:531 totalReward:-100 Actions:[[0, 0], [4, 1], [8, 5], [5, 3], [3, 5], [6, 2], [7, 4], [1, 2], [2, 1], [9, 3]]
2026-03-25 23:49:33,880 - INFO - episode:532 totalReward:-100 Actions:[[0, 0], [6, 1], [5, 1], [7, 5], [9, 3], [1, 4], [2, 2], [4, 3], [8, 5], [3, 2]]
2026-03-25 23:49:33,931 - INFO - episode:533 totalReward:-100 Actions:[[0, 0], [6, 3], [9, 1], [7, 5], [3, 5], [4, 2], [5, 3], [1, 1], [2, 4], [8, 4]]
2026-03-25 23:49:34,093 - INFO - episode:534 totalReward:-100 Actions:[[6, 4], [0, 0], [8, 4], [7, 1], [4, 1], [2, 5], [5, 2], [9, 2], [1, 5], [3, 3]]
2026-03-25 23:49:34,185 - INFO - episode:535 totalReward:-100 Actions:[[0, 0], [9, 3], [6, 5], [3, 1], [8, 2], [5, 3], [7, 4], [2, 2], [4, 1], [1, 4]]
2026-03-25 23:49:34,397 - INFO - episode:536 totalReward:-100 Actions:[[0, 0], [2, 4], [4, 4], [3, 3], [1, 5], [7, 1], [6, 3], [9, 1], [5, 2], [8, 5]]
2026-03-25 23:49:34,596 - INFO - episode:537 totalReward:267.1868758452292 Actions:[[0, 1], [5, 4], [7, 2], [2, 2], [9, 5], [1, 5], [3, 3], [6, 3], [4, 4], [8, 0]]
2026-03-25 23:49:34,690 - INFO - episode:538 totalReward:-100 Actions:[[0, 0], [3, 1], [5, 3], [7, 2], [6, 1], [1, 4], [8, 5], [2, 4], [9, 3], [4, 5]]
2026-03-25 23:49:34,772 - INFO - episode:539 totalReward:-100 Actions:[[3, 1], [1, 3], [4, 0], [7, 1], [5, 4], [6, 5], [9, 3], [0, 2], [2, 0], [8, 5]]
2026-03-25 23:49:34,816 - INFO - episode:540 totalReward:282.5773789675322 Actions:[[0, 1]]
2026-03-25 23:49:34,876 - INFO - episode:541 totalReward:-100 Actions:[[0, 1], [5, 0], [6, 3], [8, 5], [7, 3], [1, 2], [3, 5], [2, 0], [4, 4], [9, 4]]
2026-03-25 23:49:35,021 - INFO - episode:542 totalReward:-100 Actions:[[0, 1], [7, 5], [4, 0], [2, 0], [9, 4], [3, 4], [5, 2], [6, 3], [8, 5], [1, 3]]
2026-03-25 23:49:35,217 - INFO - episode:543 totalReward:-100 Actions:[[0, 1], [4, 4], [5, 0], [9, 0], [7, 3], [8, 4], [2, 3], [1, 5], [6, 2], [3, 2]]
2026-03-25 23:49:35,246 - INFO - episode:544 totalReward:0 Actions:[[0, 1], [8, 3], [3, 4], [7, 0], [9, 2], [2, 5], [1, 2], [6, 0], [4, 5]]
2026-03-25 23:49:35,403 - INFO - episode:545 totalReward:-100 Actions:[[4, 4], [5, 1], [6, 4], [2, 3], [1, 2], [9, 5], [3, 3], [7, 1], [8, 5], [0, 0]]
2026-03-25 23:49:35,499 - INFO - episode:546 totalReward:0 Actions:[[9, 4], [3, 0], [2, 1], [6, 2], [1, 1], [5, 3], [4, 0], [7, 5], [8, 2]]
2026-03-25 23:49:35,625 - INFO - episode:547 totalReward:-100 Actions:[[7, 4], [0, 1], [4, 0], [1, 3], [9, 4], [5, 5], [8, 3], [6, 5], [2, 2], [3, 2]]
2026-03-25 23:49:35,706 - INFO - episode:548 totalReward:-100 Actions:[[6, 2], [8, 4], [3, 2], [0, 1], [1, 3], [9, 3], [7, 4], [5, 5], [2, 0], [4, 5]]
2026-03-25 23:49:35,769 - INFO - episode:549 totalReward:-100 Actions:[[6, 5], [9, 2], [0, 1], [3, 5], [5, 4], [8, 3], [7, 2], [4, 3], [2, 0], [1, 0]]
2026-03-25 23:49:36,097 - INFO - episode:550 totalReward:-100 Actions:[[0, 1]]
2026-03-25 23:49:36,133 - INFO - episode:551 totalReward:0 Actions:[[0, 1], [4, 0], [7, 4], [6, 4], [9, 3], [2, 0], [3, 3], [1, 5], [8, 2]]
2026-03-25 23:49:36,265 - INFO - episode:552 totalReward:-100 Actions:[[0, 1], [3, 3], [9, 0], [8, 5], [4, 3], [6, 2], [5, 2], [2, 4], [7, 5], [1, 0]]
2026-03-25 23:49:36,391 - INFO - episode:553 totalReward:-100 Actions:[[0, 1], [2, 0], [7, 2], [3, 4], [5, 0], [4, 4], [9, 2], [1, 3], [8, 5], [6, 3]]
2026-03-25 23:49:36,419 - INFO - episode:554 totalReward:-100 Actions:[[0, 1], [6, 4], [3, 5], [5, 0], [8, 3], [1, 3], [9, 4], [7, 5], [2, 2], [4, 2]]
2026-03-25 23:49:36,601 - INFO - episode:555 totalReward:-100 Actions:[[0, 1], [6, 3], [5, 4], [4, 5], [3, 3], [1, 5], [2, 0], [7, 0], [9, 2], [8, 2]]
2026-03-25 23:49:36,862 - INFO - episode:556 totalReward:-100 Actions:[[0, 1], [8, 2], [3, 2], [4, 4], [7, 4], [5, 5], [9, 0], [6, 3], [2, 3], [1, 0]]
2026-03-25 23:49:36,922 - INFO - episode:557 totalReward:-100 Actions:[[0, 1], [3, 4], [7, 5], [9, 2], [1, 2], [6, 4], [5, 0], [8, 3], [4, 3], [2, 5]]
2026-03-25 23:49:37,019 - INFO - episode:558 totalReward:-100 Actions:[[4, 3], [2, 1], [3, 0], [8, 1], [9, 0], [6, 5], [7, 3], [1, 5], [5, 2], [0, 4]]
2026-03-25 23:49:37,340 - INFO - episode:559 totalReward:261.3818188060753 Actions:[[4, 3], [7, 3], [5, 1], [2, 1], [9, 2], [0, 4], [6, 2], [8, 5], [1, 5], [3, 0]]
2026-03-25 23:49:37,435 - INFO - episode:560 totalReward:-100 Actions:[[9, 0]]
2026-03-25 23:49:37,483 - INFO - episode:561 totalReward:0 Actions:[[9, 0], [4, 3], [5, 2], [8, 3], [1, 5], [6, 5], [7, 4], [3, 1], [2, 4]]
2026-03-25 23:49:37,550 - INFO - episode:562 totalReward:251.5851409989871 Actions:[[6, 0], [4, 5], [9, 3], [0, 1], [8, 0], [3, 4], [7, 2], [2, 4], [1, 3], [5, 5]]
2026-03-25 23:49:37,580 - INFO - episode:563 totalReward:0 Actions:[[6, 0], [9, 2], [8, 2], [4, 0], [5, 3], [2, 1], [0, 5], [7, 1], [1, 4]]
2026-03-25 23:49:37,700 - INFO - episode:564 totalReward:-100 Actions:[[6, 0], [2, 0], [0, 1], [8, 2], [3, 2], [1, 4], [9, 5], [4, 4], [5, 5], [7, 3]]
2026-03-25 23:49:38,099 - INFO - episode:565 totalReward:-100 Actions:[[9, 4], [5, 4], [0, 1], [2, 2], [3, 0], [7, 2], [8, 5], [6, 5], [4, 0], [1, 3]]
2026-03-25 23:49:38,139 - INFO - episode:566 totalReward:623.2244815089488 Actions:[[8, 0], [0, 1], [9, 4], [6, 2], [2, 0], [5, 5], [3, 3], [7, 4], [1, 2], [4, 5]]
2026-03-25 23:49:38,192 - INFO - episode:567 totalReward:0 Actions:[[6, 0], [2, 5], [4, 0], [8, 3], [1, 2], [0, 1], [9, 3], [7, 5], [3, 4]]
2026-03-25 23:49:38,276 - INFO - episode:568 totalReward:197.44212505128974 Actions:[[4, 1], [9, 2], [8, 2], [0, 3], [1, 4], [2, 5], [5, 1], [6, 4], [3, 0], [7, 5]]
2026-03-25 23:49:38,363 - INFO - episode:569 totalReward:-100 Actions:[[0, 1], [8, 5], [2, 5], [4, 4], [3, 2], [1, 3], [9, 0], [5, 4], [6, 0], [7, 3]]
2026-03-25 23:49:38,402 - INFO - episode:570 totalReward:0 Actions:[[4, 1]]
2026-03-25 23:49:38,552 - INFO - episode:571 totalReward:-100 Actions:[[9, 0], [4, 1], [3, 1], [6, 4], [7, 4], [0, 5], [2, 2], [5, 3], [1, 0], [8, 2]]
2026-03-25 23:49:38,601 - INFO - episode:572 totalReward:-100 Actions:[[6, 1], [7, 5], [9, 2], [4, 0], [8, 5], [1, 2], [5, 0], [0, 3], [2, 4], [3, 1]]
2026-03-25 23:49:38,672 - INFO - episode:573 totalReward:174.30417964314813 Actions:[[8, 0], [0, 1], [6, 0], [5, 3], [9, 5], [4, 2], [2, 2], [7, 4], [1, 5], [3, 4]]
2026-03-25 23:49:38,919 - INFO - episode:574 totalReward:-100 Actions:[[9, 2], [6, 5], [7, 5], [5, 2], [0, 1], [2, 0], [8, 4], [4, 0], [3, 4], [1, 3]]
2026-03-25 23:49:39,125 - INFO - episode:575 totalReward:-100 Actions:[[6, 1], [4, 1], [3, 4], [0, 5], [9, 2], [2, 0], [5, 0], [8, 2], [7, 3], [1, 3]]
2026-03-25 23:49:39,165 - INFO - episode:576 totalReward:0 Actions:[[0, 1], [4, 5], [6, 0], [3, 2], [7, 3], [2, 0], [8, 3], [1, 4], [9, 5]]
2026-03-25 23:49:39,263 - INFO - episode:577 totalReward:-100 Actions:[[3, 0], [2, 4], [0, 3], [9, 0], [7, 4], [8, 1], [1, 1], [4, 5], [6, 2], [5, 5]]
2026-03-25 23:49:39,455 - INFO - episode:578 totalReward:280.2019446256719 Actions:[[5, 4], [7, 5], [8, 0], [4, 4], [6, 3], [2, 2], [9, 2], [0, 1], [3, 0], [1, 5]]
2026-03-25 23:49:39,522 - INFO - episode:579 totalReward:-100 Actions:[[9, 4], [8, 5], [7, 5], [0, 1], [5, 0], [2, 3], [1, 4], [4, 3], [6, 2], [3, 2]]
2026-03-25 23:49:39,553 - INFO - episode:580 totalReward:0 Actions:[[9, 2]]
2026-03-25 23:49:39,670 - INFO - episode:581 totalReward:-100 Actions:[[3, 3], [0, 1], [4, 3], [1, 4], [2, 4], [9, 2], [5, 5], [8, 2], [6, 0], [7, 0]]
2026-03-25 23:49:39,771 - INFO - episode:582 totalReward:-100 Actions:[[0, 1], [7, 4], [3, 0], [6, 3], [8, 4], [1, 2], [2, 2], [4, 3], [9, 0], [5, 5]]
2026-03-25 23:49:39,828 - INFO - episode:583 totalReward:-100 Actions:[[6, 2], [8, 4], [0, 1], [4, 4], [3, 3], [2, 5], [9, 3], [7, 0], [1, 2], [5, 0]]
2026-03-25 23:49:40,000 - INFO - episode:584 totalReward:613.0366642390494 Actions:[[6, 1], [1, 4], [9, 1], [0, 3], [3, 0], [5, 5], [8, 2], [2, 2], [7, 4], [4, 0]]
2026-03-25 23:49:40,028 - INFO - episode:585 totalReward:0 Actions:[[4, 1], [8, 3], [3, 1], [7, 0], [9, 0], [1, 2], [5, 4], [6, 2], [2, 5]]
2026-03-25 23:49:40,101 - INFO - episode:586 totalReward:-100 Actions:[[4, 1], [6, 3], [5, 5], [0, 2], [9, 5], [7, 3], [1, 0], [2, 4], [8, 1], [3, 4]]
2026-03-25 23:49:40,191 - INFO - episode:587 totalReward:-100 Actions:[[6, 2], [4, 1], [8, 3], [0, 0], [1, 2], [5, 5], [3, 4], [2, 4], [9, 1], [7, 3]]
2026-03-25 23:49:40,279 - INFO - episode:588 totalReward:185.3187022102694 Actions:[[1, 2], [9, 2], [0, 1], [7, 5], [2, 3], [6, 3], [8, 0], [5, 0], [3, 4], [4, 5]]
2026-03-25 23:49:40,343 - INFO - episode:589 totalReward:-100 Actions:[[6, 1], [0, 0], [2, 2], [1, 3], [5, 5], [9, 1], [8, 3], [3, 2], [7, 4], [4, 4]]
2026-03-25 23:49:40,585 - INFO - episode:590 totalReward:200.5510248955261 Actions:[[3, 1]]
2026-03-25 23:49:40,622 - INFO - episode:591 totalReward:0 Actions:[[3, 1], [4, 2], [1, 5], [7, 0], [2, 1], [5, 3], [6, 4], [8, 5], [9, 2]]
2026-03-25 23:49:40,654 - INFO - episode:592 totalReward:621.9639329987677 Actions:[[0, 1], [6, 4], [5, 4], [4, 5], [7, 3], [1, 5], [9, 2], [8, 0], [3, 2], [2, 0]]
2026-03-25 23:49:40,728 - INFO - episode:593 totalReward:-100 Actions:[[3, 5], [1, 1], [2, 3], [9, 5], [8, 4], [7, 0], [0, 2], [4, 3], [5, 0], [6, 1]]
2026-03-25 23:49:40,821 - INFO - episode:594 totalReward:-100 Actions:[[6, 1], [9, 1], [4, 4], [7, 3], [5, 4], [0, 2], [2, 3], [8, 0], [1, 0], [3, 5]]
2026-03-25 23:49:40,931 - INFO - episode:595 totalReward:184.8779634775328 Actions:[[4, 1], [2, 5], [0, 3], [3, 0], [8, 2], [6, 5], [7, 0], [9, 2], [1, 1], [5, 4]]
2026-03-25 23:49:41,083 - INFO - episode:596 totalReward:-100 Actions:[[3, 5], [0, 0], [4, 4], [5, 1], [6, 1], [2, 3], [1, 4], [8, 5], [7, 3], [9, 2]]
2026-03-25 23:49:41,191 - INFO - episode:597 totalReward:267.20790848963844 Actions:[[0, 0], [3, 4], [9, 4], [6, 3], [7, 2], [8, 1], [2, 5], [4, 2], [1, 1], [5, 3]]
2026-03-25 23:49:41,411 - INFO - episode:598 totalReward:331.97450306398224 Actions:[[0, 0], [3, 1], [9, 2], [8, 1], [5, 2], [6, 5], [2, 3], [1, 5], [4, 4], [7, 3]]
2026-03-25 23:49:41,484 - INFO - episode:599 totalReward:-100 Actions:[[0, 1], [6, 0], [1, 0], [4, 5], [5, 5], [9, 2], [8, 4], [7, 3], [3, 3], [2, 4]]
2026-03-25 23:49:41,573 - INFO - episode:600 totalReward:-100 Actions:[[5, 4], [0, 1]]
2026-03-25 23:49:41,678 - INFO - episode:601 totalReward:-100 Actions:[[2, 0], [6, 2], [0, 1], [7, 2], [5, 0], [8, 3], [9, 5], [1, 5], [3, 4], [4, 3]]
2026-03-25 23:49:41,769 - INFO - episode:602 totalReward:-100 Actions:[[5, 4], [0, 1], [1, 3], [9, 0], [8, 3], [7, 0], [3, 2], [4, 5], [6, 4], [2, 2]]
2026-03-25 23:49:41,861 - INFO - episode:603 totalReward:-100 Actions:[[5, 4], [0, 1], [9, 3], [7, 3], [8, 2], [4, 2], [6, 0], [3, 5], [2, 5], [1, 0]]
2026-03-25 23:49:41,911 - INFO - episode:604 totalReward:-100 Actions:[[8, 1], [5, 4], [7, 0], [9, 1], [4, 0], [6, 4], [0, 2], [2, 5], [1, 5], [3, 3]]
2026-03-25 23:49:42,001 - INFO - episode:605 totalReward:-100 Actions:[[5, 3], [4, 5], [6, 1], [8, 4], [0, 2], [9, 1], [1, 4], [7, 5], [2, 0], [3, 0]]
2026-03-25 23:49:42,061 - INFO - episode:606 totalReward:202.11200951847064 Actions:[[5, 4], [0, 1], [7, 2], [4, 5], [8, 0], [3, 2], [9, 5], [2, 5], [6, 4], [1, 3]]
2026-03-25 23:49:42,179 - INFO - episode:607 totalReward:-100 Actions:[[4, 2], [5, 4], [0, 1], [1, 0], [9, 5], [6, 0], [2, 3], [8, 5], [3, 2], [7, 3]]
2026-03-25 23:49:42,323 - INFO - episode:608 totalReward:-100 Actions:[[8, 5], [0, 1], [9, 2], [4, 2], [6, 0], [3, 3], [7, 4], [2, 2], [5, 0], [1, 4]]
2026-03-25 23:49:42,440 - INFO - episode:609 totalReward:-100 Actions:[[2, 0], [0, 1], [9, 0], [7, 4], [4, 5], [1, 3], [5, 2], [6, 2], [3, 4], [8, 3]]
2026-03-25 23:49:42,516 - INFO - episode:610 totalReward:0 Actions:[[3, 2]]
2026-03-25 23:49:42,545 - INFO - episode:611 totalReward:-100 Actions:[[3, 2], [4, 2], [5, 1], [0, 0], [8, 3], [2, 3], [6, 5], [1, 4], [9, 5], [7, 4]]
2026-03-25 23:49:42,595 - INFO - episode:612 totalReward:-100 Actions:[[6, 3], [8, 1], [3, 1], [2, 3], [4, 2], [9, 4], [5, 4], [0, 5], [7, 2], [1, 0]]
2026-03-25 23:49:42,678 - INFO - episode:613 totalReward:-100 Actions:[[3, 2], [6, 4], [0, 3], [1, 5], [9, 5], [8, 0], [7, 1], [5, 4], [4, 1], [2, 2]]
2026-03-25 23:49:42,828 - INFO - episode:614 totalReward:0 Actions:[[5, 4], [2, 3], [4, 2], [9, 2], [6, 1], [7, 1], [8, 5], [3, 0], [1, 3]]
2026-03-25 23:49:42,852 - INFO - episode:615 totalReward:0 Actions:[[3, 1], [5, 2], [7, 0], [1, 4], [2, 3], [6, 1], [9, 5], [8, 5], [4, 3]]
2026-03-25 23:49:43,114 - INFO - episode:616 totalReward:-100 Actions:[[4, 3], [6, 2], [7, 0], [1, 0], [9, 5], [8, 3], [3, 5], [2, 1], [5, 1], [0, 4]]
2026-03-25 23:49:43,165 - INFO - episode:617 totalReward:-100 Actions:[[1, 1], [3, 5], [8, 4], [9, 1], [5, 2], [6, 0], [4, 5], [2, 0], [0, 3], [7, 4]]
2026-03-25 23:49:43,201 - INFO - episode:618 totalReward:207.24449255159334 Actions:[[8, 2], [3, 4], [6, 4], [9, 0], [7, 5], [4, 2], [2, 1], [1, 5], [5, 0], [0, 3]]
2026-03-25 23:49:43,322 - INFO - episode:619 totalReward:0 Actions:[[5, 4], [9, 5], [8, 0], [1, 2], [4, 1], [2, 3], [6, 1], [7, 5], [3, 3]]
2026-03-25 23:49:43,366 - INFO - episode:620 totalReward:0 Actions:[[8, 2]]
2026-03-25 23:49:43,522 - INFO - episode:621 totalReward:-100 Actions:[[8, 2], [7, 2], [4, 5], [5, 4], [0, 0], [2, 5], [9, 4], [3, 1], [1, 3], [6, 1]]
2026-03-25 23:49:43,607 - INFO - episode:622 totalReward:-100 Actions:[[8, 2], [5, 0], [3, 3], [9, 3], [7, 0], [0, 5], [4, 4], [2, 2], [1, 1], [6, 4]]
2026-03-25 23:49:43,751 - INFO - episode:623 totalReward:-100 Actions:[[8, 2], [1, 0], [3, 3], [7, 3], [6, 1], [9, 2], [5, 4], [0, 5], [2, 1], [4, 4]]
2026-03-25 23:49:43,831 - INFO - episode:624 totalReward:-100 Actions:[[3, 5], [6, 5], [8, 2], [9, 0], [7, 4], [0, 1], [1, 0], [4, 3], [5, 3], [2, 4]]
2026-03-25 23:49:43,923 - INFO - episode:625 totalReward:-100 Actions:[[6, 5], [5, 4], [0, 0], [3, 3], [1, 1], [2, 2], [8, 2], [4, 3], [7, 5], [9, 1]]
2026-03-25 23:49:44,299 - INFO - episode:626 totalReward:209.03561920038598 Actions:[[3, 1], [1, 3], [5, 4], [9, 5], [4, 1], [2, 5], [8, 3], [0, 2], [6, 4], [7, 0]]
2026-03-25 23:49:44,364 - INFO - episode:627 totalReward:0 Actions:[[4, 5], [7, 1], [1, 1], [5, 2], [2, 0], [6, 0], [3, 3], [9, 4], [8, 3]]
2026-03-25 23:49:44,427 - INFO - episode:628 totalReward:-100 Actions:[[4, 2], [1, 1], [8, 4], [9, 5], [5, 0], [3, 2], [0, 3], [2, 1], [7, 5], [6, 0]]
2026-03-25 23:49:44,853 - INFO - episode:629 totalReward:-100 Actions:[[5, 1], [2, 1], [6, 3], [9, 5], [3, 4], [4, 5], [1, 3], [8, 0], [7, 0], [0, 2]]
2026-03-25 23:49:44,941 - INFO - episode:630 totalReward:-100 Actions:[[9, 5]]
2026-03-25 23:49:44,986 - INFO - episode:631 totalReward:-100 Actions:[[9, 5], [5, 2], [7, 5], [0, 3], [1, 1], [4, 2], [8, 1], [3, 0], [6, 0], [2, 4]]
2026-03-25 23:49:45,035 - INFO - episode:632 totalReward:-100 Actions:[[9, 5], [2, 5], [6, 4], [8, 4], [3, 3], [7, 0], [4, 1], [5, 0], [1, 1], [0, 2]]
2026-03-25 23:49:45,206 - INFO - episode:633 totalReward:-100 Actions:[[0, 5], [5, 4], [2, 0], [1, 1], [8, 2], [4, 0], [9, 2], [7, 1], [6, 4], [3, 3]]
2026-03-25 23:49:45,238 - INFO - episode:634 totalReward:-100 Actions:[[6, 4], [9, 5], [0, 0], [8, 3], [3, 2], [7, 4], [4, 5], [1, 3], [2, 1], [5, 1]]
2026-03-25 23:49:45,295 - INFO - episode:635 totalReward:-100 Actions:[[8, 2], [0, 5], [6, 0], [7, 3], [4, 1], [1, 1], [3, 0], [5, 4], [9, 3], [2, 2]]
2026-03-25 23:49:45,418 - INFO - episode:636 totalReward:-100 Actions:[[8, 2], [2, 0], [1, 0], [9, 1], [0, 4], [4, 3], [7, 3], [6, 1], [3, 2], [5, 5]]
2026-03-25 23:49:45,484 - INFO - episode:637 totalReward:0 Actions:[[8, 2], [5, 1], [9, 0], [3, 3], [4, 5], [2, 2], [7, 4], [6, 0], [1, 4]]
2026-03-25 23:49:45,648 - INFO - episode:638 totalReward:-100 Actions:[[2, 2], [1, 2], [4, 5], [8, 4], [5, 1], [6, 1], [9, 4], [3, 3], [7, 5], [0, 0]]
2026-03-25 23:49:45,722 - INFO - episode:639 totalReward:-100 Actions:[[1, 1], [2, 0], [4, 3], [5, 5], [9, 1], [0, 4], [8, 2], [3, 3], [6, 5], [7, 2]]
2026-03-25 23:49:45,789 - INFO - episode:640 totalReward:-100 Actions:[[5, 0]]
2026-03-25 23:49:45,938 - INFO - episode:641 totalReward:293.184334785933 Actions:[[5, 0], [2, 2], [3, 3], [0, 4], [6, 3], [8, 5], [9, 1], [1, 1], [4, 5], [7, 2]]
2026-03-25 23:49:46,112 - INFO - episode:642 totalReward:-100 Actions:[[5, 0], [8, 0], [4, 3], [3, 2], [7, 4], [1, 4], [6, 1], [9, 3], [2, 3], [0, 5]]
2026-03-25 23:49:46,314 - INFO - episode:643 totalReward:-100 Actions:[[5, 4], [3, 2], [2, 1], [6, 3], [4, 0], [7, 1], [9, 4], [8, 3], [0, 5], [1, 0]]
2026-03-25 23:49:46,381 - INFO - episode:644 totalReward:0 Actions:[[3, 2], [4, 1], [8, 5], [2, 3], [6, 4], [7, 1], [1, 0], [9, 0], [5, 4]]
2026-03-25 23:49:46,410 - INFO - episode:645 totalReward:0 Actions:[[7, 1], [3, 2], [5, 3], [9, 0], [8, 5], [6, 5], [1, 1], [2, 4], [4, 2]]
2026-03-25 23:49:46,549 - INFO - episode:646 totalReward:-100 Actions:[[3, 2], [8, 5], [6, 5], [0, 0], [7, 2], [5, 1], [9, 1], [4, 4], [1, 3], [2, 3]]
2026-03-25 23:49:46,842 - INFO - episode:647 totalReward:-100 Actions:[[3, 2], [4, 0], [1, 3], [6, 3], [8, 5], [2, 2], [5, 0], [7, 5], [0, 1], [9, 4]]
2026-03-25 23:49:47,015 - INFO - episode:648 totalReward:-100 Actions:[[3, 2], [8, 0], [2, 2], [0, 4], [6, 1], [9, 0], [1, 3], [7, 5], [5, 1], [4, 5]]
2026-03-25 23:49:47,187 - INFO - episode:649 totalReward:-100 Actions:[[3, 2], [7, 3], [9, 3], [5, 0], [6, 4], [8, 4], [1, 5], [2, 5], [4, 2], [0, 1]]
2026-03-25 23:49:47,306 - INFO - episode:650 totalReward:-100 Actions:[[3, 2]]
2026-03-25 23:49:47,349 - INFO - episode:651 totalReward:-100 Actions:[[3, 2], [1, 1], [4, 0], [9, 1], [5, 4], [7, 3], [6, 4], [0, 5], [8, 3], [2, 2]]
2026-03-25 23:49:47,447 - INFO - episode:652 totalReward:-100 Actions:[[3, 2], [8, 5], [5, 0], [6, 4], [4, 0], [1, 5], [7, 4], [9, 3], [2, 3], [0, 1]]
2026-03-25 23:49:47,499 - INFO - episode:653 totalReward:0 Actions:[[1, 1], [8, 5], [4, 0], [9, 2], [7, 2], [3, 3], [5, 4], [6, 5], [2, 1]]
2026-03-25 23:49:47,620 - INFO - episode:654 totalReward:200.39737578881508 Actions:[[1, 1], [6, 1], [0, 2], [5, 5], [2, 0], [4, 3], [9, 5], [3, 4], [7, 0], [8, 3]]
2026-03-25 23:49:47,797 - INFO - episode:655 totalReward:-100 Actions:[[1, 1], [7, 0], [6, 0], [4, 2], [5, 4], [9, 4], [0, 3], [3, 5], [2, 1], [8, 5]]
2026-03-25 23:49:48,083 - INFO - episode:656 totalReward:-100 Actions:[[1, 1], [7, 5], [4, 1], [0, 2], [9, 4], [6, 4], [2, 0], [3, 0], [8, 5], [5, 3]]
2026-03-25 23:49:48,197 - INFO - episode:657 totalReward:-100 Actions:[[3, 4], [4, 3], [6, 4], [7, 5], [1, 2], [0, 1], [8, 2], [9, 3], [2, 3], [5, 0]]
2026-03-25 23:49:48,367 - INFO - episode:658 totalReward:-100 Actions:[[9, 3], [2, 4], [1, 2], [3, 4], [0, 0], [5, 1], [7, 3], [8, 2], [6, 5], [4, 1]]
2026-03-25 23:49:48,430 - INFO - episode:659 totalReward:0 Actions:[[3, 4], [7, 2], [2, 5], [4, 0], [1, 5], [6, 4], [9, 1], [8, 2], [5, 3]]
2026-03-25 23:49:48,467 - INFO - episode:660 totalReward:-100 Actions:[[6, 3]]
2026-03-25 23:49:48,640 - INFO - episode:661 totalReward:401.66702413068333 Actions:[[6, 3], [5, 3], [7, 5], [2, 1], [0, 4], [4, 0], [8, 5], [9, 0], [1, 1], [3, 2]]
2026-03-25 23:49:48,688 - INFO - episode:662 totalReward:208.5549803629919 Actions:[[5, 4], [6, 0], [8, 2], [1, 0], [4, 4], [0, 3], [7, 5], [3, 1], [9, 2], [2, 5]]
2026-03-25 23:49:48,782 - INFO - episode:663 totalReward:-100 Actions:[[8, 2], [6, 3], [2, 1], [7, 1], [1, 4], [3, 2], [5, 3], [9, 0], [0, 5], [4, 4]]
2026-03-25 23:49:48,866 - INFO - episode:664 totalReward:-100 Actions:[[8, 2], [1, 0], [2, 1], [0, 5], [9, 4], [4, 0], [3, 1], [6, 2], [7, 4], [5, 3]]
2026-03-25 23:49:48,908 - INFO - episode:665 totalReward:627.5215222692893 Actions:[[9, 2], [2, 0], [6, 4], [8, 0], [0, 1], [1, 3], [4, 3], [7, 2], [3, 4], [5, 5]]
2026-03-25 23:49:48,988 - INFO - episode:666 totalReward:192.25642620688004 Actions:[[4, 2], [1, 0], [8, 2], [5, 5], [3, 4], [9, 5], [6, 4], [7, 0], [2, 1], [0, 3]]
2026-03-25 23:49:49,057 - INFO - episode:667 totalReward:-100 Actions:[[8, 2], [1, 5], [4, 4], [9, 5], [0, 1], [7, 4], [5, 0], [2, 3], [3, 2], [6, 3]]
2026-03-25 23:49:49,221 - INFO - episode:668 totalReward:-100 Actions:[[8, 2], [5, 0], [6, 0], [4, 3], [9, 4], [3, 2], [1, 3], [2, 1], [0, 5], [7, 1]]
2026-03-25 23:49:49,264 - INFO - episode:669 totalReward:0 Actions:[[8, 5], [9, 3], [3, 4], [1, 2], [4, 0], [7, 3], [6, 1], [2, 0], [5, 1]]
2026-03-25 23:49:49,349 - INFO - episode:670 totalReward:0 Actions:[[8, 2]]
2026-03-25 23:49:49,420 - INFO - episode:671 totalReward:0 Actions:[[3, 1], [8, 2], [2, 4], [1, 2], [7, 4], [9, 3], [5, 5], [6, 0], [4, 3]]
2026-03-25 23:49:49,642 - INFO - episode:672 totalReward:-100 Actions:[[1, 0], [8, 2], [2, 3], [0, 4], [4, 0], [5, 5], [9, 5], [7, 1], [3, 3], [6, 1]]
2026-03-25 23:49:49,678 - INFO - episode:673 totalReward:0 Actions:[[5, 4], [4, 5], [6, 2], [1, 1], [9, 3], [7, 2], [8, 5], [2, 0], [3, 3]]
2026-03-25 23:49:49,790 - INFO - episode:674 totalReward:0 Actions:[[1, 1], [4, 3], [9, 0], [8, 3], [2, 5], [6, 0], [5, 2], [3, 5], [7, 4]]
2026-03-25 23:49:49,887 - INFO - episode:675 totalReward:-100 Actions:[[1, 1], [2, 1], [3, 0], [7, 2], [0, 4], [9, 0], [6, 5], [4, 3], [8, 2], [5, 3]]
2026-03-25 23:49:49,998 - INFO - episode:676 totalReward:-100 Actions:[[9, 3], [4, 0], [5, 2], [8, 1], [2, 4], [1, 1], [3, 3], [6, 2], [7, 4], [0, 5]]
2026-03-25 23:49:50,132 - INFO - episode:677 totalReward:207.5798758152942 Actions:[[9, 3], [6, 1], [0, 0], [4, 3], [2, 3], [7, 2], [8, 1], [3, 4], [5, 5], [1, 2]]
2026-03-25 23:49:50,267 - INFO - episode:678 totalReward:-100 Actions:[[7, 5], [5, 0], [4, 0], [8, 2], [2, 2], [3, 5], [0, 4], [6, 3], [1, 1], [9, 3]]
2026-03-25 23:49:50,460 - INFO - episode:679 totalReward:-100 Actions:[[9, 5], [1, 0], [5, 2], [2, 4], [4, 1], [3, 1], [0, 3], [6, 4], [8, 5], [7, 0]]
2026-03-25 23:49:50,599 - INFO - episode:680 totalReward:0 Actions:[[9, 5]]
2026-03-25 23:49:50,736 - INFO - episode:681 totalReward:-100 Actions:[[9, 5], [0, 4], [4, 5], [5, 3], [3, 1], [8, 2], [6, 1], [7, 0], [2, 5], [1, 0]]
2026-03-25 23:49:50,892 - INFO - episode:682 totalReward:-100 Actions:[[3, 4], [1, 5], [5, 0], [4, 3], [2, 5], [0, 1], [8, 3], [7, 2], [9, 4], [6, 2]]
2026-03-25 23:49:50,941 - INFO - episode:683 totalReward:273.62896264553774 Actions:[[4, 0], [7, 4], [1, 3], [6, 4], [5, 5], [3, 2], [8, 0], [9, 3], [0, 1], [2, 2]]
2026-03-25 23:49:51,022 - INFO - episode:684 totalReward:-100 Actions:[[9, 2], [3, 0], [2, 1], [0, 5], [4, 2], [8, 3], [6, 0], [1, 4], [7, 4], [5, 1]]
2026-03-25 23:49:51,050 - INFO - episode:685 totalReward:0 Actions:[[5, 4], [9, 1], [1, 3], [4, 0], [6, 3], [3, 5], [7, 5], [8, 2], [2, 1]]
2026-03-25 23:49:51,109 - INFO - episode:686 totalReward:0 Actions:[[9, 1], [2, 3], [7, 5], [1, 2], [5, 4], [3, 3], [4, 4], [8, 0], [6, 1]]
2026-03-25 23:49:51,184 - INFO - episode:687 totalReward:-100 Actions:[[1, 2], [0, 0], [7, 1], [3, 3], [8, 5], [9, 2], [6, 4], [5, 4], [4, 5], [2, 1]]
2026-03-25 23:49:51,268 - INFO - episode:688 totalReward:-100 Actions:[[0, 4], [1, 2], [3, 3], [2, 3], [8, 1], [6, 1], [9, 5], [5, 0], [7, 5], [4, 0]]
2026-03-25 23:49:51,370 - INFO - episode:689 totalReward:236.5722512091377 Actions:[[9, 0], [1, 2], [2, 3], [0, 4], [3, 3], [8, 5], [4, 2], [7, 0], [6, 5], [5, 1]]
2026-03-25 23:49:51,473 - INFO - episode:690 totalReward:-100 Actions:[[9, 0]]
2026-03-25 23:49:51,568 - INFO - episode:691 totalReward:-100 Actions:[[9, 0], [6, 5], [2, 3], [7, 4], [8, 3], [4, 2], [0, 1], [3, 4], [1, 0], [5, 2]]
2026-03-25 23:49:51,697 - INFO - episode:692 totalReward:-100 Actions:[[6, 3], [9, 5], [1, 4], [8, 5], [5, 3], [4, 4], [7, 0], [0, 2], [2, 1], [3, 0]]
2026-03-25 23:49:51,828 - INFO - episode:693 totalReward:286.8154387646525 Actions:[[9, 5], [0, 3], [5, 5], [8, 2], [2, 4], [1, 0], [6, 1], [7, 1], [3, 2], [4, 0]]
2026-03-25 23:49:51,880 - INFO - episode:694 totalReward:-100 Actions:[[7, 5], [5, 4], [3, 2], [9, 5], [6, 1], [2, 2], [0, 0], [8, 3], [1, 3], [4, 1]]
2026-03-25 23:49:51,968 - INFO - episode:695 totalReward:0 Actions:[[5, 3], [9, 5], [8, 1], [1, 5], [6, 1], [3, 0], [7, 2], [4, 2], [2, 4]]
2026-03-25 23:49:52,352 - INFO - episode:696 totalReward:-100 Actions:[[4, 0], [3, 4], [7, 4], [6, 5], [1, 5], [9, 3], [5, 2], [0, 1], [8, 3], [2, 0]]
2026-03-25 23:49:52,497 - INFO - episode:697 totalReward:-100 Actions:[[9, 4], [3, 4], [2, 2], [1, 1], [5, 3], [4, 2], [6, 3], [0, 0], [7, 5], [8, 5]]
2026-03-25 23:49:52,668 - INFO - episode:698 totalReward:593.8084784403085 Actions:[[9, 5], [6, 3], [1, 5], [4, 4], [5, 3], [7, 2], [3, 2], [2, 0], [0, 1], [8, 0]]
2026-03-25 23:49:52,697 - INFO - episode:699 totalReward:0 Actions:[[9, 5], [6, 4], [1, 2], [3, 1], [2, 3], [8, 3], [5, 0], [4, 1], [7, 2]]
2026-03-25 23:49:52,870 - INFO - episode:700 totalReward:-100 Actions:[[9, 5]]
2026-03-25 23:49:52,963 - INFO - episode:701 totalReward:-100 Actions:[[9, 5], [5, 0], [8, 1], [0, 3], [4, 5], [3, 4], [2, 1], [7, 4], [6, 0], [1, 2]]
2026-03-25 23:49:53,029 - INFO - episode:702 totalReward:0 Actions:[[9, 5], [7, 2], [4, 0], [5, 3], [2, 4], [3, 2], [1, 5], [8, 1], [6, 0]]
2026-03-25 23:49:53,224 - INFO - episode:703 totalReward:210.8705223621089 Actions:[[9, 5], [5, 5], [3, 3], [8, 0], [4, 0], [1, 2], [0, 1], [6, 4], [7, 3], [2, 4]]
2026-03-25 23:49:53,349 - INFO - episode:704 totalReward:-100 Actions:[[9, 5], [6, 2], [0, 3], [2, 4], [4, 2], [3, 1], [8, 4], [1, 0], [5, 5], [7, 0]]
2026-03-25 23:49:53,395 - INFO - episode:705 totalReward:0 Actions:[[6, 3], [4, 2], [1, 1], [9, 0], [2, 1], [5, 3], [7, 4], [3, 5], [8, 4]]
2026-03-25 23:49:53,442 - INFO - episode:706 totalReward:0 Actions:[[6, 5], [3, 1], [8, 2], [1, 3], [7, 5], [9, 4], [4, 4], [2, 0], [5, 0]]
2026-03-25 23:49:53,812 - INFO - episode:707 totalReward:-100 Actions:[[5, 4], [9, 5], [1, 0], [0, 1], [4, 0], [6, 5], [8, 2], [2, 2], [7, 3], [3, 3]]
2026-03-25 23:49:54,001 - INFO - episode:708 totalReward:0 Actions:[[9, 5], [2, 2], [0, 4], [4, 3], [6, 2], [7, 3], [8, 5], [3, 1], [5, 0]]
2026-03-25 23:49:54,067 - INFO - episode:709 totalReward:0 Actions:[[9, 1], [0, 3], [8, 2], [7, 0], [4, 0], [2, 1], [6, 2], [1, 5], [3, 4]]
2026-03-25 23:49:54,305 - INFO - episode:710 totalReward:-100 Actions:[[4, 3]]
2026-03-25 23:49:54,596 - INFO - episode:711 totalReward:-100 Actions:[[4, 3], [2, 4], [0, 0], [9, 4], [1, 3], [8, 5], [3, 2], [7, 5], [6, 1], [5, 1]]
2026-03-25 23:49:54,747 - INFO - episode:712 totalReward:0 Actions:[[7, 5], [9, 5], [6, 4], [1, 3], [3, 2], [4, 2], [5, 4], [8, 0], [2, 1]]
2026-03-25 23:49:54,848 - INFO - episode:713 totalReward:0 Actions:[[9, 5], [7, 3], [8, 0], [3, 1], [2, 4], [5, 5], [6, 0], [4, 3], [1, 2]]
2026-03-25 23:49:54,978 - INFO - episode:714 totalReward:-100 Actions:[[9, 5], [3, 4], [2, 1], [5, 1], [6, 4], [1, 0], [8, 5], [4, 2], [7, 0], [0, 3]]
2026-03-25 23:49:55,110 - INFO - episode:715 totalReward:179.4574234584213 Actions:[[9, 5], [6, 1], [2, 2], [1, 2], [8, 1], [7, 3], [5, 5], [3, 4], [0, 0], [4, 4]]
2026-03-25 23:49:55,359 - INFO - episode:716 totalReward:-100 Actions:[[9, 5], [5, 0], [7, 0], [2, 5], [0, 1], [8, 3], [1, 2], [6, 4], [4, 4], [3, 3]]
2026-03-25 23:49:55,582 - INFO - episode:717 totalReward:243.05281616974628 Actions:[[9, 5], [7, 3], [0, 4], [2, 1], [3, 1], [8, 5], [5, 2], [6, 0], [1, 3], [4, 2]]
2026-03-25 23:49:55,649 - INFO - episode:718 totalReward:-100 Actions:[[5, 0], [1, 4], [3, 3], [2, 5], [7, 3], [4, 4], [9, 5], [6, 2], [8, 2], [0, 1]]
2026-03-25 23:49:55,771 - INFO - episode:719 totalReward:183.57063921235834 Actions:[[1, 1], [3, 4], [7, 4], [4, 2], [2, 1], [8, 2], [6, 5], [9, 5], [5, 0], [0, 3]]
2026-03-25 23:49:55,843 - INFO - episode:720 totalReward:-100 Actions:[[1, 1]]
2026-03-25 23:49:55,966 - INFO - episode:721 totalReward:-100 Actions:[[1, 1], [5, 3], [4, 5], [9, 1], [0, 0], [6, 2], [3, 4], [7, 4], [2, 2], [8, 5]]
2026-03-25 23:49:56,245 - INFO - episode:722 totalReward:263.6867308791096 Actions:[[4, 5], [6, 5], [9, 4], [0, 1], [3, 0], [7, 4], [5, 3], [8, 0], [1, 2], [2, 2]]
2026-03-25 23:49:56,435 - INFO - episode:723 totalReward:-100 Actions:[[5, 4], [4, 5], [1, 0], [9, 0], [3, 1], [0, 2], [6, 3], [7, 1], [2, 3], [8, 5]]
2026-03-25 23:49:56,544 - INFO - episode:724 totalReward:-100 Actions:[[4, 5], [8, 1], [6, 1], [5, 5], [3, 0], [1, 2], [0, 4], [9, 3], [7, 0], [2, 3]]
2026-03-25 23:49:56,707 - INFO - episode:725 totalReward:-100 Actions:[[4, 5], [7, 5], [5, 3], [8, 0], [1, 2], [9, 3], [2, 2], [0, 4], [3, 0], [6, 1]]
2026-03-25 23:49:56,971 - INFO - episode:726 totalReward:288.5774224313667 Actions:[[1, 1], [4, 4], [0, 2], [6, 4], [9, 5], [2, 5], [8, 3], [3, 3], [7, 0], [5, 0]]
2026-03-25 23:49:57,059 - INFO - episode:727 totalReward:0 Actions:[[3, 2], [1, 4], [4, 3], [9, 0], [5, 5], [2, 4], [8, 2], [6, 1], [7, 1]]
2026-03-25 23:49:57,201 - INFO - episode:728 totalReward:-100 Actions:[[3, 2], [0, 1], [5, 4], [9, 0], [6, 3], [8, 3], [4, 5], [2, 0], [7, 2], [1, 5]]
2026-03-25 23:49:57,311 - INFO - episode:729 totalReward:257.222458325501 Actions:[[3, 2], [9, 2], [8, 4], [4, 0], [0, 5], [6, 4], [5, 0], [7, 1], [1, 1], [2, 3]]
2026-03-25 23:49:57,446 - INFO - episode:730 totalReward:-100 Actions:[[7, 5]]
2026-03-25 23:49:57,666 - INFO - episode:731 totalReward:-100 Actions:[[7, 5], [5, 2], [3, 1], [1, 5], [9, 0], [6, 2], [0, 4], [4, 1], [2, 0], [8, 3]]
2026-03-25 23:49:57,947 - INFO - episode:732 totalReward:178.97264126791046 Actions:[[1, 3], [8, 3], [4, 4], [9, 0], [7, 1], [5, 0], [0, 2], [3, 1], [6, 5], [2, 5]]
2026-03-25 23:49:58,124 - INFO - episode:733 totalReward:-100 Actions:[[3, 1], [5, 2], [6, 4], [4, 1], [0, 0], [1, 4], [9, 5], [2, 3], [7, 3], [8, 5]]
2026-03-25 23:49:58,395 - INFO - episode:734 totalReward:194.64556992123846 Actions:[[1, 4], [2, 3], [4, 2], [8, 0], [0, 1], [7, 5], [6, 4], [9, 3], [3, 5], [5, 2]]
2026-03-25 23:49:58,598 - INFO - episode:735 totalReward:-100 Actions:[[1, 4], [6, 2], [8, 3], [9, 1], [3, 3], [4, 4], [0, 5], [5, 2], [2, 1], [7, 0]]
2026-03-25 23:49:58,635 - INFO - episode:736 totalReward:0 Actions:[[1, 4], [9, 0], [8, 2], [6, 3], [4, 4], [2, 3], [3, 5], [0, 1], [7, 0]]
2026-03-25 23:49:58,867 - INFO - episode:737 totalReward:391.86967903054756 Actions:[[4, 0], [2, 2], [3, 1], [0, 5], [1, 2], [9, 0], [7, 4], [8, 4], [6, 3], [5, 3]]
2026-03-25 23:49:59,067 - INFO - episode:738 totalReward:-100 Actions:[[5, 4], [4, 0], [3, 3], [8, 3], [2, 2], [6, 0], [0, 1], [9, 2], [1, 5], [7, 5]]
2026-03-25 23:49:59,340 - INFO - episode:739 totalReward:-100 Actions:[[4, 0], [3, 0], [2, 1], [9, 1], [0, 4], [7, 5], [1, 5], [8, 2], [6, 2], [5, 3]]
2026-03-25 23:49:59,426 - INFO - episode:740 totalReward:-100 Actions:[[6, 5]]
2026-03-25 23:49:59,493 - INFO - episode:741 totalReward:184.4602528622711 Actions:[[6, 5], [7, 1], [3, 1], [2, 2], [5, 0], [8, 5], [1, 2], [4, 3], [9, 3], [0, 4]]
2026-03-25 23:49:59,642 - INFO - episode:742 totalReward:195.4453832413855 Actions:[[6, 5], [4, 3], [8, 5], [7, 1], [9, 2], [3, 2], [0, 4], [5, 1], [2, 0], [1, 3]]
2026-03-25 23:49:59,917 - INFO - episode:743 totalReward:204.04094652312696 Actions:[[4, 2], [1, 3], [9, 5], [6, 3], [7, 0], [8, 5], [3, 2], [0, 4], [5, 0], [2, 1]]
2026-03-25 23:49:59,947 - INFO - episode:744 totalReward:0 Actions:[[9, 5], [2, 3], [6, 2], [7, 3], [5, 0], [1, 4], [8, 2], [3, 1], [4, 5]]
2026-03-25 23:50:00,049 - INFO - episode:745 totalReward:-100 Actions:[[9, 5], [5, 3], [2, 5], [3, 4], [7, 0], [8, 4], [6, 3], [4, 2], [1, 0], [0, 1]]
2026-03-25 23:50:00,193 - INFO - episode:746 totalReward:614.7684442175348 Actions:[[9, 5], [1, 4], [0, 1], [5, 2], [2, 0], [8, 0], [4, 5], [7, 4], [3, 3], [6, 2]]
2026-03-25 23:50:00,259 - INFO - episode:747 totalReward:0 Actions:[[9, 1], [1, 2], [7, 3], [5, 5], [8, 3], [0, 0], [4, 1], [6, 4], [2, 4]]
2026-03-25 23:50:00,306 - INFO - episode:748 totalReward:0 Actions:[[9, 1], [1, 2], [4, 0], [7, 3], [5, 5], [2, 4], [3, 3], [6, 0], [8, 2]]
2026-03-25 23:50:00,456 - INFO - episode:749 totalReward:0 Actions:[[9, 1], [3, 0], [8, 3], [6, 5], [4, 1], [5, 2], [2, 1], [1, 4], [7, 4]]
2026-03-25 23:50:00,681 - INFO - episode:750 totalReward:-100 Actions:[[6, 4]]
2026-03-25 23:50:00,982 - INFO - episode:751 totalReward:-100 Actions:[[6, 4], [9, 3], [8, 1], [1, 3], [0, 5], [5, 4], [7, 0], [4, 0], [3, 1], [2, 2]]
2026-03-25 23:50:01,220 - INFO - episode:752 totalReward:539.6795683505046 Actions:[[6, 4], [9, 2], [1, 2], [0, 1], [4, 4], [5, 3], [7, 0], [8, 0], [2, 5], [3, 5]]
2026-03-25 23:50:01,394 - INFO - episode:753 totalReward:-100 Actions:[[6, 4], [5, 1], [3, 0], [7, 0], [2, 2], [8, 5], [1, 5], [4, 2], [9, 2], [0, 3]]
2026-03-25 23:50:01,526 - INFO - episode:754 totalReward:0 Actions:[[6, 4], [9, 0], [7, 3], [2, 1], [8, 4], [1, 2], [4, 0], [3, 3], [5, 5]]
2026-03-25 23:50:01,599 - INFO - episode:755 totalReward:0 Actions:[[6, 4], [8, 2], [3, 0], [2, 4], [1, 5], [9, 1], [5, 1], [7, 3], [4, 2]]
2026-03-25 23:50:01,822 - INFO - episode:756 totalReward:-100 Actions:[[6, 4], [9, 5], [2, 4], [5, 2], [1, 1], [4, 1], [3, 5], [0, 0], [7, 3], [8, 3]]
2026-03-25 23:50:02,021 - INFO - episode:757 totalReward:274.1963658135813 Actions:[[5, 4], [3, 2], [8, 1], [4, 1], [0, 0], [2, 3], [7, 5], [6, 5], [9, 2], [1, 3]]
2026-03-25 23:50:02,114 - INFO - episode:758 totalReward:538.2619819759817 Actions:[[3, 2], [9, 4], [8, 1], [5, 4], [7, 1], [6, 3], [1, 5], [2, 3], [4, 2], [0, 0]]
2026-03-25 23:50:02,213 - INFO - episode:759 totalReward:-100 Actions:[[3, 2], [1, 5], [7, 5], [6, 3], [5, 3], [8, 2], [2, 1], [9, 1], [0, 4], [4, 0]]
2026-03-25 23:50:02,427 - INFO - episode:760 totalReward:0 Actions:[[3, 1]]
2026-03-25 23:50:02,467 - INFO - episode:761 totalReward:0 Actions:[[3, 1], [6, 4], [9, 2], [1, 0], [4, 5], [8, 0], [7, 3], [2, 4], [5, 5]]
2026-03-25 23:50:02,989 - INFO - episode:762 totalReward:-100 Actions:[[3, 1], [4, 5], [5, 4], [1, 2], [8, 2], [6, 5], [7, 1], [9, 3], [2, 3], [0, 0]]
2026-03-25 23:50:03,091 - INFO - episode:763 totalReward:-100 Actions:[[3, 1], [4, 3], [5, 5], [7, 2], [2, 3], [1, 2], [0, 4], [9, 0], [6, 1], [8, 0]]
2026-03-25 23:50:03,159 - INFO - episode:764 totalReward:-100 Actions:[[3, 1], [8, 2], [0, 4], [2, 0], [9, 2], [4, 5], [7, 3], [1, 5], [6, 3], [5, 0]]
2026-03-25 23:50:03,581 - INFO - episode:765 totalReward:-100 Actions:[[3, 1], [6, 0], [2, 1], [7, 2], [8, 4], [1, 2], [4, 4], [0, 3], [5, 0], [9, 5]]
2026-03-25 23:50:03,781 - INFO - episode:766 totalReward:502.39409644717085 Actions:[[3, 5], [9, 2], [4, 3], [8, 0], [1, 4], [5, 3], [2, 5], [7, 0], [6, 2], [0, 1]]
2026-03-25 23:50:04,316 - INFO - episode:767 totalReward:-100 Actions:[[3, 1], [4, 0], [0, 4], [1, 3], [2, 5], [5, 0], [9, 1], [8, 3], [7, 5], [6, 2]]
2026-03-25 23:50:04,510 - INFO - episode:768 totalReward:0 Actions:[[3, 1], [6, 5], [9, 0], [1, 3], [7, 1], [8, 2], [2, 0], [4, 0], [5, 4]]
2026-03-25 23:50:04,609 - INFO - episode:769 totalReward:0 Actions:[[3, 1], [1, 0], [7, 1], [4, 5], [5, 3], [8, 0], [9, 2], [6, 3], [2, 4]]
2026-03-25 23:50:04,793 - INFO - episode:770 totalReward:-100 Actions:[[7, 1]]
2026-03-25 23:50:04,913 - INFO - episode:771 totalReward:-100 Actions:[[7, 1], [5, 5], [9, 0], [1, 2], [6, 2], [8, 0], [3, 1], [0, 3], [2, 4], [4, 4]]
2026-03-25 23:50:05,060 - INFO - episode:772 totalReward:0 Actions:[[3, 1], [5, 5], [8, 4], [7, 3], [6, 0], [9, 0], [4, 4], [2, 3], [1, 2]]
2026-03-25 23:50:05,175 - INFO - episode:773 totalReward:-100 Actions:[[3, 1], [7, 5], [5, 4], [4, 4], [9, 3], [0, 0], [8, 3], [6, 5], [2, 2], [1, 2]]
2026-03-25 23:50:05,313 - INFO - episode:774 totalReward:-100 Actions:[[3, 2], [0, 0], [7, 1], [5, 5], [6, 5], [1, 1], [2, 4], [8, 3], [4, 2], [9, 4]]
2026-03-25 23:50:05,512 - INFO - episode:775 totalReward:-100 Actions:[[3, 2], [4, 4], [6, 3], [8, 3], [7, 5], [9, 2], [5, 0], [2, 0], [1, 4], [0, 1]]
2026-03-25 23:50:05,590 - INFO - episode:776 totalReward:-100 Actions:[[5, 4], [4, 2], [9, 2], [2, 2], [8, 0], [6, 5], [3, 1], [1, 0], [7, 1], [0, 3]]
2026-03-25 23:50:05,779 - INFO - episode:777 totalReward:279.3099043567063 Actions:[[5, 4], [6, 5], [8, 3], [9, 5], [1, 3], [4, 1], [2, 0], [3, 0], [0, 2], [7, 1]]
2026-03-25 23:50:06,330 - INFO - episode:778 totalReward:-100 Actions:[[3, 4], [9, 0], [8, 1], [5, 3], [6, 0], [4, 4], [2, 1], [0, 2], [1, 5], [7, 5]]
2026-03-25 23:50:06,492 - INFO - episode:779 totalReward:-100 Actions:[[3, 4], [9, 5], [5, 1], [7, 4], [2, 3], [6, 1], [8, 0], [1, 5], [4, 3], [0, 2]]
2026-03-25 23:50:06,618 - INFO - episode:780 totalReward:-100 Actions:[[3, 4]]
2026-03-25 23:50:06,768 - INFO - episode:781 totalReward:0 Actions:[[3, 4], [6, 0], [2, 1], [8, 5], [5, 3], [7, 4], [9, 2], [4, 0], [1, 5]]
2026-03-25 23:50:06,856 - INFO - episode:782 totalReward:316.0330134106957 Actions:[[3, 4], [4, 2], [8, 2], [5, 1], [7, 5], [9, 5], [6, 0], [1, 0], [2, 4], [0, 3]]
2026-03-25 23:50:07,389 - INFO - episode:783 totalReward:-100 Actions:[[3, 4], [4, 1], [9, 1], [6, 4], [2, 3], [8, 3], [0, 0], [1, 5], [5, 2], [7, 5]]
2026-03-25 23:50:07,515 - INFO - episode:784 totalReward:-100 Actions:[[3, 4], [9, 0], [6, 1], [7, 1], [1, 0], [8, 3], [0, 5], [5, 2], [4, 2], [2, 3]]
2026-03-25 23:50:07,795 - INFO - episode:785 totalReward:-100 Actions:[[7, 4], [3, 4], [9, 5], [0, 0], [2, 2], [8, 2], [6, 5], [5, 3], [4, 3], [1, 1]]
2026-03-25 23:50:07,929 - INFO - episode:786 totalReward:-100 Actions:[[5, 0], [7, 4], [3, 4], [8, 3], [0, 1], [4, 2], [2, 2], [9, 0], [6, 5], [1, 5]]
2026-03-25 23:50:08,026 - INFO - episode:787 totalReward:-100 Actions:[[3, 4], [1, 2], [7, 0], [2, 4], [5, 0], [8, 2], [9, 1], [6, 3], [4, 3], [0, 5]]
2026-03-25 23:50:08,086 - INFO - episode:788 totalReward:0 Actions:[[9, 2], [2, 5], [5, 0], [3, 4], [4, 3], [6, 3], [7, 2], [8, 5], [1, 1]]
2026-03-25 23:50:08,285 - INFO - episode:789 totalReward:-100 Actions:[[9, 2], [1, 2], [0, 5], [8, 1], [3, 4], [4, 3], [6, 3], [2, 1], [7, 0], [5, 0]]
2026-03-25 23:50:08,455 - INFO - episode:790 totalReward:593.4273772288261 Actions:[[3, 4]]
2026-03-25 23:50:08,598 - INFO - episode:791 totalReward:-100 Actions:[[3, 4], [2, 5], [4, 2], [0, 0], [5, 1], [9, 3], [6, 1], [8, 4], [7, 5], [1, 3]]
2026-03-25 23:50:08,765 - INFO - episode:792 totalReward:-100 Actions:[[6, 5], [4, 4], [1, 5], [0, 1], [2, 0], [3, 4], [5, 0], [8, 2], [9, 2], [7, 3]]
2026-03-25 23:50:09,025 - INFO - episode:793 totalReward:0 Actions:[[3, 4], [9, 2], [5, 5], [4, 0], [2, 0], [6, 2], [1, 1], [8, 3], [7, 4]]
2026-03-25 23:50:09,073 - INFO - episode:794 totalReward:186.56527439105682 Actions:[[3, 2], [4, 0], [9, 3], [0, 5], [1, 4], [5, 0], [8, 4], [2, 1], [7, 3], [6, 2]]
2026-03-25 23:50:09,200 - INFO - episode:795 totalReward:0 Actions:[[4, 0], [1, 1], [6, 4], [3, 4], [7, 2], [8, 0], [9, 2], [0, 5], [2, 3]]
2026-03-25 23:50:09,305 - INFO - episode:796 totalReward:-100 Actions:[[3, 4], [2, 0], [1, 2], [6, 1], [8, 1], [5, 0], [4, 5], [0, 3], [9, 4], [7, 2]]
2026-03-25 23:50:09,785 - INFO - episode:797 totalReward:-100 Actions:[[5, 4], [6, 5], [9, 5], [3, 0], [4, 3], [0, 1], [7, 0], [1, 3], [2, 2], [8, 2]]
2026-03-25 23:50:10,068 - INFO - episode:798 totalReward:-100 Actions:[[6, 5], [7, 1], [5, 0], [0, 2], [4, 4], [3, 5], [9, 0], [1, 3], [8, 1], [2, 3]]
2026-03-25 23:50:10,152 - INFO - episode:799 totalReward:0 Actions:[[6, 5], [4, 5], [0, 3], [5, 1], [1, 0], [9, 2], [8, 2], [2, 4], [7, 4]]
