2026-03-25 23:47:46,407 - INFO - episode:0 totalReward:-100 Actions:[[2, 0], [7, 5], [4, 2], [3, 2], [5, 0], [0, 1], [1, 3], [9, 5], [6, 4], [8, 4]]
2026-03-25 23:47:46,428 - INFO - episode:1 totalReward:0 Actions:[[7, 5], [4, 4], [3, 3], [2, 2], [6, 0], [5, 1], [8, 5], [1, 4], [9, 3]]
2026-03-25 23:47:46,452 - INFO - episode:2 totalReward:-100 Actions:[[1, 2], [5, 5], [6, 0], [2, 1], [4, 1], [7, 3], [9, 5], [3, 0], [0, 4], [8, 2]]
2026-03-25 23:47:46,480 - INFO - episode:3 totalReward:-100 Actions:[[7, 5], [0, 3], [5, 0], [1, 5], [4, 1], [8, 4], [3, 2], [6, 0], [2, 2], [9, 1]]
2026-03-25 23:47:46,522 - INFO - episode:4 totalReward:-100 Actions:[[6, 4], [3, 3], [7, 5], [9, 2], [5, 2], [4, 4], [0, 1], [2, 5], [8, 3], [1, 0]]
2026-03-25 23:47:46,527 - INFO - episode:5 totalReward:0 Actions:[[7, 5], [3, 5], [6, 4], [4, 0], [2, 1], [8, 0], [1, 2], [5, 3], [9, 3]]
2026-03-25 23:47:46,590 - INFO - episode:6 totalReward:-100 Actions:[[7, 5], [0, 3], [4, 5], [6, 2], [5, 4], [8, 2], [2, 1], [9, 4], [3, 1], [1, 0]]
2026-03-25 23:47:46,650 - INFO - episode:7 totalReward:-100 Actions:[[7, 5], [6, 0], [8, 4], [4, 2], [5, 0], [3, 4], [2, 5], [1, 1], [9, 1], [0, 3]]
2026-03-25 23:47:46,689 - INFO - episode:8 totalReward:-100 Actions:[[5, 0], [9, 1], [0, 4], [1, 2], [6, 1], [2, 5], [8, 0], [3, 5], [4, 2], [7, 3]]
2026-03-25 23:47:46,726 - INFO - episode:9 totalReward:-100 Actions:[[1, 5], [5, 0], [8, 5], [0, 4], [6, 2], [9, 3], [4, 1], [3, 2], [7, 1], [2, 0]]
2026-03-25 23:47:46,759 - INFO - episode:10 totalReward:0 Actions:[[5, 0], [8, 4], [6, 2]]
2026-03-25 23:47:46,857 - INFO - episode:11 totalReward:-100 Actions:[[5, 0], [8, 4], [6, 2], [7, 2], [9, 0], [2, 1], [1, 5], [4, 4], [0, 3], [3, 1]]
2026-03-25 23:47:46,888 - INFO - episode:12 totalReward:-100 Actions:[[0, 2], [5, 0], [6, 5], [7, 5], [8, 3], [1, 0], [9, 1], [4, 3], [2, 1], [3, 4]]
2026-03-25 23:47:47,008 - INFO - episode:13 totalReward:-100 Actions:[[5, 0], [8, 4], [3, 1], [1, 5], [9, 0], [2, 2], [4, 5], [7, 1], [6, 4], [0, 3]]
2026-03-25 23:47:47,021 - INFO - episode:14 totalReward:0 Actions:[[5, 0], [7, 5], [6, 0], [3, 1], [9, 5], [8, 2], [4, 4], [2, 4], [1, 3]]
2026-03-25 23:47:47,070 - INFO - episode:15 totalReward:-100 Actions:[[3, 4], [5, 0], [7, 4], [2, 5], [1, 5], [0, 2], [4, 0], [6, 1], [8, 3], [9, 3]]
2026-03-25 23:47:47,103 - INFO - episode:16 totalReward:-100 Actions:[[5, 0], [1, 0], [0, 1], [8, 3], [2, 3], [4, 4], [7, 4], [6, 5], [9, 3], [3, 5]]
2026-03-25 23:47:47,164 - INFO - episode:17 totalReward:-100 Actions:[[5, 0], [3, 0], [0, 2], [2, 1], [8, 1], [6, 5], [4, 4], [7, 3], [1, 3], [9, 1]]
2026-03-25 23:47:47,225 - INFO - episode:18 totalReward:-100 Actions:[[3, 0], [5, 0], [8, 4], [1, 3], [6, 3], [0, 5], [4, 1], [9, 4], [2, 1], [7, 2]]
2026-03-25 23:47:47,257 - INFO - episode:19 totalReward:-100 Actions:[[5, 0], [1, 3], [6, 0], [7, 4], [0, 2], [4, 1], [8, 1], [2, 5], [9, 3], [3, 4]]
2026-03-25 23:47:47,313 - INFO - episode:20 totalReward:-100 Actions:[[1, 4], [5, 0], [4, 4]]
2026-03-25 23:47:47,331 - INFO - episode:21 totalReward:0 Actions:[[4, 2], [5, 0], [2, 3], [1, 4], [7, 4], [3, 5], [6, 3], [8, 0], [9, 1]]
2026-03-25 23:47:47,369 - INFO - episode:22 totalReward:0 Actions:[[7, 2], [1, 2], [5, 0], [4, 1], [8, 4], [9, 4], [3, 3], [6, 5], [2, 0]]
2026-03-25 23:47:47,419 - INFO - episode:23 totalReward:-100 Actions:[[9, 4], [3, 1], [5, 5], [8, 4], [0, 2], [2, 0], [6, 3], [4, 3], [1, 0], [7, 1]]
2026-03-25 23:47:47,445 - INFO - episode:24 totalReward:-100 Actions:[[7, 5], [5, 0], [3, 3], [8, 2], [4, 3], [1, 1], [9, 1], [6, 0], [0, 4], [2, 5]]
2026-03-25 23:47:47,487 - INFO - episode:25 totalReward:-100 Actions:[[1, 4], [5, 0], [6, 4], [3, 2], [9, 2], [8, 5], [4, 3], [2, 3], [7, 5], [0, 1]]
2026-03-25 23:47:47,528 - INFO - episode:26 totalReward:-100 Actions:[[5, 0], [1, 4], [2, 2], [9, 4], [4, 1], [7, 0], [6, 1], [3, 2], [8, 3], [0, 5]]
2026-03-25 23:47:47,569 - INFO - episode:27 totalReward:-100 Actions:[[5, 0], [1, 4], [9, 4], [6, 2], [7, 5], [3, 5], [4, 1], [0, 3], [2, 1], [8, 2]]
2026-03-25 23:47:47,608 - INFO - episode:28 totalReward:-100 Actions:[[2, 2], [5, 0], [0, 5], [8, 1], [3, 3], [6, 0], [7, 2], [4, 4], [1, 4], [9, 3]]
2026-03-25 23:47:47,637 - INFO - episode:29 totalReward:-100 Actions:[[5, 4], [0, 1], [9, 0], [4, 4], [1, 2], [6, 5], [2, 2], [8, 5], [3, 3], [7, 0]]
2026-03-25 23:47:47,736 - INFO - episode:30 totalReward:-100 Actions:[[5, 0]]
2026-03-25 23:47:47,771 - INFO - episode:31 totalReward:-100 Actions:[[5, 2], [0, 5], [1, 0], [8, 3], [7, 0], [4, 3], [2, 3], [9, 2], [3, 4], [6, 1]]
2026-03-25 23:47:47,789 - INFO - episode:32 totalReward:0 Actions:[[3, 3], [5, 0], [1, 1], [6, 3], [2, 5], [7, 0], [8, 2], [4, 4], [9, 2]]
2026-03-25 23:47:47,836 - INFO - episode:33 totalReward:-100 Actions:[[0, 5], [2, 4], [5, 0], [9, 0], [4, 3], [6, 3], [1, 1], [8, 1], [3, 2], [7, 2]]
2026-03-25 23:47:47,876 - INFO - episode:34 totalReward:-100 Actions:[[5, 2], [9, 1], [6, 2], [4, 0], [3, 1], [7, 5], [8, 0], [2, 3], [1, 5], [0, 4]]
2026-03-25 23:47:47,908 - INFO - episode:35 totalReward:172.54843166266704 Actions:[[0, 5], [5, 3], [2, 4], [1, 2], [7, 1], [4, 1], [3, 0], [9, 3], [8, 4], [6, 0]]
2026-03-25 23:47:47,924 - INFO - episode:36 totalReward:0 Actions:[[5, 2], [9, 5], [2, 0], [4, 1], [3, 3], [6, 4], [8, 5], [1, 1], [7, 3]]
2026-03-25 23:47:47,950 - INFO - episode:37 totalReward:0 Actions:[[5, 2], [9, 4], [4, 0], [6, 3], [2, 5], [7, 0], [1, 1], [3, 5], [8, 4]]
2026-03-25 23:47:47,970 - INFO - episode:38 totalReward:0 Actions:[[3, 0], [1, 5], [6, 0], [4, 4], [7, 4], [9, 2], [5, 1], [2, 3], [8, 1]]
2026-03-25 23:47:47,995 - INFO - episode:39 totalReward:0 Actions:[[3, 3], [5, 0], [4, 4], [9, 2], [7, 0], [8, 5], [1, 5], [2, 4], [6, 1]]
2026-03-25 23:47:48,032 - INFO - episode:40 totalReward:-100 Actions:[[7, 4], [0, 5]]
2026-03-25 23:47:48,128 - INFO - episode:41 totalReward:103.556035593468 Actions:[[7, 4], [0, 5], [9, 0], [4, 3], [5, 0], [2, 2], [1, 1], [6, 3], [8, 4], [3, 2]]
2026-03-25 23:47:48,171 - INFO - episode:42 totalReward:-100 Actions:[[8, 2], [2, 1], [5, 0], [7, 0], [0, 5], [9, 1], [3, 4], [4, 2], [1, 3], [6, 3]]
2026-03-25 23:47:48,196 - INFO - episode:43 totalReward:0 Actions:[[6, 2], [3, 2], [8, 3], [5, 0], [4, 3], [2, 0], [1, 1], [9, 5], [7, 4]]
2026-03-25 23:47:48,235 - INFO - episode:44 totalReward:-100 Actions:[[5, 0], [7, 4], [4, 4], [1, 0], [0, 1], [9, 3], [8, 3], [2, 2], [6, 5], [3, 2]]
2026-03-25 23:47:48,311 - INFO - episode:45 totalReward:-100 Actions:[[0, 1], [7, 0], [5, 0], [4, 4], [1, 4], [2, 2], [6, 5], [3, 3], [9, 5], [8, 2]]
2026-03-25 23:47:48,386 - INFO - episode:46 totalReward:-100 Actions:[[6, 1], [5, 0], [3, 3], [7, 5], [8, 0], [1, 2], [9, 3], [4, 1], [0, 4], [2, 2]]
2026-03-25 23:47:48,456 - INFO - episode:47 totalReward:-100 Actions:[[4, 1], [9, 3], [5, 0], [3, 3], [7, 5], [0, 2], [8, 0], [1, 5], [6, 1], [2, 4]]
2026-03-25 23:47:48,497 - INFO - episode:48 totalReward:-100 Actions:[[8, 2], [5, 0], [0, 4], [3, 1], [6, 3], [2, 3], [9, 2], [1, 5], [4, 1], [7, 5]]
2026-03-25 23:47:48,516 - INFO - episode:49 totalReward:-100 Actions:[[5, 2], [1, 3], [4, 1], [6, 2], [2, 4], [7, 4], [0, 0], [9, 5], [8, 3], [3, 1]]
2026-03-25 23:47:48,556 - INFO - episode:50 totalReward:-100 Actions:[[1, 5]]
2026-03-25 23:47:48,599 - INFO - episode:51 totalReward:-100 Actions:[[1, 5], [7, 2], [5, 0], [2, 4], [9, 1], [4, 5], [0, 3], [8, 0], [6, 4], [3, 1]]
2026-03-25 23:47:48,645 - INFO - episode:52 totalReward:-100 Actions:[[5, 0], [8, 1], [7, 2], [2, 0], [3, 5], [1, 1], [0, 3], [9, 5], [6, 2], [4, 4]]
2026-03-25 23:47:48,665 - INFO - episode:53 totalReward:-100 Actions:[[2, 2], [3, 3], [5, 0], [0, 1], [9, 2], [1, 4], [6, 0], [8, 5], [4, 2], [7, 4]]
2026-03-25 23:47:48,690 - INFO - episode:54 totalReward:0 Actions:[[7, 0], [5, 0], [9, 2], [4, 3], [3, 1], [2, 5], [6, 2], [8, 3], [1, 4]]
2026-03-25 23:47:48,714 - INFO - episode:55 totalReward:-100 Actions:[[3, 0], [0, 5], [5, 2], [2, 1], [8, 4], [4, 1], [9, 0], [1, 4], [6, 2], [7, 3]]
2026-03-25 23:47:48,748 - INFO - episode:56 totalReward:-100 Actions:[[9, 4], [6, 0], [4, 1], [2, 2], [1, 2], [5, 0], [0, 5], [8, 3], [7, 1], [3, 3]]
2026-03-25 23:47:48,820 - INFO - episode:57 totalReward:-100 Actions:[[0, 5], [9, 0], [7, 0], [3, 2], [8, 3], [2, 1], [6, 3], [1, 4], [4, 4], [5, 1]]
2026-03-25 23:47:48,844 - INFO - episode:58 totalReward:0 Actions:[[3, 3], [5, 0], [1, 1], [7, 4], [8, 5], [2, 2], [9, 5], [4, 5], [6, 3]]
2026-03-25 23:47:48,892 - INFO - episode:59 totalReward:0 Actions:[[2, 3], [6, 5], [5, 0], [9, 0], [8, 4], [1, 5], [3, 3], [7, 1], [4, 2]]
2026-03-25 23:47:48,948 - INFO - episode:60 totalReward:-100 Actions:[[8, 4]]
2026-03-25 23:47:48,987 - INFO - episode:61 totalReward:-100 Actions:[[8, 4], [7, 3], [4, 1], [3, 3], [1, 2], [5, 0], [6, 1], [2, 2], [0, 5], [9, 0]]
2026-03-25 23:47:49,043 - INFO - episode:62 totalReward:-100 Actions:[[4, 3], [3, 0], [0, 5], [6, 2], [5, 3], [9, 0], [1, 2], [8, 1], [7, 4], [2, 1]]
2026-03-25 23:47:49,057 - INFO - episode:63 totalReward:0 Actions:[[7, 4], [5, 5], [6, 5], [9, 3], [8, 1], [4, 4], [2, 1], [1, 0], [3, 2]]
2026-03-25 23:47:49,087 - INFO - episode:64 totalReward:-100 Actions:[[9, 4], [1, 4], [4, 3], [6, 5], [0, 1], [5, 0], [3, 5], [7, 0], [2, 3], [8, 3]]
2026-03-25 23:47:49,188 - INFO - episode:65 totalReward:-100 Actions:[[4, 1], [6, 3], [5, 0], [7, 4], [3, 1], [2, 0], [1, 4], [8, 2], [9, 2], [0, 5]]
2026-03-25 23:47:49,217 - INFO - episode:66 totalReward:-100 Actions:[[7, 1], [5, 0], [0, 3], [9, 1], [3, 4], [2, 4], [1, 2], [4, 0], [8, 5], [6, 5]]
2026-03-25 23:47:49,250 - INFO - episode:67 totalReward:0 Actions:[[2, 2], [4, 1], [6, 0], [5, 4], [9, 3], [7, 2], [1, 0], [8, 5], [3, 1]]
2026-03-25 23:47:49,306 - INFO - episode:68 totalReward:-100 Actions:[[2, 1], [5, 2], [4, 3], [0, 5], [6, 4], [1, 1], [3, 4], [7, 0], [8, 0], [9, 2]]
2026-03-25 23:47:49,389 - INFO - episode:69 totalReward:-100 Actions:[[1, 1], [5, 4], [4, 5], [0, 0], [9, 2], [2, 5], [3, 3], [8, 3], [6, 1], [7, 2]]
2026-03-25 23:47:49,531 - INFO - episode:70 totalReward:-100 Actions:[[6, 3]]
2026-03-25 23:47:49,683 - INFO - episode:71 totalReward:-100 Actions:[[7, 5], [6, 3], [8, 4], [5, 0], [2, 1], [1, 4], [3, 5], [4, 0], [9, 3], [0, 2]]
2026-03-25 23:47:49,704 - INFO - episode:72 totalReward:0 Actions:[[2, 3], [6, 3], [5, 5], [4, 4], [9, 3], [7, 1], [3, 2], [1, 4], [8, 0]]
2026-03-25 23:47:49,733 - INFO - episode:73 totalReward:221.40421931993905 Actions:[[3, 2], [5, 0], [4, 2], [0, 4], [7, 0], [8, 5], [6, 3], [2, 5], [9, 5], [1, 3]]
2026-03-25 23:47:49,776 - INFO - episode:74 totalReward:0 Actions:[[5, 2], [2, 4], [9, 0], [7, 1], [8, 3], [1, 3], [4, 1], [6, 5], [3, 4]]
2026-03-25 23:47:49,828 - INFO - episode:75 totalReward:0 Actions:[[5, 2], [7, 1], [9, 4], [1, 5], [3, 4], [4, 1], [6, 3], [2, 0], [8, 5]]
2026-03-25 23:47:49,880 - INFO - episode:76 totalReward:-100 Actions:[[1, 2], [3, 3], [5, 0], [2, 1], [6, 5], [7, 5], [4, 3], [9, 2], [8, 0], [0, 4]]
2026-03-25 23:47:49,913 - INFO - episode:77 totalReward:-100 Actions:[[1, 1], [9, 3], [6, 2], [5, 0], [4, 2], [7, 4], [8, 0], [2, 1], [3, 3], [0, 5]]
2026-03-25 23:47:49,950 - INFO - episode:78 totalReward:-100 Actions:[[0, 0], [6, 5], [4, 1], [5, 5], [1, 2], [3, 1], [8, 4], [9, 2], [2, 4], [7, 3]]
2026-03-25 23:47:50,004 - INFO - episode:79 totalReward:-100 Actions:[[7, 0], [2, 3], [9, 3], [0, 5], [6, 4], [5, 0], [4, 1], [8, 3], [3, 1], [1, 2]]
2026-03-25 23:47:50,065 - INFO - episode:80 totalReward:-100 Actions:[[8, 4]]
2026-03-25 23:47:50,097 - INFO - episode:81 totalReward:0 Actions:[[8, 2], [1, 5], [5, 0], [4, 1], [6, 2], [9, 4], [7, 0], [3, 3], [2, 1]]
2026-03-25 23:47:50,114 - INFO - episode:82 totalReward:0 Actions:[[4, 0], [1, 5], [5, 0], [6, 4], [3, 1], [7, 2], [2, 3], [9, 4], [8, 3]]
2026-03-25 23:47:50,134 - INFO - episode:83 totalReward:-100 Actions:[[1, 1], [5, 0], [7, 0], [0, 5], [6, 3], [9, 2], [4, 4], [3, 2], [2, 4], [8, 3]]
2026-03-25 23:47:50,173 - INFO - episode:84 totalReward:-100 Actions:[[7, 0], [4, 2], [6, 5], [2, 5], [5, 0], [3, 3], [0, 4], [8, 1], [9, 3], [1, 1]]
2026-03-25 23:47:50,268 - INFO - episode:85 totalReward:-100 Actions:[[7, 0], [1, 5], [5, 2], [0, 3], [9, 5], [2, 0], [4, 1], [6, 4], [3, 4], [8, 1]]
2026-03-25 23:47:50,303 - INFO - episode:86 totalReward:-100 Actions:[[8, 4], [1, 3], [6, 1], [9, 1], [4, 3], [7, 2], [5, 5], [2, 1], [0, 0], [3, 2]]
2026-03-25 23:47:50,373 - INFO - episode:87 totalReward:-100 Actions:[[3, 0], [1, 3], [4, 1], [5, 4], [0, 5], [6, 0], [9, 4], [2, 3], [8, 1], [7, 2]]
2026-03-25 23:47:50,435 - INFO - episode:88 totalReward:-100 Actions:[[0, 2], [4, 1], [6, 0], [8, 0], [3, 5], [2, 5], [9, 4], [5, 4], [1, 1], [7, 3]]
2026-03-25 23:47:50,461 - INFO - episode:89 totalReward:-100 Actions:[[3, 3], [2, 1], [5, 0], [0, 5], [4, 1], [8, 0], [7, 3], [6, 4], [1, 2], [9, 2]]
2026-03-25 23:47:50,488 - INFO - episode:90 totalReward:-100 Actions:[[1, 1]]
2026-03-25 23:47:50,553 - INFO - episode:91 totalReward:-100 Actions:[[2, 2], [1, 1], [7, 5], [3, 0], [5, 1], [8, 4], [6, 0], [4, 5], [9, 4], [0, 3]]
2026-03-25 23:47:50,604 - INFO - episode:92 totalReward:-100 Actions:[[5, 3], [4, 5], [0, 1], [1, 2], [2, 2], [3, 0], [6, 5], [8, 4], [9, 3], [7, 4]]
2026-03-25 23:47:50,623 - INFO - episode:93 totalReward:0 Actions:[[8, 4], [3, 3], [5, 0], [6, 2], [4, 1], [9, 5], [7, 3], [2, 1], [1, 0]]
2026-03-25 23:47:50,654 - INFO - episode:94 totalReward:-100 Actions:[[0, 1], [4, 4], [5, 0], [6, 5], [9, 5], [7, 0], [1, 4], [8, 3], [3, 3], [2, 2]]
2026-03-25 23:47:50,771 - INFO - episode:95 totalReward:-100 Actions:[[7, 0], [6, 4], [8, 1], [4, 0], [1, 3], [2, 3], [5, 1], [9, 4], [3, 5], [0, 2]]
2026-03-25 23:47:50,803 - INFO - episode:96 totalReward:-100 Actions:[[7, 3], [3, 3], [9, 4], [0, 2], [4, 0], [5, 0], [6, 4], [1, 1], [2, 5], [8, 1]]
2026-03-25 23:47:50,851 - INFO - episode:97 totalReward:-100 Actions:[[2, 3], [0, 2], [3, 3], [5, 0], [8, 5], [7, 1], [1, 5], [6, 0], [9, 1], [4, 4]]
2026-03-25 23:47:50,877 - INFO - episode:98 totalReward:0 Actions:[[2, 0], [8, 4], [1, 0], [5, 5], [4, 4], [3, 1], [9, 4], [7, 3], [6, 2]]
2026-03-25 23:47:50,921 - INFO - episode:99 totalReward:-100 Actions:[[8, 4], [9, 2], [1, 4], [4, 2], [5, 5], [7, 1], [3, 3], [2, 3], [6, 1], [0, 0]]
2026-03-25 23:47:50,977 - INFO - episode:100 totalReward:-100 Actions:[[7, 0]]
2026-03-25 23:47:51,024 - INFO - episode:101 totalReward:0 Actions:[[1, 0], [7, 0], [6, 1], [4, 1], [9, 5], [5, 4], [2, 2], [8, 3], [3, 3]]
2026-03-25 23:47:51,112 - INFO - episode:102 totalReward:220.3623527213978 Actions:[[8, 4], [1, 3], [6, 1], [5, 2], [7, 3], [4, 0], [9, 4], [2, 4], [0, 5], [3, 1]]
2026-03-25 23:47:51,144 - INFO - episode:103 totalReward:-100 Actions:[[8, 4], [0, 5], [5, 0], [2, 2], [6, 4], [4, 0], [7, 3], [3, 2], [1, 3], [9, 1]]
2026-03-25 23:47:51,185 - INFO - episode:104 totalReward:-100 Actions:[[6, 3], [3, 4], [5, 5], [0, 1], [9, 0], [2, 4], [4, 3], [1, 2], [7, 2], [8, 0]]
2026-03-25 23:47:51,223 - INFO - episode:105 totalReward:-100 Actions:[[7, 4], [3, 4], [4, 3], [6, 0], [5, 5], [2, 0], [9, 0], [8, 3], [0, 2], [1, 1]]
2026-03-25 23:47:51,253 - INFO - episode:106 totalReward:-100 Actions:[[8, 4], [3, 4], [5, 3], [7, 1], [9, 5], [1, 2], [4, 2], [2, 5], [6, 3], [0, 0]]
2026-03-25 23:47:51,320 - INFO - episode:107 totalReward:-100 Actions:[[3, 4], [9, 4], [6, 5], [0, 2], [4, 5], [8, 0], [5, 0], [1, 1], [2, 3], [7, 1]]
2026-03-25 23:47:51,369 - INFO - episode:108 totalReward:-100 Actions:[[6, 3], [9, 1], [0, 4], [1, 1], [5, 3], [4, 2], [2, 5], [3, 5], [7, 2], [8, 0]]
2026-03-25 23:47:51,406 - INFO - episode:109 totalReward:-100 Actions:[[1, 1], [2, 5], [6, 3], [3, 0], [9, 1], [0, 2], [5, 0], [7, 4], [4, 5], [8, 4]]
2026-03-25 23:47:51,447 - INFO - episode:110 totalReward:-100 Actions:[[8, 1], [1, 4]]
2026-03-25 23:47:51,518 - INFO - episode:111 totalReward:-100 Actions:[[7, 0], [6, 0], [3, 1], [4, 1], [1, 5], [0, 2], [8, 5], [9, 3], [2, 3], [5, 4]]
2026-03-25 23:47:51,536 - INFO - episode:112 totalReward:0 Actions:[[6, 5], [3, 3], [4, 3], [1, 4], [5, 0], [8, 5], [2, 2], [7, 1], [9, 1]]
2026-03-25 23:47:51,574 - INFO - episode:113 totalReward:-100 Actions:[[0, 4], [9, 1], [8, 2], [1, 2], [5, 0], [4, 5], [7, 1], [3, 0], [2, 5], [6, 3]]
2026-03-25 23:47:51,595 - INFO - episode:114 totalReward:0 Actions:[[3, 1], [9, 3], [6, 2], [1, 2], [5, 0], [7, 5], [2, 0], [4, 1], [8, 4]]
2026-03-25 23:47:51,619 - INFO - episode:115 totalReward:-100 Actions:[[8, 4], [2, 5], [9, 3], [1, 3], [6, 2], [5, 2], [7, 5], [3, 1], [4, 4], [0, 0]]
2026-03-25 23:47:51,655 - INFO - episode:116 totalReward:-100 Actions:[[1, 3], [4, 3], [8, 2], [5, 0], [3, 5], [7, 5], [9, 2], [2, 0], [6, 1], [0, 4]]
2026-03-25 23:47:51,683 - INFO - episode:117 totalReward:-100 Actions:[[6, 5], [0, 1], [3, 4], [4, 4], [7, 0], [5, 0], [2, 2], [8, 2], [1, 5], [9, 2]]
2026-03-25 23:47:51,718 - INFO - episode:118 totalReward:-100 Actions:[[6, 5], [8, 3], [3, 2], [5, 0], [0, 1], [9, 2], [4, 4], [2, 5], [7, 0], [1, 4]]
2026-03-25 23:47:51,739 - INFO - episode:119 totalReward:-100 Actions:[[0, 1], [4, 0], [7, 2], [5, 0], [9, 4], [3, 2], [2, 3], [1, 4], [6, 3], [8, 5]]
2026-03-25 23:47:51,843 - INFO - episode:120 totalReward:-100 Actions:[[7, 0]]
2026-03-25 23:47:51,907 - INFO - episode:121 totalReward:172.4629709712045 Actions:[[5, 5], [7, 0], [9, 4], [6, 1], [0, 3], [2, 2], [4, 4], [3, 0], [1, 1], [8, 2]]
2026-03-25 23:47:51,946 - INFO - episode:122 totalReward:-100 Actions:[[9, 3], [4, 3], [3, 4], [5, 5], [8, 2], [6, 0], [1, 2], [2, 0], [0, 1], [7, 4]]
2026-03-25 23:47:51,990 - INFO - episode:123 totalReward:-100 Actions:[[3, 0], [6, 0], [1, 2], [5, 1], [9, 3], [4, 4], [8, 3], [2, 4], [0, 5], [7, 1]]
2026-03-25 23:47:52,041 - INFO - episode:124 totalReward:0 Actions:[[6, 0], [4, 1], [5, 3], [7, 1], [8, 5], [3, 5], [2, 4], [9, 2], [1, 0]]
2026-03-25 23:47:52,074 - INFO - episode:125 totalReward:-100 Actions:[[6, 0], [3, 0], [7, 1], [2, 1], [8, 4], [4, 4], [9, 4], [0, 2], [1, 3], [5, 5]]
2026-03-25 23:47:52,107 - INFO - episode:126 totalReward:-100 Actions:[[6, 0], [1, 5], [9, 3], [8, 4], [4, 4], [5, 2], [3, 3], [2, 0], [7, 5], [0, 1]]
2026-03-25 23:47:52,142 - INFO - episode:127 totalReward:-100 Actions:[[1, 1], [4, 5], [5, 0], [2, 5], [3, 4], [9, 5], [8, 1], [0, 2], [6, 3], [7, 3]]
2026-03-25 23:47:52,173 - INFO - episode:128 totalReward:-100 Actions:[[3, 4], [9, 5], [8, 5], [2, 1], [7, 0], [5, 0], [6, 4], [4, 1], [1, 3], [0, 2]]
2026-03-25 23:47:52,228 - INFO - episode:129 totalReward:-100 Actions:[[7, 0], [4, 3], [6, 1], [1, 5], [2, 1], [5, 0], [8, 2], [9, 2], [0, 4], [3, 3]]
2026-03-25 23:47:52,254 - INFO - episode:130 totalReward:0 Actions:[[7, 0]]
2026-03-25 23:47:52,397 - INFO - episode:131 totalReward:-100 Actions:[[7, 0], [0, 3], [1, 0], [9, 1], [5, 2], [6, 5], [8, 4], [2, 4], [4, 1], [3, 5]]
2026-03-25 23:47:52,438 - INFO - episode:132 totalReward:0 Actions:[[7, 0], [4, 1], [6, 4], [1, 5], [9, 3], [2, 4], [5, 3], [8, 2], [3, 0]]
2026-03-25 23:47:52,510 - INFO - episode:133 totalReward:-100 Actions:[[7, 0], [8, 0], [1, 4], [4, 2], [5, 3], [3, 5], [9, 3], [6, 2], [2, 4], [0, 1]]
2026-03-25 23:47:52,536 - INFO - episode:134 totalReward:-100 Actions:[[1, 0], [7, 0], [2, 3], [0, 2], [6, 5], [5, 5], [9, 4], [3, 3], [8, 4], [4, 1]]
2026-03-25 23:47:52,638 - INFO - episode:135 totalReward:-100 Actions:[[9, 1], [4, 5], [8, 4], [3, 0], [2, 4], [7, 5], [6, 1], [5, 0], [1, 2], [0, 3]]
2026-03-25 23:47:52,714 - INFO - episode:136 totalReward:-100 Actions:[[8, 4], [7, 5], [3, 3], [4, 4], [2, 4], [1, 0], [5, 0], [6, 1], [0, 2], [9, 1]]
2026-03-25 23:47:52,738 - INFO - episode:137 totalReward:0 Actions:[[4, 5], [5, 1], [8, 1], [6, 3], [9, 3], [2, 2], [3, 0], [1, 4], [7, 4]]
2026-03-25 23:47:52,869 - INFO - episode:138 totalReward:-100 Actions:[[5, 3], [0, 0], [1, 5], [9, 4], [3, 4], [8, 1], [6, 5], [2, 2], [4, 2], [7, 1]]
2026-03-25 23:47:52,992 - INFO - episode:139 totalReward:-100 Actions:[[0, 0], [8, 1], [9, 4], [7, 4], [4, 2], [2, 5], [5, 1], [3, 3], [1, 5], [6, 2]]
2026-03-25 23:47:53,249 - INFO - episode:140 totalReward:170.67405548861845 Actions:[[1, 0], [8, 1]]
2026-03-25 23:47:53,281 - INFO - episode:141 totalReward:-100 Actions:[[1, 0], [4, 3], [7, 2], [5, 5], [9, 4], [0, 1], [6, 4], [2, 4], [8, 3], [3, 2]]
2026-03-25 23:47:53,303 - INFO - episode:142 totalReward:-100 Actions:[[1, 4], [3, 1], [6, 1], [8, 2], [5, 0], [7, 5], [2, 0], [0, 3], [4, 2], [9, 4]]
2026-03-25 23:47:53,356 - INFO - episode:143 totalReward:-100 Actions:[[9, 0], [1, 1], [5, 1], [2, 3], [8, 2], [4, 0], [6, 5], [3, 3], [7, 2], [0, 4]]
2026-03-25 23:47:53,612 - INFO - episode:144 totalReward:-100 Actions:[[6, 5], [2, 3], [4, 2], [9, 1], [7, 5], [1, 2], [5, 0], [8, 0], [3, 1], [0, 4]]
2026-03-25 23:47:53,693 - INFO - episode:145 totalReward:-100 Actions:[[3, 4], [5, 3], [6, 4], [4, 3], [1, 2], [9, 0], [8, 5], [0, 1], [7, 5], [2, 0]]
2026-03-25 23:47:53,747 - INFO - episode:146 totalReward:-100 Actions:[[3, 4], [9, 0], [2, 0], [1, 1], [4, 2], [6, 2], [8, 0], [7, 4], [0, 3], [5, 1]]
2026-03-25 23:47:53,768 - INFO - episode:147 totalReward:0 Actions:[[2, 5], [1, 2], [9, 2], [6, 4], [3, 3], [4, 1], [5, 0], [8, 0], [7, 3]]
2026-03-25 23:47:53,802 - INFO - episode:148 totalReward:0 Actions:[[4, 1], [1, 0], [2, 4], [6, 1], [3, 5], [9, 3], [5, 0], [8, 2], [7, 5]]
2026-03-25 23:47:53,996 - INFO - episode:149 totalReward:-100 Actions:[[5, 1], [9, 3], [1, 5], [7, 1], [2, 2], [6, 4], [4, 4], [8, 3], [0, 0], [3, 2]]
2026-03-25 23:47:54,025 - INFO - episode:150 totalReward:-100 Actions:[[6, 5]]
2026-03-25 23:47:54,101 - INFO - episode:151 totalReward:-100 Actions:[[6, 5], [7, 3], [0, 1], [5, 2], [4, 4], [2, 5], [1, 3], [8, 4], [9, 5], [3, 0]]
2026-03-25 23:47:54,151 - INFO - episode:152 totalReward:-100 Actions:[[4, 5], [9, 5], [6, 3], [7, 0], [2, 3], [3, 4], [8, 5], [0, 2], [5, 0], [1, 1]]
2026-03-25 23:47:54,203 - INFO - episode:153 totalReward:-100 Actions:[[7, 0], [2, 3], [6, 0], [1, 3], [4, 1], [9, 5], [5, 2], [8, 1], [3, 5], [0, 4]]
2026-03-25 23:47:54,353 - INFO - episode:154 totalReward:-100 Actions:[[1, 3], [3, 4], [0, 5], [5, 2], [6, 4], [9, 0], [2, 3], [4, 0], [8, 1], [7, 1]]
2026-03-25 23:47:54,464 - INFO - episode:155 totalReward:-100 Actions:[[1, 1], [7, 4], [8, 4], [5, 5], [4, 5], [6, 1], [2, 2], [3, 3], [9, 2], [0, 0]]
2026-03-25 23:47:54,509 - INFO - episode:156 totalReward:-100 Actions:[[8, 0], [1, 0], [9, 3], [2, 3], [4, 4], [6, 2], [3, 5], [7, 5], [0, 1], [5, 4]]
2026-03-25 23:47:54,661 - INFO - episode:157 totalReward:-100 Actions:[[1, 0], [4, 4], [5, 4], [0, 1], [6, 2], [3, 5], [2, 5], [8, 0], [7, 2], [9, 3]]
2026-03-25 23:47:54,680 - INFO - episode:158 totalReward:0 Actions:[[4, 5], [3, 3], [2, 2], [7, 2], [6, 4], [8, 5], [5, 0], [1, 4], [9, 1]]
2026-03-25 23:47:54,719 - INFO - episode:159 totalReward:-100 Actions:[[4, 5], [2, 0], [7, 0], [8, 5], [6, 3], [5, 3], [1, 4], [0, 2], [9, 5], [3, 1]]
2026-03-25 23:47:54,760 - INFO - episode:160 totalReward:-100 Actions:[[4, 5]]
2026-03-25 23:47:54,778 - INFO - episode:161 totalReward:0 Actions:[[4, 5], [3, 3], [1, 2], [5, 0], [6, 4], [8, 0], [7, 1], [9, 2], [2, 1]]
2026-03-25 23:47:54,849 - INFO - episode:162 totalReward:-100 Actions:[[4, 5], [7, 0], [6, 1], [5, 0], [2, 3], [1, 3], [0, 4], [3, 5], [8, 2], [9, 2]]
2026-03-25 23:47:54,894 - INFO - episode:163 totalReward:-100 Actions:[[7, 0], [4, 5], [8, 0], [9, 4], [3, 3], [0, 1], [1, 5], [2, 2], [6, 3], [5, 4]]
2026-03-25 23:47:54,959 - INFO - episode:164 totalReward:-100 Actions:[[2, 3], [8, 1], [4, 0], [3, 2], [5, 0], [6, 2], [9, 1], [0, 4], [7, 3], [1, 5]]
2026-03-25 23:47:54,991 - INFO - episode:165 totalReward:0 Actions:[[1, 5], [8, 1], [4, 0], [7, 0], [3, 3], [6, 4], [2, 5], [5, 2], [9, 4]]
2026-03-25 23:47:55,030 - INFO - episode:166 totalReward:-100 Actions:[[6, 2], [1, 1], [7, 0], [5, 0], [4, 5], [8, 4], [2, 1], [3, 5], [9, 2], [0, 3]]
2026-03-25 23:47:55,076 - INFO - episode:167 totalReward:-100 Actions:[[3, 4], [8, 4], [1, 2], [7, 2], [6, 5], [9, 5], [5, 1], [0, 0], [4, 3], [2, 1]]
2026-03-25 23:47:55,118 - INFO - episode:168 totalReward:-100 Actions:[[1, 0], [4, 5], [3, 3], [8, 0], [6, 2], [0, 4], [5, 2], [9, 3], [7, 5], [2, 1]]
2026-03-25 23:47:55,177 - INFO - episode:169 totalReward:-100 Actions:[[9, 4], [1, 0], [8, 3], [4, 3], [2, 2], [3, 1], [5, 0], [7, 4], [6, 1], [0, 5]]
2026-03-25 23:47:55,256 - INFO - episode:170 totalReward:-100 Actions:[[7, 0], [9, 5]]
2026-03-25 23:47:55,291 - INFO - episode:171 totalReward:-100 Actions:[[7, 0], [9, 5], [3, 1], [5, 0], [6, 5], [1, 4], [8, 3], [2, 4], [4, 1], [0, 2]]
2026-03-25 23:47:55,317 - INFO - episode:172 totalReward:0 Actions:[[1, 0], [7, 0], [9, 5], [5, 4], [6, 1], [2, 3], [4, 2], [8, 3], [3, 1]]
2026-03-25 23:47:55,394 - INFO - episode:173 totalReward:-100 Actions:[[4, 5], [7, 2], [6, 1], [1, 4], [5, 0], [2, 4], [3, 1], [9, 5], [8, 2], [0, 3]]
2026-03-25 23:47:55,454 - INFO - episode:174 totalReward:-100 Actions:[[1, 0], [9, 1], [7, 0], [3, 1], [4, 2], [0, 3], [6, 4], [2, 4], [8, 5], [5, 2]]
2026-03-25 23:47:55,489 - INFO - episode:175 totalReward:-100 Actions:[[8, 4], [2, 3], [4, 5], [9, 1], [6, 4], [1, 0], [5, 1], [0, 2], [3, 3], [7, 0]]
2026-03-25 23:47:55,562 - INFO - episode:176 totalReward:-100 Actions:[[2, 3], [1, 0], [4, 2], [0, 5], [9, 2], [8, 3], [5, 0], [6, 4], [3, 4], [7, 1]]
2026-03-25 23:47:55,609 - INFO - episode:177 totalReward:-100 Actions:[[9, 0], [1, 1], [4, 4], [8, 1], [0, 2], [5, 0], [6, 4], [2, 3], [7, 5], [3, 5]]
2026-03-25 23:47:55,657 - INFO - episode:178 totalReward:0 Actions:[[8, 4], [9, 1], [1, 3], [2, 1], [7, 5], [5, 0], [6, 0], [4, 1], [3, 2]]
2026-03-25 23:47:55,777 - INFO - episode:179 totalReward:-100 Actions:[[9, 1], [7, 4], [6, 1], [1, 4], [3, 2], [8, 3], [5, 0], [4, 0], [2, 2], [0, 5]]
2026-03-25 23:47:55,791 - INFO - episode:180 totalReward:0 Actions:[[8, 1], [1, 4], [3, 2], [5, 0]]
2026-03-25 23:47:55,857 - INFO - episode:181 totalReward:-100 Actions:[[8, 1], [7, 1], [4, 0], [2, 3], [1, 2], [5, 0], [3, 3], [9, 2], [0, 5], [6, 4]]
2026-03-25 23:47:55,911 - INFO - episode:182 totalReward:-100 Actions:[[7, 2], [8, 1], [1, 2], [5, 0], [2, 4], [0, 5], [6, 0], [9, 3], [3, 3], [4, 4]]
2026-03-25 23:47:55,963 - INFO - episode:183 totalReward:-100 Actions:[[3, 1], [4, 5], [1, 0], [0, 3], [9, 5], [6, 0], [2, 5], [5, 1], [7, 2], [8, 4]]
2026-03-25 23:47:56,007 - INFO - episode:184 totalReward:113.67655581256847 Actions:[[2, 2], [7, 0], [8, 0], [9, 5], [0, 1], [1, 4], [3, 2], [4, 5], [6, 3], [5, 3]]
2026-03-25 23:47:56,043 - INFO - episode:185 totalReward:0 Actions:[[1, 0], [7, 0], [6, 3], [9, 5], [2, 4], [8, 4], [3, 2], [4, 5], [5, 1]]
2026-03-25 23:47:56,072 - INFO - episode:186 totalReward:0 Actions:[[1, 0], [3, 5], [4, 0], [8, 2], [7, 4], [2, 5], [6, 1], [9, 4], [5, 3]]
2026-03-25 23:47:56,089 - INFO - episode:187 totalReward:0 Actions:[[8, 4], [1, 0], [9, 5], [6, 1], [4, 0], [7, 1], [3, 5], [2, 3], [0, 2]]
2026-03-25 23:47:56,135 - INFO - episode:188 totalReward:-100 Actions:[[1, 0], [6, 1], [9, 5], [0, 2], [5, 0], [4, 1], [8, 5], [2, 4], [3, 3], [7, 4]]
2026-03-25 23:47:56,161 - INFO - episode:189 totalReward:-100 Actions:[[0, 1], [6, 3], [4, 2], [2, 5], [3, 5], [9, 0], [5, 0], [8, 4], [1, 3], [7, 2]]
2026-03-25 23:47:56,183 - INFO - episode:190 totalReward:0 Actions:[[1, 0], [9, 4]]
2026-03-25 23:47:56,227 - INFO - episode:191 totalReward:-100 Actions:[[1, 0], [9, 4], [8, 5], [4, 2], [0, 1], [5, 0], [3, 4], [6, 2], [2, 3], [7, 3]]
2026-03-25 23:47:56,335 - INFO - episode:192 totalReward:-100 Actions:[[1, 0], [9, 5], [5, 1], [3, 4], [2, 3], [8, 1], [4, 4], [7, 5], [0, 2], [6, 0]]
2026-03-25 23:47:56,385 - INFO - episode:193 totalReward:-100 Actions:[[1, 0], [6, 3], [7, 0], [2, 1], [0, 4], [3, 3], [9, 1], [8, 5], [4, 5], [5, 2]]
2026-03-25 23:47:56,420 - INFO - episode:194 totalReward:0 Actions:[[1, 0], [9, 4], [6, 1], [3, 5], [8, 3], [5, 0], [4, 1], [7, 2], [2, 4]]
2026-03-25 23:47:56,445 - INFO - episode:195 totalReward:-100 Actions:[[1, 0], [8, 1], [9, 5], [2, 0], [3, 1], [0, 4], [4, 2], [5, 5], [7, 3], [6, 3]]
2026-03-25 23:47:56,478 - INFO - episode:196 totalReward:-100 Actions:[[1, 0], [8, 1], [4, 0], [5, 1], [9, 3], [0, 2], [3, 3], [2, 4], [7, 5], [6, 5]]
2026-03-25 23:47:56,522 - INFO - episode:197 totalReward:-100 Actions:[[1, 0], [7, 0], [5, 3], [4, 1], [0, 4], [8, 5], [3, 2], [9, 3], [2, 2], [6, 5]]
2026-03-25 23:47:56,549 - INFO - episode:198 totalReward:0 Actions:[[9, 0], [1, 0], [3, 4], [2, 4], [6, 2], [7, 5], [4, 3], [5, 1], [8, 1]]
2026-03-25 23:47:56,570 - INFO - episode:199 totalReward:0 Actions:[[9, 3], [3, 4], [7, 2], [4, 2], [8, 5], [5, 0], [2, 5], [1, 1], [6, 3]]
2026-03-25 23:47:56,622 - INFO - episode:200 totalReward:-100 Actions:[[1, 0], [5, 1], [4, 0]]
2026-03-25 23:47:56,649 - INFO - episode:201 totalReward:0 Actions:[[1, 0], [5, 1], [4, 0], [3, 2], [6, 3], [8, 4], [9, 5], [7, 2], [2, 4]]
2026-03-25 23:47:56,718 - INFO - episode:202 totalReward:-100 Actions:[[1, 0], [9, 1], [5, 5], [2, 1], [3, 2], [4, 0], [8, 1], [0, 3], [6, 4], [7, 2]]
2026-03-25 23:47:56,739 - INFO - episode:203 totalReward:-100 Actions:[[2, 5], [7, 2], [1, 1], [4, 2], [5, 0], [8, 0], [6, 5], [9, 4], [0, 3], [3, 4]]
2026-03-25 23:47:56,778 - INFO - episode:204 totalReward:-100 Actions:[[1, 0], [3, 5], [4, 5], [9, 4], [7, 1], [5, 0], [2, 4], [6, 4], [0, 3], [8, 2]]
2026-03-25 23:47:56,880 - INFO - episode:205 totalReward:174.46724487122484 Actions:[[9, 1], [1, 4], [7, 1], [5, 0], [3, 5], [6, 5], [4, 4], [2, 2], [8, 2], [0, 3]]
2026-03-25 23:47:56,953 - INFO - episode:206 totalReward:-100 Actions:[[2, 5], [5, 3], [4, 3], [0, 1], [7, 2], [9, 5], [8, 0], [3, 0], [6, 4], [1, 2]]
2026-03-25 23:47:57,005 - INFO - episode:207 totalReward:113.94930743260737 Actions:[[4, 5], [2, 0], [3, 1], [5, 0], [6, 1], [7, 3], [1, 4], [0, 2], [9, 4], [8, 3]]
2026-03-25 23:47:57,110 - INFO - episode:208 totalReward:-100 Actions:[[4, 5], [8, 2], [1, 5], [0, 4], [5, 0], [7, 2], [6, 0], [9, 3], [3, 3], [2, 1]]
2026-03-25 23:47:57,210 - INFO - episode:209 totalReward:-100 Actions:[[8, 1], [9, 3], [6, 2], [3, 0], [7, 4], [5, 0], [1, 2], [4, 4], [2, 3], [0, 5]]
2026-03-25 23:47:57,295 - INFO - episode:210 totalReward:-100 Actions:[[1, 0], [7, 0]]
2026-03-25 23:47:57,312 - INFO - episode:211 totalReward:-100 Actions:[[0, 2], [5, 0], [3, 0], [2, 4], [1, 4], [6, 3], [9, 5], [8, 3], [7, 5], [4, 1]]
2026-03-25 23:47:57,355 - INFO - episode:212 totalReward:0 Actions:[[1, 0], [6, 1], [4, 3], [9, 5], [8, 1], [5, 0], [2, 4], [7, 3], [3, 2]]
2026-03-25 23:47:57,441 - INFO - episode:213 totalReward:-100 Actions:[[2, 0], [9, 4], [5, 0], [6, 1], [3, 5], [7, 5], [1, 4], [4, 3], [8, 3], [0, 2]]
2026-03-25 23:47:57,472 - INFO - episode:214 totalReward:-100 Actions:[[7, 4], [1, 0], [8, 4], [2, 5], [4, 5], [9, 5], [3, 2], [0, 1], [5, 3], [6, 2]]
2026-03-25 23:47:57,504 - INFO - episode:215 totalReward:0 Actions:[[8, 2], [3, 4], [4, 3], [6, 3], [7, 5], [2, 1], [5, 0], [9, 4], [1, 0]]
2026-03-25 23:47:57,678 - INFO - episode:216 totalReward:-100 Actions:[[8, 0], [9, 2], [6, 2], [3, 1], [1, 5], [5, 0], [2, 3], [7, 5], [4, 1], [0, 4]]
2026-03-25 23:47:57,800 - INFO - episode:217 totalReward:-100 Actions:[[1, 0], [6, 1], [4, 2], [2, 2], [5, 3], [9, 2], [3, 1], [0, 4], [7, 0], [8, 5]]
2026-03-25 23:47:57,891 - INFO - episode:218 totalReward:-100 Actions:[[0, 1], [4, 2], [8, 4], [3, 2], [9, 3], [2, 3], [7, 4], [5, 0], [6, 0], [1, 5]]
2026-03-25 23:47:57,911 - INFO - episode:219 totalReward:-100 Actions:[[0, 1], [5, 3], [4, 0], [6, 4], [7, 0], [8, 2], [3, 5], [9, 2], [2, 2], [1, 4]]
2026-03-25 23:47:57,943 - INFO - episode:220 totalReward:0 Actions:[[6, 3]]
2026-03-25 23:47:57,993 - INFO - episode:221 totalReward:-100 Actions:[[2, 4], [6, 3], [5, 2], [4, 5], [3, 3], [8, 1], [1, 5], [7, 4], [0, 0], [9, 2]]
2026-03-25 23:47:58,031 - INFO - episode:222 totalReward:-100 Actions:[[6, 3], [3, 4], [7, 5], [8, 1], [9, 3], [2, 4], [0, 2], [5, 0], [4, 5], [1, 0]]
2026-03-25 23:47:58,049 - INFO - episode:223 totalReward:0 Actions:[[1, 0], [7, 0], [6, 2], [5, 3], [4, 1], [9, 4], [3, 5], [8, 2], [2, 4]]
2026-03-25 23:47:58,075 - INFO - episode:224 totalReward:-100 Actions:[[0, 3], [1, 0], [8, 5], [2, 0], [7, 1], [6, 5], [3, 1], [9, 2], [5, 4], [4, 2]]
2026-03-25 23:47:58,154 - INFO - episode:225 totalReward:-100 Actions:[[2, 1], [1, 4], [9, 1], [4, 3], [6, 4], [0, 0], [3, 5], [8, 3], [7, 5], [5, 2]]
2026-03-25 23:47:58,426 - INFO - episode:226 totalReward:-100 Actions:[[6, 1], [7, 4], [5, 0], [9, 5], [3, 2], [4, 2], [2, 1], [8, 0], [1, 5], [0, 3]]
2026-03-25 23:47:58,445 - INFO - episode:227 totalReward:0 Actions:[[3, 0], [2, 5], [6, 1], [4, 1], [5, 0], [7, 4], [8, 3], [9, 3], [1, 2]]
2026-03-25 23:47:58,486 - INFO - episode:228 totalReward:-100 Actions:[[2, 1], [1, 1], [5, 0], [3, 0], [0, 3], [6, 5], [7, 5], [9, 4], [8, 4], [4, 2]]
2026-03-25 23:47:58,524 - INFO - episode:229 totalReward:-100 Actions:[[1, 5], [7, 2], [9, 2], [4, 3], [5, 0], [2, 3], [8, 1], [0, 4], [3, 1], [6, 0]]
2026-03-25 23:47:58,556 - INFO - episode:230 totalReward:-100 Actions:[[3, 4]]
2026-03-25 23:47:58,587 - INFO - episode:231 totalReward:0 Actions:[[8, 3], [3, 4], [4, 2], [0, 0], [2, 2], [6, 5], [9, 5], [1, 1], [7, 1]]
2026-03-25 23:47:58,612 - INFO - episode:232 totalReward:-100 Actions:[[5, 1], [3, 2], [2, 4], [1, 3], [8, 2], [0, 5], [9, 0], [4, 3], [6, 0], [7, 4]]
2026-03-25 23:47:58,672 - INFO - episode:233 totalReward:0 Actions:[[8, 1], [4, 5], [1, 3], [2, 2], [5, 0], [6, 4], [3, 4], [7, 3], [9, 5]]
2026-03-25 23:47:58,938 - INFO - episode:234 totalReward:172.83933210663375 Actions:[[0, 0], [8, 1], [9, 4], [7, 4], [5, 3], [4, 3], [3, 5], [2, 1], [6, 5], [1, 2]]
2026-03-25 23:47:58,983 - INFO - episode:235 totalReward:-100 Actions:[[1, 0], [9, 5], [0, 3], [3, 4], [7, 1], [8, 4], [6, 1], [4, 2], [5, 2], [2, 0]]
2026-03-25 23:47:59,022 - INFO - episode:236 totalReward:-100 Actions:[[1, 0], [7, 1], [4, 3], [5, 1], [6, 2], [9, 2], [8, 5], [3, 5], [2, 3], [0, 4]]
2026-03-25 23:47:59,070 - INFO - episode:237 totalReward:-100 Actions:[[1, 0], [5, 2], [7, 0], [6, 1], [9, 5], [3, 1], [4, 2], [8, 3], [2, 3], [0, 4]]
2026-03-25 23:47:59,246 - INFO - episode:238 totalReward:-100 Actions:[[8, 4], [5, 5], [0, 1], [6, 2], [2, 4], [4, 5], [7, 2], [1, 3], [9, 4], [3, 0]]
2026-03-25 23:47:59,329 - INFO - episode:239 totalReward:-100 Actions:[[5, 1], [7, 5], [2, 4], [1, 4], [9, 0], [8, 1], [4, 5], [3, 0], [0, 2], [6, 3]]
2026-03-25 23:47:59,513 - INFO - episode:240 totalReward:-100 Actions:[[1, 0]]
2026-03-25 23:47:59,549 - INFO - episode:241 totalReward:-100 Actions:[[1, 0], [7, 4], [9, 1], [4, 4], [0, 2], [5, 3], [2, 5], [8, 1], [6, 3], [3, 5]]
2026-03-25 23:47:59,605 - INFO - episode:242 totalReward:-100 Actions:[[8, 4], [9, 2], [4, 1], [3, 2], [2, 1], [1, 3], [0, 5], [5, 0], [6, 4], [7, 3]]
2026-03-25 23:47:59,639 - INFO - episode:243 totalReward:-100 Actions:[[8, 4], [6, 2], [3, 0], [9, 5], [2, 2], [5, 0], [4, 1], [0, 3], [1, 4], [7, 5]]
2026-03-25 23:47:59,678 - INFO - episode:244 totalReward:-100 Actions:[[3, 0], [6, 1], [4, 5], [1, 3], [5, 0], [0, 2], [7, 4], [9, 1], [2, 5], [8, 4]]
2026-03-25 23:47:59,726 - INFO - episode:245 totalReward:-100 Actions:[[8, 4], [9, 3], [1, 4], [2, 5], [0, 2], [5, 3], [7, 5], [3, 0], [4, 1], [6, 1]]
2026-03-25 23:47:59,758 - INFO - episode:246 totalReward:-100 Actions:[[8, 4], [2, 5], [3, 5], [9, 3], [6, 4], [1, 1], [0, 2], [5, 1], [7, 0], [4, 3]]
2026-03-25 23:47:59,791 - INFO - episode:247 totalReward:0 Actions:[[2, 1], [4, 4], [3, 2], [9, 4], [6, 5], [7, 3], [8, 2], [5, 0], [1, 5]]
2026-03-25 23:47:59,834 - INFO - episode:248 totalReward:-100 Actions:[[8, 4], [1, 5], [9, 5], [3, 1], [5, 2], [7, 4], [6, 3], [2, 3], [4, 1], [0, 0]]
2026-03-25 23:47:59,902 - INFO - episode:249 totalReward:-100 Actions:[[6, 1], [7, 4], [0, 5], [1, 2], [8, 0], [9, 0], [3, 1], [4, 2], [2, 4], [5, 3]]
2026-03-25 23:47:59,946 - INFO - episode:250 totalReward:-100 Actions:[[9, 1]]
2026-03-25 23:47:59,976 - INFO - episode:251 totalReward:-100 Actions:[[9, 1], [8, 5], [4, 4], [7, 2], [1, 0], [5, 4], [2, 5], [3, 2], [6, 0], [0, 3]]
2026-03-25 23:48:00,010 - INFO - episode:252 totalReward:-100 Actions:[[1, 0], [5, 1], [6, 0], [8, 1], [9, 5], [3, 4], [2, 5], [0, 2], [7, 4], [4, 5]]
2026-03-25 23:48:00,039 - INFO - episode:253 totalReward:0 Actions:[[8, 4], [9, 5], [3, 5], [4, 2], [1, 2], [2, 3], [7, 1], [6, 1], [5, 0]]
2026-03-25 23:48:00,092 - INFO - episode:254 totalReward:-100 Actions:[[4, 0], [8, 4], [5, 0], [6, 5], [3, 1], [2, 4], [9, 1], [1, 3], [7, 5], [0, 2]]
2026-03-25 23:48:00,114 - INFO - episode:255 totalReward:-100 Actions:[[1, 5], [8, 4], [2, 5], [4, 2], [0, 3], [7, 1], [3, 0], [6, 2], [5, 0], [9, 4]]
2026-03-25 23:48:00,143 - INFO - episode:256 totalReward:0 Actions:[[3, 1], [2, 5], [4, 4], [8, 0], [5, 0], [7, 1], [1, 2], [6, 3], [9, 2]]
2026-03-25 23:48:00,216 - INFO - episode:257 totalReward:-100 Actions:[[0, 1], [3, 2], [5, 0], [7, 4], [2, 5], [8, 5], [4, 2], [6, 4], [1, 0], [9, 3]]
2026-03-25 23:48:00,245 - INFO - episode:258 totalReward:-100 Actions:[[8, 3], [3, 4], [0, 5], [4, 4], [2, 2], [1, 1], [7, 2], [5, 1], [9, 3], [6, 0]]
2026-03-25 23:48:00,296 - INFO - episode:259 totalReward:-100 Actions:[[1, 0], [4, 5], [9, 4], [6, 1], [0, 2], [8, 5], [3, 4], [7, 0], [5, 1], [2, 3]]
2026-03-25 23:48:00,387 - INFO - episode:260 totalReward:-100 Actions:[[1, 0]]
2026-03-25 23:48:00,457 - INFO - episode:261 totalReward:-100 Actions:[[1, 0], [4, 2], [3, 3], [0, 4], [7, 5], [5, 1], [6, 0], [9, 1], [2, 3], [8, 5]]
2026-03-25 23:48:00,590 - INFO - episode:262 totalReward:-100 Actions:[[1, 0], [4, 5], [9, 1], [8, 0], [0, 3], [7, 1], [2, 5], [6, 4], [3, 4], [5, 2]]
2026-03-25 23:48:00,633 - INFO - episode:263 totalReward:201.99562087541142 Actions:[[5, 1], [4, 4], [6, 3], [3, 3], [0, 5], [2, 4], [7, 1], [8, 4], [1, 2], [9, 2]]
2026-03-25 23:48:00,660 - INFO - episode:264 totalReward:-100 Actions:[[1, 0], [4, 5], [2, 1], [6, 2], [0, 4], [8, 1], [5, 0], [9, 1], [3, 2], [7, 5]]
2026-03-25 23:48:00,708 - INFO - episode:265 totalReward:-100 Actions:[[3, 1], [4, 4], [7, 4], [2, 0], [6, 0], [5, 2], [0, 3], [9, 2], [8, 5], [1, 5]]
2026-03-25 23:48:00,802 - INFO - episode:266 totalReward:-100 Actions:[[2, 4], [9, 0], [1, 4], [8, 2], [0, 5], [6, 1], [5, 0], [7, 2], [3, 3], [4, 1]]
2026-03-25 23:48:00,845 - INFO - episode:267 totalReward:-100 Actions:[[4, 4], [1, 0], [5, 3], [6, 0], [2, 2], [7, 4], [3, 2], [9, 1], [8, 1], [0, 5]]
2026-03-25 23:48:00,865 - INFO - episode:268 totalReward:0 Actions:[[5, 2], [1, 4], [0, 5], [6, 1], [9, 1], [4, 3], [8, 3], [7, 0], [2, 0]]
2026-03-25 23:48:00,917 - INFO - episode:269 totalReward:-100 Actions:[[1, 0], [8, 1], [7, 2], [0, 4], [5, 0], [3, 1], [6, 3], [4, 2], [9, 5], [2, 3]]
2026-03-25 23:48:00,993 - INFO - episode:270 totalReward:-100 Actions:[[1, 0], [4, 5], [5, 1]]
2026-03-25 23:48:01,010 - INFO - episode:271 totalReward:0 Actions:[[1, 0], [4, 5], [7, 3], [6, 4], [3, 4], [8, 2], [2, 1], [5, 0], [9, 2]]
2026-03-25 23:48:01,053 - INFO - episode:272 totalReward:-100 Actions:[[1, 0], [4, 5], [5, 5], [3, 1], [9, 4], [2, 3], [8, 1], [0, 2], [7, 3], [6, 0]]
2026-03-25 23:48:01,110 - INFO - episode:273 totalReward:-100 Actions:[[9, 1], [6, 1], [8, 3], [3, 3], [5, 4], [4, 4], [7, 2], [1, 2], [2, 0], [0, 5]]
2026-03-25 23:48:01,134 - INFO - episode:274 totalReward:0 Actions:[[9, 1], [4, 4], [2, 1], [5, 0], [3, 3], [6, 2], [1, 5], [7, 0], [8, 2]]
2026-03-25 23:48:01,157 - INFO - episode:275 totalReward:0 Actions:[[9, 1], [4, 4], [8, 0], [1, 1], [2, 5], [7, 3], [3, 2], [5, 0], [6, 3]]
2026-03-25 23:48:01,217 - INFO - episode:276 totalReward:-100 Actions:[[5, 5], [8, 2], [4, 4], [6, 4], [0, 0], [2, 2], [3, 1], [9, 2], [7, 3], [1, 3]]
2026-03-25 23:48:01,263 - INFO - episode:277 totalReward:-100 Actions:[[7, 2], [4, 1], [9, 5], [1, 3], [0, 0], [8, 4], [6, 4], [5, 5], [3, 1], [2, 2]]
2026-03-25 23:48:01,288 - INFO - episode:278 totalReward:0 Actions:[[3, 1], [4, 4], [1, 0], [5, 0], [8, 3], [9, 2], [6, 2], [7, 5], [2, 3]]
2026-03-25 23:48:01,345 - INFO - episode:279 totalReward:-100 Actions:[[5, 1], [4, 4], [1, 2], [3, 1], [2, 4], [6, 3], [7, 2], [8, 3], [9, 0], [0, 5]]
2026-03-25 23:48:01,391 - INFO - episode:280 totalReward:0 Actions:[[1, 0]]
2026-03-25 23:48:01,478 - INFO - episode:281 totalReward:-100 Actions:[[1, 0], [0, 2], [7, 1], [6, 1], [5, 0], [2, 4], [9, 3], [8, 4], [3, 3], [4, 4]]
2026-03-25 23:48:01,501 - INFO - episode:282 totalReward:0 Actions:[[1, 0], [3, 3], [5, 2], [4, 1], [7, 4], [6, 5], [8, 4], [9, 5], [2, 0]]
2026-03-25 23:48:01,564 - INFO - episode:283 totalReward:-100 Actions:[[5, 5], [4, 4], [2, 3], [9, 5], [1, 1], [8, 0], [3, 0], [6, 1], [7, 3], [0, 2]]
2026-03-25 23:48:01,586 - INFO - episode:284 totalReward:0 Actions:[[3, 1], [9, 0], [7, 3], [4, 4], [5, 4], [8, 2], [6, 5], [2, 1], [1, 3]]
2026-03-25 23:48:01,665 - INFO - episode:285 totalReward:-100 Actions:[[3, 1], [9, 0], [8, 4], [4, 4], [5, 3], [0, 2], [2, 0], [1, 5], [6, 0], [7, 1]]
2026-03-25 23:48:01,684 - INFO - episode:286 totalReward:-100 Actions:[[1, 2], [2, 2], [8, 5], [9, 5], [6, 1], [5, 0], [4, 4], [7, 4], [3, 1], [0, 3]]
2026-03-25 23:48:01,808 - INFO - episode:287 totalReward:-100 Actions:[[3, 1], [9, 0], [6, 1], [4, 0], [5, 3], [8, 4], [7, 4], [2, 5], [0, 2], [1, 5]]
2026-03-25 23:48:02,051 - INFO - episode:288 totalReward:-100 Actions:[[8, 1], [4, 0], [1, 4], [0, 5], [3, 0], [9, 2], [7, 2], [6, 3], [2, 1], [5, 3]]
2026-03-25 23:48:02,124 - INFO - episode:289 totalReward:-100 Actions:[[9, 1], [7, 4], [4, 3], [3, 3], [0, 2], [1, 0], [8, 1], [2, 0], [6, 4], [5, 5]]
2026-03-25 23:48:02,228 - INFO - episode:290 totalReward:-100 Actions:[[9, 1], [6, 5]]
2026-03-25 23:48:02,288 - INFO - episode:291 totalReward:0 Actions:[[4, 0], [9, 1], [1, 4], [3, 0], [0, 5], [6, 1], [8, 2], [2, 2], [7, 3]]
2026-03-25 23:48:02,350 - INFO - episode:292 totalReward:-100 Actions:[[5, 1], [1, 4], [4, 4], [2, 1], [6, 0], [0, 3], [3, 2], [7, 2], [8, 5], [9, 5]]
2026-03-25 23:48:02,413 - INFO - episode:293 totalReward:-100 Actions:[[3, 4], [4, 4], [2, 3], [9, 5], [7, 1], [5, 5], [6, 1], [1, 2], [8, 2], [0, 0]]
2026-03-25 23:48:02,475 - INFO - episode:294 totalReward:-100 Actions:[[1, 0], [9, 3], [6, 1], [4, 2], [7, 3], [5, 5], [2, 1], [0, 4], [8, 0], [3, 2]]
2026-03-25 23:48:02,500 - INFO - episode:295 totalReward:-100 Actions:[[8, 2], [7, 0], [1, 1], [5, 0], [9, 5], [0, 3], [6, 4], [2, 4], [4, 5], [3, 2]]
2026-03-25 23:48:02,543 - INFO - episode:296 totalReward:-100 Actions:[[3, 4], [2, 5], [8, 5], [5, 2], [4, 4], [6, 3], [7, 1], [9, 3], [0, 0], [1, 1]]
2026-03-25 23:48:02,575 - INFO - episode:297 totalReward:-100 Actions:[[1, 0], [5, 1], [9, 5], [8, 4], [4, 5], [0, 3], [2, 4], [7, 2], [3, 2], [6, 0]]
2026-03-25 23:48:02,604 - INFO - episode:298 totalReward:-100 Actions:[[8, 4], [2, 3], [9, 1], [3, 5], [4, 4], [1, 3], [6, 2], [0, 0], [5, 2], [7, 5]]
2026-03-25 23:48:02,640 - INFO - episode:299 totalReward:0 Actions:[[8, 4], [4, 2], [9, 4], [2, 5], [7, 0], [3, 0], [5, 3], [1, 1], [6, 1]]
2026-03-25 23:48:02,686 - INFO - episode:300 totalReward:-100 Actions:[[6, 5]]
2026-03-25 23:48:02,716 - INFO - episode:301 totalReward:0 Actions:[[6, 5], [3, 3], [8, 2], [2, 1], [5, 1], [1, 2], [4, 0], [7, 3], [9, 4]]
2026-03-25 23:48:02,768 - INFO - episode:302 totalReward:0 Actions:[[1, 0], [7, 1], [4, 0], [6, 2], [3, 5], [8, 5], [9, 1], [2, 4], [5, 3]]
2026-03-25 23:48:02,833 - INFO - episode:303 totalReward:-100 Actions:[[1, 0], [9, 5], [5, 0], [8, 1], [7, 1], [3, 4], [2, 4], [4, 2], [6, 2], [0, 3]]
2026-03-25 23:48:02,857 - INFO - episode:304 totalReward:-100 Actions:[[0, 2], [3, 3], [4, 1], [6, 1], [2, 3], [5, 5], [9, 5], [8, 0], [1, 4], [7, 4]]
2026-03-25 23:48:02,910 - INFO - episode:305 totalReward:-100 Actions:[[7, 2], [1, 1], [9, 5], [0, 3], [5, 0], [4, 1], [8, 5], [3, 0], [6, 4], [2, 4]]
2026-03-25 23:48:02,941 - INFO - episode:306 totalReward:-100 Actions:[[1, 0], [7, 1], [5, 1], [3, 2], [2, 2], [8, 0], [0, 3], [4, 5], [9, 4], [6, 4]]
2026-03-25 23:48:02,997 - INFO - episode:307 totalReward:-100 Actions:[[1, 0], [4, 2], [7, 2], [9, 4], [6, 0], [8, 4], [2, 1], [0, 3], [3, 5], [5, 1]]
2026-03-25 23:48:03,036 - INFO - episode:308 totalReward:-100 Actions:[[7, 2], [5, 4], [6, 2], [0, 3], [4, 5], [2, 1], [8, 0], [1, 0], [9, 5], [3, 1]]
2026-03-25 23:48:03,211 - INFO - episode:309 totalReward:-100 Actions:[[8, 5], [5, 2], [4, 2], [9, 4], [1, 3], [7, 1], [0, 0], [3, 4], [2, 1], [6, 3]]
2026-03-25 23:48:03,287 - INFO - episode:310 totalReward:-100 Actions:[[6, 5], [8, 4]]
2026-03-25 23:48:03,320 - INFO - episode:311 totalReward:0 Actions:[[6, 5], [8, 4], [4, 1], [3, 0], [2, 5], [9, 1], [0, 2], [7, 0], [1, 3]]
2026-03-25 23:48:03,352 - INFO - episode:312 totalReward:-100 Actions:[[9, 1], [0, 0], [6, 3], [3, 3], [4, 2], [8, 4], [5, 2], [7, 5], [2, 4], [1, 5]]
2026-03-25 23:48:03,390 - INFO - episode:313 totalReward:-100 Actions:[[1, 0], [3, 3], [7, 4], [4, 2], [8, 4], [9, 0], [6, 3], [5, 2], [2, 1], [0, 5]]
2026-03-25 23:48:03,500 - INFO - episode:314 totalReward:-100 Actions:[[7, 4], [8, 4], [2, 5], [1, 0], [6, 5], [9, 2], [5, 0], [4, 2], [0, 1], [3, 3]]
2026-03-25 23:48:03,643 - INFO - episode:315 totalReward:-100 Actions:[[1, 0], [8, 5], [7, 4], [9, 1], [5, 3], [4, 4], [2, 0], [3, 5], [0, 2], [6, 1]]
2026-03-25 23:48:03,688 - INFO - episode:316 totalReward:-100 Actions:[[1, 0], [5, 3], [4, 3], [0, 4], [7, 1], [9, 5], [2, 2], [8, 5], [3, 1], [6, 0]]
2026-03-25 23:48:03,724 - INFO - episode:317 totalReward:-100 Actions:[[1, 0], [9, 2], [7, 1], [4, 3], [0, 5], [6, 0], [2, 3], [5, 4], [8, 1], [3, 2]]
2026-03-25 23:48:03,754 - INFO - episode:318 totalReward:0 Actions:[[1, 2], [7, 3], [3, 0], [5, 5], [9, 1], [6, 5], [2, 2], [4, 4], [8, 3]]
2026-03-25 23:48:03,890 - INFO - episode:319 totalReward:-100 Actions:[[6, 5], [5, 1], [4, 3], [9, 5], [3, 3], [7, 0], [2, 5], [8, 2], [1, 1], [0, 4]]
2026-03-25 23:48:03,917 - INFO - episode:320 totalReward:0 Actions:[[1, 0], [3, 1], [9, 5]]
2026-03-25 23:48:03,985 - INFO - episode:321 totalReward:-100 Actions:[[1, 0], [3, 1], [9, 5], [0, 2], [5, 0], [7, 5], [6, 1], [4, 3], [2, 4], [8, 3]]
2026-03-25 23:48:04,027 - INFO - episode:322 totalReward:-100 Actions:[[1, 0], [5, 3], [4, 1], [0, 5], [6, 4], [9, 3], [7, 0], [2, 1], [8, 1], [3, 4]]
2026-03-25 23:48:04,064 - INFO - episode:323 totalReward:-100 Actions:[[1, 0], [8, 4], [9, 1], [3, 1], [6, 3], [7, 0], [0, 5], [2, 2], [5, 3], [4, 4]]
2026-03-25 23:48:04,096 - INFO - episode:324 totalReward:-100 Actions:[[7, 3], [1, 0], [6, 3], [8, 1], [5, 4], [4, 2], [2, 1], [3, 2], [0, 5], [9, 1]]
2026-03-25 23:48:04,139 - INFO - episode:325 totalReward:-100 Actions:[[1, 0], [3, 1], [5, 0], [2, 3], [9, 4], [4, 1], [0, 5], [8, 2], [7, 2], [6, 3]]
2026-03-25 23:48:04,172 - INFO - episode:326 totalReward:0 Actions:[[5, 5], [8, 4], [4, 1], [3, 0], [9, 4], [2, 0], [1, 3], [7, 2], [6, 2]]
2026-03-25 23:48:04,191 - INFO - episode:327 totalReward:0 Actions:[[5, 5], [2, 3], [9, 1], [4, 3], [7, 4], [3, 2], [8, 1], [1, 0], [6, 5]]
2026-03-25 23:48:04,245 - INFO - episode:328 totalReward:0 Actions:[[7, 2], [9, 2], [6, 3], [8, 4], [4, 3], [3, 0], [1, 5], [2, 1], [5, 1]]
2026-03-25 23:48:04,310 - INFO - episode:329 totalReward:-100 Actions:[[3, 1], [9, 4], [1, 4], [4, 2], [8, 3], [0, 0], [2, 2], [6, 3], [7, 5], [5, 1]]
2026-03-25 23:48:04,359 - INFO - episode:330 totalReward:-100 Actions:[[1, 0], [3, 1], [4, 0]]
2026-03-25 23:48:04,412 - INFO - episode:331 totalReward:-100 Actions:[[1, 0], [7, 1], [6, 1], [4, 0], [8, 3], [2, 5], [9, 5], [0, 2], [3, 3], [5, 4]]
2026-03-25 23:48:04,473 - INFO - episode:332 totalReward:-100 Actions:[[1, 0], [7, 1], [6, 1], [5, 0], [8, 3], [4, 3], [0, 4], [9, 5], [3, 2], [2, 5]]
2026-03-25 23:48:04,662 - INFO - episode:333 totalReward:-100 Actions:[[6, 5], [9, 1], [4, 5], [5, 4], [1, 3], [7, 1], [3, 2], [8, 2], [2, 3], [0, 0]]
2026-03-25 23:48:04,940 - INFO - episode:334 totalReward:-100 Actions:[[1, 0], [4, 3], [6, 0], [8, 1], [3, 4], [7, 2], [2, 1], [9, 1], [5, 3], [0, 5]]
2026-03-25 23:48:05,011 - INFO - episode:335 totalReward:-100 Actions:[[4, 2], [1, 0], [8, 0], [3, 5], [9, 2], [0, 4], [5, 1], [6, 5], [7, 1], [2, 3]]
2026-03-25 23:48:05,132 - INFO - episode:336 totalReward:-100 Actions:[[1, 0], [7, 0], [8, 1], [4, 5], [6, 4], [3, 1], [9, 3], [5, 4], [2, 3], [0, 2]]
2026-03-25 23:48:05,237 - INFO - episode:337 totalReward:-100 Actions:[[9, 1], [4, 4], [1, 4], [6, 1], [0, 2], [2, 1], [3, 0], [5, 3], [8, 0], [7, 5]]
2026-03-25 23:48:05,308 - INFO - episode:338 totalReward:0 Actions:[[1, 4], [8, 4], [2, 5], [7, 1], [9, 3], [6, 3], [3, 2], [0, 0], [4, 1]]
2026-03-25 23:48:05,333 - INFO - episode:339 totalReward:0 Actions:[[6, 2], [9, 3], [3, 4], [4, 4], [5, 5], [2, 1], [7, 2], [1, 3], [8, 0]]
2026-03-25 23:48:05,436 - INFO - episode:340 totalReward:-100 Actions:[[1, 0]]
2026-03-25 23:48:05,467 - INFO - episode:341 totalReward:-100 Actions:[[1, 0], [5, 5], [4, 4], [7, 0], [3, 1], [8, 1], [0, 2], [6, 5], [9, 4], [2, 3]]
2026-03-25 23:48:05,502 - INFO - episode:342 totalReward:-100 Actions:[[1, 0], [7, 0], [8, 1], [6, 3], [4, 4], [3, 3], [9, 2], [2, 4], [5, 2], [0, 5]]
2026-03-25 23:48:05,612 - INFO - episode:343 totalReward:-100 Actions:[[1, 0], [7, 1], [3, 1], [5, 0], [2, 5], [0, 4], [4, 3], [9, 5], [6, 5], [8, 2]]
2026-03-25 23:48:05,636 - INFO - episode:344 totalReward:0 Actions:[[1, 0], [2, 3], [7, 5], [8, 1], [5, 0], [3, 1], [9, 2], [6, 4], [4, 4]]
2026-03-25 23:48:05,722 - INFO - episode:345 totalReward:-100 Actions:[[1, 0], [7, 0], [2, 2], [3, 4], [6, 3], [9, 5], [5, 5], [4, 4], [8, 2], [0, 1]]
2026-03-25 23:48:05,763 - INFO - episode:346 totalReward:-100 Actions:[[1, 0], [7, 0], [6, 5], [0, 4], [8, 2], [9, 2], [5, 5], [2, 1], [4, 2], [3, 3]]
2026-03-25 23:48:05,807 - INFO - episode:347 totalReward:-100 Actions:[[1, 0], [7, 4], [9, 1], [6, 1], [0, 3], [4, 2], [3, 5], [2, 1], [5, 0], [8, 4]]
2026-03-25 23:48:05,878 - INFO - episode:348 totalReward:0 Actions:[[7, 3], [3, 4], [8, 3], [4, 4], [9, 5], [6, 1], [5, 0], [2, 1], [1, 2]]
2026-03-25 23:48:05,930 - INFO - episode:349 totalReward:-100 Actions:[[7, 2], [0, 4], [9, 3], [4, 2], [3, 3], [6, 5], [2, 1], [1, 0], [8, 0], [5, 1]]
2026-03-25 23:48:05,958 - INFO - episode:350 totalReward:0 Actions:[[1, 0]]
2026-03-25 23:48:06,022 - INFO - episode:351 totalReward:-100 Actions:[[1, 0], [4, 4], [2, 0], [6, 2], [7, 4], [5, 1], [8, 1], [3, 3], [9, 3], [0, 5]]
2026-03-25 23:48:06,070 - INFO - episode:352 totalReward:-100 Actions:[[1, 0], [3, 4], [9, 1], [7, 4], [4, 3], [6, 2], [5, 0], [2, 3], [8, 2], [0, 5]]
2026-03-25 23:48:06,103 - INFO - episode:353 totalReward:-100 Actions:[[9, 1], [5, 1], [4, 2], [7, 2], [3, 3], [6, 0], [0, 4], [1, 5], [8, 5], [2, 3]]
2026-03-25 23:48:06,168 - INFO - episode:354 totalReward:-100 Actions:[[2, 1], [6, 5], [5, 5], [8, 4], [9, 1], [7, 0], [3, 2], [4, 2], [1, 4], [0, 3]]
2026-03-25 23:48:06,242 - INFO - episode:355 totalReward:0 Actions:[[9, 1], [2, 2], [6, 0], [4, 0], [7, 1], [1, 4], [8, 4], [3, 5], [0, 3]]
2026-03-25 23:48:06,343 - INFO - episode:356 totalReward:-100 Actions:[[7, 0], [9, 1], [3, 0], [8, 1], [4, 2], [0, 3], [6, 4], [5, 2], [1, 4], [2, 5]]
2026-03-25 23:48:06,424 - INFO - episode:357 totalReward:-100 Actions:[[1, 4], [8, 4], [2, 5], [7, 3], [4, 2], [5, 2], [3, 1], [6, 5], [0, 0], [9, 3]]
2026-03-25 23:48:06,517 - INFO - episode:358 totalReward:-100 Actions:[[8, 4], [3, 3], [4, 2], [6, 2], [1, 4], [7, 1], [9, 5], [5, 1], [0, 0], [2, 3]]
2026-03-25 23:48:06,587 - INFO - episode:359 totalReward:-100 Actions:[[1, 0], [7, 1], [6, 1], [4, 2], [2, 0], [5, 4], [9, 4], [3, 3], [0, 5], [8, 3]]
2026-03-25 23:48:06,646 - INFO - episode:360 totalReward:0 Actions:[[1, 0]]
2026-03-25 23:48:06,712 - INFO - episode:361 totalReward:-100 Actions:[[3, 5], [8, 4], [4, 3], [2, 4], [0, 0], [9, 2], [5, 2], [1, 3], [6, 1], [7, 5]]
2026-03-25 23:48:06,741 - INFO - episode:362 totalReward:0 Actions:[[1, 0], [8, 1], [4, 2], [2, 4], [5, 3], [9, 1], [7, 0], [3, 5], [6, 2]]
2026-03-25 23:48:06,764 - INFO - episode:363 totalReward:0 Actions:[[1, 0], [2, 5], [3, 1], [9, 5], [8, 2], [4, 2], [7, 4], [5, 0], [6, 3]]
2026-03-25 23:48:06,874 - INFO - episode:364 totalReward:-100 Actions:[[1, 0], [8, 3], [6, 0], [5, 4], [4, 4], [3, 3], [0, 2], [9, 1], [2, 5], [7, 5]]
2026-03-25 23:48:06,955 - INFO - episode:365 totalReward:172.6529419307236 Actions:[[9, 1], [1, 0], [3, 1], [4, 0], [0, 3], [2, 2], [6, 5], [7, 4], [8, 2], [5, 5]]
2026-03-25 23:48:06,986 - INFO - episode:366 totalReward:-100 Actions:[[1, 0], [0, 2], [4, 0], [6, 1], [5, 3], [9, 5], [2, 5], [8, 5], [7, 1], [3, 4]]
2026-03-25 23:48:07,081 - INFO - episode:367 totalReward:-100 Actions:[[1, 4], [2, 5], [4, 0], [8, 2], [3, 3], [9, 2], [7, 5], [6, 3], [0, 1], [5, 0]]
2026-03-25 23:48:07,175 - INFO - episode:368 totalReward:-100 Actions:[[6, 5], [2, 0], [9, 1], [8, 3], [4, 4], [5, 0], [3, 3], [7, 1], [1, 4], [0, 2]]
2026-03-25 23:48:07,259 - INFO - episode:369 totalReward:-100 Actions:[[9, 1], [4, 4], [0, 2], [7, 5], [2, 4], [8, 5], [1, 3], [6, 3], [5, 1], [3, 0]]
2026-03-25 23:48:07,311 - INFO - episode:370 totalReward:-100 Actions:[[7, 2]]
2026-03-25 23:48:07,339 - INFO - episode:371 totalReward:0 Actions:[[7, 2], [4, 2], [2, 1], [1, 4], [6, 4], [9, 3], [3, 0], [5, 0], [8, 5]]
2026-03-25 23:48:07,368 - INFO - episode:372 totalReward:0 Actions:[[7, 2], [4, 0], [5, 5], [1, 2], [9, 1], [6, 4], [3, 1], [8, 3], [2, 0]]
2026-03-25 23:48:07,385 - INFO - episode:373 totalReward:0 Actions:[[9, 3], [7, 2], [6, 5], [8, 5], [4, 3], [1, 4], [5, 0], [3, 2], [2, 1]]
2026-03-25 23:48:07,410 - INFO - episode:374 totalReward:-100 Actions:[[3, 4], [5, 5], [7, 4], [9, 3], [0, 1], [4, 0], [6, 0], [2, 3], [8, 2], [1, 2]]
2026-03-25 23:48:07,466 - INFO - episode:375 totalReward:-100 Actions:[[3, 4], [8, 3], [0, 2], [4, 5], [6, 1], [9, 1], [5, 5], [7, 4], [2, 1], [1, 3]]
2026-03-25 23:48:07,558 - INFO - episode:376 totalReward:-100 Actions:[[8, 0], [7, 1], [1, 1], [9, 5], [3, 4], [5, 0], [2, 2], [0, 3], [6, 4], [4, 5]]
2026-03-25 23:48:07,618 - INFO - episode:377 totalReward:-100 Actions:[[8, 0], [7, 1], [9, 2], [6, 4], [5, 0], [4, 2], [3, 1], [2, 4], [0, 3], [1, 5]]
2026-03-25 23:48:07,639 - INFO - episode:378 totalReward:0 Actions:[[1, 0], [8, 1], [4, 3], [5, 3], [9, 5], [2, 2], [6, 0], [3, 4], [7, 4]]
2026-03-25 23:48:07,745 - INFO - episode:379 totalReward:-100 Actions:[[8, 1], [1, 5], [4, 5], [5, 1], [3, 4], [6, 0], [2, 2], [7, 0], [9, 4], [0, 3]]
2026-03-25 23:48:07,788 - INFO - episode:380 totalReward:0 Actions:[[1, 0], [8, 1], [9, 5]]
2026-03-25 23:48:07,845 - INFO - episode:381 totalReward:-100 Actions:[[5, 3], [2, 2], [1, 0], [8, 0], [6, 4], [4, 3], [7, 1], [0, 5], [3, 1], [9, 2]]
2026-03-25 23:48:07,993 - INFO - episode:382 totalReward:-100 Actions:[[1, 0], [8, 1], [4, 5], [6, 1], [5, 0], [3, 4], [7, 5], [0, 3], [2, 4], [9, 2]]
2026-03-25 23:48:08,033 - INFO - episode:383 totalReward:-100 Actions:[[7, 2], [1, 2], [8, 1], [9, 5], [0, 4], [5, 0], [4, 3], [3, 3], [2, 0], [6, 1]]
2026-03-25 23:48:08,076 - INFO - episode:384 totalReward:-100 Actions:[[8, 1], [3, 1], [4, 5], [1, 0], [9, 3], [2, 3], [6, 3], [5, 2], [0, 4], [7, 5]]
2026-03-25 23:48:08,118 - INFO - episode:385 totalReward:0 Actions:[[8, 0], [9, 0], [1, 4], [2, 0], [7, 4], [5, 5], [6, 2], [4, 1], [3, 3]]
2026-03-25 23:48:08,233 - INFO - episode:386 totalReward:-100 Actions:[[8, 0], [2, 5], [1, 5], [9, 1], [7, 2], [6, 4], [3, 2], [5, 1], [4, 4], [0, 3]]
2026-03-25 23:48:08,306 - INFO - episode:387 totalReward:-100 Actions:[[0, 1], [7, 2], [8, 0], [4, 5], [9, 5], [1, 3], [3, 0], [6, 2], [2, 5], [5, 4]]
2026-03-25 23:48:08,365 - INFO - episode:388 totalReward:-100 Actions:[[1, 4], [7, 2], [9, 3], [6, 4], [4, 1], [8, 3], [5, 0], [3, 1], [2, 2], [0, 5]]
2026-03-25 23:48:08,390 - INFO - episode:389 totalReward:0 Actions:[[2, 3], [1, 0], [4, 5], [0, 1], [3, 4], [7, 2], [6, 4], [9, 0], [8, 5]]
2026-03-25 23:48:08,427 - INFO - episode:390 totalReward:0 Actions:[[9, 1]]
2026-03-25 23:48:08,459 - INFO - episode:391 totalReward:-100 Actions:[[9, 3], [1, 0], [2, 2], [4, 5], [8, 2], [7, 0], [3, 3], [5, 4], [0, 1], [6, 5]]
2026-03-25 23:48:08,521 - INFO - episode:392 totalReward:-100 Actions:[[1, 0], [7, 1], [4, 5], [5, 5], [9, 0], [8, 4], [0, 3], [3, 1], [6, 2], [2, 4]]
2026-03-25 23:48:08,553 - INFO - episode:393 totalReward:0 Actions:[[6, 5], [1, 3], [7, 3], [4, 4], [5, 2], [3, 0], [8, 1], [2, 5], [9, 1]]
2026-03-25 23:48:08,666 - INFO - episode:394 totalReward:-100 Actions:[[1, 0], [7, 1], [4, 2], [5, 0], [9, 3], [6, 3], [3, 4], [2, 1], [0, 5], [8, 4]]
2026-03-25 23:48:08,729 - INFO - episode:395 totalReward:-100 Actions:[[6, 5], [8, 2], [3, 3], [4, 3], [2, 1], [1, 5], [7, 4], [5, 1], [9, 2], [0, 0]]
2026-03-25 23:48:08,785 - INFO - episode:396 totalReward:221.30852313105953 Actions:[[1, 0], [3, 4], [6, 1], [7, 0], [2, 3], [4, 1], [8, 3], [5, 5], [0, 2], [9, 3]]
2026-03-25 23:48:08,818 - INFO - episode:397 totalReward:-100 Actions:[[1, 0], [4, 4], [7, 4], [9, 1], [0, 2], [5, 0], [6, 3], [8, 5], [3, 3], [2, 1]]
2026-03-25 23:48:08,942 - INFO - episode:398 totalReward:-100 Actions:[[9, 1], [3, 2], [4, 3], [5, 1], [7, 3], [0, 5], [2, 0], [8, 4], [1, 4], [6, 2]]
2026-03-25 23:48:08,979 - INFO - episode:399 totalReward:0 Actions:[[1, 0], [7, 1], [4, 0], [8, 3], [6, 1], [2, 5], [3, 2], [5, 4], [9, 4]]
2026-03-25 23:48:09,000 - INFO - episode:400 totalReward:-100 Actions:[[1, 0], [8, 1]]
2026-03-25 23:48:09,098 - INFO - episode:401 totalReward:-100 Actions:[[1, 0], [8, 1], [4, 1], [6, 0], [2, 1], [3, 3], [9, 3], [7, 5], [0, 2], [5, 4]]
2026-03-25 23:48:09,125 - INFO - episode:402 totalReward:0 Actions:[[8, 0], [7, 1], [6, 3], [2, 2], [4, 4], [5, 3], [3, 5], [1, 2], [9, 0]]
2026-03-25 23:48:09,223 - INFO - episode:403 totalReward:-100 Actions:[[8, 0], [1, 1], [6, 3], [4, 5], [2, 5], [7, 4], [9, 4], [5, 3], [3, 0], [0, 2]]
2026-03-25 23:48:09,308 - INFO - episode:404 totalReward:-100 Actions:[[9, 1], [6, 3], [7, 1], [5, 2], [8, 5], [3, 5], [0, 4], [4, 2], [1, 3], [2, 0]]
2026-03-25 23:48:09,502 - INFO - episode:405 totalReward:-100 Actions:[[9, 1], [6, 5], [4, 2], [7, 1], [3, 4], [8, 0], [2, 2], [5, 0], [1, 5], [0, 3]]
2026-03-25 23:48:09,574 - INFO - episode:406 totalReward:-100 Actions:[[2, 1], [6, 1], [0, 4], [3, 5], [7, 2], [9, 2], [8, 0], [5, 0], [4, 5], [1, 3]]
2026-03-25 23:48:09,632 - INFO - episode:407 totalReward:-100 Actions:[[8, 0], [1, 1], [7, 3], [2, 1], [9, 5], [5, 0], [3, 5], [6, 4], [4, 3], [0, 2]]
2026-03-25 23:48:09,811 - INFO - episode:408 totalReward:-100 Actions:[[8, 0], [1, 1], [9, 5], [7, 5], [0, 3], [4, 0], [2, 2], [6, 1], [3, 2], [5, 4]]
2026-03-25 23:48:09,840 - INFO - episode:409 totalReward:0 Actions:[[8, 0], [7, 1], [9, 2], [1, 1], [5, 0], [6, 4], [3, 4], [2, 5], [4, 3]]
2026-03-25 23:48:10,010 - INFO - episode:410 totalReward:-100 Actions:[[8, 0]]
2026-03-25 23:48:10,062 - INFO - episode:411 totalReward:-100 Actions:[[8, 0], [7, 1], [4, 0], [1, 3], [9, 5], [0, 4], [6, 3], [5, 1], [2, 5], [3, 2]]
2026-03-25 23:48:10,103 - INFO - episode:412 totalReward:-100 Actions:[[8, 0], [4, 3], [0, 1], [9, 3], [3, 4], [5, 0], [1, 5], [7, 2], [6, 4], [2, 5]]
2026-03-25 23:48:10,139 - INFO - episode:413 totalReward:0 Actions:[[8, 0], [0, 2], [7, 0], [2, 4], [5, 3], [9, 1], [6, 1], [1, 5], [4, 4]]
2026-03-25 23:48:10,239 - INFO - episode:414 totalReward:0 Actions:[[8, 0], [6, 0], [9, 1], [2, 4], [0, 3], [4, 4], [7, 1], [5, 5], [3, 2]]
2026-03-25 23:48:10,272 - INFO - episode:415 totalReward:-100 Actions:[[4, 0], [6, 5], [3, 4], [8, 5], [2, 0], [5, 1], [9, 0], [0, 3], [1, 1], [7, 4]]
2026-03-25 23:48:10,444 - INFO - episode:416 totalReward:-100 Actions:[[9, 4], [6, 5], [2, 3], [1, 3], [4, 5], [8, 0], [3, 4], [5, 2], [0, 1], [7, 0]]
2026-03-25 23:48:10,498 - INFO - episode:417 totalReward:-100 Actions:[[9, 1], [4, 5], [5, 2], [3, 3], [0, 0], [6, 5], [8, 1], [7, 4], [1, 4], [2, 3]]
2026-03-25 23:48:10,541 - INFO - episode:418 totalReward:-100 Actions:[[1, 0], [5, 3], [4, 1], [9, 3], [2, 1], [6, 4], [3, 5], [7, 0], [8, 4], [0, 2]]
2026-03-25 23:48:10,589 - INFO - episode:419 totalReward:-100 Actions:[[8, 0], [7, 1], [2, 2], [9, 4], [1, 4], [5, 1], [3, 3], [0, 5], [6, 3], [4, 0]]
2026-03-25 23:48:10,616 - INFO - episode:420 totalReward:0 Actions:[[8, 0]]
2026-03-25 23:48:10,679 - INFO - episode:421 totalReward:172.90661437664522 Actions:[[8, 0], [7, 3], [3, 4], [4, 4], [5, 5], [9, 2], [2, 0], [6, 5], [0, 1], [1, 2]]
2026-03-25 23:48:10,721 - INFO - episode:422 totalReward:0 Actions:[[4, 1], [1, 0], [5, 0], [2, 1], [8, 4], [7, 5], [9, 3], [3, 2], [6, 5]]
2026-03-25 23:48:10,764 - INFO - episode:423 totalReward:0 Actions:[[8, 0], [7, 3], [6, 0], [4, 4], [2, 5], [9, 2], [5, 1], [1, 2], [3, 1]]
2026-03-25 23:48:10,849 - INFO - episode:424 totalReward:-100 Actions:[[8, 0], [6, 5], [7, 1], [4, 0], [3, 5], [2, 3], [0, 4], [1, 3], [9, 0], [5, 2]]
2026-03-25 23:48:11,039 - INFO - episode:425 totalReward:-100 Actions:[[7, 1], [9, 4], [0, 5], [4, 0], [5, 0], [2, 1], [8, 4], [6, 3], [1, 3], [3, 2]]
2026-03-25 23:48:11,151 - INFO - episode:426 totalReward:173.67695931298246 Actions:[[1, 5], [6, 5], [3, 1], [9, 4], [7, 0], [8, 3], [5, 0], [4, 1], [2, 3], [0, 2]]
2026-03-25 23:48:11,255 - INFO - episode:427 totalReward:-100 Actions:[[1, 1], [7, 4], [9, 4], [6, 2], [3, 2], [5, 0], [0, 3], [8, 5], [4, 5], [2, 0]]
2026-03-25 23:48:11,428 - INFO - episode:428 totalReward:-100 Actions:[[1, 5], [5, 1], [6, 3], [9, 4], [2, 2], [8, 5], [3, 1], [4, 2], [0, 0], [7, 3]]
2026-03-25 23:48:11,478 - INFO - episode:429 totalReward:-100 Actions:[[1, 5], [8, 0], [3, 1], [5, 0], [9, 3], [2, 2], [0, 4], [6, 2], [4, 1], [7, 5]]
2026-03-25 23:48:11,535 - INFO - episode:430 totalReward:0 Actions:[[6, 5]]
2026-03-25 23:48:11,584 - INFO - episode:431 totalReward:0 Actions:[[6, 5], [7, 3], [1, 1], [2, 2], [5, 0], [4, 3], [8, 5], [3, 4], [9, 1]]
2026-03-25 23:48:11,655 - INFO - episode:432 totalReward:-100 Actions:[[1, 0], [7, 0], [2, 1], [3, 1], [6, 4], [5, 5], [9, 4], [0, 2], [4, 5], [8, 3]]
2026-03-25 23:48:11,725 - INFO - episode:433 totalReward:-100 Actions:[[1, 0], [8, 1], [6, 4], [4, 0], [2, 3], [9, 2], [5, 1], [7, 3], [0, 5], [3, 2]]
2026-03-25 23:48:11,820 - INFO - episode:434 totalReward:-100 Actions:[[6, 5], [7, 0], [8, 1], [9, 0], [0, 3], [1, 4], [5, 2], [2, 1], [4, 1], [3, 5]]
2026-03-25 23:48:11,942 - INFO - episode:435 totalReward:-100 Actions:[[8, 1], [7, 4], [5, 1], [4, 2], [3, 0], [6, 2], [1, 4], [2, 5], [9, 0], [0, 3]]
2026-03-25 23:48:11,987 - INFO - episode:436 totalReward:-100 Actions:[[8, 1], [9, 3], [4, 1], [0, 4], [2, 1], [7, 0], [5, 0], [3, 5], [1, 3], [6, 2]]
2026-03-25 23:48:12,012 - INFO - episode:437 totalReward:173.20002562587524 Actions:[[8, 1], [9, 4], [7, 2], [1, 4], [0, 0], [6, 3], [3, 3], [2, 1], [4, 2], [5, 5]]
2026-03-25 23:48:12,063 - INFO - episode:438 totalReward:-100 Actions:[[8, 0], [1, 0], [4, 1], [0, 2], [3, 5], [9, 4], [7, 4], [6, 3], [5, 1], [2, 3]]
2026-03-25 23:48:12,134 - INFO - episode:439 totalReward:-100 Actions:[[8, 0], [0, 2], [1, 1], [3, 5], [7, 5], [9, 1], [5, 3], [2, 4], [4, 4], [6, 3]]
2026-03-25 23:48:12,173 - INFO - episode:440 totalReward:-100 Actions:[[6, 5]]
2026-03-25 23:48:12,222 - INFO - episode:441 totalReward:-100 Actions:[[6, 5], [0, 3], [1, 5], [7, 1], [5, 0], [2, 1], [8, 4], [3, 2], [9, 0], [4, 2]]
2026-03-25 23:48:12,324 - INFO - episode:442 totalReward:-100 Actions:[[2, 0], [7, 4], [9, 4], [8, 2], [5, 0], [3, 2], [0, 3], [6, 1], [1, 1], [4, 5]]
2026-03-25 23:48:12,430 - INFO - episode:443 totalReward:-100 Actions:[[2, 0], [8, 1], [3, 1], [5, 0], [7, 3], [4, 4], [1, 4], [9, 3], [0, 2], [6, 5]]
2026-03-25 23:48:12,494 - INFO - episode:444 totalReward:-100 Actions:[[8, 1], [3, 1], [9, 5], [1, 3], [7, 0], [5, 4], [4, 4], [2, 5], [6, 3], [0, 2]]
2026-03-25 23:48:12,548 - INFO - episode:445 totalReward:-100 Actions:[[9, 1], [1, 0], [8, 1], [5, 5], [7, 2], [6, 2], [2, 1], [4, 4], [3, 4], [0, 3]]
2026-03-25 23:48:12,617 - INFO - episode:446 totalReward:-100 Actions:[[8, 0], [0, 1], [1, 3], [4, 3], [3, 4], [7, 0], [2, 2], [6, 2], [9, 4], [5, 5]]
2026-03-25 23:48:12,680 - INFO - episode:447 totalReward:-100 Actions:[[3, 4], [5, 5], [2, 4], [0, 0], [1, 2], [7, 2], [6, 1], [8, 3], [9, 5], [4, 1]]
2026-03-25 23:48:12,755 - INFO - episode:448 totalReward:-100 Actions:[[2, 5], [9, 1], [1, 3], [5, 1], [3, 2], [4, 0], [6, 3], [8, 2], [7, 0], [0, 4]]
2026-03-25 23:48:12,855 - INFO - episode:449 totalReward:0 Actions:[[8, 0], [7, 1], [4, 5], [5, 5], [1, 4], [2, 3], [6, 2], [9, 1], [3, 3]]
2026-03-25 23:48:13,028 - INFO - episode:450 totalReward:-100 Actions:[[8, 0], [7, 1], [1, 4]]
2026-03-25 23:48:13,112 - INFO - episode:451 totalReward:-100 Actions:[[8, 0], [3, 2], [0, 5], [2, 3], [6, 3], [9, 0], [7, 4], [1, 4], [4, 1], [5, 1]]
2026-03-25 23:48:13,133 - INFO - episode:452 totalReward:-100 Actions:[[1, 0], [2, 0], [0, 2], [3, 5], [5, 4], [9, 4], [4, 1], [7, 1], [6, 3], [8, 5]]
2026-03-25 23:48:13,171 - INFO - episode:453 totalReward:-100 Actions:[[1, 0], [6, 5], [5, 3], [4, 3], [2, 2], [7, 5], [9, 2], [8, 1], [0, 4], [3, 1]]
2026-03-25 23:48:13,231 - INFO - episode:454 totalReward:-100 Actions:[[1, 5], [5, 1], [9, 4], [7, 1], [2, 5], [0, 3], [3, 0], [6, 2], [8, 0], [4, 2]]
2026-03-25 23:48:13,449 - INFO - episode:455 totalReward:-100 Actions:[[1, 5], [5, 1], [6, 2], [8, 2], [7, 0], [3, 1], [4, 0], [9, 5], [2, 3], [0, 4]]
2026-03-25 23:48:13,493 - INFO - episode:456 totalReward:-100 Actions:[[1, 5], [6, 5], [5, 1], [9, 1], [4, 2], [7, 4], [2, 2], [0, 0], [8, 2], [3, 3]]
2026-03-25 23:48:13,547 - INFO - episode:457 totalReward:-100 Actions:[[4, 1], [2, 3], [0, 4], [9, 3], [7, 1], [1, 5], [5, 0], [8, 0], [3, 2], [6, 3]]
2026-03-25 23:48:13,597 - INFO - episode:458 totalReward:-100 Actions:[[9, 1], [4, 1], [6, 2], [0, 5], [8, 1], [2, 0], [3, 4], [1, 2], [5, 0], [7, 3]]
2026-03-25 23:48:13,792 - INFO - episode:459 totalReward:-100 Actions:[[9, 1], [4, 4], [8, 4], [7, 0], [0, 3], [2, 1], [3, 2], [5, 0], [6, 5], [1, 5]]
2026-03-25 23:48:13,852 - INFO - episode:460 totalReward:-100 Actions:[[1, 5], [7, 5], [5, 1], [9, 4]]
2026-03-25 23:48:13,938 - INFO - episode:461 totalReward:-100 Actions:[[1, 5], [9, 1], [3, 1], [0, 0], [5, 2], [6, 3], [7, 3], [4, 4], [8, 4], [2, 5]]
2026-03-25 23:48:14,067 - INFO - episode:462 totalReward:-100 Actions:[[4, 1], [1, 5], [5, 1], [7, 0], [0, 3], [3, 4], [2, 4], [9, 2], [6, 0], [8, 2]]
2026-03-25 23:48:14,130 - INFO - episode:463 totalReward:-100 Actions:[[2, 4], [1, 0], [8, 5], [3, 3], [4, 2], [9, 4], [0, 1], [5, 0], [7, 2], [6, 3]]
2026-03-25 23:48:14,171 - INFO - episode:464 totalReward:0 Actions:[[1, 5], [5, 1], [9, 0], [8, 3], [2, 5], [3, 2], [4, 1], [6, 3], [7, 4]]
2026-03-25 23:48:14,251 - INFO - episode:465 totalReward:-100 Actions:[[1, 5], [5, 1], [2, 3], [8, 0], [7, 1], [4, 4], [3, 3], [0, 2], [6, 4], [9, 0]]
2026-03-25 23:48:14,314 - INFO - episode:466 totalReward:-100 Actions:[[1, 5], [6, 5], [5, 1], [4, 3], [7, 0], [9, 3], [0, 2], [2, 0], [8, 4], [3, 4]]
2026-03-25 23:48:14,348 - INFO - episode:467 totalReward:-100 Actions:[[2, 0], [1, 1], [0, 5], [7, 0], [8, 4], [3, 4], [5, 2], [6, 2], [9, 3], [4, 1]]
2026-03-25 23:48:14,391 - INFO - episode:468 totalReward:-100 Actions:[[1, 5], [6, 5], [5, 1], [2, 3], [8, 0], [3, 0], [4, 2], [7, 3], [9, 2], [0, 4]]
2026-03-25 23:48:14,415 - INFO - episode:469 totalReward:-100 Actions:[[1, 5], [6, 5], [7, 3], [3, 4], [4, 4], [8, 3], [0, 1], [9, 2], [2, 0], [5, 0]]
2026-03-25 23:48:14,577 - INFO - episode:470 totalReward:-100 Actions:[[1, 5], [6, 5]]
2026-03-25 23:48:14,608 - INFO - episode:471 totalReward:-100 Actions:[[1, 5], [6, 5], [5, 1], [4, 1], [0, 3], [2, 4], [7, 4], [8, 2], [3, 2], [9, 0]]
2026-03-25 23:48:14,678 - INFO - episode:472 totalReward:-100 Actions:[[7, 1], [3, 1], [5, 0], [1, 2], [9, 0], [8, 5], [0, 4], [4, 3], [6, 3], [2, 2]]
2026-03-25 23:48:14,858 - INFO - episode:473 totalReward:-100 Actions:[[1, 0], [7, 1], [3, 1], [5, 0], [6, 3], [2, 3], [8, 4], [0, 2], [9, 3], [4, 4]]
2026-03-25 23:48:14,952 - INFO - episode:474 totalReward:-100 Actions:[[8, 0], [7, 1], [3, 1], [5, 0], [0, 3], [1, 4], [6, 2], [4, 5], [9, 4], [2, 5]]
2026-03-25 23:48:15,045 - INFO - episode:475 totalReward:-100 Actions:[[8, 0], [7, 1], [3, 5], [5, 1], [9, 3], [1, 3], [2, 5], [4, 2], [0, 4], [6, 0]]
2026-03-25 23:48:15,113 - INFO - episode:476 totalReward:0 Actions:[[8, 0], [9, 5], [7, 2], [1, 0], [4, 1], [6, 2], [2, 3], [3, 4], [5, 5]]
2026-03-25 23:48:15,234 - INFO - episode:477 totalReward:-100 Actions:[[8, 0], [9, 5], [1, 4], [0, 2], [4, 1], [5, 0], [3, 3], [7, 3], [2, 1], [6, 5]]
2026-03-25 23:48:15,333 - INFO - episode:478 totalReward:-100 Actions:[[8, 0], [7, 3], [6, 0], [2, 5], [4, 1], [9, 5], [1, 3], [0, 2], [3, 4], [5, 1]]
2026-03-25 23:48:15,403 - INFO - episode:479 totalReward:-100 Actions:[[3, 2], [6, 0], [9, 5], [0, 1], [8, 4], [5, 3], [1, 4], [4, 2], [2, 0], [7, 5]]
2026-03-25 23:48:15,428 - INFO - episode:480 totalReward:-100 Actions:[[8, 0], [7, 1]]
2026-03-25 23:48:15,539 - INFO - episode:481 totalReward:-100 Actions:[[8, 0], [7, 0], [3, 1], [2, 1], [0, 3], [1, 4], [9, 5], [4, 5], [6, 4], [5, 2]]
2026-03-25 23:48:15,602 - INFO - episode:482 totalReward:-100 Actions:[[8, 0], [7, 0], [1, 2], [4, 2], [2, 1], [6, 1], [5, 3], [9, 1], [0, 4], [3, 5]]
2026-03-25 23:48:15,680 - INFO - episode:483 totalReward:-100 Actions:[[9, 3], [4, 3], [3, 1], [1, 0], [8, 1], [5, 0], [2, 2], [0, 4], [7, 2], [6, 5]]
2026-03-25 23:48:15,724 - INFO - episode:484 totalReward:-100 Actions:[[8, 0], [6, 3], [7, 0], [1, 2], [9, 5], [4, 1], [3, 1], [5, 3], [2, 5], [0, 4]]
2026-03-25 23:48:15,924 - INFO - episode:485 totalReward:-100 Actions:[[8, 0], [9, 1], [0, 5], [5, 1], [4, 3], [3, 0], [2, 4], [6, 4], [7, 3], [1, 2]]
2026-03-25 23:48:16,091 - INFO - episode:486 totalReward:-100 Actions:[[2, 3], [8, 0], [7, 1], [6, 1], [4, 0], [9, 0], [0, 4], [1, 5], [5, 2], [3, 3]]
2026-03-25 23:48:16,166 - INFO - episode:487 totalReward:-100 Actions:[[8, 0], [0, 1], [9, 4], [1, 0], [5, 4], [7, 2], [2, 5], [3, 2], [4, 5], [6, 3]]
2026-03-25 23:48:16,191 - INFO - episode:488 totalReward:-100 Actions:[[8, 0], [7, 1], [9, 4], [2, 3], [3, 3], [4, 1], [5, 0], [1, 4], [0, 5], [6, 2]]
2026-03-25 23:48:16,236 - INFO - episode:489 totalReward:0 Actions:[[8, 0], [7, 3], [4, 1], [1, 3], [9, 5], [6, 4], [3, 2], [2, 2], [5, 1]]
2026-03-25 23:48:16,332 - INFO - episode:490 totalReward:-100 Actions:[[8, 0]]
2026-03-25 23:48:16,383 - INFO - episode:491 totalReward:-100 Actions:[[8, 0], [4, 3], [1, 5], [9, 4], [6, 1], [5, 3], [3, 4], [7, 1], [2, 0], [0, 2]]
2026-03-25 23:48:16,704 - INFO - episode:492 totalReward:-100 Actions:[[8, 0], [4, 0], [9, 2], [6, 4], [5, 1], [2, 5], [1, 5], [7, 1], [3, 4], [0, 3]]
2026-03-25 23:48:16,738 - INFO - episode:493 totalReward:0 Actions:[[9, 5], [8, 4], [4, 4], [1, 2], [6, 1], [2, 3], [3, 1], [5, 0], [7, 0]]
2026-03-25 23:48:16,787 - INFO - episode:494 totalReward:-100 Actions:[[0, 4], [5, 2], [3, 3], [4, 3], [9, 0], [8, 0], [2, 1], [1, 1], [7, 5], [6, 2]]
2026-03-25 23:48:16,834 - INFO - episode:495 totalReward:-100 Actions:[[8, 0], [4, 0], [3, 3], [6, 2], [7, 2], [0, 5], [1, 1], [5, 4], [2, 1], [9, 3]]
2026-03-25 23:48:16,938 - INFO - episode:496 totalReward:-100 Actions:[[8, 0], [5, 0], [2, 1], [9, 5], [7, 3], [6, 2], [1, 1], [3, 5], [4, 2], [0, 4]]
2026-03-25 23:48:17,006 - INFO - episode:497 totalReward:-100 Actions:[[1, 0], [9, 2], [8, 0], [2, 2], [3, 4], [6, 3], [5, 1], [0, 5], [4, 2], [7, 4]]
2026-03-25 23:48:17,073 - INFO - episode:498 totalReward:-100 Actions:[[1, 0], [0, 4], [7, 0], [3, 5], [8, 5], [5, 1], [4, 1], [9, 3], [6, 2], [2, 2]]
2026-03-25 23:48:17,140 - INFO - episode:499 totalReward:172.31991292549827 Actions:[[1, 0], [7, 1], [2, 4], [6, 1], [5, 2], [9, 2], [4, 0], [3, 3], [8, 4], [0, 5]]
2026-03-25 23:48:17,201 - INFO - episode:500 totalReward:-100 Actions:[[8, 0], [1, 5], [9, 1]]
2026-03-25 23:48:17,250 - INFO - episode:501 totalReward:-100 Actions:[[8, 0], [1, 5], [9, 1], [7, 1], [0, 2], [5, 0], [4, 4], [6, 3], [2, 3], [3, 4]]
2026-03-25 23:48:17,296 - INFO - episode:502 totalReward:0 Actions:[[8, 0], [6, 2], [3, 0], [2, 1], [4, 3], [7, 4], [5, 3], [1, 5], [9, 4]]
2026-03-25 23:48:17,472 - INFO - episode:503 totalReward:-100 Actions:[[8, 0], [3, 0], [2, 1], [7, 5], [5, 3], [4, 1], [0, 4], [9, 3], [1, 5], [6, 2]]
2026-03-25 23:48:17,549 - INFO - episode:504 totalReward:-100 Actions:[[8, 0], [1, 5], [5, 1], [2, 0], [6, 1], [4, 3], [3, 3], [0, 4], [7, 5], [9, 0]]
2026-03-25 23:48:17,589 - INFO - episode:505 totalReward:-100 Actions:[[3, 0], [0, 2], [7, 0], [5, 3], [4, 1], [1, 1], [8, 5], [9, 5], [2, 5], [6, 3]]
2026-03-25 23:48:17,667 - INFO - episode:506 totalReward:-100 Actions:[[8, 0], [1, 5], [3, 1], [6, 5], [0, 3], [7, 2], [5, 0], [9, 2], [2, 1], [4, 4]]
2026-03-25 23:48:17,702 - INFO - episode:507 totalReward:-100 Actions:[[8, 0], [1, 5], [0, 4], [9, 1], [3, 1], [5, 0], [4, 5], [2, 3], [6, 2], [7, 2]]
2026-03-25 23:48:17,795 - INFO - episode:508 totalReward:-100 Actions:[[8, 0], [1, 5], [4, 2], [2, 0], [3, 1], [5, 1], [6, 2], [9, 5], [7, 4], [0, 3]]
2026-03-25 23:48:17,974 - INFO - episode:509 totalReward:-100 Actions:[[5, 3], [2, 2], [0, 1], [4, 3], [9, 0], [7, 4], [3, 2], [1, 4], [8, 0], [6, 5]]
2026-03-25 23:48:18,079 - INFO - episode:510 totalReward:-100 Actions:[[8, 0]]
2026-03-25 23:48:18,141 - INFO - episode:511 totalReward:-100 Actions:[[8, 0], [1, 2], [7, 0], [2, 5], [4, 5], [6, 2], [0, 4], [9, 1], [3, 1], [5, 3]]
2026-03-25 23:48:18,239 - INFO - episode:512 totalReward:-100 Actions:[[8, 0], [7, 1], [9, 4], [1, 1], [5, 0], [3, 4], [2, 5], [0, 3], [4, 2], [6, 2]]
2026-03-25 23:48:18,429 - INFO - episode:513 totalReward:-100 Actions:[[9, 2], [3, 2], [1, 1], [2, 1], [4, 5], [6, 5], [5, 0], [0, 4], [8, 0], [7, 3]]
2026-03-25 23:48:18,465 - INFO - episode:514 totalReward:-100 Actions:[[8, 0], [1, 1], [0, 3], [9, 1], [3, 2], [5, 0], [2, 4], [6, 5], [7, 2], [4, 4]]
2026-03-25 23:48:18,614 - INFO - episode:515 totalReward:-100 Actions:[[8, 4], [3, 4], [5, 5], [0, 1], [6, 2], [9, 5], [7, 3], [1, 2], [2, 0], [4, 3]]
2026-03-25 23:48:18,704 - INFO - episode:516 totalReward:-100 Actions:[[1, 5], [6, 5], [5, 1], [3, 1], [8, 3], [2, 4], [4, 4], [9, 4], [7, 2], [0, 0]]
2026-03-25 23:48:18,796 - INFO - episode:517 totalReward:-100 Actions:[[9, 1], [3, 1], [1, 5], [8, 5], [4, 4], [5, 4], [0, 2], [7, 3], [2, 0], [6, 3]]
2026-03-25 23:48:18,899 - INFO - episode:518 totalReward:-100 Actions:[[6, 2], [7, 1], [8, 0], [5, 0], [4, 2], [9, 3], [1, 5], [3, 1], [2, 5], [0, 4]]
2026-03-25 23:48:19,070 - INFO - episode:519 totalReward:-100 Actions:[[1, 0], [7, 1], [9, 2], [8, 4], [5, 0], [6, 4], [0, 3], [4, 1], [2, 2], [3, 5]]
2026-03-25 23:48:19,102 - INFO - episode:520 totalReward:0 Actions:[[1, 0], [9, 2], [7, 1], [5, 0]]
2026-03-25 23:48:19,146 - INFO - episode:521 totalReward:-100 Actions:[[0, 2], [1, 0], [3, 3], [6, 4], [5, 0], [2, 5], [9, 1], [8, 4], [4, 1], [7, 5]]
2026-03-25 23:48:19,190 - INFO - episode:522 totalReward:0 Actions:[[1, 0], [9, 2], [2, 1], [5, 3], [7, 4], [4, 5], [6, 0], [3, 2], [8, 1]]
2026-03-25 23:48:19,224 - INFO - episode:523 totalReward:0 Actions:[[1, 0], [9, 2], [3, 4], [6, 3], [5, 1], [8, 5], [4, 2], [2, 5], [7, 4]]
2026-03-25 23:48:19,252 - INFO - episode:524 totalReward:0 Actions:[[1, 2], [4, 3], [9, 4], [2, 4], [6, 5], [3, 3], [5, 0], [8, 4], [7, 1]]
2026-03-25 23:48:19,298 - INFO - episode:525 totalReward:-100 Actions:[[1, 0], [7, 1], [2, 2], [5, 0], [9, 1], [8, 4], [4, 2], [3, 5], [0, 3], [6, 5]]
2026-03-25 23:48:19,356 - INFO - episode:526 totalReward:-100 Actions:[[8, 0], [7, 1], [3, 1], [5, 0], [2, 3], [6, 4], [0, 2], [1, 3], [9, 4], [4, 5]]
2026-03-25 23:48:19,452 - INFO - episode:527 totalReward:-100 Actions:[[8, 0], [1, 5], [9, 1], [0, 3], [6, 4], [5, 1], [2, 2], [7, 0], [4, 2], [3, 4]]
2026-03-25 23:48:19,538 - INFO - episode:528 totalReward:-100 Actions:[[8, 0], [4, 5], [1, 5], [9, 1], [2, 2], [6, 2], [5, 3], [3, 0], [0, 4], [7, 1]]
2026-03-25 23:48:19,574 - INFO - episode:529 totalReward:-100 Actions:[[9, 5], [1, 0], [4, 5], [0, 2], [8, 3], [2, 0], [6, 1], [7, 1], [3, 3], [5, 4]]
2026-03-25 23:48:19,606 - INFO - episode:530 totalReward:0 Actions:[[8, 0], [5, 1], [3, 1]]
2026-03-25 23:48:19,681 - INFO - episode:531 totalReward:-100 Actions:[[5, 5], [8, 4], [0, 3], [1, 4], [9, 5], [2, 1], [3, 0], [4, 0], [6, 2], [7, 1]]
2026-03-25 23:48:19,698 - INFO - episode:532 totalReward:0 Actions:[[8, 0], [1, 5], [5, 1], [3, 3], [9, 2], [7, 0], [4, 5], [6, 3], [2, 4]]
2026-03-25 23:48:19,739 - INFO - episode:533 totalReward:-100 Actions:[[8, 0], [4, 5], [2, 5], [6, 3], [9, 4], [1, 3], [0, 1], [5, 0], [7, 2], [3, 2]]
2026-03-25 23:48:19,801 - INFO - episode:534 totalReward:0 Actions:[[8, 0], [4, 5], [5, 1], [9, 4], [3, 0], [2, 5], [7, 3], [1, 2], [6, 2]]
2026-03-25 23:48:19,831 - INFO - episode:535 totalReward:0 Actions:[[8, 2], [9, 5], [2, 2], [4, 5], [6, 3], [5, 3], [3, 0], [7, 1], [1, 4]]
2026-03-25 23:48:19,942 - INFO - episode:536 totalReward:-100 Actions:[[9, 3], [8, 0], [7, 0], [1, 4], [6, 2], [0, 5], [3, 3], [2, 1], [5, 2], [4, 1]]
2026-03-25 23:48:19,984 - INFO - episode:537 totalReward:-100 Actions:[[8, 0], [7, 0], [4, 4], [9, 3], [2, 1], [5, 4], [3, 3], [0, 2], [6, 5], [1, 1]]
2026-03-25 23:48:20,166 - INFO - episode:538 totalReward:-100 Actions:[[4, 1], [1, 5], [6, 2], [3, 3], [7, 0], [5, 0], [2, 1], [8, 5], [9, 3], [0, 4]]
2026-03-25 23:48:20,430 - INFO - episode:539 totalReward:-100 Actions:[[1, 5], [5, 1], [3, 3], [6, 4], [4, 1], [9, 5], [7, 3], [2, 2], [8, 4], [0, 0]]
2026-03-25 23:48:20,472 - INFO - episode:540 totalReward:-100 Actions:[[5, 1], [3, 1]]
2026-03-25 23:48:20,670 - INFO - episode:541 totalReward:-100 Actions:[[5, 2], [6, 3], [8, 4], [3, 3], [9, 5], [4, 2], [2, 1], [7, 1], [1, 5], [0, 0]]
2026-03-25 23:48:20,832 - INFO - episode:542 totalReward:-100 Actions:[[5, 1], [2, 0], [3, 4], [1, 2], [6, 0], [7, 4], [9, 3], [8, 3], [4, 2], [0, 5]]
2026-03-25 23:48:20,867 - INFO - episode:543 totalReward:-100 Actions:[[7, 4], [6, 0], [5, 3], [0, 5], [4, 2], [3, 1], [1, 4], [2, 0], [8, 1], [9, 2]]
2026-03-25 23:48:20,905 - INFO - episode:544 totalReward:0 Actions:[[1, 5], [6, 5], [8, 4], [5, 3], [3, 1], [7, 2], [4, 2], [9, 4], [2, 0]]
2026-03-25 23:48:20,934 - INFO - episode:545 totalReward:-100 Actions:[[8, 0], [9, 4], [1, 0], [2, 1], [5, 1], [4, 2], [0, 3], [6, 4], [3, 2], [7, 5]]
2026-03-25 23:48:21,030 - INFO - episode:546 totalReward:-100 Actions:[[2, 4], [6, 5], [1, 5], [8, 4], [9, 2], [0, 0], [3, 1], [5, 1], [4, 2], [7, 3]]
2026-03-25 23:48:21,165 - INFO - episode:547 totalReward:-100 Actions:[[8, 0], [1, 1], [9, 2], [5, 0], [6, 1], [4, 2], [7, 4], [3, 3], [0, 5], [2, 4]]
2026-03-25 23:48:21,232 - INFO - episode:548 totalReward:-100 Actions:[[8, 0], [9, 2], [3, 0], [2, 5], [4, 4], [6, 2], [7, 4], [0, 3], [1, 1], [5, 1]]
2026-03-25 23:48:21,321 - INFO - episode:549 totalReward:-100 Actions:[[4, 3], [8, 0], [3, 0], [0, 5], [2, 1], [9, 4], [1, 1], [5, 4], [6, 3], [7, 2]]
2026-03-25 23:48:21,374 - INFO - episode:550 totalReward:0 Actions:[[8, 0]]
2026-03-25 23:48:21,414 - INFO - episode:551 totalReward:-100 Actions:[[6, 4], [8, 0], [7, 0], [2, 1], [9, 4], [3, 5], [4, 2], [1, 2], [5, 1], [0, 3]]
2026-03-25 23:48:21,488 - INFO - episode:552 totalReward:-100 Actions:[[4, 2], [8, 0], [9, 5], [2, 0], [5, 5], [6, 1], [3, 1], [1, 4], [0, 3], [7, 4]]
2026-03-25 23:48:21,509 - INFO - episode:553 totalReward:0 Actions:[[8, 0], [9, 5], [6, 4], [5, 1], [3, 3], [2, 3], [7, 2], [4, 2], [1, 1]]
2026-03-25 23:48:21,800 - INFO - episode:554 totalReward:-100 Actions:[[8, 0], [7, 5], [2, 2], [3, 3], [9, 5], [4, 1], [5, 0], [0, 4], [6, 2], [1, 1]]
2026-03-25 23:48:21,942 - INFO - episode:555 totalReward:-100 Actions:[[8, 0], [3, 0], [2, 1], [9, 1], [0, 5], [7, 2], [6, 4], [1, 3], [4, 3], [5, 4]]
2026-03-25 23:48:22,007 - INFO - episode:556 totalReward:-100 Actions:[[8, 0], [7, 2], [4, 0], [3, 3], [2, 2], [1, 4], [0, 5], [9, 0], [6, 1], [5, 1]]
2026-03-25 23:48:22,031 - INFO - episode:557 totalReward:0 Actions:[[8, 3], [2, 3], [5, 0], [7, 0], [3, 1], [9, 5], [4, 2], [1, 4], [6, 1]]
2026-03-25 23:48:22,105 - INFO - episode:558 totalReward:-100 Actions:[[2, 0], [8, 0], [0, 4], [5, 5], [9, 0], [4, 3], [7, 1], [1, 3], [6, 2], [3, 2]]
2026-03-25 23:48:22,189 - INFO - episode:559 totalReward:-100 Actions:[[8, 0], [4, 5], [1, 5], [5, 2], [7, 1], [6, 0], [9, 3], [2, 1], [3, 3], [0, 4]]
2026-03-25 23:48:22,317 - INFO - episode:560 totalReward:-100 Actions:[[8, 0], [4, 5], [1, 5], [3, 1]]
2026-03-25 23:48:22,450 - INFO - episode:561 totalReward:0 Actions:[[8, 0], [4, 5], [6, 1], [1, 5], [3, 1], [2, 2], [9, 0], [7, 4], [0, 3]]
2026-03-25 23:48:22,515 - INFO - episode:562 totalReward:-100 Actions:[[8, 0], [1, 5], [9, 3], [6, 1], [5, 1], [7, 2], [3, 0], [2, 3], [0, 4], [4, 3]]
2026-03-25 23:48:22,585 - INFO - episode:563 totalReward:-100 Actions:[[8, 0], [3, 0], [2, 1], [0, 5], [1, 4], [7, 4], [5, 3], [4, 2], [9, 3], [6, 2]]
2026-03-25 23:48:22,685 - INFO - episode:564 totalReward:-100 Actions:[[1, 4], [6, 3], [8, 4], [5, 5], [0, 0], [7, 1], [2, 1], [9, 2], [3, 3], [4, 5]]
2026-03-25 23:48:22,847 - INFO - episode:565 totalReward:-100 Actions:[[8, 0], [0, 1], [1, 5], [5, 2], [9, 5], [4, 3], [2, 3], [6, 4], [7, 4], [3, 0]]
2026-03-25 23:48:22,994 - INFO - episode:566 totalReward:-100 Actions:[[9, 1], [8, 0], [3, 1], [2, 5], [7, 4], [4, 2], [6, 5], [1, 2], [5, 0], [0, 3]]
2026-03-25 23:48:23,022 - INFO - episode:567 totalReward:0 Actions:[[8, 5], [9, 1], [3, 2], [0, 3], [2, 0], [6, 0], [5, 4], [4, 5], [7, 1]]
2026-03-25 23:48:23,090 - INFO - episode:568 totalReward:-100 Actions:[[8, 0], [9, 1], [1, 5], [0, 2], [5, 4], [6, 1], [4, 4], [7, 3], [2, 0], [3, 3]]
2026-03-25 23:48:23,186 - INFO - episode:569 totalReward:117.5538743410426 Actions:[[6, 1], [9, 1], [5, 4], [8, 2], [3, 0], [4, 4], [2, 0], [0, 3], [7, 2], [1, 5]]
2026-03-25 23:48:23,213 - INFO - episode:570 totalReward:0 Actions:[[8, 0]]
2026-03-25 23:48:23,310 - INFO - episode:571 totalReward:-100 Actions:[[8, 0], [1, 4], [9, 1], [2, 1], [5, 0], [0, 3], [4, 4], [6, 5], [3, 2], [7, 5]]
2026-03-25 23:48:23,347 - INFO - episode:572 totalReward:-100 Actions:[[6, 4], [8, 0], [9, 2], [1, 1], [5, 0], [4, 4], [2, 1], [3, 5], [0, 3], [7, 2]]
2026-03-25 23:48:23,384 - INFO - episode:573 totalReward:0 Actions:[[8, 0], [9, 5], [2, 0], [4, 2], [6, 4], [5, 5], [7, 1], [1, 4], [3, 3]]
2026-03-25 23:48:23,438 - INFO - episode:574 totalReward:-100 Actions:[[8, 0], [5, 3], [4, 0], [7, 1], [3, 1], [6, 3], [9, 4], [0, 5], [2, 4], [1, 2]]
2026-03-25 23:48:23,615 - INFO - episode:575 totalReward:-100 Actions:[[8, 0], [2, 4], [7, 0], [4, 2], [9, 1], [0, 3], [1, 5], [6, 1], [5, 2], [3, 4]]
2026-03-25 23:48:23,693 - INFO - episode:576 totalReward:-100 Actions:[[8, 0], [0, 2], [9, 1], [7, 1], [3, 3], [5, 0], [6, 5], [2, 3], [4, 5], [1, 4]]
2026-03-25 23:48:23,832 - INFO - episode:577 totalReward:-100 Actions:[[8, 0], [6, 0], [9, 1], [3, 3], [1, 5], [4, 3], [7, 2], [2, 5], [5, 1], [0, 4]]
2026-03-25 23:48:23,852 - INFO - episode:578 totalReward:0 Actions:[[8, 0], [5, 1], [9, 2], [2, 3], [4, 4], [1, 2], [3, 4], [7, 0], [6, 5]]
2026-03-25 23:48:24,005 - INFO - episode:579 totalReward:171.95769561553328 Actions:[[8, 0], [7, 5], [1, 5], [4, 2], [2, 0], [5, 4], [3, 3], [9, 4], [6, 2], [0, 1]]
2026-03-25 23:48:24,068 - INFO - episode:580 totalReward:0 Actions:[[8, 0]]
2026-03-25 23:48:24,110 - INFO - episode:581 totalReward:0 Actions:[[8, 0], [4, 0], [7, 3], [2, 4], [3, 1], [6, 2], [9, 2], [5, 5], [1, 3]]
2026-03-25 23:48:24,170 - INFO - episode:582 totalReward:-100 Actions:[[8, 0], [7, 1], [3, 1], [5, 0], [2, 4], [4, 3], [9, 5], [1, 4], [6, 5], [0, 2]]
2026-03-25 23:48:24,213 - INFO - episode:583 totalReward:-100 Actions:[[8, 1], [3, 1], [4, 5], [9, 4], [2, 4], [1, 5], [6, 2], [7, 0], [5, 0], [0, 3]]
2026-03-25 23:48:24,270 - INFO - episode:584 totalReward:-100 Actions:[[8, 0], [7, 1], [3, 1], [5, 0], [6, 4], [4, 5], [0, 2], [1, 5], [2, 3], [9, 4]]
2026-03-25 23:48:24,464 - INFO - episode:585 totalReward:-100 Actions:[[8, 0], [9, 1], [7, 1], [6, 3], [5, 0], [1, 4], [2, 5], [4, 3], [3, 5], [0, 2]]
2026-03-25 23:48:24,540 - INFO - episode:586 totalReward:-100 Actions:[[8, 0], [9, 2], [6, 2], [3, 0], [1, 1], [7, 3], [5, 1], [4, 3], [2, 2], [0, 5]]
2026-03-25 23:48:24,677 - INFO - episode:587 totalReward:-100 Actions:[[8, 0], [9, 1], [1, 2], [3, 0], [0, 4], [6, 1], [2, 1], [5, 5], [7, 2], [4, 3]]
2026-03-25 23:48:24,870 - INFO - episode:588 totalReward:-100 Actions:[[8, 0], [2, 1], [6, 3], [3, 0], [5, 5], [1, 1], [4, 5], [0, 2], [9, 3], [7, 4]]
2026-03-25 23:48:24,994 - INFO - episode:589 totalReward:-100 Actions:[[7, 1], [3, 1], [5, 0], [2, 0], [0, 5], [4, 3], [1, 3], [6, 2], [9, 2], [8, 4]]
2026-03-25 23:48:25,029 - INFO - episode:590 totalReward:-100 Actions:[[8, 0], [2, 1]]
2026-03-25 23:48:25,086 - INFO - episode:591 totalReward:-100 Actions:[[8, 0], [0, 5], [2, 1], [4, 0], [7, 3], [6, 4], [9, 0], [3, 2], [5, 1], [1, 4]]
2026-03-25 23:48:25,117 - INFO - episode:592 totalReward:0 Actions:[[3, 0], [2, 1], [1, 3], [4, 0], [7, 4], [9, 4], [5, 5], [6, 2], [8, 1]]
2026-03-25 23:48:25,172 - INFO - episode:593 totalReward:198.06402189936972 Actions:[[8, 0], [0, 1], [1, 5], [9, 2], [5, 2], [4, 0], [7, 3], [6, 5], [3, 3], [2, 0]]
2026-03-25 23:48:25,318 - INFO - episode:594 totalReward:-100 Actions:[[8, 0], [4, 5], [7, 5], [3, 2], [9, 2], [6, 4], [5, 3], [1, 0], [0, 1], [2, 4]]
2026-03-25 23:48:25,363 - INFO - episode:595 totalReward:-100 Actions:[[8, 0], [4, 5], [2, 1], [7, 5], [5, 1], [0, 3], [6, 2], [9, 0], [3, 4], [1, 2]]
2026-03-25 23:48:25,465 - INFO - episode:596 totalReward:-100 Actions:[[8, 0], [4, 5], [0, 2], [9, 1], [1, 1], [6, 3], [5, 3], [2, 0], [7, 4], [3, 4]]
2026-03-25 23:48:25,582 - INFO - episode:597 totalReward:-100 Actions:[[8, 0], [1, 1], [5, 1], [6, 4], [0, 2], [2, 3], [9, 5], [4, 3], [3, 5], [7, 4]]
2026-03-25 23:48:25,665 - INFO - episode:598 totalReward:-100 Actions:[[8, 0], [2, 1], [6, 0], [4, 3], [3, 1], [1, 5], [7, 4], [9, 4], [5, 3], [0, 2]]
2026-03-25 23:48:25,707 - INFO - episode:599 totalReward:0 Actions:[[2, 5], [8, 0], [5, 2], [1, 1], [9, 5], [4, 5], [7, 4], [3, 4], [6, 3]]
2026-03-25 23:48:25,838 - INFO - episode:600 totalReward:-100 Actions:[[8, 0]]
2026-03-25 23:48:25,874 - INFO - episode:601 totalReward:-100 Actions:[[1, 2], [0, 0], [5, 3], [2, 2], [3, 5], [9, 1], [4, 1], [6, 3], [8, 1], [7, 4]]
2026-03-25 23:48:25,971 - INFO - episode:602 totalReward:-100 Actions:[[8, 0], [2, 4], [9, 0], [6, 3], [1, 1], [0, 2], [3, 5], [4, 5], [7, 3], [5, 1]]
2026-03-25 23:48:26,037 - INFO - episode:603 totalReward:-100 Actions:[[8, 0], [9, 3], [1, 1], [5, 3], [3, 0], [0, 2], [4, 5], [2, 1], [6, 4], [7, 4]]
2026-03-25 23:48:26,108 - INFO - episode:604 totalReward:-100 Actions:[[1, 0], [6, 3], [2, 4], [9, 0], [8, 1], [0, 2], [5, 3], [7, 4], [4, 5], [3, 5]]
2026-03-25 23:48:26,222 - INFO - episode:605 totalReward:-100 Actions:[[8, 0], [0, 5], [2, 1], [9, 0], [3, 2], [1, 1], [6, 4], [7, 3], [4, 0], [5, 4]]
2026-03-25 23:48:26,294 - INFO - episode:606 totalReward:-100 Actions:[[3, 0], [2, 1], [8, 5], [9, 0], [5, 3], [4, 2], [0, 4], [1, 5], [7, 2], [6, 1]]
2026-03-25 23:48:26,401 - INFO - episode:607 totalReward:-100 Actions:[[8, 0], [3, 0], [2, 1], [6, 1], [7, 3], [0, 2], [4, 5], [1, 5], [9, 4], [5, 4]]
2026-03-25 23:48:26,484 - INFO - episode:608 totalReward:-100 Actions:[[0, 0], [2, 1], [8, 5], [7, 1], [5, 2], [3, 3], [4, 5], [1, 4], [6, 4], [9, 3]]
2026-03-25 23:48:26,554 - INFO - episode:609 totalReward:-100 Actions:[[1, 5], [2, 5], [5, 4], [8, 2], [3, 3], [0, 1], [6, 3], [4, 4], [7, 0], [9, 0]]
2026-03-25 23:48:26,661 - INFO - episode:610 totalReward:-100 Actions:[[2, 5]]
2026-03-25 23:48:26,746 - INFO - episode:611 totalReward:-100 Actions:[[2, 5], [6, 3], [1, 4], [4, 1], [8, 1], [0, 2], [9, 4], [7, 5], [5, 3], [3, 0]]
2026-03-25 23:48:26,816 - INFO - episode:612 totalReward:-100 Actions:[[5, 4], [9, 2], [8, 2], [0, 5], [2, 3], [3, 3], [7, 0], [1, 1], [4, 2], [6, 4]]
2026-03-25 23:48:26,929 - INFO - episode:613 totalReward:-100 Actions:[[8, 4], [3, 3], [2, 4], [6, 2], [4, 5], [1, 1], [7, 3], [9, 5], [5, 1], [0, 0]]
2026-03-25 23:48:26,961 - INFO - episode:614 totalReward:203.16601093283975 Actions:[[8, 4], [2, 4], [0, 5], [5, 1], [3, 0], [1, 3], [9, 1], [7, 3], [4, 4], [6, 2]]
2026-03-25 23:48:27,179 - INFO - episode:615 totalReward:0 Actions:[[3, 0], [1, 2], [2, 1], [4, 5], [8, 4], [6, 5], [9, 0], [7, 3], [5, 1]]
2026-03-25 23:48:27,407 - INFO - episode:616 totalReward:-100 Actions:[[7, 5], [8, 4], [4, 4], [9, 1], [1, 5], [2, 4], [5, 2], [6, 2], [3, 3], [0, 0]]
2026-03-25 23:48:27,472 - INFO - episode:617 totalReward:-100 Actions:[[7, 5], [8, 4], [5, 2], [4, 2], [3, 5], [9, 0], [1, 3], [6, 4], [0, 1], [2, 3]]
2026-03-25 23:48:27,690 - INFO - episode:618 totalReward:-100 Actions:[[4, 2], [8, 2], [9, 5], [3, 4], [5, 5], [6, 1], [2, 1], [1, 0], [7, 0], [0, 3]]
2026-03-25 23:48:27,810 - INFO - episode:619 totalReward:-100 Actions:[[8, 2], [9, 5], [1, 4], [5, 5], [2, 2], [6, 0], [4, 0], [7, 3], [3, 3], [0, 1]]
2026-03-25 23:48:27,867 - INFO - episode:620 totalReward:-100 Actions:[[7, 5], [8, 4]]
2026-03-25 23:48:27,904 - INFO - episode:621 totalReward:-100 Actions:[[7, 5], [1, 1], [6, 3], [8, 1], [0, 2], [9, 0], [5, 4], [4, 4], [2, 3], [3, 0]]
2026-03-25 23:48:27,969 - INFO - episode:622 totalReward:-100 Actions:[[8, 1], [1, 5], [0, 0], [4, 1], [9, 1], [3, 3], [6, 3], [7, 5], [5, 4], [2, 2]]
2026-03-25 23:48:28,113 - INFO - episode:623 totalReward:-100 Actions:[[7, 5], [8, 4], [9, 1], [1, 4], [5, 2], [4, 2], [0, 3], [3, 1], [6, 0], [2, 0]]
2026-03-25 23:48:28,256 - INFO - episode:624 totalReward:-100 Actions:[[8, 4], [4, 0], [3, 0], [5, 2], [7, 4], [9, 3], [2, 1], [0, 5], [6, 3], [1, 1]]
2026-03-25 23:48:28,374 - INFO - episode:625 totalReward:-100 Actions:[[8, 0], [2, 1], [9, 4], [1, 4], [7, 2], [3, 2], [4, 0], [6, 5], [0, 3], [5, 5]]
2026-03-25 23:48:28,528 - INFO - episode:626 totalReward:-100 Actions:[[8, 2], [0, 5], [7, 3], [6, 0], [9, 4], [2, 1], [4, 2], [3, 0], [5, 4], [1, 1]]
2026-03-25 23:48:28,575 - INFO - episode:627 totalReward:-100 Actions:[[8, 2], [2, 3], [3, 1], [7, 3], [4, 2], [0, 4], [9, 2], [5, 0], [6, 0], [1, 5]]
2026-03-25 23:48:28,697 - INFO - episode:628 totalReward:-100 Actions:[[6, 0], [5, 4], [8, 2], [7, 2], [4, 0], [2, 1], [3, 5], [1, 1], [9, 4], [0, 3]]
2026-03-25 23:48:28,764 - INFO - episode:629 totalReward:-100 Actions:[[6, 0], [0, 2], [1, 0], [2, 1], [9, 5], [7, 4], [5, 3], [4, 3], [3, 5], [8, 1]]
2026-03-25 23:48:28,805 - INFO - episode:630 totalReward:-100 Actions:[[1, 0], [2, 1]]
2026-03-25 23:48:28,904 - INFO - episode:631 totalReward:-100 Actions:[[7, 1], [1, 0], [2, 1], [5, 3], [4, 2], [8, 2], [3, 4], [0, 5], [6, 0], [9, 2]]
2026-03-25 23:48:28,962 - INFO - episode:632 totalReward:-100 Actions:[[6, 0], [2, 1], [8, 2], [1, 0], [4, 2], [5, 3], [9, 4], [0, 5], [3, 4], [7, 1]]
2026-03-25 23:48:29,086 - INFO - episode:633 totalReward:0 Actions:[[7, 5], [5, 4], [9, 5], [8, 3], [6, 1], [4, 0], [1, 2], [3, 3], [2, 1]]
2026-03-25 23:48:29,190 - INFO - episode:634 totalReward:0 Actions:[[1, 1], [6, 3], [4, 3], [3, 2], [8, 4], [2, 1], [7, 4], [5, 0], [9, 5]]
2026-03-25 23:48:29,337 - INFO - episode:635 totalReward:-100 Actions:[[6, 0], [3, 2], [2, 3], [7, 5], [1, 0], [5, 1], [8, 2], [0, 4], [4, 3], [9, 1]]
2026-03-25 23:48:29,392 - INFO - episode:636 totalReward:0 Actions:[[8, 0], [2, 1], [5, 2], [4, 3], [7, 0], [6, 4], [9, 5], [1, 4], [3, 1]]
2026-03-25 23:48:29,445 - INFO - episode:637 totalReward:0 Actions:[[8, 0], [2, 1], [9, 3], [1, 0], [6, 1], [4, 3], [3, 2], [0, 4], [7, 5]]
2026-03-25 23:48:29,516 - INFO - episode:638 totalReward:0 Actions:[[8, 0], [2, 1], [7, 2], [4, 5], [6, 2], [5, 0], [3, 3], [9, 4], [1, 4]]
2026-03-25 23:48:29,704 - INFO - episode:639 totalReward:-100 Actions:[[8, 0], [1, 5], [6, 0], [4, 2], [3, 2], [9, 4], [2, 4], [0, 3], [5, 1], [7, 5]]
2026-03-25 23:48:30,029 - INFO - episode:640 totalReward:-100 Actions:[[0, 0]]
2026-03-25 23:48:30,119 - INFO - episode:641 totalReward:-100 Actions:[[0, 0], [2, 5], [8, 4], [3, 4], [4, 3], [6, 2], [7, 3], [9, 2], [5, 1], [1, 5]]
2026-03-25 23:48:30,176 - INFO - episode:642 totalReward:-100 Actions:[[8, 0], [2, 1], [1, 4], [5, 0], [3, 2], [7, 5], [0, 3], [4, 5], [9, 2], [6, 1]]
2026-03-25 23:48:30,198 - INFO - episode:643 totalReward:0 Actions:[[8, 0], [2, 1], [7, 4], [3, 1], [5, 0], [6, 3], [9, 2], [4, 4], [1, 5]]
2026-03-25 23:48:30,313 - INFO - episode:644 totalReward:-100 Actions:[[8, 0], [1, 0], [2, 1], [3, 3], [4, 3], [5, 1], [9, 4], [0, 2], [6, 5], [7, 5]]
2026-03-25 23:48:30,361 - INFO - episode:645 totalReward:-100 Actions:[[6, 0], [9, 2], [1, 2], [8, 1], [5, 0], [4, 3], [3, 3], [7, 4], [0, 5], [2, 4]]
2026-03-25 23:48:30,405 - INFO - episode:646 totalReward:-100 Actions:[[8, 0], [2, 1], [9, 5], [6, 4], [3, 3], [5, 0], [4, 1], [7, 4], [0, 2], [1, 5]]
2026-03-25 23:48:30,706 - INFO - episode:647 totalReward:-100 Actions:[[8, 0], [2, 1], [0, 2], [6, 5], [9, 4], [1, 4], [7, 0], [3, 5], [4, 1], [5, 3]]
2026-03-25 23:48:30,740 - INFO - episode:648 totalReward:0 Actions:[[8, 0], [2, 1], [7, 2], [5, 3], [4, 3], [1, 2], [9, 1], [6, 5], [3, 4]]
2026-03-25 23:48:30,832 - INFO - episode:649 totalReward:-100 Actions:[[0, 0], [3, 2], [7, 3], [8, 4], [2, 2], [5, 1], [6, 1], [4, 5], [9, 5], [1, 4]]
2026-03-25 23:48:30,973 - INFO - episode:650 totalReward:-100 Actions:[[0, 0], [2, 1]]
2026-03-25 23:48:31,075 - INFO - episode:651 totalReward:-100 Actions:[[0, 0], [2, 1], [5, 1], [3, 5], [4, 3], [9, 4], [7, 3], [6, 4], [8, 5], [1, 2]]
2026-03-25 23:48:31,277 - INFO - episode:652 totalReward:-100 Actions:[[8, 0], [2, 1], [1, 1], [5, 0], [7, 5], [6, 4], [0, 3], [4, 2], [9, 2], [3, 5]]
2026-03-25 23:48:31,332 - INFO - episode:653 totalReward:0 Actions:[[8, 0], [2, 1], [4, 5], [7, 2], [9, 1], [6, 3], [5, 0], [1, 2], [3, 4]]
2026-03-25 23:48:31,346 - INFO - episode:654 totalReward:0 Actions:[[8, 0], [2, 1], [1, 2], [5, 3], [9, 1], [7, 5], [3, 4], [4, 2], [6, 5]]
2026-03-25 23:48:31,389 - INFO - episode:655 totalReward:-100 Actions:[[8, 0], [2, 1], [9, 4], [3, 4], [1, 1], [6, 3], [4, 3], [0, 5], [5, 2], [7, 0]]
2026-03-25 23:48:31,623 - INFO - episode:656 totalReward:-100 Actions:[[0, 0], [3, 4], [6, 3], [8, 3], [2, 4], [5, 2], [9, 1], [4, 1], [1, 5], [7, 5]]
2026-03-25 23:48:31,807 - INFO - episode:657 totalReward:-100 Actions:[[8, 0], [2, 1], [3, 0], [9, 5], [5, 1], [7, 5], [6, 4], [0, 3], [1, 2], [4, 4]]
2026-03-25 23:48:31,943 - INFO - episode:658 totalReward:-100 Actions:[[4, 2], [6, 0], [3, 2], [5, 3], [8, 1], [9, 1], [7, 4], [2, 0], [1, 4], [0, 5]]
2026-03-25 23:48:32,311 - INFO - episode:659 totalReward:-100 Actions:[[0, 0], [2, 4], [8, 2], [9, 4], [7, 5], [4, 1], [6, 3], [3, 5], [1, 3], [5, 1]]
2026-03-25 23:48:32,400 - INFO - episode:660 totalReward:-100 Actions:[[0, 0]]
2026-03-25 23:48:32,479 - INFO - episode:661 totalReward:-100 Actions:[[0, 0], [5, 5], [2, 3], [9, 1], [7, 2], [8, 2], [6, 3], [4, 5], [1, 1], [3, 4]]
2026-03-25 23:48:32,572 - INFO - episode:662 totalReward:-100 Actions:[[0, 0], [5, 2], [4, 5], [3, 4], [1, 5], [9, 1], [8, 1], [2, 3], [6, 3], [7, 4]]
2026-03-25 23:48:32,607 - INFO - episode:663 totalReward:-100 Actions:[[0, 0], [8, 4], [3, 1], [7, 1], [2, 4], [9, 5], [6, 5], [1, 2], [4, 2], [5, 3]]
2026-03-25 23:48:32,669 - INFO - episode:664 totalReward:103.34987890821695 Actions:[[0, 0], [8, 1], [9, 4], [1, 5], [4, 3], [7, 1], [6, 3], [5, 4], [3, 2], [2, 2]]
2026-03-25 23:48:32,758 - INFO - episode:665 totalReward:-100 Actions:[[0, 0], [7, 2], [3, 2], [6, 1], [2, 1], [4, 5], [1, 5], [9, 3], [8, 4], [5, 3]]
2026-03-25 23:48:33,100 - INFO - episode:666 totalReward:172.83933210663375 Actions:[[0, 0], [4, 3], [5, 3], [8, 1], [6, 4], [9, 5], [7, 5], [2, 1], [1, 2], [3, 4]]
2026-03-25 23:48:33,208 - INFO - episode:667 totalReward:-100 Actions:[[0, 0], [1, 4], [9, 4], [5, 1], [2, 2], [8, 2], [3, 3], [7, 3], [4, 2], [6, 1]]
2026-03-25 23:48:33,266 - INFO - episode:668 totalReward:-100 Actions:[[0, 0], [1, 4], [6, 1], [7, 3], [5, 2], [8, 5], [3, 3], [9, 4], [2, 5], [4, 1]]
2026-03-25 23:48:33,330 - INFO - episode:669 totalReward:-100 Actions:[[0, 0], [9, 3], [3, 1], [4, 5], [8, 4], [7, 2], [1, 3], [6, 4], [5, 1], [2, 2]]
2026-03-25 23:48:33,377 - INFO - episode:670 totalReward:-100 Actions:[[0, 0], [1, 2]]
2026-03-25 23:48:33,460 - INFO - episode:671 totalReward:-100 Actions:[[0, 0], [1, 2], [3, 4], [6, 3], [7, 1], [2, 5], [9, 3], [8, 4], [4, 5], [5, 1]]
2026-03-25 23:48:33,524 - INFO - episode:672 totalReward:-100 Actions:[[0, 0], [7, 3], [3, 2], [8, 2], [1, 3], [2, 5], [5, 1], [6, 4], [4, 4], [9, 5]]
2026-03-25 23:48:33,688 - INFO - episode:673 totalReward:-100 Actions:[[0, 0], [2, 5], [1, 4], [3, 3], [8, 1], [9, 4], [6, 2], [7, 1], [4, 3], [5, 2]]
2026-03-25 23:48:33,923 - INFO - episode:674 totalReward:-100 Actions:[[0, 0], [7, 1], [2, 1], [4, 4], [8, 4], [1, 5], [9, 3], [6, 5], [5, 2], [3, 3]]
2026-03-25 23:48:34,055 - INFO - episode:675 totalReward:-100 Actions:[[0, 0], [2, 1], [5, 2], [9, 4], [6, 2], [3, 4], [8, 3], [4, 5], [7, 5], [1, 3]]
2026-03-25 23:48:34,338 - INFO - episode:676 totalReward:-100 Actions:[[0, 0], [2, 4], [3, 1], [4, 3], [7, 3], [1, 4], [6, 2], [5, 2], [9, 1], [8, 5]]
2026-03-25 23:48:34,435 - INFO - episode:677 totalReward:-100 Actions:[[0, 0], [9, 3], [6, 5], [4, 4], [5, 3], [3, 4], [2, 5], [8, 2], [7, 2], [1, 1]]
2026-03-25 23:48:34,647 - INFO - episode:678 totalReward:-100 Actions:[[0, 0], [9, 3], [4, 1], [7, 3], [3, 5], [6, 1], [2, 4], [1, 4], [8, 5], [5, 2]]
2026-03-25 23:48:34,843 - INFO - episode:679 totalReward:-100 Actions:[[0, 0], [9, 3], [2, 2], [6, 4], [4, 2], [3, 1], [8, 3], [7, 4], [5, 1], [1, 5]]
2026-03-25 23:48:34,957 - INFO - episode:680 totalReward:-100 Actions:[[0, 0], [7, 1]]
2026-03-25 23:48:35,084 - INFO - episode:681 totalReward:-100 Actions:[[0, 0], [7, 1], [5, 1], [1, 5], [3, 3], [9, 3], [2, 5], [8, 2], [4, 2], [6, 4]]
2026-03-25 23:48:35,113 - INFO - episode:682 totalReward:-100 Actions:[[0, 0], [3, 5], [8, 1], [7, 1], [4, 3], [9, 4], [5, 4], [6, 2], [1, 3], [2, 2]]
2026-03-25 23:48:35,256 - INFO - episode:683 totalReward:-100 Actions:[[0, 0], [4, 2], [7, 1], [6, 5], [1, 5], [5, 1], [8, 4], [3, 2], [9, 4], [2, 3]]
2026-03-25 23:48:35,418 - INFO - episode:684 totalReward:-100 Actions:[[0, 0], [7, 1], [5, 2], [9, 4], [2, 1], [4, 5], [6, 4], [1, 5], [8, 3], [3, 3]]
2026-03-25 23:48:35,510 - INFO - episode:685 totalReward:-100 Actions:[[5, 1], [8, 4], [4, 3], [3, 1], [2, 3], [9, 2], [1, 4], [0, 0], [6, 5], [7, 5]]
2026-03-25 23:48:35,575 - INFO - episode:686 totalReward:222.5860978916818 Actions:[[0, 0], [8, 1], [2, 1], [1, 5], [6, 4], [7, 3], [5, 4], [4, 3], [9, 1], [3, 2]]
2026-03-25 23:48:36,136 - INFO - episode:687 totalReward:-100 Actions:[[0, 0], [8, 2], [3, 1], [9, 1], [6, 2], [7, 5], [1, 5], [2, 4], [4, 4], [5, 3]]
2026-03-25 23:48:36,257 - INFO - episode:688 totalReward:174.04322728260865 Actions:[[8, 2], [6, 5], [4, 0], [2, 2], [1, 5], [0, 3], [5, 0], [9, 4], [7, 1], [3, 1]]
2026-03-25 23:48:36,340 - INFO - episode:689 totalReward:0 Actions:[[8, 2], [9, 4], [7, 2], [6, 5], [4, 5], [2, 1], [3, 3], [5, 4], [1, 0]]
2026-03-25 23:48:36,440 - INFO - episode:690 totalReward:-100 Actions:[[8, 2]]
2026-03-25 23:48:36,635 - INFO - episode:691 totalReward:-100 Actions:[[8, 2], [2, 5], [0, 3], [9, 2], [3, 4], [7, 4], [4, 1], [5, 1], [6, 0], [1, 5]]
2026-03-25 23:48:36,801 - INFO - episode:692 totalReward:-100 Actions:[[0, 0], [7, 1], [4, 4], [1, 4], [3, 2], [6, 1], [9, 3], [2, 5], [8, 2], [5, 3]]
2026-03-25 23:48:36,887 - INFO - episode:693 totalReward:-100 Actions:[[0, 0], [7, 1], [9, 3], [5, 1], [4, 3], [2, 5], [8, 5], [6, 2], [1, 2], [3, 4]]
2026-03-25 23:48:36,945 - INFO - episode:694 totalReward:-100 Actions:[[0, 0], [4, 4], [9, 3], [7, 5], [6, 2], [5, 4], [2, 3], [1, 5], [8, 3], [3, 2]]
2026-03-25 23:48:37,138 - INFO - episode:695 totalReward:-100 Actions:[[0, 0], [3, 3], [8, 2], [4, 3], [2, 2], [5, 4], [1, 1], [6, 1], [9, 4], [7, 5]]
2026-03-25 23:48:37,197 - INFO - episode:696 totalReward:-100 Actions:[[0, 0], [9, 2], [6, 2], [7, 4], [5, 1], [4, 3], [3, 1], [1, 5], [2, 2], [8, 3]]
2026-03-25 23:48:37,271 - INFO - episode:697 totalReward:0 Actions:[[0, 0], [7, 5], [6, 2], [4, 3], [2, 5], [9, 2], [5, 4], [8, 3], [1, 1]]
2026-03-25 23:48:37,950 - INFO - episode:698 totalReward:-100 Actions:[[4, 2], [0, 0], [7, 5], [2, 1], [1, 3], [9, 1], [8, 5], [3, 4], [6, 1], [5, 2]]
2026-03-25 23:48:38,464 - INFO - episode:699 totalReward:-100 Actions:[[0, 0], [7, 5], [1, 3], [8, 2], [3, 2], [4, 1], [9, 5], [2, 1], [6, 4], [5, 4]]
2026-03-25 23:48:38,584 - INFO - episode:700 totalReward:-100 Actions:[[0, 0], [7, 5]]
2026-03-25 23:48:38,817 - INFO - episode:701 totalReward:-100 Actions:[[0, 0], [7, 5], [5, 4], [2, 5], [1, 2], [4, 4], [6, 2], [8, 3], [3, 1], [9, 3]]
2026-03-25 23:48:38,984 - INFO - episode:702 totalReward:-100 Actions:[[0, 0], [7, 1], [5, 4], [4, 3], [8, 5], [1, 1], [3, 5], [6, 2], [2, 3], [9, 3]]
2026-03-25 23:48:39,092 - INFO - episode:703 totalReward:-100 Actions:[[0, 0], [2, 5], [7, 5], [5, 2], [4, 2], [8, 1], [1, 1], [3, 3], [6, 3], [9, 4]]
2026-03-25 23:48:39,187 - INFO - episode:704 totalReward:222.49494824213423 Actions:[[0, 0], [6, 2], [8, 1], [2, 1], [1, 3], [3, 4], [7, 2], [4, 5], [9, 1], [5, 5]]
2026-03-25 23:48:39,333 - INFO - episode:705 totalReward:-100 Actions:[[0, 0], [1, 5], [7, 5], [2, 2], [3, 1], [6, 4], [5, 1], [9, 2], [4, 3], [8, 4]]
2026-03-25 23:48:39,396 - INFO - episode:706 totalReward:-100 Actions:[[0, 0], [7, 5], [8, 4], [1, 1], [9, 2], [2, 3], [3, 5], [4, 4], [6, 3], [5, 1]]
2026-03-25 23:48:39,468 - INFO - episode:707 totalReward:-100 Actions:[[8, 2], [4, 5], [5, 1], [2, 1], [0, 3], [7, 5], [9, 4], [1, 0], [6, 0], [3, 2]]
2026-03-25 23:48:39,530 - INFO - episode:708 totalReward:-100 Actions:[[0, 0], [6, 2], [8, 2], [1, 1], [2, 4], [7, 5], [9, 4], [4, 3], [3, 5], [5, 3]]
2026-03-25 23:48:39,989 - INFO - episode:709 totalReward:-100 Actions:[[0, 0], [7, 1], [2, 4], [6, 3], [9, 4], [5, 5], [4, 3], [1, 1], [8, 4], [3, 2]]
2026-03-25 23:48:40,365 - INFO - episode:710 totalReward:-100 Actions:[[0, 0]]
2026-03-25 23:48:40,498 - INFO - episode:711 totalReward:-100 Actions:[[8, 3], [0, 0], [2, 2], [1, 2], [4, 5], [7, 4], [3, 4], [6, 1], [9, 1], [5, 5]]
2026-03-25 23:48:40,612 - INFO - episode:712 totalReward:-100 Actions:[[5, 2], [6, 3], [9, 0], [3, 3], [0, 5], [1, 4], [4, 2], [7, 4], [8, 0], [2, 1]]
2026-03-25 23:48:40,704 - INFO - episode:713 totalReward:-100 Actions:[[8, 2], [7, 0], [9, 1], [4, 5], [1, 1], [5, 4], [2, 5], [0, 3], [6, 4], [3, 0]]
2026-03-25 23:48:41,012 - INFO - episode:714 totalReward:-100 Actions:[[8, 2], [5, 5], [3, 3], [7, 1], [6, 1], [9, 0], [4, 3], [0, 4], [2, 0], [1, 2]]
2026-03-25 23:48:41,279 - INFO - episode:715 totalReward:-100 Actions:[[8, 2], [1, 2], [3, 4], [7, 3], [9, 4], [2, 5], [6, 0], [4, 5], [0, 1], [5, 0]]
2026-03-25 23:48:41,633 - INFO - episode:716 totalReward:-100 Actions:[[0, 0], [7, 5], [6, 3], [3, 4], [4, 5], [9, 3], [1, 2], [2, 2], [8, 4], [5, 1]]
2026-03-25 23:48:41,691 - INFO - episode:717 totalReward:-100 Actions:[[8, 2], [3, 4], [1, 3], [7, 4], [5, 5], [4, 5], [6, 3], [2, 1], [9, 1], [0, 0]]
2026-03-25 23:48:41,992 - INFO - episode:718 totalReward:-100 Actions:[[8, 2], [6, 0], [7, 5], [0, 3], [2, 0], [1, 2], [3, 5], [9, 0], [5, 1], [4, 1]]
2026-03-25 23:48:42,117 - INFO - episode:719 totalReward:-100 Actions:[[7, 5], [8, 2], [6, 5], [0, 1], [2, 4], [1, 4], [4, 2], [5, 0], [9, 3], [3, 0]]
2026-03-25 23:48:42,165 - INFO - episode:720 totalReward:-100 Actions:[[8, 2], [3, 2], [4, 3]]
2026-03-25 23:48:42,305 - INFO - episode:721 totalReward:-100 Actions:[[8, 2], [3, 2], [5, 5], [6, 5], [0, 4], [2, 1], [4, 3], [9, 0], [1, 3], [7, 0]]
2026-03-25 23:48:42,659 - INFO - episode:722 totalReward:-100 Actions:[[8, 2], [3, 2], [4, 3], [7, 0], [2, 1], [1, 5], [9, 5], [5, 1], [6, 0], [0, 4]]
2026-03-25 23:48:42,735 - INFO - episode:723 totalReward:204.78802777751653 Actions:[[8, 2], [2, 2], [6, 4], [0, 3], [7, 5], [5, 1], [4, 2], [1, 4], [9, 5], [3, 0]]
2026-03-25 23:48:43,029 - INFO - episode:724 totalReward:0 Actions:[[8, 2], [6, 0], [1, 1], [4, 0], [2, 1], [9, 3], [3, 5], [7, 3], [0, 4]]
2026-03-25 23:48:43,211 - INFO - episode:725 totalReward:-100 Actions:[[2, 5], [8, 2], [1, 3], [7, 2], [6, 3], [3, 0], [5, 0], [0, 4], [4, 5], [9, 5]]
2026-03-25 23:48:43,443 - INFO - episode:726 totalReward:-100 Actions:[[0, 0], [7, 5], [3, 5], [8, 4], [4, 3], [1, 2], [9, 2], [2, 3], [6, 4], [5, 1]]
2026-03-25 23:48:43,495 - INFO - episode:727 totalReward:0 Actions:[[2, 3], [8, 2], [7, 0], [6, 4], [1, 2], [3, 3], [4, 1], [5, 1], [9, 5]]
2026-03-25 23:48:43,817 - INFO - episode:728 totalReward:-100 Actions:[[0, 0], [7, 5], [1, 3], [8, 2], [2, 2], [5, 4], [9, 4], [6, 5], [4, 3], [3, 1]]
2026-03-25 23:48:43,849 - INFO - episode:729 totalReward:-100 Actions:[[0, 0], [7, 5], [2, 5], [6, 3], [8, 3], [4, 4], [1, 4], [9, 2], [5, 2], [3, 1]]
2026-03-25 23:48:44,052 - INFO - episode:730 totalReward:-100 Actions:[[0, 0], [7, 5], [6, 1]]
2026-03-25 23:48:44,240 - INFO - episode:731 totalReward:-100 Actions:[[0, 0], [7, 5], [6, 1], [9, 4], [3, 4], [2, 5], [5, 1], [4, 3], [1, 2], [8, 3]]
2026-03-25 23:48:44,438 - INFO - episode:732 totalReward:-100 Actions:[[0, 0], [7, 5], [2, 4], [6, 3], [3, 5], [8, 4], [4, 3], [1, 2], [9, 4], [5, 1]]
2026-03-25 23:48:44,591 - INFO - episode:733 totalReward:-100 Actions:[[0, 0], [7, 5], [2, 4], [9, 4], [3, 5], [8, 4], [4, 2], [5, 2], [1, 1], [6, 1]]
2026-03-25 23:48:44,762 - INFO - episode:734 totalReward:172.7518473584298 Actions:[[2, 4], [0, 5], [8, 4], [7, 3], [9, 0], [4, 3], [6, 2], [5, 2], [3, 1], [1, 0]]
2026-03-25 23:48:44,893 - INFO - episode:735 totalReward:-100 Actions:[[2, 4], [3, 4], [8, 0], [9, 2], [7, 2], [4, 1], [6, 0], [0, 5], [5, 1], [1, 3]]
2026-03-25 23:48:45,336 - INFO - episode:736 totalReward:-100 Actions:[[2, 4], [8, 2], [9, 2], [5, 3], [0, 0], [3, 4], [4, 2], [6, 1], [7, 1], [1, 5]]
2026-03-25 23:48:45,393 - INFO - episode:737 totalReward:-100 Actions:[[2, 4], [8, 4], [3, 5], [6, 1], [7, 2], [1, 2], [9, 5], [4, 0], [5, 1], [0, 3]]
2026-03-25 23:48:45,460 - INFO - episode:738 totalReward:-100 Actions:[[8, 4], [1, 4], [7, 2], [5, 5], [2, 1], [0, 0], [9, 3], [6, 5], [4, 3], [3, 2]]
2026-03-25 23:48:45,631 - INFO - episode:739 totalReward:-100 Actions:[[8, 4], [0, 3], [5, 5], [7, 0], [9, 4], [1, 2], [4, 4], [6, 5], [2, 0], [3, 1]]
2026-03-25 23:48:45,843 - INFO - episode:740 totalReward:-100 Actions:[[8, 2]]
2026-03-25 23:48:45,879 - INFO - episode:741 totalReward:-100 Actions:[[8, 2], [4, 0], [1, 0], [9, 2], [2, 1], [5, 4], [0, 3], [3, 1], [7, 5], [6, 4]]
2026-03-25 23:48:45,957 - INFO - episode:742 totalReward:172.57833003959584 Actions:[[2, 4], [7, 1], [1, 0], [0, 5], [5, 3], [4, 1], [8, 4], [9, 2], [3, 2], [6, 0]]
2026-03-25 23:48:46,023 - INFO - episode:743 totalReward:-100 Actions:[[8, 2], [1, 0], [3, 5], [6, 4], [2, 1], [9, 0], [5, 4], [7, 2], [4, 5], [0, 3]]
2026-03-25 23:48:46,141 - INFO - episode:744 totalReward:-100 Actions:[[8, 2], [1, 2], [3, 1], [5, 0], [9, 0], [2, 1], [4, 5], [6, 5], [0, 4], [7, 3]]
2026-03-25 23:48:46,274 - INFO - episode:745 totalReward:-100 Actions:[[8, 2], [6, 0], [5, 1], [9, 3], [2, 2], [4, 5], [1, 1], [7, 3], [3, 5], [0, 4]]
2026-03-25 23:48:46,599 - INFO - episode:746 totalReward:-100 Actions:[[8, 2], [7, 1], [6, 0], [5, 4], [9, 4], [2, 5], [3, 2], [4, 1], [1, 0], [0, 3]]
2026-03-25 23:48:46,672 - INFO - episode:747 totalReward:0 Actions:[[8, 2], [6, 5], [9, 2], [4, 3], [5, 4], [7, 3], [3, 0], [2, 5], [0, 1]]
2026-03-25 23:48:46,749 - INFO - episode:748 totalReward:0 Actions:[[8, 2], [7, 0], [9, 3], [4, 2], [0, 1], [3, 5], [6, 0], [1, 4], [2, 3]]
2026-03-25 23:48:46,835 - INFO - episode:749 totalReward:0 Actions:[[8, 0], [1, 5], [2, 0], [7, 1], [9, 1], [0, 3], [3, 4], [6, 2], [4, 2]]
2026-03-25 23:48:47,103 - INFO - episode:750 totalReward:-100 Actions:[[8, 2]]
2026-03-25 23:48:47,147 - INFO - episode:751 totalReward:-100 Actions:[[8, 2], [9, 0], [3, 3], [2, 2], [1, 4], [7, 5], [5, 0], [4, 3], [6, 5], [0, 1]]
2026-03-25 23:48:47,195 - INFO - episode:752 totalReward:-100 Actions:[[8, 2], [9, 2], [2, 2], [3, 3], [4, 1], [0, 5], [7, 1], [6, 4], [1, 0], [5, 0]]
2026-03-25 23:48:47,421 - INFO - episode:753 totalReward:-100 Actions:[[8, 2], [0, 3], [1, 2], [6, 5], [5, 5], [2, 0], [3, 1], [4, 1], [7, 0], [9, 4]]
2026-03-25 23:48:47,553 - INFO - episode:754 totalReward:112.09731617483143 Actions:[[8, 2], [6, 0], [5, 1], [4, 1], [3, 4], [7, 2], [0, 3], [1, 0], [9, 5], [2, 4]]
2026-03-25 23:48:47,665 - INFO - episode:755 totalReward:-100 Actions:[[8, 2], [6, 4], [2, 2], [3, 4], [5, 5], [1, 3], [4, 1], [7, 1], [9, 2], [0, 0]]
2026-03-25 23:48:47,689 - INFO - episode:756 totalReward:0 Actions:[[8, 2], [2, 0], [6, 5], [7, 3], [3, 0], [9, 5], [1, 2], [5, 1], [4, 4]]
2026-03-25 23:48:47,789 - INFO - episode:757 totalReward:-100 Actions:[[8, 2], [6, 5], [2, 3], [3, 4], [5, 1], [4, 5], [9, 3], [0, 0], [1, 2], [7, 4]]
2026-03-25 23:48:48,001 - INFO - episode:758 totalReward:-100 Actions:[[8, 4], [5, 3], [2, 0], [6, 4], [1, 2], [9, 1], [4, 2], [0, 5], [7, 1], [3, 0]]
2026-03-25 23:48:48,303 - INFO - episode:759 totalReward:-100 Actions:[[8, 2], [3, 2], [6, 4], [1, 5], [4, 0], [0, 1], [2, 4], [9, 5], [5, 0], [7, 3]]
2026-03-25 23:48:48,422 - INFO - episode:760 totalReward:-100 Actions:[[8, 2]]
2026-03-25 23:48:48,504 - INFO - episode:761 totalReward:-100 Actions:[[8, 2], [9, 1], [3, 2], [6, 0], [4, 4], [7, 3], [2, 1], [1, 3], [5, 4], [0, 5]]
2026-03-25 23:48:48,605 - INFO - episode:762 totalReward:-100 Actions:[[8, 2], [2, 4], [3, 4], [4, 0], [9, 3], [7, 3], [6, 2], [5, 1], [0, 5], [1, 0]]
2026-03-25 23:48:48,728 - INFO - episode:763 totalReward:-100 Actions:[[8, 2], [9, 0], [3, 2], [5, 3], [4, 0], [1, 5], [6, 5], [7, 4], [2, 4], [0, 1]]
2026-03-25 23:48:48,761 - INFO - episode:764 totalReward:0 Actions:[[8, 2], [2, 4], [6, 0], [3, 2], [4, 3], [9, 1], [5, 5], [1, 1], [7, 4]]
2026-03-25 23:48:49,091 - INFO - episode:765 totalReward:-100 Actions:[[8, 2], [0, 4], [7, 0], [1, 2], [4, 5], [6, 3], [5, 3], [3, 0], [9, 1], [2, 1]]
2026-03-25 23:48:49,194 - INFO - episode:766 totalReward:-100 Actions:[[8, 2], [7, 5], [6, 2], [3, 1], [4, 5], [9, 3], [0, 4], [2, 0], [1, 3], [5, 1]]
2026-03-25 23:48:49,337 - INFO - episode:767 totalReward:-100 Actions:[[8, 2], [7, 2], [5, 3], [3, 5], [0, 4], [4, 3], [6, 1], [1, 0], [9, 0], [2, 1]]
2026-03-25 23:48:49,457 - INFO - episode:768 totalReward:-100 Actions:[[8, 2], [9, 1], [3, 2], [0, 0], [2, 4], [4, 5], [7, 1], [1, 5], [6, 4], [5, 3]]
2026-03-25 23:48:49,600 - INFO - episode:769 totalReward:-100 Actions:[[8, 2], [2, 3], [7, 4], [0, 5], [1, 1], [3, 2], [5, 1], [6, 4], [9, 3], [4, 0]]
2026-03-25 23:48:49,713 - INFO - episode:770 totalReward:-100 Actions:[[8, 2]]
2026-03-25 23:48:49,794 - INFO - episode:771 totalReward:-100 Actions:[[8, 2], [1, 1], [4, 2], [5, 0], [2, 1], [6, 3], [7, 0], [0, 5], [3, 4], [9, 2]]
2026-03-25 23:48:49,854 - INFO - episode:772 totalReward:0 Actions:[[8, 2], [6, 4], [7, 0], [5, 1], [2, 1], [9, 3], [4, 5], [3, 4], [1, 3]]
2026-03-25 23:48:50,146 - INFO - episode:773 totalReward:-100 Actions:[[8, 2], [9, 1], [5, 5], [6, 3], [1, 0], [7, 3], [3, 1], [4, 5], [0, 4], [2, 2]]
2026-03-25 23:48:50,485 - INFO - episode:774 totalReward:-100 Actions:[[8, 2], [3, 4], [9, 2], [7, 1], [4, 0], [1, 3], [2, 4], [6, 0], [0, 5], [5, 1]]
2026-03-25 23:48:50,531 - INFO - episode:775 totalReward:0 Actions:[[8, 2], [4, 4], [9, 4], [2, 5], [3, 5], [7, 3], [0, 0], [1, 1], [6, 1]]
2026-03-25 23:48:50,691 - INFO - episode:776 totalReward:-100 Actions:[[8, 2], [9, 4], [7, 2], [6, 4], [4, 1], [3, 0], [2, 0], [1, 3], [5, 1], [0, 5]]
2026-03-25 23:48:51,187 - INFO - episode:777 totalReward:-100 Actions:[[8, 2], [5, 1], [9, 2], [3, 1], [6, 4], [4, 3], [2, 3], [7, 4], [0, 0], [1, 5]]
2026-03-25 23:48:51,303 - INFO - episode:778 totalReward:-100 Actions:[[2, 4], [8, 2], [0, 1], [4, 3], [6, 0], [1, 4], [9, 2], [7, 5], [3, 0], [5, 3]]
2026-03-25 23:48:51,338 - INFO - episode:779 totalReward:0 Actions:[[2, 4], [8, 2], [9, 3], [3, 5], [4, 2], [6, 3], [5, 0], [7, 5], [1, 1]]
2026-03-25 23:48:51,502 - INFO - episode:780 totalReward:-100 Actions:[[8, 2]]
2026-03-25 23:48:51,643 - INFO - episode:781 totalReward:-100 Actions:[[5, 5], [8, 4], [6, 2], [0, 0], [9, 2], [3, 4], [4, 3], [1, 1], [2, 3], [7, 1]]
2026-03-25 23:48:51,745 - INFO - episode:782 totalReward:0 Actions:[[8, 2], [3, 4], [5, 5], [1, 3], [4, 4], [6, 0], [7, 1], [2, 3], [9, 2]]
2026-03-25 23:48:51,847 - INFO - episode:783 totalReward:-100 Actions:[[8, 2], [3, 4], [5, 5], [9, 2], [7, 3], [0, 1], [1, 0], [6, 5], [2, 0], [4, 3]]
2026-03-25 23:48:52,027 - INFO - episode:784 totalReward:-100 Actions:[[6, 2], [8, 2], [3, 4], [5, 5], [2, 3], [4, 3], [0, 0], [7, 4], [9, 1], [1, 1]]
2026-03-25 23:48:52,158 - INFO - episode:785 totalReward:-100 Actions:[[2, 4], [0, 1], [3, 4], [9, 5], [8, 5], [4, 0], [7, 0], [6, 3], [5, 3], [1, 2]]
2026-03-25 23:48:52,278 - INFO - episode:786 totalReward:-100 Actions:[[2, 4], [4, 3], [8, 2], [3, 4], [0, 1], [1, 2], [5, 0], [6, 0], [9, 5], [7, 3]]
2026-03-25 23:48:52,357 - INFO - episode:787 totalReward:-100 Actions:[[2, 4], [9, 5], [0, 1], [1, 3], [6, 0], [7, 3], [4, 2], [3, 2], [5, 0], [8, 4]]
2026-03-25 23:48:52,726 - INFO - episode:788 totalReward:-100 Actions:[[2, 4], [8, 2], [6, 0], [0, 1], [7, 2], [1, 3], [3, 4], [9, 3], [5, 0], [4, 5]]
2026-03-25 23:48:52,890 - INFO - episode:789 totalReward:-100 Actions:[[8, 2], [4, 3], [0, 1], [2, 5], [6, 5], [9, 0], [5, 0], [3, 3], [7, 4], [1, 4]]
2026-03-25 23:48:53,077 - INFO - episode:790 totalReward:-100 Actions:[[8, 2]]
2026-03-25 23:48:53,208 - INFO - episode:791 totalReward:-100 Actions:[[8, 0], [9, 3], [1, 1], [0, 2], [4, 3], [5, 4], [6, 4], [7, 5], [2, 3], [3, 0]]
2026-03-25 23:48:53,399 - INFO - episode:792 totalReward:-100 Actions:[[0, 3], [5, 0], [8, 1], [2, 1], [9, 5], [7, 2], [1, 5], [4, 4], [6, 4], [3, 0]]
2026-03-25 23:48:53,452 - INFO - episode:793 totalReward:-100 Actions:[[9, 5], [0, 3], [7, 4], [2, 1], [4, 4], [1, 1], [5, 5], [6, 0], [3, 2], [8, 0]]
2026-03-25 23:48:53,658 - INFO - episode:794 totalReward:-100 Actions:[[0, 3], [8, 2], [9, 0], [6, 0], [4, 4], [1, 5], [2, 0], [3, 2], [5, 4], [7, 5]]
2026-03-25 23:48:53,723 - INFO - episode:795 totalReward:107.88893148373036 Actions:[[5, 0], [2, 1], [8, 3], [3, 0], [9, 4], [4, 5], [0, 2], [1, 5], [6, 4], [7, 3]]
2026-03-25 23:48:53,832 - INFO - episode:796 totalReward:-100 Actions:[[2, 4], [5, 2], [6, 0], [4, 5], [7, 5], [8, 1], [9, 4], [0, 3], [1, 0], [3, 1]]
2026-03-25 23:48:53,892 - INFO - episode:797 totalReward:-100 Actions:[[2, 4], [6, 1], [9, 4], [1, 0], [7, 2], [3, 2], [5, 0], [4, 5], [8, 1], [0, 3]]
2026-03-25 23:48:53,931 - INFO - episode:798 totalReward:0 Actions:[[2, 4], [7, 4], [9, 5], [1, 3], [5, 5], [8, 1], [4, 2], [3, 0], [6, 2]]
2026-03-25 23:48:54,170 - INFO - episode:799 totalReward:-100 Actions:[[2, 4], [8, 3], [5, 5], [1, 3], [9, 5], [4, 1], [6, 1], [3, 0], [7, 4], [0, 2]]